:020000022000DC
:1070000000000420197202000172020049340300DA
:1070100005720200077202000972020000000000FF
:10702000000000000000000000000000B157030055
:107030000D72020000000000D1570300117202001F
:1070400089D102001372020045D8020025E902002E
:1070500039E902001372020069D70200F5DF02006D
:107060000DEC020025EC02003DEC02001372020060
:1070700013720200137202001372020013720200F4
:1070800013720200195A03001372020013720200F5
:107090001372020013720200651E030013720200D5
:1070A000137202001372020055EC02006DEC020034
:1070B000E1DE020013720200000000000000000088
:1070C0001372020013720200137202004DE90200F3
:1070D0001372020013720200137202001372020094
:1070E000137202001372020013720200000000000B
:1070F0000000000013720200000000001372020082
:10710000000000000000000000000000000000007F
:10711000000000000000000000000000000000006F
:10712000000000000000000000000000000000005F
:10713000000000000000000000000000000000004F
:10714000000000000000000000000000000000003F
:10715000000000000000000000000000000000002F
:10716000000000000000000000000000000000001F
:10717000000000000000000000000000000000000F
:1071800000000000000000000000000000000000FF
:1071900000000000000000000000000000000000EF
:1071A00000000000000000000000000000000000DF
:1071B00000000000000000000000000000000000CF
:1071C00000000000000000000000000000000000BF
:1071D00000000000000000000000000000000000AF
:1071E000000000000000000000000000000000009F
:1071F000000000000000000000000000000000008F
:10720000FEE7FEE7FEE7FEE7FEE7FEE7FEE7FEE756
:10721000FEE7FEE700F002B8FFF7FCBF0F484FF0B3
:107220000701884385460E4880470E48016841F4AF
:1072300070010160BFF34F8FBFF36F8F00F01AB87A
:1072400009480A490A4A884207D0521A05D00378E9
:1072500001300B700131013AF9D170470000042070
:10726000E995020088ED00E0B07D0300082B0020C6
:107270001C2B00203A493B480A1A02D007229143AE
:107280008D46394939480A1A06D00722914381F3BD
:107290000988022282F3148835483649364A00F0BC
:1072A00041F836483649374A00F03CF83648374905
:1072B000374A00F037F837483749384A00F032F893
:1072C00037483849384A00F02DF838483849394AA3
:1072D00000F028F838483949394A00F023F839488D
:1072E0003949002200F036F838483949002200F0C8
:1072F00031F838483849091A10F0DEFB374A904710
:1073000025482649884205D00268043003B49047D6
:1073100003BCF7E700208646EC4600200021304AF7
:107320009047FEE7884214D0521A12D003460B430E
:1073300013430324234206D1036804300B60043155
:10734000043AF9D17047037801300B700131013AEA
:10735000F9D17047884202D002700130FAE77047D5
:107360000000042000F80320000004200000042096
:1073700098E103001C2B00205C2B0020E47302002A
:10738000E4730200427C030098E103001C2B002000
:107390001C2B0020C47D0300C47D0300D47D0300AA
:1073A000C47D0300C47D0300C47D0300D47D0300BD
:1073B000D47D030097E10300D8E103005C2B00209B
:1073C0005C2B00205C2B0020E47F0020E47F002069
:1073D000E47F002054800020548400204172020089
:0473E000F97003003D
:1073E400BFF34F8F0549CA6802F4E062044B1343AC
:1073F400CB60BFF34F8F00BFFDE700BF00ED00E09F
:107404000400FA0510B5044600F05AFD22460D2189
:10741400012000F075FF10BD10B5044600F050FDCA
:1074240022460821012000F06BFF10BD10B5044670
:1074340000F046FD22460F21012000F061FF10BD3F
:1074440010B5044600F03CFD22460E21012000F058
:1074540057FF10BD08B500F033FD002210210120B4
:1074640000F064FF08BD08B500F02AFD00221121D8
:10747400012000F05BFF08BD08B501212F2001F0B9
:1074840062FC0021142001F05EFCFFF7A9FF00005C
:1074940038B5044603461F4A43F8142B43600023BF
:1074A4008360C3601C4B03611C4B03601C4D45612E
:1074B40080611C4BC3611C4B4361056240621B4BE2
:1074C40083621B4B03620CF01BFFE0622563646361
:1074D400184BA363184B23630CF012FFE06325647D
:1074E4006464164BA364164B2364E5642465154B4E
:1074F4006365154BE3640CF003FFA065E565246642
:10750400124B6366124BE3650CF0FAFEA06620464C
:1075140038BD00BF20DA0300D47D030070D9030016
:107524000CDA0300D87D030090D90300E87D030042
:107534007CD90300087E0300B8D90300F07D030062
:10754400E0D90300F87D0300CCD90300107E0300CA
:10755400A4D90300034600F114020848026003F1B1
:107564002002426003F13002826003F14002C260F3
:1075740003F14C0202615C33436170475C2B0020D1
:107584002DE9F04F8DB0059000F09AFC06AC674DE4
:107594000FCD0FC495E8030084E80300644C654BE9
:1075A400E41AE408240444F003046349204609F07F
:1075B400ADFF6249204609F0A9FF9DF818206049F3
:1075C400204609F0A9FF9DF819205E49204609F0DC
:1075D400A3FF9DF81A8042465B49204609F09CFFB0
:1075E4009DF81B609DF81C3032465849204609F02E
:1075F4009DFF9DF81D709DF81E303A465449204663
:1076040009F094FF5349204609F080FFBDF820207B
:107614005149204609F080FFBDF822204F492046F9
:1076240009F07AFFBDF824204D49204609F074FF83
:107634000A9D1FFA85FA4FEA154B5D465B46524692
:107644004849204609F072FF4749204609F05EFF89
:10765400DDF82C905FFA89F24449204609F05CFF7A
:10766400C9F307224249204609F056FFC9F30742ED
:107674004049204609F050FFB8F1010F14BF002320
:107684000123012E21D00022012F26D00021B8F1A0
:10769400010F05D1BAF57A7F27D2B5F57A7F26D2C4
:1076A400CDF808B0CDF804A000933B4632463249E9
:1076B400204609F062FF0DF0E1FF059A092102203E
:1076C40000F01EFE0DB0BDE8F08F41F203029245BA
:1076D40001D80022D8E70122D6E741F203018D4206
:1076E40001D80021D3E70121D1E7002AD8D0B5F58C
:1076F4007A7F01D30029D3D0CDF808B0CDF804A007
:1077040000933B4632461D49204609F036FF0DF0F2
:10771400B5FF059C22460B21022000F0F1FD224614
:107724000C21012000F0ECFDCCE700BFAC5500209B
:10773400107D0300C07C0300187E03003C7E030020
:10774400547E0300787E03009C7E0300C87E030001
:10775400007F0300387F03004C7F0300647F030035
:10776400787F03008C7F0300C07F0300D47F030075
:10777400EC7F03000880030024800300788003006A
:1077840010B5044600F09CFB2046FFF7F9FE2246A4
:107794000921012000F0B4FD10BD000010B50AF06D
:1077A400EFFE0446074A032100F0A4FD064A08211F
:1077B400204600F09FFD054A0721204600F09AFD6F
:1077C40010BD00BF09740200857702001D74020019
:1077D40010B50DF053FF0446044A052100F08AFD5C
:1077E400034A0D21204600F085FD10BD31740200CE
:1077F4004574020008B5FFF7D1FFFFF7E9FF01F078
:10780400A5F8254B1B68BFF35B8F13F0010F15D050
:10781400224B1B68BFF35B8F13F0010F1DD0204B6D
:107824001B68BFF35B8F13F0010F25D001F01EFB23
:1078340001F0E0FA014601F024FC08BD164810F0FE
:10784400E1F90028E4D00023164A1321164801F078
:1078540033F8114810F0EAF9DAE7104810F0D2F9D9
:107864000028DCD00023114A0D21114801F024F82E
:107874000A4810F0DBF9D2E7094810F0C3F90028F0
:10788400D4D000230B4A11210B4801F015F8044809
:1078940010F0CCF9CAE700BF942B0020842B002001
:1078A400742B002059740200982B00206B74020082
:1078B400882B00207D740200782B002010B504462C
:1078C4000BF05CFA00220321042000F019FD0D4B9B
:1078D4000D4A9B1ADB081B040C4943F0030009F012
:1078E40015FE01F087FA012101F0F3FB0DF0C6FE4D
:1078F40000220321022000F003FDE0680CF078FE72
:1079040010BD00BF107D0300C07C0300CC800300C9
:1079140008B50AF035FE00220621032000F0F0FC31
:107924000DF0ACFE00220721022000F0E9FC01F07A
:1079340061FA002101F0CDFB08BD70B50C46466824
:107944003046FFF707FE0546A1B203390F290DD8CB
:10795400DFE801F0170C0C0C0C1C0C0C0C0D0C24A7
:107964000C082E29C168304600F031FD70BD01F0CD
:1079740041FA012101F0D6FBE968304600F027FD09
:10798400F4E7C168304600F022FDEFE70AF0F8FDA5
:1079940000220421032000F0B3FCE7E7C16830466D
:1079A40000F015FDE2E74169304600F010FDDDE727
:1079B40001F0D6F801F0EEF80028D7D101F0D0F8A4
:1079C40001F0EAF8D2E7704708B51048104BC01A26
:1079D400C00800040F4940F0030009F097FD0AF0C5
:1079E400CFFD00220221032000F08AFC0DF046FEA8
:1079F40000220221084600F083FC0BF0BFF90022AC
:107A04000221042000F07CFC08BD00BF107D0300AF
:107A1400C07C0300E880030038B50C46456828465E
:107A2400FFF798FDA1B20D290BD011290DD101F05A
:107A340097F801F0AFF840B901F092F801F0ACF812
:107A440003E0C168284600F0C2FC38BD10B50BF055
:107A540013FF0BF093F900220321042000F050FCE3
:107A64000AF08EFD00220421032000F049FC0DF0F1
:107A740005FE00221121022000F042FC01F0BAF9B7
:107A8400044605230022014601F072FA21462046ED
:107A940001F0D4FA0548064BC01AC0080004054991
:107AA40040F0020009F032FD10BD00BF107D03005C
:107AB400C07C03001881030070B50C46466830464C
:107AC400FFF748FDA1B203390E2918D8DFE801F009
:107AD4000817171717231717172B1717171833001B
:107AE40005461A481A4BC01AC0080004194940F048
:107AF400020009F00BFDE968304600F068FC70BD37
:107B04001248134BC01AC0080004134940F0020085
:107B140009F0FCFCF3E70AF033FD00220421032002
:107B240000F0EEFBEBE70AF02BFD0022042103201A
:107B340000F0E6FBE3E701F013F801F02BF800286E
:107B4400DDD101F00DF801F027F8D8E7107D03002E
:107B5400C07C0300648103009481030010B50446D3
:107B64000BF04CFDE0680CF07DFD0DF087FD00226C
:107B74000721022000F0C4FB0AF002FD00220621C6
:107B8400032000F0BDFB0BF0F9F8002204210846A5
:107B940000F0B6FB01F02EF9014601F072FA10BDB7
:107BA40008B50AF0EDFC00220421032000F0A8FB34
:107BB40001F020F9012101F078FA08BDF8B5054675
:107BC4000C4647683846FFF7C5FC06461B4B1C4A63
:107BD4009B1ADB081B0422461A4943F0030009F0F0
:107BE4009BFCA4B2083C0A2C0ED8DFE804F0060E75
:107BF4000D0D0D0D0D0D0D1B1600E8680CF032FD7A
:107C04003169384600F0E3FBF8BDE8680CF0F0FC9D
:107C14007168384600F0DBFBF6E77169384600F01E
:107C2400D6FBF1E700F09CFF00F0B4FF0028EBD195
:107C340000F096FF00F0B0FFE6E700BF107D030000
:107C4400C07C0300E481030008B50DF017FD002299
:107C54000321022000F054FB01F0CCF8002101F0D4
:107C640024FA08BD08B542F210700AF039FB01F09D
:107C7400C1F8002101F041FA08BD000008B50F4821
:107C84000AF02EFB0AF07CFC00220421032000F001
:107C940037FB0DF0F3FC00220C21022000F030FB36
:107CA4000BF06CF800220321042000F029FB01F002
:107CB400A1F8012101F021FA08BD00BF70F305000D
:107CC400F8B505460C4647683846FFF743FC0646B8
:107CD400A1B208390A2923D8DFE801F006232222B9
:107CE40022222B2222433E000AF04AFC00220621D3
:107CF400032000F005FBE8680CF0B4FC0DF0BEFCBA
:107D040000220721022000F0FBFA0BF037F80022D2
:107D14000421084600F0F4FAF168384600F057FBF5
:107D2400F8BDE8680CF064FC7168384600F04FFB5D
:107D3400F6E70DF0A3FC00220721022000F0E0FA90
:107D44000BF01CF800220421084600F0D9FAF1686F
:107D5400384600F03CFBE3E74169384600F037FB66
:107D6400DEE700F0FDFE00F015FF0028D8D100F09A
:107D7400F7FE00F011FFD3E7704738B50C464568AD
:107D84002846FFF7E7FBA1B211290DD0122906D02E
:107D9400102903D18168284600F019FB38BD4169D8
:107DA400284600F014FBF9E700F0DAFE00F0F2FEDA
:107DB4000028F3D100F0D4FE00F0EEFEEEE708B5A3
:107DC40001F018F8014601F05CF908BD38B50C461D
:107DD400154600F075F82A46214600F6EC1000F02E
:107DE400EEFA38BD10B5044600F070FA014B23607A
:107DF400204610BDF4D9030038B51B4D2A68013262
:107E04002A601A4C1A4BE41AE408240444F00304CC
:107E14001849204609F080FB28680BF06BFA2A68A1
:107E2400154BA3FB0213DB0803EB4303B2EB830FF5
:107E340016D00CF065FA05460CF04CFBB5F904209D
:107E44000E49204609F068FB0AF0C2FD05460AF017
:107E5400DBFEB5F900200A49204609F05DFB38BD78
:107E64000BF056FAE5E700BFA42B0020107D0300B9
:107E7400C07C03000C820300ABAAAAAA20820300E0
:107E84004482030010B582B0044600F024F904F5DE
:107E94001960FFF7A7FF04F6EC10FFF7F9FA064B99
:107EA4000093012341F28832044904F6582000F07B
:107EB400B9FA204602B010BDFD7D020064820300C1
:107EC40008B50A4B1B68BFF35B8F13F0010F01D099
:107ED400074808BD05480FF095FE0028F8D004486F
:107EE400FFF7D0FF01480FF0A1FEF1E7A82B002017
:107EF400AC2B002010B582B0044600F0C1F90BF0A1
:107F04004FF9194A0421204600F00EF922460121B6
:107F140004F5196000F0E2F90AF030FF0AF048FFB6
:107F24000DF0ACFB0DF0C4FB0AF02AFB0AF042FB97
:107F340004F6EC1000F05FFA04F6582000F08CFA16
:107F44000BF0DEFA09480A4BC01AC0080004094BBA
:107F54000193002200920123074940F0030009F035
:107F6400FDFA02B010BD00BF74820300107D03004F
:107F7400C07C0300B48203008882030008B500F0CB
:107F84004FF908BD032824D8012A06D001290CD0B2
:107F9400022910D0B1B107207047012901D0002275
:107FA400F4E700F10E02D2B2F0E700EB40000A4B16
:107FB4001A540020704700EB4000074B03445A70EA
:107FC4000020704700EB4000034B03449A700020EC
:107FD40070470720704700BF3836002008B50122DB
:107FE40000210846FFF7CEFF10B10346072812D13F
:107FF400072202210120FFF7C5FF034608B1072825
:1080040009D1042202210020FFF7BCFF034610B16E
:10801400072800D10023184608BD08B50122022113
:108024000020FFF7AFFF10B10346072812D1072243
:1080340002210120FFF7A6FF034608B1072809D152
:108044000A2200210846FFF79DFF034610B10728C6
:1080540000D10023184608BD08B50388102B0ED0A4
:10806400112B13D10F4A1368013B136073B9FFF747
:10807400D4FF58B10C4B1B6843B1984706E0094B39
:108084001B6823B1074A13680133136008BDFFF767
:10809400A5FF0028F6D0044B1B68002BF2D09847AC
:1080A400F0E700BF443600204836002010B584B005
:1080B40004464FF0FF3201A9D4F8F4080DF040FF54
:1080C4000128F6D101980028F3D003681B68039AAD
:1080D40002999847EDE738B504460025C0F8F058F2
:1080E400C0F8F4585022294600F6F8000FF05AFD63
:1080F4004822294604F648100FF054FD204638BDA6
:10810400014B1878704700BF4C360020044B1B7895
:10811400834203D9034B53F8200070470020704773
:108124004C3600205036002010B584B004460B466F
:10813400114600F1F00200F6F8000290019200935B
:1081440023464FF400720F480EF07AF9C4F8F00891
:108154000023009304F6481322460C2114200DF04A
:108164009BFDC4F8F408D4F8F0284AB1064B1B78F8
:10817400072B05D8054941F823200133024A13701F
:1081840004B010BDB18002004C36002050360020EF
:1081940000B585B001910292039300231A4601A908
:1081A400D0F8F4080DF0B8FD05B05DF804FB00004C
:1081B40000B585B0019102920393002300936A46AF
:1081C40001A9D0F8F4080DF05FFE009B43B1064B03
:1081D4004FF080525A6040BFBFF34F8FBFF36F8F91
:1081E40005B05DF804FB00BF00ED00E0704700003F
:1081F400034B0360034B0B6080231360704700BF85
:10820400C0400020C03E0020034B0360034B0B60C2
:108214004FF4007313607047703E002070360020E6
:1082240008B50EF04FF9FEE710B50E4C0E4BE41AEC
:10823400E40824040D4944F0020009F067F94FF4FE
:108244000041002008F03AFF08F032FE44F0030435
:108254000749204609F05AF90649204609F056F91B
:1082640010BD00BF107D0300C07C0300C482030066
:10827400E48203000483030008B504F079FD08BD1B
:1082840030B589B0FFF7F8FFFFF7CEFF0024DCB16B
:1082940009B030BD04F01F0343EA451302930023E1
:1082A40003930122049205930693079308AB13E901
:1082B40003008DE8030002AB0FCB00F065FD013530
:1082C400002DE7D00134E2E72546F9E7024A0260CF
:1082D400002202718260704700DA03004B1EDBB299
:1082E400092B04D80171024B43F8210082607047C6
:1082F40010410020023100EB810042607047000011
:1083040000F1FF3C5FFA8CFCBCF1090F00D9704707
:1083140008B5054B53F8200013460A460146806809
:10832400FFF736FF08BD00BF1041002000F1FF3CFD
:108334005FFA8CFCBCF1090F00D9704708B5054BF6
:1083440053F8200013460A4601468068FFF730FFC1
:1083540008BD00BF1041002038B505460C468B1CF3
:1083640000EB83035B688BB1002098470E4B0F4AE8
:10837400A3EB020C4FEADC0C4FEA0C4C2B7922469F
:108384000B494CF0040009F0D1F838BD0648074BFE
:10839400C01AC00800042B790A46064940F00400BC
:1083A40009F0C4F8F1E700BF107D0300C07C0300AE
:1083B4001883030044830300704770477047406884
:1083C40020B108B503689B68984708BD704738B565
:1083D40004460D46406803685B6898476368A36079
:1083E40065602B681B682846984738BDC06800380C
:1083F40018BF0120704710B5044603681B689847EE
:108404002046FFF7F3FF20B1E368A3606360002315
:10841400E360606803681B68984710BD4368986808
:108424007047000030B583B00446084611461A462A
:10843400069B63608902074DA5FB015104F1080501
:1084440001950093002389090EF022FC2060204648
:1084540003B030BDD34D621030B583B0056865B14B
:108464000EF07EF80246002400942346012128469B
:108474000EF03AFC204603B030BD0120FBE70000BB
:1084840030B583B005460068B8B189020C4BA3FB34
:108494000132002400942346920904210EF024FCA6
:1084A4002D680EF05DF8024600942346012128460B
:1084B4000EF01AFC204603B030BD0120FBE700BFDC
:1084C400D34D6210006850B100B583B00022009211
:1084D400134603210EF008FC03B05DF804FB70475B
:1084E40030B583B005460068B8B189020C4BA3FBD4
:1084F4000132002400942346920909210EF0F4FB72
:108504002D680EF033F802460094234606212846CF
:108514000EF0EAFB204603B030BD0120FBE700BFAC
:10852400D34D6210006850B100B583B000220092B0
:10853400134608210EF0D8FB03B05DF804FB704726
:108544007047000010B503681B681878044C0138A4
:108554002146C0B205F0EAFEB4F9000010BD00BF28
:108564004241002030B589B001900C460178254B7A
:1085740000221A705A709A70DA70022018715A71B7
:108584009A71D9711A722049204805F009FE58B928
:10859400019B187801381B49C0B205F063FE40B94D
:1085A40001AB029303AD0EE0194A262106F068FBE5
:1085B400EEE7174A272106F063FBF1E702A8FFF76D
:1085C400C1FF25F8020B08AB9D42F7D1002303AA93
:1085D40002E032F9021B0B4408A98A42F9D10D4A80
:1085E40082FB0312DB17C3EBA2031BB2C3EB03131F
:1085F400C3EB03139B09238005F0F6FF002009B0A9
:1086040030BD00BF384100204585020024DA030054
:10861400708303006766666608B5094B1B68BFF381
:108624005B8F13F0010F01D0064808BD04480FF01A
:10863400E9FA0028F8D002480FF0F8FAF4E700BF8E
:10864400484100204C41002030B583B00446002549
:1086540040F8045B074A00942B4606CA00F0F6FD76
:108664002022294604F144000FF09CFA204603B06E
:1086740030BD00BF28DA030010B51048104BC01AF3
:10868400C00800040F4940F0030008F03FFFFFF763
:10869400C3FF0D4C21460D48FFF764FF0AF098F91B
:1086A400B4F9003040F2145202FB03F3084A82FB8F
:1086B4000312DB17C3EBA213038010BD107D03006C
:1086C400C07C0300CC830300444100201C2B002009
:1086D400D34D621008B5FFF7CFFF08BD08B5027887
:1086E400094B1A70094A5A60436843B19969116089
:1086F4009B8B9380064B1B680348984708BD034B2C
:1087040000221A609A80F5E7584100205041002069
:10871400704100207047000008B50A480A4BC01A8F
:10872400C0080004094940F0030008F0EFFE0848BF
:1087340002F0BEFC00B908BD064A2E2106F0A0FADC
:10874400F9E700BF107D0300C07C0300EC83030045
:1087540074410020FC83030008B502F0C1FB08BD8E
:1087640000B583B009F0D6FA68B90023019301A9D2
:10877400012009F0C5FB58B901A809F08FFC60B9C4
:1087840003B05DF804FB074A3B2106F079FAECE7F5
:10879400044A3F2106F074FAEEE7024A422106F049
:1087A4006FFAEDE7FC830300084B4FF4FA725A802A
:1087B4004FF47A729A800022DA80197862F3820187
:1087C4001970C9B262F3C401197070476041002086
:1087D40000B585B000230093019302930393084BE3
:1087E4000093084A6946084802F021FC10B905B014
:1087F4005DF804FB054A5C2106F042FAF7E700BF86
:1088040060410020E186020074410020FC830300E3
:1088140008B5044B1860FFF7A3FFFFF7C5FFFFF788
:10882400D7FF08BD7041002038B50446002313E08B
:108834001B4B53F825309B6803B1984719481A4BD2
:10884400C01AC00800042246184940F0030008F08A
:1088540063FE24E00133DBB2154A12789A421ED932
:108864001D460F4A52F82320002AF3D01268A24270
:10887400F0D1204604F062FF0028D9D1084B53F808
:1088840025305B6803B198470648074BC01AC008F7
:1088940000042246074940F0030008F03DFE38BDBD
:1088A400E0410020107D0300C07C03006C840300C1
:1088B400DC4100205884030030B583B004460160D5
:1088C40042608360194B1B78022B23D80D46184B4A
:1088D4001B68ADF804301B0C8DF8063003238DF8AB
:1088E4000530144A01A9284604F06AFE68B901213A
:1088F400284604F0BDFE0D4A1378591C11700E4A27
:1089040042F82340204603B030BD0C4A242106F02F
:10891400B7F9ECE70A480B4BC01AC008000403225D
:10892400094940F0010008F0F7FDEBE7DC410020C5
:1089340030DA03002D880200E04100208084030027
:10894400107D0300C07C0300E084030008B500F040
:10895400E7F908BD10B50446054B0360054B0360F9
:10896400054B1B684360083000F068F8204610BDD2
:108974003CDA03004CDA030054DA03000804034B26
:10898400A3FB0030C0F30F30704700BF5917B7D1B5
:1089940008B50A430221083000F098F808BD08B56C
:1089A40000220321083000F091F808BD08B50A43FD
:1089B4000421083000F08AF808BD08B50A22052110
:1089C400083000F083F808BD10B50446FFF7F5FF42
:1089D4004FF4704211462046FFF7DAFF2046FFF7B6
:1089E400DEFF0F2200212046FFF7E0FF10BD022921
:1089F40005D0032905D0012905D108207047092095
:108A040070470A2070470720704738B5044615465A
:108A1400FFF7EDFF01462A4604F1080000F056F87E
:108A240038BD38B504460D461146FFF7A7FF024688
:108A340029462046FFF7E9FF38BD000030B58FB066
:108A44000446174B844693E80700ACE803002CF86F
:108A5400022B120C8CF80020012284F84C220DF118
:108A64001C0E03F10C0CBCE80F00AEE80F009CE8F0
:108A740007008EE8070004F10C05002304930EABF5
:108A840013E90F008DE80F0007AB0ECB284600F06A
:108A940075FB284600F066FB20460FB030BD00BFD2
:108AA40058DA030023B90170130A437082707047C7
:108AB400012BF9D141F080010170F5E703780B70C7
:108AC40043784B7083788B707047000010B582B088
:108AD40004460023415C01A8FFF7E4FF694601A8AE
:108AE400FFF7ECFF00210B2000F02DF9032269466B
:108AF40004F10C0000F08EFB044601210B2000F071
:108B040022F90CB902B010BD0548064BC01AC008C2
:108B14000004054940F0010008F0F8FCF2E700BF4A
:108B2400107D0300C07C030004850300BFF34F8F56
:108B34000549CA6802F4E062044B1343CB60BFF3F7
:108B44004F8F00BFFDE700BF00ED00E00400FA0511
:108B54003CDF70473DDF7047002202707047000021
:108B640008B50A4B1B68BFF35B8F13F0010F01D0EC
:108B7400074808BD05480FF045F80028F8D0044818
:108B8400FFF7EAFF01480FF051F8F1E7EC4100204C
:108B9400F04100200078704770B50646164C174B1C
:108BA400E41AE408240444F002051549284608F0B0
:108BB400ADFC4FF0FF310020FFF7CCFF60B9B121CD
:108BC4000020FFF7C5FF024668B10E4944F00100DA
:108BD40008F0A2FC002070BD02460B4944F00100DD
:108BE40008F09AFCF6E7012333700849284608F098
:108BF4008DFCFFF79BFF00BF107D0300C07C0300CA
:108C040024850300708503005085030090850300CC
:108C140010B5044603685A0904D0012A13D14FF64B
:108C2400FF7201E04FF0FF3203F01F0322FA03F357
:108C340013F0010F09D023681F2B0CD903F01F0375
:108C44002360064810BD0022EEE705494FF4F67094
:108C540007F02AF8EFE74FF0A040F3E700030050D5
:108C6400AC85030000B583B0019001A8FFF7D0FFE5
:108C7400D0F81005019BD84000F0010003B05DF866
:108C840004FB00B583B0019001A8FFF7C1FF0123E5
:108C9400019A9340C0F80C3503B05DF804FB00B5AD
:108CA40083B0019001A8FFF7B3FF0123019A934019
:108CB400C0F8083503B05DF804FB08B511B9FFF737
:108CC400E0FF08BDFFF7EBFFFBE770B582B0019052
:108CD4000C4616461D4601A8FFF79AFF44EA4604CF
:108CE40044EA85049DF8183044EA03249DF81C30B6
:108CF40044EA0344019B03F5E07340F8234002B0C7
:108D040070BD00B583B0019001A8FFF781FF019BFE
:108D140003F5E073022240F8232003B05DF804FB5E
:108D240008B5054B1B7803B908BD04F007FC024BDA
:108D340000221A70F8E700BF1D2B002008B5FFF7CA
:108D440091FFC0B208BD08B5FFF7B7FF08BD00002A
:108D540000B5064B01EB410C03EB8C0E43F82C00E1
:108D6400CEF804108EF808205DF804FBF4410020CE
:108D740008B500EB4000034B53F82030984700201F
:108D840008BD00BFF441002084B010B582B004AC2B
:108D940084E80F000446FFF7B4FF9DF820309DF8E7
:108DA4002420019200939DF81C309DF818209DF812
:108DB40014102046FFF789FF02B0BDE8104004B04C
:108DC400704730B583B004460D4601920A46014609
:108DD4001846FFF7BDFF29462046FFF7C9FF0246A4
:108DE40001A9204604F0ECFB0121204604F040FCDC
:108DF40003B030BD00487047D8430020642242705D
:108E040000228270014941600272704700C0014033
:108E140008B50248FFF7F2FF08BD00BFD8430020A1
:108E240030B58DB00546104C0DF1180CA646BEE8C1
:108E34000F00ACE80F009EE803008CE803008DE807
:108E4400030006AB0FCBFFF79FFF0DF10C0C04F1F1
:108E5400180393E807008CE8070000226146281DE8
:108E640004F016FF0DB030BD88DA030008B5064BD8
:108E74001B7803B108BDFFF7BDFFFFF7D1FF024B1D
:108E840001221A70F6E700BFD4430020F0B583B086
:108E940007EE903A4B7806EE903AF8EE666A9FED4C
:108EA400326A86EE867AF8EEE77A67EE877AFCEE27
:108EB400E77ACDED017A9DF804509DF8203007EE55
:108EC400903AF8EEE77A67EE877AFCEEE77ACDED32
:108ED400017A9DF804409DF8243007EE903AF8EEAC
:108EE400E77A67EE877AFCEEE77ACDED017A9DF8B2
:108EF40004E000210EE048F2070715E048F20707F6
:108F040022E048F2070C10331844184B23F810C021
:108F14000131C9B2072925D80B4604FA01F010F033
:108F2400800FE8D048F20D0702EB420C4FEACC0068
:108F340003EBCC0C0D4E26F81C7005FA03F616F064
:108F4400800FDBD048F20D0703F1080C8444074E70
:108F540026F81C700EFA03FC1CF0800FD1D048F2E6
:108F64000D0CD0E703B0F0BD0000C842E44300207C
:108F740010B582B0062B0BD8DFE803F0040C131AEB
:108F840021282F000023019300936423FFF77EFF21
:108F940002B010BD0023019364240094FFF776FF10
:108FA400F6E76423019300230093FFF76FFFEFE7D5
:108FB4000023019364230093FFF768FFE8E7642329
:108FC400019300240094FFF761FFE1E76423019318
:108FD40000930023FFF75AFFDAE764230193009319
:108FE400FFF754FFD4E7000030B585B005460023F1
:108FF40000930193029303930E4B00934823ADF81F
:10900400043003E00121204604F03EFF2C1D2046DD
:1090140004F014FF0028F5D001231A4669462046BF
:1090240004F0B6FE4FF49650034B43F00103984707
:1090340005B030BDE443002080DA030008B5012305
:109044008B70FFF7D1FF08BD70B582B005460E46A0
:1090540000240194009423462246FFF717FF01944D
:1090640000942346012231462846FFF70FFF01945E
:1090740000942346022231462846FFF707FF02B038
:1090840070BD10B5044600228A70FFF7DDFF20464C
:10909400FFF7AAFF10BD00B583B00023019300932E
:1090A400FFF7F4FE03B05DF804FB10B50446642337
:1090B400437049B1022300220146FFF759FF2146BC
:1090C4002046FFF7BBFF10BD00220146FFF7E3FF78
:1090D400F5E710B504466423437049B10323002225
:1090E4000146FFF745FF21462046FFF7A7FF10BDC5
:1090F40000220146FFF7CFFFF5E710B504466423CD
:10910400437049B1062300220146FFF731FF21468F
:109114002046FFF793FF10BD00220146FFF7BBFF77
:10912400F5E7000010B504466423437079B10123C8
:109134001A460146FFF71CFF21462046FFF77EFF33
:109144004FF4C850044B43F00103984710BD01226B
:109154000146FFF7A0FFEFE780DA030008B5FFF749
:1091640057FE08BD08B500231A4600F12C011C3037
:1091740003F000FF00B908BD0120FCE784B070B41F
:10918400844604A880E80E000B9B43B1012B0CD14C
:109194000CF11C041D4B0FCB84E80F0005E01C4BA5
:1091A4000CF11C040FCB84E80F00079ECCF80C6074
:1091B400049DCCF800509DF818308CF80830059CBC
:1091C400CCF804400998CCF81400089ACCF8102084
:1091D4000A99CCF818108CF83960CCF834508CF813
:1091E40038408CF82D008CF82E108CF82C208CF83C
:1091F4002F30FF238CF8313006238CF830300123D4
:109204008CF84032002070BC04B07047C4DA03000C
:10921400B4DA030070B584B00546144600F59F76B1
:1092240030460EF08DFCE4B205F13C030096019447
:10923400029303940022694605F1200005F048FCDE
:1092440008B904B070BD0120FBE7000010B582B07E
:109254008646684680E8060003C88EE80500CEF816
:1092640008300EF1180C0E4C0FCCACE80F000FCCEC
:10927400ACE80F0094E803008CE80300049BCEF8EC
:1092840014309DF8053003330EF10C020EEBC303CA
:1092940093E8030082E80300704602B010BD00BFEB
:1092A400D4DA030008B500212F20FFF74CFD08BDD8
:1092B40008B501212F20FFF746FD08BD70470C209B
:1092C4007047000008B541F28733994234DC41F21B
:1092D400883303FB01F05B1A90FBF3F007EE900A6E
:1092E400F8EEE77A17EE900A0EF0CAFB18A3D3E95A
:1092F40000230EF0ABFA41EC100B0DF043FF51ECE0
:10930400100B0EF085FB0F4B03FB00F00E4A82FBA3
:109314000031C317C3EBA11303F698530B4890FB1A
:10932400F3F0A0F58520A0F2FE2082FB0032C017E6
:10933400C0EBA21000B208BD6FF48870FBE700BF59
:10934400AFF30080A68C0400D34D621090F0D73D9B
:10935400000000000088B34070B50546FFF75CF9D3
:10936400074E31460748FFF7FDF80AF0C9FF0446E7
:10937400B6F9001041802846FFF7A4FFA08070BD15
:1093840074440020202B002008B5FFF7E5FF08BD3A
:109394000020704708B540F2DC520321FFF741FB7F
:1093A40008BD08B500220221FFF73BFB08BD08B544
:1093B4000A460121FFF735FB08BD08B50C2904D97D
:1093C4004FF4C861FFF7F3FF08BD01EB810101EB26
:1093D4008101890001F5C87189B2FFF7E8FFF3E75D
:1093E40008B564220021FFF71CFB08BD10B5044634
:1093F400FFF7D0FF2046FFF7D4FF4FF4C871204693
:10940400FFF7D5FF2046FFF7EBFF10BD08B5FFF7C8
:10941400DBFA08BD30B583B00446FFF79BFA20257C
:109424002A46002104F516700EF0BCFB2A460021E2
:1094340004F51E700EF0B6FB0025A4F89852A4F8AB
:109444009A520C4A00942B4606CA04F52770FFF77B
:10945400FDFE094A00942B4606CA04F53770FFF74F
:10946400F5FE2046FFF7D2FF2046FFF7BFFF204658
:1094740003B030BD0CDB030004DB0300BFF34F8FEC
:109484000549CA6802F4E062044B1343CB60BFF39E
:109494004F8F00BFFDE700BF00ED00E00400FA05B8
:1094A4004FF08053D3F83031082B01D0002070479F
:1094B400012070474FF08053D3F83031082B01D08E
:1094C40000207047012070474FF08053D3F83021BB
:1094D400D3F83431082A01D000207047002B04D877
:1094E400DFE803F0010001207047002070474FF0CF
:1094F4008053D3F83021D3F83431082A01D0002026
:109504007047002B04D8DFE803F001000120704706
:10951400002070474FF08053D3F83021D3F8343112
:10952400082A01D000207047002B04D8DFE803F09C
:10953400010001207047002070474FF08053D3F89A
:109544003021D3F83431082A01D000207047002B91
:1095540004D8DFE803F001000120704700207047C1
:109564004FF08053D3F83031082B01D000207047DE
:10957400012070474FF08053D3F83021D3F83431B1
:10958400082A01D000207047032B01D8002070471F
:109594000120704708B5FFF7EDFF38B14FF01023F5
:1095A400D3F808224FF08043C3F8582508BD0000C3
:1095B400024BD3F80034002BFAD0704700E001408E
:1095C40008B5034BC3F80405FFF7F2FF08BD00BF5D
:1095D40000E00140014B024A1A607047242B00202E
:1095E4000090D00338B5FFF75BFF40B14FF08043E4
:1095F4000022C3F80C21C3F81021C3F83825FFF763
:1096040059FF002846D04FF08052D2F80414554B2D
:10961400C3F82015D2F80814C3F82415D2F80C1492
:10962400C3F82815D2F81014C3F82C15D2F8141462
:10963400C3F83015D2F81814C3F83415D2F81C1432
:10964400C3F84015D2F82014C3F84415D2F82414F2
:10965400C3F84815D2F82814C3F84C15D2F82C14C2
:10966400C3F85015D2F83014C3F85415D2F8341492
:10967400C3F86015D2F83814C3F86415D2F83C1452
:10968400C3F86815D2F84014C3F86C15D2F8442412
:10969400C3F87025FFF718FF18B1334B334AC3F8EA
:1096A4008C26FFF724FF18B1314BFB22C3F8182591
:1096B400FFF730FF70B14FF08041D1F8E43E23F062
:1096C4000F034FF08052D2F8582202F00F021343D6
:1096D400C1F8E43EFFF731FF20B1264B4FF400728E
:1096E400C3F84026FFF73CFF60B14FF08043D3F846
:1096F400003413F0010F05D04FF080436FF00102E6
:10970400C3F800241C4AD2F8883043F47003C2F82A
:109714008830BFF34F8FBFF36F8FFFF73BFF4FF0DE
:109724001023D3F80032002B08DB4FF01023D3F8BA
:109734000432002B02DBFFF74DFF38BD0120FFF799
:109744003FFF4FF010241225C4F80052FFF730FFFA
:10975400C4F80452FFF72CFF0020FFF731FFFFF796
:109764008DFE00BF00C0004000500040488103004F
:1097740000F000400090024000ED00E048B300B566
:10978400864642B34FF0000C06E01EF80C0060441D
:1097940080B201301FFA80FC0CF10100884207DA24
:1097A40010886045F1D80EEB0C0040789842ECD15B
:1097B4008C4512D20CF102039BB21EF80C0078B156
:1097C400013880B250B103EB000C61450ADB138011
:1097D40004E000207047002000E000205DF804FB56
:1097E4000020FBE70020F9E770B582B00023ADF854
:1097F4000630DAB10446164609230DF10602FFF7D6
:10980400BDFF0546BDF806301C448BB198B1304607
:109814000EF07FF9A84201D000200AE02A46214632
:1098240030460EF053F940B1002002E0002000E081
:10983400002002B070BD0020FBE70120F9E7000022
:1098440000230BB10020704703EB8302054931F874
:109854002220824201D00133F3E703EB830301EBBF
:10986400830070479C44002030B5B0F804C002EB7C
:109874000C04944594BFACEB0C0CACEB020CC2880A
:109884009D189A4294BF921AD21A4B88B0F800E0FD
:1098940073450ED3408883420DD88B8863450CD31F
:1098A400A3420CD8CB8893420BD3AB420BD80120F4
:1098B40000E0002030BD0020FCE70020FAE7002093
:1098C400F8E70020F6E70020F4E7000008B5024BB3
:1098D4009B6903B1984708BD8044002010B5808877
:1098E400FFF7AEFF38B10446406805F02FFA18B907
:1098F4004FF6FF73238010BDFFF7E8FFF8E7000081
:1099040000B583B002460B46497A69B9197A41B960
:109914000D494968586805F0C1F988B1FFF7D6FFC9
:109924000EE009498968F5E700211972064B5B6965
:1099340033B101218DF80410ADF8060001A8984751
:1099440003B05DF804FB00BF8044002070B5C37B06
:109954008688012B1DD104464FF6FF70FFF770FF78
:109964000546B8B10680002303720F4B03CBC5F83C
:109974000A00C5F80E104FF6FF7340F2F31204F11B
:10998400100105F10A00FFF76FFF6872074BDB89CE
:1099940023B170BD0420FFF799FFFAE7294630464A
:1099A400FFF7AEFFF5E700BF7844002080440020B5
:1099B40070B5044686883046FFF742FF70B105460D
:1099C4004FF6FF7340F2F31204F108010A30FFF777
:1099D4004BFF687229463046FFF792FF70BD0000C6
:1099E400C288124BDB899A4200D0704770B5044696
:1099F400038A022B00D070BD85882846FFF720FF1C
:109A040006460028F7D004F1120000F0C9F920B18D
:109A140031462846FFF774FFEDE7706805F096F9C4
:109A24000028E8D0FFF752FFE5E700BF804400209C
:109A340008B50388122B0FD006D8102B09D0112B90
:109A440009D1FFF74BFF06E0502B04D1FFF7C8FF05
:109A540001E0FFF77BFF08BDFFF7AAFFFBE700006B
:109A640008B50146014806F0DBF908BDB044002002
:109A7400F0B583B00190B9B116460F46019D85B982
:109A8400284603B0F0BD0134132CF9D8214601A8AF
:109A940006F0C6F90028F6D03146A0B2B847013521
:109AA400F1E700242546EFE70025E9E7132801D96B
:109AB4000020704738B50446054D0146284606F097
:109AC40088F92146281F06F084F9012038BD00BF1B
:109AD400B844002038B50546002407E0054800EBEB
:109AE40084002946043006F08EF901341D2CF5D982
:109AF40038BD00BFB044002008B50146014806F057
:109B040082F908BDB844002008B512B106F061F925
:109B140008BD06F078F9FBE730B583B0054601913E
:109B240000230360019B93B9284603B030BD013480
:109B3400132CF9D8214601A806F072F90028F6D0B2
:109B44002B685A1C2A6005EB43039C80EFE7002432
:109B5400EEE7000010B598B0134A9368DB431793FF
:109B6400516817A806F0C4F917996846FFF7D4FF9F
:109B74000DF1300C6C460FCCACE80F000FCCACE808
:109B84000F0094E807008CE80700002407E018ABF6
:109B940003EB440333F82C0CFFF79CFF01340C9BBC
:109BA400A342F4D818B010BDB044002070B50446E8
:109BB40085880388103B0A2B1ED8DFE803F0061AB9
:109BC4001D1D1D1D1D1D1D3B1E00FFF7C3FF284647
:109BD400FFF76CFF38B1E37B022B0DD129461B48FC
:109BE40006F0F7F808E01A4AF021042005F048F8D6
:109BF40002E02846FFF780FF70BD027A1609154C73
:109C04003F2A94BF0022012229462046FFF77CFF09
:109C1400022E94BF002201222946201FFFF774FF61
:109C2400012E94BF002201222946A4F10800FFF767
:109C34006BFFE1E7037A002BDED1427AC2F3C00264
:109C440029460448FFF760FFD6E700BFBC44002064
:109C5400FC850300C8440020132801D90020704764
:109C640008B50146014806F0DBF808BDB4440020FD
:109C740010B50446FFF7F0FF08B9002010BD2146D7
:109C8400034806F0CDF808B90120F7E70220F5E70C
:109C9400BC44002010B50446FFF7DEFF08B90020DD
:109CA40010BD2146034806F0BBF808B90120F7E7C8
:109CB4000220F5E7B844002010B50446FFF7CCFFB6
:109CC40000B910BD2146024806F0AAF8F9E700BF22
:109CD400C044002010B50446FFF7BEFF00B910BD14
:109CE4002146024806F09CF8F9E700BFC44400206E
:109CF40010B50446FFF7B0FF00B910BD2146024875
:109D040006F08EF8F9E700BFC844002038B50546D0
:109D14000C460846FFF7A4FE08B9002038BD2846C3
:109D2400FFF79AFF0028F8D00634044800EB8400BB
:109D34002946043006F074F8F0E700BFB044002070
:109D440070B506460C4615460846FFF789FE00B96D
:109D540070BD3046FFF780FF0028F9D00634044870
:109D640000EB84002A4631460430FFF7CDFEEFE7CE
:109D7400B044002070B504460E461546FFF770FE49
:109D840008B9002070BDA01D044B03EB8003586884
:109D94002A463146FFF76CFEF4E700BFB0440020CA
:109DA400007800F001007047A0DF7047A1DF704722
:109DB400ADDF7047B3DF7047B4DF70478379012BA1
:109DC40001D0002070470379012B01D00020704797
:109DD400428842F602139A4201D0002070470120C3
:109DE400704738B50446408800F050FEA080002536
:109DF40005B138BD204601F01DFF0135F8E700B577
:109E040087B00023019302930393049305930823DB
:109E14008DF80430ADF80600039101A8FFF7E1FFC7
:109E240007B05DF804FB000070B586B00023019311
:109E34000293039304930593ADF806004FF6FF7362
:109E440098422ED0044600F0CFFC054611283FD09E
:109E540015D8D0B10B2826D110238DF804301D4815
:109E64001D4BC01AC008000422461C4940F00200E1
:109E740007F052FB01A8FFF7B4FF00220CE043F205
:109E8400020398420FD1002206E00F238DF804301C
:109E940001A8FFF7A6FF0022114B19782046FFF70F
:109EA4004FFF06B070BD0B4E0B4BF61AF608360486
:109EB400284606F047FF024623460A4946F00100B9
:109EC40007F034FB29462046FFF799FF0022E3E719
:109ED4000122E1E7607D0300C07C03009886030053
:109EE400314500201887030008B5FFF79DFF08BD22
:109EF40010B5044600F0DAFC00B910BD0122034B92
:109F040019782046FFF71CFFF7E700BF3045002013
:109F140010B582B0044600F0B9FD00236A46092159
:109F240001F0CAF9052801D002B010BD0122034B8B
:109F340019782046FFF704FFF6E700BF2E450020FE
:109F440008B500220649074B1878FFF713FF00B144
:109F540008BD00220449054B1878FFF70BFFF7E70B
:109F64008DA1020032450020A59F02002E4500204D
:109F740008B500220249034B1878FFF7FBFE08BD21
:109F8400A5A202003045002008B500220249034B77
:109F94001878FFF7EFFE08BDED9E02003145002062
:109FA40010B582B004460023019342F6A623ADF80F
:109FB400043001238DF80630084B1B6800936A4671
:109FC40001A9FFF7F1FE08B102B010BD0122044B54
:109FD40019782046FFF7B4FEF6E700BF1CDB030048
:109FE4002D45002010B5044638B12368012B09D152
:109FF400BFF35F8F0023236010BD0549922005F055
:10A0040053FEF2E70249932005F04EFEF0E700BF4D
:10A014006C870300F0B585B006460F460DF10E00BF
:10A02400FFF7C8FE10B9012400250DE01A494FF4CA
:10A03400997005F039FEF6E7BDF8002042F60213E8
:10A044009A421DD00134A4B2BDF80E30A3421FD9E8
:10A054000223ADF804300022ADF80620CDF808D074
:10A0640069462046FFF7A8FE034690B9002DE3D1C8
:10A07400BDF8002042F605239A42E3D10125E1E729
:10A08400029701AA21463046FFF792FE034600E0FC
:10A094000523184605B0F0BDC487030010B5044677
:10A0A40048B10121204605F0F8FEBFF35F8FB0FAF6
:10A0B40080F0400910BD0249852005F0F5FDF0E768
:10A0C4006C87030070B586B0054600F0EDFA1128E0
:10A0D40047D0044619D8002846D00B2847D0254E2F
:10A0E400254BF61AF6083604204606F02BFE0246E7
:10A0F4002B46224946F0010007F018FA214628466B
:10A10400FFF77DFE0024224623E0862806D043F292
:10A1140002039842E3D1002422461AE00026019665
:10A12400029603960496059607238DF80430ADF83D
:10A1340006501048104BC01AC00800042A461049A3
:10A1440040F0020007F0E8F901A8FFF74AFE3446A0
:10A1540032460C4909782846FFF7F2FD204606B03E
:10A1640070BD00240122F4E701240022F1E7002459
:10A174002246EEE7607D0300C07C0300A088030054
:10A18400688803003245002010B504460648FFF7EE
:10A1940085FF00B910BD2046FFF794FF0028F9D1D0
:10A1A4000148FFF71FFFF5E73445002070B586B07E
:10A1B400044600F08FFB054611280CD8112848D816
:10A1C400DFE800F0174747474747334728474747E3
:10A1D40047474747475D43F20203984252D043F250
:10A1E4000143984235D12046FFF71EFE0025012287
:10A1F40022E0002301930293039304930593112314
:10A204008DF80430ADF8064001A8FFF7EAFD0125FA
:10A214002A4611E001A92046FFF7FCFE28B9BDF843
:10A22400043013B10025012206E0204600F02EFC84
:10A2340000F082FB00252A46144B19782046FFF7CC
:10A244007FFD2A46124B19782046FFF779FD06B0A8
:10A2540070BD104E104BF61AF6083604284606F068
:10A2640071FD024623460D4946F0010007F05EF9F0
:10A2740029462046FFF7C3FD00250122DCE700251F
:10A284000122D9E700250122D6E700BF304500208E
:10A294002F450020607D0300C07C0300E08803009C
:10A2A40010B50446044B1978FFF730FD00B110BD1A
:10A2B4002046FFF77BFFFAE72F450020037803B120
:10A2C400704710B504464088FFF7AEFD6088FFF77D
:10A2D4000FFE6088FFF71CFEFFF732FE10BD000082
:10A2E40010B582B00378092B03D0FFF729FE02B022
:10A2F40010BD0446437A002BF7D1037A072B1DD0F7
:10A30400082B2CD0012BF0D16A460121808801F062
:10A314009DFA0028E9D1019B1B78002BE5D0A08889
:10A3240000F0E8FB4FF6FF739842DED00122104B99
:10A334001978FFF705FDFFF71BFED6E7808800F0CC
:10A34400D9FB04464FF6FF739842CED00122094B45
:10A354001978FFF7F5FC2046FFF7DAFDC5E7064B51
:10A364001B68012BC1D10448FFF73CFEBDE700BFC9
:10A3740030450020324500203445002030B583B0FC
:10A3840004460D460022009201920123ADF80030EC
:10A3940009238DF80230104B1978FFF7D1FC5DB119
:10A3A4000E4B0193204600F071FB0022694600F039
:10A3B400F5FF18B903B030BD094BF2E7094C0A4A5E
:10A3C400A41AE408240406F0BDFC0246074944F03C
:10A3D400020007F0A1F8EDE72E45002018DB03008A
:10A3E40014DB0300607D0300C07C030020890300AC
:10A3F40030B587B0044685880388353B1F2B14D8B5
:10A40400DFE803F0499413131313131313131313F3
:10A414001313131313131313131313131313133BE0
:10A42400131013192846FFF7FFFCFFF7ADFDFFF7E4
:10A434009FFD07B030BD002401940294039404945A
:10A44400059412238DF80430ADF80650284600F028
:10A454001DFBADF8080000F06FFA22464D4B197849
:10A464002846FFF76DFC22464B4B19782846FFF728
:10A4740067FC01A8FFF7B5FCD7E70630FFF79EFCA1
:10A484000028D2D00122454B19782846FFF758FC02
:10A49400FFF756FDC9E7424B19782846FFF736FC0B
:10A4A4000028C2D000223E4B19782846FFF748FC0A
:10A4B400E288B2F5857F10D0A2B96289012A1CD145
:10A4C400A289012A24D03748374BC01AC008000497
:10A4D400364940F0020007F01FF800212846FFF734
:10A4E4004DFFA2E72F48304BC01AC0080004304982
:10A4F40040F0020007F010F8EFE72A482A4BC01A90
:10A50400C00800042B4940F0020007F005F8D7E723
:10A514000022E1892846FFF749FC0028DDD1012209
:10A52400254B19782846FFF70BFC7EE7224B197858
:10A534002846FFF7EBFB00283FF477AF00221E4BC1
:10A5440019782846FFF7FCFBE28852B9E289012A10
:10A5540013D1217C003918BF01212846FFF70EFFD3
:10A5640063E71048104BC01AC0080004104940F0BB
:10A57400020006F0D1FF0021EFE70A480A4BC01A97
:10A58400C0080004094940F0020006F0C5FF00219C
:10A59400E3E700BF2F45002030450020324500206E
:10A5A4002D450020607D0300C07C0300F889030072
:10A5B40080890300BC8903002C450020AFDF70476D
:10A5C400B1DF7047B2DF7047B3DF704738B5044678
:10A5D400808800F08FFA6080002505B138BD2046E0
:10A5E40001F02CFB0135F8E730B589B0224B93E834
:10A5F400030008AB03E903000BE007238DF80430E4
:10A6040001A8FFF7E3FF35E01C4C208800F045FF6C
:10A6140020801A4B18884FF6FF7398422AD00022E4
:10A6240006A900F0BBFE04460028EDD000230193E8
:10A634000293039304930593104B1B88ADF80830E1
:10A64400112817D08628D8D00D4D0E4BED1AED08E1
:10A654002D0406F077FB0246084B1B880A4945F097
:10A66400010006F063FF08238DF80430039401A869
:10A67400FFF7ACFF09B030BD28DB03003A450020EA
:10A68400687D0300C07C0300488A030008B5054BBD
:10A694001A884FF6FF739A4200D108BDFFF7A4FF52
:10A6A400FBE700BF3A4500202DE9F04784B082461D
:10A6B40000F0ECF94FF6FF73984200F087800746EC
:10A6C400012449E002AA0821384601F0BFF888B9FC
:10A6D400B8F8042003998B889A420DD10631284694
:10A6E4000DF0F4F940B90821384601F025F9D8B93C
:10A6F4000B2607E0052807D13A460821384601F021
:10A7040073F90646002525E0334C344AA41AE408BC
:10A71400240406F017FB02465346314944F0010075
:10A7240006F004FF032653E02B4D2C4AAD1AED0826
:10A734002D0406F007FB03463A462A4945F001007A
:10A7440006F0F4FE0326DDE701250821384601F072
:10A75400F3F818BB002D3BD022460134A4B26B465B
:10A764000821384601F078F8814638BBDDF80480CA
:10A774000323454645F8063B08F1040229465046A2
:10A78400FFF720FF064600289CD00C28DCD00528C3
:10A7940001D00025D9E74E460025D6E70E4E0F4AD4
:10A7A400B61AF608360406F0CDFA03463A460D49C1
:10A7B40046F0010006F0BAFE0326CBE7072802D1D3
:10A7C40000250C26C6E706460025C3E743F2020629
:10A7D400304604B0BDE8F087687D0300C07C030008
:10A7E400A08A0300D88A03002DE9F04182B005460F
:10A7F40000F04CF94FF6FF73984205D1032400266C
:10A8040037464FF0010825E06A46082101F01EF89A
:10A8140020B9019B9F1D9E881C68F2E70324002633
:10A824003746EEE726B14FF00008032446460FE012
:10A834001B481C4BC01AC00800042A461A4940F0A1
:10A84400010006F069FE4FF00008032000E011202B
:10A854000B281CD12346324639462846FFF7B0FE62
:10A864000428F4D008280CD00B28F1D114F0020FDE
:10A8740009D1002FD6D04FF000080324464647469E
:10A88400E6E70020E4E74FF000080124E0E7B8F130
:10A89400000F02D002B0BDE8F0810B20FAE700BF40
:10A8A400687D0300C07C0300588B030000B585B0AD
:10A8B4000DF10F03029300F0E9F801AA012100F061
:10A8C400C5FF20B9029B187805B05DF804FB002091
:10A8D400FAE7000010B504461348FFF775FE90B17F
:10A8E400124C134AA41AE408240406F02BFA024674
:10A8F400104944F0010006F00FFE032010BD43F29E
:10A9040003039842FAD14FF6FF72074B1988204689
:10A91400FFF754FE43F203039842F0D1024A13882E
:10A9240001331380EBE700BF38450020687D030046
:10A93400C07C0300D08B030000B583B084466B4613
:10A94400064A92E8030083E80300002219466046A1
:10A9540000F024FD03B05DF804FB00BF30DB03000E
:10A9640046DF704738B50546002405E0044B53F82C
:10A974002430284698470134012CF7D938BD00BF4C
:10A9840038DB030000230F2B03D8C25C1AB9013350
:10A99400F9E7002070470120704778B181B108B50C
:10A9A40003780A785340012B0CD806220131013078
:10A9B4000DF08CF8B0FA80F0400908BD0020704713
:10A9C400002070470020F8E72DE9F04104460D46C9
:10A9D40000F1110701F111081022013101300DF0CD
:10A9E40075F850B90646601CFFF7CCFF30B1681CFF
:10A9F400FFF7C8FF10B1012600E0002606F00106AB
:10AA040041463846FFF7C9FF637C03F0FE03042B7D
:10AA14000CD0062B11D06B7C03F0FE03042B0ED05C
:10AA2400062B01D0012302E0002300E0002300B143
:10AA34003BB946B153B1002006E00023F7E70023F9
:10AA4400F5E7012000E00020BDE8F0810120FBE7EC
:10AA540070B584B006460D4600F06AFC01AA0DF1FB
:10AA64000E01072000F06CFC50B1BDF80E40AC4262
:10AA7400F4D002993046FFF7A7FF0028EED001E09A
:10AA84004FF6FF74204604B070BD000013280DD8A3
:10AA940010B50446FFF7E0F828B104EB8404054B35
:10AAA40033F8140010BD4FF6FF70FBE74FF6FF704C
:10AAB400704700BF3C450020132816D838B504461B
:10AAC4000D46FFF7C9F868B104EB8404084B03EBA7
:10AAD4004403D3F802202A60DA881B7AAA80AB7177
:10AAE400002038BD43F20200FBE743F20200704746
:10AAF4003C45002038B505464FF6FF73984216D002
:10AB0400002401E00134A4B2132C0CD804EB840318
:10AB1400084A32F81330AB42F4D12046FFF79CF8D0
:10AB24000028EFD001E04FF6FF74204638BD0446FC
:10AB3400FBE700BF3C450020038843B9072B04D83A
:10AB4400C21892782AB90133F8E70020704701202F
:10AB540070470120704738B504460D46FFF7ECFFF7
:10AB640068B122882B889A4208D10822A91CA01C0B
:10AB74000CF0ACFFB0FA80F0400900E0002038BDD2
:10AB840030B585B0054600F0D3FB01AA0DF10E01E6
:10AB9400072000F0D5FB88B1029C04F14601284649
:10ABA400FFF7D9FF30B904F12A012846FFF7D3FF94
:10ABB4000028EAD0BDF80E0005B030BD4FF6FF7096
:10ABC400FAE70000132804D800EB8000014B23F8B7
:10ABD400101070473C45002038B50546FFF78AFF42
:10ABE4000446284600F0B2FE40B9132C06D804EB04
:10ABF4008404034B4FF6FF7223F8142038BD00BFC2
:10AC04003C45002010B58CB0144600230AE0C3F183
:10AC14000F0C10F80CE003F130020DEB020C0CF8F1
:10AC240030EC01330F2BF2D90023049305930693E0
:10AC34008DF81C3007E0C3F10F02C85C30326A445F
:10AC440002F8200C0133022BF5D96846FFF788FE81
:10AC5400002307E0C3F10F0230326A4412F8102CCB
:10AC6400E2540133022BF5D90CB010BD034602782F
:10AC740002F0FE02042A01D00020704700B585B01E
:10AC84000846B3F80110DA78ADF80C108DF80E20F0
:10AC94009A889B79ADF804208DF8063002AA01A9A0
:10ACA400FFF7B0FF032202A903A80CF00FFFB0FACC
:10ACB40080F0400905B05DF804FB00000388102B08
:10ACC40072D100B593B00DF11C0E00F1040CBCE878
:10ACD4000F00AEE80F00BCE80F00AEE80F009CE8E0
:10ACE40007008EE807009DF8203003F0FE03062BD2
:10ACF4001BD14FF6FF71BDF81C202C4B02EB8200D8
:10AD040023F8101003EB40030898C3F80200BDF8C1
:10AD140024C09DF82600A3F806C018724FF6FF73EE
:10AD2400994236D113B05DF804FB00F001FB9DF8A5
:10AD340020305A08032B15D9022A10D102AA0DF18A
:10AD44000601072000F0FCFA00B30399013108A8BA
:10AD5400FFF78CFF0028F1D0BDF80610CBE74FF6C3
:10AD6400FF71C8E702AA0DF10601072000F0E8FA16
:10AD740048B10399113108A8FFF70FFE0028F1D05C
:10AD8400BDF80610B7E74FF6FF71B4E74FF6FF7151
:10AD9400B1E7ADF80A20ADF80C1000238DF80830A7
:10ADA40002A8FFF7DFFDBDE7704700BF3C45002068
:10ADB4008ADF70478BDF70478CDF704790F82E3046
:10ADC40043F0040380F82E30A023038650234386E7
:10ADD4000022828690F82E3062F3C40380F82E306D
:10ADE400012380F82F3070474FF4C873438506233E
:10ADF40083841823C38400230385704700B587B078
:10AE040000230193029303930493059306238DF87F
:10AE140004300B1D02930B88ADF80C3000F12E03A7
:10AE24000593C36B0BB101A8984707B05DF804FB09
:10AE340030B587B0002301930293039304930593E1
:10AE44000B79012B01D007B030BD05460C460C48E8
:10AE54000C4BC01AC00800040B4940F0040006F073
:10AE640055FBEB6B002BEED004228DF804202E351D
:10AE7400059522798DF8082001A89847E3E700BFDB
:10AE8400207D0300C07C0300508C03002DE9F041B9
:10AE940005460E4691F82070B0F81C80002401E0AD
:10AEA4000134E4B2BC4209D206EB44124146A8691B
:10AEB400FEF79AFC03460028F2D000E0002318466F
:10AEC400BDE8F08190F82E3003F01803082B03D06E
:10AED400182B03D0002070470120704701207047D1
:10AEE40008B5FFF767FF08BD2DE9F04186B090F87B
:10AEF4002C8090F8233013B906B0BDE8F0810446E5
:10AF04008D1C00F12E0600F12407FFF7E9FF002352
:10AF14000193029303930493059343463A463146BF
:10AF24002846FFF749FF06460D4D0E4BED1AED0876
:10AF34002D0445F004050C49284606F0E7FA0523DC
:10AF44008DF80430029632460849284606F0E4FAA1
:10AF5400002ED1D0E36B002BCED001A89847CBE7CD
:10AF6400207D0300C07C0300688C0300748C030004
:10AF740070B586B004460D460023019302930393F3
:10AF84000493059300F12E030593FFF79BFFC8B9C3
:10AF940094F8226094F821302BBB002211460295CC
:10AFA400002E3AD0914230D003238DF80430E36B65
:10AFB4000BB101A8984704F160010020FFF7F8FEE7
:10AFC40006B070BD02238DF804300295E36B01A82E
:10AFD400984704F160010020FFF7EAFE2946204665
:10AFE400FFF782FFECE721462846FFF74FFF0346B1
:10AFF40040B19DF80C2042F001028DF80C20012292
:10B004001146CCE700220121C9E700238DF8043062
:10B0140029462046FFF768FFC9E7002BC4D0002368
:10B024008DF8043029462046FFF75EFFBFE700286D
:10B034003CD038B50D460446C263232200210CF0EF
:10B04400B1FD4DB32B7984F823302B7B84F82C305D
:10B054002B68CBB1186859689A68C4F82E00C4F8F4
:10B064003210C4F836209B896387AA6882B104F140
:10B0740024031068516803C304F1400323661F23AB
:10B08400A4F86430002038BD2046FFF797FEECE7B3
:10B094002046FFF7A9FEEFE72046FFF78FFE204684
:10B0A400FFF7A2FE002384F82330E5E70E20704763
:10B0B40010B586B0002837D00446002301930293CC
:10B0C400039304930593FFF70BFF2046FFF7FAFE63
:10B0D40030B1E36B23B101228DF8042001A8984715
:10B0E40004F1600104F12E00FFF762FE0446082813
:10B0F40000D068B90D480E4BC01AC00800040D49B1
:10B1040040F0040006F002FA0024204606B010BD08
:10B114000648074BC01AC00800042246064940F0FE
:10B12400010006F0F9F9F0E70E24EEE7207D0300B4
:10B13400C07C0300B08C03008C8C030008B503466C
:10B14400084603F10802194631F8043B1B2B0AD0C8
:10B154001D2B04D0102B05D1FFF750FE02E0114641
:10B16400FFF706FF08BDFFF763FEFBE7A0F580408D
:10B1740080B2704700F5804080B27047A0F58040EF
:10B1840080B270470138082806D8DFE800F00705C8
:10B1940005070707070707000020704701207047CD
:10B1A40038B505464FF6FF734380002404B138BD1B
:10B1B400284600F017FB0134F8E700B587B00023F8
:10B1C4000193029303930493059308238DF80430A9
:10B1D400ADF80800039101A8FFF7E2FF07B05DF89E
:10B1E40004FB000030B587B00023234A1370019399
:10B1F40002934FF6FF7000F0B3FC044606E02046CD
:10B2040000F056FC204600F0ABFC04464FF6FF73FA
:10B214009C420AD02046FFF7A9FF01AA03A904F023
:10B2240029FD48F209639842E9D04FF6FF739C4226
:10B2340001D107B030BD2046FFF798FF04F0D8FCD9
:10B24400054648F20763984212D00028F1D00B4813
:10B254000B4BC01AC008000423462A46094940F093
:10B26400010006F063F929462046FFF7A6FFE0E750
:10B27400014B01221A70DCE70C460020887D030094
:10B28400C07C0300C88C030070B582B00E4615461E
:10B29400002300930193FFF769FF04463046FFF74C
:10B2A4006DFF01466B462A46204604F0C7FC08B9E8
:10B2B40002B070BD0520FBE7F0B587B0FF282DD89C
:10B2C40005460C4617461E460846FFF75BFF38B393
:10B2D40003AA21462846FFF7D7FF28BB01A903A8E4
:10B2E40004F01AFC054608BBBC70019B5B883B80DC
:10B2F40076B19C003368A34228BF23461E461A46F3
:10B30400029978680CF01CFCB44203D90C2508E0BF
:10B31400029B7B6003A804F02BFC02E0072500E0FD
:10B324000725284607B0F0BD0525FAE70525F8E707
:10B33400024B00221A605A60704700BF0446002086
:10B34400F0B587B007460E461446FFF71BFF18B941
:10B354000125284607B0F0BD05463846FFF70EFF25
:10B364000D4A03A904F078FC08B10025F1E701A90E
:10B3740003A804F0D1FB08B10025EAE7A770019BFC
:10B384005A882280029A62609888FFF7F3FE308020
:10B3940003A804F0EDFBDCE704460020F0B587B019
:10B3A400FF2856D806460C4617468D782846FFF7E0
:10B3B400E9FE00284FD03046FFF7D8FEADF80C0068
:10B3C4002846FFF7DBFEADF80E006368049323887C
:10B3D40005936A46A1783046FFF756FF05281AD030
:10B3E40003A9684604F0FAFB0446E4B148F20D638D
:10B3F4009C4220D848F202639C421CD3A4F5064325
:10B40400023B0B2B17D8DFE803F0141616162A0C90
:10B4140016161616160C03A9684604F0D9FB044642
:10B42400E3E7112418E0BFB13946684604F030FC64
:10B4340012E0102410E00B480B4BC01AC0080004A3
:10B4440033462246094940F0010006F06FF8032410
:10B4540002E0072400E00724204607B0F0BD86245C
:10B46400FAE700BF887D0300C07C0300148D03004D
:10B4740008B54FF6FF7000F001FB08BDFF2806D8A1
:10B4840008B500F003FBFFF7ADFE002008BD072060
:10B49400704708B500F01AFB08BD08B500F048FB7A
:10B4A40008BD08B500F05CFB08BD4FF6FF730380D0
:10B4B4008370FF234372837A23F002038372DBB227
:10B4C40023F001038372002303724360704700007A
:10B4D4000B68032B14D810B403EB4302094C34F863
:10B4E4002220824204D00133032BF5D9002004E04A
:10B4F4000B6003EB430304EB83005DF8044B7047DC
:10B50400002070471046002030B583B005460C4635
:10B514000023019301A9FFF7DBFF06E0019B013340
:10B52400019301A92846FFF7D3FF48B18378A342CA
:10B53400F4D1837A13F0030FF0D14368002BEDD1DB
:10B5440003B030BD0023032B0DDC03EB4301074A9A
:10B5540002EB81025268824201D00133F3E70348CF
:10B5640000EB810070470020704700BF10460020A8
:10B5740008B5FF214FF6FF70FFF7C6FF08BD58B1AD
:10B5840070B50D4614460646FFF7F2FF306010B161
:10B59400058033689C7070BD7047000038B505465F
:10B5A400002405E0044B53F824302846984701341E
:10B5B400032CF7D938BD00BF40DB030003EB830342
:10B5C4001B019BB2817042609B080380704708B5E1
:10B5D4009BB2FFF7F3FF08BD8378013B072B13D819
:10B5E400DFE803F007121212120A040D1423038079
:10B5F4007047012303807047012303807047436829
:10B604009B8809339B0803807047000038B50546C2
:10B61400002406E0697A2144C9B2054800F093FC8D
:10B6240001342B7AA342F5D82846FFF73EFF38BDF4
:10B634004046002030B583B00446002300930193B4
:10B6440083788DF80230417A2D4800F068FC20B3ED
:10B654000246237AA1786846FFF7B9FF6846FFF7E8
:10B66400BBFF224632F8040B6946FFF797FE112808
:10B6740038D01FD860B3072832D0224D224BED1AA0
:10B68400ED082D0405F05EFB024623881F4945F0B2
:10B69400010005F04BFF032022E01A481A4BC01AA0
:10B6A400C0080004627A1A4940F0010005F034FF32
:10B6B400032015E08628E0D1A37A23F00203A372C5
:10B6C400DBB243F00103A372124B01221A7007E0AC
:10B6D400A37A23F00203A372DBB223F00103A37263
:10B6E40003B030BDA37A43F00203A372DBB223F0AC
:10B6F4000103A372074B01221A700020F0E700BF78
:10B7040040460020807D0300C07C0300C08D030000
:10B71400808D03000D46002030B587B00446FFF746
:10B7240089FF10B9012007B030BD4FF6FF72ADF8A4
:10B7340006202288ADF80820862807D107238DF833
:10B74400043001A8FFF72AFF0020ECE708228DF857
:10B7540004200390074D084AAD1AED082D0405F0A6
:10B76400F1FA02462388054945F0010005F0DEFEA2
:10B77400E7E700BF807D0300C07C0300F08D030079
:10B7840038B5164B1B783BB305460024134B1C708D
:10B794000DE0124B01221A7001B93DB104EB4400D3
:10B7A4000F4B03EB8000FFF7B7FFA8B10134032C64
:10B7B40012D804EB44020A4B03EB82039B7AC3F3D3
:10B7C400400113F0020FE4D1054B03EB82039B7A93
:10B7D40013F0010FEAD0DCE738BD00BF0D460020AE
:10B7E4001046002038B50446C068FFF7ABFE237846
:10B7F4000A2B0AD0142B15D0092B1BD1637ADBB981
:10B80400E0B1FFF703FF00250DE0637AC3B9C8B1C7
:10B8140000254560837A43F0020383720A4B0122B8
:10B824001A7003E001252046FFF7B8FE2846FFF70B
:10B83400A7FF38BD0025F6E70025F4E70025F2E769
:10B844000025F0E70025EEE70D46002008B50023AB
:10B85400FFF732FD08BD0000002B59D0F0B583B0CE
:10B8640006460C4615461F46CB1FDBB2012B51D8AA
:10B87400531E032B51D8FFF747FE0190D0B1037A32
:10B88400AB424CD1019E737AFF2B1DD00026019B45
:10B894001D72597A244800F042FB024618B3ABB239
:10B8A40021463846FFF78AFE002E3AD0082C28D0CD
:10B8B400002030E02246314601A8FFF760FE019BDC
:10B8C400002BDFD1112026E02946174800F050FB59
:10B8D40070720198437AFF2B01D00126D7E7FFF756
:10B8E400E4FD112017E01148114BC01AC0080004F0
:10B8F400019B5A7A0F4940F0010005F00DFE032028
:10B9040009E03B887A689B00063B9380002002E0B4
:10B914000E207047072003B0F0BD0720FBE70F207F
:10B92400F9E70020F7E700BF40460020807D0300D0
:10B93400C07C0300508E030008B5FFF7E5FD18B185
:10B94400FFF764FE002008BD0520FCE770B584B055
:10B9540005460023039303A9FFF7BAFD044607E055
:10B96400039B0133039303A92846FFF7B1FD044663
:10B97400D4B1A1782846FFF7DFFF0028F0D00528CE
:10B98400EED0154E154AB61AF608360405F0DAF963
:10B994000246A37800932B46114946F0010005F0B6
:10B9A400D0FD032004B070BD2846FFF767FD0028D2
:10B9B400F8D00728F6D0084C084BE41AE40824040D
:10B9C40005F0C0F903462A46064944F0010005F093
:10B9D400ADFD0320E6E700BF807D0300C07C0300CB
:10B9E400C48E03001C8F0300CB1FDBB2012B11D8C4
:10B9F40070B506460C4615461046FFF74AFD58B189
:10BA040021463046FFF780FD40B105808470FFF782
:10BA140011FE70BD072070470720FAE70520F8E7FC
:10BA240010B5044608464FF6FF739C4204D0FF2C21
:10BA34000CD94FF6FF7010BD4FF4807104F0F9F982
:10BA440080B2B0F5807FF6D12046F4E7214604F0B9
:10BA5400CCF980F0010010F0FF0F01D02046EAE796
:10BA64004FF6FF70E7E708B50346FF2800D908BD85
:10BA74000846194604F0C7F9F9E7000008B5024979
:10BA8400FFF7CEFF08BD00BF504600204FF6FF73FE
:10BA9400984209D010B504460449FFF7C1FF844217
:10BAA40014BF0020012010BD002070477046002004
:10BAB40038B50446044D2946FFF7D5FF05F12001AA
:10BAC4002046FFF7D0FF38BD50460020FF2801D99B
:10BAD4000020704708B50146014804F0A1F908BDEB
:10BAE40050460020FF2801D90020704708B50146C0
:10BAF400014804F095F908BD7046002038B50D469C
:10BB04004FF6FF73984202D0441CA4B203E0002411
:10BB140001E00134A4B2FF2C06D82146284604F0E3
:10BB24007FF90028F5D001E04FF6FF74204638BDB8
:10BB340010B50A49FFF7E2FF044604E0074920462E
:10BB4400FFF7DCFF04464FF6FF739C4204D0204607
:10BB5400FFF7C8FF0028F1D1204610BD5046002051
:10BB640008B50249FFF7CAFF08BD00BF70460020B0
:10BB740038B50546002405E0054B53F82430284623
:10BB840098470134034B1B78A342F5DC38BD00BF52
:10BB9400944600209046002010B586B0848803881F
:10BBA400102B06D0144B19782046FEF7AFF806B0D8
:10BBB40010BD00238DF80330019302930393049383
:10BBC400059301238DF804304FF6FF73ADF8083068
:10BBD400ADF80640083003900DF10303049301A867
:10BBE400FFF7C6FF9DF80320034B19782046FEF7A4
:10BBF400A7F89DF80300DAE7282B0020094B1B78EF
:10BC040003B9704710B50446FFF7C6FF00B110BD75
:10BC14002046FFF753F8204601F032F82046FEF79D
:10BC2400E7FBF4E7AE46002018B108B5FFF7A0FF24
:10BC340008BD704708B5FFF79BFF08BD08B5FFF7BF
:10BC440097FF08BD08B5FFF793FF08BD2DE9F04F36
:10BC540087B00193364B1B78002B63D083468A460A
:10BC640091464FF6FF70FFF718FC04460023059336
:10BC7400042204920293039305AB039304AB02AA38
:10BC84000621FFF719FB072850D04FF6FF77B84677
:10BC94004FF0FF35002611E0059BB34201D3A046C7
:10BCA4001E46AB4201D227461D462046FFF7F5FB50
:10BCB400044604AB02AA0621FFF7FEFA0028EBD0E3
:10BCC4000528F2D04FF6FF739C421BD1984517D03C
:10BCD4009F4213D00020BBF1000F01D0ABF80080CD
:10BCE400BAF1000F01D0CAF80060B9F1000F01D019
:10BCF400A9F80070019BB3B11D6014E00520EAE7C8
:10BD04000520E8E70B4D0C4BED1AED082D0405F06A
:10BD140019F802462346094945F0010005F006FCDE
:10BD2400032000E0082007B0BDE8F08F0520FAE703
:10BD3400AE460020587D0300C07C0300848F0300BE
:10BD440008B500231A460C490C48FFF77FFF052865
:10BD540004D068B1052809D000220AE0074B4FF649
:10BD6400FF721A80044B00221A60F2E7012200E0FD
:10BD74000122034B1A7008BDA4460020A0460020EF
:10BD8400AD46002030B587B004468088FEF7B2FE89
:10BD940060802378093B032B00F28280DFE803F004
:10BDA4000232457D637AE3B94D4B1B6813B1E268F7
:10BDB40093420ED04B4B1B78002B71D0A2884A4B78
:10BDC4001B889A426CD1237A062B69D1FFF7B8FFFE
:10BDD40066E00023424A1360A188434A1180E3606D
:10BDE4005EE0012B5CD13F4B1B78002B58D0A2881E
:10BDF4003D4B1B889A4253D1237A062B50D1FFF72F
:10BE04009FFF4DE0637A002B4AD1354B1B68002B12
:10BE140046D0E268934243D10022314B1A60334941
:10BE24000B68013B0B60E2603AE0314B1D7855B979
:10BE340001252C4B1B7823B1A2882B4B1B889A42DB
:10BE440028D085B32CE04FF6FF70FFF726FB4FF6A2
:10BE5400FF739842EDD11846FFF723FB4FF6FF73AB
:10BE64009842E6D10025224B1D7001950295039559
:10BE7400049505950D238DF804304FF6FF73ADF846
:10BE84000830ADF806302046FFF772FE01A8FFF730
:10BE94006FFECEE7FFF754FFD3E7154B1B7823B9AA
:10BEA4002046FFF765FE07B030BD0023104A13702B
:10BEB400019302930393049305930E238DF80430A6
:10BEC4004FF6FF73ADF80830ADF80630A36803935E
:10BED4002046FFF74DFE01A8FFF74AFEE3E700BF47
:10BEE400A8460020AD460020A0460020A44600201D
:10BEF400AC46002008B503F078FF80F00100C0B222
:10BF0400BFF35F8F08BD08B5BFF35F8F03F088FFF1
:10BF140008BD08B5BFF35F8F03F075FF08BD38B5E2
:10BF2400054668B10C46006850B1686840B1FF2905
:10BF340007D0FFF7E8FF20B12868EB6803FB040093
:10BF440038BD0020FCE790B138B50C4605460368BF
:10BF54001BB1406808B1FF2900D138BDFFF7D3FFFA
:10BF64000028FAD021466868FFF7D3FFF5E7704749
:10BF7400F8B550B30F460646036843B3436843B36A
:10BF84000025FF2405E02B1B0133BB421BD00135E8
:10BF9400EDB2B3689D4215D229467068FFF7AAFF37
:10BFA40018B1FF2CEFD12C46EDE7FF2CEFD005E0C4
:10BFB40021463046FFF7C7FF0134E4B2A542F7D863
:10BFC400FF24E4E7FF242046F8BDFF24FBE7FF2419
:10BFD400F9E7FF24F7E77EDF70477FDF704786DFEE
:10BFE400704708B5FFF7F7FF042800D008BD1120FB
:10BFF400FCE719B108B5FFF7F4FF08BD002070474E
:10C0040038B504464088FEF741FDA080002505B1FF
:10C0140038BD204600F004FE0135F8E700B587B0CE
:10C0240000230193029303930493059305238DF84E
:10C034000430ADF8060001A8FFF7E2FF07B05DF891
:10C0440004FB00B587B00023019302930393049388
:10C05400059308238DF80430ADF80600039101A878
:10C06400FFF7CEFF07B05DF804FB000000B587B012
:10C0740094460022019202920392049205924FF098
:10C08400040E8DF804E0ADF806008DF80C10ADF840
:10C094000EC08DF81030054B1978FDF751FE01A83C
:10C0A400FFF7AEFF07B05DF804FB00BF2C2B0020A8
:10C0B40000B587B00023019302930393049305937F
:10C0C40002238DF80430ADF806008DF80C1001A899
:10C0D400FFF796FF07B05DF804FB000070B5054656
:10C0E4000C4616460A460E4B1978FDF729FE04B98C
:10C0F40070BD321E18BF01220A4B19782846FDF77D
:10C104001FFE012E14BF00220122074B1978284676
:10C11400FDF716FE31462846FFF7CAFFE8E700BFE1
:10C124002C2B00202B2B00202A2B002000B587B0BD
:10C1340000230193029303930493059306238DF83C
:10C144000430ADF80600039101A8FFF759FF07B0CA
:10C154005DF804FB10B504460088FDF789FD01284D
:10C1640005D0214631F8040BFFF7E0FF10BD02466D
:10C174002088237913F0010F00D102220121FFF757
:10C18400ADFFEEE700B587B000230193029303935C
:10C194000493059307238DF80430ADF8060001A835
:10C1A400FFF72EFF07B05DF804FB00B587B003234B
:10C1B4008DF804300388ADF80630437913F0040F8A
:10C1C4000AD001238DF80C308DF80D1001A8FFF76B
:10C1D40017FF07B05DF804FB0223F3E7F0B583B063
:10C1E40043B304460E4617461D4600F580706B4661
:10C1F4000122072180B2FFF72FFB112818D030BB92
:10C204005022002101980BF0CDFC019B1E70019976
:10C2140001F134032B60EF6001F118032B614B1C17
:10C224006B611B4BEB6111312046FEF745FCF0B905
:10C2340003B0F0BD1748184BC01AC0080004174AD1
:10C24400174940F0010005F067F90320F0E7114DAC
:10C25400114BED1AED082D0404F074FD024623463B
:10C26400104945F0010005F061F90320E0E7094DAC
:10C27400094BED1AED082D0404F064FD0246234633
:10C28400094945F0020005F051F90820D0E700BF44
:10C29400B0460020987D0300C07C030050DB0300FF
:10C2A4000091030034910300989103002DE9F843B1
:10C2B40004460D461646184B1978FDF727FD90B134
:10C2C400012704F58070072180B2FFF735FB804613
:10C2D40008B1052809D133462A4639462046FFF7D6
:10C2E400C5FEBDE8F8830227EBE70C4B0C4AA3EB31
:10C2F40002094FEAD9094FEA094904F023FD02462D
:10C304002346084949F0010005F010F9414620464A
:10C31400FFF797FEDFE700BF2A2B0020987D03007C
:10C32400C07C0300E891030070B506460C46154630
:10C334000C4B1978FDF7EAFC00B970BD0A4B19786B
:10C344003046FDF7E3FC28B12A4621463046FFF784
:10C35400ADFFF2E72B46224600213046FFF786FE6A
:10C36400EBE700BF2C2B00202B2B002008B5037912
:10C374003D2B06D04FF4885100220088FFF7D4FFEC
:10C3840008BD41F23D01F7E708B5427902F0030226
:10C3940001790088FFF7C8FF08BD0000F0B585B03B
:10C3A400044600F10C063046FEF7EAFB4FF6FF7335
:10C3B400984227D0054601462088FEF703FC002258
:10C3C40001212088FFF78AFE4FF6FF739D421ED19C
:10C3D400002700231A4639462088FFF700FE064648
:10C3E400082833D000283CD1A37D13F0010F4BD093
:10C3F400002F49D1002341F2060219462088FFF795
:10C4040035FE41E02088FEF741FB0546D7E702AA46
:10C4140007212846FFF71AFAA0B9039FA37D13F05A
:10C42400010F11D097F8443013F0010F01D03437C5
:10C43400CFE7314607F14600FEF78DFB0028F6D121
:10C444000027C6E70027C4E70027C2E70F48104BC0
:10C45400C01AC00800040F4940F0020005F056F865
:10C4640012E00A4F0A4BFF1AFF083F0404F06AFC6B
:10C47400024600952388084947F0010005F061F859
:10C4840031462088FFF7DDFD05B0F0BD987D03003F
:10C49400C07C030054920300C49203002DE9F043CE
:10C4A40085B00446078800225D4B19783846FDF7AD
:10C4B40047FC637913F0040F3FD007F58076B6B2DA
:10C4C40002AB012207213046FFF7C6F98046002857
:10C4D4003AD13846FEF7DAFA05464FF6FF7398422A
:10C4E40049D04FF000082A4607213046FFF77CFA6E
:10C4F4008146002800F08680862800F08880494E16
:10C50400494BF61AF608360404F01CFC0246009562
:10C514003B46464946F0010005F013F849463846C3
:10C52400FFF78FFD00212046FFF73FFEB8F1000F13
:10C5340007D02846FEF750FB03E000212046FFF712
:10C5440034FE05B0BDE8F083364D374BED1AED08E7
:10C554002D0404F0F7FB02463B46354945F0010043
:10C5640004F0E4FF41463846FFF76BFD0021204606
:10C57400FFF71BFEE5E719460398FEF769FA05463F
:10C584004FF6FF7398421CD001463846FEF71AFB5B
:10C59400284B19783846FDF7B9FB804610B14FF0A7
:10C5A4000008A0E73846FFF739FD224B19783846D2
:10C5B400FDF7ACFB002896D100212046FFF7F5FDDE
:10C5C400BFE7FEF755FF05464FF6FF73984206D0C6
:10C5D40001463846FEF7F6FA4FF0010883E71148A2
:10C5E400114BC01AC0080004134940F0010004F0C4
:10C5F4008DFF04213846FFF724FD00212046FFF774
:10C60400D4FD9EE701212046FFF7CFFD99E7384688
:10C61400FFF7B8FD01212046FFF7C7FD91E700BFF2
:10C624002C2B0020987D0300C07C0300C4930300DE
:10C6340034930300292B00209093030008B5037959
:10C6440013B9FFF72BFF08BDFFF79EFEFBE70000C1
:10C6540010B586B00446144B19780088FDF756FBD4
:10C6640008B106B010BD2088FDF726FB38B90123B8
:10C6740041F2060200212088FFF7F8FCF1E70022CE
:10C684000A4B19782088FDF75BFB03238DF80430EF
:10C694002388ADF8063000238DF80C308DF80D306A
:10C6A40001A8FFF7ADFCDCE72B2B00202C2B00208E
:10C6B4002DE9F04188B007460D461646FDF7D8FA35
:10C6C40004462022002168460BF06CFA012C16D097
:10C6D400002C4FD0002D3FD03846FEF7D7F94FF647
:10C6E400FF73984227D0012C10D04FF000082B780C
:10C6F40013F0010F25D10396204B07932EE000225F
:10C704001F4B19783846FDF71BFBE1E71C4B1978E2
:10C714003846FDF7FBFA10B14FF00008E7E738465A
:10C72400FFF77CFC164B19783846FDF7EFFA28B171
:10C734004FF00008DBE74FF00008D8E74FF085081A
:10C74400D5E7B8F1850F09D06B4632462146384605
:10C75400FFF744FD58B901E04FF08508012C00D0E3
:10C7640000256B462A4641463846FFF736FC08B09A
:10C77400BDE8F08143F20200F9E700BFB0460020B3
:10C78400292B002038B504460D46FDF771FA01281F
:10C7940002D043F2020038BD29462046FFF729FCA7
:10C7A400F9E708B50388113B092B09D8DFE803F042
:10C7B4000508090D0808080811150430FFF7D6FD0F
:10C7C40008BD0430FFF7C6FCFAE70430FFF7E6FDC6
:10C7D400F6E70430FFF732FFF2E70430FFF738FFE3
:10C7E400EEE700000022026042608260014A1268A3
:10C7F40002607047F846002010B504461046002336
:10C8040023606360A360E360236121706280FEF7AC
:10C814003DF9A080204610BD00B583B06A460721CB
:10C82400FFF714F838B9019B93F8443013F0010F63
:10C8340002D0012000E0002003B05DF804FB38B50D
:10C844000546002404B138BD2846FFF7EDF901344C
:10C85400F8E708B5FFF7F3FF08BD30B587B00D461C
:10C8640014460246062101A8FFF7C6FF0395049467
:10C8740001A8FFF7E4FF07B030BD10B586B002464B
:10C884000C46082101A8FFF7B7FF039401A8FFF79E
:10C89400D6FF06B010BD000010B50446134611299A
:10C8A4000DD000226BB10A4B19782046FDF748FAE7
:10C8B4000022084B19782046FDF742FA10BD0122E8
:10C8C400F0E7044B19782046FDF73AFAF6E700BF83
:10C8D4002D2B0020302B002070B586B00546112981
:10C8E40034D8DFE801F02D333333333333332D338E
:10C8F400333333093333332D16461F481F4BC01AC5
:10C90400C00800042A461E4940F0020004F004FE58
:10C914002A4604210DEB0100FFF76EFF96B1337830
:10C9240013F0010F10D102238DF80C3000238DF881
:10C93400103041F20113ADF80E3001A8FFF77FFF6C
:10C9440006B070BD0223EFE70123EDE70C460A4E63
:10C954000A4BF61AF6083604084604F0F3F90246C0
:10C964002B46084946F0010004F0E0FD2146284624
:10C97400FFF783FFE4E700BF907D0300C07C030062
:10C9840030940300E894030030B585B004460D46A6
:10C9940001A8FFF727FF01AA29462046FFF75DFFFC
:10C9A400094B1A6801992046FFF782FE05460122C9
:10C9B40001462046FFF770FF019A29462046FFF7FB
:10C9C4008BFF05B030BD00BFF046002008B5002144
:10C9D400FFF7DAFF08BD00002DE9F04385B00446F7
:10C9E40016461F46884689B901A8FFF7FBFE01AA2F
:10C9F40000212046FFF731FFDDF80490284B1B7817
:10CA040033B99DF80D301BB9052625E04FF0000918
:10CA1400324649462046FFF7B5FE05460022014648
:10CA24002046FFF739FF112D1AD80123AB4042F6F7
:10CA34000112134229D113F4003F15D04246194B79
:10CA440019782046FDF77CF93246174B19782046B1
:10CA5400FDF776F90026E7B9304605B0BDE8F08366
:10CA640043F202039D4212D0104E114BF61AF608FF
:10CA74003604284604F066F9024623460D4946F07A
:10CA8400010004F053FD0326E5E72E46E3E72E46B6
:10CA9400E1E74A4629462046FFF71EFFDCE700BFD0
:10CAA400F44600202E2B00202F2B0020907D030025
:10CAB400C07C03005495030038B50446084B19782C
:10CAC400FDF724F90546074B19782046FDF71EF9B2
:10CAD400014601232A462046FFF77EFF38BD00BFEA
:10CAE4002F2B00202E2B0020002943D0F8B505461B
:10CAF4000C46FDF7CFF8064600283DD02846FDF742
:10CB0400C5FF0746022E14BF00260126237866F3CC
:10CB1400000323704FF6FF73C31A18BF0123227852
:10CB240063F3C30222702846FDF7C6F8237860F346
:10CB3400410323702846FDF7CDF8237860F3820380
:10CB440023702846FDF7D4F830B10122237862F32C
:10CB5400041323700020F8BD2846FDF7ADF808B98A
:10CB64000022F3E73846FFF757FE08B90022EDE745
:10CB74000122EBE70E20704743F20200EBE710B509
:10CB840082B00C4600238DF80430E0238DF8043085
:10CB940001A9FFF7A9FF9DF80430DB435BB22278BB
:10CBA4001A4010B912B9012000E0002002B010BDF3
:10CBB40030B583B00446194B1B6833B34088FDF786
:10CBC4007BF8014608B9024621E000258DF804509F
:10CBD400237AC3F340012A4661F382028DF80420CC
:10CBE400D2B263F3C3028DF80420C3F38003D2B23C
:10CBF40063F304128DF8042001A96088FFF7BFFFD6
:10CC040080F00102D2B2294601E000220121012371
:10CC14006088FFF7E1FE03B030BD00BFF846002096
:10CC240010B504460378062B07D0132B01D1FFF768
:10CC3400BFFF2046FFF70DFE10BD81684088FFF757
:10CC4400A3FEF9E708B503780C2B02D8092B02D20E
:10CC540008BD142BFCD100220549064B1878FDF7BA
:10CC640089F800220449054B1878FDF783F8EFE7AB
:10CC7400D1C902002D2B0020BDCA0200302B002098
:10CC840008B5FFF78EFD00220549064B1878FDF71D
:10CC940071F800220449054B1878FDF76BF808BDBC
:10CCA400D1C902002D2B0020BDCA0200302B002068
:10CCB4000268134600E01B6813B18B42FBD101E00C
:10CCC4000A60016070470346006808B102681A6090
:10CCD4007047000038B5054608B9064C04E0064C18
:10CCE40002E04368284698472046FFF7ECFF0028F7
:10CCF400F7D138BD044700200C47002010B5044686
:10CD040010B1012C06D010BD054B01225A70FFF75B
:10CD1400E1FFF6E70120024B9870FFF7DBFFF2E733
:10CD2400FC46002000B1704708B5034B01225A703D
:10CD3400FFF7D0FF08BD00BFFC46002008B505F092
:10CD440073F820B9074BD3F800342BB108BD06495A
:10CD54007B2002F0A9FFF5E700F0EEF9034B002277
:10CD64009A70F3E700000140BC950300FC460020E4
:10CD740010B5104B1B784BB185240F4BD3F80034FE
:10CD840013B10C4B01229A70204610BD094B0022AE
:10CD94009A605A601A61DA60084800F07FF9044624
:10CDA40005F042F818B1034B01221A70E5E700F0D0
:10CDB4008DF9F8E7FC4600200000014001CD020097
:10CDC40010B582B00446224B1B78D3B1204B9B781C
:10CDD400E3B114B163680120984700238DF807304C
:10CDE4000DF1070002F038F8194AD3680133D36013
:10CDF4009DF8070002F042F8154BDB680BB302B054
:10CE040010BD1449F62002F04FFFDFE700238DF830
:10CE140007300DF1070002F01FF81CB121460E483F
:10CE2400FFF746FF0A4BDB6843B1094AD368013375
:10CE3400D3609DF8070002F021F8DDE700F05CF90B
:10CE4400F3E704494FF4897002F02EFFD7E700BFDF
:10CE5400FC460020BC9503000C47002000B583B0BD
:10CE6400144B1B78B3B1134BDB68CBB100238DF8A3
:10CE740007300DF1070001F0EFFF0E4BDA68013ABD
:10CE8400DA60DB6893B19DF8070001F0F7FF03B0A7
:10CE94005DF804FB084940F2171002F005FFE2E7D1
:10CEA40005494FF48C7002F0FFFEDFE7FFF746FF01
:10CEB400E9E700BFFC460020BC95030000B583B041
:10CEC40001280DD0032823D038B9184B0122C3F808
:10CED4008020BFF34F8FBFF36F8F03B05DF804FB67
:10CEE40000238DF807300DF1070001F0B5FF104B5A
:10CEF4001B7853B10E4BDA680132DA6001229A7062
:10CF04009DF8070001F0BAFFE7E7FFF731FFF1E70B
:10CF1400074B1B7823B100F0D9F8FFF79FFFDCE73C
:10CF2400044940F2522002F0BFFEF4E700E100E0C1
:10CF3400FC460020BC95030000B587B003788DF84B
:10CF440004304368029383688DF80C30C3680493FB
:10CF540003698DF81430054B53F82130044A52F814
:10CF6400211001A8984707B05DF804FB2047002072
:10CF74001047002070B584B08C46144686461EF8CF
:10CF8400045B1C4A42F825401B4A42F825301B4BDF
:10CF94000FCB04AE06E90F009CF800308DF800308A
:10CFA4009CF801308DF801309CF802308DF8023085
:10CFB4009CF803308DF803309CF804308DF805306C
:10CFC4009CF805308DF80630DCF8083002939CF8A4
:10CFD4000C308DF80C309CF80D308DF80D3004B108
:10CFE400074C2B4622466946704601F0B7FC04B054
:10CFF40070BD00BF204700201047002060DB030005
:10D004003DCF0200002807DB00F01F024009012386
:10D014009340024A42F82030704700BF00E100E02C
:10D02400002808DB4901C9B200F1604000F5614005
:10D0340080F80013704700F00F004901C9B2014B9A
:10D044001954704714ED00E038B505460C468B1EA4
:10D05400DBB2012B03D94B1FDBB2022B04D82146D0
:10D064002846FFF7DDFF38BD02496B2002F01CFEA5
:10D07400F5E700BF6096030008B5074B1B6813F083
:10D08400010F00D008BD06210020FFF7DDFF0020BE
:10D09400FFF7B8FFF6E700BF00E100E010B5044673
:10D0A40048B1084B1B795BB9064B1C6001221A710D
:10D0B4000020587110BD0449A42002F0F5FDF0E7EA
:10D0C4008520F7E730470020B096030008B5084BE9
:10D0D4001B793BB1FFF7D0FF4FF080430122C3F827
:10D0E400182508BD0349BD2002F0DEFDF2E700BFAC
:10D0F40030470020B096030000B583B00C4B1B7979
:10D1040083B14FF080430022C3F80421D3F80421F3
:10D114000192019A0222C3F8042301229A6003B007
:10D124005DF804FB0349EA2002F0BEFDE9E700BF15
:10D1340030470020B096030000B583B00F4B1B7935
:10D14400BBB14FF080430222C3F808230022C3F886
:10D154000421D3F804210192019A0122DA604FF0EC
:10D164008043D3F8183413F4803FF8D103B05DF84A
:10D1740004FB0349F72002F097FDE2E73047002063
:10D18400B096030000B583B04FF08043D3F800316C
:10D194009BB14FF080430022C3F80021D3F8002153
:10D1A4000092009A0122C3F80823104B5B7923B93B
:10D1B4000E4B5A711B68002098474FF08043D3F8F8
:10D1C40004317BB14FF080430022C3F80421D3F82B
:10D1D40004210192019A0222C3F80823034B1B681D
:10D1E4000120984703B05DF804FB00BF30470020DE
:10D1F400002807DB00F01F02400901239340024A84
:10D2040042F82030704700BF00E100E0002808DB4E
:10D214004901C9B200F1604000F5614080F8001393
:10D22400704700F00F004901C9B2014B195470470F
:10D2340014ED00E010B40D4C00F5A27054F8203049
:10D2440023F44F3323F4407344F8203054F820304F
:10D25400090201F47C51120402F4403211430B43DD
:10D2640044F820305DF8044B704700BF0060004074
:10D2740000B583B084468E460D4B93E8030002ABA1
:10D2840003E9030063460BE002A901EB830151F8B3
:10D29400081CD1F8200542F8040BC1F8200501331D
:10D2A4000CEB0E009842EFD803B05DF804FB00BF0E
:10D2B40070DB0300430904D0012B0BD14FF6FF733D
:10D2C40001E04FF0FF3300F01F0023FA00F000F0FC
:10D2D400010070470023F6E7034B034493F9600011
:10D2E40000F03F00704700BF38470020034B034461
:10D2F40093F96000C0F38110704700BF38470020E5
:10D3040010B5864614461AB100234FF0080C04E009
:10D3140008234FF00C0C00E00133634513D20B4A91
:10D3240052F82320B2F1FF3FF6D158B2074A02EB7C
:10D334000E0C8CF8300042F8231034B9083B134427
:10D3440083F860E001E04FF0FF3010BD3847002063
:10D35400064B4FF0FF3243F82020072804D9083841
:10D364000344FF2283F86020704700BF3847002041
:10D3740010B50446024602210020FFF779FF00237E
:10D38400012B04D854F823201AB90133F8E70020FC
:10D3940010BD0120FCE7000010B504460068FFF74B
:10D3A40089FF38B123681F2B0AD903F01F032360B8
:10D3B400054810BD05494FF4F67002F075FCF1E71D
:10D3C4004FF0A040F5E700BF00030050AC85030018
:10D3D40010B582B00C46019001A8FFF7DDFFA40050
:10D3E400019B03F5E07340F8234002B010BD00B583
:10D3F40083B0019001A8FFF7CFFF019B03F5E07311
:10D4040050F8232022F0020240F8232003B05DF8F4
:10D4140004FB00B583B0019001A8FFF7BDFFD0F86D
:10D424001005019BD84000F0010003B05DF804FB37
:10D4340010B582B001900C4601A8FFF7ADFF019B27
:10D4440003F5E07350F8232022F4403240F82320FF
:10D4540050F8232042EA044240F8232002B010BDD1
:10D4640000B583B0019001A8FFF796FF019B03F577
:10D47400E07350F82300C0F3014003B05DF804FBEF
:10D4840000B583B0019001A8FFF786FF0123019A3C
:10D494009340C0F8203503B05DF804FB2DE9F0415A
:10D4A400064645E0032126E0B8F1010F36D1414696
:10D4B400284698470134032C36D81F4B234493F94C
:10D4C4006030B3F1FF3FF5D02046FFF705FF054676
:10D4D400C20800F0070101238B40B25C1342E9D07B
:10D4E4002046FFF703FF80462846FFF7B9FF0746AB
:10D4F4000228D7D002212846FFF79AFF2846FFF7D3
:10D50400BFFF0D4B5A1992F9302053F82230002BEB
:10D51400D0D0B8F1030FCAD0022FC5D0032FC9D180
:10D52400B8F1020FC6D1C2E73046FFF721FF08B1B8
:10D534000024C0E7BDE8F0813847002030B583B04F
:10D544001C4B93F86A5095BB2C4601E00134E4B2BD
:10D554002F2C0FD82046FFF7ADFE0028F6D0154B30
:10D564002344FF2283F83020F0E72846FFF7F0FE3B
:10D574000135EDB20B2DF8D90F4D00242C60AC8091
:10D5840006210846FFF742FE0620FFF731FE0B4B4B
:10D59400C3F87C41D3F87C210192019A4FF00042F8
:10D5A400C3F804230123AB71204603B030BD082027
:10D5B400FBE700BF384700209C4700200060004084
:10D5C40070B504460D461646FFF774FE38B1254B78
:10D5D400234493F93030002B07DB082070BD224927
:10D5E4004FF40C7002F060FBF1E7AA78C2F340023A
:10D5F40031462046FFF784FE0646B0F1FF3F2FD0A8
:10D60400AB7813F0040F0FD113F0010F1CD0204698
:10D61400FFF7EDFEE30804F0070C1448C25C012197
:10D6240001FA0CF10A43C254AB7813F0020F10D183
:10D63400083E0C4B334493F96020297842EA811266
:10D6440083F860200020C9E769782046FFF7C0FE10
:10D65400E0E72A7821463046FFF7ECFD0020BDE7DD
:10D664000420BBE738470020509703009C47002064
:10D6740030B583B004460D46FFF71CFED0B12C4BE9
:10D68400234493F93030002B1ADB294B234493F9BC
:10D694003000072823DD0838FFF728FE0546032855
:10D6A40014D0012819D0032529462046FFF7C0FECF
:10D6B40003B030BD1F494FF4187002F0F5FADEE7ED
:10D6C4001C4940F2612002F0EFFADEE72046FFF742
:10D6D400A0FE0028E8D10225E6E70225E4E7C3B26C
:10D6E400072BE5D800F140039BB29B009BB2124983
:10D6F40000F5A27C51F82C2042F0010241F82C20C4
:10D7040003F1804303F5C04300221A601B680193B0
:10D71400019B002DCCD0064B1C4494F9302053F8C7
:10D724002230002BC4D001238340C1F80433BFE767
:10D7340038470020509703000060004010B50446AD
:10D74400FFF7B8FD30B12046FFF763FE003818BF7D
:10D75400012010BD024940F2B22002F0A5FAF2E71E
:10D764005097030070B584B00025029503950120FD
:10D774004FF48073294603E0400004339BB2013127
:10D78400072912D803F1804202F5C0421468012C23
:10D79400F2D1234CD4F804432042EDD00024146089
:10D7A40012680092009A0543E6E71D4BD3F87C31DA
:10D7B400012B06D015F0FF0F2AD1002D2BDB04B06E
:10D7C40070BD174B0020C3F87C01D3F87C31019362
:10D7D400019B45F0004502AA0221FFF749FDE9E754
:10D7E40076000134072CE8D82E42F9D00C4B04F50E
:10D7F400A27253F82200C0F3052053F82210C1F39B
:10D804000141084B53F82430002BE9D09847E7E74F
:10D8140001260024E6E702A8FFF740FECFE700BF99
:10D824000060004038470020034B984201D1034870
:10D8340070470020704700BF00200040A44700202C
:10D8440008B5064B1B681BB1044B1B68984708BD01
:10D854000349512002F028FAF6E700BFA44700204C
:10D86400F897030070B582B00C460546B8B1284657
:10D87400FFF7DAFF0546B8B100238DF807300DF144
:10D88400070001F0E9FA2E7916B92C6001232B71F7
:10D894009DF8070001F0F2FA4EB9002005E00549B1
:10D8A400772002F001FAE2E7002002B070BD1120F7
:10D8B400FBE700BFF8970300002807DB00F01F0216
:10D8C400400901239340024A42F82030704700BFC8
:10D8D40000E100E0002808DB4901C9B200F1604022
:10D8E40000F5614080F80013704700F00F00490113
:10D8F400C9B2014B1954704714ED00E0430904D038
:10D90400012B0BD14FF6FF7301E04FF0FF3300F012
:10D914001F0023FA00F000F0010070470023F6E72F
:10D9240010B483B0844602240C714A71096889B129
:10D9340012F0040F23D1822112F0080F01D041F01C
:10D94400200112F0100F01D021F08001DCF800005A
:10D95400C0F80013DCF800100024C1F80441D1F829
:10D9640004110191019912F0800F0AD1DCF8002012
:10D974000121D150002003B05DF8044B704792217F
:10D98400DAE7DCF800001844F5E730B585B0044662
:10D994000D46D0F8103173B10023C0F81031D0F81F
:10D9A40010310093009B4B7913F0040F03D00B68E4
:10D9B4000BB101209847D4F8143173B10023C4F893
:10D9C4001431D4F814310193019B6B7913F0080FCF
:10D9D40003D02B680BB102209847D4F81C3173B1E3
:10D9E4000023C4F81C31D4F81C310293029B6B79D8
:10D9F40013F0100F03D12B680BB100209847D4F813
:10DA0400043163B10023C4F80431D4F8043103931E
:10DA1400039B01232B712B680BB10320984705B09E
:10DA240030BD000010B504460068FFF767FF38B149
:10DA340023681F2B0AD903F01F032360054810BD78
:10DA440005494FF4F67002F02FF9F1E74FF0A040CA
:10DA5400F5E700BF00030050AC85030000B583B0B8
:10DA6400019001A8FFF7DEFF0123019A9340C0F85B
:10DA7400083503B05DF804FB00B583B0019001A83C
:10DA8400FFF7D0FF0123019A9340C0F80C3503B08F
:10DA94005DF804FB00B583B0019001A8FFF7C2FF55
:10DAA400019B03F5E073032240F8232003B05DF8E3
:10DAB40004FBF0B585B007460E4600240AE0FFF7E4
:10DAC400CDFF04AB03EB850555F8100CFFF7E2FF1F
:10DAD4000134E4B2032C18D82546335DFF2B0CD057
:10DAE40023F0800004AA02EB840242F8100C13F025
:10DAF400800FE4D1FFF7C0FFE3E74FF0FF3204AB40
:10DB040003EB840343F8102CE2E7386800230AE0AF
:10DB140004AA02EB830252F8101C03F5AC7240F81D
:10DB240022100133DBB2032BF2D905B0F0BD0000A3
:10DB340038B505460C468B1EDBB2012B03D94B1FAF
:10DB4400DBB2022B04D821462846FFF7C3FE38BDBA
:10DB540002496B2002F0A8F8F5E700BF60960300C5
:10DB640070B506460C461546012904D84DB1293432
:10DB74006401355170BD064940F2B72002F094F8B3
:10DB8400F4E703494FF42E7002F08EF8EFE700BF7C
:10DB94009898030070B505460C461646012908D826
:10DBA4006EB116F4004F10D1293405EB44156E60A4
:10DBB40070BD09494FF4307002F076F8F0E7064979
:10DBC40040F2C12002F070F8EBE7034940F2C220B2
:10DBD40002F06AF8E8E700BF9898030070B50446BD
:10DBE4000E461546012907D8B5F1807F0AD204EB09
:10DBF4004614C4F8285570BD054940F2CA2002F005
:10DC040053F8F1E7024940F2CB2002F04DF8EEE779
:10DC14009898030070B504460E461546012907D8A6
:10DC2400B5F1807F0AD204EB4614C4F82C5570BDBC
:10DC3400054940F2D32002F037F8F1E702494FF4E6
:10DC4400357002F031F8EEE79898030070B5044699
:10DC54000D461646A2B1326829462046FFF780FFDA
:10DC6400B28829462046FFF795FFB2682946204628
:10DC7400FFF7B4FFF26829462046FFF7CBFF70BDDB
:10DC8400024940F2AB2002F00FF8E4E79898030051
:10DC94002DE9F04784B0044617460D46002964D0A8
:10DCA4002679384B03EBC6031B79002B68D1354B1F
:10DCB40043F8367029462046FFF7FBFE236801220D
:10DCC400C3F80025276895F805A095F80690B5F8DF
:10DCD4000880B5F90830002B4CDBC7F80CA5C7F851
:10DCE4000495C7F808852268AB7AE97A43EA0123E8
:10DCF400C2F8103522680023C2F800322268C2F844
:10DD040000332268C2F81C31D2F81C210392039A12
:10DD14002268C2F81031D2F810210292029A2268C5
:10DD2400C2F81431D2F814210192019A2268C2F87F
:10DD34000431D2F804310093009B124B53F836306F
:10DD440053B12068297940F30730FFF7F1FE2068CA
:10DD540040F30730FFF7B0FD0A4B03EBC603012283
:10DD64001A71002004B0BDE8F0870749802001F053
:10DD74009BFF95E705494FF4287001F095FFACE748
:10DD84000820EFE7AC470020E898030098980300C8
:10DD94002DE9F04104460F4616461D460279254BEF
:10DDA40003EBC20898F8043003B32EB33B6803F0C6
:10DDB4006043B3F1005F25D13A4600212068FFF7A4
:10DDC40045FF3A4601212068FFF740FF06F00101B4
:10DDD400226801EB5603C2F8143515F0010F17D170
:10DDE40015F0020315D001B3082312E012494FF4D1
:10DDF4008D7001F059FFD8E70F4940F21B1001F074
:10DE040053FFD3E70C494FF48E7001F04DFFD3E775
:10DE140010232268C2F80032EAB241B10C23414611
:10DE24002046FFF77DFDBDE8F0810423F1E70823D8
:10DE3400F5E700BFAC470020E898030038B5044676
:10DE440005790F4B03EBC5031B798BB10C4B03EB2B
:10DE5400C5031B79DBB2022B10D001202368D3F851
:10DE6400043123B1064B03EBC5030120187138BDFF
:10DE740004494FF4CC7001F017FFE7E70020EDE709
:10DE8400AC470020E898030038B504460D460279F3
:10DE9400104B03EBC2031B79ABB123680022C3F818
:10DEA4000022236801225A602046FFF7C7FF034679
:10DEB40038B92046FFF7C2FF034610B9002DF8D148
:10DEC4002B46184638BD044940F2731001F0ECFEAD
:10DED400E3E700BFAC470020E898030008B5024917
:10DEE4000248FFF752FD08BDAC47002000C00140C6
:10DEF400002807DB00F01F02400901239340024A77
:10DF040042F82030704700BF00E100E000280CDB3D
:10DF140000F01F024009012393402030034A42F8D5
:10DF24002030BFF34F8FBFF36F8F704700E100E0E5
:10DF3400002808DB4901C9B200F1604000F56140E6
:10DF440080F80013704700F00F004901C9B2014B7B
:10DF54001954704714ED00E010B40B7803F0030378
:10DF64004A78120102F0300213438A78120202F452
:10DF7400E0621343CA78120302F4805213430A790D
:10DF8400120402F4E02213434A79120502F48012C7
:10DF940013438A79120602F080721343074A02EB94
:10DFA4000014C4F81835CC79097A5130030102EB16
:10DFB40000104160D4505DF8044B7047007000407D
:10DFC40038B505460C468B1EDBB2012B03D94B1F1B
:10DFD400DBB2022B04D821462846FFF7A9FF38BD3F
:10DFE40002496B2001F060FEF5E700BF6096030074
:10DFF40010B588B0684BD3F80431002B2CD0664B95
:10E004000022C3F80421D3F804310093009B634B2E
:10E0140093F82E2012B193F82F30EBB100238DF832
:10E0240014305E4B596806911989ADF81C10D968F3
:10E03400002964D0594B188B5883596018810021EA
:10E04400D96012B9544B01221A60544C236805A8B4
:10E054009847002384F82F30504B93F82E3053B355
:10E064004D4BD3F8003133B34B4B0022C3F800219E
:10E07400D3F800310193019B484A538B92F82D2029
:10E0840093423FD99B1A9BB244494B834868098900
:10E0940089B2CB1A00EB43033F49C1F82C36C1F8CF
:10E0A40030263D4B0022C3F80421D3F80421029208
:10E0B400029A01225A60384BD3F810317BB1364BA7
:10E0C4000022C3F81021D3F810310393039B334B80
:10E0D4001A7402228DF814201B6805A898472E4B49
:10E0E400D3F814314BB32C4A0023C2F81431D2F8BC
:10E0F40014210592059A294A137408B010BD002210
:10E104001A74A2E7934208D09342CAD1234B012246
:10E1140083F82F2000225A83C3E72049C9680029C5
:10E12400F2D01E4B012083F82F00002058831A4B95
:10E13400C3F82C16C3F83026B3E7184B5C69002CDF
:10E14400DBD0B4FA84F34FF00042DA4024EA02044C
:10E1540046339B0003F1804202F5E0421168002936
:10E16400EDD00021116012680492049A01228DF806
:10E174001420A3F58C73C3F3C7028DF8182013F091
:10E18400040F0CBF01230B468DF81930034B1B6899
:10E1940005A89847D3E700BF00700040B4470020AB
:10E1A40070B584B00C460646002849D0002C4CD0EB
:10E1B400294B93F82C30002B4CD1274D2C6033780D
:10E1C400264CC4F8F0357378C4F8F435F37885F840
:10E1D4002E30012385F82C3000232B7485F82D3044
:10E1E4006B6185F82F306FF00042C4F80823C4F83F
:10E1F4000431D4F804210392039AC4F80031D4F80A
:10E2040000210292029AC4F81431D4F81431019313
:10E21400019BB1780720FFF7D3FE0720FFF768FEC4
:10E224000223C4F8043395F82E3013B10122C4F844
:10E2340004230A4B0122C3F80025002004B070BD5A
:10E244000749D82001F030FDB0E70549D92001F095
:10E254002BFDADE70820F1E7B44700200070004033
:10E264008499030038B505460C462D4B93F82C30A1
:10E27400002B34D0072D38D82A4BD3F8F43513F0BB
:10E28400FF0F04D0264B93F82D30002B33D1E379C4
:10E29400013BDBB20C2B34D8237A0D2B37D8204B1F
:10E2A4001B7C002B39D105F10C021D4B03EB4203FF
:10E2B4001B792BB91A4A92F82D30013382F82D308C
:10E2C400E27905F10C01164B03EB41031A71227A32
:10E2D4005A7121462846FFF73FFE002038BD1249F7
:10E2E40040F2251001F0E0FCC4E70F494FF49370AD
:10E2F40001F0DAFCC0E70C494FF4947001F0D4FC4F
:10E30400C5E709494FF4967001F0CEFCC4E706490D
:10E314004FF4977001F0C8FCC1E71120DEE700BF9D
:10E32400B44700200070004084990300404B1B7CDC
:10E33400002B7AD130B583B03D4A012414743D4B8F
:10E344000325C3F80853C3F82C16C3F8304692F8D3
:10E354002D30A3420DD9002209E0D3B235495133FF
:10E364001D0101EB031300245C604C510132072AA8
:10E37400F3D900F10C022E4B03EB420319795C79BB
:10E384002C4B5130020103EB0010446099500122E0
:10E394001A605A6042F21073264AD2F804211AB95C
:10E3A400013BF9D1002300E00123A3B1214B00225A
:10E3B400C3F80021D3F8001101910199C3F8042195
:10E3C400D3F804310093009B194B93F82D30012BA3
:10E3D40019D9002215E018494FF4D27001F064FCF9
:10E3E400E4E702F10C01124B03EB41031C795D7964
:10E3F400D3B210495133180101EB03135D600C5083
:10E404000132072AEDD90A4B93F82E3043B1094B58
:10E414000322C3F804230020054B187403B030BD55
:10E42400044B0222C3F80423F5E71120704700BF10
:10E43400B44700200070004084990300F8B50546F5
:10E444000E461446414B93F82C30002B3BD03F4BE7
:10E454001B68002B3DD016F5006F40DBB4F5006F50
:10E4640043DAA64247DAB2B242EA04422B0103F18C
:10E47400804303F5E043C3F81C25072D41D86F0002
:10E484008021B94016F5006F41D0304843697E1CA5
:10E494004FF00042F240134343612D4BC3F8041381
:10E4A400072D41D84023BB4040F2FF72944241D033
:10E4B400264842694FF00041F9400A434261244A28
:10E4C400C2F80433F8BD234940F2692001F0ECFBA3
:10E4D400BDE7204940F26A2001F0E6FBBBE71D4995
:10E4E40040F26B2001F0E0FBB8E71A494FF41B70CF
:10E4F40001F0DAFBB5E7174940F26D2001F0D4FBD7
:10E50400B1E7154940F2D62001F0CEFBB7E70F483A
:10E5140043697E1C4FF00042F24023EA0203436148
:10E524000B4BC3F80813BBE70B4940F2D62001F0AC
:10E53400BBFBB7E7054842694FF00041F94022EAC6
:10E5440001024261024AC2F80833BBE7B447002023
:10E5540000700040849903001C9A030038B50446F7
:10E5640007282BD81C4B93F82C306BB31A4B1B7C0D
:10E5740083BB04F10C02184B03EB42031B792BB150
:10E58400154A92F82D30013B82F82D3004F10C022B
:10E59400114B03EB420300251D715D710F4A04F119
:10E5A4005103190102EB03135D60555040F2FF72F1
:10E5B4000B492046FFF742FF284638BD09494FF46E
:10E5C400B17001F071FBCDE7064940F2631001F030
:10E5D4006BFBCBE71120F0E7B4470020007000404C
:10E5E40000F8FFFF8499030010B5244B93F82C30F6
:10E5F4009BB1234C6FF00043C4F808330720FFF7A6
:10E6040085FC0123A36042F210731D4AD2F8142141
:10E614004AB9013BF9D1002306E01A4940F2071038
:10E6240001F042FBE5E7012333B10024144BC3F8A6
:10E634000045124B1C7406E012494FF4887001F037
:10E6440033FBF2E70134072C12D804F10C020B4B14
:10E6540003EB42031B79002BF4D0E0B2FFF77EFFFB
:10E664000028EFD007494FF48D7001F01DFBE9E756
:10E67400024B002283F82C2010BD00BFB4470020B9
:10E684000070004084990300002807DB00F01F029B
:10E69400400901239340024A42F82030704700BFEA
:10E6A40000E100E0002808DB4901C9B200F1604044
:10E6B40000F5614080F80013704700F00F00490135
:10E6C400C9B2014B1954704714ED00E0003A18BF69
:10E6D4000122022908D0032909D0012901D142F0DD
:10E6E4000202C0F85425704742F00402F9E742F0F0
:10E6F4000602F6E7430904D0012B0BD14FF6FF7352
:10E7040001E04FF0FF3300F01F0023FA00F000F0A7
:10E71400010070470023F6E710B504460068FFF7D0
:10E72400E9FF38B123681F2B0AD903F01F032360C4
:10E73400054810BD05494FF4F67001F0B5FAF1E74C
:10E744004FF0A040F5E700BF00030050AC85030084
:10E7540010B582B00C46019001A8FFF7DDFFA400BC
:10E76400019B03F5E07340F8234002B010BD00B5EF
:10E7740083B0019001A8FFF7CFFF019B03F5E0737D
:10E78400032240F8232003B05DF804FB00B583B0F6
:10E79400019001A8FFF7C0FF0123019A9340C0F83C
:10E7A4000C3503B05DF804FB00B583B0019001A8FB
:10E7B400FFF7B2FF0123019A9340C0F8083503B074
:10E7C4005DF804FB10B582B08446106820B100F0F7
:10E7D4006044B4F1005F34D1946824B104F060441F
:10E7E400B4F1005F2DD15468CCF84405CCF8484509
:10E7F4009068D268CCF83405CCF838250022CCF8DF
:10E804001821DCF818210192019A13F0010F1DD090
:10E814000122CCF8502513F0020F1BD00122CCF8B2
:10E82400402513F0080F02D10122CCF810200A6809
:10E83400A2B113F0040022D04023CCF80833002006
:10E8440002E000234B77102002B010BD0022CCF868
:10E854005025E0E70022CCF84025E2E7DCF8183147
:10E86400002BFBD0C87FFF280DD08B7F1BB1FFF797
:10E874008DFF0020E8E7FFF797FF0020E4E740233F
:10E88400CCF80433E0E70020DEE710B50446C07F8F
:10E89400FF2803D0A37F53B1FFF778FF00236377EA
:10E8A4002372204650F8083B6168984710BDFFF773
:10E8B4007BFFF3E738B505460C468B1EDBB2012B14
:10E8C40003D94B1FDBB2022B04D821462846FFF79D
:10E8D400E9FE38BD02496B2001F0E6F9F5E700BF17
:10E8E40060960300D0F81831B3B110B582B00C466D
:10E8F4000023C0F81831D0F818310193019B0B683C
:10E9040023B12046FFF7C1FF02B010BD034940F216
:10E91400972001F0C9F9F4E7704700BF749A030027
:10E9240008B502490248FFF7DDFF08BDE4470020AF
:10E934000030004008B503494FF04020FFF7D2FFF4
:10E9440008BD00BF0848002008B502490248FFF787
:10E95400C9FF08BD2C480020003002402DE9F047D3
:10E9640082B00646914698460D46002900F08A80FA
:10E97400347904EBC403534901EB83010B7F002B6F
:10E9840040F099803768504B53F824103846FEF70E
:10E9940069FF8246002840F091804A4B04EBC40290
:10E9A40003EB820143F82290C1F804802B7B012BF6
:10E9B4006DD92878FFF7F8FE2B78019301A8FFF7AB
:10E9C400ABFE019B03F5E073012240F8232095F888
:10E9D4000180B8F1FF0F5ED14FF0FF39A878FF280E
:10E9E40061D14FF0FF38A97804EBC402354B03EB37
:10E9F400820383F82010E878D877FF280ED02B798B
:10EA0400002B55D0FFF7C2FEE878FFF7B0FE297956
:10EA140004EBC4022B4B03EB820399772B78C7F8E2
:10EA24000835C7F80C95C7F81085AB68C7F82435C6
:10EA34006A7B297B3846FFF749FEAB79C7F8C035B6
:10EA44000723C7F8003504EBC4031E4A52F82330E9
:10EA540053B13068697940F30730FFF72BFF306812
:10EA640040F30730FFF710FE164B04EBC40203EB30
:10EA7400820200215177134601221A77504602B0D0
:10EA8400BDE8F0871149AD2001F00EF970E7287850
:10EA9400FFF77CFE90E7C1464046FFF777FE40460D
:10EAA400FFF765FE9AE780460121FFF751FE9AE7DA
:10EAB400FFF77AFEA8E74FF0080ADFE74FF0110AE4
:10EAC400DCE700BFE447002078DB0300749A03000E
:10EAD4002DE9F04106460D469046047904EBC40343
:10EAE400354F07EB83073B7F002B48D02B68002B67
:10EAF4004BD0AB68002B51D03379022B07D8EB688D
:10EB0400B3F5803F03D26B68B3F5803F04D32B4940
:10EB14004FF40C7001F0C8F804EBC402264B03EB6D
:10EB240082035B7F002B45D11346234A52F82330DE
:10EB34004BB118F0140F06D104EBC4021E4B03EBC7
:10EB4400820301225A7704EBC4021B4B03EB820CB1
:10EB54000CF10C0E95E80F008EE80F009CF81F00D6
:10EB6400FF2804D09CF81E300BB3FFF71DFE43466C
:10EB74002A4639463068FFF725FEBDE8F0810F4983
:10EB840040F22D2001F090F8B0E76B68002BB0D074
:10EB94000A4940F22E2001F087F8AAE7EB68002B1F
:10EBA400AAD0064940F22F2001F07EF8A4E7FFF72F
:10EBB400EDFDDCE71120E0E7E4470020749A030050
:10EBC400F0B583B005460F461646002401E0013433
:10EBD400E4B2B44215D2A00000F5A0704FF4803323
:10EBE400A3402A58002AF2D0D5F804231342EED0C9
:10EBF40000232B502B580193019B3B68796898475D
:10EC0400E5E703B0F0BD000008B50422024903485B
:10EC1400FFF7D6FF08BD00BF504800200080004029
:10EC240008B5042202490348FFF7CAFF08BD00BF24
:10EC34005C4800200090004008B5042202490348C3
:10EC4400FFF7BEFF08BD00BF6848002000A00040D9
:10EC540008B5062202490348FFF7B2FF08BD00BF0A
:10EC64007448002000A0014008B506220249034868
:10EC7400FFF7A6FF08BD00BF8048002000B0014098
:10EC840000B583B002900091019244F201007146F4
:10EC94006A4604F093FB03B000BD000030B585B0B4
:10ECA4004568002D48D00446037B002B46D1026002
:10ECB400EFF3058323B300230393009303AB0A46C6
:10ECC4000921284608F010F8012801D0042036E074
:10ECD40007F04CFC02460023009303AB06212846B0
:10ECE40008F002F80128F1D1039B0BB3164B4FF047
:10ECF40080525A6040BFBFF34F8FBFF36F8F17E04E
:10ED04000223009300230A460421284607F0ECFF5F
:10ED1400012801D0042012E007F022FC024602235D
:10ED2400009300230121284607F0DEFF012808D1C3
:10ED340001232373002002E0082000E0002005B036
:10ED440030BD0420FBE700BF00ED00E010B584B047
:10ED54000446406830B3EFF30583B3B10022039255
:10ED6400009203AB082107F0BFFF01280BD1039BDE
:10ED7400A3B10E4B4FF080525A6040BFBFF34F8F88
:10ED8400BFF36F8F0AE004200AE0022300930023FC
:10ED94001A46032107F0A8FF012805D1002020739B
:10EDA40004B010BD0820FBE70420F9E700ED00E003
:10EDB400EFF3108272B6114B9B68CBB930B40F4994
:10EDC40001238B600E4BD3F880400E4D2C400C6019
:10EDD400C3F88050D3F884404C604FF0FF31C3F83F
:10EDE40084100023037002B962B6002030BC70475F
:10EDF4000123037002B962B6002070478C480020DA
:10EE040000E100E0FC06FFBD094B9B686BB160B9F3
:10EE1400EFF3108172B6064B1868064A1060586802
:10EE2400506000229A6001B962B60020704700BFAA
:10EE34008C48002000E100E0EFF30583C3F30803EE
:10EE44003BB9EFF3148313F0010F0CBF0120002032
:10EE5400704701207047000010B50446FFF7ECFF2F
:10EE6400012803D12046FFF7A3FF10BD0249432028
:10EE740000F01AFFF6E700BF389B030010B5044604
:10EE8400FFF7DAFF012803D12046FFF7BDFF10BDCD
:10EE94000249512000F008FFF6E700BF389B030049
:10EEA40038B50546002402E0284698470134032C6F
:10EEB40005D8034B53F82430002BF5D1F6E738BDC1
:10EEC4000C4900200378013B052B34D8DFE803F01C
:10EED40003061120293100230B70704701230B70A6
:10EEE40003898B818388CB81C3688B6000230B7477
:10EEF400704702230B7003898B818388CB81C3689D
:10EF04008B60837D062B14BF002301230B74704791
:10EF140003230B70C3888B810389CB81C3688B6007
:10EF2400704704230B70C3888B810023CB818B60D3
:10EF3400704705230B707047884207D20368B3F10A
:10EF4400FF3F01D001207047002070470020704728
:10EF54004388033300EB8300704738B504460D46FD
:10EF6400FFF7F6FF85420CD3A2884FF6FF739A424F
:10EF740009D023884BB1A368B3F1FF3F07D0002029
:10EF840038BD0220FCE70120FAE70120F8E7012060
:10EF9400F6E7000060B10A4AD26882420AD8084AF9
:10EFA4001269824208D310F0030F07D10120704781
:10EFB40000207047002070470020704700207047F1
:10EFC400082B00200A4A00EB800302EB83031B8911
:10EFD4000B4400EB800002EB8002528912FA83F0AA
:10EFE40080B2B0F5806F8CBF00200120704700BF55
:10EFF400D0480020002301E001339BB2012B0ED83E
:10F0040003EB830C074A02EB8C0252688A42F3D268
:10F0140002F580528A42EFD903800020704748F2FB
:10F0240009607047D04800208B7D022B04D90389E6
:10F03400CA881344033303814389CA889B1A033B58
:10F0440043817047F8B5033086B240F2FE339E42E6
:10F0540025D80D46002401E00134A4B2012C1BD8AC
:10F0640004EB84030F4A12F82330002BF4D1314609
:10F074002046FFF7A7FF0028EED02C80094B04EBB5
:10F08400840203EB8202528904EB840703EB8703B7
:10F0940032445A81002001E048F20660F8BD48F28B
:10F0A4000860FBE7D0480020064A01EB810302EB2D
:10F0B40083035B8901EB810102EB81021B1A033B91
:10F0C40053817047D0480020F8B50E4600EB80000D
:10F0D400134B03EB80035C6804F580550868A0B10A
:10F0E400FFF736FF044629462046FFF725FF07466B
:10F0F40098B129462046FFF730FF012807D002289F
:10F104000AD00028EFD1346007E00834EBE720464A
:10F11400FFF71EFF0446E6E700273846F8BD00BFA8
:10F12400D048002030B583B005460C464068FFF750
:10F1340031FF20B12A89174B1B899A4218D000232A
:10F1440023802388012B23D80023019301A920883D
:10F15400FFF7BAFF0146B8B1019B2A68986890424C
:10F16400F4D16B600B4B1B892B81084603B030BD77
:10F174002A6869688B689A42E1D12046FFF73AFF12
:10F18400B0FA80F14909F0E7238801332380D8E7F6
:10F194000021EAE7B8480020F8B51C461F4B1B784D
:10F1A400002B34D005460F461646002A32D03CB90F
:10F1B40048F2046027E000232360A3880133A3807E
:10F1C400A388012B20D803EB8303154A12F82330BC
:10F1D400002BF2D12146A088FFF776FF0028EAD061
:10F1E40023681DB199882A889142F3D11FB11988E7
:10F1F4003A889142EED19B68336023687360094B6F
:10F204001B8933810020F8BD48F20960FBE748F20E
:10F214000160F8E748F20460F5E700BF20490020E8
:10F22400D0480020B84800200B4A138901331381C9
:10F234000023538013730CE003EB83018A00074916
:10F244008A5CB2FA82F25209034919448A72013380
:10F254009BB2012BF0D97047B8480020D048002059
:10F2640000B58646002301E001339BB2012B19D877
:10F274000E4A1A44927A002AF6D00C4A1A44002103
:10F28400917203EB83010A4A02EB8102D268002ADD
:10F29400EAD1074A02EB8102107C0028E4D0AEF8E0
:10F2A400003000E000205DF804FB00BFB8480020F7
:10F2B400D0480020044B5B685B880333034A918881
:10F2C40011FA83F393807047B8480020C84800209F
:10F2D40030B40E4804680E4B5B880E4903EB830C74
:10F2E4004FEA8C020A44556805605460B0F804C0C3
:10F2F400A2F808C00222828003EB830303FA02F21D
:10F30400114400230B7430BC704700BFC848002070
:10F31400B8480020D048002008B5124B1B78072BB2
:10F324000AD8DFE803F00409090A1016161AFFF7D1
:10F334007BFF0C4B01221A7008BDFFF7BBFF094B82
:10F3440002221A70F8E7FFF7C3FF064B06221A7071
:10F35400F2E7044B07221A70EEE7024B01221A70FF
:10F36400EAE700BFB848002008B50146014800F0AC
:10F3740019FD08BDF848002008B5064B05221A708F
:10F38400054902238B80002301220968034801F008
:10F39400D7F908BDB8480020C8480020082B002031
:10F3A40008B50D4B5B8803EB83010C4A02EB810229
:10F3B400D26872B9084A0421117003EB8303074928
:10F3C40001EB8301002301224968054801F0B8F9E3
:10F3D40008BDFFF7D1FFFBE7B8480020D048002064
:10F3E400082B002000B583B0002300930823044AAF
:10F3F40004490968044801F0D3F803B05DF804FB3C
:10F4040090DB0300C8480020082B002008B5044BFB
:10F4140007221A7000225A60FFF7E4FF08BD00BFFC
:10F42400B848002000B583B00146002300930823A8
:10F43400034A044801F0B4F803B05DF804FB00BFCC
:10F4440088DB0300082B002038B530B90B79032B77
:10F4540062D8DFE803F0081E3843324B00225A60BA
:10F464004FF4064005E001230B71FFF7BBFF0028B2
:10F4740052D138BD0A4603EB830189000020505461
:10F4840003EB830302EB83025068FFF7CBFF0123F6
:10F494000FE00023012B09D803EB8302224911F862
:10F4A4002220022AE6D001339BB2F3E7002348F27C
:10F4B4000E60002BDBD11B4B01221A7000225A6014
:10F4C40041F61D50D5E700230B71184902228A80AA
:10F4D40001220968164801F033F9C8E74FF0000C1F
:10F4E40081F804C0134B5B88104908680E4C03EB89
:10F4F400830204EB820255680D605060B1F804E0A9
:10F50400A2F808E002228A8003EB8303934004F804
:10F5140003C0FFF787FFAAE7024B00225A6048F2B4
:10F524000D60A6E720490020D0480020C8480020EC
:10F53400082B0020B848002008B5064B06221A7094
:10F544005B8803EB83039A00034B13445868FFF76B
:10F5540069FF08BDB8480020D048002000B583B03A
:10F5640002238375002300930423C218044801F086
:10F5740017F810B903B05DF804FB48F20D60F9E721
:10F58400082B002000B583B0036973B1032383758E
:10F5940000230093042300F10C020831054800F015
:10F5A400FFFF20B903B05DF804FB0123EFE748F245
:10F5B4000D60F7E7082B002000B583B001238375A5
:10F5C400C388002200929B0002690C31044800F0B9
:10F5D400E7FF10B903B05DF804FB48F20D60F9E7EA
:10F5E400082B002000B583B00378032B0ED006232C
:10F5F400837500230093042300F10802194406488C
:10F6040000F0CEFF20B903B05DF804FB0523EFE75B
:10F6140048F20D60F7E700BF082B002010B582B058
:10F624000C46002300930423084A0146084800F0CE
:10F63400B7FF40B904EB8404064B03EB84030122B7
:10F644001A7402B010BD48F20D60FAE784DB0300BF
:10F65400082B0020D048002070B50C468B8A03EBA1
:10F6640083022B4E06EB820688B9294A03EB8301F9
:10F6740002EB81014D680B8905EB8305A37D062B05
:10F684000BD8DFE803F0162E22280D343E00304656
:10F69400FFF7CAFC4FF4064515E048F20E650EE08C
:10F6A4001C4800234360A36903601B49FFF73AFD2C
:10F6B40050B329462046FFF751FF05461DB12146A8
:10F6C4003046FFF7B1FC284670BD29462046FFF7B7
:10F6D40059FF0546F2E729462046FFF76DFF054628
:10F6E400ECE729462046FFF77DFF0546E6E70623BB
:10F6F400A375094B1988074B5868FFF78FFF054618
:10F70400DCE741F61D55DAE748F20965DBE700BF9F
:10F71400D0480020A4480020A048002010B584B0A0
:10F7240004460023009301930293C36800930DF1F0
:10F734000E016846FFF7F6FC18B948F2096004B0F8
:10F7440010BD01988388E38003882381BDF80E10DF
:10F75400FFF764FFF3E7000000B583B00B4842688D
:10F764000B4B1968B3F804C0538803339BB24FF0B2
:10F77400030E80F800E0002000909B0001EB8C0158
:10F78400044800F00DFF03B05DF804FBB848002006
:10F79400C8480020082B002008B5064931F8020C9F
:10F7A400FFF792FC10B1FFF7D7FF08BDFFF7F8FD94
:10F7B400FBE700BFBC48002008B50748FFF750FD31
:10F7C40010B1FFF7E9FF08BD044B00221A705A80FC
:10F7D4005A6041F61D50F6E7BA480020B8480020A8
:10F7E40030BB08B5154B1B7B6BB1144B00221A734D
:10F7F400124B1B78013B062B1DD8DFE803F0070AE8
:10F804000D101C131600FFF787FDF1E7FFF7D4FF77
:10F8140008BDFFF7C1FFFBE7FFF79EFFF8E7FFF71F
:10F82400BFFDF5E7FFF788FEF2E7FFF7EFFDEFE72F
:10F834004FF40640704748F20E60E9E7B8480020EC
:10F8440000B585B0094B01AA00210630FFF7A4FCDE
:10F8540038B9064B99880298FFF7E0FE05B05DF8C9
:10F8640004FB024B00221A605A60F7E79848002014
:10F87400B0B908B50B79012B08D0022B13D0ABB962
:10F8840002230B710846FFF749FF0EE00846FFF715
:10F89400D7FF48F20963984207D141F61D5004E0AE
:10F8A4004FF40640704741F61D5008BD48F20E6003
:10F8B400FBE7000008B50146014800F07FFA08BDE7
:10F8C400F848002008B5084B1B683BB101210648E5
:10F8D40000F02FFB003818BF012008BD03494FF486
:10F8E400247000F0E1F9F1E71C490020D89B0300E3
:10F8F40010B586B004462CE02E48FFF735FD2E4B9C
:10F9040018602AE02D494FF4B46000F0CDF928E0E6
:10F914002046FFF799FD002849D000230193029364
:10F9240003930493059341F61D5398423DD00290EE
:10F93400214C01A92068FFF7C5FA01A8FFF7B0FA26
:10F94400002323601B48FFF7B5FFFFF7BBFF70B32D
:10F954000024194B1B68002BCED0174B1B68002BBF
:10F96400D0D0154B19680B78013B052B1AD801A28E
:10F9740052F823F015F9020091F9020091F90200FE
:10F9840099F9020099F90200A1F902002046FFF753
:10F9940063FEC0E72046FFF76BFFBCE72046FFF796
:10F9A4001FFFB8E748F20E60B7E70020BFE706B0D4
:10F9B40010BD00BFB0480020B4480020D89B03000D
:10F9C40008B54068FFF794FF08BD000008B50121A1
:10F9D400014800F0A3FA08BD0849002008B5014613
:10F9E400054800F0C8F90022026042608260C260EB
:10F9F40002614261826108BDF848002008B50146F1
:10FA0400014800F0C4F908BDF848002008B50121F8
:10FA1400034800F078FA00B108BDFFF769FFFBE77F
:10FA24001C4900202DE9F04383B00C46384909787D
:10FA340000295DD005469846002C5CD021884FF6FD
:10FA4400FF7399425AD06388002B5AD0676817F025
:10FA5400030759D1002A33D01388ADF80630B2F821
:10FA640002906846FFF7BAFF0646002833D080F8B4
:10FA7400008000238375BDF80630838263680361C8
:10FA8400FFF7A4FFF060238833816388B380A6F86E
:10FA94000690B8F1030F26D0002373816846FFF760
:10FAA400ADFF3DB100236B60F2682A60AB72194B65
:10FAB4001B892B81FFF7AAFF384603B0BDE8F0830A
:10FAC400B4F808900DF106014846FFF7BBFA002888
:10FAD400C7D00746F0E7BDF806104846FFF7E4FA3A
:10FAE40048F20767E8E70423B3752B68B361D3E7EB
:10FAF40048F20167E0E748F20467DDE748F203678C
:10FB0400DAE748F20367D7E748F20267D4E700BFB1
:10FB140020490020B848002010B370B582B00C46CC
:10FB2400054601B30DF10601FFF7FCFA18B948F2D6
:10FB3400096002B070BD6E68BDF8063003EB830047
:10FB440080000830094B18440121043000F0E6F924
:10FB540026606B680C3363600123AB720020E8E716
:10FB640048F20460704748F20460E2E7D04800209D
:10FB7400F8B110B582B004460DF10601FFF7D2FAD0
:10FB8400D0B1BDF8063003EB8301104A02EB8102C9
:10FB9400D268AAB1A27AB2B10C4A02EB8101C96857
:10FBA400013903EB830302EB8302D1600020A072CE
:10FBB40004E048F20460704748F2096002B010BDE6
:10FBC40048F20560FAE748F20560F7E7D0480020FC
:10FBD40008B502230022FFF725FF08BD28B108B5A8
:10FBE40003230022FFF71EFF08BD48F2046070479C
:10FBF400114B1B78BBB110B582B004464FF6FF73AE
:10FC0400984213D001A8FFF7E9FE90B105220270D3
:10FC140001220271C48001A8FFF7F0FEFFF7F6FE8F
:10FC2400002002B010BD48F20160704748F2036042
:10FC3400F7E748F20760F4E72049002000B583B0F5
:10FC4400ADF80600ADF8041001A90DF10600FFF7A8
:10FC5400A3FA03B05DF804FB00B583B01346ADF816
:10FC640006000A460DF106010020FFF795FA03B0DD
:10FC74005DF804FB00B583B01346ADF806000A46F0
:10FC840000210DF10600FFF787FA03B05DF804FBCD
:10FC940020B131B103680B600020704748F2046062
:10FCA400704748F20460704700B583B0009001913A
:10FCB4006A46002144F2020003F080FB03B05DF8C1
:10FCC40004FB82B050E8013F1FFA83FCC2899444CC
:10FCD4008289944528BFACEB020C0289944502BF8B
:10FCE400BFF32F8F002007E0CCEA030C40E801C2E9
:10FCF400002AE7D14FF001008DF807000093009B24
:10FD04000B609DF8070002B0704750E8012FC2EA6B
:10FD1400024240E80123002BF7D1704782B050E83B
:10FD2400023F1FFAA3FCC288944502BFBFF32F8F82
:10FD340000200EE0C28994448289944528BFACEB2C
:10FD4400020CC3EA0C4C40E802C2002AE7D14FF08F
:10FD540001008DF807000093009B0B609DF80700DD
:10FD640002B0704750E8022FC2EA224240E8022360
:10FD7400002BF7D1704738B505460C46FFF7A1FFB5
:10FD840018B128682388184438BD0020FCE708B55A
:10FD94000A884B889A4201D0002008BDFFF7B5FFBE
:10FDA4000120FAE738B505460C46FFF7B7FF18B14E
:10FDB40028686388184438BD0020FCE708B50A8821
:10FDC4004B889A4201D0002008BDFFF7CBFF0120E9
:10FDD400FAE708B54B0901F01F01012202FA01F10B
:10FDE40000EB830000F06EF808BD10B54B0901F07C
:10FDF4001F040121A14000EB830000F058F8E0400B
:10FE040000F0010010BD08B54A0901F01F010123EB
:10FE140003FA01F1C94300EB820000F069F808BD60
:10FE24004B0950F8230001F01F01C84000F0010005
:10FE340070472DE9F04106460F46002518E02023BF
:10FE440000E020231F2B12D803EB4514A7420ED940
:10FE540021463046FFF7C9FFE0B1D8F80030DB4354
:10FE640093FAA3F3002BECD0B3FA83F3EAE701355A
:10FE74007B1E5B090133AB420BD906EB850856F8B0
:10FE84002530DB4393FAA3F3002BD8D0B3FA83F3E2
:10FE9400D8E73C462046BDE8F081034653E8000F0E
:10FEA4000A4643E8002C9CF0000FF7D17047034644
:10FEB40053E8000F40EA010243E8002C9CF0000FD5
:10FEC400F6D17047034653E8002F42EA010043E8A5
:10FED400000C9CF0000FF6D17047034653E8000F66
:10FEE40000EA010243E8002C9CF0000FF6D17047B1
:10FEF400034653E8002F02EA010043E8000C9CF09B
:10FF0400000FF6D17047034653E8000F00EB0102DF
:10FF140043E8002C9CF0000FF6D17047034653E8E9
:10FF2400002F02EB010043E8000C9CF0000FF6D117
:10FF34007047034653E8002FA2EB010043E8000C8E
:10FF44009CF0000FF6D1704708B50121FFF7BAFF06
:10FF540008BD08B50021FFF7C0FF08BD38B50C4641
:10FF6400054620B1EB68288A00FB043038BD0249FD
:10FF7400E820FFF799FEF5E76C9C030038B50C46C2
:10FF8400054630B1EB68E01A2B8AB0FBF3F0C0B23F
:10FF940038BD0249F520FFF787FEF3E76C9C0300A8
:10FFA40000283DD010B50446036873B163688BB173
:10FFB400A368ABB1E368CBB1238AEBB1A2686368F1
:10FFC400D21AD2B221680B6022E01649FF20FFF753
:10FFD4006BFEEBE713494FF48070FFF765FEE7E72C
:10FFE400104940F20110FFF75FFEE3E70D494FF4BB
:0CFFF4008170FFF759FEDFE70A4940F278
:020000023000CC
:100000000310FFF753FEDBE721680A68501C086005
:1000100013701A46531EDBB2002AF5D12368002064
:10002000187110BD0E2070476C9C030030B583B072
:100030000446E8B100238DF807300DF10700FEF704
:100040000DFF2268136861688B4217D9591E116031
:1000500013F8011C2046FFF783FF0546A3682268BA
:1000600011685B1ADBB21179994208D2137106E06C
:1000700006494FF49270FFF719FEDBE700259DF863
:100080000700FEF7FDFE284603B030BD6C9C030060
:1000900070B582B00C460646B0B1DCB100238DF8D5
:1000A00007300DF10700FEF7D9FE33681D686A1CA2
:1000B0001A6021463046FFF763FF28709DF807005D
:1000C000FEF7DEFE02B070BD054940F24710FFF7B3
:1000D000EDFDE2E702494FF4A470FFF7E7FDDDE72D
:1000E0006C9C030010B5044640B1A2682AB1636954
:1000F0002168206998470023A36010BD0249312080
:10010000FFF7D4FDF1E700BF089D03000EB430B542
:1001100082B0059D0446A0B16369BBB12368D3B129
:100120006368EBB145B10023019306AB019301AACB
:100130002946204600F026F902B0BDE8304003B061
:1001400070470A494220FFF7B1FDE5E70749432020
:10015000FFF7ACFDE2E705494420FFF7A7FDDFE725
:1001600002494520FFF7A2FDDCE700BF089D030020
:1001700038B504460D460A2909D02268A368591CDF
:10018000A160D554A26863689A4204D238BD0D219B
:10019000FFF7EEFFF1E72046FFF7A4FFF6E70000C8
:1001A0002DE9F84F82460F4615461E46DDF8289089
:1001B0000B9A0B464FF0010803E0B3FBF5F308F18F
:1001C0000108AB42F9D2B04500D2B04612F0010BA3
:1001D00013D1B9F1000F10D012F0020F0FD086B179
:1001E000202405E009F1FF3921465046FFF7C0FF02
:1001F000B9F1000F01D0C145F4D8012406E0202454
:10020000F6E73024F4E7013E05FB04F4012EFAD8AA
:10021000B7FBF4F39D42F7D9B7FBF4F304FB137774
:100220000E4AD15C5046FFF7A3FF2346B4FBF5F41A
:10023000AB42F1D2BBF1000F02D0B9F1000F07D1F0
:10024000BDE8F88F09F1FF3920215046FFF790FFF4
:10025000B9F1000FF4D0C145F4D8F1E798DB030001
:100260002DE9F04782B080460F46144699460A9E13
:10027000DDF82CA081EAE17CACEBE17C012502E019
:100280009CFBF4FC01356445FADD4D4500D24D463A
:100290002EB1002F02DB1AF0040F00D0013E1AF03D
:1002A000020F02D0B9F1000F03D01AF0010F00D1F4
:1002B000CEB9002F1CDB1AF0040F1FD10AF0030384
:1002C000022B20D0CDF804A000964B46224639469A
:1002D0004046FFF765FF02B0BDE8F087013E2021F0
:1002E0004046FFF745FF002EE3D0AE42F6D8E0E7E8
:1002F0007F422D214046FFF73BFFDFE72B214046A1
:10030000FFF736FFDAE7B9F1000FDBD12EB9D9E7F5
:10031000013E30214046FFF72BFF002ED2D0AE42E7
:10032000F6D8CFE7F8B506460C46154613F0010798
:100330000ED1E1B1084607F0EEFB074617E00134A5
:1003400001373046FFF714FF21780029F7D106E086
:100350000027F9E7013D20213046FFF709FFBD42A4
:10036000F8D8F8BD013D20213046FFF701FFBD421E
:10037000F8D803E001343046FFF7FAFE217800296F
:10038000F8D1EEE7F0B583B00C461646054648B105
:100390006B696BB12B688BB16B68ABB1002C40F013
:1003A0008B80DAE0704940F25220FFF77FFCEFE7E4
:1003B0006D494FF41570FFF779FCEBE76A4940F29D
:1003C0005520FFF773FCE7E7674940F25620FFF737
:1003D0006DFCE3E70027012303E047F00107013448
:1003E00083B121782D29F8D0302903D02B2905D0CD
:1003F0000023F5E747F002070134F1E747F004076F
:100400000134EDE700222A290CD02178A1F1300037
:10041000C0B209280CD8013402EB820201EB42027F
:10042000303AF0E73368191D31601B681A44013413
:1004300023782E2B02D00023217811E001340023F1
:100440002178A1F13000C0B20928F5D8013403EBBE
:10045000830301EB4301A1F13003F1E714F8011F1D
:100460006C29FBD06829F9D025296FD020D37829B1
:100470001ED858291CD35839202919D8DFE801F093
:100480003C181818181818181818181126181818C1
:10049000182618181818181850181847183118184E
:1004A0003C0033681A1D326019782846FFF760FE59
:1004B00001342378002B4ED014F8011B00294AD0B8
:1004C000252987D02846FFF753FEF2E73168081D3B
:1004D00030600968019700920A222846FFF7C0FEA3
:1004E000E6E73168081D30600968019700920A222A
:1004F0002846FFF755FEDBE73168081D30600968C4
:100500000197009210222846FFF74AFED0E7316893
:100510000B1D33603B4609682846FFF703FFC7E71A
:1005200033681A1D32601F6830212846FFF720FE0D
:1005300078212846FFF71CFE00230193082300932F
:10054000102239462846FFF72BFEB1E72521284621
:10055000FFF70EFEACE72B7B0BB903B0F0BD2846CE
:10056000FFF7C0FDF9E700BF9C9D0300C3688B4205
:1005700006D8114401390369994203D90020704714
:10058000002070470120704710F0030F0CBF0120BE
:100590000020704743681B68013B0B420CBF0120E1
:1005A000002070472DE9F04182B0002831D00E467E
:1005B00015461C460746002A3BD0D0F80080B8F10B
:1005C000000F46D0002B54D043685A68B4FBF2F3B6
:1005D00002FB1343002B5CD10846FFF7D5FF002830
:1005E00067D02846FFF7D0FF002872D02246314658
:1005F0003846FFF7BBFF00287BD0D8F80C80089B5B
:10060000009323462A4631463846C04702B0BDE82B
:10061000F0814048404BC01AC00800040E240094EA
:100620003E4B3F4A3F4940F0010000F08CFF20461E
:10063000ECE73848384BC01AC00800040E24009478
:10064000364B394A374940F0010000F07CFF204624
:10065000DCE73048304BC01AC0080004082400947E
:100660002E4B324A2F4940F0010000F06CFF20462B
:10067000CCE72848284BC01AC0080004092400947D
:10068000264B2B4A274940F0010000F05CFF204632
:10069000BCE72048204BC01AC0080004092400947D
:1006A0001E4B244A1F4940F0010000F04CFF204639
:1006B000ACE71848184BC01AC00800041024009476
:1006C000164B1D4A174940F0010000F03CFF204640
:1006D0009CE71048104BC01AC00800041024009476
:1006E0000E4B164A0F4940F0010000F02CFF204647
:1006F0008CE70848084BC01AC00800041024009476
:10070000064B0F4A074940F0010000F01CFF20464D
:100710007CE700BF387D0300C07C0300BCDB030026
:10072000349E03003C9E0300C89E0300709E03009D
:10073000849E0300D09E0300FC9E0300149F0300D0
:10074000389F03002DE9F04182B0F0B1884614468D
:100750001F460546066846B3002A36D0FFF71AFF43
:10076000002842D06B681A6804FB02F24146284612
:10077000FFF7FCFE002848D036693B46224641463A
:100780002846B04702B0BDE8F0812848284BC01A7F
:10079000C00800040E240094264B274A274940F045
:1007A000010000F0D0FE2046ECE72048204BC01AA4
:1007B000C0080004082400941E4B214A1F4940F041
:1007C000010000F0C0FE2046DCE71848184BC01AB4
:1007D000C008000409240094164B1A4A174940F037
:1007E000010000F0B0FE2046CCE71048104BC01AC4
:1007F000C0080004102400940E4B134A0F4940F027
:10080000010000F0A0FE2046BCE70848084BC01AD3
:10081000C008000410240094064B0C4A074940F01D
:10082000010000F090FE2046ACE700BF387D0300D9
:10083000C07C0300A8DB0300349E03003C9E030041
:10084000709E0300849E0300609F0300889F030046
:1008500029DF704728DF704703689B68002B28D08A
:1008600000B587B000230093019302930393049390
:100870000593019183680593037953B1012B11D13D
:1008800002238DF80030C3681B030293436904936D
:1008900008E001238DF8003003690293C3680393D5
:1008A0004369049303689B686846984707B05DF8FE
:1008B00004FB704710B542698369D21AB2F5805FB4
:1008C00028BF4FF4805292080469C168012A38BFDA
:1008D000012219441819FFF7BBFF10BD08B5C26803
:1008E00000691044FFF7B6FF08BD0000114B00225D
:1008F000DA6003791BB1012B0FD0104670474269B3
:100900008369D11AB1F5805F94BF5B1803F58053FA
:1009100083619A4209D00020704703690133036163
:100920004269934203D000207047012070470120A4
:10093000704700BF30490020064AD3680133D360B6
:10094000082B01D80020704713460022DA600120EE
:10095000704700BF30490020034B01225A74187AB7
:10096000B0FA80F0400970473049002008B50249CC
:100970000248FFF725FA08BD284900204449002015
:1009800008B505490548FFF70FFA054B1860003810
:1009900018BF012008BD00BF28490020444900209D
:1009A0002C49002008B51A4B1B7AA3B1184B022220
:1009B0001A72184B18680379ABB1012B1CD00321B4
:1009C000144B1868FFF748FF114B00221A725A6047
:1009D000FFF7CCFF08BDFFF7D3FF0028E6D10C4B93
:1009E00000225A60F6E7FFF765FF40B11128E6D113
:1009F000074B01221A72EDE7FFF770FFF5E7044B92
:100A00001B7C002BE6D10021022000F005F8E1E775
:100A1000304900202C490020831E012B2DD810B511
:100A20000446164B1B7A53B1022B03D1022807D080
:100A3000032818D0114B5B7CE3B9FFF7B3FF10BD5F
:100A40000F4B1868FFF752FF0028F3D00B4B002222
:100A50001A720B4B1868022C0AD00D21FFF7FCFE0E
:100A6000FFF784FFE6E7064B1868FFF765FFEBE743
:100A70001146F3E701F0C6F9E1E77047304900207D
:100A80002C490020012802D0032800D0704708B567
:100A9000054B00225A74012814BF0020012018744D
:100AA000FFF780FF08BD00BF304900202DE9F04F5F
:100AB00083B0884601929B469DF830900446D0B1A1
:100AC000B4F806A0637903FB0AFAAAF1040ADA452E
:100AD00016D9E7880BF10403B3FBF7F607FB1633CF
:100AE000019A156805EB0B02524501D9AAEB0B05DB
:100AF000019A15600BE01949B620FFF7D7F8DFE738
:100B00001649C420FFF7D2F8E3E72468013E002E1F
:100B1000FBD1A7EB030AAA4528BFAA46B3460DE0BE
:100B200052460146184607F00DF82468A5EB0A0561
:100B3000D344BA46AF4228BFAA4633465DB108EB5C
:100B40000B0023440433B9F1000FE9D05246194693
:100B500006F0F8FFE9E703B0BDE8F08FE89F030077
:100B600008B5FFF71FFA08BDF8B501464679701EB3
:100B70000A46002301E0126801338342FBD3176861
:100B8000002405E00D683846FFF782FA0134294653
:100B9000A642F7D8F8BD2DE9F8430746048A231F7B
:100BA00019440331B1FBF3F8FFF740FA0646F8B1F8
:100BB0000025057101234371043CC4805FFA88F865
:100BC00008F1FF3807608146454511D23846FFF7E6
:100BD0002DFA044640B1737901337371C9F80000EE
:100BE000076001358146EFE73046FFF7BDFF264637
:100BF0003046BDE8F88308B501210430FFF790F9CD
:100C000008BD10B5044601210430FFF794F910F037
:100C1000FF0F00D010BD2046FFF7A6FFFAE7000047
:100C200010B584B0144603920022009203AAFFF785
:100C30003DFF039BA34201D104B010BD0249F62041
:100C4000FFF734F8F8E700BFE89F030010B584B061
:100C5000144603920122009203AAFFF727FF039B89
:100C6000A34201D104B010BD02494FF48070FFF7D8
:100C70001DF8F7E7E89F030082680023936082680D
:100C80001361826853618268D360826853608268AE
:100C90001360704738B50C46054638B15CB12C601E
:100CA00023686B60626893420AD038BD06495020C1
:100CB000FEF7FCFFF2E704495120FEF7F7FFEEE7ED
:100CC00000236B60F1E700BF84A0030010B5044669
:100CD00058B1236873B1636833B1226891680B44DB
:100CE0006360526893420AD010BD06496320FEF744
:100CF000DDFFEEE703496420FEF7D8FFEBE70023B2
:100D00006360F1E784A003000E49A1F5947291425B
:100D100015D9A1EB020C4FEADC7303EBEC035B107B
:100D200002EBC30C52F83330834201D96146EEE73F
:100D300002D20CF10802EAE7DCF804007047002058
:100D4000704700BFF8DC030008B5FFF7DDFF00B116
:100D500008BD0148FCE700BFF8DC0300704770479E
:100D600000B583B0044B00934FF48063034A00F056
:100D700033F803B05DF804FB810D030054490020F3
:100D80000AB3F8B50F4614460326002503E00E4BC0
:100D900001221A70B4B122467919002000F044FEF5
:100DA0000544241A0028F2D1074B1B7853B1074B96
:100DB0004FF47A4043F001039847013EE7D1024BDC
:100DC00000221A70F8BD7047544D002010DD03005A
:100DD00008B500F083FE08BDF0B595B00E46154687
:100DE0001C460846FFF707FF0E950F94002310934B
:100DF0008DF8443012931A9A1392082208A93046AB
:100E0000FFF724FF0A9B0B93BDF82430ADF8303078
:100E1000BDF82630ADF8323001238DF835309DF81D
:100E2000203003F00303012B06D0022B21D03046E3
:100E3000FFF7E7FE15B0F0BD089DC5F395259DF8B9
:100E40002030C3F3C2038DF83430BDF82040C4F322
:100E500083140823A2000DEB03013046FFF7F6FED2
:100E60000EAB00930BAB224602A9284600F02AFCE9
:100E7000DDE7BDF82250C5F389159DF82030C3F396
:100E8000C2038DF8343008272C46082D28BF0824CB
:100E90003B46224602A93046FFF7D8FE27442D1BC9
:100EA0000EAB0BAA214602A800F06EFC002DEBD180
:100EB000BDE7000008B5FFF78BFF0421064800F0EE
:100EC00083FB002803DB054B01225A7108BD04494E
:100ED0004120FEF7EBFEF6E7A07D0300342B002057
:100EE00024A50300037813F0040F19D003F00303C3
:100EF000012B03D0022B0AD0012070470388C3F3D3
:100F000083130A68134402330B600120704743883F
:100F1000C3F389130A68134402330B60012070473E
:100F200000207047002002E001238BB9013009281E
:100F30000CDC084BD3F81034002BF5D0DB681A79A1
:100F4000824201D01B68F7E70023EEE74FF0FF3045
:100F5000704700BF584D002010B584B02D4C20467E
:100F6000FEF7F4FF201FFEF7F1FFA4F58364A368EA
:100F70000393DBB2023304EB8304201D06E09DF8EB
:100F80000C300233244800EB8300043003A9FFF740
:100F9000A9FF0028F3D100220BE0039B591C039109
:100FA000DBB202331C4901EB83035B684DF822304E
:100FB0000132012AF1D99DF8003003F00303012B1F
:100FC00016D0022B1ED1BDF80640BDF80230C3F387
:100FD00089130333039A02EB930203920F48FEF73F
:100FE000BAFF10B10C4B039A9A60204604B010BDB2
:100FF000BDF80640BDF80020C2F38312039B1344E2
:101000000393EBE706494FF4C270FEF74FFE00244E
:10101000E4E700BF70510020584D00206C510020C3
:10102000E0A50300F0B583B006460C461746851CC4
:1010300000238DF807300DF10700FDF70FFF1E4B61
:101040005A6822609B689B1A03F5807311E01B4C61
:1010500001212046FEF764FFFFF77EFF0146204690
:10106000FEF75EFFA4F21C44A36862689B1A03F5B6
:101070008073AB42EBD30022B7B1012363F30102CB
:1010800042F0040266F389120B484168CBB2023386
:1010900000EB83035A60294441609DF80700FDF787
:1010A000EFFE012003B0F0BD022363F3010242F022
:1010B000040266F39F52E7E7584D00207451002068
:1010C00010B5074B01221A700648FFF749FD044688
:1010D00008B1204610BD0448FFF7CEFDF9E700BF78
:1010E000584D0020AC7C030024DD03000248034B74
:1010F000C01AC008704700BFA07D0300C07C030079
:1011000099B110B50446FFF7F1FF002383420AD2DC
:10111000074A32F823102268914201D00133F5E7E3
:101120002360002000E0052010BD0020704700BFB4
:101130001C2B00202DE9F04706460F4690461D4621
:10114000DDF82090040C00211A48FEF7A8FE80F379
:10115000100AFFF7CBFFA04225D96B1C03EA090355
:1011600044EA0A42144C023304EB83035A6005EA52
:101170000905023504EB85031A7966F3C5021A7175
:101180009A8868F389129A805A6867F39F225A6096
:101190001A79012161F301021A71D2B222F004021C
:1011A0001A71BDE8F087054940F2A910FEF77EFDEF
:1011B000D3E700BF74510020584D0020E0A5030084
:1011C00000B583B0019001A8FFF79AFF30B9019AEA
:1011D000034B53F8320003B05DF804FB0020FAE73C
:1011E000C07C0300094B03EBC0030139032909D874
:1011F000DFE801F0020A0406022070471879704700
:10120000587970470020704704207047C07C030065
:10121000034B98685B68984214BF00200120704718
:10122000584D00202DE9F04186B0FFF7F1FF00286E
:1012300040F01F81044690480023C0F81834BFF3E3
:101240004F8F83680593DBB2023300EB83000430D9
:1012500005E0DBB20233884800EB8300043005A9C7
:10126000FFF740FE30B3844BD3F8183423BB824BD6
:101270005A68059B9A42ECD87F4B9A60F5E0059B33
:10128000591C0591DBB202337B4901EB830359689A
:1012900002AB43F822100132012AF0D99DF8083040
:1012A00003F00303022B09D0012B6DD0724BD3F84E
:1012B0001044C9E00022EFE70022EDE7BDF80A3054
:1012C000C3F38916B046502E28BF4FF0500868F37C
:1012D0008F13ADF80A3008F108016848FFF75BFC8E
:1012E00005460028E2D0FFF786FC002308220DEB1C
:1012F00002012846FFF794FC0599CB43DBB201338A
:101300009F00B8EB830F33D91FBB5FFA88F7002427
:101310005B49A04608233A462846FFF781FC07F1BF
:10132000080324B1424621462846FFF779FC0336DC
:10133000059B03EB96030593002DB7D04E4BD3F8D6
:101340001044D3F81834002B57D02846FFF759FC27
:1013500086E0C9B20231484C04EB81010431FFB28E
:101360005FFA88F8A8EB07085FFA88F80C34D1E731
:10137000CBB20233404901EB8301082342460431DA
:101380002846FFF74DFCD2E7BDF80820C2F38313CF
:10139000062B28BF062363F38912ADF80820023319
:1013A00099003648FFF7F7FB054600283FF47EAF6B
:1013B000FFF721FC002308220DEB02012846FFF76E
:1013C0002FFC002408260FE0059B5A1C0592DBB277
:1013D0000233294901EB8301334604221144284694
:1013E000FFF71EFC04360134BDF80830C3F3831345
:1013F000A342E9D8A0E7E3681C684CB1E3685B79D5
:10140000002BF8D023681B68294620469847F2E74E
:101410002846FFF7F6FB00238DF807300DF1070093
:10142000FDF71CFD144BD3F8183413B9124B059A71
:101430009A609DF80700FDF723FD11E023689B6883
:1014400020469847E3681C68002CF7D10D480E4BE6
:10145000C01AC00800040D4940F0020000F058F81E
:10146000FFF7D6FE80F00104E4B2204606B0BDE8E6
:10147000F0810024F9E700BF584D0020AC7C030048
:10148000644D0020107D0300C07C030084A603008F
:101490002DE9F04184B00746884616461D460122D4
:1014A00003A91846FFF7BEFDC8B1039B991C4FF076
:1014B000000C0BE0CAB20232144C04EB820E56F858
:1014C0002C20CEF804200CF1010C0131AC45F1D3F5
:1014D000FF2200922A4641463846FFF72BFE0B4B6F
:1014E0001B7813B904B0BDE8F08100238DF80B30F0
:1014F0000DF10B00FDF7B2FCFFF794FE0028FBD1C5
:101500009DF80B00FDF7BCFCECE700BF584D002038
:1015100008B500231A46FFF7BBFF08BD00B583B02E
:101520000192012301AAFFF7B3FF03B05DF804FBAA
:1015300000B583B00092019302236A46FFF7A8FF2B
:1015400003B05DF804FB00B585B001920293069BE1
:101550000393032301AAFFF79BFF05B05DF804FB8B
:1015600000B585B000920193069B0293079B0393FD
:1015700004236A46FFF78CFF05B05DF804FB00B555
:1015800087B001920293089B0393099B04930A9BE3
:101590000593052301AAFFF77BFF07B05DF804FB65
:1015A00000B587B000920193089B0293099B0393B7
:1015B0000A9B04930B9B059306236A46FFF768FF7B
:1015C00007B05DF804FB000010B50446FFF7AAFC65
:1015D000B0F1FF3F0ED0E36818710A4BD3F8103416
:1015E0004BB1DA68E36812681A60064BD3F810341E
:1015F000DB681C6010BD034BC3F81044E368002295
:101600001A60F7E7584D002070B582B004460D46C9
:10161000C388A3B9217A05290FD0637ABBB9227A8E
:10162000104B53F822600021A088FFF7C9FD034644
:1016300032460D492846FEF769FD02B070BD0B4ADF
:1016400000920B4A0B492846FEF760FDE2E7A088AE
:10165000FFF7C8FD084B53F8202008492846FEF73D
:1016600055FDDCE754DD0300C8A60300BCA603005B
:101670009CA60300A4A6030030DD0300C4A603005B
:1016800010B50C46037A052B0FD0437A3BB90A49B3
:101690002046FEF73BFD2046FEF724FD10BD074A1D
:1016A00007492046FEF732FDF1E7002AF3D0024950
:1016B0002046FEF72BFDEEE76C850300BCA6030079
:1016C000C4A603002DE9F04385B081460D4690463F
:1016D0001E460C9C277B0023237321463046FFF7D0
:1016E00093FFB8F1060F09D8DFE808F00411171EC0
:1016F00027323F0049462046FEF708FD00222146DA
:101700003046FFF7BDFF277305B0BDE8F0832A68B8
:1017100049462046FEF7FAFCF0E76B682A6849461E
:101720002046FEF7F3FCE9E7AB6800936B682A6894
:1017300049462046FEF7EAFCE0E7EB680193AB6818
:1017400000936B682A6849462046FEF7DFFCD5E720
:101750002B690293EB680193AB6800936B682A686E
:1017600049462046FEF7D2FCC8E76B6903932B6914
:101770000293EB680193AB6800936B682A68494653
:101780002046FEF7C3FCB9E7082900D970472DE9C8
:10179000F04707460E4690461D4693F80C900024ED
:1017A0001C7319461046FFF72FFF04E01C4928461A
:1017B000FEF7ACFC0134072C07D8B442F6D23A5DF0
:1017C00018492846FEF7A2FCF4E717492846FEF719
:1017D0009DFC002407E04FF02E0A5246134928468C
:1017E000FEF794FC0134072C11D8B4420AD2385DBC
:1017F0007E28F0D8824605F037FE0028EDD14FF064
:101800002E0AEAE70A492846FEF780FCEAE70122A9
:1018100029464046FFF734FF85F80C90BDE8F08775
:10182000DCA60300D4A60300E0A60300E4A60300A0
:10183000D0A603000369C268934204D881688A1A5B
:101840001344581E7047981A013870472DE9F84321
:10185000044688461646C5688768A7EB0509914582
:1018600007D94068284406F06DF93544E560BDE8C5
:10187000F88340684A46284406F064F9ED1B354475
:101880002A4608EB0901606806F05CF9E560EEE7BE
:101890002DE9F843064688461746C5684FF000090B
:1018A00018E05B1B5A1EB3685C1B944228BF1446A9
:1018B000BC4228BF3C46706822464146284406F098
:1018C00041F9A144A0443F1B2544B368AB4209D071
:1018D000F5604FB133699D42E3D3B2685B1B1A4494
:1018E000013AE0E70025F3E74846BDE8F883000049
:1018F000124B02221A615A6111499961114ADA6147
:101900004FF400721A6200229A625A62DA62996493
:101910000D49D964102119659A655A65DA650B4A33
:101920001068C3F807000A4A92E80300186099801B
:10193000090C997120229A71704700BFF054002061
:1019400038A70300F0520020E052002044A7030013
:1019500048A703002DE9F047044688469146244BEA
:101960001B78C3B104EB4402214B03EBC2039F6D10
:101970005D6DAF4212D80026ED1B4D4528BF4D4688
:101980003DBB2EB104EB4404194B03EBC4039F652C
:101990003046BDE8F087FFF7ABFFE3E71346144A94
:1019A00002EBC30ADAF85060F61B4E4528BF4E46DC
:1019B000DAF84C1032463944404606F0C3F8B044D9
:1019C000A9EB06093744DAF85030BB42D4D10027DE
:1019D000D2E704EB4402064B03EBC203D96C2A4660
:1019E0003944404606F0AEF82E442F44C9E700BF04
:1019F000F054002070B582B004460D461646002310
:101A00008DF807300DF10700FDF728FA3246294618
:101A10002046FFF79FFF04469DF80700FDF730FAC8
:101A2000204602B070BD0000F8B50F461646441CB3
:101A300004EB4404164B03EBC40400EB400003EB3F
:101A4000C003DD6A012D0ED0022D1AD0F5B9204653
:101A5000FFF7F0FE864212D8324639462046FFF79D
:101A6000F5FE35460BE02046FFF7E4FE354686429C
:101A700028BF05462A4639462046FFF7E7FE284696
:101A8000F8BD2046FFF704FF0546F8E70025F6E716
:101A9000F054002000B583B001220DF107010020B1
:101AA000FFF7A8FF012804D19DF8070003B05DF8F7
:101AB00004FB4FF0FF30F9E708B5074B1B7833B153
:101AC000054B9A6D5B6D934204D0012008BDFFF772
:101AD0000FFFF5E70020F9E7F054002008B5FFF705
:101AE00007FF08BD002807DB00F01F0240090123A3
:101AF0009340024A42F82030704700BF00E100E006
:101B000000280CDB00F01F02400901239340203025
:101B1000034A42F82030BFF34F8FBFF36F8F7047F7
:101B200000E100E0002807DB00F1604000F56140C3
:101B300090F800034009704700F00F00014B185C5B
:101B40004009704714ED00E010DF704711DF704767
:101B50001F2808DD3F280CDC20380123834014BFF8
:101B6000012000207047044B23FA00F000F0010030
:101B700070470120704700BFFC06FFBD38B5044622
:101B8000FFF7E6FFE8B12046FFF7CCFF07281CD897
:101B9000EC23034113F0010F1AD00F4B9D6865B180
:101BA0006009194653F8203004F01F040122A240B6
:101BB000134341F82030002505E02046FFF792FF4F
:101BC00001E042F20105284638BD42F20205FAE77B
:101BD00042F20205F7E700BF8C48002038B5044602
:101BE000FFF7B6FFA8B10C4B9D6875B160091946A7
:101BF00053F8203004F01F040122A24023EA02031C
:101C000041F820300025284638BD2046FFF778FFF0
:101C1000F9E742F20105F6E78C48002070B582B082
:101C20000646154D154BED1AED082D0445F004053B
:101C3000024613492846FFF771FC12496846FFF730
:101C400029F807E0224610492846FFF767FC684656
:101C5000FFF73CF8019C64B12368616830469847FF
:101C60000028EFD1224609492846FFF757FC1120EA
:101C700000E0002002B070BD407D0300C07C030086
:101C800050A7030080DD030068A7030088A70300B6
:101C900010B582B004460E480E4BC01AC0080004AE
:101CA00022460D4940F00400FFF738FC0B49684616
:101CB000FEF7F0FF06E01A6859682046904768462C
:101CC000FFF704F8019B002BF5D102B010BD00BF57
:101CD000407D0300C07C0300ACA7030074DD03005B
:101CE00008B51620FFF74AFF00B908BD024AA12136
:101CF000FCF7C8FFF9E700BFC4A7030008B516202A
:101D0000FFF76CFF00B908BD024AAD21FCF7BAFF2E
:101D1000F9E700BFC4A7030010B582B01B4B1B78C6
:101D200073BB1B4B01221A700020FFF777FF1128AD
:101D30002AD00020FFF7ACFF164B1B68019300234D
:101D40008DF803300DF10300FDF788F8124901A862
:101D5000FFF7FAFE0446B0FA80F040090B4B18700A
:101D60009DF80300FDF78CF85CB90023084A137056
:101D70000A4A1370FFF7B4FF0120FFF789FF00E064
:101D80000824204602B010BD0024FAE76A5500205E
:101D9000685500208CDD0300C13303006955002025
:101DA00030B583B0154B1B7813B30120144B18705A
:101DB000FFF734FF11281FD00220FFF769FF00252D
:101DC0008DF807500DF10700FDF748F8FFF7BEFE4C
:101DD00004460A4B1D709DF80700FDF751F844B901
:101DE000074B1D70FFF78AFF0320FFF751FF00E04C
:101DF0000824204603B030BD0024FAE76A550020CD
:101E00006855002008B5074B1B7843B1064B1B787B
:101E100013B1FFF7C5FF08BDFFF77EFFFBE7082002
:101E2000F9E700BF685500206A550020014B18787B
:101E3000704700BF6A55002000B583B00849684666
:101E4000FEF728FF05E01A68586890476846FEF7D5
:101E50003DFF019B002BF6D103B05DF804FB00BFF2
:101E600068DD030008B5FFF7E7FF08BD60DF7047D6
:101E700069DF704761DF70474FF08053D3F80C0182
:101E8000800200F100507047164B1B7843B300B539
:101E9000ADF5017D09E01A68596803A8904701A8CB
:101EA000FEF714FF029B002BF5D14FF4FA73ADF847
:101EB00002300DF1020103A8FFF7DCFF20B90A4947
:101EC00001A8FEF7E7FEEDE7052803D10DF5017D3A
:101ED0005DF804FB054A40F23B11FCF7D3FEF5E741
:101EE000704700BF6B55002090DD030068A8030019
:101EF00018B1034A0260002070470E20704700BFEF
:101F0000082B0020F0B585B005460C460846FFF7C3
:101F1000EFFF064610B1304605B0F0BD0023019337
:101F2000029303938DF8045001238DF806300623A5
:101F3000ADF80830226801A92020FFF799FF00289A
:101F400058D1002301930293039301238DF80530A8
:101F5000226801A94020FFF78BFF002858D10023F9
:101F60000193029303938DF80450F723ADF80630E4
:101F7000226801A92320FFF77BFF002856D1002308
:101F800001930293039303238DF80430226801A97F
:101F90000120FFF76DFF002856D100230193029323
:101FA00003934FF4B0630193226801A9A120FFF7C6
:101FB0005FFF002856D100230193029303939DF8FD
:101FC000043043F001038DF80430226801A9A020F9
:101FD000FFF74EFF00289ED0294C2A4AA41AE40895
:101FE0002404FEF7B1FE0246274944F00100FFF742
:101FF00095FA90E7224F234ABF1AFF083F04FEF7E5
:10200000A3FE0246214947F00100FFF787FA98E74F
:102010001B4F1C4ABF1AFF083F04FEF795FE0246FD
:102020001B4947F00100FFF779FA98E7144D154A6C
:10203000AD1AED082D04FEF787FE0246154945F05E
:102040000100FFF76BFA9AE70D4D0E4AAD1AED0845
:102050002D04FEF779FE02460F4945F00100FFF717
:102060005DFA9AE7064D074AAD1AED082D04FEF712
:102070006BFE0246094945F00100FFF74FFA9AE767
:10208000487D0300C07C030084AA030008A9030064
:1020900050A903009CA90300E4A9030030AA03008F
:1020A000F8B504460768FFF7E1FE05462368BB4222
:1020B00005D8F5B9164B01221A702846F8BD154E01
:1020C000154BF61AF608360446F002061349304658
:1020D000FFF71EFA23683A4611493046FFF728FAFF
:1020E000FFF7CAFE2268821A0E493046FFF716FA39
:1020F000DFE7084C084BE41AE40824042846FEF7FE
:1021000023FE0246084944F00100FFF707FAD4E72E
:102110006B550020487D0300C07C0300D8AA030053
:1021200008AB03003CAB030068AB03004BDF704718
:1021300000B585B009E01A6859680198904702A86F
:10214000FEF7C4FD039B002BF5D101A8FFF7EEFFBE
:1021500078B90D480D4BC01AC0080004019A0C490B
:1021600040F00400FFF7DAF90A4902A8FEF792FDF1
:10217000E8E7052802D105B05DF804FB064A6B21AB
:10218000FCF780FDF7E700BF507D0300C07C030033
:1021900094AB03009CDD0300A8AB0300FEE770478F
:1021A000704738B50C464568284600F059F8E1B24A
:1021B000022906D004290BD141682846F6F709F90F
:1021C00006E000F087F8002203210846F6F79AF8A7
:1021D00038BD08B500F0A8F808BD38B50C4645680C
:1021E000284600F03DF8E1B2062906D0072908D1BB
:1021F00001682846F6F7EDF803E001682846F6F78F
:10220000E8F838BD08B500F0BDF808BD02460C4935
:1022100042F8141B426000228260C260094A0261D7
:10222000094A0260094A426180610949C16109495C
:10223000416102624062084A8262084A0262704753
:1022400020DA030054AC0300D8DD03000CDA0300ED
:1022500064AC0300B0DD0300B08C0300C4DD0300F8
:10226000034600F1140202480260203343607047C5
:102270006C55002008B50948094BC01AC008000475
:10228000084940F00400FFF743F90748F6F74CF916
:10229000002207210320F6F735F808BD107D030062
:1022A000C07C03006CAC03007455002000B583B003
:1022B000054B0093002342F2107204490448F6F7DC
:1022C000B3F803B05DF804FB7522030084AC03008F
:1022D0007455002008B50248F6F79CFA08BD00BF07
:1022E000B1240300014B1860704700BF3C2B002055
:1022F00008B50848084BC01AC0080004074940F058
:102300000400FFF705F9064B19680648F6F7BAF816
:1023100008BD00BF107D0300C07C030094AC030027
:102320003C2B00207455002008B50748074BC01A05
:10233000C0080004064940F00400FFF7E9F8F6F78A
:10234000EDF9FFF7D5FF08BD107D0300C07C030049
:10235000EC83030008B50748074BC01AC008000407
:10236000064940F00400FFF7D3F80548F6F7ACF84B
:1023700008BD00BF107D0300C07C0300ACAC0300AF
:102380007455002008B50748074BC01AC008000460
:10239000064940F00400FFF7BBF8F6F7DFF9FFF756
:1023A000D9FF08BD107D0300C07C0300C4AC03004E
:1023B00008B5114682189378D27843EA02231BB2FB
:1023C00013F5716F00D008BD01F10C03C35C03F07D
:1023D000010C224A82F800C0C3F3400C82F801C00D
:1023E000C3F3800C82F802C0C3F3C00C82F803C0B0
:1023F000C3F3001C82F804C0C3F3401C82F805C07C
:10240000C3F3801393710844437A03EB83035B00A7
:102410001381837A03EB83035B005381C37A03EB5D
:1024200083035B00938143794FF0640C0CFB03F34F
:1024300081790CFB01F143EA0143136100235361ED
:1024400007490B6801330B6008210320F5F770FF83
:10245000044B19680448F6F745F8B4E7AC5500207A
:10246000A85500203C2B002074550020F8B50746E5
:102470000E46002503E02C44A4B20134A5B2B542B7
:102480000FD22B467C5D64B12A19B24209DA0133BE
:10249000FB5CFF2BEFD12A4631463846FFF788FF19
:1024A000E9E7F8BD08B501790068FFF7DFFF08BD6F
:1024B00008B50378042B13D8DFE803F013121E29A4
:1024C00003001548154BC01AC0080004144940F019
:1024D0000400FFF71DF8002207210320F5F712FF83
:1024E00008BD0D480D4BC01AC00800040D4940F04E
:1024F0000400FFF70DF8F3E70748084BC01AC008BF
:102500000004094940F00400FFF702F8E8E74068DA
:10251000FFF7C8FFE4E700BF107D0300C07C0300A5
:10252000D4AC0300E4AC0300F4AC030008B5FFF73F
:10253000BDFE08BD70B505460C46164600F022F8F3
:102540003246214600F05EF821462846F5F706FFA0
:1025500070BD000010B50446F5F7BAFE014B2360CC
:10256000204610BDE4DD030010B50446FFF7F2FF7E
:1025700004F15C00F5F7B1FD04F6EC10FFF746FE40
:10258000204610BD08B50A4B1B68BFF35B8F13F0E4
:10259000010F01D0074808BD054805F035FB0028AC
:1025A000F8D00448FFF7E0FF014805F041FBF1E7F0
:1025B000E4550020E855002038B504460D4B0E4A7E
:1025C0009B1ADB081B040D4943F00300FEF7A0FF34
:1025D00004F15C050A4A05212846F5F7A7FD2A46BD
:1025E00003212046F5F77CFE04F6EC10F5F705FF15
:1025F00038BD00BF107D0300C07C03000CAD03009C
:1026000028AD030008B500F6EC10F5F7DAFE08BDBA
:1026100008B5C06800F0CAFA0548064BC01AC008E1
:102620000004054940F00400FEF772FF08BD00BF3A
:10263000107D0300C07C03002CAD0300F8B50D46EF
:102640004668284C284BE41AE408240444F00404A7
:1026500026492046FEF75CFF304600F099F9074610
:10266000E9B20D2939D8DFE801F0070C3811383804
:10267000161B24383829382E1D492046FEF748FFFE
:10268000F8BD1C492046FEF743FFF9E74168304694
:10269000F5F79FFEF4E718492046FEF739FFEFE70C
:1026A00016492046FEF734FF39683046F5F791FEAB
:1026B000E6E713492046FEF72BFFE1E711492046E4
:1026C000FEF726FFDCE710492046FEF721FF002237
:1026D00004210846F5F716FED2E70C495520FDF710
:1026E000E5FACDE7107D0300C07C030058AD030080
:1026F00090AD0300B4AD0300D4AD030018AE0300E9
:1027000058AE030094AE0300DCAE03001CAF030020
:1027100008B5C06800F062FA0548064BC01AC00848
:102720000004054940F00400FEF7F2FE08BD00BFBA
:10273000107D0300C07C0300A8AF030008B5C0688B
:1027400000F004FA0548064BC01AC0080004054909
:1027500040F00400FEF7DCFE08BD00BF107D030062
:10276000C07C0300D4AF030070B50D4646681E4C14
:102770001E4BE41AE408240444F004041C492046D7
:10278000FEF7C6FE304600F003F9E9B20D2926D85F
:10279000DFE801F0070C250B112516252525252539
:1027A000251B14492046FEF7B3FE70BD1249204692
:1027B000FEF7AEFEF9E701683046F5F70AFEF4E7EA
:1027C00081683046F5F705FEEFE70C492046FEF735
:1027D0009FFE002204210846F5F794FDE5E708492D
:1027E0004920FDF763FAE0E7107D0300C07C030099
:1027F000F8AF030090AD0300B4AD030028B00300B0
:1028000060B0030008B5C06800F0B8F90548064B91
:10281000C01AC0080004054940F00400FEF778FE25
:1028200008BD00BF107D0300C07C0300E0B00300C2
:1028300008B50548054BC01AC0080004044940F01B
:102840000400FEF765FE08BD107D0300C07C030098
:1028500000B1030008B50548054BC01AC0080004C4
:10286000044940F00400FEF753FE08BD107D03004C
:10287000C07C030020B10300F8B505460F4646684A
:102880001C4C1D4BE41AE408240444F004041B49C6
:102890002046FEF73DFE304600F07AF8F9B20B29EB
:1028A00023D8DFE801F0060B10180A221D220A0ABD
:1028B000220A13492046FEF72BFEF8BD1149204697
:1028C000FEF726FEF9E7E86800F02AF90E492046EF
:1028D000FEF71EFEF1E741683046F5F77AFDECE7BA
:1028E00081683046F5F775FDE7E708495220FDF7A6
:1028F000DDF9E2E7107D0300C07C030040B1030076
:1029000090AD0300B4AD030068B1030088B10300CB
:1029100038B504460346144A43F8142B4360002399
:102920008360C360114B0361114B0360114D45611E
:102930008061114BC361114B436100F04BF8206281
:102940006562A4620E4BE3620E4B636200F042F8D4
:1029500020636563A4630C4BE3630C4B636300F07B
:1029600039F82064204638BD20DA030008B203009D
:102970002CDE03000CDA03000CB2030018DE0300A7
:1029800014B2030004DE03001CB20300F0DD0300F8
:10299000034600F114020448026003F1240242607D
:1029A00034338360704700BF0060002010B50446D8
:1029B00014234360092383601523C3601623036136
:1029C0000A234361022383611C30F5F73FFE204652
:1029D00010BD000008B50A4B1B68BFF35B8F13F0F6
:1029E000010F01D0074808BD054805F00DF9002882
:1029F000F8D00448FFF7DAFF014805F019F9F1E7CC
:102A00000C600020106000202DE9F04399B00546CD
:102A10003C483D4BC01AC00800043C4940F004004B
:102A2000FEF776FD12AB00241294139414941594BF
:102A3000169417940127139714976A68129218AA8C
:102A400012E903008DE803000FCBF6F79FF921464A
:102A50006868F6F77AF90CAB0C940D940E940F9409
:102A6000109411940D970E97AA680C9210AA92E8F0
:102A700003008DE803000FCBF6F788F92146A8681C
:102A8000F6F763F9224BD3F80080ADF82C804FEABB
:102A900018498DF82E9003268DF82D601D4B0B9A4A
:102AA0003146E868F6F78FF9ADF828808DF82A905E
:102AB0008DF82960184B0A9A31462869F6F783F990
:102AC000ADF824808DF826908DF82560134B099A77
:102AD00031466869F6F777F903AB039404940594DB
:102AE00006940794089405970696AA69039207AA84
:102AF00092E803008DE803000FCBF6F747F919B011
:102B0000BDE8F083107D0300C07C030030B20300F9
:102B100030DE0300752C0300C92C0300112D0300C7
:102B200010B50446064B074A9B1ADB081B040649EE
:102B300043F00400FEF7ECFC2046FFF765FF10BDF4
:102B4000107D0300C07C03004CB2030010B50446A6
:102B5000074B084A9B1ADB081B04074943F0040093
:102B6000FEF7D6FC01216068F6F7EFF810BD00BF54
:102B7000107D0300C07C030060B2030010B5044662
:102B8000074B084A9B1ADB081B04074943F0040063
:102B9000FEF7BEFC00216068F6F7D7F810BD00BF55
:102BA000107D0300C07C030084B2030010B504460E
:102BB000074B084A9B1ADB081B04074943F0040033
:102BC000FEF7A6FC0121A068F6F7BFF810BD00BF14
:102BD000107D0300C07C0300A8B2030010B50446BA
:102BE000074B084A9B1ADB081B04074943F0040003
:102BF000FEF78EFC0021A068F6F7A7F810BD00BF15
:102C0000107D0300C07C0300CCB2030008B51C306B
:102C1000F5F762FD0548064BC01AC00800040549D7
:102C200040F00400FEF774FC08BD00BF107D0300F7
:102C3000C07C0300F0B2030010B504460A4B0B4AF7
:102C40009B1ADB081B040A4943F00400FEF760FCF2
:102C5000E068F6F775F8012800D010BD00220B21BE
:102C60000420F5F74FFBF8E7107D0300C07C03005C
:102C700010B3030008B5FFF7ADFEFFF7DDFF08BD99
:102C800010B504460D4B0E4A9B1ADB081B040D4978
:102C900043F00400FEF73CFC2069F6F751F80128E8
:102CA00005D0002208210420F5F72CFB10BD0022DE
:102CB00007210420F5F726FBF8E700BF107D03008D
:102CC000C07C030044B3030008B5FFF783FEFFF7A1
:102CD000D7FF08BD10B504460A4B0B4A9B1ADB0808
:102CE0001B040A4943F00400FEF712FC6069F6F782
:102CF00027F800B110BD002209210420F5F702FBDE
:102D0000F8E700BF107D0300C07C030070B3030030
:102D100008B5FFF75FFEFFF7DDFF08BD38B50C46CD
:102D200015460848084BC01AC0080004074940F07F
:102D30000400FEF7EDFB00F023F82A46214600F0E0
:102D40004FF838BD107D0300C07C0300A0B3030022
:102D500010B50446F5F7BCFA014B2360204610BDC0
:102D60003CDE030010B50446FFF7F2FF04F15C00FF
:102D7000F5F7B3F904F6EC10FFF7CAFD204610BDD5
:102D800008B50A4B1B68BFF35B8F13F0010F01D02E
:102D9000074808BD054804F037FF0028F8D004486C
:102DA000FFF7E0FF014804F043FFF1E790600020E7
:102DB0009460002038B5044600F15C05074A012103
:102DC0002846F5F7B3F92A4604212046F5F788FA94
:102DD00004F6EC10F5F711FB38BD00BF08B2030094
:102DE00008B500F6EC10F5F7ECFA08BDBFF34F8F0D
:102DF0000549CA6802F4E062044B1343CB60BFF399
:102E00004F8F00BFFDE700BF00ED00E00400FA05B2
:102E100034DF704735DF704741180BD2B0F1005FE7
:102E200002D3064B994207D9B1F5801F8CBF002011
:102E300001207047002070470120704700000420E7
:102E400010B5044690B10121FFF7E6FF70B12046AE
:102E5000002302E0581C20440133FF2B06D8E25C1B
:102E600022B12F2AF6D05C2AF6D1F3E710BDC0B10B
:102E700000B5864699B10AB1002306E0002303702D
:102E80000DE00EF80C000133DBB29C46581C884262
:102E900002D2D05C0028F4D100230EF80C305DF88B
:102EA00004FB7047013806280FD8DFE800F0041053
:102EB00006080E0A0C000748704707487047074885
:102EC00070470748704707487047074870470748EA
:102ED000704700BFB8B30300D0B30300E8B30300EA
:102EE00000B403000CB403001CB40300C4B303001B
:102EF00044F2010398420ED007D801280DD041F2C8
:102F0000010398420BD10420704744F20203984217
:102F100007D1022070470120704703207047052029
:102F20007047052070470000084201D010467047E6
:102F3000004870478C850300EFF30882084B9A42E3
:102F40000DD9D31AB3F5807F09D9A2F58072044B4D
:102F500003E04FF0A53143F8041B9342F9D37047C7
:102F600000F803200020064B01E001300433054A3D
:102F7000934203D21A68B2F1A53FF6D080007047A1
:102F800000F803200000042008B5094C094BE41A9E
:102F9000E4082404084D6868FFF784FF0246AB6824
:102FA000064944F00100FEF7C3FAFFF71FFF00BF18
:102FB000107D0300C07C0300F47F00202CB40300CC
:102FC0002DE9F04385B0064681B30D46344C354BB0
:102FD000E41AE408240444F00204334A0121284698
:102FE000FFF7A2FF0746314A02212846FFF79CFF60
:102FF00080462F4A04212846FFF796FF81462D4A36
:1030000008212846FFF790FF0390CDF80890CDF8EF
:10301000048000972B46324627492046FEF7C0FA27
:1030200015F4F81F0ED105B0BDE8F0831C481D4B08
:10303000C01AC00800043246204940F00200FEF7E2
:103040006DFAF0E71E4A4FF480312846FFF76CFF17
:1030500006461C4A4FF400312846FFF765FF074635
:10306000194A4FF480212846FFF75EFF8046174A31
:103070004FF400212846FFF757FF8146144A4FF4CA
:1030800080112846FFF750FF0290CDF80490CDF84C
:1030900000803B4632460F492046FEF770FAC2E7F1
:1030A000107D0300C07C03008CB4030094B40300C3
:1030B000A0B40300ACB40300B8B4030050B40300E0
:1030C000E0B40300ECB40300FCB4030010B503004B
:1030D0001CB5030028B5030038B50E4B1A680E4B1B
:1030E0009A4214D004460B4D60220021284604F079
:1030F0005BFD6C60094B1A68094B9A4204D00022B0
:10310000044BDA62012038BD044BDA68F8E700208E
:10311000F9E700BFF47F0020ED4AA5C7E47F002057
:1031200047C0A5C710B503F091FC01280DD003F0EE
:1031300087FC044658B15021FFF76EFE08B90548D8
:1031400004E0204603F01CFA00E0034810BD0148EB
:10315000FCE700BF44B503003CB5030008B50C4BC9
:103160001A680C4B9A4206D00B4B0C4A1A6093F823
:1031700050302BB108BD064A936801339360F3E7E2
:10318000FFF7D0FF024610210548FFF770FEF1E778
:10319000E47F002047C0A5C7F47F0020ED4AA5C703
:1031A0004480002070B584B000230393FEF73EFEF8
:1031B00000282FD14FF08043D3F800240392C3F8A6
:1031C0000024404B1A68404B9A4205D03D4B3E4A82
:1031D0001A6000225A609A603A4B58680130586071
:1031E0000022DA600399FFF7EBFE384B1A68384B80
:1031F0009A4216D03748384BC01AC0080004314BE9
:103200009A68364940F00300FEF788F9FFF794FE0C
:1032100004B070BD03A8FFF7FBFD0398FFF7FAFDAC
:10322000CFE72C4C2C4BE41AE408240444F00104AE
:10323000264D6868FFF736FE0246EB6A009305F1FB
:10324000500327492046FEF77EF96B68012B17D003
:10325000022B24D01D4D2B690093EB68AA682149ED
:103260002046FEF770F96B68062B20D0154B9A6844
:103270001D492046FEF752F9144B00221A60C5E79B
:103280006E693046FDF760FD0346AA69019230354C
:103290000095324615492046FEF762F9DAE70B4AF7
:1032A0009369303212492046FEF742F9D2E76B6A41
:1032B000A96A019100932B6AEA690E492046FEF73C
:1032C0004FF9D3E7E47F002047C0A5C7F47F002073
:1032D000ED4AA5C7107D0300C07C030038B603008B
:1032E00048B50300C0B5030018B6030084B5030059
:1032F000A0B50300E4B50300044B1A68044B9A42DE
:1033000000D07047014BD860FBE700BFE47F00208E
:1033100047C0A5C7F8B5264F264BFF1AFF083F0444
:1033200047F00307FFF71EFE024623493846FEF723
:10333000F5F800240DE003F023F90546304603F0CC
:1033400073FB83002A461D493846FEF7F1F8013425
:10335000E4B2F4F7D7FEA04206D92046F4F7D8FE2F
:1033600006460028E7D1F2E703F038FE054603F0F1
:103370001BF9044665B1284603F002F906462846C3
:1033800003F052FB830032460C493846FEF7D0F872
:1033900064B1204603F0F4F80546204603F044FBF0
:1033A00083002A4605493846FEF7C2F8F8BD00BF3B
:1033B000107D0300C07C030068B6030084B60300E0
:1033C00070B506460C46154672B6FFF791FDFFF73D
:1033D00083FE68B11B4B9C6044F201039E4209D0FE
:1033E00044F202039E421AD0164B5D61FFF7B6FE0F
:1033F000FFF7CAFD0C212846FFF70EFD0028F5D087
:103400002B68104CA361AB6863616868FFF718FD17
:103410000246202104F13000FFF729FDE6E70821EC
:103420002846FFF7F9FC0028E0D02B68054CA36183
:103430006868FFF705FD0246202104F13000FFF720
:1034400016FDD3E7F47F00201EF0040F0CBFEFF34E
:103450000880EFF3098000F001B8000008B50446C9
:1034600072B60620FFF738FEB8B10D4A916A0D4BCF
:10347000D961D16A1962516B5962926B9A622021AB
:103480002046FFF7C9FC30B1064B6269DA60A269D9
:103490009A60E2691A61FFF761FEFFF775FD00BFF0
:1034A00000ED00E0F47F002008B50C4672B607205E
:1034B000FFF712FE60B110212046FFF7ADFC00B906
:1034C000044C224610210448FFF7D1FCFFF746FECA
:1034D000FFF75AFD44B503004480002000B583B0D7
:1034E000054B00930123642204490548F4F79CFF2F
:1034F00003B05DF804FB00BF8D3B03009CB60300E6
:10350000C46A002038B50E48F4F7A8FF0D4C0E4BE6
:10351000E41AE408240444F002040C4D2946204631
:10352000FDF7F6FF0A492046FDF7F2FF094920465C
:10353000FDF7EEFF29462046FDF7EAFF38BD00BF44
:10354000C46A0020107D0300C07C0300A8B60300FD
:10355000E0B6030014B7030008B50F4B1B787BB926
:10356000002212210120F4F7CDFE0C480C4BC01AAA
:10357000C00800040B4940F00200FDF7C9FF08BD78
:103580000648074BC01AC0080004074940F0020073
:10359000FDF7BEFFF3E700BF006B0020107D0300C6
:1035A000C07C03007CB7030058B7030008B50F4B7D
:1035B0001B787BB1002203210120F4F7A3FE0C4805
:1035C0000C4BC01AC00800040B4940F00200FDF784
:1035D0009FFF08BD0648074BC01AC00800040749F2
:1035E00040F00200FDF794FFF3E700BF006B0020FE
:1035F000107D0300C07C0300C0B70300A0B7030028
:1036000010B500230A4A13700A4A13600A4A13705D
:103610000A4C0B4BE41AE408240444F00204094960
:103620002046FDF775FF08492046FDF771FF10BDE4
:10363000006B0020FC6A0020F86A0020107D030067
:10364000C07C0300DCB7030028B8030038B504468B
:1036500001F020F9A04219D3204601F0EBFD1448F7
:10366000144BC01AC008000440F0020022460C2C83
:103670001BD804EB840404EB8404A3009BB203F581
:10368000C8739BB20C49FDF753FF38BD0546084887
:10369000084BC01AC00800042B462246074940F0D8
:1036A0000200FDF745FF2C46D6E74FF4C863E9E773
:1036B000107D0300C07C030094B8030064B80300CD
:1036C00038B50446134B1D7801F0E4F8002C08DBF4
:1036D000002C01DD854211D22819C0B2FFF7B6FFD8
:1036E00038BD002DF4D10C480C4BC01AC0080004A2
:1036F0000B4940F00200FDF70BFFF1E7064B074ACC
:103700009B1ADB081B040246064943F00200FDF742
:1037100005FFE5E7452B0020107D0300C07C03007A
:10372000B4B80300DCB8030010B500220321042064
:10373000F4F7E8FD002203210220F4F7E3FD042260
:1037400010210220F4F7DEFD0F4C22780E2102201A
:10375000F4F7D8FD0D480E4BC01AC008000440F025
:10376000020022780C2A0BD802EB820101EB8101C6
:103770008B0003F5C8739BB20649FDF7D9FE10BD57
:103780004FF4C863F8E700BF452B0020107D03000D
:10379000C07C030004B9030008B504220F210220F5
:1037A000F4F7B0FD0548064BC01AC00800040549EF
:1037B00040F00200FDF7ACFE08BD00BF107D030025
:1037C000C07C030038B9030030B585B0124B1B68CC
:1037D000B3B11248124BC01AC0080004114A137941
:1037E00091799478557903950294019100935378D7
:1037F00012780D4940F00200FDF7D2FE05B030BD51
:103800000648074BC01AC0080004084940F00200EF
:10381000FDF77EFEF2E700BFA8550020107D0300F3
:10382000C07C0300AC5500208CB9030058B90300DC
:1038300010B50C4C0C4BE41AE408240444F00204C8
:103840000A492046FDF764FE09492046FDF760FE5F
:1038500008492046FDF75CFE07492046FDF758FE63
:1038600010BD00BF107D0300C07C0300F0B9030051
:1038700028BA030064BA030094BA030038B5134BA6
:1038800001221A700023124A1360124A1370124C5C
:10389000124BE41AE408240444F00204104D2946B3
:1038A0002046FDF735FE0F492046FDF731FE0E4953
:1038B0002046FDF72DFE0D492046FDF729FE29463D
:1038C0002046FDF725FEFFF7B3FF38BD006B002053
:1038D000FC6A0020F86A0020107D0300C07C030011
:1038E000A8B60300D4BA0300F8BA03002CBB030047
:1038F00008B50848084BC01AC0080004074940F042
:103900000200FDF705FE064A40F251110320FBF7C5
:10391000B9F908BD107D0300C07C030068BB03003B
:10392000A0BB030008B50748074BC01AC008000435
:10393000064940F00200FDF7EBFD054BD3F8F03FE0
:1039400008BD00BF107D0300C07C030010BC030055
:1039500000F0FFFF2DE9F04182B0364B1E78364B68
:103960001F78364C364BE41AE408240444F0020471
:1039700034492046FDF7CCFD334B1B78002B44D057
:10398000324D334B1B78002B41D0DFF8F880F4F731
:1039900099FA00F6EC10F4F743FD019000974346C6
:1039A0002A462C492046FDF7DBFD0C2E32D806EBCB
:1039B000860505EB8505AD0005F5C875ADB200F0CF
:1039C00069FF00902B46324623492046FDF7BBFD98
:1039D000224B1B78224A126801920093214B1B78DC
:1039E000214A127821492046FDF7BAFDFFF7ECFE87
:1039F000154B1B78D3B11E4B1A681E4B9A420CD83C
:103A0000C2F5122202F5F86208E01B4DB9E7DFF8B3
:103A10007880BCE74FF4C865D1E70022174BA3FBC1
:103A20000232920916492046FDF778FD02B0BDE842
:103A3000F08100BF452B0020CD710020107D0300D8
:103A4000C07C03003CBC0300006B002058BC03009A
:103A5000CC71002070BC0300A4BC0300C671002020
:103A6000A8550020432B0020442B0020CCBC030091
:103A7000FC6A0020BF27090060BC0300D34D621020
:103A800010BD030068BC03006CBC030008B56D28C2
:103A90000CD006D83F280CD068280DD1FFF7C8FEFF
:103AA00006E06E2808D1FFF781FD01E0FFF754FD25
:103AB00008BDFFF74FFFFBE72F4B1B78C3B13D2835
:103AC00022D8212839D3A0F121031C2B35D8DFE8D7
:103AD00003F02E3431343434343434342234263444
:103AE00034343434343434343434343434342200DC
:103AF000224B234A9B1ADB081B040246214943F050
:103B00000200FDF70BFDD3E773280DD0782814D100
:103B1000FFF742FECCE70120FFF7D2FDC8E74FF0E8
:103B2000FF30FFF7CDFDC3E7FFF7FEFDC0E7FFF76E
:103B3000DFFEBDE7FFF7F6FEBAE7A0F13003DBB228
:103B4000092B09D9A0F16103DBB2022B08D8573841
:103B5000C0B2FFF77BFDABE71846FFF777FDA7E79D
:103B6000064B074A9B1ADB081B040246064943F032
:103B70000200FDF7D3FC9BE7006B0020107D0300E3
:103B8000C07C030034BD030074BD030010B502E027
:103B9000E0B2FFF77BFFFDF78FFFB8B1FDF77AFFCB
:103BA000041E13DB194B00221A60194B1B78002BE3
:103BB000EED0174B1A701748174BC01AC0080004F4
:103BC000164940F00200FDF7A3FCE1E7144B1B7817
:103BD0004BB10F4B1B7833B90C4A13686433136035
:103BE000104A934200D810BD094B01221A700948AF
:103BF000094BC01AC00800040B4A0C4940F00100F0
:103C0000FDF78CFCFFF7C8FDEDE700BFFC6A002064
:103C1000F86A0020107D0300C07C0300A8BD0300EB
:103C2000006B0020BF270900C0270900ECBD03007E
:103C300008B5FFF753FC08BD08B50548054BC01A89
:103C4000C0080004044940F00400FDF761FC08BD11
:103C5000107D0300C07C030030BE030010B5044695
:103C6000064B074A9B1ADB081B04064943F0040075
:103C7000FDF74EFCE06800F0D3FD10BD107D0300A1
:103C8000C07C030054BE03002DE9F047054688467A
:103C900016464768484C494BE41AE408240444F0AB
:103CA000040947494846FDF733FC384600F05CF903
:103CB00082465FFA88F111290ED8DFE801F0090F7A
:103CC0000D14190D1E27303A0D473F4C565F69738E
:103CD0003C494846FDF71CFCBDE8F0873A49484698
:103CE000FDF716FCF8E739494846FDF711FCF3E704
:103CF00037494846FDF70CFCEEE7E86800F0D6FBD4
:103D0000002208210220F4F7FDFAE5E7E86800F058
:103D10004DFEDAF800103846F4F75BFBDCE72D497E
:103D20004846FDF7F5FB002207210220F4F7EAFAE6
:103D3000D2E729494846FDF7EBFBCDE7274948463E
:103D4000FDF7E6FBE86800F0B5FEC5E72449484604
:103D5000FDF7DEFBC0E723494846FDF7D9FB00220B
:103D600007210220F4F7CEFAB6E71F494846FDF7CF
:103D7000CFFBF1B2E86800F039FDADE71B4944F034
:103D80000200FDF7C5FBF1B2E86800F023FBA3E7F2
:103D9000174944F00300FDF7BBFBF1B2E86800F0FF
:103DA0004DFB99E7E86800F02BFEDAF80010384682
:103DB000F4F70FFB90E700BF107D0300C07C030009
:103DC00078BE0300A8BE0300CCBE0300ECBE030017
:103DD00010BF030034BF030070BF030098BF03008F
:103DE000E0BF030024C003005CC0030094C00300D4
:103DF000D0C0030008B50548054BC01AC008000430
:103E0000044940F00400FDF783FB08BD107D03006A
:103E1000C07C03000CC1030008B50548054BC01A5F
:103E2000C0080004044940F00400FDF771FB08BD20
:103E3000107D0300C07C03002CC10300F8B50546CB
:103E40000F4646681D4C1E4BE41AE408240444F057
:103E500004041C492046FDF75BFB304600F084F863
:103E6000F9B211290ED8DFE801F0090E131B0D0D70
:103E70000D0D0D0D0D0D200D0D0D0D2512492046BA
:103E8000FDF746FBF8BD11492046FDF741FBF9E778
:103E90000F492046FDF73CFBE86801F091FBF1E794
:103EA000C1683046F4F795FAECE781683046F4F7DC
:103EB00090FAE7E7E86800F0A3FDE3E7107D030070
:103EC000C07C03004CC10300A8BE0300CCBE0300AD
:103ED00074C1030038B504460346174A43F8142B4F
:103EE000436000238360C360144B0361144B036081
:103EF000144D45618061144BC361144B436100F064
:103F000001FA20626562A462114BE362114B6362A5
:103F100025636463104BA363104B236300F0F2F935
:103F2000E063256464640E4BA3640E4B236400F0CD
:103F3000E9F9E064204638BD20DA030094C10300AB
:103F400070DE03000CDA03000CB203005CDE030039
:103F500098C1030090DE0300A0C103007CDE0300D3
:103F6000ACC1030048DE0300034600F1140205481B
:103F7000026003F12402426003F1300282604033A8
:103F8000C3607047046B002008B50548054BC01A94
:103F9000C0080004044940F00400FDF7B9FA08BD68
:103FA000107D0300C07C0300B8C1030010B50446B7
:103FB000064B074A9B1ADB081B04064943F0040022
:103FC000FDF7A6FAE06800F02BFC10BD107D0300A1
:103FD000C07C0300DCC103002DE9F047054688469C
:103FE00016464768434C444BE41AE408240444F062
:103FF000040942494846FDF78BFA3846FFF7B4FFFB
:1040000082465FFA88F111290ED8DFE801F0090F26
:104010000D141E0D282D430D0D0D0D364D56606AE5
:1040200037494846FDF774FABDE8F08735494846F8
:10403000FDF76EFAF8E734494846FDF769FADAF811
:104040000C103846F4F7C5F9EEE730494846FDF75D
:104050005FFADAF80C103846F4F7BBF9E4E72C49BC
:104060004846FDF755FADFE7E86800F09FFCDAF80C
:1040700000103846F4F7ADF9D6E726494846FDF773
:1040800047FAE86800F0F0FADAF800103846F4F77A
:10409000A0F9C9E720494846FDF73AFA002207216E
:1040A0000220F4F72FF9BFE71C494846FDF730FA24
:1040B000F1B2E86800F09AFBB6E7194944F0020053
:1040C000FDF726FAF1B2E86800F084F9ACE715498B
:1040D00044F00300FDF71CFAF1B2E86800F0AEF915
:1040E000A2E7E86800F08CFCDAF800103846F4F734
:1040F00070F999E7107D0300C07C0300DCC1030068
:10410000FCC1030030C2030060C2030094C203007C
:10411000C4C2030024C0030034BF03005CC003001A
:10412000F8C2030048C3030008B50548054BC01A90
:10413000C0080004044940F00400FDF7E9F908BD97
:10414000107D0300C07C030098C3030008B5054838
:10415000054BC01AC0080004044940F00400FDF7F4
:10416000D7F908BD107D0300C07C0300B8C303006D
:1041700070B50D4646681D4C1D4BE41AE408240436
:1041800044F004041B492046FDF7C2F93046FFF70E
:10419000EBFEE9B208290AD8DFE801F0050A090FA9
:1041A0001409191E230014492046FDF7B1F970BD0A
:1041B00012492046FDF7ACF9F9E711492046FDF711
:1041C000A7F9F4E70F492046FDF7A2F9EFE70E49FA
:1041D0002046FDF79DF9EAE70C492046FDF798F9DE
:1041E000E5E70B492046FDF793F9E0E7107D030072
:1041F000C07C0300D8C30300A8BE0300CCBE0300EC
:10420000ECBE030010BF030000C4030024C403007D
:1042100048C4030008B50A480A4BC01AC008000485
:10422000094940F00400FDF773F9F5F7B3F80128E8
:1042300000D008BD00220D210220F4F779F8F8E73C
:10424000107D0300C07C030070C4030000B583B080
:10425000174B009301234FF4FA7216491648F4F7EE
:10426000E3F8164B0093002341F2883214491548B5
:10427000F4F7DAF8144B009301234FF4FA62134970
:104280001348F4F7D1F8134B0093012342F2107254
:1042900011491248F4F7C8F8114B0093012347F273
:1042A000305210491048F4F7BFF803B05DF804FB32
:1042B0003145030098C40300E86B00201542030059
:1042C000A8C40300B46B0020F9510300C0C403006C
:1042D000806B002015530300D0C403004C6B0020FA
:1042E000014B0300E0C40300186B002010B5044626
:1042F0000830F4F731FB04F51870F5F78DF8204617
:1043000010BD000008B50A4B1B68BFF35B8F13F0AC
:10431000010F01D0074808BD054803F075FC0028CF
:10432000F8D00448FFF7E2FF014803F081FCF1E711
:104330001C6C0020206C002010B582B01D4C1E4B60
:10434000E41AE408240444F004041C492046FDF760
:10435000DFF81B492046FDF7DBF81A492046FDF738
:10436000D7F8194B03F1100292E803008DE803001F
:104370000FCBF4F70BFD01212F20F4F7E6FC134BD4
:1043800003F1100292E803008DE803000FCBF4F76D
:10439000FDFC01210520F4F7D8FC0D4B03F11002C0
:1043A00092E803008DE803000FCBF4F7EFFC02B0B6
:1043B00010BD00BF107D0300C07C0300F0C40300EB
:1043C0000CC5030038C50300CCDE0300B4DE0300D7
:1043D0009CDE030030B583B00C46114B1D7845EAD6
:1043E00001021A708DB10F480F4BC01AC0080004AB
:1043F00040F002000A4B1B787DB90C4A009222461D
:104400000B49FDF7A0F803B030BD00F51870F4F7C4
:1044100051FF084B00221A70E5E7074AEEE700BF9C
:10442000CD710020107D0300C07C030064C5030033
:104430007CC50300CC71002070C5030010B50C468C
:10444000134A137823EA01031370A3B900F5187017
:10445000F4F72AFF0F4B01221A700F480F4BC01AB6
:10446000C00800040E4B1B7822460E4940F00300A2
:10447000FDF75EF810BD0848084A801AC00800041D
:104480000A46094940F00200FDF752F8F2E700BF82
:10449000CD710020CC710020107D0300C07C030092
:1044A000452B0020BCC5030008C6030008B500F575
:1044B0001870F4F705FF0548054BC01AC008000442
:1044C000044940F00400FDF723F808BD107D030007
:1044D000C07C03005CC6030008B500F51870F4F753
:1044E00055FF0548054BC01AC0080004044940F0B8
:1044F0000400FDF70DF808BD107D0300C07C03002B
:1045000078C6030010B50446F4F744FF2060054860
:10451000054BC01AC0080004044940F00400FCF731
:10452000F7FF10BD107D0300C07C030098C6030098
:1045300010B5084C2046FFF7E5FF0748074BC01AA7
:10454000C00800042268064940F00400FCF7E6FFBA
:1045500010BD00BF146B0020107D0300C07C030061
:10456000B8C6030008B50748074BC01AC0080004C6
:10457000064940F00400FCF7CBFF0548F3F76EFF57
:1045800008BD00BF107D0300C07C0300DCC6030033
:10459000B46B002008B50748074BC01AC0080004D8
:1045A000064940F00400FCF7B3FF0548F3F756FF57
:1045B00008BD00BF107D0300C07C030004C70300DA
:1045C000E86B002008B50748074BC01AC008000474
:1045D000064940F00400FCF79BFF0548F3F774FF21
:1045E00008BD00BF107D0300C07C030028C7030086
:1045F000E86B002008B50A480A4BC01AC00800043E
:10460000094940F00400FCF783FF0848F3F75CFF1A
:104610000748F3F723FF0748F3F720FF08BD00BF63
:10462000107D0300C07C03004CC70300186B002002
:10463000806B00204C6B002008B50748074BC01A60
:10464000C0080004064940F00300FCF761FF05487C
:10465000F3F704FF08BD00BF107D0300C07C03001A
:1046600080C70300806B002008B50848084BC01ABB
:10467000C0080004074940F00400FCF749FF064861
:10468000F3F722FF0548F3F71FFF08BD107D030075
:10469000C07C0300C8C70300806B00204C6B002067
:1046A00050B159B162B1B1F5826F0BD991420BD9BA
:1046B00088420BD9012070470020704700207047C6
:1046C000002070470020704700207047002070478E
:1046D00010B52DED028B8A1A07EE902AF8EEE77AD4
:1046E000401A07EE100AB8EEC77A9FED376AC7EE98
:1046F000066A87EEA68A354C354BE41AE408240492
:10470000FDEEC87A17EE902A324944F00300FCF718
:1047100005FFDFED317AB4EEE78AF1EE10FA4CDAFC
:10472000DFED2E7AB4EEE78AF1EE10FA48D90023D5
:1047300000E00133032B36D8294A02EBC30252684A
:1047400007EE902AB8EE677AB4EEC87AF1EE10FA66
:10475000EFDB581C224901EBC001496807EE901AB3
:10476000F8EE677AF4EEC87AF1EE10FAE1D81C4C54
:1047700014F9300014F93330C01A07EE900AF8EE3D
:10478000E76A521A07EE902AF8EE677A37EE487A0F
:1047900006EE103AB8EEC60A87EE276A66EE267A6B
:1047A00030EE270A06E00F4944F00100FCF7B0FEA6
:1047B0009FED0D0ABDEC028B10BDB3EE040AF9E7C4
:1047C0009FED090AF6E700BF00EC4247107D0300A9
:1047D000C07C0300F8C7030000E0F64700FE034773
:1047E000E4DE030024C803000000484238B5044654
:1047F0000D46084B084A9B1ADB081B04074943F087
:104800000400FCF785FE294604F51870F4F7D7FD7F
:1048100038BD00BF107D0300C07C03007CC80300CE
:1048200010B50446144B1A78D2B11448144BC01A70
:10483000C0080004134940F00200FCF76FFE204658
:10484000FFF790FE2046FFF7A5FE0C480C4BC01A60
:10485000C00800040C4940F00400FCF759FE10BDEC
:104860000A4B1978FFF7C2FF04F51870F4F71CFD26
:10487000074B01221A70E2E7CD710020107D030082
:10488000C07C0300A8C80300E8C80300452B002033
:10489000CC710020014B1878704700BFCE7100200A
:1048A00010B50023224A1370224A1380224A138033
:1048B000012222490A7022490B70FF212148017010
:1048C0002148017021480370214803702148006885
:1048D000214C2060214C2060214803702148037046
:1048E000214803702148027021480270214803606A
:1048F0002148038021480380214803702148036038
:1049000021480380214803702148017021490B7020
:1049100021490B7021490B702148224BC01AC00855
:104920000004214940F00300FCF7F8FD10BD00BF72
:10493000CD710020CA710020C8710020452B0020D5
:10494000C6710020442B0020432B0020C57100209D
:10495000C4710020A8550020C0710020B87100204B
:10496000BC710020B1710020B0710020412B0020EB
:10497000402B0020AC710020AA710020A8710020FB
:10498000A4710020A07100209E7100209D71002064
:10499000422B00209C710020A6710020A5710020F0
:1049A000107D0300C07C030000C9030010B504465D
:1049B00000F51870F4F77EFC0C4B00221A702046AC
:1049C000FFF700FE2046FFF74FFE0948F3F77CFD96
:1049D000FFF766FF0748084BC01AC00800040749E4
:1049E00040F00400FCF794FD10BD00BFCC71002026
:1049F000186B0020107D0300C07C03002CC903004D
:104A000010B50446FFF7D2FF2046FFF715FE064813
:104A1000064BC01AC0080004054B1A78054940F03F
:104A20000200FCF77BFD10BD107D0300C07C03007D
:104A3000452B002048C90300044B1B78FF2B01D0F5
:104A4000834201D9014B1870704700BF442B0020EE
:104A5000094B1A78FF2A08D0084B1B78FF2B06D089
:104A60000133934205DA0020704700207047002090
:104A700070470120704700BF442B0020432B0020CB
:104A800008B5094B1A78824200D30246074B1A70C8
:104A9000074B1B78934201D2054B1A700E2102205E
:104AA000F3F746FC08BD00BFCE710020452B002067
:104AB000412B002008B50C4B1A680C4B1A600C48AF
:104AC0000C4BC01AC008000447F2305301220A49B7
:104AD00040F00300FCF72CFD0120FFF7D1FF074851
:104AE000F3F7BCFC08BD00BFA8550020B87100203A
:104AF000107D0300C07C030090C90300186B0020E8
:104B000008B5264B1B68264A12689A421BD1254BD2
:104B10001A7842BB244B1878244B1B7898422DD22C
:104B20000130C0B2FFF7ACFF2148224BC01AC008C9
:104B3000000447F230531C4A12781F4940F002002B
:104B4000FCF7F6FC08BD1D48F3F7BEFC1848194BEE
:104B5000C01AC0080004144B1A78194940F0030029
:104B6000FCF7DCFCEEE71248124BC01AC008000448
:104B7000144940F00200FCF7D1FCE3E70F48F3F7DB
:104B8000A3FC0B480B4BC01AC0080004064B1A7854
:104B90000D4940F00200FCF7C1FCD3E7A855002006
:104BA000B8710020CD710020452B0020CE7100206F
:104BB000107D0300C07C0300D8CA0300186B0020DE
:104BC000ECC9030030CA030080CA030010B582B0EC
:104BD00004461D4B186800231C4A13701C490A78B0
:104BE0000132D2B20A701B490C701B490B801B4961
:104BF00008601B490B801B4B1B495B1ADB081B041D
:104C000043F00200C4B1194B19490978019100938E
:104C100004231849FCF7A4FC01220F210220F3F71A
:104C200087FB3CB1144B1B78FF2B03D0104A107844
:104C3000834203D802B010BD104BE5E70130C0B28B
:104C4000FFF71EFFF6E700BFA8550020A471002063
:104C50009D7100209C710020CA710020AC71002061
:104C6000AA710020107D0300C07C030040CB03002C
:104C7000452B002060CB0300422B002054CB0300C7
:104C80002DE9F04F2DED028B8BB0A04B1E68002E4E
:104C900000F098800DF1100C9D4C0FCCACE80F008B
:104CA00094E803008CE803009A4B1D7815F0010589
:104CB0000CD0994A138801331380984B1B68B34278
:104CC00062D0964B1E60964B00221A80954B1B7843
:104CD0004BB145B9944A138801339BB21380934A70
:104CE0001268B24255D0BDF81870BDF81A80BDF8F0
:104CF0001C904A4641463846FFF7D2FC00284ED069
:104D00004A4641463846FFF7E3FCB0EE408A884CFD
:104D1000884BE41AE408240444F0030AFDEEC08A38
:104D2000DFED857A60EE277AFDEEE77A17EE902ABE
:104D3000824981FB0231D317C3EB6113642101FB6C
:104D4000132B5B4618EE902A7D495046FCF7F0FB8A
:104D5000CDF8009043463A467A495046FCF7F3FBBB
:104D6000704B1B78002B44D0002D7BD16D4B002263
:104D70001A70DFED757AB4EEE78AF1EE10FA26DDEF
:104D80001046FFF723FF1DE0654A138801331380A7
:104D90009CE7092B16D90120FFF718FF12E06448A1
:104DA000644BC01AC0080004CDF8009043463A4650
:104DB000664940F00200FCF7C6FB5A4B1B780BB16A
:104DC0005A4B1E600BB0BDEC028BBDE8F08F604B00
:104DD0001B780193272300935B4618EE902A5D49C8
:104DE0005046FCF7BDFB00235B4A13705B4A13700F
:104DF000E8E7002D36D1DFED5A7AB4EEE78AF1EE1E
:104E000010FADFDB574B1B7853B1292300935B4625
:104E100018EE902A544944F00200FCF794FBD1E7C5
:104E2000292300935B4618EE902A504944F0010074
:104E3000FCF789FB0023384A1380384A1660384A49
:104E40001380464A13704A4B1B78FF2B05D0012272
:104E50000F210220F3F76CFAB4E73D4B1A78444B6C
:104E60001A70F4E72C4B1B880E2BABD9DFED367A8A
:104E7000B4EEE78AF1EE10FA40F38480284B1B88E9
:104E80000E2B9FD9344A1278032A2ED80F21914035
:104E90008B4297DB314B1B781BB92D4B1B78002BBA
:104EA0002ED10023334A13700125334A15701D4A51
:104EB00015701E4A16601C4A1380274B1B782B4422
:104EC000234A12780292042201920093124B1B880B
:104ED000134A1288294944F00200FCF750FB2A4685
:104EE00010210220F3F724FA6CE7254944F0010071
:104EF000FCF714FB00220D210220F3F719FA61E7F9
:104F0000013BD8B2FFF7BCFDCBE700BFA85500209E
:104F1000AC550020CD710020CA710020AC7100207A
:104F2000AA710020A47100209E710020A0710020B1
:104F3000107D0300C07C03000000C8421F85EB51B8
:104F400028CC030050CC030000001C42B0CB03006F
:104F5000452B002084CC03009D7100209C71002013
:104F600000002442006B0020E8CC030030CD030099
:104F7000422B0020C6710020C5710020E0CD030047
:104F800090CD03000193272300935B4618EE902AEF
:104F900009495046FCF7E4FA0023084A137001223D
:104FA00007490A7007490B7007490B70102102204E
:104FB000F3F7BEF906E700BF3CCE0300C671002040
:104FC000C57100209D7100209C7100202DE9F043E7
:104FD00083B0724B1B78724A1678B34200D91E46D2
:104FE0006F4A13706F4B19786C4B19706E4B1C68BD
:104FF000002C00F0AF806D4BD3F800801C606C4B30
:1050000093F801901A79B2FA82F56D099B79B3FA97
:1050100083F77F09A0451DD066480078A8423AD0A2
:105020000AB1002B3CD16448DFF8A0C1A0EB0C0012
:10503000C0080004DFF878C19CF802C0CDF804C0B5
:1050400000915E4940F00200FCF78AFA594B1D704E
:105050005B4B1F705B4B1B7813F0020F4FD1A045C9
:1050600078D0B9F1000F75D13046FFF7E5FC564B0B
:105070001B784BB35048554BC01AC0080004544B22
:105080001B7800933346474A1278524940F0020099
:10509000FCF759FA5EE04A480078B842C0D1D9E737
:1050A0004548DFF828C1A0EB0C00C0080004DFF879
:1050B00000C19CF802C0CDF804C00091464940F000
:1050C0000300FCF74DFAC1E73B48404BC01AC0084B
:1050D00000043F4B1B7800933346324A12783F4915
:1050E00040F00100FCF72FFA00233D4A13803D4AAF
:1050F000138002220F211046F3F71AF92AE0384AEA
:10510000138801339BB21380A04526D00022354975
:105110000A80042B1ED9042A24D8B9F1000F2CD000
:10512000204B1878002834D12F4B01221A702248C6
:10513000264BC01AC00800041A4B1B78284A128854
:105140002A4940F00300FCF7F3F90222102110462F
:10515000F3F7EEF803B0BDE8F083224A128801327B
:1051600092B2D4E71448194BC01AC0080004204971
:1051700040F00200FCF7D2F9D2E70F48134A801A38
:10518000C00800041A461B4940F00200FCF7C6F9AB
:10519000E0E70138C0B2FFF773FCC5E7412B002000
:1051A000402B0020452B0020A8550020B471002082
:1051B000AC550020B1710020107D0300ACCE03007F
:1051C000B0710020CD710020006B0020C07C030076
:1051D000442B0020A4CF03003CCF0300F8CF0300F2
:1051E000C8710020A8710020C5710020E8D003001C
:1051F00058D00300A8D0030008B50A480A4BC01ACB
:10520000C0080004094940F00400FCF781F9FFF7E9
:10521000DDFEFFF735FD064B1B7803B908BDFEF731
:10522000D3FAFBE7107D0300C07C03003CD10300F0
:10523000006B002008B5FFF723FC08BD10B582B055
:10524000294B1C78294B1B78013BDBB2FD2B02D884
:10525000A34200D21C46264B1B78FBB9244B0122EB
:105260001A70244B1B78FF2B03D0234A12789342E9
:1052700003D2214B1A781F4B1A70204B01221A704F
:105280001F48204BC01AC008000400941A4B1B781A
:105290001E221D4940F00200FCF755F9164B1A7802
:1052A000A24211D20132D0B2FFF7EAFB1448154BEB
:1052B000C01AC0080004104B1A78144940F00200CC
:1052C000FCF72CF902B010BD0D480E4BC01AC008F7
:1052D00000040F4940F00100FCF720F900220D21E5
:1052E0000220F3F725F8EDE7CE710020442B0020D3
:1052F000A5710020432B0020452B0020C671002003
:10530000107D0300C07C03005CD1030010D20300B9
:10531000C0D1030070B584B0884B1A78002A5ED1E2
:10532000874B1A78002A69D1864B1B68864A126817
:105330009A4271D0844A1360844B00221A70844BC5
:105340001B78002B40F08F80824B1B78002B00F0E5
:105350009980814B9D78814C814BE41AE4082404A8
:1053600044F003067F4B1B7802937F4B1B7801931D
:105370007E4B1B780093012D14BF002301237C4A30
:1053800012787C493046FCF7FAF8012D00F08A804B
:10539000794B1A780132D2B21A70012A40F2A580F4
:1053A000754B00221A70724B1D786E4B1D706F4B3F
:1053B00001221A70FFF74CFB002840F0A0806F4BD1
:1053C0001B789D4280F0B280681CC0B2FFF758FB8A
:1053D000674B1A786A493046FCF7A0F80CE05B4B43
:1053E000002119705D485E4BC01AC0080004654971
:1053F00040F00400FCF792F804B070BD013AD2B25C
:105400001A705648564BC01AC00800045E4940F056
:105410000400FCF783F8EFE75C4B1B7893B94B4B28
:105420001A780132D2B21A70022A16D84B484C4B65
:10543000C01AC00800040323554940F00200FCF7DD
:1054400077F8D9E74548464BC01AC00800045149CF
:1054500040F00200FCF75CF8CEE73C4B00221A70EB
:10546000FFF7ECFEC8E73A4B1A703C483C4BC01AB9
:10547000C00800043E4B1A78474940F00300FCF78F
:105480004DF8B9E7334B01221A703448344BC01A37
:10549000C0080004364B1A78404940F00300FCF77E
:1054A0003DF8A9E7344B00221A70304B1B786BB9DA
:1054B0002F4B187888B10138C0B2FFF7E1FA2C4BB6
:1054C0001A7837493046FCF729F895E7284B1A78BF
:1054D00034493046FCF722F88EE7244B01221A703B
:1054E00031493046FCF714F886E7214B1B780093CE
:1054F00002232E4944EA0300FCF725F87CE71A4B07
:105500001A788AB1561EF6B200962B46284944F006
:105510000100FCF718F8164B1B78B3423FF46CAF50
:105520003046FFF7ADFA67E71646EDE72A46214910
:1055300044F00200FBF7F2FF5EE700BFCD710020F0
:10554000C5710020A8550020C0710020A671002060
:10555000A5710020BC710020AC550020107D030017
:10556000C07C0300432B0020442B0020C671002088
:10557000452B002000D40300C4710020CE71002010
:10558000E4D5030048D2030090D20300A4710020A8
:1055900028D30300D8D2030070D30300B8D303008C
:1055A00080D403005CD40300BCD40300F8D403000F
:1055B0003CD503009CD5030008B5FEF747FE08BDA7
:1055C00010B504460E480F4BC01AC00800040E491F
:1055D00040F00400FBF79CFF2046FEF7ADFE04F10F
:1055E0000800F3F7F3F904F518742046F3F700FF09
:1055F0002046F3F766FE054B1870FFF751F910BD12
:10560000107D0300C07C030018D60300CE7100207B
:1056100070B505460C4616460A4B0B4A9B1ADB082A
:105620001B040A4943F00400FBF772FF00F028F85E
:105630003246214600F054F821462846F2F78EFE05
:1056400070BD00BF107D0300C07C03002CD603009A
:1056500010B50446F2F73CFE014B2360204610BD16
:1056600014DF030010B50446FFF7F2FF04F15C00FD
:10567000F2F733FD04F6EC10FEF72CFC204610BDCB
:1056800008B50A4B1B68BFF35B8F13F0010F01D005
:10569000074808BD054802F0B7FA0028F8D00448CA
:1056A000FFF7E0FF014802F0C3FAF1E7D0710020F4
:1056B000D471002038B5044600F15C05074A012189
:1056C0002846F2F733FD2A4602212046F2F708FE6B
:1056D00004F6EC10F2F791FE38BD00BF94C1030050
:1056E00008B500F6EC10F2F76CFE08BD28B108B55D
:1056F00002498320FAF7DAFA08BD704744D603005E
:1057000000F1080343604FF0FF328260C360036121
:1057100000230360704700230361704743684B60B8
:105720009A688A6051609960086103680133036078
:10573000704730B40D68B5F1FF3F11D000F1080398
:105740001C465B681A68AA42FAD963684B60996084
:105750008C606160086103680133036030BC70478E
:105760000469F2E70369416882688A6041685160B0
:105770005A68824206D0002202611A68013A1A6011
:105780001868704782685A60F5E7000007480068AB
:1057900080F3088862B661B6BFF34F8FBFF36F8F97
:1057A0004FF4F07080F3118800DF00BF007002003A
:1057B000064B19680868B0E8F04F80F30988BFF31A
:1057C0006F8F4FF0000080F311887047547D0020E8
:1057D000EFF30980BFF36F8F144B1A681EF0100FA0
:1057E00008BF20ED108A20E9F04F10604DF8043D0D
:1057F0004FF0400080F31188BFF34F8FBFF36F8FDE
:1058000000F0E0FF4FF0000080F3118808BC196839
:105810000868B0E8F04F1EF0100F08BFB0EC108A17
:1058200080F30988BFF36F8F704700BF547D00205D
:10583000034AD2F8883043F47003C2F888307047C6
:1058400000ED00E008B5074B1B68B3F1FF3F03D143
:10585000402383F31188FEE703499E20FAF726FAD6
:10586000F6E700BF187C0020ECD603004FF08073F1
:1058700040F8043C40F8081C054B40F80C3C40F84C
:10588000202C6FF0020340F8243C4438704700BFDE
:105890004558030010B582B0264B1A68264B9A4231
:1058A00013D1264B1A78D2B20192FF221A701B78BC
:1058B000DBB28DF803309DF8033003F00203204A79
:1058C0001370204B07221A600EE01F49B020FAF730
:1058D000EDF9E6E71B4A1368013B13609DF80330BE
:1058E0005B00DBB28DF803309DF8033013F0800FBE
:1058F000F0D1144A136803F007031360019BDBB275
:105900000E4A13700B4CE02384F8223000F0BAF8F2
:105910000E4B00221A60FFF78BFF0D4A536B43F0CA
:1059200040435363236943F010032361FFF72EFFC5
:10593000FFF788FF00ED00E041C20F4100E400E006
:10594000147C0020107C0020ECD60300187C002082
:1059500000EF00E008B5402383F31188094A13687B
:1059600001331360012B00D008BD074B5B68C3F304
:105970000803002BF8D0054940F21110FAF796F908
:10598000F2E700BF187C002000ED00E0ECD6030039
:1059900008B5084B1B683BB1064A1368013B13600E
:1059A0000BB983F3118808BD03494FF48C70FAF7E3
:1059B0007DF9F1E7187C0020ECD6030008B5EFF381
:1059C0000583C3F308030F2B09D903F1E023F03358
:1059D00093F80033DBB20C4A12789A4208D80B4B8A
:1059E000DB68C3F302230A4A12689A4206D308BD51
:1059F00008494FF4A970FAF759F9F0E705494FF44F
:105A0000B170FAF753F9F2E7147C002000ED00E0E2
:105A1000107C0020ECD60300F0B583B0EFF31187C3
:105A2000402383F31188154BD3F804450022C3F8B3
:105A30000021D3F800310193019B00F093FD241A5B
:105A400024F07F4434F0010301D1002509E000F087
:105A5000FDFF0228F9D00124F7E700F0B7FD054368
:105A60003446661E002CF8D125B1054B4FF080520C
:105A70005A6040BF87F3118803B0F0BD00100140A9
:105A800000ED00E008B50020F7F79CF9094B1F2254
:105A9000C3F808250122C3F804239A601A60022281
:105AA000C3F84423044BE02283F811234FF400325F
:105AB0001A6008BD0010014000E100E010B5044686
:105AC000FFF748FFA26BE36B9A4204D00024FFF774
:105AD0005FFF204610BD0124F9E710B50446FFF72B
:105AE00039FFA36B23B90124FFF752FF204610BDF5
:105AF0000024F9E770B504461546866B026C5AB966
:105B000003681BB100200136A66370BD406800F039
:105B1000ADFF00236360F6E76DB9806802F012F80C
:105B2000A368226C1344A3606268934219D323686C
:105B3000A3602846E7E7C06802F004F8E368226C37
:105B400051429B1AE3602268934202D263680B447D
:105B5000E360022D01D00020D5E726B1013E0020F0
:105B6000D1E72846CFE70020CDE70346026C6AB1B3
:105B700010B50846D9681144D9605C68A14201D3C8
:105B80001968D960D96801F0DDFF10BD704738B5DC
:105B90000546FFF7DFFE95F8454064B201E0013CA1
:105BA00064B2002C0ADD6B6A43B105F1240000F0F9
:105BB000A7FE0028F3D000F031FFF0E7FF2385F8BF
:105BC0004530FFF7E5FEFFF7C5FE95F8444064B2A7
:105BD00001E0013C64B2002C0ADD2B6943B105F100
:105BE000100000F08DFE0028F3D000F017FFF0E762
:105BF000FF2385F84430FFF7CBFE38BD38B50D469E
:105C00000446D0B1FFF7A6FE2368E26B216C01FBCE
:105C1000023060600020A063A360013A02FB013300
:105C2000E360FF2384F8443084F84530D5B9236914
:105C300043B9FFF7ADFE012038BD0F49FC20FAF74C
:105C400035F8DFE704F1100000F05AFE0028F0D02C
:105C50000A4B4FF080525A6040BFBFF34F8FBFF3E3
:105C60006F8FE6E704F11000FFF74AFD04F124000E
:105C7000FFF746FDDDE700BF94D7030000ED00E02D
:105C800010B5034602980C4631B90060C363046442
:105C90000121FFF7B3FF10BD0260F7E7F0B585B053
:105CA0000D4616461C460746B0B1DCB106B33DB3FF
:105CB00048230393039B482B28D154B1012384F834
:105CC000463000949DF82830324629463846FFF782
:105CD000D7FF204605B0F0BD0F4940F23310F9F769
:105CE000E5FFE2E70C4940F23710F9F7DFFFDDE7A7
:105CF000002DDDD008494FF49E70F9F7D7FFD7E7A4
:105D0000054940F23B10F9F7D1FFD1E702494FF4C2
:105D1000A270F9F7CBFFD0E794D70300F0B585B0B8
:105D20000F4601921D46044648B177B1022D15D0A9
:105D300000F08CFE08B9019BCBB9002659E051490F
:105D40004FF43770F9F7B2FFEFE7236C002BEDD07B
:105D50004C4940F2DD20F9F7A9FFE7E7E36B012B9F
:105D6000E6D0484940F2DE20F9F7A0FFE0E74549D8
:105D700040F2E120F9F79AFFDFE72A46394620464C
:105D8000FFF7B8FE636A73B940B13F4B4FF08052E2
:105D90005A6040BFBFF34F8FBFF36F8FFFF7F8FD1F
:105DA000012005B0F0BD04F1240000F0A9FD002899
:105DB000F4D0354B4FF080525A6040BFBFF34F8F45
:105DC000BFF36F8FEAE7FFF7E3FD0020E9E702A8E2
:105DD00000F0DAFD012619E0002384F8443021E0C8
:105DE000002384F8453023E02046FFF7D0FE00F082
:105DF0006DFCFFF7AFFDA26BE36B9A42BDD3022DA2
:105E0000BBD0019B002BDED0002EE0D0FFF7C0FD01
:105E100000F0A0FBFFF79EFD94F8440040B2B0F103
:105E2000FF3FD9D094F8450040B2B0F1FF3FD7D042
:105E3000FFF7AEFD01A902A800F0B2FDD0B92046DF
:105E4000FFF73CFE0028CFD0019904F1100000F0CC
:105E50001FFD2046FFF79BFE00F038FC0028C8D14C
:105E6000094B4FF080525A6040BFBFF34F8FBFF3D2
:105E70006F8FBEE72046FFF78AFE00F027FC002068
:105E80008FE700BF94D7030000ED00E02DE9F84351
:105E90000E4691461D460446A0B1CEB1022D20D03B
:105EA000FFF78CFDEFF31188402383F31188A26B79
:105EB000E36B9A421ED3022D1CD0002088F3118878
:105EC000BDE8F8831E4940F2A230F9F7EFFEE4E79F
:105ED000236C002BE2D01A4940F2A330F9F7E6FE1A
:105EE000DCE7E36B012BDBD015494FF46970F9F760
:105EF000DDFED5E794F845707FB22A46314620464C
:105F0000FFF7F8FDB7F1FF3F05D001377FB284F806
:105F100045700120D2E7636A0BB90120CEE704F196
:105F2000240000F0EDFC30B1B9F1000F05D00120E4
:105F3000C9F80000C2E70120C0E70120BEE700BFAA
:105F400094D70300F0B585B00F460192044638B1EE
:105F500067B100F07BFD08B9019B83B9002652E0D0
:105F6000494940F2DF40F9F7A1FEF1E7236C002B2D
:105F7000EFD0454940F2E340F9F798FEE9E742499E
:105F80004FF49D60F9F792FEE8E739462046FFF7A7
:105F9000ECFD013DA563236923B9FFF7F9FC01205E
:105FA00005B0F0BD04F1100000F0AAFC0028F4D008
:105FB000364B4FF080525A6040BFBFF34F8FBFF354
:105FC0006F8FEAE7FFF7E4FC0020E9E702A800F0A2
:105FD000DBFC012621E0002384F8443029E0002383
:105FE00084F845302BE02046FFF7D1FD00F06EFB32
:105FF00009E02046FFF7CBFD00F068FB2046FFF7E5
:106000006CFD00283ED1FFF7A5FCA56B002DBCD18F
:10601000019B002BD6D0002ED8D0FFF7B9FC00F0A2
:1060200099FAFFF797FC94F844305BB2B3F1FF3F65
:10603000D1D094F845305BB2B3F1FF3FCFD0FFF73A
:10604000A7FC01A902A800F0ABFC0028D1D1204692
:10605000FFF743FD0028C6D0019904F1240000F0A9
:1060600017FC2046FFF793FD00F030FB0028CAD153
:10607000064B4FF080525A6040BFBFF34F8FBFF3C3
:106080006F8FC0E700208BE794D7030000ED00E09E
:106090000023012B0CD8074A52F833200AB10133F0
:1060A000F7E7044A42F8331002EBC302506070472E
:1060B000704700BF1C7C002070B504460D46164694
:1060C000FFF748FC94F844305BB2B3F1FF3F0DD0CA
:1060D00094F845305BB2B3F1FF3F0BD0FFF758FCAB
:1060E000A36B5BB12046FFF752FD70BD002384F81F
:1060F0004430EDE7002384F84530EFE73246294687
:1061000004F1240000F0DEFBECE7002301E00130A5
:1061100001330278A52AFAD0C3F38F00704700003C
:10612000084B1B681B6823B9074B4FF0FF321A60FE
:106130007047044B1B68DB68DB685A68024B1A60C7
:10614000704700BF9C7C0020347C00202DE9F04784
:1061500080460D4617469946089EDDF824A00A9C05
:106160009200A521206B01F01FFD236B07F18042F7
:10617000013A03EB820727F007074FF0000CBCF150
:10618000090F09D815F80C3004EB0C0282F83430F2
:1061900013B10CF1010CF2E7002384F83D30062E18
:1061A00000D90626E662266400256564201DFFF7F7
:1061B000B2FA04F11800FFF7AEFA2461C6F107063F
:1061C000A6616462A56484F84C504A46414638464C
:1061D000FFF74CFB2060BAF1000F01D0CAF8004075
:1061E000BDE8F08738B5002407E004EB8402930093
:1061F0000E481844FFF784FA0134062CF5D90C4DEB
:106200002846FFF77DFA0B4C2046FFF779FA0A483B
:10621000FFF776FA0948FFF773FA0948FFF770FAB3
:10622000084B1D60084B1C6038BD00BFC87C0020B7
:10623000B47C0020A07C0020847C0020707C0020A6
:10624000587C00209C7C0020987C002010B50446DF
:10625000FFF780FB214A136801331360204B1B6852
:106260005BB1204B1B686BB91D4B1B68DA6AE36A94
:106270009A4207D81A4B1C6004E0194B1C60136843
:10628000012B27D0184A136801331360E06A0123F9
:106290008340164A11680B43136000EB8000211DF8
:1062A000134B03EB8000FFF739FAFFF771FB0D4B3F
:1062B0001B6873B10A4B1B68DA6AE36A9A4208D218
:1062C0000C4B4FF080525A6040BFBFF34F8FBFF36B
:1062D0006F8F10BDFFF786FFD4E700BF547C00200E
:1062E000547D0020487C0020387C00204C7C00201D
:1062F000C87C002000ED00E010B5044690F84D3059
:106300004BB1012B0ED0022B0BD0084940F6886010
:10631000F9F7CCFC05E0006BFFF7E8F92046FFF742
:10632000E5F910BDFFF7E2F9FBE700BF28D803004D
:106330000F4B1B68D3B110B5FFF70CFB0D4BDB689F
:10634000DC68201DFFF70EFA0B4A1368013B13604F
:10635000074A1368013B1360FFF71AFB2046FFF75B
:10636000CBFF034B1B68002BE6D110BD704700BF6D
:106370006C7C0020707C0020547C002070B50446AA
:106380000D461D4B1E681D4B18680430FFF7EAF9D7
:1063900048B91A4B1B68DB6A01229A4018490B68FE
:1063A00023EA02030B60B4F1FF3F0DD03444134BDA
:1063B0001B685C60A64210D9124B18680F4B196815
:1063C0000431FFF7B6F970BD002DEFD00B4B196803
:1063D00004310D48FFF7A2F9F5E70C4B1868074B9D
:1063E00019680431FFF7A5F9094B1B68A342EAD9E4
:1063F000074B1C60E7E700BF507C0020547D002065
:106400004C7C0020987C0020587C00209C7C002044
:10641000347C002008B50AE0084B4FF080525A60E7
:1064200040BFBFF34F8FBFF36F8FF1F7E1FEFFF770
:106430007FFF034B1B68012BEED8F6E700ED00E071
:10644000C87C00202DE9F04387B080460E461746F1
:1064500099460F9D109CE5B10CB350220492049A0A
:10646000502A22D13CB335B32563022384F84D3042
:1064700000230393029405AB01930E9B00934B46BC
:106480003A4631464046FFF761FE2046FFF7DEFE02
:1064900013E00C494FF41470F9F708FCDCE70949E4
:1064A00040F25120F9F702FCD7E7064940F25920A3
:1064B000F9F7FCFBD6E700230593059807B0BDE884
:1064C000F08300BF28D8030010B588B000240594DD
:1064D000069407AA06A905A8F1F78CFE059B02936E
:1064E000069B019300942346079A13491348FFF72C
:1064F000A9FF134B186098B100F09AFB012810D146
:10650000402383F311880F4B4FF0FF321A600E4B7C
:1065100001221A600D4B00221A60FFF7BBF903E05D
:106520000020B0F1FF3F01D008B010BD084940F293
:10653000DC70F9F7BBFBF7E7BCD803001564030078
:10654000307C0020347C0020487C0020507C0020DF
:1065500028D80300024A136801331360704700BF54
:106560002C7C0020014B1868704700BF507C002035
:1065700008B5FFF723FA014B186808BD507C0020CE
:1065800010B5044610B104F1340010BD044B1C6872
:10659000002CF8D1034940F6E400F9F787FBF2E755
:1065A000547D002028D8030008B5064B1B6813B1A2
:1065B000044B186808BD044940F6B710F9F776FB9C
:1065C000F6E700BF307C002028D80300F8B5334B35
:1065D0001B68002B56D1324B1E6801361E607EB9F7
:1065E000304B1B681B688BB92E4A11682E4B1868FC
:1065F000106019602D4A136801331360FFF790FD96
:106600002B4B1B68B34233D9002740E0294940F6A1
:106610003320F9F74BFBE7E70127224B1B681B6888
:1066200043B3204B1B68DB68DC6863689E4226D35B
:10663000251D2846FFF796F8A36A1BB104F1180040
:10664000FFF790F8E36A01229A401B490868024369
:106650000A6003EB83039A00294618481044FFF7A9
:106660005DF8E26A164B1B68DB6A9A42D4D2D4E723
:106670000027D2E70E4B4FF0FF321A6007E00C4ABA
:10668000136004E00F4A13680133136000270E4BB8
:106690001B6803B101273846F8BD00BF2C7C0020E1
:1066A000507C00209C7C0020987C00203C7C0020BA
:1066B000347C002028D803004C7C0020C87C0020BB
:1066C000547D0020447C0020407C002038B5334BB2
:1066D0001B686BB1FFF73EF9304B1A68013A1A603C
:1066E0001B68002B54D12E4B1B683BB9002450E093
:1066F0002C494FF40460F9F7D9FAEBE700242A4B50
:106700001B681BB3284BDB68DC6804F11800FFF73B
:1067100029F8251D2846FFF725F8E06A0123834064
:10672000224A11680B43136000EB80002946204B7E
:1067300003EB8000FEF7F2FFE26A1E4B1B68DB6A88
:106740009A42DCD31C4B01221A60D8E70CB1FFF748
:10675000E7FC1A4B1C687CB9174B1C68CCB1184B72
:106760004FF080525A6040BFBFF34F8FBFF36F8F1F
:1067700001240EE0013C07D0FFF728FF0028F9D0E4
:106780000D4B01221A60F5E70C4B00221A60E3E77B
:106790000024FFF7FDF8204638BD00BF2C7C002008
:1067A000547C002028D80300847C00204C7C0020EE
:1067B000C87C0020547D0020407C0020447C0020C8
:1067C00000ED00E02C4B1B681BB12C4B01221A6022
:1067D000704710B5294B00221A60294B1B681B6BB0
:1067E0001A68B2F1A53F03D15A68B2F1A53F2BD088
:1067F000234B186819683431FCF756FE214B1C688E
:106800005CB3B4FA84F4C4F11F0404EB8402930073
:106810001D4AD3581BB31C4904EB840293000B445C
:106820005A6852685A6004EB8400830008330B44B2
:106830009A421AD004EB8404A200134B13445B6801
:10684000DA680F4B1A6010BD9A68B2F1A53FCFD13C
:10685000DB68B3F1A53FCBD1D0E72024D3E70B49C8
:106860004FF43560F9F722FAD5E751688200064BFC
:1068700013445960DEE700BF2C7C0020407C0020E0
:10688000547D00204C7C0020C87C002028D80300C8
:1068900038B50C46054650B1084B196818312846E2
:1068A000FEF747FF01212046FFF768FD38BD044988
:1068B0004FF43660F9F7FAF9EEE700BF547D002097
:1068C00028D8030070B50D461446064668B10A4B39
:1068D000196818313046FEF721FF0CB14FF0FF3533
:1068E00021462846FFF74AFD70BD044940F68B302B
:1068F000F9F7DCF9EBE700BF547D002028D803004E
:1069000038B5C368DC6824B304F118052846FEF7DF
:1069100029FF164B1B6813BB251D2846FEF722FFD7
:10692000E06A01238340124A11680B43136000EBB5
:10693000800029460F4B03EB8000FEF7EFFEE26A72
:106940000D4B1B68DB6A9A420ED901200B4B186075
:1069500038BD0B4940F6BB30F9F7A8F9D4E7294612
:106960000848FEF7DBFEEAE70020F1E72C7C002078
:106970004C7C0020C87C0020547D0020407C0020FE
:1069800028D80300847C0020034B1B680360034B62
:106990001B684360704700BF3C7C0020507C002097
:1069A000F8B50C460546B8B1E4B1FEF7D3FF184B75
:1069B00019686B68C81A2268B2F1FF3F20D0154EE3
:1069C00036682F68B74201D08B421ED982420FD859
:1069D00000232360012414E00F4940F62640F9F714
:1069E00065F9E1E70C4940F62740F9F75FF9DCE784
:1069F0005B1A134423602846FFF7C6FF002400E01B
:106A00000024FEF7C5FF2046F8BD0124F9E700BFCA
:106A1000507C00203C7C002028D80300014B012240
:106A20001A607047407C002008B5034618B1186B07
:106A3000FFF76BFB08BD014B1B68F8E7547D002096
:106A4000014B1868704700BF547D0020054B1B6840
:106A500033B1054B1B680BB1002070470220704713
:106A600001207047487C00202C7C0020002846D064
:106A700038B50446244B1B68834204D0234940F6B2
:106A80003B70F9F713F9636C4BB1636C013B6364C2
:106A9000E16A226C914234D03BB1002038BD1B49E1
:106AA00040F63C70F9F702F9EFE7251D2846FEF79E
:106AB00059FE70B9E26A02EB82039B001449CB587D
:106AC0003BB9012303FA02F212490B6823EA0203DD
:106AD0000B60206CE062C0F10703A361012404FA9B
:106AE00000F30C4A11680B43136000EB8000294649
:106AF000074B03EB8000FEF711FE2046CEE7002097
:106B000070470020CAE700BF547D002028D803004A
:106B1000C87C00204C7C0020064B1A681368B3FA2E
:106B200083F35B09036013B9D368186870470020CA
:106B3000704700BFB07F002008B5416000619142FE
:106B40000CD8D21A83699A4201D3012008BD011DD5
:106B5000094B1868FEF7EDFD0020F7E79A4201D2D5
:106B6000994206D2011D054B1868FEF7E2FD002090
:106B7000ECE70120EAE700BFAC7F0020B07F0020F7
:106B800030B583B0FEF7E6FE114B1B681BB1FEF774
:106B9000FFFE03B030BD0F4D2846FEF7B1FD0E4C91
:106BA0002046FEF7ADFD0D4B1D600D4B1C60002314
:106BB00000930C4B0C4A10212020FFF76FF8044B78
:106BC00018600028E3D00949FFF762FADFE700BF49
:106BD000A87F0020C87F0020B47F0020B07F002065
:106BE000AC7F0020587D0020A07D0020C4D8030089
:106BF0002DE9F041074616461D46079C884671B1AF
:106C00005CB1FFF7BDFF2760C4F81880E66125621C
:106C1000069B6362201DFEF77EFDBDE8F0810349FF
:106C200040F26910F9F742F8EAE700BFCCD8030058
:106C300010B588B0FFF7A4FF114B1B68C3B1002447
:106C40000594069407AA06A905A8F1F7DFFA059BA3
:106C50000293069B0193022300932346079A094956
:106C60000948FFF7EFFB094B186008B1012005E068
:106C700007494FF48870F9F719F8002008B010BDE3
:106C8000A87F002060D90300C56F0300A47F002007
:106C9000CCD803002DE9F04184B005460E4690465D
:106CA0001F460B9C2C230393039B2C2B10D1ACB1C0
:106CB00001940A9B00933B46424631462846FFF723
:106CC00097FF012384F82830204604B0BDE8F08106
:106CD00005494FF4A370F8F7E9FFE8E7024940F2ED
:106CE0004B10F8F7E3FFEFE7CCD80300F0B585B021
:106CF0000C4615461E46074698B1154B186828B332
:106D0000009401950297052C19DCFFF79FFE0228DD
:106D10000DD000231A4669460D480068FEF7FEFFB5
:106D200012E00C4940F28310F8F7C0FFE5E70023BA
:106D30000A9A694606480068FEF7F0FF04E000235F
:106D400032466946FFF7A2F805B0F0BD0020FBE728
:106D5000A87F0020CCD8030070B582B0194B1B6807
:106D60001A683AB3DB681E68DC68251D2846FEF702
:106D7000F9FC636A20469847E369012BEED1A369C9
:106D800033449E4207D26360246129460D4B186844
:106D9000FEF7CFFCE2E7002100910B463246204689
:106DA000FFF7A4FF0028D9D1074940F26F30F8F768
:106DB0007DFFD3E7054A106802490860136002B0FE
:106DC00070BD00BFB07F0020CCD80300AC7F002096
:106DD00038B50546FFF7C6FB0446074B1B688342E0
:106DE00005D800232B60044B1C60204638BDFFF7FC
:106DF000B3FF01232B60F6E7A07F002070B582B0BF
:106E000006460D4613490968C968CC68201DFEF77F
:106E1000A9FCE169012904D0636A2046984702B0C1
:106E200070BDA16933462A4631442046FFF784FEEF
:106E30000028F1D0002100910B4632462046FFF792
:106E400055FF0028E8D1044940F2E510F8F72EFF7D
:106E5000E2E700BFB07F0020CCD8030070B582B05D
:106E600006460C46FFF776FB01A8FFF7B1FF019B32
:106E70001BBB054644B9B0420CD3FFF727FC29469B
:106E80003046FFF7BBFF1AE00E4B1B681C68B4FAD4
:106E900084F464092246711B0B4B1868FFF70CF948
:106EA000FFF714FC58B9094B4FF080525A6040BFAD
:106EB000BFF34F8FBFF36F8F01E0FFF707FC02B006
:106EC00070BD00BFAC7F0020A87F002000ED00E077
:106ED00030B589B002E0049B002B0FDA002204A930
:106EE000364B1868FFF72EF8002864D0049B002B5F
:106EF000F1DA07990698059B9847ECE7069C6369C9
:106F000013B1201DFEF72EFC03A8FFF761FF054615
:106F1000049B092BE2D801A252F823F0456F03002D
:106F2000456F0300456F0300DD6E0300856F0300AE
:106F3000A76F0300456F0300456F0300DD6E03007C
:106F4000856F0300059BA169024619442046FFF79F
:106F5000F3FD0028C2D0636A20469847E369012BFD
:106F6000BCD1A269002100910B460598024420463D
:106F7000FFF7BCFE0028B1D1114940F2FE20F8F71E
:106F800095FEABE7059BA3613BB1A1692B462A4661
:106F900029442046FFF7D0FDA0E7094940F215300B
:106FA000F8F784FEF1E794F82830002B96D12046BC
:106FB000FEF79CFB92E709B030BD00BFA87F002020
:106FC000CCD8030000B583B001A8FFF7A5FD019957
:106FD000FFF744FFFFF77CFFF6E7000008B5064B1C
:106FE0001B6813B1044B186808BD044940F2AD108A
:106FF000F8F75CFEF6E700BFA47F0020CCD80300C2
:10700000BFF34F8F0549CA6802F4E062044B134393
:10701000CB60BFF34F8F00BFFDE700BF00ED00E086
:107020000400FA054FF08053D3F83021D3F83431FF
:10703000082A01D000207047032B01D80020704798
:107040000120704708B5FFF7EDFF58B14FF010234E
:10705000D3F80832B3F1FF3F05D04FF080435A22F6
:10706000C3F8582508BD0F4B0122C3F804250D4B6A
:10707000D3F80034002BFAD04FF010235A22C3F873
:107080000822084BD3F80034002BFAD0054B00221D
:10709000C3F80425034BD3F80034002BFAD0FFF7D4
:1070A000AFFF00BF00E0014008B54FF01023D3F858
:1070B0000C3203B908BD0F4B0122C3F804250D4B58
:1070C000D3F80034002BFAD04FF010230022C3F87D
:1070D0000C22084BD3F80034002BFAD0054B0022C9
:1070E000C3F80425034BD3F80034002BFAD0FFF784
:1070F00087FF00BF00E0014010B5FFF7A3FFFFF7D7
:10710000D3FFF0F7DFFE0446F0F7F6FE2046F0F777
:1071100037FF002010BD51EC102BC1F30A53002B98
:107120001CBF40F2FF7C634500D1704718446045A6
:1071300006DB0020C7F6F07060F31E01002208E0B5
:107140000028C7BF6FF31E5141EA005101F0004112
:10715000002241EC102B704752EC10CBC2F30A53C3
:1071600040F2FF718B4211BF002B0021016070477C
:10717000A3F2FE31016040F2FE3060F31E5242EC99
:1071800010CB7047000000002DE9F84F2DED028B69
:1071900082B050EC101B4FF0FF3202EB105240F265
:1071A000FE739A4280F09F8001A8FFF7D5FF55EC4F
:1071B000106B00245E4B30462946002200F090F907
:1071C00080460F464AF29E00C3F6E67043F6CE3183
:1071D000C6F27F61019A711A75EB00000092B8BF88
:1071E0000124002C284631461CBF3846414640EC5D
:1071F000101B4FF0FF30FFF78EFFB0EE408AF0EE2D
:10720000608A4C4B30462946002200F069F9054659
:107210000E46494B51EC180B002C1CBF3E46454610
:10722000002200F05DF902460B462846314600F088
:107230000FFB05460E4602460B4600F071FA8346E8
:107240008A464DF61879C0F2030941EC180B4846FE
:107250000221B0EE480AF0EE680A00F079F8374AE9
:10726000374B51EC100B00F03BF980460F4609F10B
:1072700010000321B0EE480AF0EE680A00F09CF816
:1072800053EC102B4046394600F0E2FA5A4653467A
:1072900000F046FA2A46334600F042FA2A463346C0
:1072A00000F01EF980460D46002C009818BF0138EA
:1072B00000F0D6FB06460F46224A234B00F030FA78
:1072C00042462B4600F00CF980460D461F4B3046D7
:1072D0003946002200F024FA42462B4600F000F91D
:1072E00041EC100B1AE0420042EAD1720023CFF6C3
:1072F000E0730027B7EB410773EB02020ED30022C5
:10730000C7F6F072104207D00028BCBF02F500207B
:10731000002140EC101B01E09FED030B02B0BDEC1F
:10732000028BBDE8F88F00BF000000000000F0FFF6
:107330000000E0BF0000F0BF0000E03F9AB5B312CC
:10734000FF0750C0A80C615C10D02BBF0030E63F97
:10735000F8B52DED028B00EBC1070E4657E902018F
:1073600017ED048B54EC105B2A46234600F0D8F945
:1073700053EC182B00F0B4F841EC100B032E10DB8B
:10738000183F013E51EC100B2A46234600F0C8F985
:1073900077E8022300F0A4F8013E41EC100B012E27
:1073A000F0D851EC100B2A46234600F0B9F941EC15
:1073B000100BBDEC028BF8BD2DE9F041804600EBCF
:1073C000C100022915DBA0F108074C1C56EC105B2C
:1073D00077E8022351EC100B00F082F82A4633467E
:1073E00000F09EF9013C41EC100B022CF0D808F1A2
:1073F000080050E9022351EC100B00F071F841EC49
:10740000100BBDE8F08184460020002918BF002A37
:1074100000D17047097848B2002844BF6FF00100DE
:107420007047BCF1000F18BFCCF800100021C3E971
:107430000011002818BF012070477F298EBF6FF010
:10744000010001700120704747F6DC72C2F20002B1
:107450001368002B02BF42F64833C2F200031360E8
:107460005A689268126810470921FFF7EDBF7F281C
:1074700084BF002070474EF25412C0F20302515CE8
:107480004EF2D402C0F20302105C08407047A0F133
:1074900061011A2938BF20387047A0F141011A292B
:1074A00038BF203070477F2884BF002070474EF2DD
:1074B0005412C0F20302515C4EF2D402C0F2030235
:1074C000105C08407047A0F161011A2938BF2038CC
:1074D0007047A0F141011A2938BF203070470000E1
:1074E00030B591EA030F00F18280841A71EB030C2E
:1074F00005D2121953EB0C03001B71EB0C0140F287
:10750000000CCFF6E07C1CEA430F52D0BCEB410FDD
:107510005FD90C0DA4EB135E5FF0010C6CF31F51EF
:107520006CF31F53DEF1200C2AD303FA0CF540193B
:1075300041F1000122FA0EF5401923FA0EF56941D6
:1075400012FA0CF2CD0208D349085FEA30005FEA74
:10755000320228BF42F001020134013C5FEA500CC4
:1075600072F1004250F1000051EB04514FF400134E
:1075700013EB410F38BF30BD6FF31301002030BD56
:10758000BEF1200EBEF1200F1ED223FA0EF54019D7
:1075900041F10001CEF1200C124218BF012203FA82
:1075A0000CF52A43CEE711EA5C0F04BF002000214E
:1075B00030BD1CEA410F04BF01F00041002030BD86
:1075C00001F00041002030BD21F4801101EB045195
:1075D00030BD004218BF41F00101BCEB410F08BFB4
:1075E00030BD4FF0FE4141F47801002030BD83F002
:1075F0000043841A71EB030E07D28EF0004E001B7D
:1076000071EB0E01121953EB0E0340F2000CCFF692
:10761000E07C1CEA430FC6D0BCEB410F72D90C0DC5
:10762000A4EB135EC90241EA5051C00241F000418F
:10763000DB0243EA5253D20243F00043DEF1200C56
:1076400041D312FA0CF522FA0EF203FA0CF542EAD3
:10765000050218BF42F0010223FA0EF3801A994185
:10766000E30AC4F30A0411F0404F03D418D0013CDC
:1076700040004941013C23D44205C00A40EA415040
:10768000C90A51EAC3715FEA500C72F1004250F12D
:10769000000051EB045130BD01002FD00020203CF0
:1076A0000029F9D0B1FA81FCDCF1200E11FA0CF1BD
:1076B00030FA0EF510FA0CF02943A4EB0C04D9E7CC
:1076C0000020D90730BDAEF1200EBEF1200F0DD243
:1076D000CEF1200C03FA0CF533FA0EF32A4318BF4F
:1076E00043F00103C01A61F10001B9E721F0004144
:1076F000C00A40EA4150C90A01EB045130BD0020E4
:10770000002130BD004218BF41F00101BCEB410F28
:107710007FF467AFBCEB430F3FF463AF30BD00BFF6
:10772000F0B540F2FF7681EA030C16EA115E1EBF47
:10773000B64516EA1355B54252D021EA465141F4F6
:107740008011A1FB024723EA465343F48013AE4461
:10775000A0FB03650CF0004C36197D41A1FB0347EB
:1077600047F10003A0FB0217F619654153F100032E
:10777000094218BF46F0010640F2FE74B3F5007FDF
:1077800013D2AEF5806EA64523D24CEA033128030E
:1077900041EA155140EA16503203450872F10042A1
:1077A00050F1000051EB0E51F0BDAEF2FF3EA64588
:1077B0000FD24CEAC321E80241EA555140EA565043
:1077C000F202450872F1004250F1000051EB0E51F7
:1077D000F0BD1EEA0E0F2DD50CF000410020F0BDCB
:1077E00016EA115F04BF01F000410020004218BFFB
:1077F00041F0010116EA135F04BF03F000430022C9
:10780000124218BF43F0010306EA1354B44218BFF2
:10781000B64503D00CF000410020F0BD21F000413E
:1078200023F00043B1EB065F0CD8B3EB065F09D839
:1078300041B13BB10CF0004141F0FE4141F4700117
:107840000020F0BD40F20001C7F6F8710020F0BD45
:107850002DE9F04391EA030E0EF0004E40F20007CE
:10786000CFF6E07717EA41051EBFBD4217EA430590
:10787000BD4200F09F807F0D17EA135623EA47535D
:1078800043F4801317EA115521EA475141F480115E
:10789000AD1B05F2FD354FEAD31C1CF1010C4FF076
:1078A0000047B7FBFCF77F01A2FB079C0024E3FB2A
:1078B00007C4D9F100096CEB4C0CA0FB0762002057
:1078C000E1FB072000275FEAC628E0FB0987760D69
:1078D00046EAC226520DF61900277A41E0FB0C62F7
:1078E0005FEAC823E2FB09375FEA585848EAC6282E
:1078F000760D18EB070800214E41E2FB0C8602EBE7
:10790000C020DA02E6FB09215B0D43EAC8235FEAE7
:1079100058585B18002758EB0708E6FB0C38D102D3
:10792000E8FB0917520D42EAC3225B0DD21900276A
:107930007B41E8FB0C2308EBC6265FEAC128E3FB8A
:107940000987490D41EAC221520DC91942F10002CD
:10795000E3FB0C12470019EB08095CEB010C72EB1E
:10796000040453EBC62047EB56530026B3F5000F33
:107970007641AD190236D6F1200910FA09F4F0402B
:1079800013FA09F21043F340E40F001943F1000326
:10799000B3F5001F24BF5B08013540F2FE77BD42FE
:1079A00004D24EEA05511944BDE8F0832D4224D596
:1079B000714626E0004218BF41F00101124218BF93
:1079C00043F00103B7EB410F2CBFB7EB430F1BE0B4
:1079D000B7EB410F04BFB7EB430F15E017EA410FB8
:1079E00004BF17EA430F0FE017EA410FE0D017EA90
:1079F000430F02D0B7EB430FDAD04EF0FE4141F413
:107A000070010020BDE8F08340F20001C7F6F87174
:107A1000F7E700BFC1F30A5340F21E42D21A0EDD4F
:107A2000202A0AD8CB0243EA505040F00040D04010
:107A300090EAE170B0EBE1707047002070474B00B6
:107A4000004218BF43F0010313F5001F88BF21F067
:107A5000004111F0004058BF6FF00040704700BF78
:107A600010F0004160B148BF40420A0D02F21D42D1
:107A7000B0FA80F3D21A9840C30A400503EB0251D2
:107A8000704700BFC0F3C75191B142004FEA407048
:107A90004FEAD2014FEA310101F16051B2F17F4F5B
:107AA00038BF704701F1605118BF41F400217047A1
:107AB00010F0004100207047082938BF70470022AD
:107AC000C0E9002147F6E071C2F20001086070478A
:107AD000042A08D350F804CB0B689C4506D1043A1D
:107AE0000431032AF6D8A2B1D0F800C0086880EAB1
:107AF0000C0191FAA1F1B1FA81F1B2EBD10F08D9E1
:107B000001F038012CFA01F2C840C0B2D1B2081A13
:107B10007047002070470178002904BF002070479B
:107B200000214FF001324358C2FA53F30431002BC5
:107B3000F9D093FAA3F0B0FA80F001EBD00004384A
:107B4000704700005AB3844690EA01039B071FD197
:107B5000830707D011F8013B00F8013B013AF7D148
:107B60001CE08446203A09D32DE9F007B1E8F80774
:107B7000A0E8F807203AF9D2BDE8F0071C3205D496
:107B800051F8043B40F8043B043AF9D2043205D0E2
:107B900011F8013B00F8013B013AF9D1604670470A
:107BA00000220B0011001A0084465AB3830704D048
:107BB00000F8011B013AF9D124E0C9B241EA0121E0
:107BC00041EA0141202A11D3203A2DE9F0030B4666
:107BD0000C460D460E460F4688468946A0E8FA0335
:107BE000203AFBD2BDE8F00320320BD0042A05D3A3
:107BF00040F8041B043A05D0042AF9D200F8011B0E
:107C0000013AFBD16046704708B50346007858B981
:107C10005A78012A07D0920702D5044800F00CF8E0
:107C200002225A70012008BD0020FCE761E1030038
:107C300001230370437070470FB408B5FAF7AEFA2A
:027C4000FEE75D
:107C440029CD020000000000190A03000000000012
:107C5400B19B0200000000005D80020000000000F3
:107C640041B1020074410020359A02000000000076
:107C740001BC02000000000019870200000000009F
:087C8400590903000000000093
:107C8C00C1CE020000000000850A030000000000C5
:107C9C00891E0300000000003121030000000000D9
:107CAC0010520020D8520020E05200201852002020
:047CBC0018000000AC
:107CC0004897030003030000EC9703000303000040
:107CD000F4970300030300009498030003030000DB
:107CE00080990300030300006C9A03000303000063
:107CF0000C9B030003030000149B0300030300001C
:107D00001C9B030003030000249B030003030000EB
:107D100098A60300030304042C9B03000303000044
:107D2000BC8C030003030404589603000303000003
:107D3000408C030003030404D89F030003030404DE
:107D400060A803000000040488AB030000000303E4
:107D500048AC030000000404CC8F030000000303C0
:107D6000348A0300000003031C8C0300000003039B
:107D7000E890030000000303308C030000000303BD
:107D8000708F0300000003036C8D030000000303E9
:107D9000AC950300000003031C94030000000303E0
:107DA00018DD030000000000D0A50300342B0020E4
:107DB0000000000000000000C5F902000000000003
:047DC00000000000BF
:107DC400619102002D250300313C0300B9550300E5
:107DD40041707000496E697469616C697A61746993
:107DE4006F6E0000436861726765000057616974D3
:107DF40000000000536C6F77204368617267652050
:107E0400416E64205363616E000000004D616E7525
:107E1400616C000053746174654D616368696E65DB
:107E24003A204E657720495047206461746120727E
:107E340065636569766564004368617267696E6746
:107E440020506172616D65746572733A00000000C0
:107E5400202056524543545F4445546E3A202564CD
:107E6400202830203D20636F696C20707265736533
:107E74006E742900202056524543545F4F56506E6D
:107E84003A202564202831203D204F4B2C203020DF
:107E94003D204F5650290000202056636867207209
:107EA40061696C20737570706C7920636972637595
:107EB400697420706F77657220676F6F643A20254C
:107EC40064000000202043484731207374617475B6
:107ED400733A2025642C20434847315F4F56505F46
:107EE4004552526E3A202564202831203D204F4BC4
:107EF4002C2030203D204F5650290000202043489C
:107F04004732207374617475733A2025642C2043BE
:107F14004847325F4F56505F4552526E3A202564AF
:107F2400202831203D204F4B2C2030203D204F561F
:107F340050290000546865726D616C205061726153
:107F44006D65746572733A002020546865726D2003
:107F54007265666572656E63653A2025640000008B
:107F64002020546865726D206F757075743A2025F1
:107F7400640000002020546865726D206F6666738B
:107F840065743A2025640000426174746572792036
:107F9400766F6C74616765206D6561737572656475
:107FA4003A2042617474413D2575206D562042612A
:107FB4007474423D2575206D560000005465737439
:107FC40020496E666F726D6174696F6E3A000000CD
:107FD4002020485620537570706C7920456E61627C
:107FE4006C653A20256400002020564444532053F5
:107FF4007570706C7920456E61626C653A202564F9
:108004000000000020205644444120537570706CD9
:108014007920456E61626C653A2025640000000099
:1080240053746174654D616368696E653A20436891
:10803400617267696E6720696E2070726F6772651E
:1080440073732028434847313D2564204348473211
:108054003D25642050474F4F443D256420426174C0
:1080640074413D25752042617474423D2575206D2F
:108074005629000053746174654D616368696E65C7
:108084003A20416C6C206261747465726965732076
:10809400636861726765642028434847313D2564FD
:1080A40020434847323D25642050474F4F443D25E7
:1080B400642042617474413D2575204261747442A8
:1080C4003D2575206D56290043686172676520530C
:1080D400746174653A20504D4320706F7765722047
:1080E4006F6E0A00417070207374617465206D6155
:1080F4006368696E653A20496E697469616C697A6E
:108104006174696F6E20537461746520456E747276
:10811400790A00004D616E75616C20537461746559
:108124003A20564343207261696C204F4E2C2057ED
:1081340050542069646C652C20636F696C20484539
:108144004C44204F4646202D2070726573732027BF
:10815400732720746F207472616E736D69740A00E2
:108164004D616E75616C2053746174653A206D6164
:108174006E75616C206D6F646520656E6465642C3A
:10818400207368757474696E6720646F776E0A0073
:108194004D616E75616C2053746174653A2042754B
:1081A40074746F6E20312069676E6F726564206924
:1081B4006E206D616E75616C206D6F6465202D207D
:1081C40075736520276E272C206F72204275747496
:1081D4006F6E203220746F2072657365740A00001C
:1081E40052656365697665642053797374656D209F
:1081F4006576656E7420256420696E207363616EF4
:10820400207374617465000048656172746265610D
:10821400742076616C75652025640A0057505420DB
:1082240043686172676572204E54432054656D70D3
:108234006572617475726520256420430A0000002C
:108244004261747465727920766F6C74616765201D
:108254006C6576656C202564206D560A000000006C
:1082640048656172746265617454696D6572000079
:1082740053797374656D4163746976654F626A6599
:108284006374000053797374656D20496E69746971
:10829400616C697A6564202D2056657273696F6E0E
:1082A4002025642E25642E256420282573290A00A0
:1082B40048542D49452D4649482D46570000000095
:1082C40053746172742073797374656D20696E6977
:1082D4007469616C697A6174696F6E200A000000C8
:1082E40053797374656D20696E697469616C697A18
:1082F4006174696F6E20646F6E65200A000000006F
:1083040053797374656D205374617274732045449A
:10831400410A000043616C6C6261636B206578659F
:10832400637574656420666F72206576656E74206B
:10833400256420696E20706F72742025640000002B
:108344004E6F2063616C6C6261636B206465666967
:108354006E656420666F72206576656E7420256490
:1083640020696E20706F7274202564002F55736528
:1083740072732F616C657862616C6477696E2F44E7
:1083840065736B746F702F4F70656E4E6572766592
:108394002D436861726765722F4669726D776172E9
:1083A400652F536F757263652D436F64652F737208
:1083B400632F68616C5F6C617965722F68616C5FB3
:1083C4006164632E63707000426174746572792015
:1083D4006D6561737572656D656E74207374617219
:1083E4007465640A000000005374617274696E67F6
:1083F400207363616E2E00002F55736572732F61B5
:108404006C657862616C6477696E2F4465736B7414
:108414006F702F4F70656E4E657276652D4368617F
:10842400726765722F4669726D776172652F536F3B
:10843400757263652D436F64652F7372632F686172
:108444006C5F6C617965722F68616C5F626C652E1C
:1084540063707000427574746F6E2025752070729D
:1084640065737365640A0000427574746F6E202529
:10847400752072656C65617365640A002F557365B8
:1084840072732F616C657862616C6477696E2F44D6
:1084940065736B746F702F4F70656E4E6572766581
:1084A4002D436861726765722F4669726D776172D8
:1084B400652F536F757263652D436F64652F7372F7
:1084C400632F68616C5F6C617965722F68616C5FA2
:1084D400627574746F6E2E6370700000546F6F2039
:1084E4006D616E7920627574746F6E732E204D61A8
:1084F4007820616C6C6F7765643A2025640A00000B
:108504004572726F722077726974696E6720746F36
:1085140020444143207265676973746572000000EA
:108524005374617274204446552070726F6365738E
:10853400732C207468652073797374656D20776972
:108544006C6C2072657365740D0A00004661696C79
:10855400656420746F20636C6561722047505245D6
:10856400475245543A2025640D0A00004661696C5F
:10857400656420746F207365742044465520666CCE
:1085840061673A2025640D0A000000005379737472
:10859400656D20726573657420666F72204446555C
:1085A400206D6F64650D0A002E2E2F2E2E2F636F03
:1085B40072655F6C617965722F73646B2F6E72667E
:1085C400352F6E5246355F53444B5F31372E312E73
:1085D400305F646464653536302F6D6F64756C6527
:1085E400732F6E7266782F68616C2F6E72665F6788
:1085F40070696F2E680000002F55736572732F61C8
:108604006C657862616C6477696E2F4465736B7412
:108614006F702F4F70656E4E657276652D4368617D
:10862400726765722F4669726D776172652F536F39
:10863400757263652D436F64652F7372632F636F67
:1086440072655F6C617965722F73646B2F6E7266ED
:10865400352F6E5246355F53444B5F31372E312EE2
:10866400305F646464653536302F636F6D706F6E90
:10867400656E74732F626C652F636F6D6D6F6E2FF3
:10868400626C655F636F6E6E5F73746174652E6395
:1086940000000000546865206C6F63616C206461A5
:1086A40074616261736520686173206368616E67D9
:1086B40065642C20736F20736F6D6520737562730E
:1086C4006372697074696F6E7320746F206E6F7457
:1086D400696669636174696F6E7320616E64206991
:1086E4006E6469636174696F6E7320636F756C6423
:1086F400206E6F7420626520726573746F72656496
:1087040020666F7220636F6E6E5F68616E646C6565
:10871400202564006773636D5F6C6F63616C5F64D5
:10872400625F63616368655F6170706C792829209A
:1087340072657475726E6564202573207768696349
:10874400682073686F756C64206E6F742068617044
:1087540070656E2E20636F6E6E5F68616E646C650B
:108764003A202564000000002E2E2F2E2E2F636F3A
:1087740072655F6C617965722F73646B2F6E7266BC
:10878400352F6E5246355F53444B5F31372E312EB1
:10879400305F646464653536302F636F6D706F6E5F
:1087A400656E74732F6C69627261726965732F6D83
:1087B400757465782F6E72665F6D74782E6800002C
:1087C4002F55736572732F616C657862616C647781
:1087D400696E2F4465736B746F702F4F70656E4EA6
:1087E400657276652D436861726765722F4669729A
:1087F4006D776172652F536F757263652D436F6476
:10880400652F7372632F636F72655F6C6179657234
:108814002F73646B2F6E7266352F6E5246355F531D
:10882400444B5F31372E312E305F646464653536D6
:10883400302F636F6D706F6E656E74732F626C652D
:108844002F706565725F6D616E616765722F676118
:1088540074745F63616368655F6D616E616765729F
:108864002E630000466C6173682066756C6C2E2064
:10887400436F756C64206E6F742073746F7265201F
:108884006461746120666F7220636F6E6E5F6861ED
:108894006E646C653A202564000000006773636DA4
:1088A4005F6C6F63616C5F64625F63616368655F83
:1088B40075706461746528292072657475726E65BB
:1088C4006420257320666F7220636F6E6E5F68612B
:1088D4006E646C653A202564000000006773636D64
:1088E4005F736572766963655F6368616E6765640B
:1088F4005F696E645F73656E6428292072657475A0
:10890400726E656420257320666F7220636F6E6ECD
:108914005F68616E646C653A2025640043415220AF
:10892400636861722076616C756520636F756C6431
:108934006E27742062652073746F726564202865E5
:1089440072726F723A202573292E205265617474F5
:10895400656D70742077696C6C2068617070656EE9
:10896400206F6E20746865206E65787420636F6E66
:108974006E656374696F6E2E00000000556E657835
:108984007065637465642047415454207374617442
:108994007573207768696C652067657474696E67A0
:1089A4002043415220636861722076616C75653A98
:1089B40020307825780000004D756C7469706C6502
:1089C4002028256429204341522063686172616331
:1089D40074657269737469637320666F756E642C51
:1089E400207573696E672074686520666972737494
:1089F4002E000000556E65787065637465642043CD
:108A04004152206368617261637465726973746949
:108A1400632076616C7565206C656E6774682028C8
:108A24002564292C2073746F726520302E00000099
:108A3400706565725F6D616E616765725F67636DB6
:108A4400000000007064735F706565725F64617438
:108A5400615F73746F726528292072657475726E14
:108A64006564202573207768696C652073746F7260
:108A7400696E672073657276696365206368616EE9
:108A8400676564737461746520666F7220706565D0
:108A9400722069642025642E000000007064625F07
:108AA400706565725F646174615F7074725F67653D
:108AB4007428292072657475726E6564202573208C
:108AC400666F7220636F6E6E5F68616E646C653A88
:108AD4002025640044696420616E6F7468657220A7
:108AE400746872656164206D616E6970756C61741F
:108AF4006520504D5F504545525F444154415F49A4
:108B0400445F474154545F4C4F43414C20666F725D
:108B140020706565725F6964202564206174207427
:108B240068652073616D652074696D653F207064AC
:108B3400625F77726974655F6275665F72656C65A2
:108B440061736528292072657475726E65642025C9
:108B5400732E000073645F626C655F676174747385
:108B64005F7379735F617474725F7365742829200D
:108B740072657475726E6564204E52465F4552523A
:108B84004F525F494E56414C49445F444154412041
:108B9400666F72204E554C4C20706F696E7465720E
:108BA4002077686963682073686F756C64206E65EC
:108BB4007665722068617070656E2E20636F6E6ECC
:108BC4005F68616E646C653A2025640073645F625B
:108BD4006C655F67617474735F696E697469616CF5
:108BE4005F757365725F68616E646C655F676574F9
:108BF40028292072657475726E6564202573207748
:108C0400686963682073686F756C64206E6F742084
:108C140068617070656E2E00706565725F6D616E5F
:108C2400616765725F6773636D00000070656572EC
:108C34005F6D616E616765725F696D006E72665F1C
:108C4400626C655F6761747400000000424C455FAC
:108C54004741505F5343414E5F54494D454F55542E
:108C640000000000436F6E6E656374696E670000F8
:108C7400436F6E6E656374696F6E2073746174758F
:108C8400733A20256400000073645F626C655F675B
:108C940061705F7363616E5F737461727420726577
:108CA4007475726E65642030782578005363616E44
:108CB4006E696E6700000000626C655F7363616ECD
:108CC40000000000436F756C64206E6F742064654F
:108CD4006C657465207065657220646174612E2012
:108CE4006664735F66696C655F64656C657465284A
:108CF400292072657475726E656420307825782039
:108D0400666F7220706565725F69643A202564003D
:108D1400436F756C64206E6F74207772697465207C
:108D24006461746120746F20666C6173682E2066C0
:108D340064735F7265636F72645F7B777269746575
:108D44007C7570646174657D282920726574757200
:108D54006E656420307825782E20706565725F69B1
:108D6400643A202564000000706565725F6D616E71
:108D7400616765725F70647300000000706D5F620C
:108D840075666665725F7074725F67657428292002
:108D9400636F756C64206E6F74207265747269659C
:108DA40076652052414D206275666665722E20629A
:108DB4006C6F636B5F69643A202564007064735F51
:108DC400706565725F646174615F73746F72652846
:108DD400292072657475726E65642025732E207067
:108DE4006565725F69643A2025640000536F6D65A0
:108DF4002070656572206461746120776173206EF0
:108E04006F742070726F7065726C792077726974F8
:108E140074656E20746F20666C6173682E2077729F
:108E24006974655F6275665F73746F726528292063
:108E340072657475726E656420257320666F722086
:108E4400706565725F69643A2025640043616E6EE3
:108E54006F742073746F7265206461746120746F21
:108E640020666C6173682062656361757365207048
:108E74006D5F6275666665725F7074725F67657454
:108E8400282920636F756C64206E6F74207265747A
:108E940072696576652052414D2062756666657219
:108EA4002E20497320626C6F636B5F6964202564B4
:108EB400206E6F7420616C6C6F63617465643F0035
:108EC4007064625F77726974655F6275665F72650C
:108ED4006C6561736528292072657475726E6564AA
:108EE4002025732077686963682073686F756C64E4
:108EF400206E6F742068617070656E2E20706565D9
:108F0400725F69643A2025642C20646174615F692E
:108F1400643A2025640000005065657220494420AD
:108F2400256420776173206E6F742070726F706592
:108F3400726C792072656C65617365642E2070644F
:108F4400735F706565725F69645F66726565282921
:108F54002072657475726E65642025732E207065A9
:108F640065725F69643A202564000000706565726B
:108F74005F6D616E616765725F706462000000001E
:108F8400436F756C64206E6F7420726574726569CA
:108F940076652072616E6B732E207064625F7065FB
:108FA40065725F646174615F6C6F6164282920720B
:108FB400657475726E65642025732E207065657204
:108FC4005F69643A20256400706565725F6D616E47
:108FD400616765720000000055706461746500008B
:108FE40044656C65746500004F75746461746564F0
:108FF40020283029000000005365727669636520DB
:109004006368616E6765642070656E64696E67206D
:10901400666C6167000000004F7574646174656478
:1090240020283229000000004F757464617465645F
:1090340020283329000000004170706C696361745A
:10904400696F6E20646174610000000052656D6F89
:109054007465206461746162617365005065657252
:109064002072616E6B000000426F6E64696E67204F
:1090740064617461000000004C6F63616C20646182
:10908400746162617365000043656E7472616C2083
:1090940061646472657373207265736F6C7574694F
:1090A4006F6E0000456E6372797074696F6E0000B4
:1090B400426F6E64696E670050616972696E670021
:1090C400496E76616C696420526F6C650000000023
:1090D4005065726970686572616C000043656E74F6
:1090E40072616C00706565725F6D616E6167657257
:1090F4005F68616E646C657200000000496E74659F
:10910400726E616C206572726F723A2025732072E0
:1091140065636569766564204E554C4C20666F72B4
:1091240020705F7365635F6B65797365742E0000EF
:10913400436F756C64206E6F742072657472696518
:1091440076652052414D2062756666657220666FB1
:109154007220696E636F6D696E6720626F6E642E34
:10916400207064625F77726974655F6275665F67B9
:10917400657428292072657475726E656420257380
:109184002E20636F6E6E5F68616E646C653A202595
:1091940064000000696D5F626C655F616464725FA6
:1091A40067657428292072657475726E656420255C
:1091B400732E20636F6E6E5F68616E646C653A2017
:1091C40025642E204C696E6B20776173206C696B6B
:1091D400656C7920646973636F6E6E65637465642E
:1091E4002E000000436F756C64206E6F7420636CF6
:1091F40065616E20757020616674657220666169B0
:109204006C656420626F6E64696E672070726F6350
:1092140065647572652E207064625F777269746527
:109224005F6275665F72656C65617365282920727B
:10923400657475726E65642025732E20636F6E6E7F
:109244005F68616E646C653A2025642E000000003E
:1092540073645F626C655F6761705F7365635F69A8
:109264006E666F5F7265706C7928292072657475FB
:10927400726E6564204E52465F45524F525F494EAE
:1092840056414C49445F53544154452C20776869F6
:10929400636820697320616E6572726F7220756EE7
:1092A4006C65737320746865206C696E6B206973D8
:1092B40020646973636F6E6E656374696E672E00F4
:1092C400436F756C64206E6F7420636F6D706C6592
:1092D400746520656E6372797074696F6E20707244
:1092E4006F6365647572652E2073645F626C655F7D
:1092F4006761705F7365635F696E666F5F726570E7
:109304006C7928292072657475726E6564202573E2
:109314002E20636F6E6E5F68616E646C653A202503
:10932400642C20706565725F69643A2025642E00A0
:1093340052414D2062756666657220666F72206EBA
:10934400657720626F6E642077617320756E617635
:1093540061696C61626C652E207064625F7772690A
:1093640074655F6275665F67657428292072657429
:1093740075726E65642025732E20636F6E6E5F6850
:10938400616E646C653A2025642E0000436F756C31
:1093940064206E6F7420616C6C6F63617465206E01
:1093A400657720706565725F696420666F722069F5
:1093B4006E636F6D696E6720626F6E642E000000CD
:1093C400436F756C64206E6F742073746F726520C4
:1093D400626F6E642E207064625F77726974655F79
:1093E4006275665F73746F7265282920726574757F
:1093F400726E65642025732E20636F6E6E5F6861E4
:109404006E646C653A2025642C20706565725F6912
:10941400643A202564000000706565725F6D616EBA
:10942400616765725F736D640000000043616E6E76
:109434006F7420736563757265206C696E6B20624E
:1094440065636175736520612070726576696F75F7
:10945400732073656375726974792070726F6365C4
:109464006475726520656E64656420696E20746934
:109474006D656F75742E20446973636F6E6E6563DA
:109484007420616E642072657472792E20736D6429
:109494005F706172616D735F7265706C79282920E9
:1094A4006F7220736D645F6C696E6B5F7365637557
:1094B400726528292072657475726E6564204E5237
:1094C400465F4552524F525F54494D454F55542EB5
:1094D40020636F6E6E5F68616E646C653A2025640C
:1094E40000000000436F756C64206E6F742070651B
:1094F40072666F726D20736563757269747920701A
:10950400726F6365647572652E20736D645F70613C
:1095140072616D735F7265706C792829206F722097
:10952400736D645F6C696E6B5F73656375726528D8
:10953400292072657475726E65642025732E20630C
:109544006F6E6E5F68616E646C653A20256400001E
:10955400436F756C64206E6F7420706572666F72F1
:109564006D2073656375726974792070726F6365B9
:10957400647572652E20736D645F6C696E6B5F73C6
:10958400656375726528292072657475726E6564E9
:109594002025732E20636F6E6E5F68616E646C6548
:1095A4003A20256400000000706565725F6D616E8D
:1095B400616765725F736D002F55736572732F61F8
:1095C4006C657862616C6477696E2F4465736B7443
:1095D4006F702F4F70656E4E657276652D436861AE
:1095E400726765722F4669726D776172652F536F6A
:1095F400757263652D436F64652F7372632F636F98
:1096040072655F6C617965722F73646B2F6E72661D
:10961400352F6E5246355F53444B5F31372E312E12
:10962400305F646464653536302F696E74656772C3
:109634006174696F6E2F6E7266782F6C65676163F3
:10964400792F6E72665F6472765F636C6F636B2EE4
:1096540063000000636C6F636B0000002E2E2F2EDE
:109664002E2F636F72655F6C617965722F73646B03
:109674002F6E7266352F6E5246355F53444B5F3101
:10968400372E312E305F646464653536302F696E51
:10969400746567726174696F6E2F6E7266782F6E6F
:1096A4007266785F676C75652E6800002F55736568
:1096B40072732F616C657862616C6477696E2F4494
:1096C40065736B746F702F4F70656E4E657276653F
:1096D4002D436861726765722F4669726D77617296
:1096E400652F536F757263652D436F64652F7372B5
:1096F400632F636F72655F6C617965722F73646B3E
:109704002F6E7266352F6E5246355F53444B5F3170
:10971400372E312E305F646464653536302F6D6FBB
:1097240064756C65732F6E7266782F6472697665E2
:1097340072732F7372632F6E7266785F636C6F63DC
:109744006B2E6300434C4F434B0000002F55736551
:1097540072732F616C657862616C6477696E2F44F3
:1097640065736B746F702F4F70656E4E657276659E
:109774002D436861726765722F4669726D776172F5
:10978400652F536F757263652D436F64652F737214
:10979400632F636F72655F6C617965722F73646B9D
:1097A4002F6E7266352F6E5246355F53444B5F31D0
:1097B400372E312E305F646464653536302F6D6F1B
:1097C40064756C65732F6E7266782F647269766542
:1097D40072732F7372632F6E7266785F6770696F2E
:1097E40074652E63000000004750494F5445000043
:1097F400505049002F55736572732F616C65786200
:10980400616C6477696E2F4465736B746F702F4F4E
:1098140070656E4E657276652D4368617267657218
:109824002F4669726D776172652F536F7572636528
:109834002D436F64652F7372632F636F72655F6C62
:10984400617965722F73646B2F6E7266352F6E5259
:1098540046355F53444B5F31372E312E305F64649D
:1098640064653536302F6D6F64756C65732F6E7259
:1098740066782F647269766572732F7372632F70C2
:1098840072732F6E7266785F7072732E63000000BD
:10989400505253002E2E2F2E2E2F636F72655F6C45
:1098A400617965722F73646B2F6E7266352F6E52F9
:1098B40046355F53444B5F31372E312E305F64643D
:1098C40064653536302F6D6F64756C65732F6E72F9
:1098D40066782F68616C2F6E72665F70776D2E6884
:1098E400000000002F55736572732F616C657862F8
:1098F400616C6477696E2F4465736B746F702F4F5E
:1099040070656E4E657276652D4368617267657227
:109914002F4669726D776172652F536F7572636537
:109924002D436F64652F7372632F636F72655F6C71
:10993400617965722F73646B2F6E7266352F6E5268
:1099440046355F53444B5F31372E312E305F6464AC
:1099540064653536302F6D6F64756C65732F6E7268
:1099640066782F647269766572732F7372632F6ED3
:109974007266785F70776D2E6300000050574D005B
:109984002F55736572732F616C657862616C6477AF
:10999400696E2F4465736B746F702F4F70656E4ED4
:1099A400657276652D436861726765722F466972C8
:1099B4006D776172652F536F757263652D436F64A4
:1099C400652F7372632F636F72655F6C6179657263
:1099D4002F73646B2F6E7266352F6E5246355F534C
:1099E400444B5F31372E312E305F64646465353605
:1099F400302F6D6F64756C65732F6E7266782F648B
:109A04007269766572732F7372632F6E7266785FF4
:109A140073616164632E63002E2E2F2E2E2F636FCD
:109A240072655F6C617965722F73646B2F6E7266F9
:109A3400352F6E5246355F53444B5F31372E312EEE
:109A4400305F646464653536302F6D6F64756C65A2
:109A5400732F6E7266782F68616C2F6E72665F73F7
:109A6400616164632E680000534141444300000077
:109A74002F55736572732F616C657862616C6477BE
:109A8400696E2F4465736B746F702F4F70656E4EE3
:109A9400657276652D436861726765722F466972D7
:109AA4006D776172652F536F757263652D436F64B3
:109AB400652F7372632F636F72655F6C6179657272
:109AC4002F73646B2F6E7266352F6E5246355F535B
:109AD400444B5F31372E312E305F64646465353614
:109AE400302F6D6F64756C65732F6E7266782F649A
:109AF4007269766572732F7372632F6E7266785F04
:109B04007370696D2E6300005350494D00000000CE
:109B140054494D4552000000554152540000000084
:109B240055415254450000006170705F6275747451
:109B34006F6E00002F55736572732F616C657862C8
:109B4400616C6477696E2F4465736B746F702F4F0B
:109B540070656E4E657276652D43686172676572D5
:109B64002F4669726D776172652F536F75726365E5
:109B74002D436F64652F7372632F636F72655F6C1F
:109B8400617965722F73646B2F6E7266352F6E5216
:109B940046355F53444B5F31372E312E305F64645A
:109BA40064653536302F636F6D706F6E656E7473D8
:109BB4002F6C69627261726965732F7574696C2F99
:109BC4006170705F7574696C5F706C6174666F72DC
:109BD4006D2E63002F55736572732F616C65786207
:109BE400616C6477696E2F4465736B746F702F4F6B
:109BF40070656E4E657276652D4368617267657235
:109C04002F4669726D776172652F536F7572636544
:109C14002D436F64652F7372632F636F72655F6C7E
:109C2400617965722F73646B2F6E7266352F6E5275
:109C340046355F53444B5F31372E312E305F6464B9
:109C440064653536302F636F6D706F6E656E747337
:109C54002F6C69627261726965732F6664732F6613
:109C640064732E63000000002F55736572732F61B7
:109C74006C657862616C6477696E2F4465736B748C
:109C84006F702F4F70656E4E657276652D436861F7
:109C9400726765722F4669726D776172652F536FB3
:109CA400757263652D436F64652F7372632F636FE1
:109CB40072655F6C617965722F73646B2F6E726667
:109CC400352F6E5246355F53444B5F31372E312E5C
:109CD400305F646464653536302F636F6D706F6E0A
:109CE400656E74732F6C69627261726965732F6239
:109CF400616C6C6F632F6E72665F62616C6C6F6314
:109D04002E6300002F55736572732F616C65786242
:109D1400616C6477696E2F4465736B746F702F4F39
:109D240070656E4E657276652D4368617267657203
:109D34002F4669726D776172652F536F7572636513
:109D44002D436F64652F7372632F636F72655F6C4D
:109D5400617965722F73646B2F6E7266352F6E5244
:109D640046355F53444B5F31372E312E305F646488
:109D740064653536302F65787465726E616C2F6654
:109D84007072696E74662F6E72665F667072696E49
:109D940074662E63000000002F55736572732F6183
:109DA4006C657862616C6477696E2F4465736B745B
:109DB4006F702F4F70656E4E657276652D436861C6
:109DC400726765722F4669726D776172652F536F82
:109DD400757263652D436F64652F7372632F636FB0
:109DE40072655F6C617965722F73646B2F6E726636
:109DF400352F6E5246355F53444B5F31372E312E2B
:109E0400305F646464653536302F65787465726ECE
:109E1400616C2F667072696E74662F6E72665F660F
:109E24007072696E74665F666F726D61742E630022
:109E3400705F667300000000257320636865636BC0
:109E4400206661696C656420696E20257328292069
:109E5400776974682076616C756520307825782E72
:109E640000000000705F617069000000705F66733D
:109E74002D3E705F61706900705F646573740000EB
:109E84006C656E00616464725F69735F616C6967BD
:109E94006E656433322873726329000061646472EE
:109EA4005F69735F77697468696E5F626F756E640A
:109EB4007328705F66732C207372632C206C656E3C
:109EC40029000000705F73726300000021286C6534
:109ED4006E202520705F66732D3E705F666C617323
:109EE400685F696E666F2D3E70726F6772616D5F39
:109EF400756E697429000000616464725F69735F40
:109F0400616C69676E656433322864657374290013
:109F1400616464725F69735F616C69676E65643301
:109F240032282875696E7433325F7429705F7372D6
:109F340063290000616464725F69735F77697468A0
:109F4400696E5F626F756E647328705F66732C2030
:109F5400646573742C206C656E29000061646472FE
:109F64005F69735F706167655F616C69676E656483
:109F740028705F66732C20706167655F616464722A
:109F840029000000616464725F69735F77697468B3
:109F9400696E5F626F756E647328705F66732C20E0
:109FA400706167655F616464722C20286C656E2043
:109FB4002A20705F66732D3E705F666C6173685F04
:109FC400696E666F2D3E65726173655F756E697447
:109FD400292900006E72665F6673746F726167652B
:109FE400000000002F55736572732F616C657862F1
:109FF400616C6477696E2F4465736B746F702F4F57
:10A0040070656E4E657276652D4368617267657220
:10A014002F4669726D776172652F536F7572636530
:10A024002D436F64652F7372632F636F72655F6C6A
:10A03400617965722F73646B2F6E7266352F6E5261
:10A0440046355F53444B5F31372E312E305F6464A5
:10A0540064653536302F636F6D706F6E656E747323
:10A064002F6C69627261726965732F6D656D6F62C1
:10A074006A2F6E72665F6D656D6F626A2E63000093
:10A084002F55736572732F616C657862616C6477A8
:10A09400696E2F4465736B746F702F4F70656E4ECD
:10A0A400657276652D436861726765722F466972C1
:10A0B4006D776172652F536F757263652D436F649D
:10A0C400652F7372632F636F72655F6C617965725C
:10A0D4002F73646B2F6E7266352F6E5246355F5345
:10A0E400444B5F31372E312E305F646464653536FE
:10A0F400302F636F6D706F6E656E74732F6C696251
:10A104007261726965732F6578706572696D656EC9
:10A1140074616C5F73656374696F6E5F766172738B
:10A124002F6E72665F73656374696F6E5F697465C1
:10A13400722E63004E52465F5355434345535300BA
:10A144004E52465F4552524F525F5356435F484109
:10A154004E444C45525F4D495353494E470000000D
:10A164004E52465F4552524F525F534F46544445F8
:10A17400564943455F4E4F545F454E41424C45441A
:10A18400000000004E52465F4552524F525F494E06
:10A194005445524E414C00004E52465F4552524F78
:10A1A400525F4E4F5F4D454D000000004E52465FDA
:10A1B4004552524F525F4E4F545F464F554E4400E6
:10A1C4004E52465F4552524F525F4E4F545F535565
:10A1D40050504F52544544004E52465F4552524FE0
:10A1E400525F494E56414C49445F504152414D00E3
:10A1F4004E52465F4552524F525F494E56414C496A
:10A20400445F5354415445004E52465F4552524FA9
:10A21400525F494E56414C49445F4C454E47544861
:10A22400000000004E52465F4552524F525F494E65
:10A2340056414C49445F464C414753004E52465F99
:10A244004552524F525F494E56414C49445F444136
:10A25400544100004E52465F4552524F525F4441B2
:10A2640054415F53495A45004E52465F4552524F3E
:10A27400525F54494D454F55540000004E52465FBD
:10A284004552524F525F4E554C4C00004E52465F61
:10A294004552524F525F464F5242494444454E0044
:10A2A4004E52465F4552524F525F494E56414C49B9
:10A2B400445F4144445200004E52465F4552524F5F
:10A2C400525F4255535900004E52465F4552524F19
:10A2D400525F434F4E4E5F434F554E5400000000B3
:10A2E4004E52465F4552524F525F5245534F55525C
:10A2F400434553004E52465F4552524F525F4D4FB5
:10A3040044554C455F4E4F545F494E495449414C66
:10A31400495A4544000000004E52465F4552524F90
:10A32400525F4D555445585F494E49545F46414923
:10A334004C4544004E52465F4552524F525F4D5574
:10A344005445585F4C4F434B5F4641494C4544008C
:10A354004E52465F4552524F525F4D555445585FD9
:10A36400554E4C4F434B5F4641494C454400000019
:10A374004E52465F4552524F525F4D555445585FB9
:10A38400434F4E445F494E49545F4641494C45440E
:10A39400000000004E52465F4552524F525F4D4FEF
:10A3A40044554C455F414C52454144595F494E49DF
:10A3B4005449414C495A4544000000004E52465FFE
:10A3C4004552524F525F53544F524147455F465591
:10A3D4004C4C00004E52465F4552524F525F415022
:10A3E400495F4E4F545F494D504C454D454E544581
:10A3F400440000004E52465F4552524F525F46455C
:10A4040041545552455F4E4F545F454E41424C4571
:10A41400440000004E52465F4552524F525F494F2E
:10A424005F50454E44494E47000000004E52465F7F
:10A434004552524F525F4452565F5457495F4552FA
:10A44400525F4F56455252554E0000004E52465FE1
:10A454004552524F525F4452565F5457495F4552DA
:10A46400525F414E41434B004E52465F4552524F5C
:10A47400525F4452565F5457495F4552525F444EAF
:10A4840041434B004E52465F4552524F525F424C3D
:10A49400455F495053505F52585F504B545F54527C
:10A4A400554E4341544544004E52465F4552524F27
:10A4B400525F424C455F495053505F4348414E4EB2
:10A4C400454C5F414C52454144595F4558495354AA
:10A4D400530000004E52465F4552524F525F424C69
:10A4E400455F495053505F4C494E4B5F4449534379
:10A4F4004F4E4E4543544544000000004E52465FC3
:10A504004552524F525F424C455F495053505F5041
:10A514004545525F52454A454354454400000000B6
:10A524002F55736572732F616C657862616C647703
:10A53400696E2F4465736B746F702F4F70656E4E28
:10A54400657276652D436861726765722F4669721C
:10A554006D776172652F536F757263652D436F64F8
:10A56400652F7372632F636F72655F6C61796572B7
:10A574002F73646B2F6E7266352F6E5246355F53A0
:10A58400444B5F31372E312E305F64646465353659
:10A59400302F636F6D706F6E656E74732F6C6962AC
:10A5A4007261726965732F6C6F672F7372632F6E9C
:10A5B40072665F6C6F675F64656661756C745F6219
:10A5C40061636B656E64732E630000007274745F64
:10A5D4006C6F675F6261636B656E64002F557365B2
:10A5E40072732F616C657862616C6477696E2F4455
:10A5F40065736B746F702F4F70656E4E6572766500
:10A604002D436861726765722F4669726D77617256
:10A61400652F536F757263652D436F64652F737275
:10A62400632F636F72655F6C617965722F73646BFE
:10A634002F6E7266352F6E5246355F53444B5F3131
:10A64400372E312E305F646464653536302F636F86
:10A654006D706F6E656E74732F6C6962726172696E
:10A6640065732F6C6F672F7372632F6E72665F6CE6
:10A674006F675F66726F6E74656E642E63000000B0
:10A684004261636B656E647320666C7573686564A0
:10A6940000000000617070001B5B313B33316D00C2
:10A6A40025734C6F67732064726F70706564202823
:10A6B40025642925730D0A001B5B306D0000000022
:10A6C400257300003C25733E2025733A20000000CA
:10A6D4002025303278000000202020007C0000007B
:10A6E400256300001B5B313B33306D001B5B313B4A
:10A6F40033326D001B5B313B33336D001B5B313BED
:10A7040033346D001B5B313B33356D001B5B313BD8
:10A7140033366D001B5B313B33376D007761726EEE
:10A72400696E6700696E666F00000000646562759B
:10A73400670000005465726D696E616C0000000072
:10A7440052545400534547474552000053746174B2
:10A754006520726571756573743A203078253038D8
:10A76400580000004E6F74696679206F62736572D9
:10A7740076657220307825303858203D3E20726549
:10A78400616479004E6F74696679206F62736572D3
:10A7940076657220307825303858203D3E20626C32
:10A7A4006F636B696E67000053746174652063683E
:10A7B400616E67653A203078253038580000000013
:10A7C4002F55736572732F616C657862616C647761
:10A7D400696E2F4465736B746F702F4F70656E4E86
:10A7E400657276652D436861726765722F4669727A
:10A7F4006D776172652F536F757263652D436F6456
:10A80400652F7372632F636F72655F6C6179657214
:10A814002F73646B2F6E7266352F6E5246355F53FD
:10A82400444B5F31372E312E305F646464653536B6
:10A83400302F636F6D706F6E656E74732F736F66F8
:10A84400746465766963652F636F6D6D6F6E2F6ECB
:10A8540072665F7364682E63000000006E72665F48
:10A86400736468002F55736572732F616C65786229
:10A87400616C6477696E2F4465736B746F702F4FCE
:10A8840070656E4E657276652D4368617267657298
:10A894002F4669726D776172652F536F75726365A8
:10A8A4002D436F64652F7372632F636F72655F6CE2
:10A8B400617965722F73646B2F6E7266352F6E52D9
:10A8C40046355F53444B5F31372E312E305F64641D
:10A8D40064653536302F636F6D706F6E656E74739B
:10A8E4002F736F66746465766963652F636F6D6D2E
:10A8F4006F6E2F6E72665F7364685F626C652E6341
:10A904000000000073645F626C655F6366675F7379
:10A91400657428292072657475726E6564202573C8
:10A92400207768656E20617474656D7074696E67F4
:10A9340020746F2073657420424C455F434F4E4E24
:10A944005F4346475F4741502E00000073645F62D7
:10A954006C655F6366675F7365742829207265742C
:10A9640075726E6564202573207768656E20617446
:10A9740074656D7074696E6720746F2073657420DC
:10A98400424C455F4741505F4346475F524F4C45F9
:10A994005F434F554E542E0073645F626C655F6372
:10A9A40066675F73657428292072657475726E65B5
:10A9B40064202573207768656E20617474656D70FA
:10A9C40074696E6720746F2073657420424C455F10
:10A9D400434F4E4E5F4346475F474154542E000059
:10A9E40073645F626C655F6366675F73657428296F
:10A9F4002072657475726E656420257320776865AE
:10AA04006E20617474656D7074696E6720746F2054
:10AA140073657420424C455F434F4D4D4F4E5F4329
:10AA240046475F56535F555549442E0073645F6231
:10AA34006C655F6366675F7365742829207265744B
:10AA440075726E6564202573207768656E20617465
:10AA540074656D7074696E6720746F2073657420FB
:10AA6400424C455F47415454535F4346475F41540A
:10AA740054525F5441425F53495A452E000000002E
:10AA840073645F626C655F6366675F7365742829CE
:10AA94002072657475726E6564202573207768650D
:10AAA4006E20617474656D7074696E6720746F20B4
:10AAB40073657420424C455F47415454535F434689
:10AAC400475F534552564943455F4348414E4745C6
:10AAD400442E0000496E73756666696369656E7419
:10AAE4002052414D20616C6C6F6361746564206613
:10AAF4006F722074686520536F6674446576696369
:10AB0400652E00004368616E676520746865205295
:10AB1400414D207374617274206C6F636174696F4A
:10AB24006E2066726F6D203078257820746F203027
:10AB34007825782E000000004D6178696D756D20D0
:10AB440052414D2073697A6520666F72206170707E
:10AB54006C69636174696F6E20697320307825783D
:10AB64002E00000073645F626C655F656E61626CE9
:10AB74006528292072657475726E65642025732EAC
:10AB8400000000006E72665F7364685F626C65004B
:10AB9400536F43206576656E743A20307825782E9D
:10ABA400000000002F55736572732F616C65786225
:10ABB400616C6477696E2F4465736B746F702F4F8B
:10ABC40070656E4E657276652D4368617267657255
:10ABD4002F4669726D776172652F536F7572636565
:10ABE4002D436F64652F7372632F636F72655F6C9F
:10ABF400617965722F73646B2F6E7266352F6E5296
:10AC040046355F53444B5F31372E312E305F6464D9
:10AC140064653536302F636F6D706F6E656E747357
:10AC24002F736F66746465766963652F636F6D6DEA
:10AC34006F6E2F6E72665F7364685F736F632E63EB
:10AC4400000000006E72665F7364685F736F630078
:10AC5400426C6553746174654D616368696E650027
:10AC6400426C6549646C650054696D656F75742048
:10AC740074696D657220657870697265642E000070
:10AC8400426C6554696D656F757454696D657200C5
:10AC94005374617274696E672074696D656F75743D
:10ACA4002074696D65722E0053746F7070696E67DD
:10ACB4002074696D656F75742074696D65722E00FA
:10ACC40053746F7070696E67207363616E2E000039
:10ACD4005363616E2074696D6564206F75742E0012
:10ACE40046696C746572206D617463682E0000009F
:10ACF40057686974656C6973742061647620726541
:10AD0400706F72742E000000426C65537562737923
:10AD140074656D3A20496E697469616C697A656419
:10AD2400200A0000426C6500504D43205374617446
:10AD340065204D616368696E653A20436861726796
:10AD4400696E67204261747465727920456E74720D
:10AD5400790A0000504D43205374617465204D619D
:10AD64006368696E653A53746174652043686172FF
:10AD740067696E67204261747465727920446973EF
:10AD840070617463684576656E740A00504D4320A3
:10AD94005374617465204D616368696E653A204936
:10ADA4006E76616C6964204576656E740A000000F5
:10ADB400504D43205374617465204D616368696E1E
:10ADC400653A2050696E6720506F72740A00000063
:10ADD400504D43205374617465204D616368696EFE
:10ADE40065204368617267696E67204261747465A7
:10ADF40072792073746174653A2042617474657267
:10AE040079205374617274204368617267696E6754
:10AE14000A000000504D43205374617465204D6155
:10AE24006368696E65204368617267696E67204272
:10AE34006174746572792073746174653A20426137
:10AE440074746572792046756C6C2043686172670E
:10AE540065640A00504D43205374617465204D614C
:10AE64006368696E65204368617267696E67204232
:10AE74006174746572792073746174653A204261F7
:10AE84007474657279204368617267696E670A0039
:10AE9400504D43205374617465204D616368696E3D
:10AEA40065204368617267696E67204261747465E6
:10AEB40072792073746174653A20426174746572A6
:10AEC400792050726573656E7420496E646963619C
:10AED400746F720A00000000504D43205374617473
:10AEE40065204D616368696E6520436861726769B6
:10AEF4006E6720426174746572792073746174653D
:10AF04003A20504D43204661756C7420436F6E6443
:10AF14006974696F6E0A00002F55736572732F612F
:10AF24006C657862616C6477696E2F4465736B74C9
:10AF34006F702F4F70656E4E657276652D43686134
:10AF4400726765722F4669726D776172652F536FF0
:10AF5400757263652D436F64652F7372632F736518
:10AF640072766963655F6C617965722F706D632FAA
:10AF740073746174655F6D616368696E652F737660
:10AF8400635F706D635F73746174655F636861723E
:10AF940067696E675F626174746572792E6370703D
:10AFA40000000000504D43205374617465204D61CE
:10AFB4006368696E653A204368617267696E6720E9
:10AFC4004261747465727920457869740A000000DE
:10AFD400504D43205374617465204D616368696EFC
:10AFE400653A20456E61626C6520456E7472790A1B
:10AFF40000000000504D43205374617465204D617E
:10B004006368696E653A5374617465456E61626C18
:10B01400652044697370617463684576656E740A6B
:10B0240000000000504D43205374617465204D614D
:10B034006368696E6520456E61626C652073746136
:10B0440074653A20504D43204661756C7420436FFB
:10B054006E646974696F6E0A000000002F55736591
:10B0640072732F616C657862616C6477696E2F44CA
:10B0740065736B746F702F4F70656E4E6572766575
:10B084002D436861726765722F4669726D776172CC
:10B09400652F536F757263652D436F64652F7372EB
:10B0A400632F736572766963655F6C617965722F6E
:10B0B400706D632F73746174655F6D616368696E2D
:10B0C400652F7376635F706D635F73746174655F1E
:10B0D400656E61626C652E6370700000504D432094
:10B0E4005374617465204D616368696E653A2045E7
:10B0F4006E61626C6520457869740A00504D432086
:10B104005374617465204D616368696E653A2049C2
:10B11400646C6520456E7472790A0000504D4320BA
:10B124005374617465204D616368696E653A2049A2
:10B13400646C6520457869740A000000504D432012
:10B144005374617465204D616368696E653A204982
:10B15400646C652044697370617463684576656ED8
:10B16400740A0000504D43205374617465204D618E
:10B174006368696E653A20496E697469616C697ABD
:10B18400650A00002F55736572732F616C657862D0
:10B19400616C6477696E2F4465736B746F702F4FA5
:10B1A40070656E4E657276652D436861726765726F
:10B1B4002F4669726D776172652F536F757263657F
:10B1C4002D436F64652F7372632F736572766963A1
:10B1D400655F6C617965722F706D632F7374617430
:10B1E400655F6D616368696E652F7376635F706D0B
:10B1F400635F73746174655F69646C652E637070FA
:10B2040000000000504D430049646C6500000000DC
:10B21400456E61626C6500004368617267696E67C0
:10B22400204261747465727900000000504D43201F
:10B234004D616E616765723A20436F6E6669674758
:10B2440070696F730A000000504D43204D616E61B8
:10B254006765723A20496E69740A0000504D4320B4
:10B264004D616E616765723A20456E61626C655628
:10B274006363526567756C61746F720A0000000045
:10B28400504D43204D616E616765723A2044697385
:10B2940061626C65566363526567756C61746F7245
:10B2A4000A000000504D43204D616E616765723A9B
:10B2B40020456E61626C654261747465727943689D
:10B2C40061726765720A0000504D43204D616E61E2
:10B2D4006765723A2044697361626C654261747493
:10B2E400657279436861726765720A00504D432044
:10B2F4004D616E616765723A20476574426174748A
:10B30400657279566F6C746167650A00504D43200D
:10B314004D616E616765723A205265616442617481
:10B32400746572794368617267657250726573659A
:10B334006E74496E64696361746F720A0000000080
:10B34400504D43204D616E616765723A20526561CC
:10B354006442617474657279436861726765496EA9
:10B3640064696361746F7250696E0A00504D4320C2
:10B374004D616E616765723A205265616442617421
:10B384007465727946617374436861726765496E66
:10B3940064696361746F720A00000000504D4320B9
:10B3A400506F72743A2045786563757465457665A7
:10B3B4006E740A0053444B206572726F7200000071
:10B3C400617373657274696F6E000000536F667405
:10B3D40044657669636520617373657274696F6E21
:10B3E40000000000696E76616C6964206D656D6FA4
:10B3F40072792061636365737300000048415244AD
:10B40400204641554C540000737461636B206F7681
:10B414006572666C6F770000756E6B6E6F776E2069
:10B424006661756C7400000043524153483A20250C
:10B434007320617420706320307825303858202DB3
:10B4440020726573657474696E670A00426F6F7465
:10B454002025643A20726573657420726561736F88
:10B464006E20307830303030303030303A20504F29
:10B474005745522D4F4E206F722042524F574E2D3A
:10B484004F55540A000000002050494E00000000AF
:10B49400205741544348444F4700000020534F462F
:10B4A400542D524553455400204350552D4C4F4381
:10B4B4004B555000426F6F742025643A20726573B7
:10B4C400657420726561736F6E203078253038584A
:10B4D4003A25732573257325730A00002057414BC1
:10B4E400452D4750494F00002057414B452D4C50A6
:10B4F400434F4D50000000002044454255472D491C
:10B504004E54455246414345000000002057414BEC
:10B51400452D4E46430000002057414B452D5642D1
:10B52400555300002020616C736F3A2573257325F1
:10B5340073257325730A0000626F6F7400000000A6
:10B544003F0000004352415348205245434F524468
:10B554003A20257320696E207461736B202725734C
:10B56400272C202564206865617274626561747398
:10B5740020696E746F207468652072756E0A00000D
:10B5840020206572726F72202564205B25735D2014
:10B5940061742025733A25640A0000002020617339
:10B5A40073657274696F6E206661696C656420618D
:10B5B400742025733A25640A00000000202070637B
:10B5C40020307825303858206C7220307825303877
:10B5D4005820707372203078253038580A000000E3
:10B5E40020206366737220307825303858206866CE
:10B5F400737220307825303858206D6D6661722062
:10B6040030782530385820626661722030782530D1
:10B6140038580A0020206372617368657320736967
:10B624006E636520706F7765722D6F6E3A202564A6
:10B634000A0000004E6F20637261736820726563B4
:10B644006F72642028637261736865732073696E16
:10B65400636520706F7765722D6F6E3A20256429BB
:10B664000A000000537461636B20667265653A20BA
:10B674006D61696E2F49535220256420420A0000EF
:10B68400537461636B20667265653A2025732025C7
:10B694006420420A00000000446267436F6E736FC7
:10B6A4006C6500003D3D3D3D3D3D3D3D3D3D3D3DE9
:10B6B4003D3D3D3D3D3D3D3D3D3D3D3D3D3D3D3DB6
:10B6C4003D3D3D3D3D3D3D3D3D3D3D3D3D3D3D3DA6
:10B6D4003D3D3D3D3D3D3D3D3D0A00005B4D414E00
:10B6E40055414C5D204445425547204255494C4400
:10B6F400202D206D616E75616C20636F6E74726FA6
:10B704006C20617661696C61626C650A00000000FE
:10B714005B4D414E55414C5D2052756E6E696E67AE
:10B72400206E6F726D616C206175746F6D617469E8
:10B734006320636F6E74726F6C2E20507265737326
:10B7440020276D2720746F2074616B65206F7665E8
:10B75400722E0A005B4D414E55414C5D20416C7286
:10B764006561647920696E206D616E75616C206D10
:10B774006F64650A000000005B4D414E55414C5D0D
:10B78400204D616E75616C2074616B656F766572B6
:10B79400207265717565737465640A005B4D414E72
:10B7A40055414C5D204E6F7420696E206D616E753D
:10B7B400616C206D6F64650A000000005B4D414EB2
:10B7C40055414C5D204578697420726571756573C7
:10B7D4007465640A000000005B4D414E55414C5DA8
:10B7E400204D616E75616C20636F6E74726F6C2096
:10B7F40044495341424C4544202D20636F696C20D9
:10B804006F66662C207261696C20646F776E2C20E1
:10B814006261636B20746F2053746174655761694E
:10B82400740A00005B4D414E55414C5D20507265D9
:10B83400737320427574746F6E203120666F7220AA
:10B8440061206E6F726D616C206175746F6D6174CF
:10B8540069632073657373696F6E2E0A00000000BC
:10B864005B4D414E55414C5D204C6576656C202501
:10B87400642061626F7665206D6178696D756D20F5
:10B8840025642C20636C616D70696E670A0000008A
:10B894005B4D414E55414C5D20505448206C6576BB
:10B8A400656C20256420282564206D56290A000033
:10B8B4005B4D414E55414C5D20416C72656164792C
:10B8C400206174206D696E696D756D206C65766597
:10B8D4006C20300A000000005B4D414E55414C5D28
:10B8E40020416C7265616479206174206D617869AE
:10B8F4006D756D206C6576656C2025640A0000000A
:10B904005B4D414E55414C5D20436F696C2053544F
:10B914004152542072657175657374656420617455
:10B92400206C6576656C20256420282564206D567E
:10B93400290A00005B4D414E55414C5D20436F691F
:10B944006C2053544F50207265717565737465642F
:10B954000A0000005B4D414E55414C5D2049504763
:10B9640020626974733A206E6F2061647665727424
:10B974006973656D656E7420726563656976656467
:10B98400207965740A0000005B4D414E55414C5DC1
:10B994002049504720626974733A205652454354F3
:10B9A4005F4445546E3D25642056524543545F4FD1
:10B9B40056506E3D256420434847315F4F56505FD3
:10B9C4004552526E3D256420434847325F4F5650DE
:10B9D4005F4552526E3D25642050474F4F443D25EC
:10B9E4006420434847323D25640A00005B4D414EC4
:10B9F40055414C5D206D2F6E20656E7465722F6508
:10BA0400786974206D616E75616C202020732F78C5
:10BA140020636F696C2073746172742F73746F7018
:10BA24000A0000005B4D414E55414C5D202B2F2DEB
:10BA3400207374657020505448202020202020203A
:10BA44002020202020302D392C612C622C6320737F
:10BA540065742050544820302D31320A0000000013
:10BA64005B4D414E55414C5D203F20202073746155
:10BA740074757320202020202020202020202020C6
:10BA84002068202020746869732068656C700A003F
:10BA94005B4D414E55414C5D202120202063726155
:10BAA4007368207465737420286572726F7229201C
:10BAB40020232020206372617368207465737420CE
:10BAC4002868617264206661756C74290A0000003C
:10BAD4005B4D414E55414C5D204D414E55414C20EE
:10BAE400434F4E54524F4C20454E41424C45440A1C
:10BAF400000000005B4D414E55414C5D20416E7984
:10BB0400206368617267696E672073746F70706513
:10BB1400642E20436F696C204F464620756E74690D
:10BB24006C202773272E0A005B4D414E55414C5D16
:10BB340020546865726D616C20616E64204F5650AC
:10BB440020617265205741524E2D4F4E4C592E2084
:10BB5400427574746F6E20312064697361626C6520
:10BB6400642E0A005B4D414E55414C5D2043726189
:10BB7400736820746573743A20666F7263696E67C4
:10BB840020616E204150505F4552524F525F4348EE
:10BB940045434B206661756C740A00002F5573652C
:10BBA40072732F616C657862616C6477696E2F447F
:10BBB40065736B746F702F4F70656E4E657276652A
:10BBC4002D436861726765722F4669726D77617281
:10BBD400652F536F757263652D436F64652F7372A0
:10BBE400632F736572766963655F6C617965722F23
:10BBF40064656275672F7376635F64656275675FFA
:10BC0400636F6E736F6C652E637070005B4D414E95
:10BC140055414C5D20437261736820746573743AB6
:10BC240020666F7263696E672061206861726420A8
:10BC34006661756C740A00005B4D414E55414C5D64
:10BC4400202D2D2D20737461747573202D2D2D0AD4
:10BC5400000000004D414E55414C00004155544FE9
:10BC6400000000004F4E00004F4646005B4D414E21
:10BC740055414C5D206D6F64653D257320636F698C
:10BC84006C3D25732070617573655F6D61736B3DE9
:10BC9400307825303258206170703D25730A0000D9
:10BCA4005B4D414E55414C5D20505448206C6576A7
:10BCB400656C3D256420282564206D5629206D611E
:10BCC400783D25640A0000005B4D414E55414C5DB2
:10BCD400206F76705F6365696C696E673D256420CB
:10BCE40070676F6F645F666C6F6F723D256420666A
:10BCF4006C6F6F725F666F756E643D25642061645E
:10BD0400765F636F756E743D25640A005B4D414E2A
:10BD140055414C5D20646561642D6D616E3A20254A
:10BD24006420732072656D61696E696E670A000034
:10BD34005B4D414E55414C5D2049676E6F72696E93
:10BD4400672027256327202D206E6F7420696E20BD
:10BD54006D616E75616C206D6F64652E2050726527
:10BD6400737320276D272066697273742E0A00008E
:10BD74005B4D414E55414C5D20556E6B6E6F776E39
:10BD840020636F6D6D616E6420272563272E20501C
:10BD9400726573732027682720666F722068656C4C
:10BDA400702E0A005B4D414E55414C5D2044656147
:10BDB400642D6D616E20636C65617265642E204331
:10BDC4006F696C207374696C6C206F6666202D201B
:10BDD40070726573732027732720746F20726573E4
:10BDE400746F72652E0A00005B4D414E55414C5DE7
:10BDF40020446561642D6D616E2074696D656F7595
:10BE040074206166746572202564206D73207769DF
:10BE14007468206E6F20696E707574202D207061B7
:10BE24007573696E6720636F696C0A0057505420FC
:10BE34005374617465204D616368696E653A20438B
:10BE440068617267696E6720457869740A0000004A
:10BE5400575054205374617465204D616368696E52
:10BE6400653A204368617267696E6720456E747233
:10BE7400790A0000575054205374617465204D6151
:10BE84006368696E653A5374617465436861726787
:10BE9400696E672044697370617463684576656E82
:10BEA400740A0000575054205374617465204D6126
:10BEB4006368696E653A20496E76616C69642045F1
:10BEC40076656E740A0000005750542053746174F0
:10BED40065204D616368696E653A2050696E67201C
:10BEE400506F72740A0000005750542053746174E8
:10BEF40065204D616368696E653A2057505420503F
:10BF04006F776572204F6E0A00000000575054206E
:10BF14005374617465204D616368696E653A205796
:10BF24005054205374617274205363616E0A00008C
:10BF3400575054205374617465204D616368696E71
:10BF44006520536C6F774368617267652073746111
:10BF540074653A20575054204661756C7420436FC1
:10BF64006E646974696F6E0A0000000057505420B3
:10BF74005374617465204D616368696E653A20424B
:10BF8400617474657279204368617267696E670AC7
:10BF940000000000575054205374617465204D61B3
:10BFA4006368696E65204368617267696E672073B0
:10BFB400746174653A2057505420536C6F77204352
:10BFC4006861726765202D20636F6C6420737461EF
:10BFD40072742072616D700A000000005750542082
:10BFE4005374617465204D616368696E653A2042DB
:10BFF400617474657279204368617267656420288E
:10C004005750542073687574646F776E2076696135
:10C0140020617070206C61796572290A000000004B
:10C02400575054205374617465204D616368696E80
:10C034006520536C6F774368617267652073746120
:10C0440074653A20575054205363616E2054696DCF
:10C05400656F75740A00000057505420537461745E
:10C0640065204D616368696E6520536C6F77436822
:10C07400617267652073746174653A205750542067
:10C0840041646A75737420506F7765720A0000000A
:10C09400575054205374617465204D616368696E10
:10C0A400653A204661756C74207061757365202D46
:10C0B4002073757370656E64696E6720706F776541
:10C0C40072207472616E736665720A005750542050
:10C0D4005374617465204D616368696E653A2046E6
:10C0E40061756C7420726573756D65202D207265A1
:10C0F40073746F72696E6720706F776572207472E3
:10C10400616E736665720A005750542053746174EB
:10C1140065204D616368696E653A2049646C6520E9
:10C12400456E7472790A0000575054205374617438
:10C1340065204D616368696E653A2049646C6520C9
:10C14400457869740A000000575054205374617490
:10C1540065204D616368696E653A2049646C6520A9
:10C1640044697370617463684576656E740A00008F
:10C17400575054205374617465204D616368696E2F
:10C18400653A20496E697469616C697A650A0000D0
:10C19400575054005465737400000000536C6F775B
:10C1A40020436861726765004368617267696E67FE
:10C1B40000000000575054205374617465204D6191
:10C1C4006368696E653A20536C6F772043686172C7
:10C1D4006765200A000000005750542053746174AE
:10C1E40065204D616368696E653A20536C6F7720F2
:10C1F4004368617267650A00575054205374617430
:10C2040065204D616368696E6520536C6F77436880
:10C21400617267652073746174653A20496E766152
:10C224006C6964204576656E740A0000575054208A
:10C234005374617465204D616368696E6520536C45
:10C244006F774368617267652073746174653A201F
:10C2540050696E6720506F72740A00005750542062
:10C264005374617465204D616368696E6520536C15
:10C274006F774368617267652073746174653A20EF
:10C2840057505420506F776572204F6E0A0000009B
:10C29400575054205374617465204D616368696E0E
:10C2A4006520536C6F7743686172676520737461AE
:10C2B40074653A20575054205363616E0A0000009D
:10C2C400575054205374617465204D616368696EDE
:10C2D4006520536C6F77436861726765207374617E
:10C2E40074653A205750542053746F70205363611F
:10C2F4006E0A0000575054205374617465204D61D8
:10C304006368696E6520536C6F7743686172676513
:10C314002073746174653A204661756C7420706191
:10C32400757365202D2073757370656E64696E670F
:10C3340020706F776572207472616E736665720A1D
:10C3440000000000575054205374617465204D61FF
:10C354006368696E6520536C6F77436861726765C3
:10C364002073746174653A204661756C742072653B
:10C3740073756D65202D20726573746F72696E67B5
:10C3840020706F776572207472616E736665720ACD
:10C3940000000000575054205374617465204D61AF
:10C3A4006368696E653A205465737420456E7472CF
:10C3B400790A0000575054205374617465204D610C
:10C3C4006368696E653A20546573742045786974AE
:10C3D4000A000000575054205374617465204D6165
:10C3E4006368696E653A2054657374204469737098
:10C3F400617463684576656E740A00005750542072
:10C404005374617465204D616368696E653A2057A1
:10C4140050542053746F70205363616E0A000000FF
:10C42400575054205374617465204D616368696E7C
:10C43400653A2057505420506F776572204F6666D6
:10C444000A000000575054205374617465204D61F4
:10C454006368696E653A20575054204661756C7460
:10C4640020436F6E646974696F6E0A0057505420DC
:10C474004D616E616765723A2053746174757354CB
:10C48400696D656F75744D6F6E69746F72696E67EF
:10C494000A00000057707453746174757354696DA5
:10C4A4006572000057707453746174757354696DC8
:10C4B400656F757454696D65720000005770744639
:10C4C40061756C744D6F6E69746F7200577074503F
:10C4D4006F7765724374726C000000005770744388
:10C4E4006F6C6453746172740000000057505420E0
:10C4F4004D616E616765723A20436F6E6669674786
:10C5040070696F730A00000043616C6C20612068DD
:10C51400616C5F646163206D6574686F6420746826
:10C52400617420636F6E666967206770696F730A50
:10C534000000000043616C6C20612068616C5F77CF
:10C544007074206D6574686F64207468617420630E
:10C554006F6E666967206770696F730A0000000078
:10C5640064697361626C656400000000616C7265EB
:10C57400616479206F666600575054204D616E6186
:10C584006765723A205061757365577074207265DF
:10C5940061736F6E203078253032582C206D6173B2
:10C5A4006B206E6F77203078253032582C20636FE3
:10C5B400696C2025730A0000575054204D616E6148
:10C5C4006765723A20526573756D65577074207291
:10C5D4006561736F6E2030782530325820636C6546
:10C5E400617265642C20636F696C2072652D656EC1
:10C5F40061626C6564206174206C6576656C2025CD
:10C60400640A0000575054204D616E616765723AA8
:10C6140020526573756D6557707420726561736F10
:10C624006E2030782530325820636C656172656401
:10C6340020627574206D61736B207374696C6C2057
:10C644003078253032582C20636F696C2073746104
:10C654007973206F66660A00575054204D616E61ED
:10C664006765723A2053746F705770745363616EC8
:10C674000A000000575054204D616E616765723A9C
:10C684002047657454656D70657261747572650ACE
:10C6940000000000575054204D616E616765723A86
:10C6A4002047657443686172676553746174757378
:10C6B4000A000000575054204D616E616765723A5C
:10C6C400205374617475732070696E2076616C7583
:10C6D400653A202564200A00575054204D616E614C
:10C6E4006765723A2053746172745374617475731C
:10C6F40054696D656F757454696D65720A00000044
:10C70400575054204D616E616765723A20537461CD
:10C7140072745374617475734D6F6E69746F72695A
:10C724006E670A00575054204D616E616765723A16
:10C734002053746F705374617475734D6F6E6974A4
:10C744006F72696E670A0000575054204D616E6124
:10C754006765723A20537461727449706754656DE9
:10C7640070657261747572654D6F6E69746F72690C
:10C774006E6754696D65720A0000000057505420BA
:10C784004D616E616765723A204661756C74206D07
:10C794006F6E69746F72696E67206F6E6C79202892
:10C7A400706F77657220636F6E74726F6C2074693A
:10C7B4006D6572206E6F7420737461727465642980
:10C7C4000A000000575054204D616E616765723A4B
:10C7D4002053746F7049706754656D70657261742D
:10C7E4007572654D6F6E69746F72696E6754696DA9
:10C7F40065720A00575054204D616E616765723A44
:10C804002049504720746865726D6973746F722093
:10C81400726573697374616E63653A202564000000
:10C82400575054204D616E616765723A2054656DAE
:10C83400706572617475726520696E746572706F6B
:10C844006C6174696F6E206661696C6564202D206B
:10C85400706F737369626C65206C6F6F6B75702099
:10C864007461626C65206F72646572696E672069B9
:10C874007373756500000000575054204D616E615C
:10C884006765723A2053657450756C7365576964B3
:10C8940074685468726573686F6C64537465700A65
:10C8A40000000000575054204D616E616765723A74
:10C8B40020456E61626C6557707420737570707278
:10C8C40065737365642C206661756C74206D617387
:10C8D4006B20307825303258207374696C6C207367
:10C8E40065740A00575054204D616E616765723A51
:10C8F40020456E61626C655770740A00575054206D
:10C904004D616E616765723A20506F77657220637E
:10C914006F6E74726F6C2072657365742C206C6515
:10C9240076656C2025640A00575054204D616E6171
:10C934006765723A2044697361626C655770740A62
:10C9440000000000575054204D616E616765723AD3
:10C95400204D616E75616C2069646C65202D2063C7
:10C964006F696C206F66662C206C6576656C20257B
:10C97400642C206661756C74206D6F6E69746F72BF
:10C98400696E67206F6E6C790A000000575054205E
:10C994004D616E616765723A20436F6C64207374F5
:10C9A400617274206174206C6576656C2025642C3A
:10C9B400207374657070696E672075702065766584
:10C9C4007279202564206D7320756E74696C206102
:10C9D4006E20495047206164766572746973656D91
:10C9E400656E740A00000000575054204D616E615A
:10C9F4006765723A20436F6C6420737461727420AB
:10CA040072616D7020656E646564206174206C656C
:10CA140076656C2025642C20495047206164766536
:10CA240072746973696E670A0000000057505420DD
:10CA34004D616E616765723A20436F6C6420737454
:10CA44006172742072616D70207374657020736BF1
:10CA540069707065642C206661756C74206D6173F7
:10CA64006B20307825303258206F776E73207468CD
:10CA740065206C6576656C0A0000000057505420F0
:10CA84004D616E616765723A20436F6C6420737404
:10CA94006172742072616D7020686F6C64696E6776
:10CAA400206174206D6178696D756D206C657665A3
:10CAB4006C2025642C207374696C6C206E6F204983
:10CAC4005047206164766572746973656D656E7430
:10CAD4000A000000575054204D616E616765723A38
:10CAE40020436F6C642073746172742072616D7082
:10CAF400207374657070696E6720757020746F2080
:10CB04006C6576656C2025642C206E6F2049504737
:10CB1400206164766572746973656D656E742079DD
:10CB2400657420286E657874207374657020696E4E
:10CB3400202564206D73290A000000006E6F2061B7
:10CB440064766572746973656D656E7400000000C7
:10CB54007374696C6C20686F740000005750542023
:10CB64004D616E616765723A20426C696E6420742F
:10CB74006865726D616C2072657472792025642F0A
:10CB84002564206661696C65642028257329206109
:10CB940074206C6576656C2025642C207061757337
:10CBA400696E6720616761696E0A000057505420FE
:10CBB4004D616E616765723A20495047207468651B
:10CBC400726D6973746F722072656164696E672037
:10CBD400696D706C61757369626C65202872656635
:10CBE4003D2564206F75743D2564206F6673743D24
:10CBF4002564206D56292C2069676E6F7265642048
:10CC04002D206E6F20746865726D616C206465639D
:10CC14006973696F6E2074686973207469636B0A41
:10CC240000000000575054204D616E616765723AF0
:10CC3400204950472054656D706572617475726542
:10CC44002025642E2530326420430A005750542096
:10CC54004D616E616765723A20746865726D207209
:10CC64006177207265663D2564206F75743D256487
:10CC7400206F6673743D2564206D560A0000000021
:10CC8400575054204D616E616765723A20426C6959
:10CC94006E6420746865726D616C2072657472795B
:10CCA40020636F6E6669726D65642C20495047205D
:10CCB40025642E2530326420432061742F62656C14
:10CCC4006F7720256420432C20636F6E74696E7522
:10CCD400696E67206174206C6576656C2025640A32
:10CCE400000000005B4D414E55414C5D20574152C0
:10CCF4004E20746865726D616C3A20495047202556
:10CD0400642E253032642043203E3D202564204398
:10CD1400207061757365207468726573686F6C64E4
:10CD2400202869676E6F726564290A005750542081
:10CD34004D616E616765723A204950472074656D94
:10CD440070657261747572652025642E25303264B5
:10CD54002043207265616368656420706175736542
:10CD6400207468726573686F6C642028256420439E
:10CD7400292C2070617573696E6720706F776572F6
:10CD8400207472616E7366657200000057505420FF
:10CD94004D616E616765723A204950472073696C32
:10CDA400656E7420616674657220256420626C6906
:10CDB4006E6420746865726D616C2072657472694A
:10CDC40065732C20656E64696E67206368617267A1
:10CDD400652073657373696F6E00000057505420AB
:10CDE4004D616E616765723A204950472073696CE2
:10CDF400656E7420666F72202564207469636B739A
:10CE04002028256420696E20746865726D616C2029
:10CE14007061757365292C20626C696E642072657B
:10CE24007472792025642F2564206174206C6576E2
:10CE3400656C2025640A0000575054204D616E61D2
:10CE44006765723A204950472074656D7065726158
:10CE5400747572652025642E253032642043206168
:10CE6400742F62656C6F7720726573756D652074BD
:10CE740068726573686F6C642028256420432920D8
:10CE84006166746572202564207469636B732C2059
:10CE9400726573756D696E6720706F776572207443
:10CEA40072616E7366657200575054204D616E61F5
:10CEB4006765723A204950472062617474657279DB
:10CEC400204F565020666C616720617373657274DD
:10CED40065642028434847315F4F56505F4552529E
:10CEE4006E3D256420434847325F4F56505F45529C
:10CEF400526E3D25642C2030203D206661756C7493
:10CF040029206174206C6576656C2025642C205082
:10CF1400474F4F443D2564202D206C6F676765643F
:10CF2400206F6E6C792C20636F696C20756E61665E
:10CF34006665637465640A00575054204D616E61E0
:10CF44006765723A2049504720626174746572794A
:10CF5400204F565020666C61677320636C65617264
:10CF640065642028434847315F4F56505F4552520D
:10CF74006E3D256420434847325F4F56505F45520B
:10CF8400526E3D256429206174206C6576656C20A1
:10CF940025642C2050474F4F443D25640A0000006F
:10CFA4005B4D414E55414C5D205741524E206F76AA
:10CFB400703A2056524543545F4F56506E3D3020D0
:10CFC4006174206C6576656C2025642C206368612F
:10CFD4007267656420746F2025642C206365696C16
:10CFE400696E672025642C2069676E6F7265640A18
:10CFF40000000000575054204D616E616765723A1D
:10D004002049504720726563746966696572204FD0
:10D014005650202856524543545F4F56506E3D306B
:10D0240029206174206C6576656C2025642C20634E
:10D0340068617267656420746F2025642C206365C1
:10D04400696C696E672025642C2070617573696E44
:10D0540067000000575054204D616E616765723A55
:10D06400204950472073696C656E7420666F722086
:10D074002564207469636B7320696E204F565020B9
:10D0840070617573652C207472656174696E6720B4
:10D094006661756C7420617320636C65617265648C
:10D0A4000A000000575054204D616E616765723A62
:10D0B4002056524543545F4F56506E207374696C2A
:10D0C4006C20302061667465722025642074696365
:10D0D4006B732C2073746179696E6720706175734A
:10D0E40065640A00575054204D616E616765723A59
:10D0F4002056524543545F4F56506E20636C656111
:10D1040072656420616674657220256420746963A5
:10D114006B732C20726573756D696E67206F6E6515
:10D12400207374657020646F776E206174206C6561
:10D1340076656C2025640A00575054204D616E6159
:10D144006765723A204661756C744D6F6E69746FD1
:10D1540072696E670A000000575054204D616E6179
:10D164006765723A204950472073696C656E742074
:10D17400666F722025642073207768696C6520636C
:10D1840068617267696E672C207374657070696E6C
:10D1940067207570206F70656E2D6C6F6F702066E0
:10D1A400726F6D206C6576656C20256420286C692F
:10D1B4006D6974202564290A00000000575054202A
:10D1C4004D616E616765723A2049504720737469F6
:10D1D4006C6C2073696C656E74206174206C657668
:10D1E400656C202564202872616D70206C696D69FE
:10D1F40074292C20656E64696E67206368617267A8
:10D20400652073657373696F6E0000005750542076
:10D214004D616E616765723A2053696C656E742D59
:10D224004950472072616D70207374657070696E27
:10D234006720757020746F206C6576656C2025649A
:10D244000A000000575054204D616E616765723AC0
:10D2540020506F77657220636F6E74726F6C2073E9
:10D264006B69707065642C206661756C74206D61E7
:10D27400736B20307825303258206F776E732074AA
:10D284006865206C6576656C0A0000005750542070
:10D294004D616E616765723A20506F7765722063E5
:10D2A4006F6E74726F6C20626C616E6B656420616A
:10D2B40066746572206661756C7420726573756D31
:10D2C400652C202564206379636C6573206C656626
:10D2D400740A0000575054204D616E616765723ABC
:10D2E40020506F77657220636F6E74726F6C207359
:10D2F4006B69707065642C20746865726D616C2054
:10D3040072657472792070726F62652077616974D6
:10D31400696E6720666F7220746865204950470AF9
:10D3240000000000575054204D616E616765723AE9
:10D3340020506F77657220636F6E74726F6C207308
:10D344006B69707065642C206E6F206E6577204960
:10D354005047206164766572746973656D656E7497
:10D36400202825642F2564290A00000057505420E2
:10D374004D616E616765723A204950472061647659
:10D384006572746973696E6720616761696E2C20C8
:10D39400636C6F736564206C6F6F70207265737556
:10D3A4006D6573206174206C6576656C2025640A54
:10D3B40000000000575054204D616E616765723A59
:10D3C40020436C6F736564206C6F6F70207374619D
:10D3D4007274696E67206174206C6576656C2025B3
:10D3E400642028636F6C642D7374617274206C659F
:10D3F40076656C206B657074290A000057505420C0
:10D404004D616E616765723A20506F776572206373
:10D414006F6E74726F6C206C6576656C3D2564204C
:10D4240070676F6F643D256420666C6F6F725F6612
:10D434006F756E643D2564206F76705F6365696CFB
:10D44400696E673D25642070676F6F645F666C6FFB
:10D454006F723D2564000000575054204D616E6189
:10D464006765723A20486F6C64696E672061742046
:10D474006C6576656C2025640A00000057505420C2
:10D484004D616E616765723A2050474F4F44207377
:10D4940061746973666965642C207374657070695E
:10D4A4006E6720646F776E20746F206C6576656C90
:10D4B4002025640A00000000575054204D616E611D
:10D4C4006765723A2050474F4F4420736174697303
:10D4D40066696564206174206D696E696D756D207F
:10D4E4006C6576656C2C20666C6F6F7220666F7548
:10D4F4006E640A00575054204D616E616765723A3C
:10D504002050474F4F44206C6F772025642F2564AB
:10D51400206174206C6576656C2025642C2077610D
:10D524006974696E6720666F7220636F6E666972D4
:10D534006D6174696F6E0A00575054204D616E61BD
:10D544006765723A204E6F20766961626C6520705F
:10D554006F776572206C6576656C202D204F565070
:10D56400206365696C696E67202564206174206F8F
:10D57400722062656C6F772050474F4F4420666C71
:10D584006F6F722025642E20436C616D70696E6725
:10D5940020746F2025640000575054204D616E6143
:10D5A4006765723A2050474F4F44206C6F77206173
:10D5B40074206D6178696D756D206C6576656C207D
:10D5C40025642C206E6F7468696E672066757274AA
:10D5D40068657220746F20676976650A0000000030
:10D5E400575054204D616E616765723A2050474F21
:10D5F4004F44206C6F772C207374657070696E676C
:10D6040020757020746F206C6576656C2025640A23
:10D6140000000000575054204D616E616765723AF6
:10D6240020496E69740A000057505420506F727478
:10D634003A20457865637574654576656E740A00AD
:10D644002F55736572732F616C657862616C6477B2
:10D65400696E2F4465736B746F702F4F70656E4ED7
:10D66400657276652D436861726765722F466972CB
:10D674006D776172652F536F757263652D436F64A7
:10D68400652F7372632F636F72655F6C6179657266
:10D694002F73646B2F6E7266352F6E5246355F534F
:10D6A400444B5F31372E312E305F64646465353608
:10D6B400302F65787465726E616C2F667265657261
:10D6C400746F732F736F757263652F706F727461EB
:10D6D400626C652F4D656D4D616E672F6865617075
:10D6E4005F312E63000000002F55736572732F6144
:10D6F4006C657862616C6477696E2F4465736B74D2
:10D704006F702F4F70656E4E657276652D4368613C
:10D71400726765722F4669726D776172652F536FF8
:10D72400757263652D436F64652F7372632F636F26
:10D7340072655F6C617965722F73646B2F6E7266AC
:10D74400352F6E5246355F53444B5F31372E312EA1
:10D75400305F646464653536302F65787465726E45
:10D76400616C2F6672656572746F732F706F72745B
:10D7740061626C652F434D5349532F6E7266353287
:10D784002F706F72745F636D7369732E6300000092
:10D794002F55736572732F616C657862616C647761
:10D7A400696E2F4465736B746F702F4F70656E4E86
:10D7B400657276652D436861726765722F4669727A
:10D7C4006D776172652F536F757263652D436F6456
:10D7D400652F7372632F636F72655F6C6179657215
:10D7E4002F73646B2F6E7266352F6E5246355F53FE
:10D7F400444B5F31372E312E305F646464653536B7
:10D80400302F65787465726E616C2F66726565720F
:10D81400746F732F736F757263652F71756575659A
:10D824002E6300002F55736572732F616C657862E7
:10D83400616C6477696E2F4465736B746F702F4FDE
:10D8440070656E4E657276652D43686172676572A8
:10D854002F4669726D776172652F536F75726365B8
:10D864002D436F64652F7372632F636F72655F6CF2
:10D87400617965722F73646B2F6E7266352F6E52E9
:10D8840046355F53444B5F31372E312E305F64642D
:10D8940064653536302F65787465726E616C2F66F9
:10D8A40072656572746F732F736F757263652F740D
:10D8B40061736B732E63000049444C450000000003
:10D8C400546D7251000000002F55736572732F61FF
:10D8D4006C657862616C6477696E2F4465736B74F0
:10D8E4006F702F4F70656E4E657276652D4368615B
:10D8F400726765722F4669726D776172652F536F17
:10D90400757263652D436F64652F7372632F636F44
:10D9140072655F6C617965722F73646B2F6E7266CA
:10D92400352F6E5246355F53444B5F31372E312EBF
:10D93400305F646464653536302F65787465726E63
:10D94400616C2F6672656572746F732F736F757275
:10D9540063652F74696D6572732E6300546D722054
:10D96400537663000000000000000000F977020015
:10D974000000000000000000C178020015790200D8
:10D984003F7902000000000000000000CD79020091
:10D99400CB7902001D7A02000000000000000000A4
:10D9A400517A0200617B0200BD7A0200000000008F
:10D9B40000000000A57B02004D7C0200C17B020038
:10D9C4000000000000000000817C0200697C02006D
:10D9D400C57C020000000000000000007D7D020004
:10D9E400C37D02007F7D02000000000000000000F3
:10D9F400D17D0200000000000000000000000000D3
:10DA04000000000000000000BD830200BF8302008C
:10DA1400000000000000000000000000C1830200BC
:10DA2400010006005A620200010100000300020026
:10DA340000000000000000000000000000000000E2
:10DA44000000000000000000CD890200278A0200C7
:10DA54000F0000010001020304050608090A0B0077
:10DA640000000002010000000B00000000000000A4
:10DA74002900000028000000080000000338FDD839
:10DA8400704700000E0000000100000001000000CB
:10DA94000000000000000000000000000EFFFFFF77
:10DAA4000600000014000000000102030405060043
:10DAB40000000000003000400000000001000000F1
:10DAC40001000000004000400100000001000000CF
:10DAD40000800040000400000090004001040000A9
:10DAE40000A000400204000000A001400306000062
:10DAF40000B001400406000000000306000000001E
:10DB04002E310100010200002E310100010100004C
:10DB140000000000010000000100FFFF0000000001
:10DB2400010000000100010024DB030001000100EA
:10DB340020DB030049BC0200C1A2020089BD02002F
:10DB440049CC020091A60200E5A202007365635F5E
:10DB54006B65797365745F66696C6C00FFFFFFFF2A
:10DB64000006FF000000004000000000000000501C
:10DB74000003005025E9020039E902004DE90200E2
:10DB84000000FFFFDEC0ADDEFE011EF1DEC0ADDE33
:10DB9400FF011EF1303132333435363738394142E2
:10DBA400434445466E72665F6673746F726167655F
:10DBB4005F657261736500006E72665F6673746F91
:10DBC400726167655F777269746500000000000028
:10DBD40038A103000100000044A10300020000007A
:10DBE40064A103000300000088A1030004000000F6
:10DBF4009CA1030005000000B0A103000600000082
:10DC0400C4A1030007000000DCA103000800000019
:10DC1400F4A10300090000000CA203000A000000A4
:10DC240028A203000B00000040A203000C00000027
:10DC340058A203000D0000006CA203000E000000B7
:10DC440080A203000F00000090A203001000000057
:10DC5400A4A2030011000000BCA2030012000000F3
:10DC6400CCA2030013000000E4A203008000000023
:10DC7400F8A20300810000001CA30300820000003E
:10DC840038A303008300000054A3030084000000B1
:10DC940074A303008500000098A30300860000001D
:10DCA400C0A3030090000000D8A30300910000006B
:10DCB400F8A303009200000018A4030000820000EF
:10DCC40030A403000182000050A40300028200007B
:10DCD4006CA403000084000088A4030001840000F5
:10DCE400ACA4030002840000D8A403000384000051
:10DCF40000A50300556E6B6E6F776E206572726FB0
:10DD04007220636F64650000000000000338FDD8D2
:10DD140070470000610D03005F0D03005D0D0300FB
:10DD2400905100207F00000078510020BCA6030021
:10DD3400E8A603009CA60300F0A60300F8A60300CF
:10DD440000A7030008A7030010A7030018A70300F7
:10DD540000000000BCB3030020A7030028A70300B1
:10DD640030A703009C7C0300AC7C03000800000087
:10DD74008C7C03009C7C030008000000847C03006E
:10DD84008C7C03000800000001000007547C0300A1
:10DD9400847C030008000000447C0300547C0300DE
:10DDA4000800000000000000000000009F210300A4
:10DDB400A1210300A32103000000000000000000D3
:10DDC400D321030005220300DB210300000000002F
:10DDD40000000000C18302000000000000000000F9
:10DDE4003525030000000000000000001126030098
:10DDF400112703003D26030000000000000000007E
:10DE04003D270300052803006927030000000000E4
:10DE1400000000003128030055280300792803007E
:10DE24000000000000000000C183020003000200A3
:10DE340000000000000000001D2D03000000000091
:10DE4400000000005D3C0300393C0300893C0300F2
:10DE54000000000000000000F53D0300193E03002F
:10DE64003D3E03000000000000000000C1830200EA
:10DE74000000000000000000AD3F0300893F0300E4
:10DE8400D93F030000000000000000002941030006
:10DE94004D41030071410300070000000000000031
:10DEA400000000000300000000000000000000006B
:10DEB4000500000001000000010000000100000056
:10DEC40000000000000000002F000000010000001E
:10DED400010000000300000000000000000000003A
:10DEE40014000000C0ED010019000000A08601002C
:10DEF4001E000000E63601002800000078C800007B
:10DF040032000000FE83000000000000000000005A
:10DF140011560300EDAF16204A62304029BD56B3B6
:10DF24001544E9BF77900D9CFE0B88C07E2615FA38
:10DF3400838073400FCE674B80D541C04CDF030014
:10DF44007CE0030050DF0300430000006F74030013
:10DF54008F7403009B740300A7740300C774030049
:10DF6400D37403003B7403000774030053756E00FD
:10DF74004D6F6E00547565005765640054687500F4
:10DF84004672690053617400004A616E004665621E
:10DF9400004D617200417072004D6179004A756EE6
:10DFA400004A756C0041756700536570004F6374D7
:10DFB400004E6F760044656300002E000053756EBA
:10DFC400646179004D6F6E646179005475657364A2
:10DFD4006179005765646E6573646179005468758E
:10DFE4007273646179004672696461790053617483
:10DFF400757264617900004A616E756172790046D8
:10E0040065627275617279004D6172636800417076
:10E0140072696C004D6179004A756E65004A756CD1
:10E0240079004175677573740053657074656D622A
:10E034006572004F63746F626572004E6F76656D32
:10E0440062657200446563656D6265720000414DEE
:10E0540000504D0000256D2F25642F25790025489B
:10E064003A254D3A25530025612025622025652057
:10E074002554202559000000BEDF0300C0DF030043
:10E08400C0DF0300C0DF0300C0DF0300C0DF030004
:10E09400C0DF0300C0DF0300C0DF0300C0DF0300F4
:10E0A400FFFFFFFFFFFFFFFFFFFFFFFFFFFF00007A
:10E0B400C1DF030070DF0300FBDF03008DDF03001B
:10E0C40052E0030059E0030062E003006BE0030048
:10E0D40020202020202020202068282828282020D4
:10E0E400202020202020202020202020202020202C
:10E0F40048101010101010101010101010101010E4
:10E104008484848484848484848410101010101083
:10E1140010818181818181010101010101010101DC
:10E124000101010101010101010101101010101090
:10E1340010828282828282020202020202020202AD
:10E144000202020202020202020202101010102055
:10E15400000703200417020108571040805F5F6323
:10E1640078615F67756172645F6163717569726517
:10E174002064657465637465642072656375727385
:10E1840069766520696E697469616C697A6174691C
:03E194006F6E00AB
:10E1980005010000070000000090D00318181818A7
:10E1A800181818181800000000000000FF000000F0
:10E1B800102700000101FFFFFF01000040DF0300FE
:10E1C80040DF030040DF030040DF030040DF0300BF
:04000003200072194E
:00000001FF
