:020000022000DC
:10700000000004201972020001720200A5FD0200B6
:1070100005720200077202000972020000000000FF
:10702000000000000000000000000000F14D03001F
:107030000D72020000000000114E030011720200E8
:1070400011D1020013720200CDD70200ADE8020098
:10705000C1E8020013720200F1D602007DDF0200D7
:1070600095EB0200ADEB0200C5EB020013720200CB
:1070700013720200137202001372020013720200F4
:1070800013720200595003001372020013720200BF
:107090001372020013720200152103001372020022
:1070A0001372020013720200DDEB0200F5EB020026
:1070B00069DE020013720200000000000000000000
:1070C000137202001372020013720200D5E802006C
:1070D0001372020013720200137202001372020094
:1070E000137202001372020013720200000000000B
:1070F0000000000013720200000000001372020082
:10710000000000000000000000000000000000007F
:10711000000000000000000000000000000000006F
:10712000000000000000000000000000000000005F
:10713000000000000000000000000000000000004F
:10714000000000000000000000000000000000003F
:10715000000000000000000000000000000000002F
:10716000000000000000000000000000000000001F
:10717000000000000000000000000000000000000F
:1071800000000000000000000000000000000000FF
:1071900000000000000000000000000000000000EF
:1071A00000000000000000000000000000000000DF
:1071B00000000000000000000000000000000000CF
:1071C00000000000000000000000000000000000BF
:1071D00000000000000000000000000000000000AF
:1071E000000000000000000000000000000000009F
:1071F000000000000000000000000000000000008F
:10720000FEE7FEE7FEE7FEE7FEE7FEE7FEE7FEE756
:10721000FEE7FEE700F002B8FFF7FCBF0F484FF0B3
:107220000701884385460E4880470E48016841F4AF
:1072300070010160BFF34F8FBFF36F8F00F01AB87A
:1072400009480A490A4A884207D0521A05D00378E9
:1072500001300B700131013AF9D170470000042070
:107260007195020088ED00E090720300082B002069
:107270001C2B00203A493B480A1A02D007229143AE
:107280008D46394939480A1A06D00722914381F3BD
:107290000988022282F3148835483649364A00F0BC
:1072A00041F836483649374A00F03CF83648374905
:1072B000374A00F037F837483749384A00F032F893
:1072C00037483849384A00F02DF838483849394AA3
:1072D00000F028F838483949394A00F023F839488D
:1072E0003949002200F036F838483949002200F0C8
:1072F00031F838483849091A0FF04AFE374A9047A2
:1073000025482649884205D00268043003B49047D6
:1073100003BCF7E700208646EC4600200021304AF7
:107320009047FEE7884214D0521A12D003460B430E
:1073300013430324234206D1036804300B60043155
:10734000043AF9D17047037801300B700131013AEA
:10735000F9D17047884202D002700130FAE77047D5
:107360000000042000F80320000004200000042096
:10737000E8D503001C2B0020602B0020E4730200E2
:10738000E47302001A710300E8D503001C2B0020EF
:107390001C2B0020A4720300A4720300B47203002B
:1073A000A4720300A4720300A4720300B472030069
:1073B000B4720300E7D503002CD60300602B002035
:1073C000602B0020602B0020CC7F0020CC7F002091
:1073D000CC7F0020CC7F0020CC83002041720200B3
:0473E000D965030068
:1073E400BFF34F8F0549CA6802F4E062044B1343AC
:1073F400CB60BFF34F8F00BFFDE700BF00ED00E09F
:107404000400FA0510B5044600F042FD22460D21A1
:10741400012000F047FF10BD10B5044600F038FD10
:1074240022460821012000F03DFF10BD10B504469E
:1074340000F02EFD22460F21012000F033FF10BD85
:1074440010B5044600F024FD22460E21012000F070
:1074540029FF10BD08B500F01BFD002210210120FA
:1074640000F036FF08BD08B500F012FD002211211E
:10747400012000F02DFF08BD08B501212F2001F0E7
:1074840024FC0021142001F020FCFFF7A9FF0000D8
:1074940038B5044603461F4A43F8142B43600023BF
:1074A4008360C3601C4B03611C4B03601C4D45612E
:1074B40080611C4BC3611C4B4361056240621B4BE2
:1074C40083621B4B03620CF0ABFCE06225636463D4
:1074D400184BA363184B23630CF0A2FCE0632564F0
:1074E4006464164BA364164B2364E5642465154B4E
:1074F4006365154BE3640CF093FCA065E5652466B5
:10750400124B6366124BE3650CF08AFCA0662046BE
:1075140038BD00BFF8CD0300B472030048CD0300AA
:10752400E4CD0300B872030068CD0300C872030001
:1075340054CD0300E872030090CD0300D072030021
:10754400B8CD0300D8720300A4CD0300F072030089
:107554007CCD0300034600F114020848026003F1E5
:107564002002426003F13002826003F14002C260F3
:1075740003F14C0202615C3343617047602B0020CD
:107584002DE9F04F8DB0059000F082FC06AC654DFE
:107594000FCD0FC495E8030084E80300624C634BED
:1075A400E41AE408240444F00304614920460AF080
:1075B400EFF8604920460AF0EBF89DF818205E4980
:1075C40020460AF0EBF89DF819205C4920460AF0A1
:1075D400E5F89DF81A804246594920460AF0DEF83B
:1075E4009DF81B609DF81C303246564920460AF02F
:1075F400DFF89DF81D709DF81E303A46524920462A
:107604000AF0D6F8514920460AF0C2F8BDF8202005
:107614004F4920460AF0C2F8BDF822204D492046C1
:107624000AF0BCF8BDF824204B4920460AF0B6F80D
:107634000A9D1FFA85FA4FEA154B5D465B46524692
:10764400464920460AF0B4F8454920460AF0A0F815
:10765400DDF82C905FFA89F2424920460AF09EF840
:10766400C9F30722404920460AF098F8C9F30742B3
:107674003E4920460AF092F8B8F1010F14BF0023E6
:107684000123012E1FD00022012F24D00021B8F1A4
:10769400010F03D1BAF1000F25D135BBCDF808B0E5
:1076A400CDF804A000933B463246314920460AF007
:1076B400A6F80DF003FB059A0921022000F0F2FD63
:1076C4000DB0BDE8F08F41F20302924501D80022CB
:1076D400DAE70122D8E741F203018D4201D8002103
:1076E400D5E70121D3E7002AD8D00DB10029D5D0A0
:1076F400CDF808B0CDF804A000933B4632461D49AE
:1077040020460AF07CF80DF0D9FA059C22460B219C
:10771400022000F0C7FD22460C21012000F0C2FD2A
:10772400CEE700BFAC550020E87103009871030058
:10773400F87203001C7303003473030058730300CE
:107744007C730300A8730300E07303001874030040
:107754002C74030044740300587403006C74030015
:10776400A0740300B4740300CC740300E874030031
:10777400047503005875030010B5044600F088FB37
:107784002046FFF7FDFE22460921012000F08AFD74
:1077940010BD000010B50BF04BF80446074A032156
:1077A40000F07AFD064A0821204600F075FD054ADE
:1077B4000721204600F070FD10BD00BF09740200CF
:1077C4007D7702001D74020010B50DF077FA0446AF
:1077D400044A052100F060FD034A0D21204600F013
:1077E4005BFD10BD317402004574020008B5FFF75B
:1077F400D1FFFFF7E9FF01F06BF8254B1B68BFF3DE
:107804005B8F13F0010F15D0224B1B68BFF35B8F06
:1078140013F0010F1DD0204B1B68BFF35B8F13F0D7
:10782400010F25D001F0E4FA01F0A6FA014601F0B7
:10783400EAFB08BD16480FF051FC0028E4D00023F1
:10784400164A1321164800F0F9FF11480FF05AFCAC
:10785400DAE710480FF042FC0028DCD00023114A7C
:107864000D21114800F0EAFF0A480FF04BFCD2E763
:1078740009480FF033FC0028D4D000230B4A11210F
:107884000B4800F0DBFF04480FF03CFCCAE700BFE4
:10789400982B0020882B0020782B0020597402009C
:1078A4009C2B00206B7402008C2B00207D74020042
:1078B4007C2B002010B504460BF0B8FB00220321FA
:1078C400042000F0EFFC0D4B0D4A9B1ADB081B044F
:1078D4000C4943F0030009F05BFF01F04DFA01216C
:1078E40001F0B9FB0DF0EAF900220321022000F0B7
:1078F400D9FCE0680CF040FC10BD00BFE871030047
:1079040098710300AC75030008B50AF091FF0022DA
:107914000621032000F0C6FC0DF0D0F90022072157
:10792400022000F0BFFC01F027FA002101F093FBD4
:1079340008BD70B50C4646683046FFF70BFE054699
:10794400A1B203390F290DD8DFE801F0170C0C0C94
:107954000C1C0C0C0C0D0C240C082E29C168304690
:1079640000F007FD70BD01F007FA012101F09CFB56
:10797400E968304600F0FDFCF4E7C168304600F0E9
:10798400F8FCEFE70AF054FF00220421032000F082
:1079940089FCE7E7C168304600F0EBFCE2E74169A7
:1079A400304600F0E6FCDDE701F09CF801F0B4F8A5
:1079B4000028D7D101F096F801F0B0F8D2E770476B
:1079C40008B51048104BC01AC00800040F4940F015
:1079D400030009F0DDFE0AF02BFF00220221032040
:1079E40000F060FC0DF06AF900220221084600F064
:1079F40059FC0BF01BFB00220221042000F052FC76
:107A040008BD00BFE871030098710300C875030046
:107A140038B50C4645682846FFF79CFDA1B20D29F0
:107A24000BD011290DD101F05DF801F075F840B9C2
:107A340001F058F801F072F803E0C168284600F03C
:107A440098FC38BD10B50BF0F1FC0BF0EFFA0022F6
:107A54000321042000F026FC0AF0EAFE002204219F
:107A6400032000F01FFC0DF029F90022112102204F
:107A740000F018FC01F080F90446052300220146B9
:107A840001F038FA2146204601F09AFA0548064BDF
:107A9400C01AC0080004054940F0020009F078FE4D
:107AA40010BD00BFE871030098710300F87503006E
:107AB40070B50C4646683046FFF74CFDA1B2033959
:107AC4000E2918D8DFE801F008171717172317171E
:107AD400172B17171718330005461A481A4BC01AE4
:107AE400C0080004194940F0020009F051FEE96899
:107AF400304600F03EFC70BD1248134BC01AC0085B
:107B04000004134940F0020009F042FEF3E70AF0D2
:107B14008FFE00220421032000F0C4FBEBE70AF0EF
:107B240087FE00220421032000F0BCFBE3E700F001
:107B3400D9FF00F0F1FF0028DDD100F0D3FF00F001
:107B4400EDFFD8E7E8710300987103004476030061
:107B54007476030010B504460BF030FBE0680CF0BB
:107B64003FFB0DF0ABF800220721022000F09AFB46
:107B74000AF05EFE00220621032000F093FB0BF0C6
:107B840055FA00220421084600F08CFB01F0F4F8B9
:107B9400014601F038FA10BD08B50AF049FE00228A
:107BA4000421032000F07EFB01F0E6F8012101F03E
:107BB4003EFA08BDF8B505460C4647683846FFF757
:107BC400C9FC06461B4B1C4A9B1ADB081B042246B5
:107BD4001A4943F0030009F0E1FDA4B2083C0A2C61
:107BE4000ED8DFE804F0060E0D0D0D0D0D0D0D1B66
:107BF4001600E8680CF0F4FA3169384600F0B9FB75
:107C0400F8BDE8680CF0B8FA7168384600F0B1FBCA
:107C1400F6E77169384600F0ACFBF1E700F062FF6B
:107C240000F07AFF0028EBD100F05CFF00F076FF53
:107C3400E6E700BFE871030098710300C47603000F
:107C440008B50DF03BF800220321022000F02AFBC6
:107C540001F092F8002101F0EAF908BD08B542F2FA
:107C640010700AF095FC01F087F8002101F007FA82
:107C740008BD08B547F230500AF08AFC0AF0D8FD76
:107C840000220421032000F00DFB0DF017F8002260
:107C94000C21022000F006FB0BF0C8F9002203219E
:107CA400042000F0FFFA01F067F8012101F0E7F980
:107CB40008BDF8B505460C4647683846FFF74AFC48
:107CC4000646A1B208390A2923D8DFE801F00623C1
:107CD400222222222B2222433E000AF0A9FD002266
:107CE4000621032000F0DEFAE8680CF079FA0CF0C3
:107CF400E5FF00220721022000F0D4FA0BF096F9E8
:107D040000220421084600F0CDFAF168384600F05C
:107D140030FBF8BDE8680CF02FFA7168384600F0C3
:107D240028FBF6E70CF0CAFF00220721022000F02E
:107D3400B9FA0BF07BF900220421084600F0B2FAEC
:107D4400F168384600F015FBE3E74169384600F076
:107D540010FBDEE700F0C6FE00F0DEFE0028D8D1FE
:107D640000F0C0FE00F0DAFED3E7704738B50C46E9
:107D740045682846FFF7EEFBA1B211290DD0122960
:107D840006D0102903D18168284600F0F2FA38BDE4
:107D94004169284600F0EDFAF9E700F0A3FE00F08F
:107DA400BBFE0028F3D100F09DFE00F0B7FEEEE725
:107DB40008B500F0E1FF014601F025F908BD38B52A
:107DC4000C46154600F064F82A46214600F6EC10ED
:107DD40000F0C7FA38BD000010B5044600F048FAB8
:107DE400014B2360204610BDCCCD030038B5134BA6
:107DF4001A6801321A60124C124BE41AE408240483
:107E040044F003041049204609F0C8FC0CF008F8BB
:107E140005460CF0EFF8B5F904200C49204609F0AA
:107E2400BDFC0AF02DFF05460BF046F8B5F900201D
:107E34000749204609F0B2FC38BD00BFA82B00203A
:107E4400E871030098710300EC76030000770300E7
:107E54002477030010B582B0044600F022F904F53B
:107E64001960FFF7B9FF04F6EC10FFF711FB064B9E
:107E74000093012341F28832044904F6582000F0AB
:107E8400A3FA204602B010BDF17D0200447703003E
:107E940008B50A4B1B68BFF35B8F13F0010F01D0C9
:107EA400074808BD05480FF019F90028F8D0044820
:107EB400FFF7D0FF01480FF025F9F1E7AC2B0020C4
:107EC400B02B002010B582B0044600F0ABF9194A7B
:107ED4000421204600F0FAF82246012104F5196035
:107EE40000F0CEF90BF0A2F80BF0BAF80CF0E6FEB5
:107EF4000CF0FEFE0AF09CFC0AF0B4FC04F6EC1054
:107F040000F04BFA04F6582000F078FA0BF0D8F899
:107F140009480A4BC01AC0080004094B0193002207
:107F240000920123074940F0030009F059FC02B014
:107F340010BD00BF54770300E8710300987103007B
:107F4400947703006877030008B500F029F908BDA9
:107F5400032824D8012A06D001290CD0022910D0E4
:107F6400B1B107207047012901D00022F4E700F1E4
:107F74000E02D2B2F0E700EB40000A4B1A54002084
:107F8400704700EB4000074B03445A7000207047D1
:107F940000EB4000034B03449A7000207047072015
:107FA400704700BF3C36002008B501220021084676
:107FB400FFF7CEFF10B10346072812D10722022192
:107FC4000120FFF7C5FF034608B1072809D10422A1
:107FD40002210020FFF7BCFF034610B1072800D19F
:107FE4000023184608BD08B5012202210020FFF72E
:107FF400AFFF10B10346072812D107220221012046
:10800400FFF7A6FF034608B1072809D10A22002179
:108014000846FFF79DFF034610B1072800D100234F
:10802400184608BD08B50388102B0ED0112B13D1A8
:108034000F4A1368013B136073B9FFF7D4FF58B1BB
:108044000C4B1B6843B1984706E0094B1B6823B1EE
:10805400074A13680133136008BDFFF7A5FF002822
:10806400F6D0044B1B68002BF2D09847F0E700BF12
:10807400483600204C36002010B584B004464FF03A
:10808400FF3201A9D4F8F4080DF07AFA0128F6D1E8
:1080940001980028F3D003681B68039A0299984753
:1080A400EDE738B504460025C0F8F058C0F8F45898
:1080B4005022294600F6F8000EF0E0FF4822294637
:1080C40004F648100EF0DAFF204638BD10B584B02F
:1080D40004460B46114600F1F00200F6F800029047
:1080E4000192009323464FF4007209480DF0BEFC40
:1080F400C4F8F0080023009304F6481322460C2128
:1081040014200DF0E9F8C4F8F40804B010BD00BF61
:108114007D80020000B585B0019102920393002393
:108124001A4601A9D0F8F4080DF016F905B05DF867
:1081340004FB000000B585B0019102920393002373
:1081440000936A4601A9D0F8F4080DF0BDF9009B2C
:1081540043B1064B4FF080525A6040BFBFF34F8F7C
:10816400BFF36F8F05B05DF804FB00BF00ED00E0C6
:10817400034B0360034B0B6080231360704700BF05
:10818400A0400020A03E0020034B0360034B0B6083
:108194004FF4007313607047503E002050360020A7
:1081A40008B50DF0A5FCFEE710B50E4C0E4BE41A15
:1081B400E40824040D4944F0020009F0E9FA4FF4FC
:1081C4000041002009F0C8F808F0C0FF44F003049F
:1081D4000749204609F0DCFA0649204609F0D8FA96
:1081E40010BD00BFE871030098710300A477030079
:1081F400C4770300E477030008B503E009F05EF9EF
:10820400034B1870024B1B78002BF7D108BD00BF3D
:108214001C2B002008B5FFF7EFFF08BD08B504F0DC
:108224006BFD08BD30B589B0FFF7F8FFFFF7BCFF61
:108234000024DCB109B030BD04F01F0343EA451348
:108244000293002303930122049205930693079358
:1082540008AB13E903008DE8030002AB0FCB00F079
:1082640055FD0135002DE7D00134E2E72546F9E755
:10827400024A02600022027182607047D8CD030076
:108284004B1EDBB2092B04D80171024B43F82100C9
:1082940082607047F0400020023100EB81004260B0
:1082A4007047000000F1FF3C5FFA8CFCBCF1090F41
:1082B40000D9704708B5054B53F8200013460A4609
:1082C40001468068FFF726FF08BD00BFF04000208C
:1082D40000F1FF3C5FFA8CFCBCF1090F00D9704738
:1082E40008B5054B53F8200013460A46014680683A
:1082F400FFF720FF08BD00BFF040002038B5054659
:108304000C468B1C00EB83035B688BB10020984701
:108314000E4B0F4AA3EB020C4FEADC0C4FEA0C4C59
:108324002B7922460B494CF0040009F041FA38BD80
:108334000648074BC01AC00800042B790A460649B0
:1083440040F0040009F034FAF1E700BFE8710300DB
:1083540098710300F877030024780300704770478E
:108364007047406820B108B503689B68984708BD0A
:10837400704738B504460D46406803685B68984703
:108384006368A36065602B681B682846984738BDFE
:10839400C068003818BF0120704710B50446036850
:1083A4001B6898472046FFF7F3FF20B1E368A360FA
:1083B40063600023E360606803681B68984710BD2E
:1083C400436898687047000030B583B00446084697
:1083D40011461A46069B63608902074DA5FB0151AD
:1083E40004F1080501950093002389090DF014FF99
:1083F4002060204603B030BDD34D621030B583B049
:10840400056865B10DF0C2FB0246002400942346C2
:10841400012128460DF02CFF204603B030BD012079
:10842400FBE730B583B00546006898B10A460024DE
:108434000094234604210DF01BFF2D680DF0A6FBCC
:10844400024600942346012128460DF011FF2046E0
:1084540003B030BD0120FBE7006850B100B583B024
:1084640000220092134603210DF002FF03B05DF8D1
:1084740004FB704730B583B00546006898B10A46DE
:1084840000240094234609210DF0F2FE2D680DF01E
:1084940083FB024600942346062128460DF0E8FE9D
:1084A400204603B030BD0120FBE7006850B100B5A1
:1084B40083B000220092134608210DF0D9FE03B0C8
:1084C4005DF804FB7047704710B503681B681878A3
:1084D400044C01382146C0B205F0ECFEB4F90000AA
:1084E40010BD00BF2241002030B589B001900C4678
:1084F4000178254B00221A705A709A70DA700220A3
:1085040018715A719A71D9711A722049204805F06C
:108514000BFE58B9019B187801381B49C0B205F00D
:1085240065FE40B901AB029303AD0EE0194A262162
:1085340006F09AFBEEE7174A272106F095FBF1E7D0
:1085440002A8FFF7C1FF25F8020B08AB9D42F7D143
:10855400002303AA02E032F9021B0B4408A98A4251
:10856400F9D10D4A82FB0312DB17C3EBA2031BB242
:10857400C3EB0313C3EB03139B09238005F0F8FF3C
:10858400002009B030BD00BF18410020CB84020098
:10859400FCCD0300507803006766666608B5094B96
:1085A4001B68BFF35B8F13F0010F01D0064808BDB1
:1085B40004480EF093FD0028F8D002480EF0A2FD06
:1085C400F4E700BF284100202C41002030B583B0DF
:1085D4000446002540F8045B074A00942B4606CA6B
:1085E40000F0F6FD2022294604F144000EF046FD79
:1085F400204603B030BD00BF00CE030010B51048C4
:10860400104BC01AC00800040F4940F0030009F0E1
:10861400BFF8FFF7C3FF0D4C21460D48FFF764FF79
:108624000AF02EFBB4F9003040F2145202FB03F3BB
:10863400084A82FB0312DB17C3EBA213038010BDAD
:10864400E871030098710300AC7803002441002012
:10865400202B0020D34D621008B5FFF7CFFF08BDD3
:1086640008B50278094B1A70094A5A60436843B145
:10867400996911609B8B9380064B1B68034898474C
:1086840008BD034B00221A609A80F5E738410020A8
:1086940030410020504100207047000008B50A48CE
:1086A4000A4BC01AC0080004094940F0030009F04D
:1086B4006FF8084802F0C0FC00B908BD064A2E2134
:1086C40006F0D2FAF9E700BFE871030098710300DD
:1086D400CC78030054410020DC78030008B502F094
:1086E400C3FB08BD00B583B009F06CFC68B9002376
:1086F400019301A9012009F05BFD58B901A809F013
:1087040025FE60B903B05DF804FB074A3B2106F07F
:10871400ABFAECE7044A3F2106F0A6FAEEE7024A78
:10872400422106F0A1FAEDE7DC780300084B4FF490
:10873400FA725A804FF47A729A800022DA80197899
:1087440062F382011970C9B262F3C40119707047EF
:108754004041002000B585B00023009301930293AB
:108764000393084B0093084A6946084802F023FC27
:1087740010B905B05DF804FB054A5C2106F074FAF3
:10878400F7E700BF40410020658602005441002005
:10879400DC78030008B5044B1860FFF7A3FFFFF76C
:1087A400C5FFFFF7D7FF08BD5041002038B5044688
:1087B400002313E01B4B53F825309B6803B1984703
:1087C40019481A4BC01AC00800042246184940F040
:1087D400030008F0E3FF24E00133DBB2154A12780A
:1087E4009A421ED91D460F4A52F82320002AF3D07C
:1087F4001268A242F0D1204604F064FF0028D9D1C7
:10880400084B53F825305B6803B198470648074B7B
:10881400C01AC00800042246074940F0030008F0CB
:10882400BDFF38BDC0410020E8710300987103000A
:108834004C790300BC4100203879030030B583B083
:108844000446016042608360194B1B78022B23D8D5
:108854000D46184B1B68ADF804301B0C8DF8063020
:1088640003238DF80530144A01A9284604F06CFE50
:1088740068B90121284604F0BFFE0D4A1378591C3B
:1088840011700E4A42F82340204603B030BD0C4A12
:10889400242106F0E9F9ECE70A480B4BC01AC0089A
:1088A40000040322094940F0010008F077FFEBE7D8
:1088B400BC41002008CE0300B1870200C041002063
:1088C40060790300E871030098710300C079030024
:1088D40008B500F0E7F908BD10B50446054B036080
:1088E400054B0360054B1B684360083000F068F8D3
:1088F400204610BD14CE030024CE03002CCE03006A
:108904000804034BA3FB0030C0F30F30704700BFD3
:108914005917B7D108B50A430221083000F098F876
:1089240008BD08B500220321083000F091F808BD05
:1089340008B50A430421083000F08AF808BD08B5D8
:108944000A220521083000F083F808BD10B504465A
:10895400FFF7F5FF4FF4704211462046FFF7DAFFA8
:108964002046FFF7DEFF0F2200212046FFF7E0FF3D
:1089740010BD022905D0032905D0012905D10820FD
:108984007047092070470A2070470720704738B5A0
:1089940004461546FFF7EDFF01462A4604F1080098
:1089A40000F056F838BD38B504460D461146FFF7B9
:1089B400A7FF024629462046FFF7E9FF38BD00001D
:1089C40030B58FB00446174B844693E80700ACE8F3
:1089D40003002CF8022B120C8CF80020012284F8DE
:1089E4004C220DF11C0E03F10C0CBCE80F00AEE898
:1089F4000F009CE807008EE8070004F10C05002333
:108A040004930EAB13E90F008DE80F0007AB0ECBF8
:108A1400284600F075FB284600F066FB20460FB0A0
:108A240030BD00BF30CE030023B90170130A437078
:108A340082707047012BF9D141F080010170F5E794
:108A440003780B7043784B7083788B707047000009
:108A540010B582B004460023415C01A8FFF7E4FF8F
:108A6400694601A8FFF7ECFF00210B2000F02DF967
:108A74000322694604F10C0000F08EFB0446012138
:108A84000B2000F022F90CB902B010BD0548064BCA
:108A9400C01AC0080004054940F0010008F078FE3F
:108AA400F2E700BFE871030098710300E479030062
:108AB400BFF34F8F0549CA6802F4E062044B1343C5
:108AC400CB60BFF34F8F00BFFDE700BF00ED00E0B8
:108AD4000400FA053CDF70473DDF70470022027056
:108AE4007047000008B50A4B1B68BFF35B8F13F097
:108AF400010F01D0074808BD05480EF0EFFA002821
:108B0400F8D00448FFF7EAFF01480EF0FBFAF1E75A
:108B1400CC410020D04100200078704770B5064653
:108B2400164C174BE41AE408240444F002051549D2
:108B3400284608F02DFE4FF0FF310020FFF7CCFF50
:108B440060B9B1210020FFF7C5FF024668B10E49A4
:108B540044F0010008F022FE002070BD02460B49DB
:108B640044F0010008F01AFEF6E7012333700849C7
:108B7400284608F00DFEFFF79BFF00BFE8710300D5
:108B840098710300047A0300507A0300307A0300DA
:108B9400707A030010B5044603685A0904D0012A08
:108BA40013D14FF6FF7201E04FF0FF3203F01F03C1
:108BB40022FA03F313F0010F09D023681F2B0CD9F9
:108BC40003F01F032360064810BD0022EEE70549A9
:108BD4004FF4F67007F0B6F9EFE74FF0A040F3E773
:108BE400000300508C7A030000B583B0019001A803
:108BF400FFF7D0FFD0F81005019BD84000F001002A
:108C040003B05DF804FB00B583B0019001A8FFF741
:108C1400C1FF0123019A9340C0F80C3503B05DF8FD
:108C240004FB00B583B0019001A8FFF7B3FF012353
:108C3400019A9340C0F8083503B05DF804FB08B509
:108C440011B9FFF7E0FF08BDFFF7EBFFFBE770B5D5
:108C540082B001900C4616461D4601A8FFF79AFF04
:108C640044EA460444EA85049DF8183044EA03249F
:108C74009DF81C3044EA0344019B03F5E07340F87B
:108C8400234002B070BD00B583B0019001A8FFF786
:108C940081FF019B03F5E073022240F8232003B017
:108CA4005DF804FB08B5054B1B7803B908BD04F057
:108CB40009FC024B00221A70F8E700BF212B0020A8
:108CC40008B5FFF791FFC0B208BD08B5FFF7B7FFBD
:108CD40008BD000000B5064B01EB410C03EB8C0E04
:108CE40043F82C00CEF804108EF808205DF804FB3D
:108CF400D441002008B500EB4000034B53F820306A
:108D04009847002008BD00BFD441002084B010B5AE
:108D140082B004AC84E80F000446FFF7B4FF9DF86A
:108D240020309DF82420019200939DF81C309DF87A
:108D340018209DF814102046FFF789FF02B0BDE803
:108D4400104004B0704730B583B004460D4601921C
:108D54000A4601461846FFF7BDFF29462046FFF79D
:108D6400C9FF024601A9204604F0EEFB012120467A
:108D740004F042FC03B030BD00487047B843002003
:108D8400642242700022827001494160027270477D
:108D940000C0014008B50248FFF7F2FF08BD00BF5C
:108DA400B843002030B58DB00546104C0DF1180CB9
:108DB400A646BEE80F00ACE80F009EE803008CE86E
:108DC40003008DE8030006AB0FCBFFF79FFF0DF107
:108DD4000C0C04F1180393E807008CE80700002248
:108DE4006146281D04F018FF0DB030BD68CE0300A5
:108DF40008B5064B1B7803B108BDFFF7BDFFFFF7AD
:108E0400D1FF024B01221A70F6E700BFB4430020E1
:108E1400F0B583B007EE903A4B7806EE903AF8EE50
:108E2400666A9FED326A86EE867AF8EEE77A67EE36
:108E3400877AFCEEE77ACDED017A9DF804509DF82F
:108E4400203007EE903AF8EEE77A67EE877AFCEE88
:108E5400E77ACDED017A9DF804409DF8243007EEC1
:108E6400903AF8EEE77A67EE877AFCEEE77ACDED92
:108E7400017A9DF804E000210EE048F2070715E0AE
:108E840048F2070722E048F2070C10331844184B45
:108E940023F810C00131C9B2072925D80B4604FABA
:108EA40001F010F0800FE8D048F20D0702EB420CFD
:108EB4004FEACC0003EBCC0C0D4E26F81C7005FADF
:108EC40003F616F0800FDBD048F20D0703F1080C0F
:108ED4008444074E26F81C700EFA03FC1CF0800F25
:108EE400D1D048F20D0CD0E703B0F0BD0000C84269
:108EF400C443002010B582B0062B0BD8DFE803F082
:108F0400040C131A21282F000023019300936423D7
:108F1400FFF77EFF02B010BD002301936424009488
:108F2400FFF776FFF6E76423019300230093FFF72E
:108F34006FFFEFE70023019364230093FFF768FFBB
:108F4400E8E76423019300240094FFF761FFE1E75D
:108F54006423019300930023FFF75AFFDAE76423A5
:108F640001930093FFF754FFD4E7000030B585B0B8
:108F74000546002300930193029303930E4B009341
:108F84004823ADF8043003E00121204604F040FFFB
:108F94002C1D204604F016FF0028F5D001231A46A4
:108FA4006946204604F0B8FE4FF49650034B43F054
:108FB4000103984705B030BDC443002060CE0300D0
:108FC40008B501238B70FFF7D1FF08BD70B582B0DF
:108FD40005460E4600240194009423462246FFF7DA
:108FE40017FF019400942346012231462846FFF7D7
:108FF4000FFF019400942346022231462846FFF7CE
:1090040007FF02B070BD10B5044600228A70FFF756
:10901400DDFF2046FFF7AAFF10BD00B583B0002393
:1090240001930093FFF7F4FE03B05DF804FB10B561
:1090340004466423437049B1022300220146FFF72A
:1090440059FF21462046FFF7BBFF10BD0022014611
:10905400FFF7E3FFF5E710B504466423437049B115
:10906400032300220146FFF745FF21462046FFF770
:10907400A7FF10BD00220146FFF7CFFFF5E710B5AB
:1090840004466423437049B1062300220146FFF7D6
:1090940031FF21462046FFF793FF10BD0022014611
:1090A400FFF7BBFFF5E7000010B5044664234370E7
:1090B40079B101231A460146FFF71CFF21462046D9
:1090C400FFF77EFF4FF4C850044B43F00103984769
:1090D40010BD01220146FFF7A0FFEFE760CE0300B9
:1090E40008B5FFF757FE08BD08B500231A4600F17E
:1090F4002C011C3003F002FF00B908BD0120FCE77D
:1091040084B070B4844604A880E80E000B9B43B17D
:10911400012B0CD10CF11C041D4B0FCB84E80F0068
:1091240005E01C4B0CF11C040FCB84E80F00079ED8
:10913400CCF80C60049DCCF800509DF818308CF8E5
:109144000830059CCCF804400998CCF81400089A1F
:10915400CCF810200A99CCF818108CF83960CCF8A7
:1091640034508CF838408CF82D008CF82E108CF884
:109174002C208CF82F30FF238CF8313006238CF808
:10918400303001238CF84032002070BC04B07047AA
:10919400A4CE030094CE030070B584B005461446F3
:1091A40000F59F7630460DF037FFE4B205F13C033D
:1091B40000960194029303940022694605F120006D
:1091C40005F04AFC08B904B070BD0120FBE70000BB
:1091D40010B582B08646684680E8060003C88EE86B
:1091E4000500CEF808300EF1180C0E4C0FCCACE88C
:1091F4000F000FCCACE80F0094E803008CE80300E8
:10920400049BCEF814309DF8053003330EF10C02A4
:109214000EEBC30393E8030082E80300704602B038
:1092240010BD00BFB4CE030008B500212F20FFF706
:109234004CFD08BD08B501212F20FFF746FD08BDF0
:1092440070470C20704700000000000008B541F290
:109254008733994234DC41F2883303FB01F05B1A13
:1092640090FBF3F007EE900AF8EEE77A17EE900A17
:109274000DF072FE18A3D3E900230DF053FD41EC69
:10928400100B0DF0EBF951EC100B0DF02DFE0F4B04
:1092940003FB00F00E4A82FB0031C317C3EBA1139A
:1092A40003F698530B4890FBF3F0A0F58520A0F249
:1092B400FE2082FB0032C017C0EBA21000B208BD32
:1092C4006FF48870FBE700BFAFF30080A68C040046
:1092D400D34D621090F0D73D000000000088B340E9
:1092E40070B50546FFF75AF9074E31460748FFF7B0
:1092F400FBF80AF095FD0446B6F9001041802846B3
:10930400FFF7A4FFA08070BD54440020242B00204C
:1093140008B5FFF7E5FF08BD0020704708B540F227
:10932400DC520321FFF73FFB08BD08B500220221F0
:10933400FFF739FB08BD08B50A460121FFF733FBE7
:1093440008BD08B50C2904D94FF4C861FFF7F3FF31
:1093540008BD01EB810101EB8101890001F5C871B0
:1093640089B2FFF7E8FFF3E708B564220021FFF7AD
:109374001AFB08BD10B50446FFF7D0FF2046FFF7DF
:10938400D4FF4FF4C8712046FFF7D5FF2046FFF7FE
:10939400EBFF10BD08B5FFF7D9FA08BD30B583B0AF
:1093A4000446FFF799FA20252A46002104F5167091
:1093B4000DF064FE2A46002104F51E700DF05EFED9
:1093C4000025A4F89852A4F89A520C4A00942B460B
:1093D40006CA04F52770FFF7FBFE094A00942B46E2
:1093E40006CA04F53770FFF7F3FE2046FFF7D2FFF5
:1093F4002046FFF7BFFF204603B030BDECCE03008C
:10940400E4CE0300BFF34F8F0549CA6802F4E0625B
:10941400044B1343CB60BFF34F8F00BFFDE700BF86
:1094240000ED00E00400FA054FF08053D3F830312A
:10943400082B01D000207047012070474FF0805363
:10944400D3F83031082B01D0002070470120704739
:109454004FF08053D3F83021D3F83431082A01D0A7
:1094640000207047002B04D8DFE803F0010001203E
:109474007047002070474FF08053D3F83021D3F861
:109484003431082A01D000207047002B04D8DFE8CB
:1094940003F0010001207047002070474FF0805313
:1094A400D3F83021D3F83431082A01D00020704792
:1094B400002B04D8DFE803F00100012070470020EE
:1094C40070474FF08053D3F83021D3F83431082A51
:1094D40001D000207047002B04D8DFE803F001001E
:1094E40001207047002070474FF08053D3F830318B
:1094F400082B01D000207047012070474FF08053A3
:10950400D3F83021D3F83431082A01D00020704731
:10951400032B01D8002070470120704708B5FFF7DE
:10952400EDFF38B14FF01023D3F808224FF08043F9
:10953400C3F8582508BD0000024BD3F80034002BB3
:10954400FAD0704700E0014008B5034BC3F80405A6
:10955400FFF7F2FF08BD00BF00E00140014B024AE3
:109564001A607047282B00200090D00338B5FFF70D
:109574005BFF40B14FF080430022C3F80C21C3F8D5
:109584001021C3F83825FFF759FF002846D04FF0C3
:109594008052D2F80414554BC3F82015D2F808149D
:1095A400C3F82415D2F80C14C3F82815D2F81014F3
:1095B400C3F82C15D2F81414C3F83015D2F81814C3
:1095C400C3F83415D2F81C14C3F84015D2F820148B
:1095D400C3F84415D2F82414C3F84815D2F8281453
:1095E400C3F84C15D2F82C14C3F85015D2F8301423
:1095F400C3F85415D2F83414C3F86015D2F83814EB
:10960400C3F86415D2F83C14C3F86815D2F84014B2
:10961400C3F86C15D2F84424C3F87025FFF718FF7B
:1096240018B1334B334AC3F88C26FFF724FF18B123
:10963400314BFB22C3F81825FFF730FF70B14FF010
:109644008041D1F8E43E23F00F034FF08052D2F86A
:10965400582202F00F021343C1F8E43EFFF731FF32
:1096640020B1264B4FF40072C3F84026FFF73CFFAD
:1096740060B14FF08043D3F8003413F0010F05D0EC
:109684004FF080436FF00102C3F800241C4AD2F863
:10969400883043F47003C2F88830BFF34F8FBFF3B0
:1096A4006F8FFFF73BFF4FF01023D3F80032002BEE
:1096B40008DB4FF01023D3F80432002B02DBFFF752
:1096C4004DFF38BD0120FFF73FFF4FF01024122556
:1096D400C4F80052FFF730FFC4F80452FFF72CFF20
:1096E4000020FFF731FFFFF78DFE00BF00C00040F0
:1096F400005000404881030000F000400090024008
:1097040000ED00E048B300B5864642B34FF0000CCC
:1097140006E01EF80C00604480B201301FFA80FCA1
:109724000CF10100884207DA10886045F1D80EEB8D
:109734000C0040789842ECD18C4512D20CF1020313
:109744009BB21EF80C0078B1013880B250B103EB23
:10975400000C61450ADB138004E000207047002000
:1097640000E000205DF804FB0020FBE70020F9E79F
:1097740070B582B00023ADF80630DAB1044616465F
:1097840009230DF10602FFF7BDFF0546BDF80630BB
:109794001C448BB198B130460DF027FCA84201D08F
:1097A40000200AE02A46214630460DF0FBFB40B17A
:1097B400002002E0002000E0002002B070BD002084
:1097C400FBE70120F9E7000000230BB100207047FC
:1097D40003EB8302054931F82220824201D0013390
:1097E400F3E703EB830301EB830070477C44002021
:1097F40030B5B0F804C002EB0C04944594BFACEB54
:109804000C0CACEB020CC2889D189A4294BF921ABD
:10981400D21A4B88B0F800E073450ED340888342D7
:109824000DD88B8863450CD3A3420CD8CB889342C4
:109834000BD3AB420BD8012000E0002030BD002048
:10984400FCE70020FAE70020F8E70020F6E7002014
:10985400F4E7000008B5024B9B6903B1984708BDC3
:109864006044002010B58088FFF7AEFF38B104468D
:10987400406805F0E7FA18B94FF6FF73238010BD6E
:10988400FFF7E8FFF8E7000000B583B002460B4697
:10989400497A69B9197A41B90D494968586805F096
:1098A40079FA88B1FFF7D6FF0EE009498968F5E730
:1098B40000211972064B5B6933B101218DF8041044
:1098C400ADF8060001A8984703B05DF804FB00BF9B
:1098D4006044002070B5C37B8688012B1DD10446EB
:1098E4004FF6FF70FFF770FF0546B8B106800023FE
:1098F40003720F4B03CBC5F80A00C5F80E104FF6E0
:10990400FF7340F2F31204F1100105F10A00FFF7AE
:109914006FFF6872074BDB8923B170BD0420FFF72A
:1099240099FFFAE729463046FFF7AEFFF5E700BF97
:10993400584400206044002070B5044686883046B0
:10994400FFF742FF70B105464FF6FF7340F2F31282
:1099540004F108010A30FFF74BFF687229463046CC
:10996400FFF792FF70BD0000C288124BDB899A4258
:1099740000D0704770B50446038A022B00D070BD36
:1099840085882846FFF720FF06460028F7D004F113
:10999400120000F0C9F920B131462846FFF774FFE0
:1099A400EDE7706805F04EFA0028E8D0FFF752FFA3
:1099B400E5E700BF6044002008B50388122B0FD0F0
:1099C40006D8102B09D0112B09D1FFF74BFF06E065
:1099D400502B04D1FFF7C8FF01E0FFF77BFF08BD60
:1099E400FFF7AAFFFBE7000008B50146014806F0AF
:1099F40065FB08BD90440020F0B583B00190B9B177
:109A040016460F46019D85B9284603B0F0BD0134C2
:109A1400132CF9D8214601A806F050FB0028F6D0F3
:109A24003146A0B2B8470135F1E700242546EFE7F7
:109A34000025E9E7132801D90020704738B504460A
:109A4400054D0146284606F012FB2146281F06F064
:109A54000EFB012038BD00BF9844002038B50546F0
:109A6400002407E0054800EB84002946043006F092
:109A740018FB01341D2CF5D938BD00BF90440020DB
:109A840008B50146014806F00CFB08BD98440020C7
:109A940008B512B106F0EBFA08BD06F002FBFBE7CD
:109AA40030B583B00546019100230360019B93B94F
:109AB400284603B030BD0134132CF9D8214601A83F
:109AC40006F0FCFA0028F6D02B685A1C2A6005EB35
:109AD40043039C80EFE70024EEE7000010B598B044
:109AE400134A9368DB431793516817A806F04EFB9B
:109AF40017996846FFF7D4FF0DF1300C6C460FCC74
:109B0400ACE80F000FCCACE80F0094E807008CE839
:109B14000700002407E018AB03EB440333F82C0CD4
:109B2400FFF79CFF01340C9BA342F4D818B010BD7E
:109B34009044002070B5044685880388103B0A2BA6
:109B44001ED8DFE803F0061A1D1D1D1D1D1D1D3B3B
:109B54001E00FFF7C3FF2846FFF76CFF38B1E37B15
:109B6400022B0DD129461B4806F081FA08E01A4A57
:109B7400F021042005F078F802E02846FFF780FF82
:109B840070BD027A1609154C3F2A94BF00220122A7
:109B940029462046FFF77CFF022E94BF00220122B3
:109BA4002946201FFFF774FF012E94BF00220122D3
:109BB4002946A4F10800FFF76BFFE1E7037A002BC5
:109BC400DED1427AC2F3C00229460448FFF760FF9F
:109BD400D6E700BF9C440020DC7A0300A8440020A0
:109BE400132801D90020704708B50146014806F042
:109BF40065FA08BD9444002010B50446FFF7F0FF51
:109C040008B9002010BD2146034806F057FA08B9E8
:109C14000120F7E70220F5E79C44002010B5044634
:109C2400FFF7DEFF08B9002010BD2146034806F007
:109C340045FA08B90120F7E70220F5E79844002027
:109C440010B50446FFF7CCFF00B910BD2146024809
:109C540006F034FAF9E700BFA044002010B504462A
:109C6400FFF7BEFF00B910BD2146024806F026FAF0
:109C7400F9E700BFA444002010B50446FFF7B0FF85
:109C840000B910BD2146024806F018FAF9E700BFF2
:109C9400A844002038B505460C460846FFF7A4FE44
:109CA40008B9002038BD2846FFF79AFF0028F8D0ED
:109CB4000634044800EB84002946043006F0FEF91B
:109CC400F0E700BF9044002070B506460C461546E8
:109CD4000846FFF789FE00B970BD3046FFF780FFE4
:109CE4000028F9D00634044800EB84002A463146A3
:109CF4000430FFF7CDFEEFE79044002070B5044632
:109D04000E461546FFF770FE08B9002070BDA01D71
:109D1400044B03EB800358682A463146FFF76CFE78
:109D2400F4E700BF90440020007800F00100704781
:109D3400A0DF7047A1DF7047ADDF7047B3DF704726
:109D4400B4DF70478379012B01D000207047037979
:109D5400012B01D000207047428842F602139A4238
:109D640001D0002070470120704738B50446408870
:109D740000F050FEA080002505B138BD204601F05A
:109D84001DFF0135F8E700B587B000230193029366
:109D940003930493059308238DF80430ADF806006B
:109DA400039101A8FFF7E1FF07B05DF804FB000091
:109DB40070B586B000230193029303930493059333
:109DC400ADF806004FF6FF7398422ED0044600F01B
:109DD400CFFC054611283FD015D8D0B10B2826D189
:109DE40010238DF804301D481D4BC01AC008000410
:109DF40022461C4940F0020007F0D0FC01A8FFF7FE
:109E0400B4FF00220CE043F2020398420FD1002277
:109E140006E00F238DF8043001A8FFF7A6FF002207
:109E2400114B19782046FFF74FFF06B070BD0B4E5B
:109E34000B4BF61AF6083604284607F0D1F802460A
:109E440023460A4946F0010007F0B2FC29462046A1
:109E5400FFF799FF0022E3E70122E1E740720300E4
:109E640098710300787B030011450020F87B030000
:109E740008B5FFF79DFF08BD10B5044600F0DAFCF5
:109E840000B910BD0122034B19782046FFF71CFFCF
:109E9400F7E700BF1045002010B582B0044600F07B
:109EA400B9FD00236A46092101F0CAF9052801D049
:109EB40002B010BD0122034B19782046FFF704FFBE
:109EC400F6E700BF0E45002008B500220649074BFF
:109ED4001878FFF713FF00B108BD00220449054BB1
:109EE4001878FFF70BFFF7E715A1020012450020D1
:109EF4002D9F02000E45002008B500220249034BA5
:109F04001878FFF7FBFE08BD2DA2020010450020C3
:109F140008B500220249034B1878FFF7EFFE08BD8D
:109F2400759E02001145002010B582B0044600233E
:109F3400019342F6A623ADF8043001238DF80630D0
:109F4400084B1B6800936A4601A9FFF7F1FE08B1AC
:109F540002B010BD0122044B19782046FFF7B4FE6D
:109F6400F6E700BFFCCE03000D45002010B5044603
:109F740038B12368012B09D1BFF35F8F002323601D
:109F840010BD0549922005F0DDFFF2E70249932058
:109F940005F0D8FFF0E700BF4C7C0300F0B585B0B6
:109FA40006460F460DF10E00FFF7C8FE10B9012456
:109FB40000250DE01A494FF4997005F0C3FFF6E748
:109FC400BDF8002042F602139A421DD00134A4B217
:109FD400BDF80E30A3421FD90223ADF8043000228D
:109FE400ADF80620CDF808D069462046FFF7A8FE54
:109FF400034690B9002DE3D1BDF8002042F60523B5
:10A004009A42E3D10125E1E7029701AA21463046AD
:10A01400FFF792FE034600E00523184605B0F0BDA5
:10A02400A47C030010B5044648B10121204606F083
:10A0340082F8BFF35F8FB0FA80F0400910BD024987
:10A04400852005F07FFFF0E74C7C030070B586B0F7
:10A05400054600F0EDFA112847D0044619D8002827
:10A0640046D00B2847D0254E254BF61AF608360461
:10A07400204606F0B5FF02462B46224946F0010071
:10A0840007F096FB21462846FFF77DFE0024224672
:10A0940023E0862806D043F202039842E3D1002449
:10A0A40022461AE000260196029603960496059627
:10A0B40007238DF80430ADF806501048104BC01A31
:10A0C400C00800042A46104940F0020007F066FB6D
:10A0D40001A8FFF74AFE344632460C49097828465F
:10A0E400FFF7F2FD204606B070BD00240122F4E71C
:10A0F40001240022F1E700242246EEE74072030027
:10A1040098710300807D0300487D03001245002000
:10A1140010B504460648FFF785FF00B910BD204678
:10A12400FFF794FF0028F9D10148FFF71FFFF5E777
:10A134001445002070B586B0044600F08FFB054638
:10A1440011280CD8112848D8DFE800F017474747F2
:10A15400474733472847474747474747475D43F201
:10A164000203984252D043F20143984235D120462B
:10A17400FFF71EFE0025012222E000230193029333
:10A1840003930493059311238DF80430ADF806402E
:10A1940001A8FFF7EAFD01252A4611E001A920469E
:10A1A400FFF7FCFE28B9BDF8043013B100250122E5
:10A1B40006E0204600F02EFC00F082FB00252A4633
:10A1C400144B19782046FFF77FFD2A46124B197865
:10A1D4002046FFF779FD06B070BD104E104BF61AFD
:10A1E400F6083604284606F0FBFE024623460D49CF
:10A1F40046F0010007F0DCFA29462046FFF7C3FDCC
:10A2040000250122DCE700250122D9E700250122EF
:10A21400D6E700BF104500200F4500204072030020
:10A2240098710300C07D030010B50446044B1978EF
:10A23400FFF730FD00B110BD2046FFF77BFFFAE7C2
:10A244000F450020037803B1704710B504464088D9
:10A25400FFF7AEFD6088FFF70FFE6088FFF71CFE76
:10A26400FFF732FE10BD000010B582B00378092B51
:10A2740003D0FFF729FE02B010BD0446437A002B39
:10A28400F7D1037A072B1DD0082B2CD0012BF0D14A
:10A294006A460121808801F09DFA0028E9D1019BDA
:10A2A4001B78002BE5D0A08800F0E8FB4FF6FF7385
:10A2B4009842DED00122104B1978FFF705FDFFF715
:10A2C4001BFED6E7808800F0D9FB04464FF6FF73E7
:10A2D4009842CED00122094B1978FFF7F5FC2046AD
:10A2E400FFF7DAFDC5E7064B1B68012BC1D1044813
:10A2F400FFF73CFEBDE700BF1045002012450020DB
:10A304001445002030B583B004460D460022009267
:10A3140001920123ADF8003009238DF80230104B6F
:10A324001978FFF7D1FC5DB10E4B0193204600F084
:10A3340071FB0022694600F0F5FF18B903B030BD87
:10A34400094BF2E7094C0A4AA41AE408240406F06B
:10A3540047FE0246074944F0020007F01FFAEDE702
:10A364000E450020F8CE0300F4CE03004072030033
:10A3740098710300007E030030B587B004468588D9
:10A384000388353B1F2B14D8DFE803F049941313DB
:10A394001313131313131313131313131313131389
:10A3A400131313131313133B131013192846FFF736
:10A3B400FFFCFFF7ADFDFFF79FFD07B030BD0024A4
:10A3C4000194029403940494059412238DF80430A8
:10A3D400ADF80650284600F01DFBADF8080000F06B
:10A3E4006FFA22464D4B19782846FFF76DFC22463A
:10A3F4004B4B19782846FFF767FC01A8FFF7B5FC1B
:10A40400D7E70630FFF79EFC0028D2D00122454B47
:10A4140019782846FFF758FCFFF756FDC9E7424B69
:10A4240019782846FFF736FC0028C2D000223E4B9C
:10A4340019782846FFF748FCE288B2F5857F10D0EA
:10A44400A2B96289012A1CD1A289012A24D03748E1
:10A45400374BC01AC0080004364940F0020007F028
:10A464009DF900212846FFF74DFFA2E72F48304B06
:10A47400C01AC0080004304940F0020007F08EF909
:10A48400EFE72A482A4BC01AC00800042B4940F0C1
:10A49400020007F083F9D7E70022E1892846FFF795
:10A4A40049FC0028DDD10122254B19782846FFF705
:10A4B4000BFC7EE7224B19782846FFF7EBFB0028BC
:10A4C4003FF477AF00221E4B19782846FFF7FCFBB8
:10A4D400E28852B9E289012A13D1217C003918BFDC
:10A4E40001212846FFF70EFF63E71048104BC01AFE
:10A4F400C0080004104940F0020007F04FF90021A1
:10A50400EFE70A480A4BC01AC0080004094940F0A2
:10A51400020007F043F90021E3E700BF0F450020E4
:10A5240010450020124500200D4500204072030014
:10A5340098710300D87E0300607E03009C7E0300B4
:10A544000C450020AFDF7047B1DF7047B2DF7047C2
:10A55400B3DF704738B50446808800F08FFA608016
:10A56400002505B138BD204601F02CFB0135F8E784
:10A5740030B589B0224B93E8030008AB03E903002C
:10A584000BE007238DF8043001A8FFF7E3FF35E063
:10A594001C4C208800F045FF20801A4B18884FF689
:10A5A400FF7398422AD0002206A900F0BBFE04469D
:10A5B4000028EDD0002301930293039304930593A1
:10A5C400104B1B88ADF80830112817D08628D8D036
:10A5D4000D4D0E4BED1AED082D0406F001FD02465B
:10A5E400084B1B880A4945F0010007F0E1F80823ED
:10A5F4008DF80430039401A8FFF7ACFF09B030BD17
:10A6040008CF03001A450020487203009871030024
:10A61400287F030008B5054B1A884FF6FF739A424A
:10A6240000D108BDFFF7A4FFFBE700BF1A450020D7
:10A634002DE9F04784B0824600F0ECF94FF6FF7341
:10A64400984200F087800746012449E002AA0821C5
:10A65400384601F0BFF888B9B8F8042003998B880C
:10A664009A420DD1063128460CF09CFC40B90821D1
:10A67400384601F025F9D8B90B2607E0052807D19B
:10A684003A460821384601F073F90646002525E0CC
:10A69400334C344AA41AE408240406F0A1FC02460C
:10A6A4005346314944F0010007F082F8032653E091
:10A6B4002B4D2C4AAD1AED082D0406F091FC0346EF
:10A6C4003A462A4945F0010007F072F80326DDE70F
:10A6D40001250821384601F0F3F818BB002D3BD0C2
:10A6E40022460134A4B26B460821384601F078F8BA
:10A6F400814638BBDDF804800323454645F8063B14
:10A7040008F1040229465046FFF720FF06460028B8
:10A714009CD00C28DCD0052801D00025D9E74E4672
:10A724000025D6E70E4E0F4AB61AF608360406F090
:10A7340057FC03463A460D4946F0010007F038F845
:10A744000326CBE7072802D100250C26C6E70646D8
:10A754000025C3E743F20206304604B0BDE8F087A3
:10A764004872030098710300807F0300B87F0300E0
:10A774002DE9F04182B0054600F04CF94FF6FF7325
:10A78400984205D10324002637464FF0010825E0FE
:10A794006A46082101F01EF820B9019B9F1D9E887E
:10A7A4001C68F2E7032400263746EEE726B14FF093
:10A7B4000008032446460FE01B481C4BC01AC0087F
:10A7C40000042A461A4940F0010006F0E7FF4FF062
:10A7D4000008032000E011200B281CD12346324638
:10A7E40039462846FFF7B0FE0428F4D008280CD0D8
:10A7F4000B28F1D114F0020F09D1002FD6D04FF05D
:10A804000008032446464746E6E70020E4E74FF005
:10A8140000080124E0E7B8F1000F02D002B0BDE85F
:10A82400F0810B20FAE700BF48720300987103001F
:10A834003880030000B585B00DF10F03029300F0DA
:10A84400E9F801AA012100F0C5FF20B9029B18789C
:10A8540005B05DF804FB0020FAE7000010B50446DB
:10A864001348FFF775FE90B1124C134AA41AE4087A
:10A87400240406F0B5FB0246104944F0010006F03A
:10A884008DFF032010BD43F203039842FAD14FF623
:10A89400FF72074B19882046FFF754FE43F2030367
:10A8A4009842F0D1024A138801331380EBE700BFCA
:10A8B400184500204872030098710300B08003001B
:10A8C40000B583B084466B46064A92E8030083E8E9
:10A8D400030000221946604600F024FD03B05DF831
:10A8E40004FB00BF10CF030046DF704738B50546B0
:10A8F400002405E0044B53F82430284698470134DB
:10A90400012CF7D938BD00BF18CF030000230F2B4B
:10A9140003D8C25C1AB90133F9E70020704701205B
:10A92400704778B181B108B503780A785340012B98
:10A934000CD80622013101300CF034FBB0FA80F05F
:10A94400400908BD00207047002070470020F8E748
:10A954002DE9F04104460D4600F1110701F11108FB
:10A964001022013101300CF01DFB50B90646601C69
:10A97400FFF7CCFF30B1681CFFF7C8FF10B1012608
:10A9840000E0002606F0010641463846FFF7C9FFFD
:10A99400637C03F0FE03042B0CD0062B11D06B7CDC
:10A9A40003F0FE03042B0ED0062B01D0012302E09A
:10A9B400002300E0002300B13BB946B153B10020AD
:10A9C40006E00023F7E70023F5E7012000E000207C
:10A9D400BDE8F0810120FBE770B584B006460D4662
:10A9E40000F06AFC01AA0DF10E01072000F06CFCD6
:10A9F40050B1BDF80E40AC42F4D002993046FFF796
:10AA0400A7FF0028EED001E04FF6FF74204604B003
:10AA140070BD000013280DD810B50446FFF7E0F808
:10AA240028B104EB8404054B33F8140010BD4FF631
:10AA3400FF70FBE74FF6FF70704700BF1C45002016
:10AA4400132816D838B504460D46FFF7C9F868B17F
:10AA540004EB8404084B03EB4403D3F802202A607C
:10AA6400DA881B7AAA80AB71002038BD43F2020059
:10AA7400FBE743F2020070471C45002038B5054649
:10AA84004FF6FF73984216D0002401E00134A4B2BB
:10AA9400132C0CD804EB8403084A32F81330AB426D
:10AAA400F4D12046FFF79CF80028EFD001E04FF6E0
:10AAB400FF74204638BD0446FBE700BF1C45002058
:10AAC400038843B9072B04D8C21892782AB90133F2
:10AAD400F8E700207047012070470120704738B51F
:10AAE40004460D46FFF7ECFF68B122882B889A4292
:10AAF40008D10822A91CA01C0CF054FAB0FA80F06A
:10AB0400400900E0002038BD30B585B0054600F0AE
:10AB1400D3FB01AA0DF10E01072000F0D5FB88B18B
:10AB2400029C04F146012846FFF7D9FF30B904F12D
:10AB34002A012846FFF7D3FF0028EAD0BDF80E000B
:10AB440005B030BD4FF6FF70FAE70000132804D8B3
:10AB540000EB8000014B23F8101070471C450020C7
:10AB640038B50546FFF78AFF0446284600F0B2FED2
:10AB740040B9132C06D804EB8404034B4FF6FF7240
:10AB840023F8142038BD00BF1C45002010B58CB03C
:10AB9400144600230AE0C3F10F0C10F80CE003F193
:10ABA40030020DEB020C0CF830EC01330F2BF2D910
:10ABB40000230493059306938DF81C3007E0C3F13A
:10ABC4000F02C85C30326A4402F8200C0133022BB5
:10ABD400F5D96846FFF788FE002307E0C3F10F02AA
:10ABE40030326A4412F8102CE2540133022BF5D9A6
:10ABF4000CB010BD0346027802F0FE02042A01D014
:10AC04000020704700B585B00846B3F80110DA7823
:10AC1400ADF80C108DF80E209A889B79ADF80420BD
:10AC24008DF8063002AA01A9FFF7B0FF032202A99A
:10AC340003A80CF0B7F9B0FA80F0400905B05DF84C
:10AC440004FB00000388102B72D100B593B00DF102
:10AC54001C0E00F1040CBCE80F00AEE80F00BCE8C9
:10AC64000F00AEE80F009CE807008EE807009DF88F
:10AC7400203003F0FE03062B1BD14FF6FF71BDF805
:10AC84001C202C4B02EB820023F8101003EB400332
:10AC94000898C3F80200BDF824C09DF82600A3F864
:10ACA40006C018724FF6FF73994236D113B05DF89F
:10ACB40004FB00F001FB9DF820305A08032B15D942
:10ACC400022A10D102AA0DF10601072000F0FCFAB5
:10ACD40000B30399013108A8FFF78CFF0028F1D0D5
:10ACE400BDF80610CBE74FF6FF71C8E702AA0DF1D5
:10ACF4000601072000F0E8FA48B10399113108A8C9
:10AD0400FFF70FFE0028F1D0BDF80610B7E74FF6A5
:10AD1400FF71B4E74FF6FF71B1E7ADF80A20ADF863
:10AD24000C1000238DF8083002A8FFF7DFFDBDE703
:10AD3400704700BF1C4500208ADF70478BDF7047D7
:10AD44008CDF704790F82E3043F0040380F82E30E7
:10AD5400A0230386502343860022828690F82E3057
:10AD640062F3C40380F82E30012380F82F3070473B
:10AD74004FF4C8734385062383841823C3840023B4
:10AD84000385704700B587B00023019302930393B2
:10AD94000493059306238DF804300B1D02930B884E
:10ADA400ADF80C3000F12E030593C36B0BB101A871
:10ADB400984707B05DF804FB30B587B000230193D2
:10ADC40002930393049305930B79012B01D007B0ED
:10ADD40030BD05460C460C480C4BC01AC008000494
:10ADE4000B4940F0040006F0D3FCEB6B002BEED0D3
:10ADF40004228DF804202E35059522798DF808203B
:10AE040001A89847E3E700BFF871030098710300B5
:10AE1400308103002DE9F04105460E4691F820707B
:10AE2400B0F81C80002401E00134E4B2BC4209D231
:10AE340006EB44124146A869FEF79AFC0346002833
:10AE4400F2D000E000231846BDE8F08190F82E30DF
:10AE540003F01803082B03D0182B03D000207047ED
:10AE6400012070470120704708B5FFF767FF08BD50
:10AE74002DE9F04186B090F82C8090F8233013B976
:10AE840006B0BDE8F08104468D1C00F12E0600F1E9
:10AE94002407FFF7E9FF002301930293039304932C
:10AEA400059343463A4631462846FFF749FF06468E
:10AEB4000D4D0E4BED1AED082D0445F004050C491B
:10AEC400284606F065FC05238DF8043002963246C8
:10AED4000849284606F062FC002ED1D0E36B002B13
:10AEE400CED001A89847CBE7F8710300987103000E
:10AEF400488103005481030070B586B004460D46B2
:10AF040000230193029303930493059300F12E030A
:10AF14000593FFF79BFFC8B994F8226094F8213099
:10AF24002BBB002211460295002E3AD0914230D01C
:10AF340003238DF80430E36B0BB101A8984704F1A7
:10AF440060010020FFF7F8FE06B070BD02238DF803
:10AF540004300295E36B01A8984704F160010020D6
:10AF6400FFF7EAFE29462046FFF782FFECE7214679
:10AF74002846FFF74FFF034640B19DF80C2042F0EE
:10AF840001028DF80C2001221146CCE70022012198
:10AF9400C9E700238DF8043029462046FFF768FFEF
:10AFA400C9E7002BC4D000238DF80430294620467D
:10AFB400FFF75EFFBFE700283CD038B50D460446D6
:10AFC400C263232200210CF059F84DB32B7984F885
:10AFD40023302B7B84F82C302B68CBB1186859684C
:10AFE4009A68C4F82E00C4F83210C4F836209B893D
:10AFF4006387AA6882B104F124031068516803C30B
:10B0040004F1400323661F23A4F86430002038BDF4
:10B014002046FFF797FEECE72046FFF7A9FEEFE78F
:10B024002046FFF78FFE2046FFF7A2FE002384F898
:10B034002330E5E70E20704710B586B0002837D0DE
:10B044000446002301930293039304930593FFF7AB
:10B054000BFF2046FFF7FAFE30B1E36B23B1012268
:10B064008DF8042001A8984704F1600104F12E0032
:10B07400FFF762FE0446082800D068B90D480E4B5D
:10B08400C01AC00800040D4940F0040006F080FB1B
:10B094000024204606B010BD0648074BC01AC0085D
:10B0A40000042246064940F0010006F077FBF0E771
:10B0B4000E24EEE7F87103009871030090810300F9
:10B0C4006C81030008B50346084603F108021946DB
:10B0D40031F8043B1B2B0AD01D2B04D0102B05D1B7
:10B0E400FFF750FE02E01146FFF706FF08BDFFF729
:10B0F40063FEFBE7A0F5804080B2704700F5804016
:10B1040080B27047A0F5804080B2704701380828AB
:10B1140006D8DFE800F0070505070707070707005B
:10B12400002070470120704738B505464FF6FF737D
:10B134004380002404B138BD284600F017FB0134D5
:10B14400F8E700B587B000230193029303930493B7
:10B15400059308238DF80430ADF80800039101A885
:10B16400FFF7E2FF07B05DF804FB000030B587B0DD
:10B174000023234A1370019302934FF6FF7000F0EB
:10B18400B3FC044606E0204600F056FC204600F0DE
:10B19400ABFC04464FF6FF739C420AD02046FFF7EF
:10B1A400A9FF01AA03A904F0E1FD48F2096398424A
:10B1B400E9D04FF6FF739C4201D107B030BD204661
:10B1C400FFF798FF04F090FD054648F207639842A4
:10B1D40012D00028F1D00B480B4BC01AC008000451
:10B1E40023462A46094940F0010006F0E1FA2946BF
:10B1F4002046FFF7A6FFE0E7014B01221A70DCE7C7
:10B20400EC4500206872030098710300A8810300D4
:10B2140070B582B00E461546002300930193FFF7E4
:10B2240069FF04463046FFF76DFF01466B462A4628
:10B23400204604F07FFD08B902B070BD0520FBE78D
:10B24400F0B587B0FF282DD805460C4617461E4694
:10B254000846FFF75BFF38B303AA21462846FFF7E9
:10B26400D7FF28BB01A903A804F0D2FC054608BBFC
:10B27400BC70019B5B883B8076B19C003368A34221
:10B2840028BF23461E461A46029978680BF0C4FE6E
:10B29400B44203D90C2508E0029B7B6003A804F0A8
:10B2A400E3FC02E0072500E00725284607B0F0BDCF
:10B2B4000525FAE70525F8E7024B00221A605A60D3
:10B2C400704700BFE4450020F0B587B007460E463E
:10B2D4001446FFF71BFF18B90125284607B0F0BD37
:10B2E40005463846FFF70EFF0D4A03A904F030FD6A
:10B2F40008B10025F1E701A903A804F089FC08B10D
:10B304000025EAE7A770019B5A882280029A6260AE
:10B314009888FFF7F3FE308003A804F0A5FCDCE76F
:10B32400E4450020F0B587B0FF2856D806460C4601
:10B3340017468D782846FFF7E9FE00284FD030469F
:10B34400FFF7D8FEADF80C002846FFF7DBFEADF89A
:10B354000E0063680493238805936A46A1783046F7
:10B36400FFF756FF05281AD003A9684604F0B2FC7B
:10B374000446E4B148F20D639C4220D848F20263CB
:10B384009C421CD3A4F50643023B0B2B17D8DFE8E1
:10B3940003F0141616162A0C16161616160C03A904
:10B3A400684604F091FC0446E3E7112418E0BFB1B9
:10B3B4003946684604F0E8FC12E0102410E00B481B
:10B3C4000B4BC01AC008000433462246094940F01A
:10B3D400010006F0EDF9032402E0072400E007244D
:10B3E400204607B0F0BD8624FAE700BF6872030068
:10B3F40098710300F481030008B54FF6FF7000F064
:10B4040001FB08BDFF2806D808B500F003FBFFF7D1
:10B41400ADFE002008BD0720704708B500F01AFBF8
:10B4240008BD08B500F048FB08BD08B500F05CFB9A
:10B4340008BD4FF6FF7303808370FF234372837A42
:10B4440023F002038372DBB223F00103837200232F
:10B4540003724360704700000B68032B14D810B4C8
:10B4640003EB4302094C34F82220824204D0013316
:10B47400032BF5D9002004E00B6003EB430304EB3A
:10B4840083005DF8044B704700207047F0450020AE
:10B4940030B583B005460C460023019301A9FFF79C
:10B4A400DBFF06E0019B0133019301A92846FFF766
:10B4B400D3FF48B18378A342F4D1837A13F0030F06
:10B4C400F0D14368002BEDD103B030BD0023032B32
:10B4D4000DDC03EB4301074A02EB8102526882420E
:10B4E40001D00133F3E7034800EB810070470020EB
:10B4F400704700BFF045002008B5FF214FF6FF70EC
:10B50400FFF7C6FF08BD58B170B50D461446064690
:10B51400FFF7F2FF306010B1058033689C7070BD96
:10B524007047000038B50546002405E0044B53F885
:10B534002430284698470134032CF7D938BD00BF7E
:10B5440020CF030003EB83031B019BB28170426095
:10B554009B080380704708B59BB2FFF7F3FF08BD53
:10B564008378013B072B13D8DFE803F0071212128C
:10B57400120A040D142303807047012303807047CB
:10B5840001230380704743689B8809339B08038029
:10B594007047000038B50546002406E0697A214466
:10B5A400C9B2054800F093FC01342B7AA342F5D8C4
:10B5B4002846FFF73EFF38BD2046002030B583B053
:10B5C400044600230093019383788DF80230417A76
:10B5D4002D4800F068FC20B30246237AA17868461F
:10B5E400FFF7B9FF6846FFF7BBFF224632F8040BAA
:10B5F4006946FFF797FE112838D01FD860B3072893
:10B6040032D0224D224BED1AED082D0405F0E8FC52
:10B61400024623881F4945F0010006F0C9F80320BB
:10B6240022E01A481A4BC01AC0080004627A1A4968
:10B6340040F0010006F0B2F8032015E08628E0D1BE
:10B64400A37A23F00203A372DBB243F00103A372D3
:10B65400124B01221A7007E0A37A23F00203A372AB
:10B66400DBB223F00103A37203B030BDA37A43F02D
:10B674000203A372DBB223F00103A372074B01227E
:10B684001A700020F0E700BF20460020607203001B
:10B6940098710300A082030060820300ED4500203E
:10B6A40030B587B00446FFF789FF10B9012007B011
:10B6B40030BD4FF6FF72ADF806202288ADF80820A1
:10B6C400862807D107238DF8043001A8FFF72AFF45
:10B6D4000020ECE708228DF804200390074D084A67
:10B6E400AD1AED082D0405F07BFC024623880549BC
:10B6F40045F0010006F05CF8E7E700BF6072030064
:10B7040098710300D082030038B5164B1B783BB305
:10B7140005460024134B1C700DE0124B01221A70D5
:10B7240001B93DB104EB44000F4B03EB8000FFF77C
:10B73400B7FFA8B10134032C12D804EB44020A4B1E
:10B7440003EB82039B7AC3F3400113F0020FE4D1AD
:10B75400054B03EB82039B7A13F0010FEAD0DCE77D
:10B7640038BD00BFED450020F045002038B5044643
:10B77400C068FFF7ABFE23780A2B0AD0142B15D030
:10B78400092B1BD1637ADBB9E0B1FFF703FF002576
:10B794000DE0637AC3B9C8B100254560837A43F0EC
:10B7A400020383720A4B01221A7003E0012520462A
:10B7B400FFF7B8FE2846FFF7A7FF38BD0025F6E7D8
:10B7C4000025F4E70025F2E70025F0E70025EEE781
:10B7D400ED45002008B50023FFF732FD08BD000049
:10B7E400002B59D0F0B583B006460C4615461F46CB
:10B7F400CB1FDBB2012B51D8531E032B51D8FFF7BB
:10B8040047FE0190D0B1037AAB424CD1019E737ACA
:10B81400FF2B1DD00026019B1D72597A244800F08D
:10B8240042FB024618B3ABB221463846FFF78AFE04
:10B83400002E3AD0082C28D0002030E02246314691
:10B8440001A8FFF760FE019B002BDFD1112026E049
:10B854002946174800F050FB70720198437AFF2B79
:10B8640001D00126D7E7FFF7E4FD112017E01148C6
:10B87400114BC01AC0080004019B5A7A0F4940F0CA
:10B88400010005F08BFF032009E03B887A689B00E8
:10B89400063B9380002002E00E207047072003B08F
:10B8A400F0BD0720FBE70F20F9E70020F7E700BF12
:10B8B4002046002060720300987103003083030067
:10B8C40008B5FFF7E5FD18B1FFF764FE002008BDD9
:10B8D4000520FCE770B584B005460023039303A953
:10B8E400FFF7BAFD044607E0039B0133039303A962
:10B8F4002846FFF7B1FD0446D4B1A1782846FFF7E6
:10B90400DFFF0028F0D00528EED0154E154AB61AF0
:10B91400F608360405F064FB0246A37800932B4630
:10B92400114946F0010005F04EFF032004B070BD3C
:10B934002846FFF767FD0028F8D00728F6D0084C02
:10B94400084BE41AE408240405F04AFB03462A469B
:10B95400064944F0010005F02BFF0320E6E700BF91
:10B964006072030098710300A4830300FC83030046
:10B97400CB1FDBB2012B11D870B506460C46154619
:10B984001046FFF74AFD58B121463046FFF780FDC7
:10B9940040B105808470FFF711FE70BD0720704729
:10B9A4000720FAE70520F8E710B5044608464FF6E5
:10B9B400FF739C4204D0FF2C0CD94FF6FF7010BDCE
:10B9C4004FF4807104F083FB80B2B0F5807FF6D130
:10B9D4002046F4E7214604F056FB80F0010010F005
:10B9E400FF0F01D02046EAE74FF6FF70E7E708B5FE
:10B9F4000346FF2800D908BD0846194604F051FB48
:10BA0400F9E7000008B50249FFF7CEFF08BD00BF03
:10BA1400304600204FF6FF73984209D010B5044613
:10BA24000449FFF7C1FF844214BF0020012010BD68
:10BA3400002070475046002038B50446044D29467E
:10BA4400FFF7D5FF05F120012046FFF7D0FF38BDF1
:10BA540030460020FF2801D90020704708B5014670
:10BA6400014804F02BFB08BD30460020FF2801D913
:10BA74000020704708B50146014804F01FFB08BDCB
:10BA84005046002038B50D464FF6FF73984202D059
:10BA9400441CA4B203E0002401E00134A4B2FF2C4E
:10BAA40006D82146284604F009FB0028F5D001E019
:10BAB4004FF6FF74204638BD10B50A49FFF7E2FF80
:10BAC400044604E007492046FFF7DCFF04464FF62E
:10BAD400FF739C4204D02046FFF7C8FF0028F1D131
:10BAE400204610BD3046002008B50249FFF7CAFFC2
:10BAF40008BD00BF5046002038B50546002405E0C7
:10BB0400054B53F82430284698470134034B1B78DF
:10BB1400A342F5DC38BD00BF744600207046002007
:10BB240010B586B084880388102B06D0144B19787E
:10BB34002046FEF7AFF806B010BD00238DF80330A1
:10BB44000193029303930493059301238DF8043026
:10BB54004FF6FF73ADF80830ADF806400830039097
:10BB64000DF10303049301A8FFF7C6FF9DF803201A
:10BB7400034B19782046FEF7A7F89DF80300DAE78F
:10BB84002C2B0020094B1B7803B9704710B50446D1
:10BB9400FFF7C6FF00B110BD2046FFF753F820465B
:10BBA40001F032F82046FEF7E7FBF4E78E4600206A
:10BBB40018B108B5FFF7A0FF08BD704708B5FFF737
:10BBC4009BFF08BD08B5FFF797FF08BD08B5FFF751
:10BBD40093FF08BD2DE9F04F87B00193364B1B78D6
:10BBE400002B63D083468A4691464FF6FF70FFF7D9
:10BBF40018FC044600230593042204920293039341
:10BC040005AB039304AB02AA0621FFF719FB07282F
:10BC140050D04FF6FF77B8464FF0FF35002611E0BD
:10BC2400059BB34201D3A0461E46AB4201D2274630
:10BC34001D462046FFF7F5FB044604AB02AA062185
:10BC4400FFF7FEFA0028EBD00528F2D04FF6FF7379
:10BC54009C421BD1984517D09F4213D00020BBF1C2
:10BC6400000F01D0ABF80080BAF1000F01D0CAF880
:10BC74000060B9F1000F01D0A9F80070019BB3B1C5
:10BC84001D6014E00520EAE70520E8E70B4D0C4BA6
:10BC9400ED1AED082D0405F0A3F9024623460949DF
:10BCA40045F0010005F084FD032000E0082007B002
:10BCB400BDE8F08F0520FAE78E46002038720300B5
:10BCC400987103006484030008B500231A460C49E4
:10BCD4000C48FFF77FFF052804D068B1052809D078
:10BCE40000220AE0074B4FF6FF721A80044B002231
:10BCF4001A60F2E7012200E00122034B1A7008BD2A
:10BD040084460020804600208D46002030B587B050
:10BD140004468088FEF7B2FE60802378093B032B3B
:10BD240000F28280DFE803F00232457D637AE3B9F2
:10BD34004D4B1B6813B1E26893420ED04B4B1B78FA
:10BD4400002B71D0A2884A4B1B889A426CD1237A6B
:10BD5400062B69D1FFF7B8FF66E00023424A13605F
:10BD6400A188434A1180E3605EE0012B5CD13F4B24
:10BD74001B78002B58D0A2883D4B1B889A4253D184
:10BD8400237A062B50D1FFF79FFF4DE0637A002BF7
:10BD94004AD1354B1B68002B46D0E268934243D10D
:10BDA4000022314B1A6033490B68013B0B60E2609F
:10BDB4003AE0314B1D7855B901252C4B1B7823B142
:10BDC400A2882B4B1B889A4228D085B32CE04FF6CF
:10BDD400FF70FFF726FB4FF6FF739842EDD118462C
:10BDE400FFF723FB4FF6FF739842E6D10025224B61
:10BDF4001D70019502950395049505950D238DF805
:10BE040004304FF6FF73ADF80830ADF80630204625
:10BE1400FFF772FE01A8FFF76FFECEE7FFF754FFAE
:10BE2400D3E7154B1B7823B92046FFF765FE07B00F
:10BE340030BD0023104A13700193029303930493BB
:10BE440005930E238DF804304FF6FF73ADF80830D8
:10BE5400ADF80630A36803932046FFF74DFE01A812
:10BE6400FFF74AFEE3E700BF884600208D46002026
:10BE740080460020844600208C46002008B504F04B
:10BE840002F980F00100C0B2BFF35F8F08BD08B5AE
:10BE9400BFF35F8F04F012F908BD08B5BFF35F8FDD
:10BEA40004F0FFF808BD38B5054668B10C460068D3
:10BEB40050B1686840B1FF2907D0FFF7E8FF20B10F
:10BEC4002868EB6803FB040038BD0020FCE790B150
:10BED40038B50C46054603681BB1406808B1FF2914
:10BEE40000D138BDFFF7D3FF0028FAD02146686897
:10BEF400FFF7D3FFF5E77047F8B550B30F46064692
:10BF0400036843B3436843B30025FF2405E02B1BB8
:10BF14000133BB421BD00135EDB2B3689D4215D24B
:10BF240029467068FFF7AAFF18B1FF2CEFD12C4601
:10BF3400EDE7FF2CEFD005E021463046FFF7C7FFC1
:10BF44000134E4B2A542F7D8FF24E4E7FF242046F5
:10BF5400F8BDFF24FBE7FF24F9E7FF24F7E77EDFC2
:10BF640070477FDF704786DF704708B5FFF7F7FF3C
:10BF7400042800D008BD1120FCE719B108B5FFF76B
:10BF8400F4FF08BD0020704738B504464088FEF72A
:10BF940041FDA080002505B138BD204600F004FE17
:10BFA4000135F8E700B587B00023019302930393AA
:10BFB4000493059305238DF80430ADF8060001A819
:10BFC400FFF7E2FF07B05DF804FB00B587B000237C
:10BFD4000193029303930493059308238DF804308B
:10BFE400ADF80600039101A8FFF7CEFF07B05DF896
:10BFF40004FB000000B587B094460022019202922F
:10C004000392049205924FF0040E8DF804E0ADF80B
:10C0140006008DF80C10ADF80EC08DF81030054BED
:10C024001978FDF751FE01A8FFF7AEFF07B05DF8E0
:10C0340004FB00BF302B002000B587B00023019320
:10C04400029303930493059302238DF80430ADF80F
:10C0540006008DF80C1001A8FFF796FF07B05DF8F5
:10C0640004FB000070B505460C4616460A460E4B06
:10C074001978FDF729FE04B970BD321E18BF0122DC
:10C084000A4B19782846FDF71FFE012E14BF002223
:10C094000122074B19782846FDF716FE314628463B
:10C0A400FFF7CAFFE8E700BF302B00202F2B00204A
:10C0B4002E2B002000B587B0002301930293039335
:10C0C4000493059306238DF80430ADF8060003911C
:10C0D40001A8FFF759FF07B05DF804FB10B504464B
:10C0E4000088FDF789FD012805D0214631F8040BAD
:10C0F400FFF7E0FF10BD02462088237913F0010FFB
:10C1040000D102220121FFF7ADFFEEE700B587B0B1
:10C1140000230193029303930493059307238DF85B
:10C124000430ADF8060001A8FFF72EFF07B05DF854
:10C1340004FB00B587B003238DF804300388ADF801
:10C144000630437913F0040F0AD001238DF80C3024
:10C154008DF80D1001A8FFF717FF07B05DF804FB79
:10C164000223F3E7F0B583B043B304460E46174603
:10C174001D4600F580706B460122072180B2FFF74F
:10C184002FFB112818D030BB5022002101980AF04F
:10C1940075FF019B1E70019901F134032B60EF6060
:10C1A40001F118032B614B1C6B611B4BEB611131CB
:10C1B4002046FEF745FCF0B903B0F0BD1748184B14
:10C1C400C01AC0080004174A174940F0010005F0DE
:10C1D400E5FA0320F0E7114D114BED1AED082D049B
:10C1E40004F0FEFE02462346104945F0010005F026
:10C1F400DFFA0320E0E7094D094BED1AED082D04A1
:10C2040004F0EEFE02462346094945F0020005F01B
:10C21400CFFA0820D0E700BF9046002078720300D0
:10C224009871030030CF0300E085030014860300F7
:10C23400788603002DE9F84304460D461646184B4C
:10C244001978FDF727FD90B1012704F580700721C7
:10C2540080B2FFF735FB804608B1052809D1334683
:10C264002A4639462046FFF7C5FEBDE8F883022773
:10C27400EBE70C4B0C4AA3EB02094FEAD9094FEA4E
:10C28400094904F0ADFE02462346084949F001007D
:10C2940005F08EFA41462046FFF797FEDFE700BF20
:10C2A4002E2B00207872030098710300C8860300C7
:10C2B40070B506460C4615460C4B1978FDF7EAFC9A
:10C2C40000B970BD0A4B19783046FDF7E3FC28B17C
:10C2D4002A4621463046FFF7ADFFF2E72B462246B9
:10C2E40000213046FFF786FEEBE700BF302B00202D
:10C2F4002F2B002008B503793D2B06D04FF488512D
:10C3040000220088FFF7D4FF08BD41F23D01F7E7A2
:10C3140008B5427902F0030201790088FFF7C8FFEB
:10C3240008BD0000F0B585B0044600F10C063046A7
:10C33400FEF7EAFB4FF6FF73984227D00546014605
:10C344002088FEF703FC002201212088FFF78AFEE3
:10C354004FF6FF739D421ED1002700231A4639462B
:10C364002088FFF700FE0646082833D000283CD179
:10C37400A37D13F0010F4BD0002F49D1002341F2CC
:10C38400060219462088FFF735FE41E02088FEF7B3
:10C3940041FB0546D7E702AA07212846FFF71AFA08
:10C3A400A0B9039FA37D13F0010F11D097F8443077
:10C3B40013F0010F01D03437CFE7314607F14600BF
:10C3C400FEF78DFB0028F6D10027C6E70027C4E757
:10C3D4000027C2E70F48104BC01AC00800040F49D9
:10C3E40040F0020005F0D4F912E00A4F0A4BFF1A9C
:10C3F400FF083F0404F0F4FD024600952388084931
:10C4040047F0010005F0DFF931462088FFF7DDFD34
:10C4140005B0F0BD787203009871030034870300FF
:10C42400A48703002DE9F04385B004460788002261
:10C434005D4B19783846FDF747FC637913F0040F18
:10C444003FD007F58076B6B202AB01220721304611
:10C45400FFF7C6F9804600283AD13846FEF7DAFAE3
:10C4640005464FF6FF73984249D04FF000082A461C
:10C4740007213046FFF77CFA8146002800F08680C9
:10C48400862800F08880494E494BF61AF60836048F
:10C4940004F0A6FD024600953B46464946F00100DD
:10C4A40005F091F949463846FFF78FFD00212046F3
:10C4B400FFF73FFEB8F1000F07D02846FEF750FB08
:10C4C40003E000212046FFF734FE05B0BDE8F08309
:10C4D400364D374BED1AED082D0404F081FD02466C
:10C4E4003B46354945F0010005F062F941463846BE
:10C4F400FFF76BFD00212046FFF71BFEE5E7194619
:10C504000398FEF769FA05464FF6FF7398421CD06C
:10C5140001463846FEF71AFB284B19783846FDF7D2
:10C52400B9FB804610B14FF00008A0E73846FFF78A
:10C5340039FD224B19783846FDF7ACFB002896D11B
:10C5440000212046FFF7F5FDBFE7FEF755FF05463E
:10C554004FF6FF73984206D001463846FEF7F6FAC6
:10C564004FF0010883E71148114BC01AC0080004BA
:10C57400134940F0010005F00BF904213846FFF798
:10C5840024FD00212046FFF7D4FD9EE7012120462B
:10C59400FFF7CFFD99E73846FFF7B8FD01212046A4
:10C5A400FFF7C7FD91E700BF302B0020787203002E
:10C5B40098710300A4880300148803002D2B002025
:10C5C4007088030008B5037913B9FFF72BFF08BD82
:10C5D400FFF79EFEFBE7000010B586B00446144B3F
:10C5E40019780088FDF756FB08B106B010BD208805
:10C5F400FDF726FB38B9012341F206020021208809
:10C60400FFF7F8FCF1E700220A4B19782088FDF7C0
:10C614005BFB03238DF804302388ADF80630002338
:10C624008DF80C308DF80D3001A8FFF7ADFCDCE778
:10C634002F2B0020302B00202DE9F04188B0074635
:10C644000D461646FDF7D8FA044620220021684616
:10C654000AF014FD012C16D0002C4FD0002D3FD031
:10C664003846FEF7D7F94FF6FF73984227D0012CCE
:10C6740010D04FF000082B7813F0010F25D103964A
:10C68400204B07932EE000221F4B19783846FDF704
:10C694001BFBE1E71C4B19783846FDF7FBFA10B198
:10C6A4004FF00008E7E73846FFF77CFC164B197893
:10C6B4003846FDF7EFFA28B14FF00008DBE74FF0FA
:10C6C4000008D8E74FF08508D5E7B8F1850F09D001
:10C6D4006B46324621463846FFF744FD58B901E01F
:10C6E4004FF08508012C00D000256B462A464146B0
:10C6F4003846FFF736FC08B0BDE8F08143F202008B
:10C70400F9E700BF904600202D2B002038B50446E1
:10C714000D46FDF771FA012802D043F2020038BD3C
:10C7240029462046FFF729FCF9E708B50388113BA1
:10C73400092B09D8DFE803F00508090D08080808E3
:10C7440011150430FFF7D6FD08BD0430FFF7C6FC11
:10C75400FAE70430FFF7E6FDF6E70430FFF732FFAF
:10C76400F2E70430FFF738FFEEE700000022026032
:10C7740042608260014A126802607047D846002015
:10C7840010B504461046002323606360A360E36091
:10C79400236121706280FEF73DF9A080204610BD20
:10C7A40000B583B06A460721FFF714F838B9019B36
:10C7B40093F8443013F0010F02D0012000E0002070
:10C7C40003B05DF804FB38B50546002404B138BD58
:10C7D4002846FFF7EDF90134F8E708B5FFF7F3FF52
:10C7E40008BD30B587B00D4614460246062101A89F
:10C7F400FFF7C6FF0395049401A8FFF7E4FF07B011
:10C8040030BD10B586B002460C46082101A8FFF7DA
:10C81400B7FF039401A8FFF7D6FF06B010BD0000D0
:10C8240010B50446134611290DD000226BB10A4BF2
:10C8340019782046FDF748FA0022084B197820465B
:10C84400FDF742FA10BD0122F0E7044B19782046A7
:10C85400FDF73AFAF6E700BF312B0020342B002015
:10C8640070B586B00546112934D8DFE801F02D33C0
:10C874003333333333332D33333333093333332DBA
:10C8840016461F481F4BC01AC00800042A461E49FA
:10C8940040F0020004F082FF2A4604210DEB01005F
:10C8A400FFF76EFF96B1337813F0010F10D1022316
:10C8B4008DF80C3000238DF8103041F20113ADF8DF
:10C8C4000E3001A8FFF77FFF06B070BD0223EFE72B
:10C8D4000123EDE70C460A4E0A4BF61AF608360415
:10C8E400084604F07DFB02462B46084946F0010049
:10C8F40004F05EFF21462846FFF783FFE4E700BF0C
:10C90400707203009871030010890300C889030042
:10C9140030B585B004460D4601A8FFF727FF01AAEC
:10C9240029462046FFF75DFF094B1A680199204606
:10C93400FFF782FE0546012201462046FFF770FFFD
:10C94400019A29462046FFF78BFF05B030BD00BF92
:10C95400D046002008B50021FFF7DAFF08BD00002B
:10C964002DE9F04385B0044616461F46884689B92A
:10C9740001A8FFF7FBFE01AA00212046FFF731FFC3
:10C98400DDF80490284B1B7833B99DF80D301BB9A2
:10C99400052625E04FF00009324649462046FFF7B8
:10C9A400B5FE0546002201462046FFF739FF112D4A
:10C9B4001AD80123AB4042F60112134229D113F4D1
:10C9C400003F15D04246194B19782046FDF77CF9F3
:10C9D4003246174B19782046FDF776F90026E7B959
:10C9E400304605B0BDE8F08343F202039D4212D005
:10C9F400104E114BF61AF6083604284604F0F0FAE5
:10CA0400024623460D4946F0010004F0D1FE0326F8
:10CA1400E5E72E46E3E72E46E1E74A462946204667
:10CA2400FFF71EFFDCE700BFD4460020322B0020B6
:10CA3400332B00207072030098710300348A0300C2
:10CA440038B50446084B1978FDF724F90546074B19
:10CA540019782046FDF71EF9014601232A4620468F
:10CA6400FFF77EFF38BD00BF332B0020322B0020A0
:10CA7400002943D0F8B505460C46FDF7CFF8064625
:10CA840000283DD02846FDF7C5FF0746022E14BFF7
:10CA940000260126237866F3000323704FF6FF7304
:10CAA400C31A18BF0123227863F3C30222702846F5
:10CAB400FDF7C6F8237860F3410323702846FDF799
:10CAC400CDF8237860F3820323702846FDF7D4F869
:10CAD40030B10122237862F3041323700020F8BDDF
:10CAE4002846FDF7ADF808B90022F3E73846FFF70A
:10CAF40057FE08B90022EDE70122EBE70E2070474C
:10CB040043F20200EBE710B582B00C4600238DF827
:10CB14000430E0238DF8043001A9FFF7A9FF9DF844
:10CB24000430DB435BB222781A4010B912B90120F9
:10CB340000E0002002B010BD30B583B00446194BAC
:10CB44001B6833B34088FDF77BF8014608B90246F9
:10CB540021E000258DF80450237AC3F340012A46CE
:10CB640061F382028DF80420D2B263F3C3028DF81C
:10CB74000420C3F38003D2B263F304128DF80420BB
:10CB840001A96088FFF7BFFF80F00102D2B22946F5
:10CB940001E00022012101236088FFF7E1FE03B0D8
:10CBA40030BD00BFD846002010B504460378062BDC
:10CBB40007D0132B01D1FFF7BFFF2046FFF70DFE6F
:10CBC40010BD81684088FFF7A3FEF9E708B5037834
:10CBD4000C2B02D8092B02D208BD142BFCD1002245
:10CBE4000549064B1878FDF789F800220449054BDE
:10CBF4001878FDF783F8EFE759C90200312B0020BC
:10CC040045CA0200342B002008B5FFF78EFD002230
:10CC14000549064B1878FDF771F800220449054BC5
:10CC24001878FDF76BF808BD59C90200312B0020B4
:10CC340045CA0200342B00200268134600E01B683A
:10CC440013B18B42FBD101E00A60016070470346D7
:10CC5400006808B102681A607047000038B50546DC
:10CC640008B9064C04E0064C02E04368284698479D
:10CC74002046FFF7ECFF0028F7D138BDE44600203A
:10CC8400EC46002010B5044610B1012C06D010BDAE
:10CC9400054B01225A70FFF7E1FFF6E70120024B32
:10CCA4009870FFF7DBFFF2E7DC46002000B1704725
:10CCB40008B5034B01225A70FFF7D0FF08BD00BF2F
:10CCC400DC46002008B505F007FA20B9074BD3F875
:10CCD40000342BB108BD06497B2003F033F9F5E796
:10CCE40000F0EEF9034B00229A70F3E700000140D4
:10CCF4009C8A0300DC46002010B5104B1B784BB116
:10CD040085240F4BD3F8003413B10C4B01229A70D5
:10CD1400204610BD094B00229A605A601A61DA60FD
:10CD2400084800F07FF9044605F0D6F918B1034B22
:10CD340001221A70E5E700F08DF9F8E7DC460020DF
:10CD44000000014089CC020010B582B00446224B99
:10CD54001B78D3B1204B9B78E3B114B163680120F5
:10CD6400984700238DF807300DF1070002F0F0F822
:10CD7400194AD3680133D3609DF8070002F0FAF82A
:10CD8400154BDB680BB302B010BD1449F62003F059
:10CD9400D9F8DFE700238DF807300DF1070002F022
:10CDA400D7F81CB121460E48FFF746FF0A4BDB6853
:10CDB40043B1094AD3680133D3609DF8070002F0F8
:10CDC400D9F8DDE700F05CF9F3E704494FF4897022
:10CDD40003F0B8F8D7E700BFDC4600209C8A0300C4
:10CDE400EC46002000B583B0144B1B78B3B1134B51
:10CDF400DB68CBB100238DF807300DF1070002F09A
:10CE0400A7F80E4BDA68013ADA60DB6893B19DF853
:10CE1400070002F0AFF803B05DF804FB084940F2E4
:10CE2400171003F08FF8E2E705494FF48C7003F014
:10CE340089F8DFE7FFF746FFE9E700BFDC4600209B
:10CE44009C8A030000B583B001280DD0032823D0A9
:10CE540038B9184B0122C3F88020BFF34F8FBFF3BA
:10CE64006F8F03B05DF804FB00238DF807300DF1DC
:10CE7400070002F06DF8104B1B7853B10E4BDA68C3
:10CE84000132DA6001229A709DF8070002F072F80C
:10CE9400E7E7FFF731FFF1E7074B1B7823B100F019
:10CEA400D9F8FFF79FFFDCE7044940F2522003F072
:10CEB40049F8F4E700E100E0DC4600209C8A030026
:10CEC40000B587B003788DF8043043680293836813
:10CED4008DF80C30C368049303698DF81430054B46
:10CEE40053F82130044A52F8211001A8984707B09A
:10CEF4005DF804FB00470020F046002070B584B0C4
:10CF04008C46144686461EF8045B1C4A42F82540AB
:10CF14001B4A42F825301B4B0FCB04AE06E90F0029
:10CF24009CF800308DF800309CF801308DF8013009
:10CF34009CF802308DF802309CF803308DF80330F1
:10CF44009CF804308DF805309CF805308DF80630D7
:10CF5400DCF8083002939CF80C308DF80C309CF807
:10CF64000D308DF80D3004B1074C2B46224669462E
:10CF7400704601F0B7FC04B070BD00BF004700204C
:10CF8400F046002040CF0300C5CE0200002807DB96
:10CF940000F01F02400901239340024A42F8203066
:10CFA400704700BF00E100E0002808DB4901C9B276
:10CFB40000F1604000F5614080F80013704700F014
:10CFC4000F004901C9B2014B1954704714ED00E038
:10CFD40038B505460C468B1EDBB2012B03D94B1F1B
:10CFE400DBB2022B04D821462846FFF7DDFF38BD0B
:10CFF40002496B2002F0A6FFF5E700BF408B030057
:10D0040008B5074B1B6813F0010F00D008BD0621BB
:10D014000020FFF7DDFF0020FFF7B8FFF6E700BFB1
:10D0240000E100E010B5044648B1084B1B795BB938
:10D03400064B1C6001221A710020587110BD04496E
:10D04400A42002F07FFFF0E78520F7E710470020D7
:10D05400908B030008B5084B1B793BB1FFF7D0FF59
:10D064004FF080430122C3F8182508BD0349BD20B1
:10D0740002F068FFF2E700BF10470020908B030026
:10D0840000B583B00C4B1B7983B14FF08043002271
:10D09400C3F80421D3F804210192019A0222C3F8AF
:10D0A400042301229A6003B05DF804FB0349EA20DB
:10D0B40002F048FFE9E700BF10470020908B03000F
:10D0C40000B583B00F4B1B79BBB14FF080430222F4
:10D0D400C3F808230022C3F80421D3F804210192E1
:10D0E400019A0122DA604FF08043D3F8183413F424
:10D0F400803FF8D103B05DF804FB0349F72002F048
:10D1040021FFE2E710470020908B030000B583B0B5
:10D114004FF08043D3F800319BB14FF0804300229D
:10D12400C3F80021D3F800210092009A0122C3F829
:10D134000823104B5B7923B90E4B5A711B680020EE
:10D1440098474FF08043D3F804317BB14FF08043CC
:10D154000022C3F80421D3F804210192019A022287
:10D16400C3F80823034B1B680120984703B05DF8FC
:10D1740004FB00BF10470020002807DB00F01F025B
:10D18400400901239340024A42F82030704700BF0F
:10D1940000E100E0002808DB4901C9B200F1604069
:10D1A40000F5614080F80013704700F00F0049015A
:10D1B400C9B2014B1954704714ED00E010B40D4C82
:10D1C40000F5A27054F8203023F44F3323F4407355
:10D1D40044F8203054F82030090201F47C51120440
:10D1E40002F4403211430B4344F820305DF8044B01
:10D1F400704700BF0060004000B583B084468E468F
:10D204000D4B93E8030002AB03E9030063460BE014
:10D2140002A901EB830151F8081CD1F8200542F85A
:10D22400040BC1F8200501330CEB0E009842EFD833
:10D2340003B05DF804FB00BF50CF0300430904D0E2
:10D24400012B0BD14FF6FF7301E04FF0FF3300F0D9
:10D254001F0023FA00F000F0010070470023F6E7F6
:10D26400034B034493F9600000F03F00704700BF94
:10D2740018470020034B034493F96000C0F3811066
:10D28400704700BF1847002010B5864614461AB1EF
:10D2940000234FF0080C04E008234FF00C0C00E0CE
:10D2A4000133634513D20B4A52F82320B2F1FF3FF6
:10D2B400F6D158B2074A02EB0E0C8CF8300042F853
:10D2C400231034B9083B134483F860E001E04FF0C5
:10D2D400FF3010BD18470020064B4FF0FF3243F8D3
:10D2E4002020072804D908380344FF2283F860204B
:10D2F400704700BF1847002010B5044602460221BB
:10D304000020FFF779FF0023012B04D854F82320D1
:10D314001AB90133F8E7002010BD0120FCE7000032
:10D3240010B504460068FFF789FF38B123681F2B46
:10D334000AD903F01F032360054810BD05494FF4C3
:10D34400F67002F0FFFDF1E74FF0A040F5E700BFF3
:10D35400000300508C7A030010B582B00C46019093
:10D3640001A8FFF7DDFFA400019B03F5E07340F87B
:10D37400234002B010BD00B583B0019001A8FFF7AF
:10D38400CFFF019B03F5E07350F8232022F0020243
:10D3940040F8232003B05DF804FB00B583B001908E
:10D3A40001A8FFF7BDFFD0F81005019BD84000F09D
:10D3B400010003B05DF804FB10B582B001900C4687
:10D3C40001A8FFF7ADFF019B03F5E07350F823209C
:10D3D40022F4403240F8232050F8232042EA044249
:10D3E40040F8232002B010BD00B583B0019001A81D
:10D3F400FFF796FF019B03F5E07350F82300C0F399
:10D40400014003B05DF804FB00B583B0019001A8AE
:10D41400FFF786FF0123019A9340C0F8203503B03B
:10D424005DF804FB2DE9F041064645E0032126E0C2
:10D43400B8F1010F36D14146284698470134032CF0
:10D4440036D81F4B234493F96030B3F1FF3FF5D036
:10D454002046FFF705FF0546C20800F00701012337
:10D464008B40B25C1342E9D02046FFF703FF8046AD
:10D474002846FFF7B9FF07460228D7D002212846DD
:10D48400FFF79AFF2846FFF7BFFF0D4B5A1992F991
:10D49400302053F82230002BD0D0B8F1030FCAD07B
:10D4A400022FC5D0032FC9D1B8F1020FC6D1C2E7EC
:10D4B4003046FFF721FF08B10024C0E7BDE8F08142
:10D4C4001847002030B583B01C4B93F86A5095BBC5
:10D4D4002C4601E00134E4B22F2C0FD82046FFF78C
:10D4E400ADFE0028F6D0154B2344FF2283F83020EC
:10D4F400F0E72846FFF7F0FE0135EDB20B2DF8D921
:10D504000F4D00242C60AC8006210846FFF742FE34
:10D514000620FFF731FE0B4BC3F87C41D3F87C2186
:10D524000192019A4FF00042C3F804230123AB7126
:10D53400204603B030BD0820FBE700BF1847002099
:10D544007C4700200060004070B504460D46164636
:10D55400FFF774FE38B1254B234493F93030002B88
:10D5640007DB082070BD22494FF40C7002F0EAFC7E
:10D57400F1E7AA78C2F3400231462046FFF784FE61
:10D584000646B0F1FF3F2FD0AB7813F0040F0FD154
:10D5940013F0010F1CD02046FFF7EDFEE30804F062
:10D5A400070C1448C25C012101FA0CF10A43C2546D
:10D5B400AB7813F0020F10D1083E0C4B334493F9AF
:10D5C4006020297842EA811283F860200020C9E7AC
:10D5D40069782046FFF7C0FEE0E72A782146304606
:10D5E400FFF7ECFD0020BDE70420BBE7184700204F
:10D5F400308C03007C47002030B583B004460D46D0
:10D60400FFF71CFED0B12C4B234493F93030002B90
:10D614001ADB294B234493F93000072823DD08380B
:10D62400FFF728FE0546032814D0012819D0032546
:10D6340029462046FFF7C0FE03B030BD1F494FF412
:10D64400187002F07FFCDEE71C4940F2612002F012
:10D6540079FCDEE72046FFF7A0FE0028E8D102258A
:10D66400E6E70225E4E7C3B2072BE5D800F140035F
:10D674009BB29B009BB2124900F5A27C51F82C206E
:10D6840042F0010241F82C2003F1804303F5C0432A
:10D6940000221A601B680193019B002DCCD0064B1D
:10D6A4001C4494F9302053F82230002BC4D00123B9
:10D6B4008340C1F80433BFE718470020308C0300CF
:10D6C4000060004010B50446FFF7B8FD30B12046B5
:10D6D400FFF763FE003818BF012010BD024940F275
:10D6E400B22002F02FFCF2E7308C030070B584B056
:10D6F40000250295039501204FF48073294603E029
:10D70400400004339BB20131072912D803F180424F
:10D7140002F5C0421468012CF2D1234CD4F804431E
:10D724002042EDD00024146012680092009A054350
:10D73400E6E71D4BD3F87C31012B06D015F0FF0F23
:10D744002AD1002D2BDB04B070BD174B0020C3F889
:10D754007C01D3F87C310193019B45F0004502AA7A
:10D764000221FFF749FDE9E776000134072CE8D8E8
:10D774002E42F9D00C4B04F5A27253F82200C0F3E8
:10D78400052053F82210C1F30141084B53F824300B
:10D79400002BE9D09847E7E701260024E6E702A832
:10D7A400FFF740FECFE700BF0060004018470020AD
:10D7B400034B984201D1034870470020704700BFD3
:10D7C400002000408447002008B5064B1B681BB1AD
:10D7D400044B1B68984708BD0349512002F0B2FB73
:10D7E400F6E700BF84470020D88C030070B582B0F0
:10D7F4000C460546B8B12846FFF7DAFF0546B8B12E
:10D8040000238DF807300DF1070001F0A1FB2E79FC
:10D8140016B92C6001232B719DF8070001F0AAFBB7
:10D824004EB9002005E00549772002F08BFBE2E7C2
:10D83400002002B070BD1120FBE700BFD88C0300AC
:10D84400002807DB00F01F02400901239340024A2D
:10D8540042F82030704700BF00E100E0002808DBF8
:10D864004901C9B200F1604000F5614080F800133D
:10D87400704700F00F004901C9B2014B19547047B9
:10D8840014ED00E0430904D0012B0BD14FF6FF73D4
:10D8940001E04FF0FF3300F01F0023FA00F000F026
:10D8A400010070470023F6E710B483B084460224D5
:10D8B4000C714A71096889B112F0040F23D18221D5
:10D8C40012F0080F01D041F0200112F0100F01D026
:10D8D40021F08001DCF80000C0F80013DCF800102F
:10D8E4000024C1F80441D1F804110191019912F006
:10D8F400800F0AD1DCF800200121D150002003B0B0
:10D904005DF8044B70479221DAE7DCF80000184414
:10D91400F5E730B585B004460D46D0F8103173B143
:10D924000023C0F81031D0F810310093009B4B79DC
:10D9340013F0040F03D00B680BB101209847D4F8FF
:10D94400143173B10023C4F81431D4F814310193A1
:10D95400019B6B7913F0080F03D02B680BB10220E5
:10D964009847D4F81C3173B10023C4F81C31D4F89F
:10D974001C310293029B6B7913F0100F03D12B68B7
:10D984000BB100209847D4F8043163B10023C4F8E4
:10D994000431D4F804310393039B01232B712B68C6
:10D9A4000BB10320984705B030BD000010B5044604
:10D9B4000068FFF767FF38B123681F2B0AD903F00B
:10D9C4001F032360054810BD05494FF4F67002F0AB
:10D9D400B9FAF1E74FF0A040F5E700BF00030050AB
:10D9E4008C7A030000B583B0019001A8FFF7DEFF35
:10D9F4000123019A9340C0F8083503B05DF804FB95
:10DA040000B583B0019001A8FFF7D0FF0123019A6C
:10DA14009340C0F80C3503B05DF804FB00B583B047
:10DA2400019001A8FFF7C2FF019B03F5E0730322F5
:10DA340040F8232003B05DF804FBF0B585B0074639
:10DA44000E4600240AE0FFF7CDFF04AB03EB850587
:10DA540055F8100CFFF7E2FF0134E4B2032C18D898
:10DA64002546335DFF2B0CD023F0800004AA02EB83
:10DA7400840242F8100C13F0800FE4D1FFF7C0FFCA
:10DA8400E3E74FF0FF3204AB03EB840343F8102CBD
:10DA9400E2E7386800230AE004AA02EB830252F8A2
:10DAA400101C03F5AC7240F822100133DBB2032BD7
:10DAB400F2D905B0F0BD000038B505460C468B1E02
:10DAC400DBB2012B03D94B1FDBB2022B04D8214656
:10DAD4002846FFF7C3FE38BD02496B2002F032FA34
:10DAE400F5E700BF408B030070B506460C461546AB
:10DAF400012904D84DB129346401355170BD06495A
:10DB040040F2B72002F01EFAF4E703494FF42E70F6
:10DB140002F018FAEFE700BF788D030070B50546F0
:10DB24000C461646012908D86EB116F4004F10D1E0
:10DB3400293405EB44156E6070BD09494FF430700B
:10DB440002F000FAF0E7064940F2C12002F0FAF9C7
:10DB5400EBE7034940F2C22002F0F4F9E8E700BF22
:10DB6400788D030070B504460E461546012907D882
:10DB7400B5F1807F0AD204EB4614C4F8285570BD71
:10DB8400054940F2CA2002F0DDF9F1E7024940F20A
:10DB9400CB2002F0D7F9EEE7788D030070B5044688
:10DBA4000E461546012907D8B5F1807F0AD204EB49
:10DBB4004614C4F82C5570BD054940F2D32002F038
:10DBC400C1F9F1E702494FF4357002F0BBF9EEE711
:10DBD400788D030070B504460D461646A2B132682E
:10DBE40029462046FFF780FFB28829462046FFF7E2
:10DBF40095FFB26829462046FFF7B4FFF26829462C
:10DC04002046FFF7CBFF70BD024940F2AB2002F083
:10DC140099F9E4E7788D03002DE9F04784B00446D0
:10DC240017460D46002964D02679384B03EBC6030A
:10DC34001B79002B68D1354B43F8367029462046B2
:10DC4400FFF7FBFE23680122C3F80025276895F837
:10DC540005A095F80690B5F80880B5F90830002BB2
:10DC64004CDBC7F80CA5C7F80495C7F808852268EB
:10DC7400AB7AE97A43EA0123C2F81035226800231B
:10DC8400C2F800322268C2F800332268C2F81C319C
:10DC9400D2F81C210392039A2268C2F81031D2F8F8
:10DCA40010210292029A2268C2F81431D2F8142187
:10DCB4000192019A2268C2F80431D2F80431009327
:10DCC400009B124B53F8363053B12068297940F346
:10DCD4000730FFF7F1FE206840F30730FFF7B0FD8F
:10DCE4000A4B03EBC60301221A71002004B0BDE8FD
:10DCF400F0870749802002F025F995E705494FF49C
:10DD0400287002F01FF9ACE70820EFE78C470020E9
:10DD1400C88D0300788D03002DE9F04104460F46B9
:10DD240016461D460279254B03EBC20898F80430C9
:10DD340003B32EB33B6803F06043B3F1005F25D116
:10DD44003A4600212068FFF745FF3A460121206842
:10DD5400FFF740FF06F00101226801EB5603C2F809
:10DD6400143515F0010F17D115F0020315D001B3C6
:10DD7400082312E012494FF48D7002F0E3F8D8E75B
:10DD84000F4940F21B1002F0DDF8D3E70C494FF4C1
:10DD94008E7002F0D7F8D3E710232268C2F800325D
:10DDA400EAB241B10C2341462046FFF77DFDBDE8B0
:10DDB400F0810423F1E70823F5E700BF8C47002036
:10DDC400C88D030038B5044605790F4B03EBC50332
:10DDD4001B798BB10C4B03EBC5031B79DBB2022B14
:10DDE40010D001202368D3F8043123B1064B03EB90
:10DDF400C5030120187138BD04494FF4CC7002F0FA
:10DE0400A1F8E7E70020EDE78C470020C88D030068
:10DE140038B504460D460279104B03EBC2031B7957
:10DE2400ABB123680022C3F80022236801225A60A0
:10DE34002046FFF7C7FF034638B92046FFF7C2FF65
:10DE4400034610B9002DF8D12B46184638BD0449B5
:10DE540040F2731002F076F8E3E700BF8C4700202D
:10DE6400C88D030008B502490248FFF752FD08BDFA
:10DE74008C47002000C00140002807DB00F01F028F
:10DE8400400901239340024A42F82030704700BF02
:10DE940000E100E000280CDB00F01F024009012330
:10DEA40093402030034A42F82030BFF34F8FBFF332
:10DEB4006F8F704700E100E0002808DB4901C9B218
:10DEC40000F1604000F5614080F80013704700F0F5
:10DED4000F004901C9B2014B1954704714ED00E019
:10DEE40010B40B7803F003034A78120102F03002F5
:10DEF40013438A78120202F4E0621343CA781203CD
:10DF040002F4805213430A79120402F4E022134308
:10DF14004A79120502F4801213438A79120602F038
:10DF240080721343074A02EB0014C4F81835CC7905
:10DF3400097A5130030102EB00104160D4505DF8BE
:10DF4400044B70470070004038B505460C468B1EE4
:10DF5400DBB2012B03D94B1FDBB2022B04D82146C1
:10DF64002846FFF7A9FF38BD02496B2001F0EAFFFC
:10DF7400F5E700BF408B030010B588B0684BD3F8B9
:10DF84000431002B2CD0664B0022C3F80421D3F8B3
:10DF940004310093009B634B93F82E2012B193F845
:10DFA4002F30EBB100238DF814305E4B5968069185
:10DFB4001989ADF81C10D968002964D0594B188B05
:10DFC4005883596018810021D96012B9544B012239
:10DFD4001A60544C236805A89847002384F82F300E
:10DFE400504B93F82E3053B34D4BD3F8003133B329
:10DFF4004B4B0022C3F80021D3F800310193019B5D
:10E00400484A538B92F82D2093423FD99B1A9BB2D6
:10E0140044494B834868098989B2CB1A00EB43030E
:10E024003F49C1F82C36C1F830263D4B0022C3F8D5
:10E034000421D3F804210292029A01225A60384B37
:10E04400D3F810317BB1364B0022C3F81021D3F83A
:10E0540010310393039B334B1A7402228DF814205E
:10E064001B6805A898472E4BD3F814314BB32C4AA0
:10E074000023C2F81431D2F814210592059A294AD2
:10E08400137408B010BD00221A74A2E7934208D09A
:10E094009342CAD1234B012283F82F2000225A83B2
:10E0A400C3E72049C9680029F2D01E4B012083F838
:10E0B4002F00002058831A4BC3F82C16C3F83026BF
:10E0C400B3E7184B5C69002CDBD0B4FA84F34FF04F
:10E0D4000042DA4024EA020446339B0003F1804202
:10E0E40002F5E04211680029EDD0002111601268A8
:10E0F4000492049A01228DF81420A3F58C73C3F3BF
:10E10400C7028DF8182013F0040F0CBF01230B462F
:10E114008DF81930034B1B6805A89847D3E700BF57
:10E12400007000409447002070B584B00C46064649
:10E13400002849D0002C4CD0294B93F82C30002BCC
:10E144004CD1274D2C603378264CC4F8F0357378C5
:10E15400C4F8F435F37885F82E30012385F82C3093
:10E1640000232B7485F82D306B6185F82F306FF008
:10E174000042C4F80823C4F80431D4F804210392FB
:10E18400039AC4F80031D4F800210292029AC4F828
:10E194001431D4F814310193019BB1780720FFF7AF
:10E1A400D3FE0720FFF768FE0223C4F8043395F872
:10E1B4002E3013B10122C4F804230A4B0122C3F800
:10E1C4000025002004B070BD0749D82001F0BAFE34
:10E1D400B0E70549D92001F0B5FEADE70820F1E725
:10E1E4009447002000700040648E030038B5054653
:10E1F4000C462D4B93F82C30002B34D0072D38D8F7
:10E204002A4BD3F8F43513F0FF0F04D0264B93F8C0
:10E214002D30002B33D1E379013BDBB20C2B34D806
:10E22400237A0D2B37D8204B1B7C002B39D105F1D9
:10E234000C021D4B03EB42031B792BB91A4A92F8CB
:10E244002D30013382F82D30E27905F10C01164BA3
:10E2540003EB41031A71227A5A7121462846FFF7CB
:10E264003FFE002038BD124940F2251001F06AFE3D
:10E27400C4E70F494FF4937001F064FEC0E70C4902
:10E284004FF4947001F05EFEC5E709494FF49670AF
:10E2940001F058FEC4E706494FF4977001F052FEAE
:10E2A400C1E71120DEE700BF944700200070004062
:10E2B400648E0300404B1B7C002B7AD130B583B0B5
:10E2C4003D4A012414743D4B0325C3F80853C3F895
:10E2D4002C16C3F8304692F82D30A3420DD90022F3
:10E2E40009E0D3B2354951331D0101EB0313002476
:10E2F4005C604C510132072AF3D900F10C022E4B19
:10E3040003EB420319795C792C4B5130020103EB86
:10E3140000104460995001221A605A6042F210734E
:10E32400264AD2F804211AB9013BF9D1002300E0AE
:10E334000123A3B1214B0022C3F80021D3F800111B
:10E3440001910199C3F80421D3F804310093009B8F
:10E35400194B93F82D30012B19D9002215E01849D7
:10E364004FF4D27001F0EEFDE4E702F10C01124B20
:10E3740003EB41031C795D79D3B210495133180181
:10E3840001EB03135D600C500132072AEDD90A4BEF
:10E3940093F82E3043B1094B0322C3F80423002021
:10E3A400054B187403B030BD044B0222C3F8042398
:10E3B400F5E71120704700BF94470020007000402B
:10E3C400648E0300F8B505460E461446414B93F897
:10E3D4002C30002B3BD03F4B1B68002B3DD016F557
:10E3E400006F40DBB4F5006F43DAA64247DAB2B2FD
:10E3F40042EA04422B0103F1804303F5E043C3F8EE
:10E404001C25072D41D86F008021B94016F5006FF7
:10E4140041D0304843697E1C4FF00042F240134320
:10E4240043612D4BC3F80413072D41D84023BB404F
:10E4340040F2FF72944241D0264842694FF00041B5
:10E44400F9400A434261244AC2F80433F8BD23491F
:10E4540040F2692001F076FDBDE7204940F26A20D0
:10E4640001F070FDBBE71D4940F26B2001F06AFD2D
:10E47400B8E71A494FF41B7001F064FDB5E717497A
:10E4840040F26D2001F05EFDB1E7154940F2D6205F
:10E4940001F058FDB7E70F4843697E1C4FF0004276
:10E4A400F24023EA020343610B4BC3F80813BBE7B2
:10E4B4000B4940F2D62001F045FDB7E70548426913
:10E4C4004FF00041F94022EA01024261024AC2F8D7
:10E4D4000833BBE79447002000700040648E0300BB
:10E4E400FC8E030038B5044607282BD81C4B93F840
:10E4F4002C306BB31A4B1B7C83BB04F10C02184BFE
:10E5040003EB42031B792BB1154A92F82D30013BE2
:10E5140082F82D3004F10C02114B03EB4203002569
:10E524001D715D710F4A04F15103190102EB0313CC
:10E534005D60555040F2FF720B492046FFF742FFE1
:10E54400284638BD09494FF4B17001F0FBFCCDE712
:10E55400064940F2631001F0F5FCCBE71120F0E727
:10E56400944700200070004000F8FFFF648E030011
:10E5740010B5244B93F82C309BB1234C6FF000431F
:10E58400C4F808330720FFF785FC0123A36042F297
:10E5940010731D4AD2F814214AB9013BF9D1002362
:10E5A40006E01A4940F2071001F0CCFCE5E701232C
:10E5B40033B10024144BC3F80045124B1C7406E01D
:10E5C40012494FF4887001F0BDFCF2E70134072CC6
:10E5D40012D804F10C020B4B03EB42031B79002B02
:10E5E400F4D0E0B2FFF77EFF0028EFD007494FF4E4
:10E5F4008D7001F0A7FCE9E7024B002283F82C2080
:10E6040010BD00BF9447002000700040648E0300DA
:10E61400002807DB00F01F02400901239340024A4F
:10E6240042F82030704700BF00E100E0002808DB1A
:10E634004901C9B200F1604000F5614080F800135F
:10E64400704700F00F004901C9B2014B19547047DB
:10E6540014ED00E0003A18BF0122022908D0032972
:10E6640009D0012901D142F00202C0F854257047B3
:10E6740042F00402F9E742F00602F6E7430904D047
:10E68400012B0BD14FF6FF7301E04FF0FF3300F085
:10E694001F0023FA00F000F0010070470023F6E7A2
:10E6A40010B504460068FFF7E9FF38B123681F2B53
:10E6B4000AD903F01F032360054810BD05494FF430
:10E6C400F67001F03FFCF1E74FF0A040F5E700BF22
:10E6D400000300508C7A030010B582B00C46019000
:10E6E40001A8FFF7DDFFA400019B03F5E07340F8E8
:10E6F400234002B010BD00B583B0019001A8FFF71C
:10E70400CFFF019B03F5E073032240F8232003B0FD
:10E714005DF804FB00B583B0019001A8FFF7C0FFCA
:10E724000123019A9340C0F80C3503B05DF804FB53
:10E7340000B583B0019001A8FFF7B2FF0123019A4D
:10E744009340C0F8083503B05DF804FB10B582B0FF
:10E754008446106820B100F06044B4F1005F34D105
:10E76400946824B104F06044B4F1005F2DD154687E
:10E77400CCF84405CCF848459068D268CCF8340508
:10E78400CCF838250022CCF81821DCF818210192A5
:10E79400019A13F0010F1DD00122CCF8502513F07B
:10E7A400020F1BD00122CCF8402513F0080F02D130
:10E7B4000122CCF810200A68A2B113F0040022D080
:10E7C4004023CCF80833002002E000234B771020CC
:10E7D40002B010BD0022CCF85025E0E70022CCF8AE
:10E7E4004025E2E7DCF81831002BFBD0C87FFF2876
:10E7F4000DD08B7F1BB1FFF78DFF0020E8E7FFF7FB
:10E8040097FF0020E4E74023CCF80433E0E700203E
:10E81400DEE710B50446C07FFF2803D0A37F53B1C1
:10E82400FFF778FF002363772372204650F8083BF4
:10E834006168984710BDFFF77BFFF3E738B50546DD
:10E844000C468B1EDBB2012B03D94B1FDBB2022B10
:10E8540004D821462846FFF7E9FE38BD02496B205B
:10E8640001F070FBF5E700BF408B0300D0F81831CE
:10E87400B3B110B582B00C460023C0F81831D0F8FB
:10E8840018310193019B0B6823B12046FFF7C1FFA8
:10E8940002B010BD034940F2972001F053FBF4E7A6
:10E8A400704700BF548F030008B502490248FFF7C0
:10E8B400DDFF08BDC44700200030004008B503490F
:10E8C4004FF04020FFF7D2FF08BD00BFE84700200B
:10E8D40008B502490248FFF7C9FF08BD0C480020EB
:10E8E400003002402DE9F04782B006469146984632
:10E8F4000D46002900F08A80347904EBC40353499F
:10E9040001EB83010B7F002B40F099803768504B5B
:10E9140053F824103846FEF769FF8246002840F079
:10E9240091804A4B04EBC40203EB820143F822902A
:10E93400C1F804802B7B012B6DD92878FFF7F8FEF2
:10E944002B78019301A8FFF7ABFE019B03F5E0735D
:10E95400012240F8232095F80180B8F1FF0F5ED121
:10E964004FF0FF39A878FF2861D14FF0FF38A9781C
:10E9740004EBC402354B03EB820383F82010E878E0
:10E98400D877FF280ED02B79002B55D0FFF7C2FE85
:10E99400E878FFF7B0FE297904EBC4022B4B03EBB4
:10E9A400820399772B78C7F80835C7F80C95C7F810
:10E9B4001085AB68C7F824356A7B297B3846FFF796
:10E9C40049FEAB79C7F8C0350723C7F8003504EB17
:10E9D400C4031E4A52F8233053B13068697940F3B6
:10E9E4000730FFF72BFF306840F30730FFF710FEC6
:10E9F400164B04EBC40203EB820200215177134649
:10EA040001221A77504602B0BDE8F0871149AD20C3
:10EA140001F098FA70E72878FFF77CFE90E7C1468A
:10EA24004046FFF777FE4046FFF765FE9AE78046CB
:10EA34000121FFF751FE9AE7FFF77AFEA8E74FF0AE
:10EA4400080ADFE74FF0110ADCE700BFC4470020E3
:10EA540058CF0300548F03002DE9F04106460D46BC
:10EA64009046047904EBC403354F07EB83073B7FDF
:10EA7400002B48D02B68002B4BD0AB68002B51D017
:10EA84003379022B07D8EB68B3F5803F03D26B6868
:10EA9400B3F5803F04D32B494FF40C7001F052FAC4
:10EAA40004EBC402264B03EB82035B7F002B45D1AE
:10EAB4001346234A52F823304BB118F0140F06D1F1
:10EAC40004EBC4021E4B03EB820301225A7704EBCE
:10EAD400C4021B4B03EB820C0CF10C0E95E80F00E7
:10EAE4008EE80F009CF81F00FF2804D09CF81E300D
:10EAF4000BB3FFF71DFE43462A4639463068FFF73D
:10EB040025FEBDE8F0810F4940F22D2001F01AFAEC
:10EB1400B0E76B68002BB0D00A4940F22E2001F018
:10EB240011FAAAE7EB68002BAAD0064940F22F207D
:10EB340001F008FAA4E7FFF7EDFDDCE71120E0E7B8
:10EB4400C4470020548F0300F0B583B005460F4638
:10EB54001646002401E00134E4B2B44215D2A00008
:10EB640000F5A0704FF48033A3402A58002AF2D055
:10EB7400D5F804231342EED000232B502B580193D5
:10EB8400019B3B6879689847E5E703B0F0BD000056
:10EB940008B5042202490348FFF7D6FF08BD00BFA9
:10EBA400304800200080004008B504220249034890
:10EBB400FFF7CAFF08BD00BF3C480020009000409A
:10EBC40008B5042202490348FFF7BEFF08BD00BF91
:10EBD4004848002000A0004008B506220249034826
:10EBE400FFF7B2FF08BD00BF5448002000A0014059
:10EBF40008B5062202490348FFF7A6FF08BD00BF77
:10EC04006048002000B0014082B001238DF8073035
:10EC14009DF80730134B186059609A6044F2010361
:10EC2400984213D044F20203984207D10D4BDA60A4
:10EC3400DA6812689A61DA685268DA6172B69DF825
:10EC44000730002BFBD162B602B07047054B1A6146
:10EC54001A6992685A611A6912689A611A69526843
:10EC6400DA61EBE76C48002000B583B002900091B4
:10EC7400019244F2010071466A4600F003F803B0C1
:10EC840000BD00002DE9F04184B004460E4615464F
:10EC940072B602F0F9FD02F011FC0028FBD144F237
:10ECA40001039C423BD010D8012C1FD041F2010338
:10ECB4009C4250D12E482F4BC01AC00800042E4944
:10ECC40040F0010002F064FD1AE044F202039C42A9
:10ECD40041D12748274BC01AC00800042B686A6832
:10ECE400264940F0010002F063FD09E02048214B71
:10ECF400C01AC0080004224940F0010002F048FD97
:10ED0400204BD3F8F03013F0010F00D000BE2A4698
:10ED140031462046FFF778FF04B0BDE8F081144F78
:10ED2400144BFF1AFF083F0447F00107D5F8088089
:10ED3400404602F055F903466A6829680296019133
:10ED4400009242461049384602F059FD0F493846B0
:10ED540002F01EFDD4E70648064BC01AC0080004A2
:10ED640032460B4940F0010002F018FDC8E700BF2D
:10ED7400E871030098710300389003005C9003006D
:10ED84001890030000ED00E078900300A0900300C9
:10ED9400B490030030B585B04568002D48D00446D2
:10EDA400037B002B46D10260EFF3058323B30023DA
:10EDB4000393009303AB0A460921284607F058FA47
:10EDC400012801D0042036E006F0E6FE02460023C6
:10EDD400009303AB0621284607F04AFA0128F1D133
:10EDE400039B0BB3164B4FF080525A6040BFBFF3E6
:10EDF4004F8FBFF36F8F17E00223009300230A465F
:10EE04000421284607F034FA012801D0042012E036
:10EE140006F0BCFE0246022300930023012128468B
:10EE240007F026FA012808D101232373002002E009
:10EE3400082000E0002005B030BD0420FBE700BF3F
:10EE440000ED00E010B584B00446406830B3EFF341
:10EE54000583B3B100220392009203AB082107F0AB
:10EE640007FA01280BD1039BA3B10E4B4FF080523C
:10EE74005A6040BFBFF34F8FBFF36F8F0AE0042087
:10EE84000AE00223009300231A46032107F0F0F955
:10EE9400012805D10020207304B010BD0820FBE731
:10EEA4000420F9E700ED00E0EFF3108272B6114B95
:10EEB4009B68CBB930B40F4901238B600E4BD3F858
:10EEC40080400E4D2C400C60C3F88050D3F8844031
:10EED4004C604FF0FF31C3F884100023037002B973
:10EEE40062B6002030BC70470123037002B962B6D9
:10EEF400002070478C48002000E100E0FC06FFBDC4
:10EF0400094B9B686BB160B9EFF3108172B6064B85
:10EF14001868064A10605868506000229A6001B967
:10EF240062B60020704700BF8C48002000E100E07A
:10EF3400EFF30583C3F308033BB9EFF3148313F032
:10EF4400010F0CBF01200020704701207047000012
:10EF540010B50446FFF7ECFF012803D12046FFF764
:10EF6400A3FF10BD0249432000F0ECFFF6E700BF09
:10EF7400CC90030010B50446FFF7DAFF012803D153
:10EF84002046FFF7BDFF10BD0249512000F0DAFF13
:10EF9400F6E700BFCC90030038B50546002402E034
:10EFA400284698470134032C05D8034B53F82430E2
:10EFB400002BF5D1F6E738BD0C4900200378013B5E
:10EFC400052B34D8DFE803F0030611202931002390
:10EFD4000B70704701230B7003898B818388CB816D
:10EFE400C3688B6000230B74704702230B70038982
:10EFF4008B818388CB81C3688B60837D062B14BF90
:10F00400002301230B74704703230B70C3888B8187
:10F014000389CB81C3688B60704704230B70C3885A
:10F024008B810023CB818B60704705230B70704765
:10F03400884207D20368B3F1FF3F01D00120704733
:10F0440000207047002070474388033300EB83009F
:10F05400704738B504460D46FFF7F6FF85420CD3DA
:10F06400A2884FF6FF739A4209D023884BB1A36854
:10F07400B3F1FF3F07D0002038BD0220FCE7012098
:10F08400FAE70120F8E70120F6E7000060B10A4A38
:10F09400D26882420AD8084A1269824208D310F020
:10F0A400030F07D1012070470020704700207047EC
:10F0B4000020704700207047082B00200A4A00EB0C
:10F0C400800302EB83031B890B4400EB800002EBFB
:10F0D4008002528912FA83F080B2B0F5806F8CBF3F
:10F0E40000200120704700BFD0480020002301E029
:10F0F40001339BB2012B0ED803EB830C074A02EBBE
:10F104008C0252688A42F3D202F580528A42EFD9C5
:10F1140003800020704748F209607047D0480020FF
:10F124008B7D022B04D90389CA88134403330381DA
:10F134004389CA889B1A033B43817047F8B503305F
:10F1440086B240F2FE339E4225D80D46002401E0EB
:10F154000134A4B2012C1BD804EB84030F4A12F827
:10F164002330002BF4D131462046FFF7A7FF0028B7
:10F17400EED02C80094B04EB840203EB820252890B
:10F1840004EB840703EB870332445A81002001E037
:10F1940048F20660F8BD48F20860FBE7D04800205A
:10F1A400064A01EB810302EB83035B8901EB8101D6
:10F1B40002EB81021B1A033B53817047D0480020A5
:10F1C400F8B50E4600EB8000134B03EB80035C683C
:10F1D40004F580550868A0B1FFF736FF04462946B8
:10F1E4002046FFF725FF074698B129462046FFF73A
:10F1F40030FF012807D002280AD00028EFD134605C
:10F2040007E00834EBE72046FFF71EFF0446E6E775
:10F2140000273846F8BD00BFD048002030B583B081
:10F2240005460C464068FFF731FF20B12A89174B89
:10F234001B899A4218D0002323802388012B23D8CA
:10F244000023019301A92088FFF7BAFF0146B8B152
:10F25400019B2A6898689042F4D16B600B4B1B8920
:10F264002B81084603B030BD2A6869688B689A42CE
:10F27400E1D12046FFF73AFFB0FA80F14909F0E7FF
:10F28400238801332380D8E70021EAE7B848002027
:10F29400F8B51C461F4B1B78002B34D005460F468F
:10F2A4001646002A32D03CB948F2046027E0002315
:10F2B4002360A3880133A380A388012B20D803EB08
:10F2C4008303154A12F82330002BF2D12146A0887B
:10F2D400FFF776FF0028EAD023681DB199882A88B1
:10F2E4009142F3D11FB119883A889142EED19B68BB
:10F2F400336023687360094B1B8933810020F8BD98
:10F3040048F20960FBE748F20160F8E748F204605C
:10F31400F5E700BF20490020D0480020B84800206D
:10F324000B4A1389013313810023538013730CE0B8
:10F3340003EB83018A0007498A5CB2FA82F252091C
:10F34400034919448A7201339BB2012BF0D97047E7
:10F35400B8480020D048002000B58646002301E0CC
:10F3640001339BB2012B19D80E4A1A44927A002A0F
:10F37400F6D00C4A1A440021917203EB83010A4A25
:10F3840002EB8102D268002AEAD1074A02EB810229
:10F39400107C0028E4D0AEF8003000E000205DF8D6
:10F3A40004FB00BFB8480020D0480020044B5B6831
:10F3B4005B880333034A918811FA83F3938070477F
:10F3C400B8480020C848002030B40E4804680E4BEA
:10F3D4005B880E4903EB830C4FEA8C020A445568A0
:10F3E40005605460B0F804C0A2F808C0022282800C
:10F3F40003EB830303FA02F2114400230B7430BCC1
:10F40400704700BFC8480020B8480020D0480020FA
:10F4140008B5124B1B78072B0AD8DFE803F0040960
:10F42400090A1016161AFFF77BFF0C4B01221A70FB
:10F4340008BDFFF7BBFF094B02221A70F8E7FFF77C
:10F44400C3FF064B06221A70F2E7044B07221A7018
:10F45400EEE7024B01221A70EAE700BFB848002029
:10F4640008B50146014800F0EBFD08BDF84800204E
:10F4740008B5064B05221A70054902238B80002328
:10F4840001220968034801F0A9FA08BDB848002020
:10F49400C8480020082B002008B50D4B5B8803EBFF
:10F4A40083010C4A02EB8102D26872B9084A042132
:10F4B400117003EB8303074901EB8301002301224D
:10F4C4004968054801F08AFA08BDFFF7D1FFFBE758
:10F4D400B8480020D0480020082B002000B583B095
:10F4E400002300930823044A04490968044801F0EE
:10F4F400A5F903B05DF804FB70CF0300C8480020F1
:10F50400082B002008B5044B07221A7000225A6009
:10F51400FFF7E4FF08BD00BFB848002000B583B082
:10F524000146002300930823034A044801F086F9A6
:10F5340003B05DF804FB00BF68CF0300082B002074
:10F5440038B530B90B79032B62D8DFE803F0081E15
:10F554003843324B00225A604FF4064005E0012341
:10F564000B71FFF7BBFF002852D138BD0A4603EBED
:10F57400830189000020505403EB830302EB8302D0
:10F584005068FFF7CBFF01230FE00023012B09D8BC
:10F5940003EB8302224911F82220022AE6D0013328
:10F5A4009BB2F3E7002348F20E60002BDBD11B4B28
:10F5B40001221A7000225A6041F61D50D5E700233B
:10F5C4000B71184902228A8001220968164801F049
:10F5D40005FAC8E74FF0000C81F804C0134B5B88B0
:10F5E400104908680E4C03EB830204EB8202556851
:10F5F4000D605060B1F804E0A2F808E002228A80AD
:10F6040003EB8303934004F803C0FFF787FFAAE7E3
:10F61400024B00225A6048F20D60A6E72049002000
:10F62400D0480020C8480020082B0020B8480020FB
:10F6340008B5064B06221A705B8803EB83039A0015
:10F64400034B13445868FFF769FF08BDB84800200E
:10F65400D048002000B583B00223837500230093B3
:10F664000423C218044801F0E9F810B903B05DF8A6
:10F6740004FB48F20D60F9E7082B002000B583B0C5
:10F68400036973B10323837500230093042300F1FA
:10F694000C020831054801F0D1F820B903B05DF837
:10F6A40004FB0123EFE748F20D60F7E7082B002085
:10F6B40000B583B001238375C388002200929B00A8
:10F6C40002690C31044801F0B9F810B903B05DF8CF
:10F6D40004FB48F20D60F9E7082B002000B583B065
:10F6E4000378032B0ED00623837500230093042391
:10F6F40000F108021944064801F0A0F820B903B04B
:10F704005DF804FB0523EFE748F20D60F7E700BF5F
:10F71400082B002010B582B00C460023009304236C
:10F72400084A0146084801F089F840B904EB84040A
:10F73400064B03EB840301221A7402B010BD48F295
:10F744000D60FAE764CF0300082B0020D0480020A6
:10F7540070B50C468B8A03EB83022B4E06EB8206B4
:10F7640088B9294A03EB830102EB81014D680B89B7
:10F7740005EB8305A37D062B0BD8DFE803F0162EDB
:10F7840022280D343E003046FFF7CAFC4FF40645EC
:10F7940015E048F20E650EE01C4800234360A3699F
:10F7A40003601B49FFF73AFD50B329462046FFF793
:10F7B40051FF05461DB121463046FFF7B1FC2846EE
:10F7C40070BD29462046FFF759FF0546F2E7294652
:10F7D4002046FFF76DFF0546ECE729462046FFF774
:10F7E4007DFF0546E6E70623A375094B1988074BF9
:10F7F4005868FFF78FFF0546DCE741F61D55DAE749
:10F8040048F20965DBE700BFD0480020A448002087
:10F81400A048002010B584B004460023009301934F
:10F824000293C36800930DF10E016846FFF7F6FCDE
:10F8340018B948F2096004B010BD01988388E380C8
:10F8440003882381BDF80E10FFF764FFF3E700007F
:10F8540000B583B00B4842680B4B1968B3F804C079
:10F86400538803339BB24FF0030E80F800E000206E
:10F8740000909B0001EB8C01044800F0DFFF03B013
:10F884005DF804FBB8480020C8480020082B00207D
:10F8940008B5064931F8020CFFF792FC10B1FFF7E6
:10F8A400D7FF08BDFFF7F8FDFBE700BFBC48002009
:10F8B40008B50748FFF750FD10B1FFF7E9FF08BD91
:10F8C400044B00221A705A805A6041F61D50F6E724
:10F8D400BA480020B848002030BB08B5154B1B7B44
:10F8E4006BB1144B00221A73124B1B78013B062B8D
:10F8F4001DD8DFE803F0070A0D101C131600FFF7EC
:10F9040087FDF1E7FFF7D4FF08BDFFF7C1FFFBE771
:10F91400FFF79EFFF8E7FFF7BFFDF5E7FFF788FE67
:10F92400F2E7FFF7EFFDEFE74FF40640704748F2C8
:10F934000E60E9E7B848002000B585B0094B01AA7C
:10F9440000210630FFF7A4FC38B9064B99880298C9
:10F95400FFF7E0FE05B05DF804FB024B00221A60DD
:10F964005A60F7E798480020B0B908B50B79012B25
:10F9740008D0022B13D0ABB902230B710846FFF752
:10F9840049FF0EE00846FFF7D7FF48F209639842A3
:10F9940007D141F61D5004E04FF40640704741F68C
:10F9A4001D5008BD48F20E60FBE7000008B5014693
:10F9B400014800F051FB08BDF848002008B5084B89
:10F9C4001B683BB10121064800F001FC003818BF58
:10F9D400012008BD03494FF4247000F0B3FAF1E7A5
:10F9E4001C4900206C91030010B586B004462CE03D
:10F9F4002E48FFF735FD2E4B18602AE02D494FF4B1
:10FA0400B46000F09FFA28E02046FFF799FD002833
:10FA140049D000230193029303930493059341F681
:10FA24001D5398423DD00290214C01A92068FFF754
:10FA3400C5FA01A8FFF7B0FA002323601B48FFF7BB
:10FA4400B5FFFFF7BBFF70B30024194B1B68002BF5
:10FA5400CED0174B1B68002BD0D0154B19680B78F0
:10FA6400013B052B1AD801A252F823F00DFA02002B
:10FA740089FA020089FA020091FA020091FA02005E
:10FA840099FA02002046FFF763FEC0E72046FFF71D
:10FA94006BFFBCE72046FFF71FFFB8E748F20E6094
:10FAA400B7E70020BFE706B010BD00BFB048002094
:10FAB400B44800206C91030008B54068FFF794FF38
:10FAC40008BD000008B50121014800F075FB08BD20
:10FAD4000849002008B50146054800F09AFA0022BA
:10FAE400026042608260C26002614261826108BD5C
:10FAF400F848002008B50146014800F096FA08BD10
:10FB0400F848002008B50121034800F04AFB00B181
:10FB140008BDFFF769FFFBE71C4900202DE9F0430E
:10FB240083B00C463849097800295DD005469846CB
:10FB3400002C5CD021884FF6FF7399425AD0638819
:10FB4400002B5AD0676817F0030759D1002A33D025
:10FB54001388ADF80630B2F802906846FFF7BAFF92
:10FB64000646002833D080F8008000238375BDF852
:10FB74000630838263680361FFF7A4FFF060238883
:10FB840033816388B380A6F80690B8F1030F26D0BA
:10FB9400002373816846FFF7ADFF3DB100236B601E
:10FBA400F2682A60AB72194B1B892B81FFF7AAFFFD
:10FBB400384603B0BDE8F083B4F808900DF10601AF
:10FBC4004846FFF7BBFA0028C7D00746F0E7BDF860
:10FBD40006104846FFF7E4FA48F20767E8E704230B
:10FBE400B3752B68B361D3E748F20167E0E748F2E5
:10FBF4000467DDE748F20367DAE748F20367D7E70B
:10FC040048F20267D4E700BF20490020B84800202A
:10FC140010B370B582B00C46054601B30DF1060170
:10FC2400FFF7FCFA18B948F2096002B070BD6E68BB
:10FC3400BDF8063003EB830080000830094B1844FC
:10FC44000121043000F0B8FA26606B680C3363605D
:10FC54000123AB720020E8E748F20460704748F2E1
:10FC64000460E2E7D0480020F8B110B582B0044641
:10FC74000DF10601FFF7D2FAD0B1BDF8063003EB5F
:10FC84008301104A02EB8102D268AAB1A27AB2B10E
:10FC94000C4A02EB8101C968013903EB830302EBCF
:10FCA4008302D1600020A07204E048F2046070472F
:10FCB40048F2096002B010BD48F20560FAE748F264
:10FCC4000560F7E7D048002008B502230022FFF7BB
:10FCD40025FF08BD28B108B503230022FFF71EFF46
:10FCE40008BD48F204607047114B1B78BBB110B5D6
:10FCF40082B004464FF6FF73984213D001A8FFF771
:10FD0400E9FE90B10522027001220271C48001A8AB
:10FD1400FFF7F0FEFFF7F6FE002002B010BD48F238
:10FD24000160704748F20360F7E748F20760F4E7C0
:10FD34002049002000B583B0ADF80600ADF80410EA
:10FD440001A90DF10600FFF7A3FA03B05DF804FB67
:10FD540000B583B01346ADF806000A460DF106015E
:10FD64000020FFF795FA03B05DF804FB00B583B0FB
:10FD74001346ADF806000A4600210DF10600FFF710
:10FD840087FA03B05DF804FB20B131B103680B605E
:10FD94000020704748F20460704748F204607047DE
:10FDA4001EF0040F1CBFEFF309800AE0EFF3088094
:10FDB4000549064A884201D8904202D88D464FF040
:10FDC4000000034B184700000000042000F8032043
:10FDD40005FE0200BFF34F8F0549CA6802F4E062D2
:10FDE400044B1343CB60BFF34F8F00BFFDE700BF4D
:10FDF40000ED00E00400FA0508B5FFF7EBFF000092
:10FE040070B582B0064601F03FFD01F057FB0028B3
:10FE1400FBD1404B9D6A26B33F4C404BE41AE408A7
:10FE2400240444F00104B2693D49204601F0B6FCC3
:10FE3400B368F268019200937368326839492046C6
:10FE440001F0CEFCF36900937369326936492046A8
:10FE540001F0B9FC2F4BDB6A13F0020F0CD1002424
:10FE640020E02D482D4BC01AC00800042F4940F053
:10FE7400010001F08DFCEDE72748284BC01AC008AB
:10FE840000042B4940F0010001F082FCE7E722481E
:10FE9400224BC01AC0080004264940F0010001F0BA
:10FEA4007DFC0134192C09D80123A3402B42F8D03E
:10FEB400214B53F82420002AE9D1F2E715F0800FF2
:10FEC4000ED115F4004F18D1124BD3F8F03013F0C3
:10FED400010F00D000BE3046FFF78EFF02B070BDA8
:10FEE4000D480E4BC01AC00800040A4B5A6B134944
:10FEF40040F0010001F052FCE3E70748074BC01A49
:10FF0400C0080004034B9A6B0D4940F0010001F056
:10FF140045FCD9E700ED00E0087203009871030086
:10FF24000092030018920300509203007892030099
:10FF3400AC920300F092030078CF0300FC9203001C
:10FF44001C93030000B583B0009001916A46002120
:10FF540044F20200FEF796FE03B05DF804FB82B0A3
:10FF640050E8013F1FFA83FCC28994448289944576
:10FF740028BFACEB020C0289944502BFBFF32F8F5C
:10FF8400002007E0CCEA030C40E801C2002AE7D1D4
:10FF94004FF001008DF807000093009B0B609DF863
:10FFA400070002B0704750E8012FC2EA024240E85D
:10FFB4000123002BF7D1704782B050E8023F1FFAAB
:10FFC400A3FCC288944502BFBFF32F8F00200EE02C
:10FFD400C28994448289944528BFACEB020CC3EADD
:10FFE4000C4C40E802C2002AE7D14FF001008DF822
:0CFFF40007000093009B0B609DF80700C5
:020000023000CC
:1000000002B0704750E8022FC2EA224240E80223C1
:10001000002BF7D1704738B505460C46FFF7A1FF16
:1000200018B128682388184438BD0020FCE708B5BB
:100030000A884B889A4201D0002008BDFFF7B5FF1F
:100040000120FAE738B505460C46FFF7B7FF18B1AF
:1000500028686388184438BD0020FCE708B50A8882
:100060004B889A4201D0002008BDFFF7CBFF01204A
:10007000FAE708B54B0901F01F01012202FA01F16C
:1000800000EB830000F06EF808BD10B54B0901F0DD
:100090001F040121A14000EB830000F058F8E0406C
:1000A00000F0010010BD08B54A0901F01F0101234D
:1000B00003FA01F1C94300EB820000F069F808BDC2
:1000C0004B0950F8230001F01F01C84000F0010067
:1000D00070472DE9F04106460F46002518E0202321
:1000E00000E020231F2B12D803EB4514A7420ED9A2
:1000F00021463046FFF7C9FFE0B1D8F80030DB43B6
:1001000093FAA3F3002BECD0B3FA83F3EAE70135BB
:100110007B1E5B090133AB420BD906EB850856F811
:100120002530DB4393FAA3F3002BD8D0B3FA83F343
:10013000D8E73C462046BDE8F081034653E8000F6F
:100140000A4643E8002C9CF0000FF7D170470346A5
:1001500053E8000F40EA010243E8002C9CF0000F36
:10016000F6D17047034653E8002F42EA010043E806
:10017000000C9CF0000FF6D17047034653E8000FC7
:1001800000EA010243E8002C9CF0000FF6D1704712
:10019000034653E8002F02EA010043E8000C9CF0FC
:1001A000000FF6D17047034653E8000F00EB010241
:1001B00043E8002C9CF0000FF6D17047034653E84B
:1001C000002F02EB010043E8000C9CF0000FF6D179
:1001D0007047034653E8002FA2EB010043E8000CF0
:1001E0009CF0000FF6D1704708B50121FFF7BAFF68
:1001F00008BD08B50021FFF7C0FF08BD38B50C46A3
:10020000054620B1EB68288A00FB043038BD02495E
:10021000E820FFF799FEF5E71898030038B50C467B
:10022000054630B1EB68E01A2B8AB0FBF3F0C0B2A0
:1002300038BD0249F520FFF787FEF3E71898030061
:1002400000283DD010B50446036873B163688BB1D4
:10025000A368ABB1E368CBB1238AEBB1A268636852
:10026000D21AD2B221680B6022E01649FF20FFF7B4
:100270006BFEEBE713494FF48070FFF765FEE7E78D
:10028000104940F20110FFF75FFEE3E70D494FF41C
:100290008170FFF759FEDFE70A4940F20310FFF7CC
:1002A00053FEDBE721680A68501C086013701A4689
:1002B000531EDBB2002AF5D123680020187110BD4F
:1002C0000E2070471898030030B583B00446E8B19B
:1002D00000238DF807300DF10700FEF73BFE226882
:1002E000136861688B4217D9591E116013F8011CFD
:1002F0002046FFF783FF0546A368226811685B1A52
:10030000DBB21179994208D2137106E006494FF425
:100310009270FFF719FEDBE700259DF80700FEF756
:100320002BFE284603B030BD1898030070B582B08C
:100330000C460646B0B1DCB100238DF807300DF154
:100340000700FEF707FE33681D686A1C1A60214625
:100350003046FFF763FF28709DF80700FEF70CFE9C
:1003600002B070BD054940F24710FFF7EDFDE2E72E
:1003700002494FF4A470FFF7E7FDDDE7189803008A
:1003800010B5044640B1A2682AB1636921682069AA
:1003900098470023A36010BD02493120FFF7D4FD28
:1003A000F1E700BFB49803000EB430B582B0059DEC
:1003B0000446A0B16369BBB12368D3B16368EBB1F4
:1003C00045B10023019306AB019301AA29462046BB
:1003D00000F026F902B0BDE8304003B070470A498A
:1003E0004220FFF7B1FDE5E707494320FFF7ACFDE9
:1003F000E2E705494420FFF7A7FDDFE70249452072
:10040000FFF7A2FDDCE700BFB498030038B504464F
:100410000D460A2909D02268A368591CA160D55449
:10042000A26863689A4204D238BD0D21FFF7EEFF3F
:10043000F1E72046FFF7A4FFF6E700002DE9F84FAB
:1004400082460F4615461E46DDF828900B9A0B464D
:100450004FF0010803E0B3FBF5F308F10108AB42EC
:10046000F9D2B04500D2B04612F0010B13D1B9F168
:10047000000F10D012F0020F0FD086B1202405E03B
:1004800009F1FF3921465046FFF7C0FFB9F1000FCF
:1004900001D0C145F4D8012406E02024F6E7302439
:1004A000F4E7013E05FB04F4012EFAD8B7FBF4F3A0
:1004B0009D42F7D9B7FBF4F304FB13770E4AD15CE6
:1004C0005046FFF7A3FF2346B4FBF5F4AB42F1D24D
:1004D000BBF1000F02D0B9F1000F07D1BDE8F88FD2
:1004E00009F1FF3920215046FFF790FFB9F1000FC5
:1004F000F4D0C145F4D8F1E7E0CF03002DE9F0478F
:1005000082B080460F46144699460A9EDDF82CA01C
:1005100081EAE17CACEBE17C012502E09CFBF4FC90
:1005200001356445FADD4D4500D24D462EB1002F10
:1005300002DB1AF0040F00D0013E1AF0020F02D0C5
:10054000B9F1000F03D01AF0010F00D1CEB9002F7E
:100550001CDB1AF0040F1FD10AF00303022B20D07A
:10056000CDF804A000964B46224639464046FFF798
:1005700065FF02B0BDE8F087013E20214046FFF74D
:1005800045FF002EE3D0AE42F6D8E0E77F422D21B2
:100590004046FFF73BFFDFE72B214046FFF736FFE2
:1005A000DAE7B9F1000FDBD12EB9D9E7013E3021EE
:1005B0004046FFF72BFF002ED2D0AE42F6D8CFE751
:1005C000F8B506460C46154613F001070ED1E1B109
:1005D000084606F00CFD074617E0013401373046A7
:1005E000FFF714FF21780029F7D106E00027F9E78B
:1005F000013D20213046FFF709FFBD42F8D8F8BD84
:10060000013D20213046FFF701FFBD42F8D803E04D
:1006100001343046FFF7FAFE21780029F8D1EEE7E1
:10062000F0B583B00C461646054648B16B696BB110
:100630002B688BB16B68ABB1002C40F08B80DAE09B
:10064000704940F25220FFF77FFCEFE76D494FF40D
:100650001570FFF779FCEBE76A4940F25520FFF788
:1006600073FCE7E7674940F25620FFF76DFCE3E7CC
:100670000027012303E047F00107013483B121780B
:100680002D29F8D0302903D02B2905D00023F5E7F8
:1006900047F002070134F1E747F004070134EDE7C2
:1006A00000222A290CD02178A1F13000C0B20928FB
:1006B0000CD8013402EB820201EB4202303AF0E73F
:1006C0003368191D31601B681A44013423782E2BBE
:1006D00002D00023217811E0013400232178A1F118
:1006E0003000C0B20928F5D8013403EB830301EBD5
:1006F0004301A1F13003F1E714F8011F6C29FBD08D
:100700006829F9D025296FD020D378291ED85829F7
:100710001CD35839202919D8DFE801F03C181818E3
:100720001818181818181811261818181826181834
:100730001818181850181847183118183C00336842
:100740001A1D326019782846FFF760FE01342378BD
:10075000002B4ED014F8011B00294AD0252987D040
:100760002846FFF753FEF2E73168081D306009683C
:10077000019700920A222846FFF7C0FEE6E731689B
:10078000081D30600968019700920A222846FFF789
:1007900055FEDBE73168081D30600968019700925B
:1007A00010222846FFF74AFED0E731680B1D336060
:1007B0003B4609682846FFF703FFC7E733681A1D61
:1007C00032601F6830212846FFF720FE7821284636
:1007D000FFF71CFE002301930823009310223946E3
:1007E0002846FFF72BFEB1E725212846FFF70EFE2E
:1007F000ACE72B7B0BB903B0F0BD2846FFF7C0FD7B
:10080000F9E700BF48990300C3688B4206D811443A
:1008100001390369994203D90020704700207047CD
:100820000120704710F0030F0CBF0120002070471B
:1008300043681B68013B0B420CBF0120002070473E
:100840002DE9F04182B0002831D00E4615461C46F5
:100850000746002A3BD0D0F80080B8F1000F46D000
:10086000002B54D043685A68B4FBF2F302FB1343E5
:10087000002B5CD10846FFF7D5FF002867D028463B
:10088000FFF7D0FF002872D0224631463846FFF7E6
:10089000BBFF00287BD0D8F80C80089B0093234630
:1008A0002A4631463846C04702B0BDE8F08140488C
:1008B000404BC01AC00800040E2400943E4B3F4A2F
:1008C0003F4940F0010000F080FF2046ECE7384847
:1008D000384BC01AC00800040E240094364B394A25
:1008E000374940F0010000F070FF2046DCE7304857
:1008F000304BC01AC0080004082400942E4B324A22
:100900002F4940F0010000F060FF2046CCE7284866
:10091000284BC01AC008000409240094264B2B4A17
:10092000274940F0010000F050FF2046BCE7204876
:10093000204BC01AC0080004092400941E4B244A0E
:100940001F4940F0010000F040FF2046ACE7184886
:10095000184BC01AC008000410240094164B1D4AFE
:10096000174940F0010000F030FF20469CE7104896
:10097000104BC01AC0080004102400940E4B164AF5
:100980000F4940F0010000F020FF20468CE70848A6
:10099000084BC01AC008000410240094064B0F4AEC
:1009A000074940F0010000F010FF20467CE700BF3F
:1009B000187203009871030004D00300E09903004B
:1009C000E8990300749A03001C9A0300309A03000C
:1009D0007C9A0300A89A0300C09A0300E49A0300DB
:1009E0002DE9F04182B0F0B1884614461F46054615
:1009F000066846B3002A36D0FFF71AFF002842D017
:100A00006B681A6804FB02F241462846FFF7FCFEB9
:100A1000002848D036693B46224641462846B04722
:100A200002B0BDE8F0812848284BC01AC008000475
:100A30000E240094264B274A274940F0010000F07D
:100A4000C4FE2046ECE72048204BC01AC008000432
:100A5000082400941E4B214A1F4940F0010000F079
:100A6000B4FE2046DCE71848184BC01AC008000442
:100A700009240094164B1A4A174940F0010000F06F
:100A8000A4FE2046CCE71048104BC01AC008000452
:100A9000102400940E4B134A0F4940F0010000F05F
:100AA00094FE2046BCE70848084BC01AC008000462
:100AB00010240094064B0C4A074940F0010000F056
:100AC00084FE2046ACE700BF187203009871030053
:100AD000F0CF0300E0990300E89903001C9A03009B
:100AE000309A03000C9B0300349B030029DF7047FE
:100AF00028DF704703689B68002B28D000B587B0BB
:100B000000230093019302930393049305930191AF
:100B100083680593037953B1012B11D102238DF81A
:100B20000030C3681B0302934369049308E0012368
:100B30008DF8003003690293C368039343690493FB
:100B400003689B686846984707B05DF804FB7047E8
:100B500010B542698369D21AB2F5805F28BF4FF49D
:100B6000805292080469C168012A38BF01221944E1
:100B70001819FFF7BBFF10BD08B5C2680069104423
:100B8000FFF7B6FF08BD0000114B0022DA600379C1
:100B90001BB1012B0FD01046704742698369D11AEF
:100BA000B1F5805F94BF5B1803F5805383619A426F
:100BB00009D0002070470369013303614269934201
:100BC00003D000207047012070470120704700BF0C
:100BD00030490020064AD3680133D360082B01D87E
:100BE0000020704713460022DA600120704700BFE2
:100BF00030490020034B01225A74187AB0FA80F071
:100C0000400970473049002008B502490248FFF703
:100C100025FA08BD284900204449002008B50549A7
:100C20000548FFF70FFA054B1860003818BF012080
:100C300008BD00BF28490020444900202C4900205D
:100C400008B51A4B1B7AA3B1184B02221A72184B23
:100C500018680379ABB1012B1CD00321144B186821
:100C6000FFF748FF114B00221A725A60FFF7CCFFC2
:100C700008BDFFF7D3FF0028E6D10C4B00225A60D5
:100C8000F6E7FFF765FF40B11128E6D1074B0122D7
:100C90001A72EDE7FFF770FFF5E7044B1B7C002BA2
:100CA000E6D10021022000F005F8E1E730490020FC
:100CB0002C490020831E012B2DD810B50446164B5D
:100CC0001B7A53B1022B03D1022807D0032818D076
:100CD000114B5B7CE3B9FFF7B3FF10BD0F4B1868F6
:100CE000FFF752FF0028F3D00B4B00221A720B4B78
:100CF0001868022C0AD00D21FFF7FCFEFFF784FFD5
:100D0000E6E7064B1868FFF765FFEBE71146F3E7E8
:100D100001F0D0F9E1E77047304900202C4900206C
:100D2000012802D0032800D0704708B5054B0022E7
:100D30005A74012814BF002001201874FFF780FFA7
:100D400008BD00BF304900202DE9F04F83B0884630
:100D500001929B469DF830900446D0B1B4F806A0AD
:100D6000637903FB0AFAAAF1040ADA4516D9E7887F
:100D70000BF10403B3FBF7F607FB1633019A156872
:100D800005EB0B02524501D9AAEB0B05019A156040
:100D90000BE01949B620FFF7D7F8DFE71649C42062
:100DA000FFF7D2F8E3E72468013E002EFBD1A7EB62
:100DB000030AAA4528BFAA46B3460DE0524601469B
:100DC000184606F02BF92468A5EB0A05D344BA4669
:100DD000AF4228BFAA4633465DB108EB0B0023445F
:100DE0000433B9F1000FE9D05246194606F016F95E
:100DF000E9E703B0BDE8F08F949B030008B5FFF767
:100E00001FFA08BDF8B501464679701E0A46002350
:100E100001E0126801338342FBD31768002405E028
:100E20000D683846FFF782FA01342946A642F7D802
:100E3000F8BD2DE9F8430746048A231F19440331FE
:100E4000B1FBF3F8FFF740FA0646F8B1002505714B
:100E500001234371043CC4805FFA88F808F1FF382D
:100E600007608146454511D23846FFF72DFA044602
:100E700040B1737901337371C9F80000076001351F
:100E80008146EFE73046FFF7BDFF26463046BDE816
:100E9000F88308B501210430FFF790F908BD10B5BB
:100EA000044601210430FFF794F910F0FF0F00D041
:100EB00010BD2046FFF7A6FFFAE7000010B584B08A
:100EC000144603920022009203AAFFF73DFF039B02
:100ED000A34201D104B010BD0249F620FFF734F857
:100EE000F8E700BF949B030010B584B0144603924A
:100EF0000122009203AAFFF727FF039BA34201D11F
:100F000004B010BD02494FF48070FFF71DF8F7E7F9
:100F1000949B030082680023936082681361826857
:100F200053618268D360826853608268136070473F
:100F300038B50C46054638B15CB12C6023686B604F
:100F4000626893420AD038BD06495020FEF7FCFF84
:100F5000F2E704495120FEF7F7FFEEE700236B604C
:100F6000F1E700BF309C030010B5044658B1236878
:100F700073B1636833B1226891680B44636052684F
:100F800093420AD010BD06496320FEF7DDFFEEE76D
:100F900003496420FEF7D8FFEBE700236360F1E725
:100FA000309C03000E49A1F59472914215D9A1EB32
:100FB000020C4FEADC7303EBEC035B1002EBC30C97
:100FC00052F83330834201D96146EEE702D20CF188
:100FD0000802EAE7DCF8040070470020704700BF11
:100FE00040D1030008B5FFF7DDFF00B108BD01489F
:100FF000FCE700BF40D103007047704700B583B0E5
:10100000044B00934FF48063034A00F033F803B0BD
:101010005DF804FB1D100300544900200AB3F8B525
:101020000F4614460326002503E00E4B01221A70DA
:10103000B4B122467919002000F04EFE0544241A6E
:101040000028F2D1074B1B7853B1074B4FF47A407D
:1010500043F001039847013EE7D1024B00221A708A
:10106000F8BD7047544D002060D1030008B500F072
:101070008DFE08BDF0B595B00E4615461C460846D7
:10108000FFF707FF0E950F94002310938DF844305F
:1010900012931A9A1392082208A93046FFF724FFE8
:1010A0000A9B0B93BDF82430ADF83030BDF82630E4
:1010B000ADF8323001238DF835309DF8203003F043
:1010C0000303012B06D0022B21D03046FFF7E7FEA9
:1010D00015B0F0BD089DC5F395259DF82030C3F3EC
:1010E000C2038DF83430BDF82040C4F383140823C4
:1010F000A2000DEB03013046FFF7F6FE0EAB0093A6
:101100000BAB224602A9284600F034FCDDE7BDF80F
:101110002250C5F389159DF82030C3F3C2038DF822
:10112000343008272C46082D28BF08243B46224689
:1011300002A93046FFF7D8FE27442D1B0EAB0BAAA1
:10114000214602A800F078FC002DEBD1BDE700009D
:1011500008B5FFF78BFF0421064800F077FB002855
:1011600003DB054B01225A7108BD04494120FEF7FB
:10117000EBFEF6E780720300382B0020D0A00300BE
:10118000037813F0040F19D003F00303012B03D0ED
:10119000022B0AD0012070470388C3F383130A6827
:1011A000134402330B60012070474388C3F3891353
:1011B0000A68134402330B60012070470020704717
:1011C000002002E001238BB9013009280CDC084B18
:1011D000D3F81034002BF5D0DB681A79824201D0A5
:1011E0001B68F7E70023EEE74FF0FF30704700BFC2
:1011F000584D002010B584B02D4C2046FEF7F4FF6A
:10120000201FFEF7F1FFA4F58364A3680393DBB20C
:10121000023304EB8304201D06E09DF80C300233FA
:10122000244800EB8300043003A9FFF7A9FF00283E
:10123000F3D100220BE0039B591C0391DBB2023374
:101240001C4901EB83035B684DF822300132012A0F
:10125000F1D99DF8003003F00303012B16D0022BC7
:101260001ED1BDF80640BDF80230C3F38913033325
:10127000039A02EB930203920F48FEF7BAFF10B1F4
:101280000C4B039A9A60204604B010BDBDF806408E
:10129000BDF80020C2F38312039B13440393EBE7D2
:1012A00006494FF4C270FEF74FFE0024E4E700BF8A
:1012B00070510020584D00206C5100208CA103007B
:1012C000F0B583B006460C461746851C00238DF802
:1012D00007300DF10700FDF73DFE1E4B5A682260F6
:1012E0009B689B1A03F5807311E01B4C012120467B
:1012F000FEF764FFFFF77EFF01462046FEF75EFF24
:10130000A4F21C44A36862689B1A03F58073AB4285
:10131000EBD30022B7B1012363F3010242F00402D0
:1013200066F389120B484168CBB2023300EB8303AA
:101330005A60294441609DF80700FDF71DFE012019
:1013400003B0F0BD022363F3010242F0040266F32E
:101350009F52E7E7584D00207451002010B5074B0D
:1013600001221A700648FFF749FD044608B12046DD
:1013700010BD0448FFF7CEFDF9E700BF584D00202F
:101380008471030074D103000248034BC01AC008E3
:10139000704700BF807203009871030099B110B5C7
:1013A0000446FFF7F1FF002383420AD2074A32F8CE
:1013B00023102268914201D00133F5E72360002019
:1013C00000E0052010BD0020704700BF1C2B00204E
:1013D0002DE9F04706460F4690461D46DDF8209061
:1013E000040C00211A48FEF7A8FE80F3100AFFF74C
:1013F000CBFFA04225D96B1C03EA090344EA0A4249
:10140000144C023304EB83035A6005EA09050235E4
:1014100004EB85031A7966F3C5021A719A8868F39A
:1014200089129A805A6867F39F225A601A790121BB
:1014300061F301021A71D2B222F004021A71BDE8FE
:10144000F087054940F2A910FEF77EFDD3E700BF03
:1014500074510020584D00208CA1030000B583B0CA
:10146000019001A8FFF79AFF30B9019A034B53F896
:10147000320003B05DF804FB0020FAE79871030026
:10148000094B03EBC0030139032909D8DFE801F058
:10149000020A04060220704718797047587970478D
:1014A000002070470420704798710300034B986830
:1014B0005B68984214BF002001207047584D0020FF
:1014C0002DE9F04186B0FFF7F1FF002840F01F81C1
:1014D000044690480023C0F81834BFF34F8F836848
:1014E0000593DBB2023300EB8300043005E0DBB28E
:1014F0000233884800EB8300043005A9FFF740FE63
:1015000030B3844BD3F8183423BB824B5A68059B05
:101510009A42ECD87F4B9A60F5E0059B591C0591E7
:10152000DBB202337B4901EB8303596802AB43F81A
:1015300022100132012AF0D99DF8083003F003038C
:10154000022B09D0012B6DD0724BD3F81044C9E0A7
:101550000022EFE70022EDE7BDF80A30C3F3891659
:10156000B046502E28BF4FF0500868F38F13ADF8E7
:101570000A3008F108016848FFF75BFC05460028BF
:10158000E2D0FFF786FC002308220DEB020128467B
:10159000FFF794FC0599CB43DBB201339F00B8EB16
:1015A000830F33D91FBB5FFA88F700245B49A0463D
:1015B00008233A462846FFF781FC07F1080324B1C7
:1015C000424621462846FFF779FC0336059B03EB8C
:1015D00096030593002DB7D04E4BD3F81044D3F8A3
:1015E0001834002B57D02846FFF759FC86E0C9B2C3
:1015F0000231484C04EB81010431FFB25FFA88F8F4
:10160000A8EB07085FFA88F80C34D1E7CBB20233B5
:10161000404901EB83010823424604312846FFF785
:101620004DFCD2E7BDF80820C2F38313062B28BF78
:10163000062363F38912ADF8082002339900364877
:10164000FFF7F7FB054600283FF47EAFFFF721FCCC
:10165000002308220DEB02012846FFF72FFC00248F
:1016600008260FE0059B5A1C0592DBB2023329497C
:1016700001EB83013346042211442846FFF71EFC88
:1016800004360134BDF80830C3F38313A342E9D80C
:10169000A0E7E3681C684CB1E3685B79002BF8D0E5
:1016A00023681B68294620469847F2E72846FFF73B
:1016B000F6FB00238DF807300DF10700FDF74AFC1B
:1016C000144BD3F8183413B9124B059A9A609DF84D
:1016D0000700FDF751FC11E023689B6820469847FE
:1016E000E3681C68002CF7D10D480E4BC01AC008E7
:1016F00000040D4940F0020000F04CF8FFF7D6FE60
:1017000080F00104E4B2204606B0BDE8F081002478
:10171000F9E700BF584D002084710300644D00209C
:10172000E87103009871030030A203002DE9F04135
:1017300084B00746884616461D46012203A918466E
:10174000FFF7BEFDC8B1039B991C4FF0000C0BE0E6
:10175000CAB202320E4C04EB820E56F82C20CEF8A0
:1017600004200CF1010C0131AC45F1D3FF220092B1
:101770002A4641463846FFF72BFE054B1B781BB126
:10178000FFF79EFE0028FBD104B0BDE8F08100BF4A
:10179000584D002008B500231A46FFF7C7FF08BDC3
:1017A00000B583B00192012301AAFFF7BFFF03B088
:1017B0005DF804FB00B583B00092019302236A46F2
:1017C000FFF7B4FF03B05DF804FB00B585B00192EC
:1017D0000293069B0393032301AAFFF7A7FF05B01B
:1017E0005DF804FB00B585B000920193069B02935F
:1017F000079B039304236A46FFF798FF05B05DF843
:1018000004FB00B587B001920293089B0393099BE8
:1018100004930A9B0593052301AAFFF787FF07B0EE
:101820005DF804FB00B587B000920193089B02931A
:10183000099B03930A9B04930B9B059306236A461B
:10184000FFF774FF07B05DF804FB000010B5044615
:10185000FFF7B6FCB0F1FF3F0ED0E36818710A4BFA
:10186000D3F810344BB1DA68E36812681A60064B9B
:10187000D3F81034DB681C6010BD034BC3F8104470
:10188000E36800221A60F7E7584D002010B5094BB5
:10189000D3F8104401221A7008E0E36801225A715B
:1018A00023685B6820469847E3681C68002CF4D1E5
:1018B00010BD00BF584D002070B582B004460D46E3
:1018C000C388A3B9217A05290FD0637ABBB9227ADC
:1018D000104B53F822600021A088FFF7BFFD03469C
:1018E00032460D492846FEF75FFD02B070BD0B4A37
:1018F00000920B4A0B492846FEF756FDE2E7A08806
:10190000FFF7BEFD084B53F8202008492846FEF794
:101910004BFDDCE7A4D1030074A2030068A203001E
:1019200048A2030050A2030080D1030070A203006C
:1019300010B50C46037A052B0FD0437A3BB90A4900
:101940002046FEF731FD2046FEF71AFD10BD074A7E
:1019500007492046FEF728FDF1E7002AF3D00249A7
:101960002046FEF721FDEEE74C7A030068A2030053
:1019700070A203002DE9F04385B081460D469046E4
:101980001E460C9C277B0023237321463046FFF71D
:1019900093FFB8F1060F09D8DFE808F00411171E0D
:1019A00027323F0049462046FEF7FEFC0022214632
:1019B0003046FFF7BDFF277305B0BDE8F0832A6806
:1019C00049462046FEF7F0FCF0E76B682A68494676
:1019D0002046FEF7E9FCE9E7AB6800936B682A68EC
:1019E00049462046FEF7E0FCE0E7EB680193AB6870
:1019F00000936B682A6849462046FEF7D5FCD5E778
:101A00002B690293EB680193AB6800936B682A68BB
:101A100049462046FEF7C8FCC8E76B6903932B696B
:101A20000293EB680193AB6800936B682A684946A0
:101A30002046FEF7B9FCB9E7082900D970472DE91F
:101A4000F04707460E4690461D4693F80C9000243A
:101A50001C7319461046FFF72FFF04E01C49284667
:101A6000FEF7A2FC0134072C07D8B442F6D23A5D47
:101A700018492846FEF798FCF4E717492846FEF770
:101A800093FC002407E04FF02E0A524613492846E3
:101A9000FEF78AFC0134072C11D8B4420AD2385D13
:101AA0007E28F0D8824604F04BFF0028EDD14FF09D
:101AB0002E0AEAE70A492846FEF776FCEAE7012201
:101AC00029464046FFF734FF85F80C90BDE8F087C3
:101AD00088A2030080A203008CA2030090A203004E
:101AE00094A203000369C268934204D881688A1AE9
:101AF0001344581E7047981A013870472DE9F8436F
:101B0000044688461646C5688768A7EB05099145CF
:101B100007D94068284405F081FA3544E560BDE8FE
:101B2000F88340684A46284405F078FAED1B3544AE
:101B30002A4608EB0901606805F070FAE560EEE7F7
:101B40002DE9F843064688461746C5684FF0000958
:101B500018E05B1B5A1EB3685C1B944228BF1446F6
:101B6000BC4228BF3C46706822464146284405F0E6
:101B700055FAA144A0443F1B2544B368AB4209D0A9
:101B8000F5604FB133699D42E3D3B2685B1B1A44E1
:101B9000013AE0E70025F3E74846BDE8F883000096
:101BA000124B02221A615A6111499961114ADA6194
:101BB0004FF400721A6200229A625A62DA629964E1
:101BC0000D49D964102119659A655A65DA650B4A81
:101BD0001068C3F807000A4A92E803001860998069
:101BE000090C997120229A71704700BFF0540020AF
:101BF000E8A20300F0520020E0520020F4A203000B
:101C0000F8A203002DE9F047044688469146244B8C
:101C10001B78C3B104EB4402214B03EBC2039F6D5D
:101C20005D6DAF4212D80026ED1B4D4528BF4D46D5
:101C30003DBB2EB104EB4404194B03EBC4039F6579
:101C40003046BDE8F087FFF7ABFFE3E71346144AE1
:101C500002EBC30ADAF85060F61B4E4528BF4E4629
:101C6000DAF84C1032463944404605F0D7F9B04412
:101C7000A9EB06093744DAF85030BB42D4D100272B
:101C8000D2E704EB4402064B03EBC203D96C2A46AD
:101C90003944404605F0C2F92E442F44C9E700BF3D
:101CA000F054002070B582B004460D46164600235D
:101CB0008DF807300DF10700FDF74CF93246294643
:101CC0002046FFF79FFF04469DF80700FDF754F9F3
:101CD000204602B070BD0000F8B50F461646441C01
:101CE00004EB4404164B03EBC40400EB400003EB8D
:101CF000C003DD6A012D0ED0022D1AD0F5B92046A1
:101D0000FFF7F0FE864212D8324639462046FFF7EA
:101D1000F5FE35460BE02046FFF7E4FE35468642E9
:101D200028BF05462A4639462046FFF7E7FE2846E3
:101D3000F8BD2046FFF704FF0546F8E70025F6E763
:101D4000F054002000B583B001220DF107010020FE
:101D5000FFF7A8FF012804D19DF8070003B05DF844
:101D600004FB4FF0FF30F9E708B5074B1B7833B1A0
:101D7000054B9A6D5B6D934204D0012008BDFFF7BF
:101D80000FFFF5E70020F9E7F054002008B5FFF752
:101D900007FF08BD002807DB00F01F0240090123F0
:101DA0009340024A42F82030704700BF00E100E053
:101DB00000280CDB00F01F02400901239340203073
:101DC000034A42F82030BFF34F8FBFF36F8F704745
:101DD00000E100E0002807DB00F1604000F5614011
:101DE00090F800034009704700F00F00014B185CA9
:101DF0004009704714ED00E010DF704711DF7047B5
:101E00001F2808DD3F280CDC20380123834014BF45
:101E1000012000207047044B23FA00F000F001007D
:101E200070470120704700BFFC06FFBD38B504466F
:101E3000FFF7E6FFE8B12046FFF7CCFF07281CD8E4
:101E4000EC23034113F0010F1AD00F4B9D6865B1CD
:101E50006009194653F8203004F01F040122A24003
:101E6000134341F82030002505E02046FFF792FF9C
:101E700001E042F20105284638BD42F20205FAE7C8
:101E800042F20205F7E700BF8C48002038B504464F
:101E9000FFF7B6FFA8B10C4B9D6875B160091946F4
:101EA00053F8203004F01F040122A24023EA020369
:101EB00041F820300025284638BD2046FFF778FF3E
:101EC000F9E742F20105F6E78C48002070B582B0D0
:101ED0000646154D154BED1AED082D0445F0040589
:101EE000024613492846FFF75BFC12496846FFF794
:101EF0001FF807E0224610492846FFF751FC6846C4
:101F0000FFF732F8019C64B1236861683046984756
:101F10000028EFD1224609492846FFF741FC11204D
:101F200000E0002002B070BD207203009871030031
:101F300000A30300D0D1030018A3030038A30300BB
:101F400010B582B004460E480E4BC01AC0080004FB
:101F500022460D4940F00400FFF722FC0B49684679
:101F6000FEF7E6FF06E01A68596820469047684683
:101F7000FEF7FAFF019B002BF5D102B010BD00BFA8
:101F800020720300987103005CA30300C4D1030016
:101F900008B51620FFF74AFF00B908BD024AA12183
:101FA000FCF764FEF9E700BF74A3030008B5162030
:101FB000FFF76CFF00B908BD024AAD21FCF756FEE1
:101FC000F9E700BF74A3030010B582B01B4B1B7868
:101FD00073BB1B4B01221A700020FFF777FF1128FB
:101FE0002AD00020FFF7ACFF164B1B68019300239B
:101FF0008DF803300DF10300FCF7ACFF124901A886
:10200000FFF7FAFE0446B0FA80F040090B4B187057
:102010009DF80300FCF7B0FF5CB90023084A137079
:102020000A4A1370FFF7B4FF0120FFF789FF00E0B1
:102030000824204602B010BD0024FAE76A550020AB
:1020400068550020DCD1030089EC020069550020AE
:1020500030B583B0154B1B7813B30120144B1870A7
:10206000FFF734FF11281FD00220FFF769FF00257A
:102070008DF807500DF10700FCF76CFFFFF7BEFE6F
:1020800004460A4B1D709DF80700FCF775FF44B924
:10209000074B1D70FFF78AFF0320FFF751FF00E099
:1020A0000824204603B030BD0024FAE76A5500201A
:1020B0006855002008B5074B1B7843B1064B1B78C9
:1020C00013B1FFF7C5FF08BDFFF77EFFFBE7082050
:1020D000F9E700BF685500206A550020014B1878C9
:1020E000704700BF6A55002000B583B008496846B4
:1020F000FEF71EFF05E01A68586890476846FEF72D
:1021000033FF019B002BF6D103B05DF804FB00BF49
:10211000B8D1030008B5FFF7E7FF08BD60DF7047DF
:1021200069DF704761DF70474FF08053D3F80C01CF
:10213000800200F100507047164B1B7843B300B586
:10214000ADF5017D09E01A68596803A8904701A818
:10215000FEF70AFF029B002BF5D14FF4FA73ADF89E
:1021600002300DF1020103A8FFF7DCFF20B90A4994
:1021700001A8FEF7DDFEEDE7052803D10DF5017D91
:102180005DF804FB054A40F23B11FCF76FFDF5E7F3
:10219000704700BF6B550020E0D1030018A4030076
:1021A00018B1034A0260002070470E20704700BF3C
:1021B000082B0020F0B585B005460C460846FFF711
:1021C000EFFF064610B1304605B0F0BD0023019385
:1021D000029303938DF8045001238DF806300623F3
:1021E000ADF80830226801A92020FFF799FF0028E8
:1021F00058D1002301930293039301238DF80530F6
:10220000226801A94020FFF78BFF002858D1002346
:102210000193029303938DF80450F723ADF8063031
:10222000226801A92320FFF77BFF002856D1002355
:1022300001930293039303238DF80430226801A9CC
:102240000120FFF76DFF002856D100230193029370
:1022500003934FF4B0630193226801A9A120FFF713
:102260005FFF002856D100230193029303939DF84A
:10227000043043F001038DF80430226801A9A02046
:10228000FFF74EFF00289ED0294C2A4AA41AE408E2
:102290002404FEF7A7FE0246274944F00100FFF799
:1022A0007FFA90E7224F234ABF1AFF083F04FEF748
:1022B00099FE0246214947F00100FFF771FA98E7BD
:1022C0001B4F1C4ABF1AFF083F04FEF78BFE024655
:1022D0001B4947F00100FFF763FA98E7144D154AD0
:1022E000AD1AED082D04FEF77DFE0246154945F0B6
:1022F0000100FFF755FA9AE70D4D0E4AAD1AED08A9
:102300002D04FEF76FFE02460F4945F00100FFF76E
:1023100047FA9AE7064D074AAD1AED082D04FEF775
:1023200061FE0246094945F00100FFF739FA9AE7D4
:10233000287203009871030034A60300B8A40300B8
:1023400000A503004CA5030094A50300E0A503002D
:10235000F8B504460768FFF7E1FE05462368BB426F
:1023600005D8F5B9164B01221A702846F8BD154E4E
:10237000154BF61AF608360446F0020613493046A5
:10238000FFF708FA23683A4611493046FFF712FA78
:10239000FFF7CAFE2268821A0E493046FFF700FA9C
:1023A000DFE7084C084BE41AE40824042846FEF74B
:1023B00019FE0246084944F00100FFF7F1F9D4E79D
:1023C0006B550020287203009871030088A6030053
:1023D000B8A60300ECA6030018A703004BDF704764
:1023E00000B585B009E01A6859680198904702A8BD
:1023F000FEF7BAFD039B002BF5D101A8FFF7EEFF16
:1024000078B90D480D4BC01AC0080004019A0C4958
:1024100040F00400FFF7C4F90A4902A8FEF788FD5E
:10242000E8E7052802D105B05DF804FB064A6B21F8
:10243000FCF71CFCF7E700BF307203009871030043
:1024400044A70300ECD1030058A70300FEE7704740
:10245000704738B50C464568284600F059F8E1B297
:10246000022906D004290BD141682846F5F783FFDD
:1024700006E000F087F8002203210846F5F714FF74
:1024800038BD08B500F0A8F808BD38B50C46456859
:10249000284600F03DF8E1B2062906D0072908D108
:1024A00001682846F5F767FF03E001682846F5F75D
:1024B00062FF38BD08B500F0BDF808BD02460C4902
:1024C00042F8141B426000228260C260094A026125
:1024D000094A0260094A426180610949C1610949AA
:1024E000416102624062084A8262084A02627047A1
:1024F000F8CD030004A8030028D20300E4CD0300B4
:1025000014A8030000D203009081030014D203003A
:10251000034600F114020248026020334360704712
:102520006C55002008B50948094BC01AC0080004C2
:10253000084940F00400FFF72DF90748F5F7B7FF09
:10254000002207210320F5F7AFFE08BDE871030064
:10255000987103001CA803007455002000B583B0D7
:10256000054B0093002342F2107204490448F5F72A
:102570002DFF03B05DF804FB2525030034A80300FC
:102580007455002008B50248F6F706F908BD00BFEB
:1025900061270300014B1860704700BF402B0020EB
:1025A00008B50848084BC01AC0080004074940F0A5
:1025B0000400FFF7EFF8064B19680648F5F733FFFC
:1025C00008BD00BFE87103009871030044A8030030
:1025D000402B00207455002008B50748074BC01A4F
:1025E000C0080004064940F00400FFF7D3F8F6F7EE
:1025F00057F8FFF7D5FF08BDE87103009871030095
:10260000CC78030008B50748074BC01AC00800047F
:10261000064940F00400FFF7BDF80548F5F71EFF36
:1026200008BD00BFE8710300987103005CA80300B7
:102630007455002008B50748074BC01AC0080004AD
:10264000064940F00400FFF7A5F8F6F749F8FFF750
:10265000D9FF08BDE87103009871030074A8030056
:1026600008B5114682189378D27843EA02231BB248
:1026700013F5716F00D008BD01F10C03C35C03F0CA
:10268000010C224A82F800C0C3F3400C82F801C05A
:10269000C3F3800C82F802C0C3F3C00C82F803C0FD
:1026A000C3F3001C82F804C0C3F3401C82F805C0C9
:1026B000C3F3801393710844437A03EB83035B00F5
:1026C0001381837A03EB83035B005381C37A03EBAB
:1026D00083035B00938143794FF0640C0CFB03F39D
:1026E00081790CFB01F143EA01431361002353613B
:1026F00007490B6801330B6008210320F5F7EAFD59
:10270000044B19680448F5F7B7FEB4E7AC55002050
:10271000A8550020402B002074550020F8B507462E
:102720000E46002503E02C44A4B20134A5B2B54204
:102730000FD22B467C5D64B12A19B24209DA01330B
:10274000FB5CFF2BEFD12A4631463846FFF788FF66
:10275000E9E7F8BD08B501790068FFF7DFFF08BDBC
:1027600008B50378042B13D8DFE803F013121E29F1
:1027700003001548154BC01AC0080004144940F066
:102780000400FFF707F8002207210320F5F78CFD6E
:1027900008BD0D480D4BC01AC00800040D4940F09B
:1027A0000400FEF7F7FFF3E70748084BC01AC0081C
:1027B0000004094940F00400FEF7ECFFE8E7406838
:1027C000FFF7C8FFE4E700BFE8710300987103005A
:1027D00084A8030094A80300A4A8030008B5FFF789
:1027E000BDFE08BD70B505460C46164600F022F841
:1027F0003246214600F05EF821462846F5F780FD76
:1028000070BD000010B50446F5F734FD014B2360A0
:10281000204610BD34D2030010B50446FFF7F2FF86
:1028200004F15C00F5F73FFC04F6EC10FFF746FE00
:10283000204610BD08B50A4B1B68BFF35B8F13F031
:10284000010F01D0074808BD054804F049FC0028E5
:10285000F8D00448FFF7E0FF014804F055FCF1E729
:10286000E4550020E855002038B504460D4B0E4ACB
:102870009B1ADB081B040D4943F00300FEF78AFF97
:1028800004F15C050A4A05212846F5F721FC2A4691
:1028900003212046F5F7F6FC04F6EC10F5F77FFD72
:1028A00038BD00BFE871030098710300BCA80300A5
:1028B000D8A8030008B500F6EC10F5F754FD08BDE4
:1028C00008B5C06800F0CAFA0548064BC01AC0082F
:1028D0000004054940F00400FEF75CFF08BD00BF9E
:1028E000E871030098710300DCA80300F8B50D46F9
:1028F0004668284C284BE41AE408240444F00404F5
:1029000026492046FEF746FF304600F099F9074673
:10291000E9B20D2939D8DFE801F0070C3811383851
:10292000161B24383829382E1D492046FEF732FF61
:10293000F8BD1C492046FEF72DFFF9E741683046F7
:10294000F5F719FDF4E718492046FEF723FFEFE7F6
:1029500016492046FEF71EFF39683046F5F70BFD95
:10296000E6E713492046FEF715FFE1E71149204647
:10297000FEF710FFDCE710492046FEF70BFF0022B0
:1029800004210846F5F790FCD2E70C495520FDF7E5
:10299000DBFACDE7E87103009871030008A9030092
:1029A00040A9030064A9030084A90300C8A9030087
:1029B00008AA030044AA03008CAA0300CCAA0300BF
:1029C00008B5C06800F062FA0548064BC01AC00896
:1029D0000004054940F00400FEF7DCFE08BD00BF1E
:1029E000E87103009871030058AB030008B5C06894
:1029F00000F004FA0548064BC01AC0080004054957
:102A000040F00400FEF7C6FE08BD00BFE8710300F9
:102A10009871030084AB030070B50D4646681E4CE8
:102A20001E4BE41AE408240444F004041C49204624
:102A3000FEF7B0FE304600F003F9E9B20D2926D8C2
:102A4000DFE801F0070C250B112516252525252586
:102A5000251B14492046FEF79DFE70BD12492046F5
:102A6000FEF798FEF9E701683046F5F784FCF4E7D5
:102A700081683046F5F77FFCEFE70C492046FEF70A
:102A800089FE002204210846F5F70EFCE5E7084917
:102A90004920FDF759FAE0E7E87103009871030057
:102AA000A8AB030040A9030064A90300D8AB03004E
:102AB00010AC030008B5C06800F0B8F90548064B33
:102AC000C01AC0080004054940F00400FEF762FE89
:102AD00008BD00BFE87103009871030090AC0300CB
:102AE00008B50548054BC01AC0080004044940F069
:102AF0000400FEF74FFE08BDE87103009871030063
:102B0000B0AC030008B50548054BC01AC008000466
:102B1000044940F00400FEF73DFE08BDE8710300E3
:102B200098710300D0AC0300F8B505460F4646681F
:102B30001C4C1D4BE41AE408240444F004041B4913
:102B40002046FEF727FE304600F07AF8F9B20B294E
:102B500023D8DFE801F0060B10180A221D220A0A0A
:102B6000220A13492046FEF715FEF8BD11492046FA
:102B7000FEF710FEF9E7E86800F02AF90E49204652
:102B8000FEF708FEF1E741683046F5F7F4FBECE7A5
:102B900081683046F5F7EFFBE7E708495220FDF77B
:102BA000D3F9E2E7E871030098710300F0AC030089
:102BB00040A9030064A9030018AD030038AD030069
:102BC00038B504460346144A43F8142B43600023E7
:102BD0008360C360114B0361114B0360114D45616C
:102BE0008061114BC361114B436100F04BF82062CF
:102BF0006562A4620E4BE3620E4B636200F042F822
:102C000020636563A4630C4BE3630C4B636300F0C8
:102C100039F82064204638BDF8CD0300B8AD030074
:102C20007CD20300E4CD0300BCAD030068D20300F6
:102C3000C4AD030054D20300CCAD030040D2030066
:102C4000034600F114020448026003F124024260CA
:102C500034338360704700BF0060002010B5044625
:102C600014234360092383601523C3601623036183
:102C70000A234361022383611C30F5F7A9FC204637
:102C800010BD000008B50A4B1B68BFF35B8F13F043
:102C9000010F01D0074808BD054804F021FA0028BB
:102CA000F8D00448FFF7DAFF014804F02DFAF1E705
:102CB0000C600020106000202DE9F04399B005461B
:102CC0003C483D4BC01AC00800043C4940F0040099
:102CD000FEF760FD12AB0024129413941494159423
:102CE000169417940127139714976A68129218AADA
:102CF00012E903008DE803000FCBF6F709F821462F
:102D00006868F5F7E4FF0CAB0C940D940E940F94E7
:102D1000109411940D970E97AA680C9210AA92E83D
:102D200003008DE803000FCBF5F7F2FF2146A868FA
:102D3000F5F7CDFF224BD3F80080ADF82C804FEA99
:102D400018498DF82E9003268DF82D601D4B0B9A97
:102D50003146E868F5F7F9FFADF828808DF82A903C
:102D60008DF82960184B0A9A31462869F5F7EDFF6E
:102D7000ADF824808DF826908DF82560134B099AC4
:102D800031466869F5F7E1FF03AB039404940594B9
:102D900006940794089405970696AA69039207AAD1
:102DA00092E803008DE803000FCBF5F7B1FF19B0EF
:102DB000BDE8F083E871030098710300E0AD030003
:102DC00080D20300252F0300792F0300C12F0300B9
:102DD00010B50446064B074A9B1ADB081B0406493C
:102DE00043F00400FEF7D6FC2046FFF765FF10BD58
:102DF000E871030098710300FCAD030010B50446B0
:102E0000074B084A9B1ADB081B04074943F00400E0
:102E1000FEF7C0FC01216068F5F759FF10BD00BF47
:102E2000E87103009871030010AE030010B504466A
:102E3000074B084A9B1ADB081B04074943F00400B0
:102E4000FEF7A8FC00216068F5F741FF10BD00BF48
:102E5000E87103009871030034AE030010B5044616
:102E6000074B084A9B1ADB081B04074943F0040080
:102E7000FEF790FC0121A068F5F729FF10BD00BF07
:102E8000E87103009871030058AE030010B50446C2
:102E9000074B084A9B1ADB081B04074943F0040050
:102EA000FEF778FC0021A068F5F711FF10BD00BF08
:102EB000E8710300987103007CAE030008B51C3074
:102EC000F5F7CCFB0548064BC01AC00800040549BD
:102ED00040F00400FEF75EFC08BD00BFE87103008F
:102EE00098710300A0AE030010B504460A4B0B4ACC
:102EF0009B1ADB081B040A4943F00400FEF74AFC56
:102F0000E068F5F7DFFE012800D010BD00220B219C
:102F10000420F5F7C9F9F8E7E87103009871030098
:102F2000C0AE030008B5FFF7ADFEFFF7DDFF08BD3B
:102F300010B504460D4B0E4A9B1ADB081B040D49C5
:102F400043F00400FEF726FC2069F5F7BBFE0128DC
:102F500005D0002208210420F5F7A6F910BD0022B3
:102F600007210420F5F7A0F9F8E700BFE871030096
:102F700098710300F4AE030008B5FFF783FEFFF776
:102F8000D7FF08BD10B504460A4B0B4A9B1ADB0855
:102F90001B040A4943F00400FEF7FCFB6069F5F7E7
:102FA00091FE00B110BD002209210420F5F77CF943
:102FB000F8E700BFE87103009871030020AF030039
:102FC00008B5FFF75FFEFFF7DDFF08BD38B50C461B
:102FD00015460848084BC01AC0080004074940F0CD
:102FE0000400FEF7D7FB00F023F82A46214600F044
:102FF0004FF838BDE87103009871030050AF03002B
:1030000010B50446F5F736F9014B2360204610BD94
:103010008CD2030010B50446FFF7F2FF04F15C0008
:10302000F5F741F804F6EC10FFF7CAFD204610BD95
:1030300008B50A4B1B68BFF35B8F13F0010F01D07B
:10304000074808BD054804F04BF80028F8D00448AC
:10305000FFF7E0FF014804F057F8F1E79060002027
:103060009460002038B5044600F15C05074A012150
:103070002846F5F72DF82A4604212046F5F702F9EF
:1030800004F6EC10F5F78BF938BD00BFB8AD0300BE
:1030900008B500F6EC10F5F766F908BD00B583B089
:1030A000054B00930123642204490548F5F78EF986
:1030B00003B05DF804FB00BFAD36030068AF03004A
:1030C000C46A002038B50E48F5F79AF90D4C0E4B3E
:1030D000E41AE408240444F002040C4D2946204676
:1030E000FEF758FB0A492046FEF754FB09492046E3
:1030F000FEF750FB29462046FEF74CFB38BD00BFCB
:10310000C46A0020E87103009871030074AF0300E3
:10311000ACAF0300E0AF030008B50F4B1B787BB9E1
:10312000002212210120F5F7BFF80C480C4BC01A01
:10313000C00800040B4940F00200FEF72BFB08BD5D
:103140000648074BC01AC0080004074940F00200B7
:10315000FEF720FBF3E700BF006B0020E8710300DF
:103160009871030048B0030024B0030008B50F4B6A
:103170001B787BB1002203210120F5F795F80C485C
:103180000C4BC01AC00800040B4940F00200FEF7C7
:1031900001FB08BD0648074BC01AC00800040749D8
:1031A00040F00200FEF7F6FAF3E700BF006B0020E4
:1031B000E8710300987103008CB003006CB0030049
:1031C00010B500230A4A13700A4A13600A4A1370A2
:1031D0000A4C0B4BE41AE408240444F002040949A5
:1031E0002046FEF7D7FA08492046FEF7D3FA10BD6D
:1031F000006B0020FC6A0020F86A0020E8710300E0
:1032000098710300A8B00300F4B0030038B5044679
:1032100001F0A0F9A04219D3204601F0D9FB1448CF
:10322000144BC01AC008000440F0020022460C2CC7
:103230001BD804EB840404EB8404A3009BB203F5C5
:10324000C8739BB20C49FEF7B5FA38BD054608486D
:10325000084BC01AC00800042B462246074940F01C
:103260000200FEF7A7FA2C46D6E74FF4C863E9E759
:10327000E87103009871030060B1030030B10300EE
:1032800038B50446134B1D7801F064F9002C08DBB7
:10329000002C01DD854211D22819C0B2FFF7B6FF1C
:1032A00038BD002DF4D10C480C4BC01AC0080004E6
:1032B0000B4940F00200FEF76DFAF1E7064B074AB2
:1032C0009B1ADB081B040246064943F00200FEF786
:1032D00067FAE5E7482B0020E871030098710300C6
:1032E00080B10300A8B1030010B50022032104201F
:1032F000F4F7DAFF002203210220F4F7D5FF0422BD
:1033000010210220F4F7D0FF0F4C22780E2102206A
:10331000F4F7CAFF0D480E4BC01AC008000440F075
:10332000020022780C2A0BD802EB820101EB81010A
:103330008B0003F5C8739BB20649FEF73BFA10BD3C
:103340004FF4C863F8E700BF482B0020E871030082
:1033500098710300D0B1030008B504220F210220A8
:10336000F4F7A2FF0548064BC01AC008000405493F
:1033700040F00200FEF70EFA08BD00BFE87103003E
:103380009871030004B2030030B585B0124B1B687E
:10339000B3B11248124BC01AC0080004114A137985
:1033A000917994785579039502940191009353781B
:1033B00012780D4940F00200FEF734FA05B030BD36
:1033C0000648074BC01AC0080004084940F0020034
:1033D000FEF7E0F9F2E700BFA8550020E87103000E
:1033E00098710300AC55002058B2030024B20300CA
:1033F00010B50A4C0A4BE41AE408240444F0020411
:1034000008492046FEF7C6F907492046FEF7C2F9EB
:1034100006492046FEF7BEF910BD00BFE871030063
:1034200098710300BCB20300F4B2030030B3030090
:1034300038B5134B01221A700023124A1360124A46
:103440001370124C124BE41AE408240444F00204F2
:10345000104D29462046FEF79DF90F492046FEF7FC
:1034600099F90E492046FEF795F90D492046FEF7D9
:1034700091F929462046FEF78DF9FFF7B9FF38BDCF
:10348000006B0020FC6A0020F86A0020E87103004D
:103490009871030074AF030060B3030084B30300AA
:1034A000B8B303002DE9F04182B0364B1E78364B9D
:1034B0001F78364C364BE41AE408240444F0020426
:1034C00034492046FEF766F9334B1B78002B44D075
:1034D000324D334B1B78002B41D0DFF8F880F4F7E6
:1034E000D9FC00F6EC10F4F76DFF0190009743460D
:1034F0002A462C492046FEF775F90C2E32D806EBE9
:10350000860505EB8505AD0005F5C875ADB201F082
:1035100021F800902B46324623492046FEF755F904
:10352000224B1B78224A126801920093214B1B7890
:10353000214A127821492046FEF754F9FFF724FF6B
:10354000154B1B78D3B11E4B1A681E4B9A420CD8F0
:10355000C2F5122202F5F86208E01B4DB9E7DFF868
:103560007880BCE74FF4C865D1E70022174BA3FB76
:103570000232920916492046FEF712F902B0BDE860
:10358000F08100BF482B0020B5710020E8710300D6
:1035900098710300F4B30300006B002010B4030023
:1035A000B471002028B403005CB40300AE710020A5
:1035B000A8550020462B0020472B002084B4030090
:1035C000FC6A0020BF27090018B40300D34D621025
:1035D000C8B4030020B4030024B4030008B56D2868
:1035E0000CD006D83F280CD068280DD1FFF700FF7B
:1035F00006E06E2808D1FFF7B9FD01E0FFF78CFD6A
:1036000008BDFFF74FFFFBE7234B1B78BBB17328C7
:103610002FD020D82D2827D03D2821D02B281FD0CF
:10362000A0F13003DBB2092B26D9A0F16103DBB294
:10363000022B25D85738C0B2FFF7E8FDE0E7174B5B
:10364000174A9B1ADB081B040246164943F0020086
:10365000FEF7A6F8D4E77828E2D1FFF77DFECFE7A2
:103660000120FFF70DFECBE74FF0FF30FFF708FE1C
:10367000C6E7FFF739FEC3E71846FFF7C7FDBFE708
:10368000064B074A9B1ADB081B040246064943F017
:103690000200FEF785F8B3E7006B0020E871030035
:1036A00098710300ECB403002CB5030010B502E0E0
:1036B000E0B2FFF793FFFEF757FBB8B1FEF742FB0E
:1036C000041E13DB194B00221A60194B1B78002BC8
:1036D000EED0174B1A701748174BC01AC0080004D9
:1036E000164940F00200FEF755F8E1E7144B1B784D
:1036F0004BB10F4B1B7833B90C4A1368643313601A
:10370000104A934200D810BD094B01221A70094893
:10371000094BC01AC00800040B4A0C4940F00100D4
:10372000FEF73EF8FFF718FEEDE700BFFC6A002049
:10373000F86A0020E87103009871030060B5030087
:10374000006B0020BF270900C0270900A4B50300B3
:1037500008B5FFF7A3FC08BD08B50548054BC01A1E
:10376000C0080004044940F00400FEF713F808BD47
:10377000E871030098710300E8B5030010B5044632
:10378000064B074A9B1ADB081B04064943F004005A
:10379000FEF700F8E06800F0A5FC10BDE87103003A
:1037A000987103000CB603002DE9F04705468846E2
:1037B00016464768484C494BE41AE408240444F090
:1037C000040947494846FDF7E5FF384600F05CF933
:1037D00082465FFA88F111290ED8DFE801F0090F5F
:1037E0000D14190D1E27303A0D473F4C565F697373
:1037F0003C494846FDF7CEFFBDE8F0873A494846C8
:10380000FDF7C8FFF8E739494846FDF7C3FFF3E77E
:1038100037494846FDF7BEFFEEE7E86800F0D6FB03
:10382000002208210220F4F73FFDE5E7E86800F0F8
:10383000E9FEDAF800103846F4F79DFDDCE72D4983
:103840004846FDF7A7FF002207210220F4F72CFDD0
:10385000D2E729494846FDF79DFFCDE7274948466D
:10386000FDF798FFE86800F051FFC5E72449484696
:10387000FDF790FFC0E723494846FDF78BFF002284
:1038800007210220F4F710FDB6E71F494846FDF76F
:1038900081FFF1B2E86800F043FEADE71B4944F058
:1038A0000200FDF777FFF1B2E86800F023FBA3E721
:1038B000174944F00300FDF76DFFF1B2E86800F02E
:1038C0004DFB99E7E86800F0C7FEDAF800103846CB
:1038D000F4F751FD90E700BFE87103009871030011
:1038E00030B6030060B6030084B60300A4B603003C
:1038F000C8B60300ECB6030028B7030050B70300B6
:1039000098B70300DCB7030014B803004CB80300F9
:1039100088B8030008B50548054BC01AC008000464
:10392000044940F00400FDF735FF08BDE8710300CD
:1039300098710300C4B8030008B50548054BC01AC8
:10394000C0080004044940F00400FDF723FF08BD4F
:10395000E871030098710300E4B80300F8B5054668
:103960000F4646681D4C1E4BE41AE408240444F03C
:1039700004041C492046FDF70DFF304600F084F892
:10398000F9B211290ED8DFE801F0090E131B0D0D55
:103990000D0D0D0D0D0D200D0D0D0D25124920469F
:1039A000FDF7F8FEF8BD11492046FDF7F3FEF9E7F3
:1039B0000F492046FDF7EEFEE86801F021F9F1E736
:1039C000C1683046F4F7D7FCECE781683046F4F77D
:1039D000D2FCE7E7E86800F03FFEE3E7E8710300A8
:1039E0009871030004B9030060B6030084B60300B5
:1039F0002CB9030038B504460346174A43F8142B84
:103A0000436000238360C360144B0361144B036065
:103A1000144D45618061144BC361144B436100F048
:103A200001FA20626562A462114BE362114B63628A
:103A300025636463104BA363104B236300F0F2F91A
:103A4000E063256464640E4BA3640E4B236400F0B2
:103A5000E9F9E064204638BDF8CD03004CB9030015
:103A6000C0D20300E4CD0300BCAD0300ACD2030020
:103A700050B90300E0D2030058B90300CCD20300D0
:103A800064B9030098D20300034600F1140205480C
:103A9000026003F12402426003F13002826040338D
:103AA000C3607047046B002008B50548054BC01A79
:103AB000C0080004044940F00400FDF76BFE08BD97
:103AC000E87103009871030070B9030010B5044653
:103AD000064B074A9B1ADB081B04064943F0040007
:103AE000FDF758FEE06800F0FDFA10BDE871030034
:103AF0009871030094B903002DE9F0470546884604
:103B000016464768434C444BE41AE408240444F046
:103B1000040942494846FDF73DFE3846FFF7B4FF29
:103B200082465FFA88F111290ED8DFE801F0090F0B
:103B30000D141E0D282D430D0D0D0D364D56606ACA
:103B400037494846FDF726FEBDE8F0873549484627
:103B5000FDF720FEF8E734494846FDF71BFEDAF88A
:103B60000C103846F4F707FCEEE730494846FDF7FD
:103B700011FEDAF80C103846F4F7FDFBE4E72C49A7
:103B80004846FDF707FEDFE7E86800F03BFDDAF89E
:103B900000103846F4F7EFFBD6E726494846FDF714
:103BA000F9FDE86800F01EFBDAF800103846F4F77B
:103BB000E2FBC9E720494846FDF7ECFD002207215A
:103BC0000220F4F771FBBFE71C494846FDF7E2FD10
:103BD000F1B2E86800F0A4FCB6E7194944F002002D
:103BE000FDF7D8FDF1B2E86800F084F9ACE71549BB
:103BF00044F00300FDF7CEFDF1B2E86800F0AEF945
:103C0000A2E7E86800F028FDDAF800103846F4F77B
:103C1000B2FB99E7E87103009871030094B90300BF
:103C2000B4B90300E8B9030018BA03004CBA0300A2
:103C30007CBA0300DCB70300ECB6030014B8030041
:103C4000B0BA030000BB030008B50548054BC01A15
:103C5000C0080004044940F00400FDF79BFD08BDC6
:103C6000E87103009871030050BB030008B50548D4
:103C7000054BC01AC0080004044940F00400FDF7D9
:103C800089FD08BDE87103009871030070BB030053
:103C900070B50D4646681D4C1D4BE41AE40824041B
:103CA00044F004041B492046FDF774FD3046FFF73D
:103CB000EBFEE9B208290AD8DFE801F0050A090F8E
:103CC0001409191E230014492046FDF763FD70BD39
:103CD00012492046FDF75EFDF9E711492046FDF740
:103CE00059FDF4E70F492046FDF754FDEFE70E4973
:103CF0002046FDF74FFDEAE70C492046FDF74AFD57
:103D0000E5E70B492046FDF745FDE0E7E8710300D4
:103D10009871030090BB030060B6030084B60300F3
:103D2000A4B60300C8B60300B8BB0300DCBB0300A5
:103D300000BC030008B50A480A4BC01AC0080004BA
:103D4000094940F00400FDF725FDF5F7E7FA0128E1
:103D500000D008BD00220D210220F4F7BBFAF8E7DD
:103D6000E87103009871030028BC030000B583B01C
:103D7000174B009301234FF4FA7216491648F4F7D3
:103D800025FB164B0093002341F288321449154855
:103D9000F4F71CFB144B009301234FF4FA62134910
:103DA0001348F4F713FB134B0093012342F21072F4
:103DB00011491248F4F70AFB114B0093002347F214
:103DC000305210491048F4F701FB03B05DF804FBD2
:103DD0005140030050BC0300E86B0020353D030058
:103DE00060BC0300B46B00208D49030078BC030065
:103DF000806B0020D949030088BC03004C6B002075
:103E00004D47030098BC0300186B002010B5044612
:103E10000830F4F763FD04F51870F5F7C1FA204691
:103E200010BD000008B50A4B1B68BFF35B8F13F091
:103E3000010F01D0074808BD054803F051F90028DB
:103E4000F8D00448FFF7E2FF014803F05DF9F1E71D
:103E50001C6C0020206C002010B582B01D4C1E4B45
:103E6000E41AE408240444F004041C492046FDF745
:103E700091FC1B492046FDF78DFC1A492046FDF7B1
:103E800089FC194B03F1100292E803008DE803004E
:103E90000FCBF4F73DFF01212F20F4F718FF134B50
:103EA00003F1100292E803008DE803000FCBF4F752
:103EB0002FFF01210520F4F70AFF0D4B03F110023B
:103EC00092E803008DE803000FCBF4F721FF02B066
:103ED00010BD00BFE871030098710300A8BC030087
:103EE000C4BC0300F0BC03001CD3030004D30300D4
:103EF000ECD2030030B583B00C46114B1D7845EA77
:103F000001021A708DB10F480F4BC01AC00800048F
:103F100040F002000A4B1B787DB90C4A0092224601
:103F20000B49FDF752FC03B030BD00F51870F5F7F2
:103F300083F9084B00221A70E5E7074AEEE700BF55
:103F4000B5710020E8710300987103001CBD0300E7
:103F500034BD0300B471002028BD030010B50C4629
:103F6000134A137823EA01031370A3B900F51870FC
:103F7000F5F75CF90F4B01221A700F480F4BC01A6E
:103F8000C00800040E4B1B7822460E4940F0030087
:103F9000FDF710FC10BD0848084A801AC00800044C
:103FA0000A46094940F00200FDF704FCF2E700BFB1
:103FB000B5710020B4710020E8710300987103000E
:103FC000482B002074BD0300C0BD030008B500F5F8
:103FD0001870F5F737F90548054BC01AC0080004FA
:103FE000044940F00400FDF7D5FB08BDE87103006B
:103FF0009871030014BE030008B500F51870F5F7BA
:1040000089F90548054BC01AC0080004044940F06E
:104010000400FDF7BFFB08BDE871030098710300C1
:1040200030BE030010B50446F5F778F92060054866
:10403000054BC01AC0080004044940F00400FDF715
:10404000A9FB10BDE87103009871030050BE030086
:1040500010B5084C2046FFF7E5FF0748074BC01A8C
:10406000C00800042268064940F00400FDF798FBF0
:1040700010BD00BF146B0020E871030098710300AD
:1040800070BE030008B50748074BC01AC0080004FB
:10409000064940F00400FDF77DFB0548F4F7B0F950
:1040A00008BD00BFE87103009871030094BE0300CF
:1040B000B46B002008B50748074BC01AC0080004BD
:1040C000064940F00400FDF765FB0548F4F798F950
:1040D00008BD00BFE871030098710300BCBE030077
:1040E000E86B002010B50446124B1A78D2B1124882
:1040F000124BC01AC0080004114940F00200FDF73D
:104100004FFB2046FFF7BEFF2046FFF7D3FF0A48CC
:104110000A4BC01AC00800040A4940F00400FDF729
:1041200039FB10BD00F51870F5F780F8064B012239
:104130001A70E6E7B5710020E8710300987103007A
:10414000E0BE030020BF0300B471002008B507489B
:10415000074BC01AC0080004064940F00400FDF7F0
:1041600019FB0548F4F77AF908BD00BFE8710300B0
:104170009871030038BF0300E86B002008B50848B9
:10418000084BC01AC0080004074940F00400FDF7BE
:1041900001FB0648F4F734F90548F4F731F908BD96
:1041A000E8710300987103005CBF0300806B00207E
:1041B0004C6B002008B50748074BC01AC008000424
:1041C000064940F00300FDF7E5FA0548F4F718F951
:1041D00008BD00BFE87103009871030090BF0300A1
:1041E000806B002008B50848084BC01AC0080004BE
:1041F000074940F00400FDF7CDFA0648F4F72EF920
:104200000548F4F72BF908BDE87103009871030025
:10421000D8BF0300806B00204C6B002050B159B117
:1042200062B1B1F5826F0BD991420BD988420BD99B
:104230000120704700207047002070470020704721
:1042400000207047002070470020704710B52DED0A
:10425000028B8A1A07EE902AF8EEE77A401A07EEE8
:10426000100AB8EEC77A9FED376AC7EE066A87EE86
:10427000A68A354C354BE41AE4082404FDEEC87ACE
:1042800017EE902A324944F00300FDF789FADFED7A
:10429000317AB4EEE78AF1EE10FA4CDADFED2E7ADD
:1042A000B4EEE78AF1EE10FA48D9002300E00133BA
:1042B000032B36D8294A02EBC302526807EE902A34
:1042C000B8EE677AB4EEC87AF1EE10FAEFDB581C5C
:1042D000224901EBC001496807EE901AF8EE677AAF
:1042E000F4EEC87AF1EE10FAE1D81C4C14F9300063
:1042F00014F93330C01A07EE900AF8EEE76A521A42
:1043000007EE902AF8EE677A37EE487A06EE103A12
:10431000B8EEC60A87EE276A66EE267A30EE270ADE
:1043200006E00F4944F00100FDF734FA9FED0D0A55
:10433000BDEC028B10BDB3EE040AF9E79FED090A4C
:10434000F6E700BF00EC4247E871030098710300F4
:1043500008C0030000E0F64700FE034734D3030023
:1043600034C00300000048425A4B1B68002B00F089
:10437000B0802DE9F04F2DED028B89B00DF1080CC6
:10438000554C0FCCACE80F0094E803008CE8030018
:10439000524B1E7816F0010603D0514A13880133A0
:1043A0001380BDF81070BDF81280BDF814904A4615
:1043B00041463846FFF732FF002846D04A4641467C
:1043C0003846FFF743FFB0EE408A464D464BED1AA4
:1043D000ED082D0445F0030AFDEEC07A17EE90BA01
:1043E000DFED427A60EE277AFDEEE77A17EE902A4B
:1043F0003F4981FB0231D317C3EB6113642101FBF9
:10440000132423465A463B495046FDF7D3F9CDF8CD
:10441000009043463A4638495046FDF7D6F9002EFB
:1044200038D1DFED367AB4EEE78AF1EE10FA1ADB16
:10443000334B1B78E3B12923009323465A46314975
:1044400045F00200FDF7C1F90DE02648264BC01AE1
:10445000C0080004CDF8009043463A462A4940F08F
:104460000200FDF7B2F909B0BDEC028BBDE8F08F98
:104470002923009323465A46244945F00100FDF7BD
:10448000A4F9174B00221A8001220F210220F3F712
:1044900021FFE8E7124B1B880E2BE4D9DFED1C7AD5
:1044A000B4EEE78AF1EE10FADDDC019327230093E6
:1044B00023465A4617495046FDF794F9164B0022F9
:1044C0001A700122154B1A7010210220F3F702FF17
:1044D000C9E77047A8550020AC550020B5710020F1
:1044E000B2710020E8710300987103000000C84217
:1044F0001F85EB5104C103002CC1030000002442BE
:10450000006B002060C103008CC00300A8C1030041
:1045100000001C4208C20300AE710020AD710020F3
:1045200038B504460D46084B084A9B1ADB081B04A5
:10453000074943F00400FDF72DF9294604F51870EA
:10454000F4F701FF38BD00BFE87103009871030064
:1045500078C20300014B1878704700BFB671002085
:1045600008B50023154A1370154A1380154A1380A5
:10457000072215490A7015490B70FF211448017074
:104580001448017014490B7014490B7014490B60E6
:1045900014490B7014490B7014490B70144B1A70AA
:1045A000144B1A701448154BC01AC0080004144963
:1045B00040F00300FDF7F4F808BD00BFB57100201E
:1045C000B2710020B0710020482B0020AE71002095
:1045D000472B0020462B0020AD710020AC7100203D
:1045E000A8710020A47100209D7100209C71002002
:1045F000452B0020442B0020E87103009871030034
:10460000A4C2030010B5044600F51870F4F714FEB8
:104610000C4B00221A702046FFF798FD2046FFF74A
:10462000E1FD0948F3F71AFFFFF79AFF0748084B27
:10463000C01AC0080004074940F00400FDF7AAF8BA
:1046400010BD00BFB4710020186B0020E87103009A
:1046500098710300D0C2030010B50446FFF7D2FFE3
:104660002046FFF7A7FD0648064BC01AC008000405
:10467000054B1A78054940F00200FDF791F810BD8E
:10468000E871030098710300482B0020ECC203007E
:10469000044B1B78FF2B01D0834201D9014B1870CA
:1046A000704700BF472B0020094B1A78FF2A08D01B
:1046B000084B1B78FF2B06D00133934205DA00200C
:1046C000704700207047002070470120704700BFEE
:1046D000472B0020462B002008B5094B1A78824250
:1046E00000D30246074B1A70074B1B78934201D246
:1046F000054B1A700E210220F3F7ECFD08BD00BF38
:10470000B6710020482B0020452B002010B50B4C23
:104710000B4BE41AE408240444F0030447F230533A
:10472000072208492046FDF745F80720FFF7D4FF88
:10473000072205492046FDF733F810BDE871030054
:104740009871030034C3030090C3030008B50E4BF7
:104750001B686BB90D480E4BC01AC00800040D4908
:1047600040F00200FDF716F8FE20FFF7B5FF08BD88
:104770000648074BC01AC0080004074940F0030070
:10478000FDF708F8F3E700BFA8550020E871030023
:104790009871030014C40300CCC303002DE9F04357
:1047A00083B0654B1B78654A1678B34200D91E4624
:1047B000624A1370624B19785F4B1970614B1C6829
:1047C000002C00F0A580604BD3F800901C605F4B7C
:1047D00093F801801A79B2FA82F56D099B79B3FAE0
:1047E00083F77F09A1451DD059480078A8423AD0E7
:1047F0000AB1002B3CD15748DFF86CC1A0EB0C008C
:10480000C0080004DFF844C19CF802C0CDF804C021
:104810000091514940F00200FCF7E4FF4C4B1D7041
:104820004E4B1F704E4B1B7813F0020F4DD1A1451C
:104830006ED0B8F1000F6BD13046FFF729FF494B1E
:104840001B784BB34348484BC01AC0080004474B81
:104850001B78009333463A4A1278454940F00200EB
:10486000FCF7B3FF54E03D480078B842C0D1D9E727
:104870003848DFF8F4C0A0EB0C00C0080004DFF8F3
:10488000CCC09CF802C0CDF804C00091394940F07A
:104890000300FCF7A7FFC1E72E48334BC01AC0083E
:1048A0000004324B1B7800933346254A1278324974
:1048B00040F00100FCF789FF304B00221A800222F1
:1048C0000F211046F3F706FD22E02C4B1A88013227
:1048D00092B21A80042A1BD9B8F1000F1BD0184BD2
:1048E000187818BB264B01221A701A481E4BC01AA2
:1048F000C0080004124B1B78204A1288214940F05E
:104900000300FCF757FF022210211046F3F7E2FCE8
:1049100003B0BDE8F0830F48134BC01AC008000471
:10492000194940F00200FCF73BFFF1E70138C0B243
:10493000FFF7D2FED6E700BF452B0020442B002016
:10494000482B0020A8550020A0710020AC55002065
:104950009D710020E871030068C403009C71002071
:10496000B5710020006B002098710300472B0020D8
:1049700060C50300F8C40300B4C50300B071002093
:10498000AD71002054C6030014C6030008B50C48DE
:104990000C4BC01AC00800040B4940F00400FCF79F
:1049A000F9FEFFF7FBFEFFF7DFFC084B1B7823B98E
:1049B000FCF786FD0028FBD108BDFEF7E5FCF7E714
:1049C000E871030098710300A8C60300006B002083
:1049D00008B5FFF781FE08BD70B584B06C4B1A783E
:1049E000002A52D16B4B1A78002A5AD16A4B1B68A5
:1049F0006A4A12689A4262D0684A1360684B1B7810
:104A0000002B67D0674B9D78674C684BE41AE4082D
:104A1000240444F00306664B1B780293654B1B7815
:104A20000193654B1B780093012D14BF00230123D4
:104A3000624A127862493046FCF7E3FE012D5CD0F1
:104A4000604B1A780132D2B21A70012A78D95D4BC4
:104A500000221A70594B1D78554B1D70564B012280
:104A60001A70FFF721FE002874D1574B1B789D4226
:104A700080F08680681CC0B2FFF72EFE4F4B1A787C
:104A800052493046FCF78CFE09E04748474BC01AB4
:104A9000C00800044E4940F00400FCF781FE04B059
:104AA00070BD013AD2B21A703F48404BC01AC008DC
:104AB0000004484940F00400FCF772FEEFE73A4872
:104AC0003A4BC01AC0080004434940F00200FCF70A
:104AD00061FEE4E7324B01221A700720FFF7FCFD6C
:104AE0003148324BC01AC0080004344B1A783B4995
:104AF00040F00300FCF754FED1E7324B00221A705D
:104B00002D4B1B786BB92D4B187888B10138C0B28A
:104B1000FFF7E2FD294B1A7831493046FCF740FE99
:104B2000BDE7264B1A782F493046FCF739FEB6E729
:104B3000214B01221A702C493046FCF72BFEAEE7C0
:104B40001E4B1B7800930223284944EA0300FCF71C
:104B50003CFEA4E7174B1A7882B1561EF6B20096B7
:104B60002B46234944F00100FCF72FFE134B1B7822
:104B7000B34294D03046FFF7AFFD90E71646EEE71C
:104B80002A461C4944F00200FCF70AFE87E700BFF2
:104B9000B5710020AD710020A8550020A87100203B
:104BA000A4710020AC550020E87103009871030047
:104BB000462B0020472B0020AE710020482B002000
:104BC000D8C70300AC710020B6710020BCC9030037
:104BD000C8C6030010C7030058C70300A8C70300D6
:104BE00058C8030034C8030094C80300D0C80300A9
:104BF00014C9030074C9030008B5FFF7B7F808BD6E
:104C000010B504460E480F4BC01AC00800040E49E8
:104C100040F00400FCF7BEFD2046FFF71DF904F14B
:104C20000800F3F795FE04F518742046F4F7A4FB8A
:104C30002046F4F708FB054B1870FFF791FC10BDF8
:104C4000E871030098710300F0C90300B6710020F9
:104C500070B505460C4616460A4B0B4A9B1ADB08F4
:104C60001B040A4943F00400FCF794FD00F028F807
:104C70003246214600F054F821462846F3F740FB1F
:104C800070BD00BFE87103009871030004CA0300FF
:104C900010B50446F3F7EEFA014B2360204610BD31
:104CA00064D3030010B50446FFF7F2FF04F15C0083
:104CB000F3F7F9F904F6EC10FEF79CFE204610BD60
:104CC00008B50A4B1B68BFF35B8F13F0010F01D0CF
:104CD000074808BD054802F003FA0028F8D0044848
:104CE000FFF7E0FF014802F00FFAF1E7B87100208A
:104CF000BC71002038B5044600F15C05074A01216B
:104D00002846F3F7E5F92A4602212046F3F7BAFAD6
:104D100004F6EC10F3F743FB38BD00BF4CB90300B9
:104D200008B500F6EC10F3F71EFB08BD28B108B576
:104D300002498320FBF708F908BD70471CCA03002D
:104D400000F1080343604FF0FF328260C3600361EB
:104D500000230360704700230361704743684B6082
:104D60009A688A6051609960086103680133036042
:104D7000704730B40D68B5F1FF3F11D000F1080362
:104D80001C465B681A68AA42FAD963684B6099604E
:104D90008C606160086103680133036030BC704758
:104DA0000469F2E70369416882688A60416851607A
:104DB0005A68824206D0002202611A68013A1A60DB
:104DC0001868704782685A60F5E700000748006875
:104DD00080F3088862B661B6BFF34F8FBFF36F8F61
:104DE0004FF4F07080F3118800DF00BF0070020004
:104DF000064B19680868B0E8F04F80F30988BFF3E4
:104E00006F8F4FF0000080F3118870473C7D0020C9
:104E1000EFF30980BFF36F8F144B1A681EF0100F69
:104E200008BF20ED108A20E9F04F10604DF8043DD6
:104E30004FF0400080F31188BFF34F8FBFF36F8FA7
:104E400000F0B0FF4FF0000080F3118808BC196833
:104E50000868B0E8F04F1EF0100F08BFB0EC108AE1
:104E600080F30988BFF36F8F704700BF3C7D00203F
:104E7000034AD2F8883043F47003C2F88830704790
:104E800000ED00E008B5074B1B68B3F1FF3F03D10D
:104E9000402383F31188FEE703499E20FBF754F873
:104EA000F6E700BF007C0020C4CA03004FF0807307
:104EB00040F8043C40F8081C054B40F80C3C40F816
:104EC000202C6FF0020340F8243C4438704700BFA8
:104ED000854E030010B582B0264B1A68264B9A42C5
:104EE00013D1264B1A78D2B20192FF221A701B7886
:104EF000DBB28DF803309DF8033003F00203204A43
:104F00001370204B07221A600EE01F49B020FBF7F8
:104F10001BF8E6E71B4A1368013B13609DF803305A
:104F20005B00DBB28DF803309DF8033013F0800F87
:104F3000F0D1144A136803F007031360019BDBB23E
:104F40000E4A13700B4CE02384F8223000F0BAF8BC
:104F50000E4B00221A60FFF78BFF0D4A536B43F094
:104F600040435363236943F010032361FFF72EFF8F
:104F7000FFF788FF00ED00E041C20F4100E400E0D0
:104F8000FC7B0020F87B0020C4CA0300007C0020CA
:104F900000EF00E008B5402383F31188094A136845
:104FA00001331360012B00D008BD074B5B68C3F3CE
:104FB0000803002BF8D0054940F21110FAF7C4FF9E
:104FC000F2E700BF007C002000ED00E0C4CA03004F
:104FD00008B5084B1B683BB1064A1368013B1360D8
:104FE0000BB983F3118808BD03494FF48C70FAF7AD
:104FF000ABFFF1E7007C0020C4CA030008B5EFF363
:105000000583C3F308030F2B09D903F1E023F03321
:1050100093F80033DBB20C4A12789A4208D80B4B53
:10502000DB68C3F302230A4A12689A4206D308BD1A
:1050300008494FF4A970FAF787FFF0E705494FF4E4
:10504000B170FAF781FFF2E7FC7B002000ED00E091
:10505000F87B0020C4CA0300F0B583B0EFF31187DA
:10506000402383F31188154BD3F804450022C3F87D
:105070000021D3F800310193019B00F089FD241A2F
:1050800024F07F4434F0010301D1002509E000F051
:10509000A1FF0228F9D00124F7E700F087FD0543BE
:1050A0003446661E002CF8D125B1054B4FF08052D6
:1050B0005A6040BF87F3118803B0F0BD0010014073
:1050C00000ED00E008B50020F7F740FE094B1F2275
:1050D000C3F808250122C3F804239A601A6002224B
:1050E000C3F84423044BE02283F811234FF4003229
:1050F0001A6008BD0010014000E100E010B5044650
:10510000FFF748FFA26BE36B9A4204D00024FFF73D
:105110005FFF204610BD0124F9E710B50446FFF7F4
:1051200039FFA36B23B90124FFF752FF204610BDBE
:105130000024F9E770B504461546866B026C5AB92F
:1051400003681BB100200136A66370BD406800F003
:1051500051FF00236360F6E76DB9806801F05EFFE0
:10516000A368226C1344A3606268934219D3236836
:10517000A3602846E7E7C06801F050FFE368226CAF
:1051800051429B1AE3602268934202D263680B4447
:10519000E360022D01D00020D5E726B1013E0020BA
:1051A000D1E72846CFE70020CDE70346026C6AB17D
:1051B00010B50846D9681144D9605C68A14201D392
:1051C0001968D960D96801F029FF10BD704738B55A
:1051D0000546FFF7DFFE95F8454064B201E0013C6B
:1051E00064B2002C0ADD6B6A43B105F1240000F0C3
:1051F0005DFE0028F3D000F0E7FEF0E7FF2385F81E
:105200004530FFF7E5FEFFF7C5FE95F8444064B270
:1052100001E0013C64B2002C0ADD2B6943B105F1C9
:10522000100000F043FE0028F3D000F0CDFEF0E7C0
:10523000FF2385F84430FFF7CBFE38BD38B50D4667
:105240000446D0B1FFF7A6FE2368E26B216C01FB98
:10525000023060600020A063A360013A02FB0133CA
:10526000E360FF2384F8443084F84530D5B92369DE
:1052700043B9FFF7ADFE012038BD0F49FC20FAF716
:1052800063FEDFE704F1100000F010FE0028F0D00C
:105290000A4B4FF080525A6040BFBFF34F8FBFF3AD
:1052A0006F8FE6E704F11000FFF74AFD04F12400D8
:1052B000FFF746FDDDE700BF6CCB030000ED00E02B
:1052C00010B5034602980C4631B90060C36304640C
:1052D0000121FFF7B3FF10BD0260F7E7F0B585B01D
:1052E0000D4616461C460746B0B1DCB106B33DB3C9
:1052F00048230393039B482B28D154B1012384F8FE
:10530000463000949DF82830324629463846FFF74B
:10531000D7FF204605B0F0BD0F4940F23310FAF731
:1053200013FEE2E70C4940F23710FAF70DFEDDE715
:10533000002DDDD008494FF49E70FAF705FED7E73F
:10534000054940F23B10FAF7FFFDD1E702494FF45F
:10535000A270FAF7F9FDD0E76CCB0300F0B585B089
:105360000F4601921D46044648B177B1022D15D073
:1053700000F030FE08B9019BCBB9002659E0514935
:105380004FF43770FAF7E0FDEFE7236C002BEDD018
:105390004C4940F2DD20FAF7D7FDE7E7E36B012B3C
:1053A000E6D0484940F2DE20FAF7CEFDE0E7454975
:1053B00040F2E120FAF7C8FDDFE72A4639462046E9
:1053C000FFF7B8FE636A73B940B13F4B4FF08052AC
:1053D0005A6040BFBFF34F8FBFF36F8FFFF7F8FDE9
:1053E000012005B0F0BD04F1240000F05FFD0028AD
:1053F000F4D0354B4FF080525A6040BFBFF34F8F0F
:10540000BFF36F8FEAE7FFF7E3FD0020E9E702A8AB
:1054100000F090FD012619E0002384F8443021E0DB
:10542000002384F8453023E02046FFF7D0FE00F04B
:105430003DFCFFF7AFFDA26BE36B9A42BDD3022D9B
:10544000BBD0019B002BDED0002EE0D0FFF7C0FDCB
:1054500000F096FBFFF79EFD94F8440040B2B0F1D7
:10546000FF3FD9D094F8450040B2B0F1FF3FD7D00C
:10547000FFF7AEFD01A902A800F068FDD0B92046F3
:10548000FFF73CFE0028CFD0019904F1100000F096
:10549000D5FC2046FFF79BFE00F008FC0028C8D191
:1054A000094B4FF080525A6040BFBFF34F8FBFF39C
:1054B0006F8FBEE72046FFF78AFE00F0F7FB002063
:1054C0008FE700BF6CCB030000ED00E02DE9F8434F
:1054D0000E4691461D460446A0B1CEB1022D20D005
:1054E000FFF78CFDEFF31188402383F31188A26B43
:1054F000E36B9A421ED3022D1CD0002088F3118842
:10550000BDE8F8831E4940F2A230FAF71DFDE4E73A
:10551000236C002BE2D01A4940F2A330FAF714FDB5
:10552000DCE7E36B012BDBD015494FF46970FAF728
:105530000BFDD5E794F845707FB22A4631462046E8
:10554000FFF7F8FDB7F1FF3F05D001377FB284F8D0
:1055500045700120D2E7636A0BB90120CEE704F160
:10556000240000F0A3FC30B1B9F1000F05D00120F8
:10557000C9F80000C2E70120C0E70120BEE700BF74
:105580006CCB0300F0B585B00F460192044638B1EC
:1055900067B100F01FFD08B9019B83B9002652E0F6
:1055A000494940F2DF40FAF7CFFCF1E7236C002BCA
:1055B000EFD0454940F2E340FAF7C6FCE9E742493B
:1055C0004FF49D60FAF7C0FCE8E739462046FFF744
:1055D000ECFD013DA563236923B9FFF7F9FC012028
:1055E00005B0F0BD04F1100000F060FC0028F4D01C
:1055F000364B4FF080525A6040BFBFF34F8FBFF31E
:105600006F8FEAE7FFF7E4FC0020E9E702A800F06B
:1056100091FC012621E0002384F8443029E0002396
:1056200084F845302BE02046FFF7D1FD00F03EFB2B
:1056300009E02046FFF7CBFD00F038FB2046FFF7DE
:105640006CFD00283ED1FFF7A5FCA56B002DBCD159
:10565000019B002BD6D0002ED8D0FFF7B9FC00F06C
:105660008FFAFFF797FC94F844305BB2B3F1FF3F39
:10567000D1D094F845305BB2B3F1FF3FCFD0FFF704
:10568000A7FC01A902A800F061FC0028D1D12046A6
:10569000FFF743FD0028C6D0019904F1240000F073
:1056A000CDFB2046FFF793FD00F000FB0028CAD198
:1056B000064B4FF080525A6040BFBFF34F8FBFF38D
:1056C0006F8FC0E700208BE76CCB030000ED00E09C
:1056D0000023012B0CD8074A52F833200AB10133BA
:1056E000F7E7044A42F8331002EBC30250607047F8
:1056F000704700BF047C002070B504460D46164676
:10570000FFF748FC94F844305BB2B3F1FF3F0DD093
:1057100094F845305BB2B3F1FF3F0BD0FFF758FC74
:10572000A36B5BB12046FFF752FD70BD002384F8E8
:105730004430EDE7002384F84530EFE73246294650
:1057400004F1240000F094FBECE70000084B1B6818
:105750001B6823B9074B4FF0FF321A607047044BA8
:105760001B68DB68DB685A68024B1A60704700BF31
:10577000847C00201C7C00202DE9F04780460D46EB
:1057800017469946089EDDF824A00A9C9200A521A0
:10579000206B01F075FC236B07F18042013A03EBAB
:1057A000820727F007074FF0000CBCF1090F09D85A
:1057B00015F80C3004EB0C0282F8343013B10CF104
:1057C000010CF2E7002384F83D30062E00D90626AE
:1057D000E662266400256564201DFFF7BCFA04F12B
:1057E0001800FFF7B8FA2461C6F10706A6616462E3
:1057F000A56484F84C504A4641463846FFF756FBAC
:105800002060BAF1000F01D0CAF80040BDE8F0876F
:1058100038B5002407E004EB840293000E481844D6
:10582000FFF78EFA0134062CF5D90C4D2846FFF708
:1058300087FA0B4C2046FFF783FA0A48FFF780FAF5
:105840000948FFF77DFA0948FFF77AFA084B1D600F
:10585000084B1C6038BD00BFB07C00209C7C002041
:10586000887C00206C7C0020587C0020407C00203C
:10587000847C0020807C002010B50446FFF78AFB62
:10588000214A136801331360204B1B685BB1204B26
:105890001B686BB91D4B1B68DA6AE36A9A4207D82A
:1058A0001A4B1C6004E0194B1C601368012B27D0B5
:1058B000184A136801331360E06A01238340164AD3
:1058C00011680B43136000EB8000211D134B03EBA9
:1058D0008000FFF743FAFFF77BFB0D4B1B6873B1AA
:1058E0000A4B1B68DA6AE36A9A4208D20C4B4FF003
:1058F00080525A6040BFBFF34F8FBFF36F8F10BD10
:10590000FFF786FFD4E700BF3C7C00203C7D0020F1
:10591000307C0020207C0020347C0020B07C0020E3
:1059200000ED00E010B5044690F84D304BB1012B6E
:105930000ED0022B0BD0084940F68860FAF704FB22
:1059400005E0006BFFF7F2F92046FFF7EFF910BD15
:10595000FFF7ECF9FBE700BF00CC03000F4B1B681F
:10596000D3B110B5FFF716FB0D4BDB68DC68201DCB
:10597000FFF718FA0B4A1368013B1360074A1368D4
:10598000013B1360FFF724FB2046FFF7CBFF034BDF
:105990001B68002BE6D110BD704700BF547C00206F
:1059A000587C00203C7C002070B504460D461D4B01
:1059B0001E681D4B18680430FFF7F4F948B91A4BFC
:1059C0001B68DB6A01229A4018490B6823EA02032C
:1059D0000B60B4F1FF3F0DD03444134B1B685C6087
:1059E000A64210D9124B18680F4B19680431FFF703
:1059F000C0F970BD002DEFD00B4B196804310D4874
:105A0000FFF7ACF9F5E70C4B1868074B1968043140
:105A1000FFF7AFF9094B1B68A342EAD9074B1C609B
:105A2000E7E700BF387C00203C7D0020347C00206C
:105A3000807C0020407C0020847C00201C7C002096
:105A400008B50AE0084B4FF080525A6040BFBFF3E0
:105A50004F8FBFF36F8FF2F7DFFBFFF77FFF034B33
:105A60001B68012BEED8F6E700ED00E0B07C0020CB
:105A70002DE9F04387B080460E46174699460F9DA4
:105A8000109CE5B10CB350220492049A502A22D102
:105A90003CB335B32563022384F84D3000230393D0
:105AA000029405AB01930E9B00934B463A46314658
:105AB0004046FFF761FE2046FFF7DEFE13E00C498B
:105AC0004FF41470FAF740FADCE7094940F251202C
:105AD000FAF73AFAD7E7064940F25920FAF734FACA
:105AE000D6E700230593059807B0BDE8F08300BF13
:105AF00000CC030010B588B000240594069407AAD2
:105B000006A905A8F2F736FB059B0293069B0193B5
:105B100000942346079A13491348FFF7A9FF134B34
:105B2000186098B100F048FB012810D1402383F39E
:105B300011880F4B4FF0FF321A600E4B01221A6092
:105B40000D4B00221A60FFF7C5F903E00020B0F109
:105B5000FF3F01D008B010BD084940F2DC70FAF7F1
:105B6000F3F9F7E794CC0300415A0300187C0020B6
:105B70001C7C0020307C0020387C002000CC0300FE
:105B8000024A136801331360704700BF147C002081
:105B9000014B1868704700BF387C002008B5FFF73C
:105BA0002DFA014B186808BD387C0020F8B5334B3E
:105BB0001B68002B56D1324B1E6801361E607EB921
:105BC000304B1B681B688BB92E4A11682E4B186826
:105BD000106019602D4A136801331360FFF7B6FD9A
:105BE0002B4B1B68B34233D9002740E0294940F6CC
:105BF0003320FAF7A9F9E7E70127224B1B681B6856
:105C000043B3204B1B68DB68DC6863689E4226D385
:105C1000251D2846FFF7C6F8A36A1BB104F118003A
:105C2000FFF7C0F8E36A01229A401B490868024363
:105C30000A6003EB83039A00294618481044FFF7D3
:105C40008DF8E26A164B1B68DB6A9A42D4D2D4E71D
:105C50000027D2E70E4B4FF0FF321A6007E00C4AE4
:105C6000136004E00F4A13680133136000270E4BE2
:105C70001B6803B101273846F8BD00BF147C002023
:105C8000387C0020847C0020807C0020247C002044
:105C90001C7C002000CC0300347C0020B07C002061
:105CA0003C7D00202C7C0020287C002038B5334B24
:105CB0001B686BB1FFF76EF9304B1A68013A1A6036
:105CC0001B68002B54D12E4B1B683BB9002450E0BD
:105CD0002C494FF40460FAF737F9EBE700242A4B1C
:105CE0001B681BB3284BDB68DC6804F11800FFF766
:105CF00059F8251D2846FFF755F8E06A012383402F
:105D0000224A11680B43136000EB80002946204BA8
:105D100003EB8000FFF722F8E26A1E4B1B68DB6A88
:105D20009A42DCD31C4B01221A60D8E70CB1FFF772
:105D30000DFD1A4B1C687CB9174B1C68CCB1184B75
:105D40004FF080525A6040BFBFF34F8FBFF36F8F49
:105D500001240EE0013C07D0FFF728FF0028F9D00E
:105D60000D4B01221A60F5E70C4B00221A60E3E7A5
:105D70000024FFF72DF9204638BD00BF147C002019
:105D80003C7C002000CC03006C7C0020347C002094
:105D9000B07C00203C7D0020287C00202C7C002052
:105DA00000ED00E01F4B1B681BB11F4B01221A6066
:105DB000704710B51C4B00221A601C4B1C6814B3B2
:105DC000B4FA84F4C4F11F0404EB84029300184A6B
:105DD000D358D3B1164904EB840293000B445A689C
:105DE00052685A6004EB8400830008330B449A42E3
:105DF00011D004EB8404A2000D4B13445B68DA68F5
:105E00000C4B1A6010BD2024DCE70B494FF43560C1
:105E1000FAF79AF8DEE751688200054B134459609F
:105E2000E7E700BF147C0020287C0020347C0020A1
:105E3000B07C00203C7D002000CC030038B50C462F
:105E4000054650B1084B196818312846FEF791FFF6
:105E500001212046FFF7A8FD38BD04494FF4366004
:105E6000FAF772F8EEE700BF3C7D002000CC03009B
:105E700070B50D461446064668B10A4B19681831CC
:105E80003046FEF76BFF0CB14FF0FF352146284638
:105E9000FFF78AFD70BD044940F68B30FAF754F8DD
:105EA000EBE700BF3C7D002000CC030038B5C368A1
:105EB000DC6824B304F118052846FEF773FF164B7F
:105EC0001B6813BB251D2846FEF76CFFE06A012303
:105ED0008340124A11680B43136000EB800029468F
:105EE0000F4B03EB8000FEF739FFE26A0D4B1B6896
:105EF000DB6A9A420ED901200B4B186038BD0B4962
:105F000040F6BB30FAF720F8D4E729460848FEF7F8
:105F100025FFEAE70020F1E7147C0020347C002014
:105F2000B07C00203C7D0020287C002000CC0300B9
:105F30006C7C0020034B1B680360034B1B684360B1
:105F4000704700BF247C0020387C0020F8B50C4648
:105F50000546B8B1E4B1FFF71DF8184B19686B6836
:105F6000C81A2268B2F1FF3F20D0154E36682F685C
:105F7000B74201D08B421ED982420FD80023236042
:105F8000012414E00F4940F62640F9F7DDFFE1E770
:105F90000C4940F62740F9F7D7FFDCE75B1A1344BA
:105FA00023602846FFF7C6FF002400E00024FFF727
:105FB0000FF82046F8BD0124F9E700BF387C002027
:105FC000247C002000CC0300014B01221A607047A2
:105FD000287C0020054B1B6833B1054B1B680BB1B7
:105FE000002070470220704701207047307C00205D
:105FF000147C0020002846D038B50446244B1B688A
:10600000834204D0234940F63B70F9F79DFF636C4F
:106010004BB1636C013B6364E16A226C914234D002
:106020003BB1002038BD1B4940F63C70F9F78CFFAE
:10603000EFE7251D2846FEF7B5FE70B9E26A02EBD0
:1060400082039B001449CB583BB9012303FA02F2A7
:1060500012490B6823EA02030B60206CE062C0F176
:106060000703A361012404FA00F30C4A11680B43EF
:10607000136000EB80002946074B03EB8000FEF71E
:106080006DFE2046CEE7002070470020CAE700BF23
:106090003C7D002000CC0300B07C0020347C00203C
:1060A000064B1A681368B3FA83F35B09036013B9EC
:1060B000D368186870470020704700BF987F0020A1
:1060C00008B54160006191420CD8D21A83699A42A6
:1060D00001D3012008BD011D094B1868FEF749FED8
:1060E0000020F7E79A4201D2994206D2011D054BE2
:1060F0001868FEF73EFE0020ECE70120EAE700BF4B
:10610000947F0020987F002030B583B0FEF742FFD7
:10611000114B1B681BB1FEF75BFF03B030BD0F4D89
:106120002846FEF70DFE0E4C2046FEF709FE0D4BED
:106130001D600D4B1C60002300930C4B0C4A10217A
:106140002020FFF7CBF8044B18600028E3D0094962
:10615000FFF7BEFADFE700BF907F0020B07F00208E
:106160009C7F0020987F0020947F0020407D0020AD
:10617000887D00209CCC03002DE9F041074616469F
:106180001D46079C884671B15CB1FFF7BDFF2760D3
:10619000C4F81880E6612562069B6362201DFEF745
:1061A000DAFDBDE8F081034940F26910F9F7CCFE51
:1061B000EAE700BFA4CC030010B588B0FFF7A4FF46
:1061C000114B1B68C3B100240594069407AA06A9C5
:1061D00005A8F1F7DBFF059B0293069B01930223C1
:1061E00000932346079A09490948FFF741FC094BE8
:1061F000186008B1012005E007494FF48870F9F7ED
:10620000A3FE002008B010BD907F002038CD030011
:106210004D6503008C7F0020A4CC03002DE9F041E4
:1062200084B005460E4690461F460B9C2C230393D4
:10623000039B2C2B10D1ACB101940A9B00933B46DD
:10624000424631462846FFF797FF012384F828305D
:10625000204604B0BDE8F08105494FF4A370F9F77A
:1062600073FEE8E7024940F24B10F9F76DFEEFE7E5
:10627000A4CC0300F0B585B00C4615461E46074673
:1062800098B1154B186828B3009401950297052C16
:1062900019DCFFF79FFE02280DD000231A4669463D
:1062A0000D480068FFF75AF812E00C4940F28310DD
:1062B000F9F74AFEE5E700230A9A694606480068AE
:1062C000FFF74CF804E0002332466946FFF7FEF87A
:1062D00005B0F0BD0020FBE7907F0020A4CC0300B8
:1062E00070B582B0194B1B681A683AB3DB681E6838
:1062F000DC68251D2846FEF755FD636A2046984751
:10630000E369012BEED1A36933449E4207D2636057
:10631000246129460D4B1868FEF72BFDE2E70021AA
:1063200000910B4632462046FFF7A4FF0028D9D142
:10633000074940F26F30F9F707FED3E7054A1068C6
:1063400002490860136002B070BD00BF987F002052
:10635000A4CC0300947F002038B50546FFF718FC55
:106360000446074B1B68834205D800232B60044B6F
:106370001C60204638BDFFF7B3FF01232B60F6E712
:10638000887F002070B582B006460D461349096823
:10639000C968CC68201DFEF705FDE169012904D01C
:1063A000636A2046984702B070BDA16933462A4609
:1063B00031442046FFF784FE0028F1D000210091EF
:1063C0000B4632462046FFF755FF0028E8D1044926
:1063D00040F2E510F9F7B8FDE2E700BF987F002032
:1063E000A4CC030070B582B006460C46FFF7C8FB8C
:1063F00001A8FFF7B1FF019B1BBB054644B9B042A2
:106400000CD3FFF753FC29463046FFF7BBFF1AE0D9
:106410000E4B1B681C68B4FA84F464092246711B95
:106420000B4B1868FFF768F9FFF740FC58B9094BA8
:106430004FF080525A6040BFBFF34F8FBFF36F8F52
:1064400001E0FFF733FC02B070BD00BF947F002075
:10645000907F002000ED00E030B589B002E0049BA1
:10646000002B0FDA002204A9364B1868FFF78AF8D0
:10647000002864D0049B002BF1DA07990698059B4D
:106480009847ECE7069C636913B1201DFEF78AFC70
:1064900003A8FFF761FF0546049B092BE2D801A280
:1064A00052F823F0CD640300CD640300CD640300F3
:1064B000656403000D6503002F650300CD640300D0
:1064C000CD640300656403000D650300059BA169AD
:1064D000024619442046FFF7F3FD0028C2D0636A44
:1064E00020469847E369012BBCD1A26900210091A5
:1064F0000B46059802442046FFF7BCFE0028B1D1A8
:10650000114940F2FE20F9F71FFDABE7059BA3619F
:106510003BB1A1692B462A4629442046FFF7D0FD0E
:10652000A0E7094940F21530F9F70EFDF1E794F8BC
:106530002830002B96D12046FEF7F8FB92E709B0F1
:1065400030BD00BF907F0020A4CC030000B583B015
:1065500001A8FFF7A5FD0199FFF744FFFFF77CFFB6
:10656000F6E70000BFF34F8F0549CA6802F4E06206
:10657000044B1343CB60BFF34F8F00BFFDE700BF59
:1065800000ED00E00400FA0508B54FF01023D3F841
:106590000C3203B908BD0F4B0122C3F804250D4B83
:1065A000D3F80034002BFAD04FF010230022C3F8A8
:1065B0000C22084BD3F80034002BFAD0054B0022F4
:1065C000C3F80425034BD3F80034002BFAD0FFF7AF
:1065D000C9FF00BF00E0014010B5FFF7D5FFF1F79C
:1065E00059FC0446F1F770FC2046F1F7AFFC00209F
:1065F00010BD51EC102BC1F30A53002B1CBF40F20D
:10660000FF7C634500D170471844604506DB0020DD
:10661000C7F6F07060F31E01002208E00028C7BF33
:106620006FF31E5141EA005101F00041002241EC9C
:10663000102B704752EC10CBC2F30A5340F2FF719B
:106640008B4211BF002B002101607047A3F2FE3185
:10665000016040F2FE3060F31E5242EC10CB7047F6
:106660002DE9F84F2DED028B82B050EC101B4FF04E
:10667000FF3202EB105240F2FE739A4280F09F808C
:1066800001A8FFF7D7FF55EC106B00245E4B304696
:106690002946002200F090F980460F464AF29E00FB
:1066A000C3F6E67043F6CE31C6F27F61019A711AE5
:1066B00075EB00000092B8BF0124002C284631463B
:1066C0001CBF3846414640EC101B4FF0FF30FFF72F
:1066D00090FFB0EE408AF0EE608A4C4B304629467F
:1066E000002200F069F905460E46494B51EC180BA3
:1066F000002C1CBF3E464546002200F05DF90246D4
:106700000B462846314600F00FFB05460E46024672
:106710000B4600F071FA83468A464DF26839C0F2A2
:10672000030941EC180B48460221B0EE480AF0EE8E
:10673000680A00F079F8374A374B51EC100B00F03B
:106740003BF980460F4609F110000321B0EE480ADC
:10675000F0EE680A00F09CF853EC102B40463946E6
:1067600000F0E2FA5A46534600F046FA2A4633460B
:1067700000F042FA2A46334600F01EF980460D46E4
:10678000002C009818BF013800F0D6FB06460F46D3
:10679000224A234B00F030FA42462B4600F00CF917
:1067A00080460D461F4B30463946002200F024FA41
:1067B00042462B4600F000F941EC100B1AE0420073
:1067C00042EAD1720023CFF6E0730027B7EB41070E
:1067D00073EB02020ED30022C7F6F072104207D00C
:1067E0000028BCBF02F50020002140EC101B01E096
:1067F0009FED030B02B0BDEC028BBDE8F88F00BF2C
:10680000000000000000F0FF0000E0BF0000F0BF4B
:106810000000E03F9AB5B312FF0750C0A80C615CBE
:1068200010D02BBF0030E63FF8B52DED028B00EB0A
:10683000C1070E4657E9020117ED048B54EC105BBB
:106840002A46234600F0D8F953EC182B00F0B4F890
:1068500041EC100B032E10DB183F013E51EC100BE6
:106860002A46234600F0C8F977E8022300F0A4F88E
:10687000013E41EC100B012EF0D851EC100B2A46D2
:10688000234600F0B9F941EC100BBDEC028BF8BDCA
:106890002DE9F041804600EBC100022915DBA0F193
:1068A00008074C1C56EC105B77E8022351EC100BE8
:1068B00000F082F82A46334600F09EF9013C41EC94
:1068C000100B022CF0D808F1080050E9022351EC1B
:1068D000100B00F071F841EC100BBDE8F08184461C
:1068E0000020002918BF002A00D17047097848B25B
:1068F000002844BF6FF001007047BCF1000F18BFC3
:10690000CCF800100021C3E90011002818BF0120B5
:1069100070477F298EBF6FF0010001700120704722
:1069200047F6C472C2F200021368002B02BF42F69F
:106930004C33C2F2000313605A6892681268104721
:106940000921FFF7EDBF7F2884BF002070474DF27B
:10695000A452C0F20302515C4DF22452C0F2030271
:10696000105C08407047A0F161011A2938BF203837
:106970007047A0F141011A2938BF203070477F28A5
:1069800084BF002070474DF2A452C0F20302515C54
:106990004DF22452C0F20302105C08407047A0F18F
:1069A00061011A2938BF20387047A0F141011A2926
:1069B00038BF20307047000030B591EA030F00F176
:1069C0008280841A71EB030C05D2121953EB0C036D
:1069D000001B71EB0C0140F2000CCFF6E07C1CEACE
:1069E000430F52D0BCEB410F5FD90C0DA4EB135EEB
:1069F0005FF0010C6CF31F516CF31F53DEF1200CA0
:106A00002AD303FA0CF5401941F1000122FA0EF5E0
:106A1000401923FA0EF5694112FA0CF2CD0208D39F
:106A200049085FEA30005FEA320228BF42F0010203
:106A30000134013C5FEA500C72F1004250F1000059
:106A400051EB04514FF4001313EB410F38BF30BD2D
:106A50006FF31301002030BDBEF1200EBEF1200FF8
:106A60001ED223FA0EF5401941F10001CEF1200C9F
:106A7000124218BF012203FA0CF52A43CEE711EAAD
:106A80005C0F04BF0020002130BD1CEA410F04BF91
:106A900001F00041002030BD01F00041002030BD78
:106AA00021F4801101EB045130BD004218BF41F0C8
:106AB0000101BCEB410F08BF30BD4FF0FE4141F476
:106AC0007801002030BD83F00043841A71EB030E7F
:106AD00007D28EF0004E001B71EB0E01121953EB22
:106AE0000E0340F2000CCFF6E07C1CEA430FC6D048
:106AF000BCEB410F72D90C0DA4EB135EC90241EA45
:106B00005051C00241F00041DB0243EA5253D2022D
:106B100043F00043DEF1200C41D312FA0CF522FAC7
:106B20000EF203FA0CF542EA050218BF42F0010228
:106B300023FA0EF3801A9941E30AC4F30A0411F010
:106B4000404F03D418D0013C40004941013C23D4BC
:106B50004205C00A40EA4150C90A51EAC3715FEADE
:106B6000500C72F1004250F1000051EB045130BD65
:106B700001002FD00020203C0029F9D0B1FA81FC7F
:106B8000DCF1200E11FA0CF130FA0EF510FA0CF0CF
:106B90002943A4EB0C04D9E70020D90730BDAEF19E
:106BA000200EBEF1200F0DD2CEF1200C03FA0CF511
:106BB00033FA0EF32A4318BF43F00103C01A61F100
:106BC0000001B9E721F00041C00A40EA4150C90A7A
:106BD00001EB045130BD0020002130BD004218BF40
:106BE00041F00101BCEB410F7FF467AFBCEB430FF9
:106BF0003FF463AF30BD00BFF0B540F2FF7681EAED
:106C0000030C16EA115E1EBFB64516EA1355B542CF
:106C100052D021EA465141F48011A1FB024723EAF8
:106C2000465343F48013AE44A0FB03650CF0004CC4
:106C300036197D41A1FB034747F10003A0FB021772
:106C4000F619654153F10003094218BF46F00106E9
:106C500040F2FE74B3F5007F13D2AEF5806EA64508
:106C600023D24CEA0331280341EA155140EA165079
:106C70003203450872F1004250F1000051EB0E5111
:106C8000F0BDAEF2FF3EA6450FD24CEAC321E802AA
:106C900041EA555140EA5650F202450872F100426D
:106CA00050F1000051EB0E51F0BD1EEA0E0F2DD534
:106CB0000CF000410020F0BD16EA115F04BF01F0A6
:106CC00000410020004218BF41F0010116EA135FA5
:106CD00004BF03F000430022124218BF43F0010337
:106CE00006EA1354B44218BFB64503D00CF0004175
:106CF0000020F0BD21F0004123F00043B1EB065F1E
:106D00000CD8B3EB065F09D841B13BB10CF00041A0
:106D100041F0FE4141F470010020F0BD40F200015D
:106D2000C7F6F8710020F0BD2DE9F04391EA030E9B
:106D30000EF0004E40F20007CFF6E07717EA41056B
:106D40001EBFBD4217EA4305BD4200F09F807F0D84
:106D500017EA135623EA475343F4801317EA1155F1
:106D600021EA475141F48011AD1B05F2FD354FEA90
:106D7000D31C1CF1010C4FF00047B7FBFCF77F015F
:106D8000A2FB079C0024E3FB07C4D9F100096CEBCC
:106D90004C0CA0FB07620020E1FB072000275FEA04
:106DA000C628E0FB0987760D46EAC226520DF61981
:106DB00000277A41E0FB0C625FEAC823E2FB093757
:106DC0005FEA585848EAC628760D18EB07080021F4
:106DD0004E41E2FB0C8602EBC020DA02E6FB092101
:106DE0005B0D43EAC8235FEA58585B18002758EB4D
:106DF0000708E6FB0C38D102E8FB0917520D42EAFE
:106E0000C3225B0DD21900277B41E8FB0C2308EB62
:106E1000C6265FEAC128E3FB0987490D41EAC22182
:106E2000520DC91942F10002E3FB0C12470019EBA5
:106E300008095CEB010C72EB040453EBC62047EB32
:106E400056530026B3F5000F7641AD190236D6F140
:106E5000200910FA09F4F04013FA09F21043F34044
:106E6000E40F001943F10003B3F5001F24BF5B08D2
:106E7000013540F2FE77BD4204D24EEA0551194475
:106E8000BDE8F0832D4224D5714626E0004218BFAC
:106E900041F00101124218BF43F00103B7EB410F6B
:106EA0002CBFB7EB430F1BE0B7EB410F04BFB7EBB1
:106EB000430F15E017EA410F04BF17EA430F0FE035
:106EC00017EA410FE0D017EA430F02D0B7EB430FA8
:106ED000DAD04EF0FE4141F470010020BDE8F083AD
:106EE00040F20001C7F6F871F7E700BFC1F30A539B
:106EF00040F21E42D21A0EDD202A0AD8CB0243EA03
:106F0000505040F00040D04090EAE170B0EBE170AA
:106F10007047002070474B00004218BF43F0010348
:106F200013F5001F88BF21F0004111F0004058BF49
:106F30006FF00040704700BF10F0004160B148BFE3
:106F400040420A0D02F21D42B0FA80F3D21A984074
:106F5000C30A400503EB0251704700BFC0F3C7519D
:106F600091B142004FEA40704FEAD2014FEA31013D
:106F700001F16051B2F17F4F38BF704701F16051AC
:106F800018BF41F40021704710F000410020704705
:106F9000082938BF70470022C0E9002147F6C871B0
:106FA000C2F2000108607047042A08D350F804CBED
:106FB0000B689C4506D1043A0431032AF6D8A2B1E5
:106FC000D0F800C0086880EA0C0191FAA1F1B1FA8A
:106FD00081F1B2EBD10F08D901F038012CFA01F29E
:106FE000C840C0B2D1B2081A70470020704701787B
:106FF000002904BF0020704700214FF001324358A0
:10700000C2FA53F30431002BF9D093FAA3F0B0FA8B
:1070100080F001EBD0000438704700005AB384467A
:1070200090EA01039B071FD1830707D011F8013BAA
:1070300000F8013B013AF7D11CE08446203A09D31D
:107040002DE9F007B1E8F807A0E8F807203AF9D2EF
:10705000BDE8F0071C3205D451F8043B40F8043B6E
:10706000043AF9D2043205D011F8013B00F8013B93
:10707000013AF9D16046704700220B0011001A0056
:1070800084465AB3830704D000F8011B013AF9D1B2
:1070900024E0C9B241EA012141EA0141202A11D389
:1070A000203A2DE9F0030B460C460D460E460F46DE
:1070B00088468946A0E8FA03203AFBD2BDE8F003EF
:1070C00020320BD0042A05D340F8041B043A05D023
:1070D000042AF9D200F8011B013AFBD1604670473F
:1070E00008B50346007858B95A78012A07D09207A4
:1070F00002D5044800F00CF802225A70012008BDA5
:107100000020FCE7B1D503000123037043707047F2
:0A7110000FB408B5FBF79AF9FEE78B
:10711C00B1CC020000000000B50C03000000000020
:10712C00399B0200000000002980020000000000D2
:10713C00C9B0020054410020BD99020000000000BB
:10714C0089BB0200000000009D86020000000000C8
:08715C00F50B03000000000028
:1071640049CE020000000000210D030000000000D1
:107174003921030000000000E123030000000000A7
:1071840010520020D8520020E05200201852002053
:0471940018000000DF
:10719800288C030003030000CC8C030003030000C9
:1071A800D48C030003030000748D03000303000064
:1071B800608E0300030300004C8F030003030000EC
:1071C800EC8F030003030000F48F030003030000A7
:1071D800FC8F030003030000049003000303000076
:1071E80044A20300030304040C90030003030000FB
:1071F8009C81030003030404388B0300030300008D
:107208000C9803000303040420810300030304040F
:10721800849B03000303040410A403000000040477
:1072280038A7030000000303F8A7030000000404C4
:10723800AC84030000000303147F03000000030371
:10724800FC80030000000303C8850300000003035B
:1072580010810300000003035084030000000303AF
:107268004C820300000003038C8A03000000030320
:08727800FC8803000000030381
:1072800068D10300000000007CA10300382B00201F
:107290000000000000000000BDFA02000000000035
:0472A00000000000EA
:1072A400E5900200DD27030051370300F94B03008A
:1072B40041707000496E697469616C697A617469BE
:1072C4006F6E0000436861726765000057616974FE
:1072D40000000000536C6F7720436861726765207B
:1072E400416E64205363616E000000004D616E7551
:1072F400616C000053746174654D616368696E6507
:107304003A204E65772049504720646174612072A9
:1073140065636569766564004368617267696E6771
:1073240020506172616D65746572733A00000000EB
:10733400202056524543545F4445546E3A202564F8
:10734400202830203D20636F696C2070726573655E
:107354006E742900202056524543545F4F56506E98
:107364003A202564202831203D204F4B2C2030200A
:107374003D204F5650290000202056636867207234
:1073840061696C20737570706C79206369726375C0
:10739400697420706F77657220676F6F643A202577
:1073A40064000000202043484731207374617475E1
:1073B400733A2025642C20434847315F4F56505F71
:1073C4004552526E3A202564202831203D204F4BEF
:1073D4002C2030203D204F565029000020204348C7
:1073E4004732207374617475733A2025642C2043EA
:1073F4004847325F4F56505F4552526E3A202564DB
:10740400202831203D204F4B2C2030203D204F564A
:1074140050290000546865726D616C20506172617E
:107424006D65746572733A002020546865726D202E
:107434007265666572656E63653A202564000000B6
:107444002020546865726D206F757075743A20251C
:10745400640000002020546865726D206F666673B6
:1074640065743A2025640000426174746572792061
:10747400766F6C74616765206D65617375726564A0
:107484003A2042617474413D2575206D5620426155
:107494007474423D2575206D560000005465737464
:1074A40020496E666F726D6174696F6E3A000000F8
:1074B4002020485620537570706C7920456E6162A7
:1074C4006C653A2025640000202056444453205320
:1074D4007570706C7920456E61626C653A20256424
:1074E4000000000020205644444120537570706C05
:1074F4007920456E61626C653A20256400000000C5
:1075040053746174654D616368696E653A204368BC
:10751400617267696E6720696E2070726F67726549
:1075240073732028434847313D256420434847323C
:107534003D25642050474F4F443D256420426174EB
:1075440074413D25752042617474423D2575206D5A
:107554005629000053746174654D616368696E65F2
:107564003A20416C6C2062617474657269657320A1
:10757400636861726765642028434847313D256428
:1075840020434847323D25642050474F4F443D2512
:10759400642042617474413D2575204261747442D3
:1075A4003D2575206D562900436861726765205337
:1075B400746174653A20504D4320706F7765722072
:1075C4006F6E0A00417070207374617465206D6180
:1075D4006368696E653A20496E697469616C697A99
:1075E4006174696F6E20537461746520456E7472A2
:1075F400790A00004D616E75616C20537461746585
:107604003A20564343207261696C204F4E2C205718
:1076140050542069646C652C20636F696C20484564
:107624004C44204F4646202D2070726573732027EA
:10763400732720746F207472616E736D69740A000D
:107644004D616E75616C2053746174653A206D618F
:107654006E75616C206D6F646520656E6465642C65
:10766400207368757474696E6720646F776E0A009E
:107674004D616E75616C2053746174653A20427576
:1076840074746F6E20312069676E6F72656420694F
:107694006E206D616E75616C206D6F6465202D20A8
:1076A40075736520276E272C206F722042757474C1
:1076B4006F6E203220746F2072657365740A000047
:1076C40052656365697665642053797374656D20CA
:1076D4006576656E7420256420696E207363616E1F
:1076E4002073746174650000486561727462656139
:1076F400742076616C75652025640A005750542007
:1077040043686172676572204E54432054656D70FE
:107714006572617475726520256420430A00000057
:107724004261747465727920766F6C746167652048
:107734006C6576656C202564206D560A0000000097
:1077440048656172746265617454696D65720000A4
:1077540053797374656D4163746976654F626A65C4
:107764006374000053797374656D20496E6974699C
:10777400616C697A6564202D2056657273696F6E39
:107784002025642E25642E256420282573290A00CB
:1077940048542D49452D4649482D465700000000C0
:1077A40053746172742073797374656D20696E69A2
:1077B4007469616C697A6174696F6E200A000000F3
:1077C40053797374656D20696E697469616C697A43
:1077D4006174696F6E20646F6E65200A000000009A
:1077E40053797374656D20537461727473204544C6
:1077F400410A000043616C6C6261636B20657865CB
:10780400637574656420666F72206576656E742096
:10781400256420696E20706F727420256400000056
:107824004E6F2063616C6C6261636B206465666992
:107834006E656420666F72206576656E74202564BB
:1078440020696E20706F7274202564002F55736553
:1078540072732F616C657862616C6477696E2F4412
:1078640065736B746F702F4F70656E4E65727665BD
:107874002D436861726765722F4669726D77617214
:10788400652F536F757263652D436F64652F737233
:10789400632F68616C5F6C617965722F68616C5FDE
:1078A4006164632E63707000426174746572792040
:1078B4006D6561737572656D656E74207374617244
:1078C4007465640A000000005374617274696E6721
:1078D400207363616E2E00002F55736572732F61E0
:1078E4006C657862616C6477696E2F4465736B7440
:1078F4006F702F4F70656E4E657276652D436861AB
:10790400726765722F4669726D776172652F536F66
:10791400757263652D436F64652F7372632F68619D
:107924006C5F6C617965722F68616C5F626C652E47
:1079340063707000427574746F6E202575207072C8
:1079440065737365640A0000427574746F6E202554
:10795400752072656C65617365640A002F557365E3
:1079640072732F616C657862616C6477696E2F4401
:1079740065736B746F702F4F70656E4E65727665AC
:107984002D436861726765722F4669726D77617203
:10799400652F536F757263652D436F64652F737222
:1079A400632F68616C5F6C617965722F68616C5FCD
:1079B400627574746F6E2E6370700000546F6F2064
:1079C4006D616E7920627574746F6E732E204D61D3
:1079D4007820616C6C6F7765643A2025640A000036
:1079E4004572726F722077726974696E6720746F62
:1079F4002044414320726567697374657200000016
:107A04005374617274204446552070726F636573B9
:107A1400732C207468652073797374656D2077699D
:107A24006C6C2072657365740D0A00004661696CA4
:107A3400656420746F20636C656172204750524501
:107A4400475245543A2025640D0A00004661696C8A
:107A5400656420746F207365742044465520666CF9
:107A640061673A2025640D0A00000000537973749D
:107A7400656D20726573657420666F722044465587
:107A8400206D6F64650D0A002E2E2F2E2E2F636F2E
:107A940072655F6C617965722F73646B2F6E7266A9
:107AA400352F6E5246355F53444B5F31372E312E9E
:107AB400305F646464653536302F6D6F64756C6552
:107AC400732F6E7266782F68616C2F6E72665F67B3
:107AD40070696F2E680000002F55736572732F61F3
:107AE4006C657862616C6477696E2F4465736B743E
:107AF4006F702F4F70656E4E657276652D436861A9
:107B0400726765722F4669726D776172652F536F64
:107B1400757263652D436F64652F7372632F636F92
:107B240072655F6C617965722F73646B2F6E726618
:107B3400352F6E5246355F53444B5F31372E312E0D
:107B4400305F646464653536302F636F6D706F6EBB
:107B5400656E74732F626C652F636F6D6D6F6E2F1E
:107B6400626C655F636F6E6E5F73746174652E63C0
:107B740000000000546865206C6F63616C206461D0
:107B840074616261736520686173206368616E6704
:107B940065642C20736F20736F6D65207375627339
:107BA4006372697074696F6E7320746F206E6F7482
:107BB400696669636174696F6E7320616E642069BC
:107BC4006E6469636174696F6E7320636F756C644E
:107BD400206E6F7420626520726573746F726564C1
:107BE40020666F7220636F6E6E5F68616E646C6591
:107BF400202564006773636D5F6C6F63616C5F6401
:107C0400625F63616368655F6170706C79282920C5
:107C140072657475726E6564202573207768696374
:107C2400682073686F756C64206E6F74206861706F
:107C340070656E2E20636F6E6E5F68616E646C6536
:107C44003A202564000000002E2E2F2E2E2F636F65
:107C540072655F6C617965722F73646B2F6E7266E7
:107C6400352F6E5246355F53444B5F31372E312EDC
:107C7400305F646464653536302F636F6D706F6E8A
:107C8400656E74732F6C69627261726965732F6DAE
:107C9400757465782F6E72665F6D74782E68000057
:107CA4002F55736572732F616C657862616C6477AC
:107CB400696E2F4465736B746F702F4F70656E4ED1
:107CC400657276652D436861726765722F466972C5
:107CD4006D776172652F536F757263652D436F64A1
:107CE400652F7372632F636F72655F6C6179657260
:107CF4002F73646B2F6E7266352F6E5246355F5349
:107D0400444B5F31372E312E305F64646465353601
:107D1400302F636F6D706F6E656E74732F626C6558
:107D24002F706565725F6D616E616765722F676143
:107D340074745F63616368655F6D616E61676572CA
:107D44002E630000466C6173682066756C6C2E208F
:107D5400436F756C64206E6F742073746F7265204A
:107D64006461746120666F7220636F6E6E5F686118
:107D74006E646C653A202564000000006773636DCF
:107D84005F6C6F63616C5F64625F63616368655FAE
:107D940075706461746528292072657475726E65E6
:107DA4006420257320666F7220636F6E6E5F686156
:107DB4006E646C653A202564000000006773636D8F
:107DC4005F736572766963655F6368616E67656436
:107DD4005F696E645F73656E6428292072657475CB
:107DE400726E656420257320666F7220636F6E6EF9
:107DF4005F68616E646C653A2025640043415220DB
:107E0400636861722076616C756520636F756C645C
:107E14006E27742062652073746F72656420286510
:107E240072726F723A202573292E20526561747420
:107E3400656D70742077696C6C2068617070656E14
:107E4400206F6E20746865206E65787420636F6E91
:107E54006E656374696F6E2E00000000556E657860
:107E6400706563746564204741545420737461746D
:107E74007573207768696C652067657474696E67CB
:107E84002043415220636861722076616C75653AC3
:107E940020307825780000004D756C7469706C652D
:107EA400202825642920434152206368617261635C
:107EB40074657269737469637320666F756E642C7C
:107EC400207573696E6720746865206669727374BF
:107ED4002E000000556E65787065637465642043F8
:107EE4004152206368617261637465726973746975
:107EF400632076616C7565206C656E6774682028F4
:107F04002564292C2073746F726520302E000000C4
:107F1400706565725F6D616E616765725F67636DE1
:107F2400000000007064735F706565725F64617463
:107F3400615F73746F726528292072657475726E3F
:107F44006564202573207768696C652073746F728B
:107F5400696E672073657276696365206368616E14
:107F6400676564737461746520666F7220706565FB
:107F7400722069642025642E000000007064625F32
:107F8400706565725F646174615F7074725F676568
:107F94007428292072657475726E656420257320B7
:107FA400666F7220636F6E6E5F68616E646C653AB3
:107FB4002025640044696420616E6F7468657220D2
:107FC400746872656164206D616E6970756C61744A
:107FD4006520504D5F504545525F444154415F49CF
:107FE400445F474154545F4C4F43414C20666F7289
:107FF40020706565725F6964202564206174207453
:1080040068652073616D652074696D653F207064D7
:10801400625F77726974655F6275665F72656C65CD
:1080240061736528292072657475726E65642025F4
:10803400732E000073645F626C655F6761747473B0
:108044005F7379735F617474725F73657428292038
:1080540072657475726E6564204E52465F45525265
:108064004F525F494E56414C49445F44415441206C
:10807400666F72204E554C4C20706F696E74657239
:108084002077686963682073686F756C64206E6517
:108094007665722068617070656E2E20636F6E6EF7
:1080A4005F68616E646C653A2025640073645F6286
:1080B4006C655F67617474735F696E697469616C20
:1080C4005F757365725F68616E646C655F67657424
:1080D40028292072657475726E6564202573207773
:1080E400686963682073686F756C64206E6F7420B0
:1080F40068617070656E2E00706565725F6D616E8B
:10810400616765725F6773636D0000007065657217
:108114005F6D616E616765725F696D006E72665F47
:10812400626C655F6761747400000000424C455FD7
:108134004741505F5343414E5F54494D454F555459
:1081440000000000436F6E6E656374696E67000023
:10815400436F6E6E656374696F6E207374617475BA
:10816400733A20256400000073645F626C655F6786
:1081740061705F7363616E5F7374617274207265A2
:108184007475726E65642030782578005363616E6F
:108194006E696E6700000000626C655F7363616EF8
:1081A40000000000436F756C64206E6F742064657A
:1081B4006C657465207065657220646174612E203D
:1081C4006664735F66696C655F64656C6574652875
:1081D400292072657475726E656420307825782064
:1081E400666F7220706565725F69643A2025640069
:1081F400436F756C64206E6F7420777269746520A8
:108204006461746120746F20666C6173682E2066EB
:1082140064735F7265636F72645F7B7772697465A0
:108224007C7570646174657D28292072657475722B
:108234006E656420307825782E20706565725F69DC
:10824400643A202564000000706565725F6D616E9C
:10825400616765725F70647300000000706D5F6237
:1082640075666665725F7074725F6765742829202D
:10827400636F756C64206E6F7420726574726965C7
:1082840076652052414D206275666665722E2062C5
:108294006C6F636B5F69643A202564007064735F7C
:1082A400706565725F646174615F73746F72652871
:1082B400292072657475726E65642025732E207092
:1082C4006565725F69643A2025640000536F6D65CB
:1082D4002070656572206461746120776173206E1B
:1082E4006F742070726F7065726C79207772697424
:1082F40074656E20746F20666C6173682E207772CB
:108304006974655F6275665F73746F72652829208E
:1083140072657475726E656420257320666F7220B1
:10832400706565725F69643A2025640043616E6E0E
:108334006F742073746F7265206461746120746F4C
:1083440020666C6173682062656361757365207073
:108354006D5F6275666665725F7074725F6765747F
:10836400282920636F756C64206E6F7420726574A5
:1083740072696576652052414D2062756666657244
:108384002E20497320626C6F636B5F6964202564DF
:10839400206E6F7420616C6C6F63617465643F0060
:1083A4007064625F77726974655F6275665F726537
:1083B4006C6561736528292072657475726E6564D5
:1083C4002025732077686963682073686F756C640F
:1083D400206E6F742068617070656E2E2070656504
:1083E400725F69643A2025642C20646174615F695A
:1083F400643A2025640000005065657220494420D9
:10840400256420776173206E6F742070726F7065BD
:10841400726C792072656C65617365642E2070647A
:10842400735F706565725F69645F6672656528294C
:108434002072657475726E65642025732E207065D4
:1084440065725F69643A2025640000007065657296
:108454005F6D616E616765725F7064620000000049
:10846400436F756C64206E6F7420726574726569F5
:1084740076652072616E6B732E207064625F706526
:1084840065725F646174615F6C6F61642829207236
:10849400657475726E65642025732E20706565722F
:1084A4005F69643A20256400706565725F6D616E72
:1084B40061676572000000005570646174650000B6
:1084C40044656C65746500004F757464617465641B
:1084D4002028302900000000536572766963652006
:1084E4006368616E6765642070656E64696E672099
:1084F400666C6167000000004F75746461746564A4
:1085040020283229000000004F757464617465648A
:1085140020283329000000004170706C6963617485
:10852400696F6E20646174610000000052656D6FB4
:10853400746520646174616261736500506565727D
:108544002072616E6B000000426F6E64696E67207A
:1085540064617461000000004C6F63616C206461AD
:10856400746162617365000043656E7472616C20AE
:1085740061646472657373207265736F6C7574697A
:108584006F6E0000456E6372797074696F6E0000DF
:10859400426F6E64696E670050616972696E67004C
:1085A400496E76616C696420526F6C65000000004E
:1085B4005065726970686572616C000043656E7421
:1085C40072616C00706565725F6D616E6167657282
:1085D4005F68616E646C657200000000496E7465CA
:1085E400726E616C206572726F723A20257320720C
:1085F40065636569766564204E554C4C20666F72E0
:1086040020705F7365635F6B65797365742E00001A
:10861400436F756C64206E6F742072657472696543
:1086240076652052414D2062756666657220666FDC
:108634007220696E636F6D696E6720626F6E642E5F
:10864400207064625F77726974655F6275665F67E4
:10865400657428292072657475726E6564202573AB
:108664002E20636F6E6E5F68616E646C653A2025C0
:1086740064000000696D5F626C655F616464725FD1
:1086840067657428292072657475726E6564202587
:10869400732E20636F6E6E5F68616E646C653A2042
:1086A40025642E204C696E6B20776173206C696B96
:1086B400656C7920646973636F6E6E656374656459
:1086C4002E000000436F756C64206E6F7420636C21
:1086D40065616E20757020616674657220666169DB
:1086E4006C656420626F6E64696E672070726F637C
:1086F40065647572652E207064625F777269746553
:108704005F6275665F72656C6561736528292072A6
:10871400657475726E65642025732E20636F6E6EAA
:108724005F68616E646C653A2025642E0000000069
:1087340073645F626C655F6761705F7365635F69D3
:108744006E666F5F7265706C792829207265747526
:10875400726E6564204E52465F45524F525F494ED9
:1087640056414C49445F53544154452C2077686921
:10877400636820697320616E6572726F7220756E12
:108784006C65737320746865206C696E6B20697303
:1087940020646973636F6E6E656374696E672E001F
:1087A400436F756C64206E6F7420636F6D706C65BD
:1087B400746520656E6372797074696F6E2070726F
:1087C4006F6365647572652E2073645F626C655FA8
:1087D4006761705F7365635F696E666F5F72657012
:1087E4006C7928292072657475726E65642025730E
:1087F4002E20636F6E6E5F68616E646C653A20252F
:10880400642C20706565725F69643A2025642E00CB
:1088140052414D2062756666657220666F72206EE5
:10882400657720626F6E642077617320756E617660
:1088340061696C61626C652E207064625F77726935
:1088440074655F6275665F67657428292072657454
:1088540075726E65642025732E20636F6E6E5F687B
:10886400616E646C653A2025642E0000436F756C5C
:1088740064206E6F7420616C6C6F63617465206E2C
:10888400657720706565725F696420666F72206920
:108894006E636F6D696E6720626F6E642E000000F8
:1088A400436F756C64206E6F742073746F726520EF
:1088B400626F6E642E207064625F77726974655FA4
:1088C4006275665F73746F726528292072657475AA
:1088D400726E65642025732E20636F6E6E5F68610F
:1088E4006E646C653A2025642C20706565725F693E
:1088F400643A202564000000706565725F6D616EE6
:10890400616765725F736D640000000043616E6EA1
:108914006F7420736563757265206C696E6B206279
:1089240065636175736520612070726576696F7522
:10893400732073656375726974792070726F6365EF
:108944006475726520656E64656420696E2074695F
:108954006D656F75742E20446973636F6E6E656305
:108964007420616E642072657472792E20736D6454
:108974005F706172616D735F7265706C7928292014
:108984006F7220736D645F6C696E6B5F7365637582
:10899400726528292072657475726E6564204E5262
:1089A400465F4552524F525F54494D454F55542EE0
:1089B40020636F6E6E5F68616E646C653A20256437
:1089C40000000000436F756C64206E6F7420706546
:1089D40072666F726D207365637572697479207045
:1089E400726F6365647572652E20736D645F706168
:1089F40072616D735F7265706C792829206F7220C3
:108A0400736D645F6C696E6B5F7365637572652803
:108A1400292072657475726E65642025732E206337
:108A24006F6E6E5F68616E646C653A202564000049
:108A3400436F756C64206E6F7420706572666F721C
:108A44006D2073656375726974792070726F6365E4
:108A5400647572652E20736D645F6C696E6B5F73F1
:108A6400656375726528292072657475726E656414
:108A74002025732E20636F6E6E5F68616E646C6573
:108A84003A20256400000000706565725F6D616EB8
:108A9400616765725F736D002F55736572732F6123
:108AA4006C657862616C6477696E2F4465736B746E
:108AB4006F702F4F70656E4E657276652D436861D9
:108AC400726765722F4669726D776172652F536F95
:108AD400757263652D436F64652F7372632F636FC3
:108AE40072655F6C617965722F73646B2F6E726649
:108AF400352F6E5246355F53444B5F31372E312E3E
:108B0400305F646464653536302F696E74656772EE
:108B14006174696F6E2F6E7266782F6C656761631E
:108B2400792F6E72665F6472765F636C6F636B2E0F
:108B340063000000636C6F636B0000002E2E2F2E09
:108B44002E2F636F72655F6C617965722F73646B2E
:108B54002F6E7266352F6E5246355F53444B5F312C
:108B6400372E312E305F646464653536302F696E7C
:108B7400746567726174696F6E2F6E7266782F6E9A
:108B84007266785F676C75652E6800002F55736593
:108B940072732F616C657862616C6477696E2F44BF
:108BA40065736B746F702F4F70656E4E657276656A
:108BB4002D436861726765722F4669726D776172C1
:108BC400652F536F757263652D436F64652F7372E0
:108BD400632F636F72655F6C617965722F73646B69
:108BE4002F6E7266352F6E5246355F53444B5F319C
:108BF400372E312E305F646464653536302F6D6FE7
:108C040064756C65732F6E7266782F64726976650D
:108C140072732F7372632F6E7266785F636C6F6307
:108C24006B2E6300434C4F434B0000002F5573657C
:108C340072732F616C657862616C6477696E2F441E
:108C440065736B746F702F4F70656E4E65727665C9
:108C54002D436861726765722F4669726D77617220
:108C6400652F536F757263652D436F64652F73723F
:108C7400632F636F72655F6C617965722F73646BC8
:108C84002F6E7266352F6E5246355F53444B5F31FB
:108C9400372E312E305F646464653536302F6D6F46
:108CA40064756C65732F6E7266782F64726976656D
:108CB40072732F7372632F6E7266785F6770696F59
:108CC40074652E63000000004750494F544500006E
:108CD400505049002F55736572732F616C6578622B
:108CE400616C6477696E2F4465736B746F702F4F7A
:108CF40070656E4E657276652D4368617267657244
:108D04002F4669726D776172652F536F7572636553
:108D14002D436F64652F7372632F636F72655F6C8D
:108D2400617965722F73646B2F6E7266352F6E5284
:108D340046355F53444B5F31372E312E305F6464C8
:108D440064653536302F6D6F64756C65732F6E7284
:108D540066782F647269766572732F7372632F70ED
:108D640072732F6E7266785F7072732E63000000E8
:108D7400505253002E2E2F2E2E2F636F72655F6C70
:108D8400617965722F73646B2F6E7266352F6E5224
:108D940046355F53444B5F31372E312E305F646468
:108DA40064653536302F6D6F64756C65732F6E7224
:108DB40066782F68616C2F6E72665F70776D2E68AF
:108DC400000000002F55736572732F616C65786223
:108DD400616C6477696E2F4465736B746F702F4F89
:108DE40070656E4E657276652D4368617267657253
:108DF4002F4669726D776172652F536F7572636563
:108E04002D436F64652F7372632F636F72655F6C9C
:108E1400617965722F73646B2F6E7266352F6E5293
:108E240046355F53444B5F31372E312E305F6464D7
:108E340064653536302F6D6F64756C65732F6E7293
:108E440066782F647269766572732F7372632F6EFE
:108E54007266785F70776D2E6300000050574D0086
:108E64002F55736572732F616C657862616C6477DA
:108E7400696E2F4465736B746F702F4F70656E4EFF
:108E8400657276652D436861726765722F466972F3
:108E94006D776172652F536F757263652D436F64CF
:108EA400652F7372632F636F72655F6C617965728E
:108EB4002F73646B2F6E7266352F6E5246355F5377
:108EC400444B5F31372E312E305F64646465353630
:108ED400302F6D6F64756C65732F6E7266782F64B6
:108EE4007269766572732F7372632F6E7266785F20
:108EF40073616164632E63002E2E2F2E2E2F636FF9
:108F040072655F6C617965722F73646B2F6E726624
:108F1400352F6E5246355F53444B5F31372E312E19
:108F2400305F646464653536302F6D6F64756C65CD
:108F3400732F6E7266782F68616C2F6E72665F7322
:108F4400616164632E6800005341414443000000A2
:108F54002F55736572732F616C657862616C6477E9
:108F6400696E2F4465736B746F702F4F70656E4E0E
:108F7400657276652D436861726765722F46697202
:108F84006D776172652F536F757263652D436F64DE
:108F9400652F7372632F636F72655F6C617965729D
:108FA4002F73646B2F6E7266352F6E5246355F5386
:108FB400444B5F31372E312E305F6464646535363F
:108FC400302F6D6F64756C65732F6E7266782F64C5
:108FD4007269766572732F7372632F6E7266785F2F
:108FE4007370696D2E6300005350494D00000000FA
:108FF40054494D45520000005541525400000000B0
:1090040055415254450000006170705F627574747C
:109014006F6E0000534F46544445564943453A2029
:10902400415353455254494F4E204641494C4544BF
:1090340000000000534F46544445564943453A20E6
:10904400494E56414C4944204D454D4F52592041BB
:109054004343455353000000415353455254494F31
:109064004E204641494C45442061742025733A25DD
:10907400750000004552524F52202575205B257320
:109084005D2061742025733A25750D0A50432061D3
:10909400743A20307825303878000000456E64201A
:1090A4006F66206572726F72207265706F727400E1
:1090B400554E4B4E4F574E204641554C54206174EB
:1090C40020307825303858002F55736572732F611E
:1090D4006C657862616C6477696E2F4465736B7438
:1090E4006F702F4F70656E4E657276652D436861A3
:1090F400726765722F4669726D776172652F536F5F
:10910400757263652D436F64652F7372632F636F8C
:1091140072655F6C617965722F73646B2F6E726612
:10912400352F6E5246355F53444B5F31372E312E07
:10913400305F646464653536302F636F6D706F6EB5
:10914400656E74732F6C69627261726965732F75D1
:1091540074696C2F6170705F7574696C5F706C6199
:1091640074666F726D2E63002F55736572732F6171
:109174006C657862616C6477696E2F4465736B7497
:109184006F702F4F70656E4E657276652D43686102
:10919400726765722F4669726D776172652F536FBE
:1091A400757263652D436F64652F7372632F636FEC
:1091B40072655F6C617965722F73646B2F6E726672
:1091C400352F6E5246355F53444B5F31372E312E67
:1091D400305F646464653536302F636F6D706F6E15
:1091E400656E74732F6C69627261726965732F6640
:1091F40064732F6664732E63000000004841524478
:10920400204641554C54206174203078253038581C
:1092140000000000202052303A20203078253038D9
:1092240058202052313A20203078253038582020D8
:1092340052323A2020307825303858202052333AA0
:10924400202030782530385800000000202052318A
:10925400323A2030782530385820204C523A202099
:1092640030782530385820205053523A2030782511
:1092740030385800537461636B2076696F6C617485
:10928400696F6E3A20737461636B20706F696E74DA
:109294006572206F75747369646520737461636BA0
:1092A40020617265612E000043617573653A204246
:1092B40075734661756C74206F6E206120766563EA
:1092C400746F72207461626C6520726561642064DD
:1092D4007572696E6720657863657074696F6E2056
:1092E40070726F63657373696E672E004361757383
:1092F400653A2025732E00004D656D4D616E6167E2
:1093040065204661756C7420416464726573733AB8
:109314002030782530385800427573204661756CCA
:109324007420416464726573733A20307825303850
:10933400580000005468652070726F636573736F22
:10934400722068617320617474656D707465642043
:10935400746F206578656375746520616E20756E21
:10936400646566696E656420696E7374727563748E
:10937400696F6E005468652070726F636573736FF4
:109384007220617474656D707465642061206C6F03
:109394006164206F722073746F7265206174206140
:1093A400206C6F636174696F6E20746861742064EB
:1093B4006F6573206E6F74207065726D69742074AC
:1093C4006865206F7065726174696F6E00000000DB
:1093D400556E737461636B20666F7220616E2065D5
:1093E4007863657074696F6E2072657475726E202F
:1093F40068617320636175736564206F6E65206FA7
:1094040072206D6F72652061636365737320766982
:109414006F6C6174696F6E73000000005374616354
:109424006B696E6720666F7220616E206578636574
:109434007074696F6E20656E747279206861732030
:10944400636175736564206F6E65206F72206D6F44
:109454007265206163636573732076696F6C6174F0
:10946400696F6E730000000041204D656D4D616EA3
:10947400616765206661756C74206F6363757272D1
:10948400656420647572696E6720666C6F617469C7
:109494006E672D706F696E74206C617A79207374B5
:1094A40061746520707265736572766174696F6E3C
:1094B40000000000496E737472756374696F6E20E6
:1094C400627573206572726F72000000446174618A
:1094D40020627573206572726F7220285043207663
:1094E400616C756520737461636B656420666F726B
:1094F4002074686520657863657074696F6E207286
:10950400657475726E20706F696E747320746F2049
:1095140074686520696E737472756374696F6E2004
:109524007468617420636175736564207468652070
:109534006661756C742900004461746120627573FE
:10954400206572726F72202872657475726E206164
:1095540064647265737320696E2074686520737423
:1095640061636B206672616D65206973206E6F7430
:109574002072656C6174656420746F207468652062
:10958400696E737472756374696F6E207468617444
:109594002063617573656420746865206572726FF9
:1095A40072290000556E737461636B20666F7220BC
:1095B400616E20657863657074696F6E207265747E
:1095C40075726E2068617320636175736564206FC2
:1095D4006E65206F72206D6F7265204275734661EF
:1095E400756C747300000000537461636B696E677B
:1095F40020666F7220616E20657863657074696F90
:109604006E20656E7472792068617320636175736E
:109614006564206F6E65206F72206D6F72652042E5
:1096240075734661756C74730000000041206275A7
:1096340073206661756C74206F6363757272656400
:1096440020647572696E6720666C6F6174696E67F9
:109654002D706F696E74206C617A792073746174F3
:109664006520707265736572766174696F6E00004F
:109674005468652070726F636573736F72206861DC
:109684007320617474656D7074656420746F2065F3
:1096940078656375746520616E20696E7374727584
:1096A4006374696F6E2074686174206D616B657397
:1096B40020696C6C6567616C20757365206F66202A
:1096C40074686520455053520000000054686520BA
:1096D40070726F636573736F722068617320617455
:1096E40074656D7074656420616E20696C6C656767
:1096F400616C206C6F6164206F66204558435F5233
:10970400455455524E20746F207468652050432C84
:10971400206173206120726573756C74206F6620FC
:10972400616E20696E76616C696420636F6E746526
:1097340078742C206F7220616E20696E76616C697A
:1097440064204558435F52455455524E2076616C0F
:10975400756500005468652070726F636573736F7C
:10976400722068617320617474656D70746564201F
:10977400746F20616363657373206120636F70721B
:109784006F636573736F72005468652070726F63E2
:109794006573736F7220686173206D616465206105
:1097A4006E20756E616C69676E6564206D656D6FA2
:1097B40072792061636365737300000054686520E7
:1097C40070726F636573736F72206861732065785C
:1097D40065637574656420616E2053444956206F37
:1097E40072205544495620696E73747275637469A6
:1097F4006F6E207769746820612064697669736F7D
:1098040072206F6620300000686172646661756C56
:10981400740000002F55736572732F616C65786254
:10982400616C6477696E2F4465736B746F702F4F2E
:1098340070656E4E657276652D43686172676572F8
:109844002F4669726D776172652F536F7572636508
:109854002D436F64652F7372632F636F72655F6C42
:10986400617965722F73646B2F6E7266352F6E5239
:1098740046355F53444B5F31372E312E305F64647D
:1098840064653536302F636F6D706F6E656E7473FB
:109894002F6C69627261726965732F62616C6C6F9F
:1098A400632F6E72665F62616C6C6F632E6300007F
:1098B4002F55736572732F616C657862616C647780
:1098C400696E2F4465736B746F702F4F70656E4EA5
:1098D400657276652D436861726765722F46697299
:1098E4006D776172652F536F757263652D436F6475
:1098F400652F7372632F636F72655F6C6179657234
:109904002F73646B2F6E7266352F6E5246355F531C
:10991400444B5F31372E312E305F646464653536D5
:10992400302F65787465726E616C2F667072696E23
:1099340074662F6E72665F667072696E74662E63EB
:10994400000000002F55736572732F616C65786297
:10995400616C6477696E2F4465736B746F702F4FFD
:1099640070656E4E657276652D43686172676572C7
:109974002F4669726D776172652F536F75726365D7
:109984002D436F64652F7372632F636F72655F6C11
:10999400617965722F73646B2F6E7266352F6E5208
:1099A40046355F53444B5F31372E312E305F64644C
:1099B40064653536302F65787465726E616C2F6618
:1099C4007072696E74662F6E72665F667072696E0D
:1099D40074665F666F726D61742E6300705F667388
:1099E40000000000257320636865636B206661696D
:1099F4006C656420696E2025732829207769746852
:109A04002076616C756520307825782E0000000082
:109A1400705F617069000000705F66732D3E705F57
:109A240061706900705F6465737400006C656E003A
:109A3400616464725F69735F616C69676E656433E6
:109A44003228737263290000616464725F69735F12
:109A540077697468696E5F626F756E647328705F8E
:109A640066732C207372632C206C656E29000000D1
:109A7400705F73726300000021286C656E202520DE
:109A8400705F66732D3E705F666C6173685F696EAC
:109A9400666F2D3E70726F6772616D5F756E69746B
:109AA40029000000616464725F69735F616C6967B7
:109AB4006E6564333228646573742900616464726A
:109AC4005F69735F616C69676E65643332282875FA
:109AD400696E7433325F7429705F73726329000096
:109AE400616464725F69735F77697468696E5F62E9
:109AF4006F756E647328705F66732C20646573746D
:109B04002C206C656E290000616464725F69735F68
:109B1400706167655F616C69676E656428705F6614
:109B2400732C20706167655F6164647229000000B2
:109B3400616464725F69735F77697468696E5F6298
:109B44006F756E647328705F66732C20706167652F
:109B54005F616464722C20286C656E202A20705F1B
:109B640066732D3E705F666C6173685F696E666FC5
:109B74002D3E65726173655F756E697429290000F5
:109B84006E72665F6673746F7261676500000000D1
:109B94002F55736572732F616C657862616C64779D
:109BA400696E2F4465736B746F702F4F70656E4EC2
:109BB400657276652D436861726765722F466972B6
:109BC4006D776172652F536F757263652D436F6492
:109BD400652F7372632F636F72655F6C6179657251
:109BE4002F73646B2F6E7266352F6E5246355F533A
:109BF400444B5F31372E312E305F646464653536F3
:109C0400302F636F6D706F6E656E74732F6C696245
:109C14007261726965732F6D656D6F626A2F6E7202
:109C2400665F6D656D6F626A2E6300002F55736504
:109C340072732F616C657862616C6477696E2F440E
:109C440065736B746F702F4F70656E4E65727665B9
:109C54002D436861726765722F4669726D77617210
:109C6400652F536F757263652D436F64652F73722F
:109C7400632F636F72655F6C617965722F73646BB8
:109C84002F6E7266352F6E5246355F53444B5F31EB
:109C9400372E312E305F646464653536302F636F40
:109CA4006D706F6E656E74732F6C69627261726928
:109CB40065732F6578706572696D656E74616C5F2C
:109CC40073656374696F6E5F766172732F6E72660B
:109CD4005F73656374696F6E5F697465722E630088
:109CE4004E52465F53554343455353004E52465FCD
:109CF4004552524F525F5356435F48414E444C4580
:109D0400525F4D495353494E470000004E52465F3F
:109D14004552524F525F534F46544445564943456A
:109D24005F4E4F545F454E41424C45440000000095
:109D34004E52465F4552524F525F494E5445524E21
:109D4400414C00004E52465F4552524F525F4E4FB7
:109D54005F4D454D000000004E52465F4552524F44
:109D6400525F4E4F545F464F554E44004E52465F2D
:109D74004552524F525F4E4F545F535550504F52BD
:109D8400544544004E52465F4552524F525F494E2D
:109D940056414C49445F504152414D004E52465F3A
:109DA4004552524F525F494E56414C49445F5354B9
:109DB400415445004E52465F4552524F525F494E00
:109DC40056414C49445F4C454E47544800000000FE
:109DD4004E52465F4552524F525F494E56414C498E
:109DE400445F464C414753004E52465F4552524FE2
:109DF400525F494E56414C49445F4441544100002E
:109E04004E52465F4552524F525F444154415F5354
:109E1400495A45004E52465F4552524F525F54498B
:109E24004D454F55540000004E52465F4552524F27
:109E3400525F4E554C4C00004E52465F4552524FB5
:109E4400525F464F5242494444454E004E52465F8B
:109E54004552524F525F494E56414C49445F41442A
:109E6400445200004E52465F4552524F525F425593
:109E7400535900004E52465F4552524F525F434F72
:109E84004E4E5F434F554E54000000004E52465F05
:109E94004552524F525F5245534F5552434553001A
:109EA4004E52465F4552524F525F4D4F44554C45BA
:109EB4005F4E4F545F494E495449414C495A4544B9
:109EC400000000004E52465F4552524F525F4D55BE
:109ED4005445585F494E49545F4641494C454400F6
:109EE4004E52465F4552524F525F4D555445585F4E
:109EF4004C4F434B5F4641494C4544004E52465FEC
:109F04004552524F525F4D555445585F554E4C4F34
:109F1400434B5F4641494C45440000004E52465F66
:109F24004552524F525F4D555445585F434F4E442E
:109F34005F494E49545F4641494C45440000000086
:109F44004E52465F4552524F525F4D4F44554C4519
:109F54005F414C52454144595F494E495449414C33
:109F6400495A4544000000004E52465F4552524F44
:109F7400525F53544F524147455F46554C4C000085
:109F84004E52465F4552524F525F4150495F4E4FC9
:109F9400545F494D504C454D454E544544000000D6
:109FA4004E52465F4552524F525F464541545552B8
:109FB400455F4E4F545F454E41424C4544000000BE
:109FC4004E52465F4552524F525F494F5F50454E85
:109FD40044494E47000000004E52465F4552524FDE
:109FE400525F4452565F5457495F4552525F4F5631
:109FF400455252554E0000004E52465F4552524F54
:10A00400525F4452565F5457495F4552525F414E26
:10A0140041434B004E52465F4552524F525F4452A9
:10A02400565F5457495F4552525F444E41434B007B
:10A034004E52465F4552524F525F424C455F495023
:10A0440053505F52585F504B545F5452554E4341E6
:10A05400544544004E52465F4552524F525F424C63
:10A06400455F495053505F4348414E4E454C5F4114
:10A074004C52454144595F455849535453000000DC
:10A084004E52465F4552524F525F424C455F4950D3
:10A0940053505F4C494E4B5F444953434F4E4E45DA
:10A0A40043544544000000004E52465F4552524F0F
:10A0B400525F424C455F495053505F504545525F93
:10A0C40052454A4543544544000000002F557365EA
:10A0D40072732F616C657862616C6477696E2F446A
:10A0E40065736B746F702F4F70656E4E6572766515
:10A0F4002D436861726765722F4669726D7761726C
:10A10400652F536F757263652D436F64652F73728A
:10A11400632F636F72655F6C617965722F73646B13
:10A124002F6E7266352F6E5246355F53444B5F3146
:10A13400372E312E305F646464653536302F636F9B
:10A144006D706F6E656E74732F6C69627261726983
:10A1540065732F6C6F672F7372632F6E72665F6CFB
:10A164006F675F64656661756C745F6261636B657C
:10A174006E64732E630000007274745F6C6F675FAB
:10A184006261636B656E64002F55736572732F6132
:10A194006C657862616C6477696E2F4465736B7467
:10A1A4006F702F4F70656E4E657276652D436861D2
:10A1B400726765722F4669726D776172652F536F8E
:10A1C400757263652D436F64652F7372632F636FBC
:10A1D40072655F6C617965722F73646B2F6E726642
:10A1E400352F6E5246355F53444B5F31372E312E37
:10A1F400305F646464653536302F636F6D706F6EE5
:10A20400656E74732F6C69627261726965732F6C09
:10A214006F672F7372632F6E72665F6C6F675F6612
:10A22400726F6E74656E642E630000004261636B2E
:10A23400656E647320666C75736865640000000065
:10A24400617070001B5B313B33316D0025734C6FC3
:10A2540067732064726F70706564202825642925F3
:10A26400730D0A001B5B306D0000000025730000B5
:10A274003C25733E2025733A20000000202530320F
:10A2840078000000202020007C00000025630000EE
:10A29400200000001B5B313B33306D001B5B313B06
:10A2A40033326D001B5B313B33336D001B5B313B41
:10A2B40033346D001B5B313B33356D001B5B313B2D
:10A2C40033366D001B5B313B33376D007761726E43
:10A2D400696E6700696E666F0000000064656275F0
:10A2E400670000005465726D696E616C00000000C7
:10A2F4005254540053454747455200005374617407
:10A304006520726571756573743A2030782530382C
:10A31400580000004E6F74696679206F627365722D
:10A3240076657220307825303858203D3E2072659D
:10A33400616479004E6F74696679206F6273657227
:10A3440076657220307825303858203D3E20626C86
:10A354006F636B696E670000537461746520636892
:10A36400616E67653A203078253038580000000067
:10A374002F55736572732F616C657862616C6477B5
:10A38400696E2F4465736B746F702F4F70656E4EDA
:10A39400657276652D436861726765722F466972CE
:10A3A4006D776172652F536F757263652D436F64AA
:10A3B400652F7372632F636F72655F6C6179657269
:10A3C4002F73646B2F6E7266352F6E5246355F5352
:10A3D400444B5F31372E312E305F6464646535360B
:10A3E400302F636F6D706F6E656E74732F736F664D
:10A3F400746465766963652F636F6D6D6F6E2F6E20
:10A4040072665F7364682E63000000006E72665F9C
:10A41400736468002F55736572732F616C6578627D
:10A42400616C6477696E2F4465736B746F702F4F22
:10A4340070656E4E657276652D43686172676572EC
:10A444002F4669726D776172652F536F75726365FC
:10A454002D436F64652F7372632F636F72655F6C36
:10A46400617965722F73646B2F6E7266352F6E522D
:10A4740046355F53444B5F31372E312E305F646471
:10A4840064653536302F636F6D706F6E656E7473EF
:10A494002F736F66746465766963652F636F6D6D82
:10A4A4006F6E2F6E72665F7364685F626C652E6395
:10A4B4000000000073645F626C655F6366675F73CE
:10A4C400657428292072657475726E65642025731D
:10A4D400207768656E20617474656D7074696E6749
:10A4E40020746F2073657420424C455F434F4E4E79
:10A4F4005F4346475F4741502E00000073645F622C
:10A504006C655F6366675F73657428292072657480
:10A5140075726E6564202573207768656E2061749A
:10A5240074656D7074696E6720746F207365742030
:10A53400424C455F4741505F4346475F524F4C454D
:10A544005F434F554E542E0073645F626C655F63C6
:10A5540066675F73657428292072657475726E6509
:10A5640064202573207768656E20617474656D704E
:10A5740074696E6720746F2073657420424C455F64
:10A58400434F4E4E5F4346475F474154542E0000AD
:10A5940073645F626C655F6366675F7365742829C3
:10A5A4002072657475726E65642025732077686502
:10A5B4006E20617474656D7074696E6720746F20A9
:10A5C40073657420424C455F434F4D4D4F4E5F437E
:10A5D40046475F56535F555549442E0073645F6286
:10A5E4006C655F6366675F736574282920726574A0
:10A5F40075726E6564202573207768656E206174BA
:10A6040074656D7074696E6720746F20736574204F
:10A61400424C455F47415454535F4346475F41545E
:10A6240054525F5441425F53495A452E0000000082
:10A6340073645F626C655F6366675F736574282922
:10A644002072657475726E65642025732077686561
:10A654006E20617474656D7074696E6720746F2008
:10A6640073657420424C455F47415454535F4346DD
:10A67400475F534552564943455F4348414E47451A
:10A68400442E0000496E73756666696369656E746D
:10A694002052414D20616C6C6F6361746564206667
:10A6A4006F722074686520536F66744465766963BD
:10A6B400652E00004368616E6765207468652052EA
:10A6C400414D207374617274206C6F636174696F9F
:10A6D4006E2066726F6D203078257820746F20307C
:10A6E4007825782E000000004D6178696D756D2025
:10A6F40052414D2073697A6520666F7220617070D3
:10A704006C69636174696F6E206973203078257891
:10A714002E00000073645F626C655F656E61626C3D
:10A724006528292072657475726E65642025732E00
:10A73400000000006E72665F7364685F626C65009F
:10A74400536F43206576656E743A20307825782EF1
:10A75400000000002F55736572732F616C65786279
:10A76400616C6477696E2F4465736B746F702F4FDF
:10A7740070656E4E657276652D43686172676572A9
:10A784002F4669726D776172652F536F75726365B9
:10A794002D436F64652F7372632F636F72655F6CF3
:10A7A400617965722F73646B2F6E7266352F6E52EA
:10A7B40046355F53444B5F31372E312E305F64642E
:10A7C40064653536302F636F6D706F6E656E7473AC
:10A7D4002F736F66746465766963652F636F6D6D3F
:10A7E4006F6E2F6E72665F7364685F736F632E6340
:10A7F400000000006E72665F7364685F736F6300CD
:10A80400426C6553746174654D616368696E65007B
:10A81400426C6549646C650054696D656F7574209C
:10A8240074696D657220657870697265642E0000C4
:10A83400426C6554696D656F757454696D65720019
:10A844005374617274696E672074696D656F757491
:10A854002074696D65722E0053746F7070696E6731
:10A864002074696D656F75742074696D65722E004E
:10A8740053746F7070696E67207363616E2E00008D
:10A884005363616E2074696D6564206F75742E0066
:10A8940046696C746572206D617463682E000000F3
:10A8A40057686974656C6973742061647620726595
:10A8B400706F72742E000000426C65537562737978
:10A8C40074656D3A20496E697469616C697A65646E
:10A8D400200A0000426C6500504D4320537461749B
:10A8E40065204D616368696E653A204368617267EB
:10A8F400696E67204261747465727920456E747262
:10A90400790A0000504D43205374617465204D61F1
:10A914006368696E653A5374617465204368617253
:10A9240067696E6720426174746572792044697343
:10A9340070617463684576656E740A00504D4320F7
:10A944005374617465204D616368696E653A20498A
:10A954006E76616C6964204576656E740A00000049
:10A96400504D43205374617465204D616368696E72
:10A97400653A2050696E6720506F72740A000000B7
:10A98400504D43205374617465204D616368696E52
:10A9940065204368617267696E67204261747465FB
:10A9A40072792073746174653A20426174746572BB
:10A9B40079205374617274204368617267696E67A9
:10A9C4000A000000504D43205374617465204D61AA
:10A9D4006368696E65204368617267696E672042C7
:10A9E4006174746572792073746174653A2042618C
:10A9F40074746572792046756C6C20436861726763
:10AA040065640A00504D43205374617465204D61A0
:10AA14006368696E65204368617267696E67204286
:10AA24006174746572792073746174653A2042614B
:10AA34007474657279204368617267696E670A008D
:10AA4400504D43205374617465204D616368696E91
:10AA540065204368617267696E672042617474653A
:10AA640072792073746174653A20426174746572FA
:10AA7400792050726573656E7420496E64696361F0
:10AA8400746F720A00000000504D432053746174C7
:10AA940065204D616368696E65204368617267690A
:10AAA4006E67204261747465727920737461746591
:10AAB4003A20504D43204661756C7420436F6E6498
:10AAC4006974696F6E0A00002F55736572732F6184
:10AAD4006C657862616C6477696E2F4465736B741E
:10AAE4006F702F4F70656E4E657276652D43686189
:10AAF400726765722F4669726D776172652F536F45
:10AB0400757263652D436F64652F7372632F73656C
:10AB140072766963655F6C617965722F706D632FFE
:10AB240073746174655F6D616368696E652F7376B4
:10AB3400635F706D635F73746174655F6368617292
:10AB440067696E675F626174746572792E63707091
:10AB540000000000504D43205374617465204D6122
:10AB64006368696E653A204368617267696E67203D
:10AB74004261747465727920457869740A00000032
:10AB8400504D43205374617465204D616368696E50
:10AB9400653A20456E61626C6520456E7472790A6F
:10ABA40000000000504D43205374617465204D61D2
:10ABB4006368696E653A5374617465456E61626C6D
:10ABC400652044697370617463684576656E740AC0
:10ABD40000000000504D43205374617465204D61A2
:10ABE4006368696E6520456E61626C65207374618B
:10ABF40074653A20504D43204661756C7420436F50
:10AC04006E646974696F6E0A000000002F557365E5
:10AC140072732F616C657862616C6477696E2F441E
:10AC240065736B746F702F4F70656E4E65727665C9
:10AC34002D436861726765722F4669726D77617220
:10AC4400652F536F757263652D436F64652F73723F
:10AC5400632F736572766963655F6C617965722FC2
:10AC6400706D632F73746174655F6D616368696E81
:10AC7400652F7376635F706D635F73746174655F72
:10AC8400656E61626C652E6370700000504D4320E8
:10AC94005374617465204D616368696E653A20453B
:10ACA4006E61626C6520457869740A00504D4320DA
:10ACB4005374617465204D616368696E653A204917
:10ACC400646C6520456E7472790A0000504D43200F
:10ACD4005374617465204D616368696E653A2049F7
:10ACE400646C6520457869740A000000504D432067
:10ACF4005374617465204D616368696E653A2049D7
:10AD0400646C652044697370617463684576656E2C
:10AD1400740A0000504D43205374617465204D61E2
:10AD24006368696E653A20496E697469616C697A11
:10AD3400650A00002F55736572732F616C65786224
:10AD4400616C6477696E2F4465736B746F702F4FF9
:10AD540070656E4E657276652D43686172676572C3
:10AD64002F4669726D776172652F536F75726365D3
:10AD74002D436F64652F7372632F736572766963F5
:10AD8400655F6C617965722F706D632F7374617484
:10AD9400655F6D616368696E652F7376635F706D5F
:10ADA400635F73746174655F69646C652E6370704E
:10ADB40000000000504D430049646C650000000031
:10ADC400456E61626C6500004368617267696E6715
:10ADD400204261747465727900000000504D432074
:10ADE4004D616E616765723A20436F6E66696747AD
:10ADF40070696F730A000000504D43204D616E610D
:10AE04006765723A20496E69740A0000504D432008
:10AE14004D616E616765723A20456E61626C65567C
:10AE24006363526567756C61746F720A0000000099
:10AE3400504D43204D616E616765723A20446973D9
:10AE440061626C65566363526567756C61746F7299
:10AE54000A000000504D43204D616E616765723AEF
:10AE640020456E61626C65426174746572794368F1
:10AE740061726765720A0000504D43204D616E6136
:10AE84006765723A2044697361626C6542617474E7
:10AE9400657279436861726765720A00504D432098
:10AEA4004D616E616765723A2047657442617474DE
:10AEB400657279566F6C746167650A00504D432062
:10AEC4004D616E616765723A2052656164426174D6
:10AED40074657279436861726765725072657365EF
:10AEE4006E74496E64696361746F720A00000000D5
:10AEF400504D43204D616E616765723A2052656121
:10AF04006442617474657279436861726765496EFD
:10AF140064696361746F7250696E0A00504D432016
:10AF24004D616E616765723A205265616442617475
:10AF34007465727946617374436861726765496EBA
:10AF440064696361746F720A00000000504D43200D
:10AF5400506F72743A2045786563757465457665FB
:10AF64006E740A00446267436F6E736F6C65000011
:10AF74003D3D3D3D3D3D3D3D3D3D3D3D3D3D3D3DFD
:10AF84003D3D3D3D3D3D3D3D3D3D3D3D3D3D3D3DED
:10AF94003D3D3D3D3D3D3D3D3D3D3D3D3D3D3D3DDD
:10AFA4003D3D3D3D3D0A00005B4D414E55414C5DEC
:10AFB400204445425547204255494C44202D206D9C
:10AFC400616E75616C20636F6E74726F6C20617654
:10AFD40061696C61626C650A000000005B4D414E62
:10AFE40055414C5D2052756E6E696E67206E6F72AE
:10AFF4006D616C206175746F6D6174696320636F3A
:10B004006E74726F6C2E20507265737320276D27D7
:10B0140020746F2074616B65206F7665722E0A0050
:10B024005B4D414E55414C5D20416C7265616479C4
:10B0340020696E206D616E75616C206D6F64650AA8
:10B04400000000005B4D414E55414C5D204D616E4A
:10B0540075616C2074616B656F76657220726571C1
:10B064007565737465640A005B4D414E55414C5DD2
:10B07400204E6F7420696E206D616E75616C206D59
:10B084006F64650A000000005B4D414E55414C5D04
:10B094002045786974207265717565737465640AF6
:10B0A400000000005B4D414E55414C5D204D616EEA
:10B0B40075616C20636F6E74726F6C2044495341E8
:10B0C400424C4544202D20636F696C206F66662CCA
:10B0D400207261696C20646F776E2C206261636BEF
:10B0E40020746F205374617465576169740A000099
:10B0F4005B4D414E55414C5D205072657373204247
:10B104007574746F6E203120666F722061206E6FCB
:10B11400726D616C206175746F6D61746963207305
:10B12400657373696F6E2E0A000000005B4D414E1B
:10B1340055414C5D204C6576656C20256420616228
:10B144006F7665206D6178696D756D2025642C209E
:10B15400636C616D70696E670A0000005B4D414E5F
:10B1640055414C5D20505448206C6576656C202513
:10B174006420282564206D56290A00005B4D414E49
:10B1840055414C5D20416C72656164792061742085
:10B194006D696E696D756D206C6576656C20300A1D
:10B1A400000000005B4D414E55414C5D20416C72E6
:10B1B40065616479206174206D6178696D756D20B5
:10B1C4006C6576656C2025640A0000005B4D414E79
:10B1D40055414C5D20436F696C20535441525420B7
:10B1E400726571756573746564206174206C65762D
:10B1F400656C20256420282564206D56290A0000EA
:10B204005B4D414E55414C5D20436F696C20535456
:10B214004F50207265717565737465640A0000008F
:10B224005B4D414E55414C5D204950472062697445
:10B23400733A206E6F206164766572746973656D0C
:10B24400656E7420726563656976656420796574DA
:10B254000A0000005B4D414E55414C5D204950476A
:10B2640020626974733A2056524543545F444554EE
:10B274006E3D25642056524543545F4F56506E3DF3
:10B28400256420434847315F4F56505F4552526E04
:10B294003D256420434847325F4F56505F45525224
:10B2A4006E3D25642050474F4F443D25642043485C
:10B2B40047323D25640A00005B4D414E55414C5DCB
:10B2C400206D2F6E20656E7465722F657869742009
:10B2D4006D616E75616C202020732F7820636F6917
:10B2E4006C2073746172742F73746F700A000000A1
:10B2F4005B4D414E55414C5D202B2F2D20737465C1
:10B30400702050544820202020202020202020205D
:10B3140020302D392C612C622C63207365742050ED
:10B32400544820302D31320A000000005B4D414E5C
:10B3340055414C5D203F2020207374617475732047
:10B3440020202020202020202020202020682020B1
:10B3540020746869732068656C700A005B4D414E07
:10B3640055414C5D204D414E55414C20434F4E5468
:10B37400524F4C20454E41424C45440A00000000C7
:10B384005B4D414E55414C5D20416E7920636861AF
:10B394007267696E672073746F707065642E2043E2
:10B3A4006F696C204F464620756E74696C20277354
:10B3B400272E0A005B4D414E55414C5D2054686573
:10B3C400726D616C20616E64204F5650206172650D
:10B3D400205741524E2D4F4E4C592E2042757474B5
:10B3E4006F6E20312064697361626C65642E0A009B
:10B3F4005B4D414E55414C5D202D2D2D20737461C4
:10B40400747573202D2D2D0A000000004D414E55FA
:10B41400414C00004155544F000000004F4E0000C5
:10B424004F4646005B4D414E55414C5D206D6F6467
:10B43400653D257320636F696C3D257320706175CC
:10B4440073655F6D61736B3D3078253032582061D0
:10B4540070703D25730A00005B4D414E55414C5DB3
:10B4640020505448206C6576656C3D256420282561
:10B4740064206D5629206D61783D25640A00000022
:10B484005B4D414E55414C5D206F76705F6365693D
:10B494006C696E673D25642070676F6F645F666CCE
:10B4A4006F6F723D256420666C6F6F725F666F7597
:10B4B4006E643D2564206164765F636F756E743DD0
:10B4C40025640A005B4D414E55414C5D2064656125
:10B4D400642D6D616E3A20256420732072656D6160
:10B4E400696E696E670A00005B4D414E55414C5DC3
:10B4F4002049676E6F72696E672027256327202DA8
:10B50400206E6F7420696E206D616E75616C206DA4
:10B514006F64652E20507265737320276D27206633
:10B52400697273742E0A00005B4D414E55414C5DA7
:10B5340020556E6B6E6F776E20636F6D6D616E64F8
:10B5440020272563272E20507265737320276827D0
:10B5540020666F722068656C702E0A005B4D414E48
:10B5640055414C5D20446561642D6D616E20636CB2
:10B5740065617265642E20436F696C207374696C15
:10B584006C206F6666202D2070726573732027739C
:10B594002720746F20726573746F72652E0A000021
:10B5A4005B4D414E55414C5D20446561642D6D6198
:10B5B4006E2074696D656F757420616674657220A0
:10B5C4002564206D732077697468206E6F20696E1E
:10B5D400707574202D2070617573696E6720636FB8
:10B5E400696C0A00575054205374617465204D618E
:10B5F4006368696E653A204368617267696E6720A3
:10B60400457869740A0000005750542053746174DB
:10B6140065204D616368696E653A204368617267AD
:10B62400696E6720456E7472790A00005750542081
:10B634005374617465204D616368696E653A53742F
:10B644006174654368617267696E672044697370E9
:10B65400617463684576656E740A0000575054201F
:10B664005374617465204D616368696E653A20495D
:10B674006E76616C6964204576656E740A0000001C
:10B68400575054205374617465204D616368696E2A
:10B69400653A2050696E6720506F72740A0000008A
:10B6A400575054205374617465204D616368696E0A
:10B6B400653A2057505420506F776572204F6E0AB8
:10B6C40000000000575054205374617465204D618C
:10B6D4006368696E653A20575054205374617274DC
:10B6E400205363616E0A00005750542053746174F0
:10B6F40065204D616368696E6520536C6F7743689C
:10B70400617267652073746174653A2057505420E0
:10B714004661756C7420436F6E646974696F6E0A58
:10B7240000000000575054205374617465204D612B
:10B734006368696E653A2042617474657279204366
:10B7440068617267696E670A0000000057505420F0
:10B754005374617465204D616368696E6520436844
:10B76400617267696E672073746174653A2057501B
:10B774005420536C6F7720436861726765202D20D5
:10B78400636F6C6420737461727420706F77657278
:10B794000A000000575054205374617465204D61B1
:10B7A4006368696E653A20426174746572792043F6
:10B7B40068617267656420285750542073687574F3
:10B7C400646F776E2076696120617070206C617996
:10B7D4006572290A000000005750542053746174A4
:10B7E40065204D616368696E6520536C6F774368AB
:10B7F400617267652073746174653A2057505420F0
:10B804005363616E2054696D656F75740A0000009E
:10B81400575054205374617465204D616368696E98
:10B824006520536C6F774368617267652073746138
:10B8340074653A205750542041646A7573742050DB
:10B844006F7765720A000000575054205374617476
:10B8540065204D616368696E653A204661756C7454
:10B86400207061757365202D2073757370656E6427
:10B87400696E6720706F776572207472616E73668B
:10B8840065720A00575054205374617465204D61E9
:10B894006368696E653A204661756C7420726573DD
:10B8A400756D65202D20726573746F72696E6720E3
:10B8B400706F776572207472616E736665720A00C8
:10B8C400575054205374617465204D616368696EE8
:10B8D400653A2049646C6520456E7472790A0000EB
:10B8E400575054205374617465204D616368696EC8
:10B8F400653A2049646C6520457869740A00000043
:10B90400575054205374617465204D616368696EA7
:10B91400653A2049646C6520446973706174636896
:10B924004576656E740A0000575054205374617450
:10B9340065204D616368696E653A20496E69746972
:10B94400616C697A650A0000575054005465737439
:10B9540000000000536C6F772043686172676500D4
:10B964004368617267696E67000000005750542095
:10B974005374617465204D616368696E653A205340
:10B984006C6F7720436861726765200A00000000CD
:10B99400575054205374617465204D616368696E17
:10B9A400653A20536C6F77204368617267650A00BB
:10B9B400575054205374617465204D616368696EF7
:10B9C4006520536C6F774368617267652073746197
:10B9D40074653A20496E76616C6964204576656EBB
:10B9E400740A0000575054205374617465204D61EB
:10B9F4006368696E6520536C6F774368617267652D
:10BA04002073746174653A2050696E6720506F72B8
:10BA1400740A0000575054205374617465204D61BA
:10BA24006368696E6520536C6F77436861726765FC
:10BA34002073746174653A2057505420506F7765B1
:10BA440072204F6E0A0000005750542053746174E2
:10BA540065204D616368696E6520536C6F77436838
:10BA6400617267652073746174653A20575054207D
:10BA74005363616E0A00000057505420537461747C
:10BA840065204D616368696E6520536C6F77436808
:10BA9400617267652073746174653A20575054204D
:10BAA40053746F70205363616E0A00005750542022
:10BAB4005374617465204D616368696E6520536CCD
:10BAC4006F774368617267652073746174653A20A7
:10BAD4004661756C74207061757365202D207375D3
:10BAE4007370656E64696E6720706F776572207419
:10BAF40072616E736665720A00000000575054202C
:10BB04005374617465204D616368696E6520536C7C
:10BB14006F774368617267652073746174653A2056
:10BB24004661756C7420726573756D65202D207285
:10BB34006573746F72696E6720706F7765722074B5
:10BB440072616E736665720A0000000057505420DB
:10BB54005374617465204D616368696E653A20545D
:10BB640065737420456E7472790A0000575054202E
:10BB74005374617465204D616368696E653A20543D
:10BB840065737420457869740A0000005750542086
:10BB94005374617465204D616368696E653A20541D
:10BBA4006573742044697370617463684576656E67
:10BBB400740A0000575054205374617465204D6119
:10BBC4006368696E653A205750542053746F70202F
:10BBD4005363616E0A00000057505420537461741B
:10BBE40065204D616368696E653A20575054205052
:10BBF4006F776572204F66660A0000005750542024
:10BC04005374617465204D616368696E653A2057A9
:10BC14005054204661756C7420436F6E6469746976
:10BC24006F6E0A00575054204D616E616765723A19
:10BC34002053746174757354696D656F75744D6FB9
:10BC44006E69746F72696E670A00000057707453EE
:10BC5400746174757354696D657200005770745320
:10BC6400746174757354696D656F757454696D6529
:10BC7400720000005770744661756C744D6F6E6984
:10BC8400746F7200577074506F7765724374726C7E
:10BC940000000000577074436F6C645374617274D5
:10BCA40000000000575054204D616E616765723A80
:10BCB40020436F6E6669674770696F730A000000FE
:10BCC40043616C6C20612068616C5F646163206D0A
:10BCD4006574686F64207468617420636F6E66694C
:10BCE40067206770696F730A0000000043616C6C21
:10BCF40020612068616C5F777074206D6574686F73
:10BD040064207468617420636F6E6669672067706D
:10BD1400696F730A0000000064697361626C656492
:10BD240000000000616C7265616479206F666600D2
:10BD3400575054204D616E616765723A20506175A9
:10BD4400736557707420726561736F6E2030782547
:10BD54003032582C206D61736B206E6F77203078F1
:10BD6400253032582C20636F696C2025730A00003B
:10BD7400575054204D616E616765723A2052657365
:10BD8400756D6557707420726561736F6E203078BD
:10BD94002530325820636C65617265642C20636FB2
:10BDA400696C2072652D656E61626C6564206174D6
:10BDB400206C6576656C2025640A00005750542079
:10BDC4004D616E616765723A20526573756D655792
:10BDD400707420726561736F6E203078253032582C
:10BDE40020636C656172656420627574206D617393
:10BDF4006B207374696C6C203078253032582C2099
:10BE0400636F696C207374617973206F66660A00CE
:10BE1400575054204D616E616765723A2053746FB8
:10BE2400705770745363616E0A00000057505420B9
:10BE34004D616E616765723A2047657454656D7033
:10BE4400657261747572650A0000000057505420D1
:10BE54004D616E616765723A20476574436861722B
:10BE640067655374617475730A0000005750542059
:10BE74004D616E616765723A205374617475732005
:10BE840070696E2076616C75653A202564200A001D
:10BE9400575054204D616E616765723A2053746146
:10BEA400727453746174757354696D656F757454E9
:10BEB400696D65720A000000575054204D616E612F
:10BEC4006765723A20537461727453746174757344
:10BED4004D6F6E69746F72696E670A005750542013
:10BEE4004D616E616765723A20456E61626C65579B
:10BEF400707420737570707265737365642C20663A
:10BF040061756C74206D61736B2030782530325804
:10BF1400207374696C6C207365740A005750542044
:10BF24004D616E616765723A20456E61626C65575A
:10BF340070740A00575054204D616E616765723AFF
:10BF44002053746F705374617475734D6F6E69749C
:10BF54006F72696E670A0000575054204D616E611C
:10BF64006765723A20537461727449706754656DE1
:10BF740070657261747572654D6F6E69746F726904
:10BF84006E6754696D65720A0000000057505420B2
:10BF94004D616E616765723A204661756C74206DFF
:10BFA4006F6E69746F72696E67206F6E6C7920288A
:10BFB400706F77657220636F6E74726F6C20746932
:10BFC4006D6572206E6F7420737461727465642978
:10BFD4000A000000575054204D616E616765723A43
:10BFE4002053746F7049706754656D706572617425
:10BFF4007572654D6F6E69746F72696E6754696DA1
:10C0040065720A00575054204D616E616765723A3B
:10C014002049504720746865726D6973746F72208B
:10C02400726573697374616E63653A2025640000F8
:10C03400575054204D616E616765723A2054656DA6
:10C04400706572617475726520696E746572706F63
:10C054006C6174696F6E206661696C6564202D2063
:10C06400706F737369626C65206C6F6F6B75702091
:10C074007461626C65206F72646572696E672069B1
:10C084007373756500000000575054204D616E6154
:10C094006765723A2049504720746865726D697308
:10C0A400746F722072656164696E6720696D706C6B
:10C0B40061757369626C6520287265663D2564202C
:10C0C4006F75743D2564206F6673743D2564206D1F
:10C0D40056292C2069676E6F726564202D206E6F5F
:10C0E40020746865726D616C206465636973696F3F
:10C0F4006E2074686973207469636B0A0000000021
:10C10400575054204D616E616765723A204950471B
:10C114002054656D70657261747572652025642E96
:10C124002530326420430A00575054204D616E611B
:10C134006765723A20746865726D20726177207247
:10C1440065663D2564206F75743D2564206F6673B4
:10C15400743D2564206D560A000000005B4D414E7D
:10C1640055414C5D205741524E20746865726D6193
:10C174006C3A204950472025642E253032642043F0
:10C18400203E3D2025642043207061757365207432
:10C1940068726573686F6C64202869676E6F726576
:10C1A40064290A00575054204D616E616765723AE4
:10C1B400204950472074656D7065726174757265AD
:10C1C4002025642E25303264204320726561636823
:10C1D4006564207061757365207468726573686F37
:10C1E4006C64202825642043292C207061757369B0
:10C1F4006E6720706F776572207472616E73666506
:10C2040072000000575054204D616E616765723AA8
:10C21400204950472074656D70657261747572654C
:10C224002025642E2530326420432061742F6265FA
:10C234006C6F7720726573756D65207468726573B1
:10C24400686F6C6420282564204329206166746526
:10C2540072202564207469636B732C207265737576
:10C264006D696E6720706F776572207472616E738A
:10C2740066657200575054204D616E616765723A6D
:10C284002053657450756C73655769647468546899
:10C29400726573686F6C64537465700A0000000003
:10C2A400575054204D616E616765723A20506F7724
:10C2B400657220636F6E74726F6C2072657365743F
:10C2C4002C206C6576656C2025640A005750542038
:10C2D4004D616E616765723A2044697361626C6591
:10C2E4005770740A00000000575054204D616E616D
:10C2F4006765723A204D616E75616C2069646C6586
:10C30400202D20636F696C206F66662C206C657627
:10C31400656C2025642C206661756C74206D6F6ECD
:10C3240069746F72696E67206F6E6C790A00000021
:10C33400575054204D616E616765723A20436F6CAB
:10C3440064207374617274206174206C6576656C0A
:10C354002025642C20657363616C6174696E6720A9
:10C36400746F206D617820696E202564206D7320C0
:10C374006966206E6F204950472061647665727447
:10C384006973656D656E740A00000000575054208F
:10C394004D616E616765723A20436F6C64207374FB
:10C3A400617274206174206C6576656C2025642C40
:10C3B40020657363616C6174696F6E206469736175
:10C3C400626C65640A000000575054204D616E6130
:10C3D4006765723A20436F6C6420737461727420D1
:10C3E400657363616C6174696F6E20736B697070DF
:10C3F40065642C2049504720616C72656164792022
:10C404006164766572746973696E670A000000007E
:10C41400575054204D616E616765723A20436F6CCA
:10C424006420737461727420657363616C617469F0
:10C434006E6720746F206D6178696D756D20706F03
:10C444007765722C207374696C6C206E6F20495070
:10C4540047206164766572746973656D656E740AEC
:10C4640000000000575054204D616E616765723AB8
:10C47400204950472062617474657279204F565088
:10C4840020666C616720617373657274656420282B
:10C49400434847315F4F56505F4552526E3D2564C5
:10C4A40020434847325F4F56505F4552526E3D25F8
:10C4B400642C2030203D206661756C7429206174E1
:10C4C400206C6576656C2025642C2050474F4F44C2
:10C4D4003D2564202D206C6F67676564206F6E6C4A
:10C4E400792C20636F696C20756E61666665637470
:10C4F40065640A00575054204D616E616765723A55
:10C50400204950472062617474657279204F5650F7
:10C5140020666C61677320636C65617265642028B2
:10C52400434847315F4F56505F4552526E3D256434
:10C5340020434847325F4F56505F4552526E3D2567
:10C544006429206174206C6576656C2025642C2038
:10C5540050474F4F443D25640A0000005B4D414E57
:10C5640055414C5D205741524E206F76703A20560B
:10C57400524543545F4F56506E3D30206174206CD9
:10C584006576656C2025642C206368617267656438
:10C5940020746F2025642C206365696C696E6720A4
:10C5A40025642C2069676E6F7265640A00000000C0
:10C5B400575054204D616E616765723A2049504767
:10C5C40020726563746966696572204F565020282D
:10C5D40056524543545F4F56506E3D302920617486
:10C5E400206C6576656C2025642C20636861726715
:10C5F400656420746F2025642C206365696C696E02
:10C60400672025642C2070617573696E67000000D3
:10C61400575054204D616E616765723A20565245F9
:10C6240043545F4F56506E207374696C6C203020F5
:10C634006166746572202564207469636B732C20B1
:10C6440073746179696E67207061757365640A003B
:10C65400575054204D616E616765723A20565245B9
:10C6640043545F4F56506E20636C6561726564205D
:10C674006166746572202564207469636B732C2071
:10C68400726573756D696E67206F6E65207374656E
:10C694007020646F776E206174206C6576656C2001
:10C6A40025640A00575054204D616E616765723AE3
:10C6B400204661756C744D6F6E69746F72696E6734
:10C6C4000A000000575054204D616E616765723A4C
:10C6D40020506F77657220636F6E74726F6C207375
:10C6E4006B69707065642C206661756C74206D6173
:10C6F400736B20307825303258206F776E73207436
:10C704006865206C6576656C0A00000057505420FB
:10C714004D616E616765723A20506F776572206370
:10C724006F6E74726F6C20626C616E6B65642061F5
:10C7340066746572206661756C7420726573756DBC
:10C74400652C202564206379636C6573206C6566B1
:10C75400740A0000575054204D616E616765723A47
:10C7640020506F77657220636F6E74726F6C2073E4
:10C774006B69707065642C206E6F206E657720493C
:10C784005047206164766572746973656D656E7473
:10C794002073696E6365206C6173742073746570B3
:10C7A4000A000000575054204D616E616765723A6B
:10C7B40020436C6F736564206C6F6F7020737461B9
:10C7C4007274696E67206174206C6576656C2025CF
:10C7D400640A0000575054204D616E616765723AD7
:10C7E40020506F77657220636F6E74726F6C206C6B
:10C7F4006576656C3D25642070676F6F643D2564C4
:10C8040020666C6F6F725F666F756E643D25642081
:10C814006F76705F6365696C696E673D256420702F
:10C82400676F6F645F666C6F6F723D256400000014
:10C83400575054204D616E616765723A20486F6CA1
:10C8440064696E67206174206C6576656C2025646C
:10C854000A000000575054204D616E616765723ABA
:10C864002050474F4F44207361746973666965644F
:10C874002C207374657070696E6720646F776E2006
:10C88400746F206C6576656C2025640A00000000D6
:10C89400575054204D616E616765723A2050474F7E
:10C8A4004F44207361746973666965642061742000
:10C8B4006D696E696D756D206C6576656C2C20668E
:10C8C4006C6F6F7220666F756E640A005750542047
:10C8D4004D616E616765723A2050474F4F44206C3A
:10C8E4006F772025642F2564206174206C6576653C
:10C8F4006C2025642C2077616974696E6720666FEB
:10C904007220636F6E6669726D6174696F6E0A007E
:10C91400575054204D616E616765723A204E6F2006
:10C92400766961626C6520706F776572206C6576DC
:10C93400656C202D204F5650206365696C696E67C5
:10C94400202564206174206F722062656C6F7720EB
:10C9540050474F4F4420666C6F6F722025642E2021
:10C96400436C616D70696E6720746F2025640000EC
:10C97400575054204D616E616765723A2050474F9D
:10C984004F44206C6F77206174206D6178696D75F8
:10C994006D206C6576656C2025642C206E6F746840
:10C9A400696E67206675727468657220746F20679B
:10C9B4006976650A00000000575054204D616E618D
:10C9C4006765723A2050474F4F44206C6F772C2094
:10C9D4007374657070696E6720757020746F206C55
:10C9E4006576656C2025640A0000000057505420C9
:10C9F4004D616E616765723A20496E69740A000080
:10CA040057505420506F72743A204578656375749A
:10CA1400654576656E740A002F55736572732F61D0
:10CA24006C657862616C6477696E2F4465736B74AE
:10CA34006F702F4F70656E4E657276652D43686119
:10CA4400726765722F4669726D776172652F536FD5
:10CA5400757263652D436F64652F7372632F636F03
:10CA640072655F6C617965722F73646B2F6E726689
:10CA7400352F6E5246355F53444B5F31372E312E7E
:10CA8400305F646464653536302F65787465726E22
:10CA9400616C2F6672656572746F732F736F757234
:10CAA40063652F706F727461626C652F4D656D4D97
:10CAB400616E672F686561705F312E63000000004E
:10CAC4002F55736572732F616C657862616C64773E
:10CAD400696E2F4465736B746F702F4F70656E4E63
:10CAE400657276652D436861726765722F46697257
:10CAF4006D776172652F536F757263652D436F6433
:10CB0400652F7372632F636F72655F6C61796572F1
:10CB14002F73646B2F6E7266352F6E5246355F53DA
:10CB2400444B5F31372E312E305F64646465353693
:10CB3400302F65787465726E616C2F6672656572EC
:10CB4400746F732F706F727461626C652F434D53F1
:10CB540049532F6E726635322F706F72745F636D36
:10CB64007369732E630000002F55736572732F6110
:10CB74006C657862616C6477696E2F4465736B745D
:10CB84006F702F4F70656E4E657276652D436861C8
:10CB9400726765722F4669726D776172652F536F84
:10CBA400757263652D436F64652F7372632F636FB2
:10CBB40072655F6C617965722F73646B2F6E726638
:10CBC400352F6E5246355F53444B5F31372E312E2D
:10CBD400305F646464653536302F65787465726ED1
:10CBE400616C2F6672656572746F732F736F7572E3
:10CBF40063652F71756575652E6300002F55736528
:10CC040072732F616C657862616C6477696E2F440E
:10CC140065736B746F702F4F70656E4E65727665B9
:10CC24002D436861726765722F4669726D77617210
:10CC3400652F536F757263652D436F64652F73722F
:10CC4400632F636F72655F6C617965722F73646BB8
:10CC54002F6E7266352F6E5246355F53444B5F31EB
:10CC6400372E312E305F646464653536302F657835
:10CC74007465726E616C2F6672656572746F732F62
:10CC8400736F757263652F7461736B732E63000029
:10CC940049444C4500000000546D725100000000EE
:10CCA4002F55736572732F616C657862616C64775C
:10CCB400696E2F4465736B746F702F4F70656E4E81
:10CCC400657276652D436861726765722F46697275
:10CCD4006D776172652F536F757263652D436F6451
:10CCE400652F7372632F636F72655F6C6179657210
:10CCF4002F73646B2F6E7266352F6E5246355F53F9
:10CD0400444B5F31372E312E305F646464653536B1
:10CD1400302F65787465726E616C2F66726565720A
:10CD2400746F732F736F757263652F74696D657299
:10CD3400732E6300546D722053766300000000006C
:10CD440000000000F1770200000000000000000075
:10CD5400B97802000D790200377902000000000062
:10CD640000000000C5790200C3790200157A0200B0
:10CD74000000000000000000497A0200597B020014
:10CD8400B57A020000000000000000009D7B020054
:10CD9400457C0200B97B0200000000000000000096
:10CDA400777C0200617C0200B77C02000000000076
:10CDB400000000006F7D0200B57D0200717D02005D
:10CDC4000000000000000000C37D0200000000001D
:10CDD400000000000000000000000000000000004F
:10CDE4006183020063830200000000000000000071
:10CDF4000000000065830200010006005A62020080
:10CE04000101000003000200000000000000000017
:10CE1400000000000000000000000000000000000E
:10CE240051890200AB8902000F00000100010203D6
:10CE340004050608090A0B000000000201000000B6
:10CE44000B00000000000000290000002800000082
:10CE54000800000000000000000000000338FDD8B6
:10CE6400704700000E0000000100000001000000F7
:10CE74000000000000000000000000000EFFFFFFA3
:10CE8400060000001400000000010203040506006F
:10CE9400000000000030004000000000010000001D
:10CEA40001000000004000400100000001000000FB
:10CEB40000800040000400000090004001040000D5
:10CEC40000A000400204000000A00140030600008E
:10CED40000B001400406000000000306000000004A
:10CEE4002E310100010200002E3101000101000079
:10CEF40000000000010000000100FFFF000000002E
:10CF0400010000000100010004CF03000100010042
:10CF140000CF0300D1BB020049A2020011BD0200F0
:10CF2400D1CB020019A602006DA202007365635FF3
:10CF34006B65797365745F66696C6C00FFFFFFFF56
:10CF44000006FF0000000040000000000000005048
:10CF540000030050ADE80200C1E80200D5E8020079
:10CF64000000FFFFDEC0ADDEFE011EF1DEC0ADDE5F
:10CF7400FF011EF1389303007893030000000000C2
:10CF8400D4930300209403006C9403000000000079
:10CF940000000000B8940300D09403003C95030003
:10CFA400A8950300EC9503003096030000000000F0
:10CFB400000000003893030074960300D096030029
:10CFC400589703000000000000000000000000006B
:10CFD400000000008C970300C09703003031323307
:10CFE4003435363738394142434445466E72665FBC
:10CFF4006673746F726167655F6572617365000063
:10D004006E72665F6673746F726167655F7772696B
:10D014007465000000000000E49C030001000000AF
:10D02400F09C030002000000109D030003000000B8
:10D03400349D030004000000489D03000500000027
:10D044005C9D030006000000709D030007000000C3
:10D05400889D030008000000A09D03000900000053
:10D06400B89D03000A000000D49D03000B000000DB
:10D07400EC9D03000C000000049E03000D00000062
:10D08400189E03000E0000002C9E03000F000000F9
:10D094003C9E030010000000509E0300110000009D
:10D0A400689E030012000000789E03001300000035
:10D0B400909E030080000000A49E030081000000F5
:10D0C400C89E030082000000E49E03008300000069
:10D0D400009F030084000000209F030085000000DF
:10D0E400449F0300860000006C9F03009000000032
:10D0F400849F030091000000A49F0300920000009D
:10D10400C49F030000820000DC9F03000182000032
:10D11400FC9F03000282000018A0030000840000AA
:10D1240034A003000184000058A00300028400001E
:10D1340084A0030003840000ACA00300556E6B6E52
:10D144006F776E206572726F7220636F6465000082
:10D154000000000000000000000000000338FDD8BB
:10D1640070470000FD0F0300FB0F0300F90F0300DD
:10D17400905100207F0000007851002068A2030035
:10D1840098A2030048A20300A0A20300A8A20300DF
:10D19400B0A20300B8A20300C0A20300C8A2030007
:10D1A40000000000C8940300D0A20300D8A203002A
:10D1B400E0A20300747103008471030008000000FE
:10D1C4006471030074710300080000005C710300C3
:10D1D4006471030008000000010000072C710300C3
:10D1E4005C710300080000001C7103002C71030033
:10D1F4000800000000000000000000004F240300AD
:10D204005124030053240300000000000000000028
:10D2140083240300B52403008B24030000000000D2
:10D224000000000065830200000000000000000010
:10D23400E52703000000000000000000C1280300EF
:10D24400C1290300ED2803000000000000000000D5
:10D25400ED290300B52A0300192A03000000000089
:10D2640000000000E12A0300052B0300292B030022
:10D2740000000000000000006583020003000200BB
:10D284000000000000000000CD2F0300000000009B
:10D29400000000007D37030059370300A93703005D
:10D2A40000000000000000001539030039390300B4
:10D2B4005D390300000000000000000065830200E7
:10D2C4000000000000000000CD3A0300A93A03006A
:10D2D400F93A03000000000000000000493C03008C
:10D2E4006D3C0300913C03000700000000000000B7
:10D2F4000000000003000000000000000000000027
:10D304000500000001000000010000000100000011
:10D3140000000000000000002F00000001000000D9
:10D3240001000000030000000000000000000000F5
:10D3340014000000C0ED010019000000A0860100E7
:10D344001E000000E63601002800000078C8000036
:10D3540032000000FE830000000000000000000016
:10D36400514C0300EDAF16204A62304029BD56B33C
:10D374001544E9BF77900D9CFE0B88C07E2615FAF4
:10D38400838073400FCE674B80D541C09CD303008C
:10D39400CCD40300A0D3030043000000476903007A
:10D3A40067690300736903007F6903009F690300D1
:10D3B400AB69030013690300DF68030053756E0053
:10D3C4004D6F6E00547565005765640054687500B0
:10D3D4004672690053617400004A616E00466562DA
:10D3E400004D617200417072004D6179004A756EA2
:10D3F400004A756C0041756700536570004F637493
:10D40400004E6F760044656300002E000053756E75
:10D41400646179004D6F6E6461790054756573645D
:10D424006179005765646E65736461790054687549
:10D43400727364617900467269646179005361743E
:10D44400757264617900004A616E75617279004693
:10D4540065627275617279004D6172636800417032
:10D4640072696C004D6179004A756E65004A756C8D
:10D4740079004175677573740053657074656D62E6
:10D484006572004F63746F626572004E6F76656DEE
:10D4940062657200446563656D6265720000414DAA
:10D4A40000504D0000256D2F25642F257900254857
:10D4B4003A254D3A25530025612025622025652013
:10D4C40025542025590000000ED4030010D4030075
:10D4D40010D4030010D4030010D4030010D40300AC
:10D4E40010D4030010D4030010D4030010D403009C
:10D4F400FFFFFFFFFFFFFFFFFFFFFFFFFFFF000036
:10D5040011D40300C0D303004BD40300DDD30300C4
:10D51400A2D40300A9D40300B2D40300BBD40300F3
:10D52400202020202020202020682828282820208F
:10D5340020202020202020202020202020202020E7
:10D54400481010101010101010101010101010109F
:10D55400848484848484848484841010101010103F
:10D564001081818181818101010101010101010198
:10D57400010101010101010101010110101010104C
:10D584001082828282828202020202020202020269
:10D594000202020202020202020202101010102011
:10D5A400000703200417020108571040805F5F63DF
:10D5B40078615F67756172645F61637175697265D3
:10D5C4002064657465637465642072656375727341
:10D5D40069766520696E697469616C697A617469D8
:03D5E4006F6E0067
:10D5E8000100000005010000070000000090D003C2
:10D5F800181818181818181818000000000000004B
:10D60800FF000000102700000707FFFF07000000C9
:10D6180090D3030090D3030090D3030090D303006A
:04D6280090D3030098
:04000003200072194E
:00000001FF
