:020000022000DC
:107000000000042019720200017202003DFD02001E
:1070100005720200077202000972020000000000FF
:107020000000000000000000000000004D4B0300C5
:107030000D720200000000006D4B0300117202008F
:10704000A9D002001372020065D7020045E80200D1
:1070500059E802001372020089D6020015DF02000F
:107060002DEB020045EB02005DEB02001372020003
:1070700013720200137202001372020013720200F4
:1070800013720200B54D0300137202001372020066
:1070900013720200137202008520030013720200B3
:1070A000137202001372020075EB02008DEB0200F6
:1070B00001DE020013720200000000000000000068
:1070C0001372020013720200137202006DE80200D4
:1070D0001372020013720200137202001372020094
:1070E000137202001372020013720200000000000B
:1070F0000000000013720200000000001372020082
:10710000000000000000000000000000000000007F
:10711000000000000000000000000000000000006F
:10712000000000000000000000000000000000005F
:10713000000000000000000000000000000000004F
:10714000000000000000000000000000000000003F
:10715000000000000000000000000000000000002F
:10716000000000000000000000000000000000001F
:10717000000000000000000000000000000000000F
:1071800000000000000000000000000000000000FF
:1071900000000000000000000000000000000000EF
:1071A00000000000000000000000000000000000DF
:1071B00000000000000000000000000000000000CF
:1071C00000000000000000000000000000000000BF
:1071D00000000000000000000000000000000000AF
:1071E000000000000000000000000000000000009F
:1071F000000000000000000000000000000000008F
:10720000FEE7FEE7FEE7FEE7FEE7FEE7FEE7FEE756
:10721000FEE7FEE700F002B8FFF7FCBF0F484FF0B3
:107220000701884385460E4880470E48016841F4AF
:1072300070010160BFF34F8FBFF36F8F00F01AB87A
:1072400009480A490A4A884207D0521A05D00378E9
:1072500001300B700131013AF9D170470000042070
:107260000995020088ED00E0F06F0300082B002074
:107270001C2B00203A493B480A1A02D007229143AE
:107280008D46394939480A1A06D00722914381F3BD
:107290000988022282F3148835483649364A00F0BC
:1072A00041F836483649374A00F03CF83648374905
:1072B000374A00F037F837483749384A00F032F893
:1072C00037483849384A00F02DF838483849394AA3
:1072D00000F028F838483949394A00F023F839488D
:1072E0003949002200F036F838483949002200F0C8
:1072F00031F838483849091A0FF0FAFC374A9047F4
:1073000025482649884205D00268043003B49047D6
:1073100003BCF7E700208646EC4600200021304AF7
:107320009047FEE7884214D0521A12D003460B430E
:1073300013430324234206D1036804300B60043155
:10734000043AF9D17047037801300B700131013AEA
:10735000F9D17047884202D002700130FAE77047D5
:107360000000042000F80320000004200000042096
:1073700078D003001C2B00205C2B0020E47302005B
:10738000E47302007A6E030078D003001C2B002007
:107390001C2B002004700300047003001470030011
:1073A00004700300047003000470030014700300F1
:1073B0001470030077D00300B8D003005C2B0020CA
:1073C0005C2B00205C2B0020C07F0020C07F0020B1
:1073D000C07F0020C07F0020C083002041720200D7
:0473E000356303000E
:1073E400BFF34F8F0549CA6802F4E062044B1343AC
:1073F400CB60BFF34F8F00BFFDE700BF00ED00E09F
:107404000400FA0510B5044600F010FD22460D21D3
:10741400012000F015FF10BD10B5044600F006FD74
:1074240022460821012000F00BFF10BD10B50446D0
:1074340000F0FCFC22460F21012000F001FF10BDEA
:1074440010B5044600F0F2FC22460E21012000F0A3
:10745400F7FE10BD08B500F0E9FC00221021012060
:1074640000F004FF08BD08B500F0E0FC0022112183
:10747400012000F0FBFE08BD08B501212F2001F01A
:10748400F2FB0021142001F0EEFBFFF7A9FF00003E
:1074940038B5044603461F4A43F8142B43600023BF
:1074A4008360C3601C4B03611C4B03601C4D45612E
:1074B40080611C4BC3611C4B4361056240621B4BE2
:1074C40083621B4B03620CF019FCE0622563646366
:1074D400184BA363184B23630CF010FCE063256482
:1074E4006464164BA364164B2364E5642465154B4E
:1074F4006365154BE3640CF001FCA065E565246647
:10750400124B6366124BE3650CF0F8FBA066204651
:1075140038BD00BF84C8030014700300D4C703003F
:1075240070C8030018700300F4C703002870030038
:10753400E0C70300487003001CC803003070030058
:1075440044C803003870030030C8030050700300BF
:1075540008C80300034600F114020848026003F15E
:107564002002426003F13002826003F14002C260F3
:1075740003F14C0202615C33436170475C2B0020D1
:107584002DE9F04389B0064600F050FC02AC524DA0
:107594000FCD0FC495E8030084E803004F4C504B13
:1075A400E41AE408240444F003044E4920460AF093
:1075B400BBF84D4920460AF0B7F89DF808204B491E
:1075C40020460AF0B7F89DF80920494920460AF0F8
:1075D400B1F89DF80A904A46464920460AF0AAF8AE
:1075E4009DF80B709DF80C303A46434920460AF04A
:1075F400ABF89DF80D809DF80E3042463F49204679
:107604000AF0A2F83E4920460AF08EF8BDF8102090
:107614003C4920460AF08EF8BDF812203A4920462B
:107624000AF088F8BDF81420384920460AF082F898
:10763400069A374920460AF07DF8364920460AF072
:1076440073F8079DEAB2344920460AF073F8C5F38B
:107654000722324920460AF06DF8C5F30742304943
:1076640020460AF067F8B9F1010F14BF0023012383
:107674002FB1B8F1000F02D0B9F1010F10D000936F
:1076840043463A46274920460AF069F80DF0C4F902
:1076940032460921022000F0D3FD09B0BDE8F08391
:1076A400009343463A46204920460AF058F80DF024
:1076B400B3F932460B21022000F0C2FD0BF070F842
:1076C40032460621032000F0BBFD32460C21012086
:1076D40000F0B6FDE1E700BFA8550020486F0300A5
:1076E400F86E0300587003007C700300947003006C
:1076F400AC700300BC700300E87003000C7103005D
:1077040030710300447103005C7103007071030065
:1077140084710300A8710300BC710300D4710300D9
:10772400F07103004C7203000C72030010B50446A0
:1077340000F07CFB2046FFF723FF224609210120AD
:1077440000F07EFD10BD000010B50BF029F80446D2
:10775400074A032100F06EFD064A0821204600F086
:1077640069FD054A0721204600F064FD10BD00BFF5
:1077740009740200317702001D74020010B50DF087
:107784004BF90446044A052100F054FD034A0D2137
:10779400204600F04FFD10BD317402004574020014
:1077A40008B5FFF7D1FFFFF7E9FF01F05FF8254BBC
:1077B4001B68BFF35B8F13F0010F15D0224B1B68BE
:1077C400BFF35B8F13F0010F1DD0204B1B68BFF379
:1077D4005B8F13F0010F25D001F0D8FA01F09AFA6B
:1077E400014601F0DEFB08BD16480FF027FB002818
:1077F400E4D00023164A1321164800F0EDFF114887
:107804000FF030FBDAE710480FF018FB0028DCD04B
:107814000023114A0D21114800F0DEFF0A480FF041
:1078240021FBD2E709480FF009FB0028D4D000233C
:107834000B4A11210B4800F0CFFF04480FF012FB54
:10784400CAE700BF942B0020842B0020742B002057
:1078540059740200982B00206B740200882B0020BE
:107864007D740200782B002010B504460BF096FBC3
:1078740000220321042000F0E3FC0D4B0D4A9B1A67
:10788400DB081B040C4943F0030009F04DFF01F031
:1078940041FA012101F0ADFB0DF0BEF800220321F5
:1078A400022000F0CDFCE0680CF0D4FB10BD00BF5A
:1078B400486F0300F86E03008C72030008B50AF0E9
:1078C4006FFF00220621032000F0BAFC0DF0A4F89B
:1078D40000220721022000F0B3FC01F01BFA002172
:1078E40001F087FB08BD70B50C4646683046FFF7CB
:1078F40031FE0546A1B203390F290DD8DFE801F0A6
:10790400170C0C0C0C1C0C0C0C0D0C240C082E2944
:10791400C168304600F0FBFC70BD01F0FBF90121A9
:1079240001F090FBE968304600F0F1FCF4E7C1682F
:10793400304600F0ECFCEFE70AF032FF00220421AD
:10794400032000F07DFCE7E7C168304600F0DFFC6F
:10795400E2E74169304600F0DAFCDDE701F090F837
:1079640001F0A8F80028D7D101F08AF801F0A4F8B2
:10797400D2E7704708B51048104BC01AC00800047D
:107984000F4940F0030009F0CFFE0AF009FF00227E
:107994000221032000F054FC0DF03EF800220221E5
:1079A400084600F04DFC0BF0F9FA002202210420F5
:1079B40000F046FC08BD00BF486F0300F86E0300EA
:1079C400A872030038B50C4645682846FFF7C2FD87
:1079D400A1B20D290BD011290DD101F051F801F0FC
:1079E40069F840B901F04CF801F066F803E0C168A9
:1079F400284600F08CFC38BD10B504460BF0CEFAD6
:107A040000220321042000F01BFC0AF0C9FE00221E
:107A14000421032000F014FCE0680CF037FB01F0B3
:107A240079F9044605230022014601F031FA214682
:107A3400204601F093FA0548054BC01AC00800041B
:107A4400044940F0020009F06FFE10BD486F0300C6
:107A5400F86E0300D872030070B50C4646683046D1
:107A6400FFF778FD0546A1B203390E2917D8DFE8E0
:107A740001F00816161616261616161616161617DA
:107A84002E001848184BC01AC0080004174940F0CB
:107A9400020009F049FEE968304600F038FC70BD88
:107AA4001048114BC01AC0080004114940F00200EC
:107AB40009F03AFEE968304600F029FCEFE70AF0E5
:107AC4006FFE00220421032000F0BAFBE7E700F078
:107AD400D7FF00F0EFFF0028E1D100F0D1FF00F064
:107AE400EBFFDCE7486F0300F86E03002473030028
:107AF4005473030008B5C0680CF0E0FA0CF08CFF76
:107B040000220721022000F09BFB0AF049FE00221C
:107B14000621032000F094FB0BF040FA002204211C
:107B2400084600F08DFB01F0F5F8014601F039FA42
:107B340008BD08B50AF034FE00220421032000F039
:107B44007FFB01F0E7F8012101F03FFA08BD0000D6
:107B5400F8B505460C4647683846FFF7FBFC064671
:107B64001B4B1C4A9B1ADB081B0422461A4943F090
:107B7400030009F0DFFDA4B2083C0A2C0ED8DFE8AC
:107B840004F0060E0D0D0D0D0D0D0D1B1600E8680D
:107B94000CF094FA3169384600F0B9FBF8BDE86896
:107BA4000CF058FA7168384600F0B1FBF6E77169D9
:107BB400384600F0ACFBF1E700F062FF00F07AFF1A
:107BC4000028EBD100F05CFF00F076FFE6E700BF91
:107BD400486F0300F86E03008873030008B50CF0C7
:107BE4001BFF00220321022000F02AFB01F092F87F
:107BF400002101F0EAF908BD08B542F210700AF05C
:107C04007FFC01F087F8002101F007FA08BD08B5F0
:107C140042F210700AF074FC0AF0C2FD0022042142
:107C2400032000F00DFB0CF0F7FE00220C210220D3
:107C340000F006FB0BF0B2F900220321042000F04F
:107C4400FFFA01F067F8012101F0E7F908BDF8B582
:107C540005460C4647683846FFF77CFC0646A1B249
:107C640008390A2923D8DFE801F006232222222238
:107C74002B2222433E000AF093FD0022062103201A
:107C840000F0DEFAE8680CF019FA0CF0C5FE0022E8
:107C94000721022000F0D4FA0BF080F9002204211D
:107CA400084600F0CDFAF168384600F030FBF8BD24
:107CB400E8680CF0CFF97168384600F028FBF6E765
:107CC4000CF0AAFE00220721022000F0B9FA0BF002
:107CD40065F900220421084600F0B2FAF16838463A
:107CE40000F015FBE3E74169384600F010FBDEE7DE
:107CF40000F0C6FE00F0DEFE0028D8D100F0C0FE81
:107D040000F0DAFED3E7704738B50C4645682846DC
:107D1400FFF720FCA1B211290DD0122906D0102999
:107D240003D18168284600F0F2FA38BD416928463B
:107D340000F0EDFAF9E700F0A3FE00F0BBFE002826
:107D4400F3D100F09DFE00F0B7FEEEE708B500F0B9
:107D5400E1FF014601F025F908BD38B50C4615468A
:107D640000F064F82A46214600F6EC1000F0C7FA49
:107D740038BD000010B5044600F048FA014B2360FA
:107D8400204610BD58C8030038B5134B1A68013299
:107D94001A60124C124BE41AE408240444F003045D
:107DA4001049204609F0C6FC0BF0A8FF05460CF06C
:107DB4008FF8B5F904200C49204609F0BBFC0AF001
:107DC40017FF05460BF030F8B5F9002007492046A7
:107DD40009F0B0FC38BD00BFA42B0020486F03009D
:107DE400F86E0300B0730300C4730300E873030068
:107DF40010B582B0044600F022F904F51960FFF7CB
:107E0400B9FF04F6EC10FFF743FB064B0093012384
:107E140041F28832044904F6582000F0A3FA2046BF
:107E240002B010BD8D7D02000874030008B50A4B32
:107E34001B68BFF35B8F13F0010F01D0074808BD27
:107E440005480EF0FBFF0028F8D00448FFF7D0FFE8
:107E540001480FF007F8F1E7A82B0020AC2B002015
:107E640010B582B0044600F0ABF9194A042120464B
:107E740000F0FAF82246012104F5196000F0CEF969
:107E84000BF08CF80BF0A4F80CF0C6FD0CF0DEFD42
:107E94000AF086FC0AF09EFC04F6EC1000F04BFAA3
:107EA40004F6582000F078FA0BF0C2F809480A4B9F
:107EB400C01AC0080004094B019300220092012358
:107EC400074940F0030009F057FC02B010BD00BFA1
:107ED40018740300486F0300F86E0300587403001D
:107EE4002C74030008B500F029F908BD032824D830
:107EF400012A06D001290CD0022910D0B1B10720E3
:107F04007047012901D00022F4E700F10E02D2B239
:107F1400F0E700EB40000A4B1A540020704700EBD6
:107F24004000074B03445A700020704700EB4000A8
:107F3400034B03449A70002070470720704700BF2A
:107F44003836002008B5012200210846FFF7CEFF8D
:107F540010B10346072812D1072202210120FFF79E
:107F6400C5FF034608B1072809D1042202210020D5
:107F7400FFF7BCFF034610B1072800D100231846C1
:107F840008BD08B5012202210020FFF7AFFF10B1A0
:107F94000346072812D1072202210120FFF7A6FF7A
:107FA400034608B1072809D10A2200210846FFF731
:107FB4009DFF034610B1072800D10023184608BDD1
:107FC40008B50388102B0ED0112B13D10F4A136858
:107FD400013B136073B9FFF7D4FF58B10C4B1B6816
:107FE40043B1984706E0094B1B6823B1074A13685D
:107FF4000133136008BDFFF7A5FF0028F6D0044B3A
:108004001B68002BF2D09847F0E700BF44360020ED
:108014004836002010B584B004464FF0FF3201A961
:10802400D4F8F4080DF05AF90128F6D10198002883
:10803400F3D003681B68039A02999847EDE738B5B3
:1080440004460025C0F8F058C0F8F45850222946D8
:1080540000F6F8000EF0C2FE4822294604F6481045
:108064000EF0BCFE204638BD10B584B004460B4665
:10807400114600F1F00200F6F8000290019200931C
:1080840023464FF4007209480DF09EFBC4F8F00833
:108094000023009304F6481322460C2114200CF00C
:1080A400C9FFC4F8F40804B010BD00BF1980020071
:1080B40000B585B001910292039300231A4601A9E9
:1080C400D0F8F4080CF0F6FF05B05DF804FB0000EE
:1080D40000B585B0019102920393002300936A4690
:1080E40001A9D0F8F4080DF09DF8009B43B1064BAC
:1080F4004FF080525A6040BFBFF34F8FBFF36F8F72
:1081040005B05DF804FB00BF00ED00E0034B036025
:10811400034B0B6080231360704700BF9C4000201A
:108124009C3E0020034B0360034B0B604FF4007331
:10813400136070474C3E00204C36002008B50DF00B
:1081440085FBFEE710B50E4C0E4BE41AE40824043C
:108154000D4944F0020009F0E7FA4FF40041002011
:1081640009F0C6F808F0BEFF44F0030407492046AE
:1081740009F0DAFA0649204609F0D6FA10BD00BF24
:10818400486F0300F86E03006874030088740300EA
:10819400A874030008B503E009F05CF9034B1870F8
:1081A400024B1B78002BF7D108BD00BF1C2B00200D
:1081B40008B5FFF7EFFF08BD08B504F069FD08BD79
:1081C40030B589B0FFF7F8FFFFF7BCFF0024DCB13E
:1081D40009B030BD04F01F0343EA451302930023A2
:1081E40003930122049205930693079308AB13E9C2
:1081F40003008DE8030002AB0FCB00F055FD013501
:10820400002DE7D00134E2E72546F9E7024A02608F
:10821400002202718260704764C803004B1EDBB207
:10822400092B04D80171024B43F821008260704786
:10823400EC400020023100EB8100426070470000F6
:1082440000F1FF3C5FFA8CFCBCF1090F00D97047C8
:1082540008B5054B53F8200013460A4601468068CA
:10826400FFF726FF08BD00BFEC40002000F1FF3CF3
:108274005FFA8CFCBCF1090F00D9704708B5054BB7
:1082840053F8200013460A4601468068FFF720FF92
:1082940008BD00BFEC40002038B505460C468B1CD9
:1082A40000EB83035B688BB1002098470E4B0F4AA9
:1082B400A3EB020C4FEADC0C4FEA0C4C2B79224660
:1082C4000B494CF0040009F03FFA38BD0648074B4F
:1082D400C01AC00800042B790A46064940F004007D
:1082E40009F032FAF1E700BF486F0300F86E0300AB
:1082F400BC740300E874030070477047704740681B
:1083040020B108B503689B68984708BD704738B525
:1083140004460D46406803685B6898476368A36039
:1083240065602B681B682846984738BDC0680038CC
:1083340018BF0120704710B5044603681B689847AE
:108344002046FFF7F3FF20B1E368A36063600023D6
:10835400E360606803681B68984710BD43689868C9
:108364007047000030B583B00446084611461A46EB
:10837400069B63608902074DA5FB015104F10805C2
:1083840001950093002389090DF0F4FD2060204637
:1083940003B030BDD34D621030B583B0056865B10C
:1083A4000DF0A2FA02460024009423460121284637
:1083B4000DF00CFE204603B030BD0120FBE730B5C4
:1083C40083B00546006898B10A4600240094234609
:1083D40004210DF0FBFD2D680DF086FA0246009491
:1083E4002346012128460DF0F1FD204603B030BD9F
:1083F4000120FBE7006850B100B583B00022009271
:10840400134603210DF0E2FD03B05DF804FB704751
:1084140030B583B00546006898B10A46002400943C
:10842400234609210DF0D2FD2D680DF063FA0246B2
:1084340000942346062128460DF0C8FD204603B0CB
:1084440030BD0120FBE7006850B100B583B00022C5
:108454000092134608210DF0B9FD03B05DF804FB4A
:108464007047704710B503681B681878044C0138CE
:108474002146C0B205F0EAFEB4F9000010BD00BF09
:108484001E41002030B589B001900C460178254B7F
:1084940000221A705A709A70DA70022018715A7198
:1084A4009A71D9711A722049204805F009FE58B909
:1084B400019B187801381B49C0B205F063FE40B92E
:1084C40001AB029303AD0EE0194A262106F098FB96
:1084D400EEE7174A272106F093FBF1E702A8FFF71E
:1084E400C1FF25F8020B08AB9D42F7D1002303AA74
:1084F40002E032F9021B0B4408A98A42F9D10D4A61
:1085040082FB0312DB17C3EBA2031BB2C3EB0313FF
:10851400C3EB03139B09238005F0F6FF002009B089
:1085240030BD00BF144100206784020088C80300E6
:10853400147503006766666608B5094B1B68BFF3CC
:108544005B8F13F0010F01D0064808BD04480EF0FC
:1085540075FC0028F8D002480EF084FCF4E700BF54
:10856400244100202841002030B583B00446002572
:1085740040F8045B074A00942B4606CA00F0F6FD57
:108584002022294604F144000EF028FC204603B0C2
:1085940030BD00BF8CC8030010B51048104BC01A82
:1085A400C00800040F4940F0030009F0BDF8FFF7CC
:1085B400C3FF0D4C21460D48FFF764FF0AF018FB7A
:1085C400B4F9003040F2145202FB03F3084A82FB70
:1085D4000312DB17C3EBA213038010BD486F030023
:1085E400F86E03007075030020410020202B00204A
:1085F400D34D621008B5FFF7CFFF08BD08B5027868
:10860400094B1A70094A5A60436843B19969116069
:108614009B8B9380064B1B680348984708BD034B0C
:1086240000221A609A80F5E7344100202C41002092
:108634004C4100207047000008B50A480A4BC01A94
:10864400C0080004094940F0030009F06DF8084827
:1086540002F0BEFC00B908BD064A2E2106F0D0FA8D
:10866400F9E700BF486F0300F86E0300907503003C
:1086740050410020A075030008B502F0C1FB08BDFD
:1086840000B583B009F056FC68B90023019301A931
:10869400012009F045FD58B901A809F00FFE60B9A1
:1086A40003B05DF804FB074A3B2106F0A9FAECE7A6
:1086B400044A3F2106F0A4FAEEE7024A422106F0FA
:1086C4009FFAEDE7A0750300084B4FF4FA725A8045
:1086D4004FF47A729A800022DA80197862F3820168
:1086E4001970C9B262F3C401197070473C4100208B
:1086F40000B585B000230093019302930393084BC4
:108704000093084A6946084802F021FC10B905B0F4
:108714005DF804FB054A5C2106F072FAF7E700BF36
:108724003C4100200186020050410020A075030056
:1087340008B5044B1860FFF7A3FFFFF7C5FFFFF769
:10874400D7FF08BD4C41002038B50446002313E090
:108754001B4B53F825309B6803B1984719481A4BB3
:10876400C01AC00800042246184940F0030008F06B
:10877400E1FF24E00133DBB2154A12789A421ED994
:108784001D460F4A52F82320002AF3D01268A24251
:10879400F0D1204604F062FF0028D9D1084B53F8E9
:1087A40025305B6803B198470648074BC01AC008D8
:1087B40000042246074940F0030008F0BBFF38BD1F
:1087C400BC410020486F0300F86E030010760300DC
:1087D400B8410020FC75030030B583B00446016045
:1087E40042608360194B1B78022B23D80D46184B2B
:1087F4001B68ADF804301B0C8DF8063003238DF88C
:108804000530144A01A9284604F06AFE68B901211A
:10881400284604F0BDFE0D4A1378591C11700E4A07
:1088240042F82340204603B030BD0C4A242106F010
:10883400E7F9ECE70A480B4BC01AC008000403220E
:10884400094940F0010008F075FFEBE7B84100204A
:1088540094C803004D870200BC4100202476030025
:10886400486F0300F86E03008476030008B500F037
:10887400E7F908BD10B50446054B0360054B0360DA
:10888400054B1B684360083000F068F8204610BDB3
:10889400A0C80300B0C80300B8C803000804034B11
:1088A400A3FB0030C0F30F30704700BF5917B7D196
:1088B40008B50A430221083000F098F808BD08B54D
:1088C40000220321083000F091F808BD08B50A43DE
:1088D4000421083000F08AF808BD08B50A220521F1
:1088E400083000F083F808BD10B50446FFF7F5FF23
:1088F4004FF4704211462046FFF7DAFF2046FFF797
:10890400DEFF0F2200212046FFF7E0FF10BD022901
:1089140005D0032905D0012905D108207047092075
:1089240070470A2070470720704738B5044615463B
:10893400FFF7EDFF01462A4604F1080000F056F85F
:1089440038BD38B504460D461146FFF7A7FF024669
:1089540029462046FFF7E9FF38BD000030B58FB047
:108964000446174B844693E80700ACE803002CF850
:10897400022B120C8CF80020012284F84C220DF1F9
:108984001C0E03F10C0CBCE80F00AEE80F009CE8D1
:1089940007008EE8070004F10C05002304930EABD6
:1089A40013E90F008DE80F0007AB0ECB284600F04B
:1089B40075FB284600F066FB20460FB030BD00BFB3
:1089C400BCC8030023B90170130A43708270704756
:1089D400012BF9D141F080010170F5E703780B70A8
:1089E40043784B7083788B707047000010B582B069
:1089F40004460023415C01A8FFF7E4FF694601A88F
:108A0400FFF7ECFF00210B2000F02DF9032269464B
:108A140004F10C0000F08EFB044601210B2000F051
:108A240022F90CB902B010BD0548064BC01AC008A3
:108A34000004054940F0010008F076FEF2E700BFAB
:108A4400486F0300F86E0300A8760300BFF34F8F4E
:108A54000549CA6802F4E062044B1343CB60BFF3D8
:108A64004F8F00BFFDE700BF00ED00E00400FA05F2
:108A74003CDF70473DDF7047002202707047000002
:108A840008B50A4B1B68BFF35B8F13F0010F01D0CD
:108A9400074808BD05480EF0D1F90028F8D004486D
:108AA400FFF7EAFF01480EF0DDF9F1E7C8410020C5
:108AB400CC4100200078704770B50646164C174B21
:108AC400E41AE408240444F002051549284608F091
:108AD4002BFE4FF0FF310020FFF7CCFF60B9B1212E
:108AE4000020FFF7C5FF024668B10E4944F00100BB
:108AF40008F020FE002070BD02460B4944F001003E
:108B040008F018FEF6E7012333700849284608F0F8
:108B14000BFEFFF79BFF00BF486F0300F86E0300D6
:108B2400C876030014770300F47603003477030057
:108B340010B5044603685A0904D0012A13D14FF62C
:108B4400FF7201E04FF0FF3203F01F0322FA03F338
:108B540013F0010F09D023681F2B0CD903F01F0356
:108B64002360064810BD0022EEE705494FF4F67075
:108B740007F0B4F9EFE74FF0A040F3E7000300502B
:108B84005077030000B583B0019001A8FFF7D0FF30
:108B9400D0F81005019BD84000F0010003B05DF847
:108BA40004FB00B583B0019001A8FFF7C1FF0123C6
:108BB400019A9340C0F80C3503B05DF804FB00B58E
:108BC40083B0019001A8FFF7B3FF0123019A9340FA
:108BD400C0F8083503B05DF804FB08B511B9FFF718
:108BE400E0FF08BDFFF7EBFFFBE770B582B0019033
:108BF4000C4616461D4601A8FFF79AFF44EA4604B0
:108C040044EA85049DF8183044EA03249DF81C3096
:108C140044EA0344019B03F5E07340F8234002B0A7
:108C240070BD00B583B0019001A8FFF781FF019BDF
:108C340003F5E073022240F8232003B05DF804FB3F
:108C440008B5054B1B7803B908BD04F007FC024BBB
:108C540000221A70F8E700BF212B002008B5FFF7A7
:108C640091FFC0B208BD08B5FFF7B7FF08BD00000B
:108C740000B5064B01EB410C03EB8C0E43F82C00C2
:108C8400CEF804108EF808205DF804FBD0410020D3
:108C940008B500EB4000034B53F820309847002000
:108CA40008BD00BFD041002084B010B582B004AC30
:108CB40084E80F000446FFF7B4FF9DF820309DF8C8
:108CC4002420019200939DF81C309DF818209DF8F3
:108CD40014102046FFF789FF02B0BDE8104004B02D
:108CE400704730B583B004460D4601920A460146EA
:108CF4001846FFF7BDFF29462046FFF7C9FF024685
:108D040001A9204604F0ECFB0121204604F040FCBC
:108D140003B030BD00487047B44300206422427061
:108D240000228270014941600272704700C0014014
:108D340008B50248FFF7F2FF08BD00BFB4430020A6
:108D440030B58DB00546104C0DF1180CA646BEE8A2
:108D54000F00ACE80F009EE803008CE803008DE8E8
:108D6400030006AB0FCBFFF79FFF0DF10C0C04F1D2
:108D7400180393E807008CE8070000226146281DC9
:108D840004F016FF0DB030BDF8C8030008B5064B5B
:108D94001B7803B108BDFFF7BDFFFFF7D1FF024BFE
:108DA40001221A70F6E700BFB0430020F0B583B08B
:108DB40007EE903A4B7806EE903AF8EE666A9FED2D
:108DC400326A86EE867AF8EEE77A67EE877AFCEE08
:108DD400E77ACDED017A9DF804509DF8203007EE36
:108DE400903AF8EEE77A67EE877AFCEEE77ACDED13
:108DF400017A9DF804409DF8243007EE903AF8EE8D
:108E0400E77A67EE877AFCEEE77ACDED017A9DF892
:108E140004E000210EE048F2070715E048F20707D6
:108E240022E048F2070C10331844184B23F810C002
:108E34000131C9B2072925D80B4604FA01F010F014
:108E4400800FE8D048F20D0702EB420C4FEACC0049
:108E540003EBCC0C0D4E26F81C7005FA03F616F045
:108E6400800FDBD048F20D0703F1080C8444074E51
:108E740026F81C700EFA03FC1CF0800FD1D048F2C7
:108E84000D0CD0E703B0F0BD0000C842C043002081
:108E940010B582B0062B0BD8DFE803F0040C131ACC
:108EA40021282F000023019300936423FFF77EFF02
:108EB40002B010BD0023019364240094FFF776FFF1
:108EC400F6E76423019300230093FFF76FFFEFE7B6
:108ED4000023019364230093FFF768FFE8E764230A
:108EE400019300240094FFF761FFE1E764230193F9
:108EF40000930023FFF75AFFDAE7642301930093FA
:108F0400FFF754FFD4E7000030B585B005460023D1
:108F140000930193029303930E4B00934823ADF8FF
:108F2400043003E00121204604F03EFF2C1D2046BE
:108F340004F014FF0028F5D001231A4669462046A0
:108F440004F0B6FE4FF49650034B43F001039847E8
:108F540005B030BDC0430020F0C8030008B50123AC
:108F64008B70FFF7D1FF08BD70B582B005460E4681
:108F740000240194009423462246FFF717FF01942E
:108F840000942346012231462846FFF70FFF01943F
:108F940000942346022231462846FFF707FF02B019
:108FA40070BD10B5044600228A70FFF7DDFF20462D
:108FB400FFF7AAFF10BD00B583B00023019300930F
:108FC400FFF7F4FE03B05DF804FB10B50446642318
:108FD400437049B1022300220146FFF759FF21469D
:108FE4002046FFF7BBFF10BD00220146FFF7E3FF59
:108FF400F5E710B504466423437049B10323002206
:109004000146FFF745FF21462046FFF7A7FF10BDA5
:1090140000220146FFF7CFFFF5E710B504466423AD
:10902400437049B1062300220146FFF731FF214670
:109034002046FFF793FF10BD00220146FFF7BBFF58
:10904400F5E7000010B504466423437079B10123A9
:109054001A460146FFF71CFF21462046FFF77EFF14
:109064004FF4C850044B43F00103984710BD01224C
:109074000146FFF7A0FFEFE7F0C8030008B5FFF7CC
:1090840057FE08BD08B500231A4600F12C011C3018
:1090940003F000FF00B908BD0120FCE784B070B400
:1090A400844604A880E80E000B9B43B1012B0CD12D
:1090B4000CF11C041D4B0FCB84E80F0005E01C4B86
:1090C4000CF11C040FCB84E80F00079ECCF80C6055
:1090D400049DCCF800509DF818308CF80830059C9D
:1090E400CCF804400998CCF81400089ACCF8102065
:1090F4000A99CCF818108CF83960CCF834508CF8F4
:1091040038408CF82D008CF82E108CF82C208CF81C
:109114002F30FF238CF8313006238CF830300123B4
:109124008CF84032002070BC04B0704734C903008E
:1091340024C9030070B584B00546144600F59F7633
:1091440030460DF019FEE4B205F13C03009601949B
:10915400029303940022694605F1200005F048FCBF
:1091640008B904B070BD0120FBE7000010B582B05F
:109174008646684680E8060003C88EE80500CEF8F7
:1091840008300EF1180C0E4C0FCCACE80F000FCCCD
:10919400ACE80F0094E803008CE80300049BCEF8CD
:1091A40014309DF8053003330EF10C020EEBC303AB
:1091B40093E8030082E80300704602B010BD00BFCC
:1091C40044C9030008B500212F20FFF74CFD08BD5A
:1091D40008B501212F20FFF746FD08BD70470C207C
:1091E4007047000008B541F28733994234DC41F2FC
:1091F400883303FB01F05B1A90FBF3F007EE900A4F
:10920400F8EEE77A17EE900A0DF056FD18A3D3E9AD
:1092140000230DF037FC41EC100B0DF0CFF851ECAE
:10922400100B0DF011FD0F4B03FB00F00E4A82FBF7
:109234000031C317C3EBA11303F698530B4890FBFB
:10924400F3F0A0F58520A0F2FE2082FB0032C017C7
:10925400C0EBA21000B208BD6FF48870FBE700BF3A
:10926400AFF30080A68C0400D34D621090F0D73D7C
:10927400000000000088B34070B50546FFF75CF9B4
:10928400074E31460748FFF7FDF80AF037FD04465C
:10929400B6F9001041802846FFF7A4FFA08070BDF6
:1092A40050440020242B002008B5FFF7E5FF08BD3B
:1092B4000020704708B540F2DC520321FFF741FB60
:1092C40008BD08B500220221FFF73BFB08BD08B525
:1092D4000A460121FFF735FB08BD08B50C2904D95E
:1092E4004FF4C861FFF7F3FF08BD01EB810101EB07
:1092F4008101890001F5C87189B2FFF7E8FFF3E73E
:1093040008B564220021FFF71CFB08BD10B5044614
:10931400FFF7D0FF2046FFF7D4FF4FF4C871204673
:10932400FFF7D5FF2046FFF7EBFF10BD08B5FFF7A9
:10933400DBFA08BD30B583B00446FFF79BFA20255D
:109344002A46002104F516700DF048FD2A46002136
:1093540004F51E700DF042FD0025A4F89852A4F8FF
:109364009A520C4A00942B4606CA04F52770FFF75C
:10937400FDFE094A00942B4606CA04F53770FFF730
:10938400F5FE2046FFF7D2FF2046FFF7BFFF204639
:1093940003B030BD7CC9030074C90300BFF34F8F11
:1093A4000549CA6802F4E062044B1343CB60BFF37F
:1093B4004F8F00BFFDE700BF00ED00E00400FA0599
:1093C4004FF08053D3F83031082B01D00020704780
:1093D400012070474FF08053D3F83031082B01D06F
:1093E40000207047012070474FF08053D3F830219C
:1093F400D3F83431082A01D000207047002B04D858
:10940400DFE803F0010001207047002070474FF0AF
:109414008053D3F83021D3F83431082A01D0002006
:109424007047002B04D8DFE803F0010001207047E7
:10943400002070474FF08053D3F83021D3F83431F3
:10944400082A01D000207047002B04D8DFE803F07D
:10945400010001207047002070474FF08053D3F87B
:109464003021D3F83431082A01D000207047002B72
:1094740004D8DFE803F001000120704700207047A2
:109484004FF08053D3F83031082B01D000207047BF
:10949400012070474FF08053D3F83021D3F8343192
:1094A400082A01D000207047032B01D80020704700
:1094B4000120704708B5FFF7EDFF38B14FF01023D6
:1094C400D3F808224FF08043C3F8582508BD0000A4
:1094D400024BD3F80034002BFAD0704700E001406F
:1094E40008B5034BC3F80405FFF7F2FF08BD00BF3E
:1094F40000E00140014B024A1A607047282B00200B
:109504000090D00338B5FFF75BFF40B14FF08043C4
:109514000022C3F80C21C3F81021C3F83825FFF743
:1095240059FF002846D04FF08052D2F80414554B0E
:10953400C3F82015D2F80814C3F82415D2F80C1473
:10954400C3F82815D2F81014C3F82C15D2F8141443
:10955400C3F83015D2F81814C3F83415D2F81C1413
:10956400C3F84015D2F82014C3F84415D2F82414D3
:10957400C3F84815D2F82814C3F84C15D2F82C14A3
:10958400C3F85015D2F83014C3F85415D2F8341473
:10959400C3F86015D2F83814C3F86415D2F83C1433
:1095A400C3F86815D2F84014C3F86C15D2F84424F3
:1095B400C3F87025FFF718FF18B1334B334AC3F8CB
:1095C4008C26FFF724FF18B1314BFB22C3F8182572
:1095D400FFF730FF70B14FF08041D1F8E43E23F043
:1095E4000F034FF08052D2F8582202F00F021343B7
:1095F400C1F8E43EFFF731FF20B1264B4FF400726F
:10960400C3F84026FFF73CFF60B14FF08043D3F826
:10961400003413F0010F05D04FF080436FF00102C6
:10962400C3F800241C4AD2F8883043F47003C2F80B
:109634008830BFF34F8FBFF36F8FFFF73BFF4FF0BF
:109644001023D3F80032002B08DB4FF01023D3F89B
:109654000432002B02DBFFF74DFF38BD0120FFF77A
:109664003FFF4FF010241225C4F80052FFF730FFDB
:10967400C4F80452FFF72CFF0020FFF731FFFFF777
:109684008DFE00BF00C00040005000404881030030
:1096940000F000400090024000ED00E048B300B547
:1096A400864642B34FF0000C06E01EF80C006044FE
:1096B40080B201301FFA80FC0CF10100884207DA05
:1096C40010886045F1D80EEB0C0040789842ECD13C
:1096D4008C4512D20CF102039BB21EF80C0078B137
:1096E400013880B250B103EB000C61450ADB1380F2
:1096F40004E000207047002000E000205DF804FB37
:109704000020FBE70020F9E770B582B00023ADF834
:109714000630DAB10446164609230DF10602FFF7B6
:10972400BDFF0546BDF806301C448BB198B13046E8
:109734000DF00BFBA84201D000200AE02A46214686
:1097440030460DF0DFFA40B1002002E0002000E0D6
:10975400002002B070BD0020FBE70120F9E7000003
:1097640000230BB10020704703EB8302054931F855
:109774002220824201D00133F3E703EB830301EBA0
:10978400830070477844002030B5B0F804C002EB81
:109794000C04944594BFACEB0C0CACEB020CC288EB
:1097A4009D189A4294BF921AD21A4B88B0F800E0DE
:1097B40073450ED3408883420DD88B8863450CD300
:1097C400A3420CD8CB8893420BD3AB420BD80120D5
:1097D40000E0002030BD0020FCE70020FAE7002074
:1097E400F8E70020F6E70020F4E7000008B5024B94
:1097F4009B6903B1984708BD5C44002010B580887C
:10980400FFF7AEFF38B10446406805F0E7FA18B92F
:109814004FF6FF73238010BDFFF7E8FFF8E7000061
:1098240000B583B002460B46497A69B9197A41B941
:109834000D494968586805F079FA88B1FFF7D6FFF1
:109844000EE009498968F5E700211972064B5B6946
:1098540033B101218DF80410ADF8060001A8984732
:1098640003B05DF804FB00BF5C44002070B5C37B0B
:109874008688012B1DD104464FF6FF70FFF770FF59
:109884000546B8B10680002303720F4B03CBC5F81D
:109894000A00C5F80E104FF6FF7340F2F31204F1FC
:1098A400100105F10A00FFF76FFF6872074BDB89AF
:1098B40023B170BD0420FFF799FFFAE7294630462B
:1098C400FFF7AEFFF5E700BF544400205C440020DE
:1098D40070B5044686883046FFF742FF70B10546EE
:1098E4004FF6FF7340F2F31204F108010A30FFF758
:1098F4004BFF687229463046FFF792FF70BD0000A7
:10990400C288124BDB899A4200D0704770B5044676
:10991400038A022B00D070BD85882846FFF720FFFC
:1099240006460028F7D004F1120000F0C9F920B16E
:1099340031462846FFF774FFEDE7706805F04EFAEC
:109944000028E8D0FFF752FFE5E700BF5C440020A1
:1099540008B50388122B0FD006D8102B09D0112B71
:1099640009D1FFF74BFF06E0502B04D1FFF7C8FFE6
:1099740001E0FFF77BFF08BDFFF7AAFFFBE700004C
:1099840008B50146014806F065FB08BD8C4400207B
:10999400F0B583B00190B9B116460F46019D85B963
:1099A400284603B0F0BD0134132CF9D8214601A890
:1099B40006F050FB0028F6D03146A0B2B847013576
:1099C400F1E700242546EFE70025E9E7132801D94C
:1099D4000020704738B50446054D0146284606F078
:1099E40012FB2146281F06F00EFB012038BD00BFE4
:1099F4009444002038B50546002407E0054800EBF0
:109A040084002946043006F018FB01341D2CF5D9D6
:109A140038BD00BF8C44002008B50146014806F05B
:109A24000CFB08BD9444002008B512B106F0EBFA13
:109A340008BD06F002FBFBE730B583B00546019193
:109A440000230360019B93B9284603B030BD013461
:109A5400132CF9D8214601A806F0FCFA0028F6D008
:109A64002B685A1C2A6005EB43039C80EFE7002413
:109A7400EEE7000010B598B0134A9368DB431793E0
:109A8400516817A806F04EFB17996846FFF7D4FFF4
:109A94000DF1300C6C460FCCACE80F000FCCACE8E9
:109AA4000F0094E807008CE80700002407E018ABD7
:109AB40003EB440333F82C0CFFF79CFF01340C9B9D
:109AC400A342F4D818B010BD8C44002070B50446ED
:109AD40085880388103B0A2B1ED8DFE803F0061A9A
:109AE4001D1D1D1D1D1D1D3B1E00FFF7C3FF284628
:109AF400FFF76CFF38B1E37B022B0DD129461B48DD
:109B040006F081FA08E01A4AF021042005F078F8FA
:109B140002E02846FFF780FF70BD027A1609154C53
:109B24003F2A94BF0022012229462046FFF77CFFEA
:109B3400022E94BF002201222946201FFFF774FF42
:109B4400012E94BF002201222946A4F10800FFF748
:109B54006BFFE1E7037A002BDED1427AC2F3C00245
:109B640029460448FFF760FFD6E700BF9844002069
:109B7400A0770300A4440020132801D900207047D3
:109B840008B50146014806F065FA08BD9044002076
:109B940010B50446FFF7F0FF08B9002010BD2146B8
:109BA400034806F057FA08B90120F7E70220F5E761
:109BB4009844002010B50446FFF7DEFF08B90020E2
:109BC40010BD2146034806F045FA08B90120F7E71D
:109BD4000220F5E79444002010B50446FFF7CCFFBB
:109BE40000B910BD2146024806F034FAF9E700BF77
:109BF4009C44002010B50446FFF7BEFF00B910BD19
:109C04002146024806F026FAF9E700BFA0440020E6
:109C140010B50446FFF7B0FF00B910BD2146024855
:109C240006F018FAF9E700BFA444002038B5054649
:109C34000C460846FFF7A4FE08B9002038BD2846A4
:109C4400FFF79AFF0028F8D00634044800EB84009C
:109C54002946043006F0FEF9F0E700BF8C440020EA
:109C640070B506460C4615460846FFF789FE00B94E
:109C740070BD3046FFF780FF0028F9D00634044851
:109C840000EB84002A4631460430FFF7CDFEEFE7AF
:109C94008C44002070B504460E461546FFF770FE4E
:109CA40008B9002070BDA01D044B03EB8003586865
:109CB4002A463146FFF76CFEF4E700BF8C440020CF
:109CC400007800F001007047A0DF7047A1DF704703
:109CD400ADDF7047B3DF7047B4DF70478379012B82
:109CE40001D0002070470379012B01D00020704778
:109CF400428842F602139A4201D0002070470120A4
:109D0400704738B50446408800F050FEA080002516
:109D140005B138BD204601F01DFF0135F8E700B557
:109D240087B00023019302930393049305930823BC
:109D34008DF80430ADF80600039101A8FFF7E1FFA8
:109D440007B05DF804FB000070B586B000230193F2
:109D54000293039304930593ADF806004FF6FF7343
:109D640098422ED0044600F0CFFC054611283FD07F
:109D740015D8D0B10B2826D110238DF804301D48F6
:109D84001D4BC01AC008000422461C4940F00200C2
:109D940007F0D0FC01A8FFF7B4FF00220CE043F267
:109DA400020398420FD1002206E00F238DF80430FD
:109DB40001A8FFF7A6FF0022114B19782046FFF7F0
:109DC4004FFF06B070BD0B4E0B4BF61AF608360467
:109DD400284607F0D1F8024623460A4946F0010016
:109DE40007F0B2FC29462046FFF799FF0022E3E77B
:109DF4000122E1E7A06F0300F86E03003C78030042
:109E04000D450020BC78030008B5FFF79DFF08BD91
:109E140010B5044600F0DAFC00B910BD0122034B72
:109E240019782046FFF71CFFF7E700BF0C45002018
:109E340010B582B0044600F0B9FD00236A4609213A
:109E440001F0CAF9052801D002B010BD0122034B6C
:109E540019782046FFF704FFF6E700BF0A45002003
:109E640008B500220649074B1878FFF713FF00B125
:109E740008BD00220449054B1878FFF70BFFF7E7EC
:109E8400ADA002000E450020C59E02000A45002038
:109E940008B500220249034B1878FFF7FBFE08BD02
:109EA400C5A102000C45002008B500220249034B5D
:109EB4001878FFF7EFFE08BD0D9E02000D45002047
:109EC40010B582B004460023019342F6A623ADF8F0
:109ED400043001238DF80630084B1B6800936A4652
:109EE40001A9FFF7F1FE08B102B010BD0122044B35
:109EF40019782046FFF7B4FEF6E700BF8CC90300CB
:109F04000945002010B5044638B12368012B09D156
:109F1400BFF35F8F0023236010BD0549922005F035
:109F2400DDFFF2E70249932005F0D8FFF0E700BF18
:109F340010790300F0B585B006460F460DF10E000A
:109F4400FFF7C8FE10B9012400250DE01A494FF4AB
:109F5400997005F0C3FFF6E7BDF8002042F602133E
:109F64009A421DD00134A4B2BDF80E30A3421FD9C9
:109F74000223ADF804300022ADF80620CDF808D055
:109F840069462046FFF7A8FE034690B9002DE3D1A9
:109F9400BDF8002042F605239A42E3D10125E1E70A
:109FA400029701AA21463046FFF792FE034600E0DD
:109FB4000523184605B0F0BD6879030010B50446C2
:109FC40048B10121204606F082F8BFF35F8FB0FA52
:109FD40080F0400910BD0249852005F07FFFF0E7BD
:109FE4001079030070B586B0054600F0EDFA11282B
:109FF40047D0044619D8002846D00B2847D0254E10
:10A00400254BF61AF6083604204606F0B5FF02463C
:10A014002B46224946F0010007F096FB21462846CC
:10A02400FFF77DFE0024224623E0862806D043F273
:10A0340002039842E3D1002422461AE00026019646
:10A04400029603960496059607238DF80430ADF81E
:10A0540006501048104BC01AC00800042A46104984
:10A0640040F0020007F066FB01A8FFF74AFE344601
:10A0740032460C4909782846FFF7F2FD204606B01F
:10A0840070BD00240122F4E701240022F1E700243A
:10A094002246EEE7A06F0300F86E0300447A030043
:10A0A4000C7A03000E45002010B504460648FFF75D
:10A0B40085FF00B910BD2046FFF794FF0028F9D1B1
:10A0C4000148FFF71FFFF5E71045002070B586B083
:10A0D400044600F08FFB054611280CD8112848D8F7
:10A0E400DFE800F0174747474747334728474747C4
:10A0F40047474747475D43F20203984252D043F231
:10A104000143984235D12046FFF71EFE0025012267
:10A1140022E00023019302930393049305931123F4
:10A124008DF80430ADF8064001A8FFF7EAFD0125DB
:10A134002A4611E001A92046FFF7FCFE28B9BDF824
:10A14400043013B10025012206E0204600F02EFC65
:10A1540000F082FB00252A46144B19782046FFF7AD
:10A164007FFD2A46124B19782046FFF779FD06B089
:10A1740070BD104E104BF61AF6083604284606F049
:10A18400FBFE024623460D4946F0010007F0DCFAC7
:10A1940029462046FFF7C3FD00250122DCE7002500
:10A1A4000122D9E700250122D6E700BF0C45002093
:10A1B4000B450020A06F0300F86E0300847A0300AF
:10A1C40010B50446044B1978FFF730FD00B110BDFB
:10A1D4002046FFF77BFFFAE70B450020037803B125
:10A1E400704710B504464088FFF7AEFD6088FFF75E
:10A1F4000FFE6088FFF71CFEFFF732FE10BD000063
:10A2040010B582B00378092B03D0FFF729FE02B002
:10A2140010BD0446437A002BF7D1037A072B1DD0D7
:10A22400082B2CD0012BF0D16A460121808801F043
:10A234009DFA0028E9D1019B1B78002BE5D0A0886A
:10A2440000F0E8FB4FF6FF739842DED00122104B7A
:10A254001978FFF705FDFFF71BFED6E7808800F0AD
:10A26400D9FB04464FF6FF739842CED00122094B26
:10A274001978FFF7F5FC2046FFF7DAFDC5E7064B32
:10A284001B68012BC1D10448FFF73CFEBDE700BFAA
:10A294000C4500200E4500201045002030B583B049
:10A2A40004460D460022009201920123ADF80030CD
:10A2B40009238DF80230104B1978FFF7D1FC5DB1FA
:10A2C4000E4B0193204600F071FB0022694600F01A
:10A2D400F5FF18B903B030BD094BF2E7094C0A4A3F
:10A2E400A41AE408240406F047FE0246074944F091
:10A2F400020007F01FFAEDE70A45002088C90300B1
:10A3040084C90300A06F0300F86E0300C47A03003D
:10A3140030B587B0044685880388353B1F2B14D895
:10A32400DFE803F0499413131313131313131313D4
:10A334001313131313131313131313131313133BC1
:10A34400131013192846FFF7FFFCFFF7ADFDFFF7C5
:10A354009FFD07B030BD002401940294039404943B
:10A36400059412238DF80430ADF80650284600F009
:10A374001DFBADF8080000F06FFA22464D4B19782A
:10A384002846FFF76DFC22464B4B19782846FFF709
:10A3940067FC01A8FFF7B5FCD7E70630FFF79EFC82
:10A3A4000028D2D00122454B19782846FFF758FCE3
:10A3B400FFF756FDC9E7424B19782846FFF736FCEC
:10A3C4000028C2D000223E4B19782846FFF748FCEB
:10A3D400E288B2F5857F10D0A2B96289012A1CD126
:10A3E400A289012A24D03748374BC01AC008000478
:10A3F400364940F0020007F09DF900212846FFF796
:10A404004DFFA2E72F48304BC01AC0080004304962
:10A4140040F0020007F08EF9EFE72A482A4BC01AF1
:10A42400C00800042B4940F0020007F083F9D7E785
:10A434000022E1892846FFF749FC0028DDD10122EA
:10A44400254B19782846FFF70BFC7EE7224B197839
:10A454002846FFF7EBFB00283FF477AF00221E4BA2
:10A4640019782846FFF7FCFBE28852B9E289012AF1
:10A4740013D1217C003918BF01212846FFF70EFFB4
:10A4840063E71048104BC01AC0080004104940F09C
:10A49400020007F04FF90021EFE70A480A4BC01AFF
:10A4A400C0080004094940F0020007F043F9002104
:10A4B400E3E700BF0B4500200C4500200E450020BB
:10A4C40009450020A06F0300F86E03009C7B030085
:10A4D400247B0300607B030008450020AFDF704746
:10A4E400B1DF7047B2DF7047B3DF704738B5044659
:10A4F400808800F08FFA6080002505B138BD2046C1
:10A5040001F02CFB0135F8E730B589B0224B93E814
:10A51400030008AB03E903000BE007238DF80430C4
:10A5240001A8FFF7E3FF35E01C4C208800F045FF4D
:10A5340020801A4B18884FF6FF7398422AD00022C5
:10A5440006A900F0BBFE04460028EDD000230193C9
:10A554000293039304930593104B1B88ADF80830C2
:10A56400112817D08628D8D00D4D0E4BED1AED08C2
:10A574002D0406F001FD0246084B1B880A4945F0EC
:10A58400010007F0E1F808238DF80430039401A8D2
:10A59400FFF7ACFF09B030BD98C903001645002091
:10A5A400A86F0300F86E0300EC7B030008B5054BAD
:10A5B4001A884FF6FF739A4200D108BDFFF7A4FF33
:10A5C400FBE700BF164500202DE9F04784B0824622
:10A5D40000F0ECF94FF6FF73984200F087800746CD
:10A5E400012449E002AA0821384601F0BFF888B9DD
:10A5F400B8F8042003998B889A420DD10631284675
:10A604000CF080FB40B90821384601F025F9D8B98F
:10A614000B2607E0052807D13A460821384601F001
:10A6240073F90646002525E0334C344AA41AE4089D
:10A63400240406F0A1FC02465346314944F00100CB
:10A6440007F082F8032653E02B4D2C4AAD1AED088F
:10A654002D0406F091FC03463A462A4945F00100D0
:10A6640007F072F80326DDE701250821384601F0DA
:10A67400F3F818BB002D3BD022460134A4B26B463C
:10A684000821384601F078F8814638BBDDF80480AB
:10A694000323454645F8063B08F104022946504683
:10A6A400FFF720FF064600289CD00C28DCD00528A4
:10A6B40001D00025D9E74E460025D6E70E4E0F4AB5
:10A6C400B61AF608360406F057FC03463A460D4916
:10A6D40046F0010007F038F80326CBE7072802D13B
:10A6E40000250C26C6E706460025C3E743F202060A
:10A6F400304604B0BDE8F087A86F0300F86E03008D
:10A70400447C03007C7C03002DE9F04182B00546C3
:10A7140000F04CF94FF6FF73984205D1032400264C
:10A7240037464FF0010825E06A46082101F01EF87B
:10A7340020B9019B9F1D9E881C68F2E70324002614
:10A744003746EEE726B14FF00008032446460FE0F3
:10A754001B481C4BC01AC00800042A461A4940F082
:10A76400010006F0E7FF4FF00008032000E011208D
:10A774000B281CD12346324639462846FFF7B0FE43
:10A784000428F4D008280CD00B28F1D114F0020FBF
:10A7940009D1002FD6D04FF000080324464647467F
:10A7A400E6E70020E4E74FF000080124E0E7B8F111
:10A7B400000F02D002B0BDE8F0810B20FAE700BF21
:10A7C400A86F0300F86E0300FC7C030000B585B09D
:10A7D4000DF10F03029300F0E9F801AA012100F042
:10A7E400C5FF20B9029B187805B05DF804FB002072
:10A7F400FAE7000010B504461348FFF775FE90B160
:10A80400124C134AA41AE408240406F0B5FB0246C9
:10A81400104944F0010006F08DFF032010BD43F2FF
:10A8240003039842FAD14FF6FF72074B198820466A
:10A83400FFF754FE43F203039842F0D1024A13880F
:10A8440001331380EBE700BF14450020A86F030019
:10A85400F86E0300747D030000B583B084466B4634
:10A86400064A92E8030083E8030000221946604682
:10A8740000F024FD03B05DF804FB00BFA0C9030091
:10A8840046DF704738B50546002405E0044B53F80D
:10A894002430284698470134012CF7D938BD00BF2D
:10A8A400A8C9030000230F2B03D8C25C1AB90133D3
:10A8B400F9E7002070470120704778B181B108B5ED
:10A8C40003780A785340012B0CD806220131013059
:10A8D4000CF018FAB0FA80F0400908BD0020704767
:10A8E400002070470020F8E72DE9F04104460D46AA
:10A8F40000F1110701F111081022013101300CF0AF
:10A9040001FA50B90646601CFFF7CCFF30B1681C51
:10A91400FFF7C8FF10B1012600E0002606F001068B
:10A9240041463846FFF7C9FF637C03F0FE03042B5E
:10A934000CD0062B11D06B7C03F0FE03042B0ED03D
:10A94400062B01D0012302E0002300E0002300B124
:10A954003BB946B153B1002006E00023F7E70023DA
:10A96400F5E7012000E00020BDE8F0810120FBE7CD
:10A9740070B584B006460D4600F06AFC01AA0DF1DC
:10A984000E01072000F06CFC50B1BDF80E40AC4243
:10A99400F4D002993046FFF7A7FF0028EED001E07B
:10A9A4004FF6FF74204604B070BD000013280DD884
:10A9B40010B50446FFF7E0F828B104EB8404054B16
:10A9C40033F8140010BD4FF6FF70FBE74FF6FF702D
:10A9D400704700BF18450020132816D838B5044620
:10A9E4000D46FFF7C9F868B104EB8404084B03EB88
:10A9F4004403D3F802202A60DA881B7AAA80AB7158
:10AA0400002038BD43F20200FBE743F20200704726
:10AA14001845002038B505464FF6FF73984216D006
:10AA2400002401E00134A4B2132C0CD804EB8403F9
:10AA3400084A32F81330AB42F4D12046FFF79CF8B1
:10AA44000028EFD001E04FF6FF74204638BD0446DD
:10AA5400FBE700BF18450020038843B9072B04D83F
:10AA6400C21892782AB90133F8E700207047012010
:10AA740070470120704738B504460D46FFF7ECFFD8
:10AA840068B122882B889A4208D10822A91CA01CEC
:10AA94000CF038F9B0FA80F0400900E0002038BD2D
:10AAA40030B585B0054600F0D3FB01AA0DF10E01C7
:10AAB400072000F0D5FB88B1029C04F1460128462A
:10AAC400FFF7D9FF30B904F12A012846FFF7D3FF75
:10AAD4000028EAD0BDF80E0005B030BD4FF6FF7077
:10AAE400FAE70000132804D800EB8000014B23F898
:10AAF400101070471845002038B50546FFF78AFF47
:10AB04000446284600F0B2FE40B9132C06D804EBE4
:10AB14008404034B4FF6FF7223F8142038BD00BFA2
:10AB24001845002010B58CB0144600230AE0C3F188
:10AB34000F0C10F80CE003F130020DEB020C0CF8D2
:10AB440030EC01330F2BF2D90023049305930693C1
:10AB54008DF81C3007E0C3F10F02C85C30326A4440
:10AB640002F8200C0133022BF5D96846FFF788FE62
:10AB7400002307E0C3F10F0230326A4412F8102CAC
:10AB8400E2540133022BF5D90CB010BD0346027810
:10AB940002F0FE02042A01D00020704700B585B0FF
:10ABA4000846B3F80110DA78ADF80C108DF80E20D1
:10ABB4009A889B79ADF804208DF8063002AA01A981
:10ABC400FFF7B0FF032202A903A80CF09BF8B0FA28
:10ABD40080F0400905B05DF804FB00000388102BE9
:10ABE40072D100B593B00DF11C0E00F1040CBCE859
:10ABF4000F00AEE80F00BCE80F00AEE80F009CE8C1
:10AC040007008EE807009DF8203003F0FE03062BB2
:10AC14001BD14FF6FF71BDF81C202C4B02EB8200B8
:10AC240023F8101003EB40030898C3F80200BDF8A2
:10AC340024C09DF82600A3F806C018724FF6FF73CF
:10AC4400994236D113B05DF804FB00F001FB9DF886
:10AC540020305A08032B15D9022A10D102AA0DF16B
:10AC64000601072000F0FCFA00B30399013108A89B
:10AC7400FFF78CFF0028F1D0BDF80610CBE74FF6A4
:10AC8400FF71C8E702AA0DF10601072000F0E8FAF7
:10AC940048B10399113108A8FFF70FFE0028F1D03D
:10ACA400BDF80610B7E74FF6FF71B4E74FF6FF7132
:10ACB400B1E7ADF80A20ADF80C1000238DF8083088
:10ACC40002A8FFF7DFFDBDE7704700BF184500206D
:10ACD4008ADF70478BDF70478CDF704790F82E3027
:10ACE40043F0040380F82E30A023038650234386C8
:10ACF4000022828690F82E3062F3C40380F82E304E
:10AD0400012380F82F3070474FF4C873438506231E
:10AD140083841823C38400230385704700B587B058
:10AD240000230193029303930493059306238DF860
:10AD340004300B1D02930B88ADF80C3000F12E0388
:10AD44000593C36B0BB101A8984707B05DF804FBEA
:10AD540030B587B0002301930293039304930593C2
:10AD64000B79012B01D007B030BD05460C460C48C9
:10AD74000C4BC01AC00800040B4940F0040006F054
:10AD8400D3FCEB6B002BEED004228DF804202E357F
:10AD9400059522798DF8082001A89847E3E700BFBC
:10ADA400586F0300F86E0300F47D03002DE9F041B1
:10ADB40005460E4691F82070B0F81C80002401E08E
:10ADC4000134E4B2BC4209D206EB44124146A869FC
:10ADD400FEF79AFC03460028F2D000E00023184650
:10ADE400BDE8F08190F82E3003F01803082B03D04F
:10ADF400182B03D0002070470120704701207047B2
:10AE040008B5FFF767FF08BD2DE9F04186B090F85B
:10AE14002C8090F8233013B906B0BDE8F0810446C5
:10AE24008D1C00F12E0600F12407FFF7E9FF002333
:10AE34000193029303930493059343463A463146A0
:10AE44002846FFF749FF06460D4D0E4BED1AED0857
:10AE54002D0445F004050C49284606F065FC05233D
:10AE64008DF80430029632460849284606F062FC02
:10AE7400002ED1D0E36B002BCED001A89847CBE7AE
:10AE8400586F0300F86E03000C7E0300187E030065
:10AE940070B586B004460D460023019302930393D4
:10AEA4000493059300F12E030593FFF79BFFC8B9A4
:10AEB40094F8226094F821302BBB002211460295AD
:10AEC400002E3AD0914230D003238DF80430E36B46
:10AED4000BB101A8984704F160010020FFF7F8FEC8
:10AEE40006B070BD02238DF804300295E36B01A80F
:10AEF400984704F160010020FFF7EAFE2946204646
:10AF0400FFF782FFECE721462846FFF74FFF034691
:10AF140040B19DF80C2042F001028DF80C20012272
:10AF24001146CCE700220121C9E700238DF8043043
:10AF340029462046FFF768FFC9E7002BC4D0002349
:10AF44008DF8043029462046FFF75EFFBFE700284E
:10AF54003CD038B50D460446C263232200210BF0D1
:10AF64003DFF4DB32B7984F823302B7B84F82C30B0
:10AF74002B68CBB1186859689A68C4F82E00C4F8D5
:10AF84003210C4F836209B896387AA6882B104F121
:10AF940024031068516803C304F1400323661F238C
:10AFA400A4F86430002038BD2046FFF797FEECE794
:10AFB4002046FFF7A9FEEFE72046FFF78FFE204665
:10AFC400FFF7A2FE002384F82330E5E70E20704744
:10AFD40010B586B0002837D00446002301930293AD
:10AFE400039304930593FFF70BFF2046FFF7FAFE44
:10AFF40030B1E36B23B101228DF8042001A89847F6
:10B0040004F1600104F12E00FFF762FE04460828F3
:10B0140000D068B90D480E4BC01AC00800040D4991
:10B0240040F0040006F080FB0024204606B010BD6A
:10B034000648074BC01AC00800042246064940F0DF
:10B04400010006F077FBF0E70E24EEE7586F0300EB
:10B05400F86E0300547E0300307E030008B50346F7
:10B06400084603F10802194631F8043B1B2B0AD0A9
:10B074001D2B04D0102B05D1FFF750FE02E0114622
:10B08400FFF706FF08BDFFF763FEFBE7A0F580406E
:10B0940080B2704700F5804080B27047A0F58040D0
:10B0A40080B270470138082806D8DFE800F00705A9
:10B0B40005070707070707000020704701207047AE
:10B0C40038B505464FF6FF734380002404B138BDFC
:10B0D400284600F017FB0134F8E700B587B00023D9
:10B0E4000193029303930493059308238DF804308A
:10B0F400ADF80800039101A8FFF7E2FF07B05DF87F
:10B1040004FB000030B587B00023234A1370019379
:10B1140002934FF6FF7000F0B3FC044606E02046AD
:10B1240000F056FC204600F0ABFC04464FF6FF73DB
:10B134009C420AD02046FFF7A9FF01AA03A904F004
:10B14400E1FD48F209639842E9D04FF6FF739C424F
:10B1540001D107B030BD2046FFF798FF04F090FD01
:10B16400054648F20763984212D00028F1D00B48F4
:10B174000B4BC01AC008000423462A46094940F074
:10B18400010006F0E1FA29462046FFF7A6FFE0E7B2
:10B19400014B01221A70DCE7E8450020C86F030068
:10B1A400F86E03006C7E030070B582B00E4615463F
:10B1B400002300930193FFF769FF04463046FFF72D
:10B1C4006DFF01466B462A46204604F07FFD08B910
:10B1D40002B070BD0520FBE7F0B587B0FF282DD87D
:10B1E40005460C4617461E460846FFF75BFF38B374
:10B1F40003AA21462846FFF7D7FF28BB01A903A8C5
:10B2040004F0D2FC054608BBBC70019B5B883B8004
:10B2140076B19C003368A34228BF23461E461A46D3
:10B22400029978680BF0A8FDB44203D90C2508E014
:10B23400029B7B6003A804F0E3FC02E0072500E026
:10B244000725284607B0F0BD0525FAE70525F8E7E8
:10B25400024B00221A605A60704700BFE04500208C
:10B26400F0B587B007460E461446FFF71BFF18B922
:10B274000125284607B0F0BD05463846FFF70EFF06
:10B284000D4A03A904F030FD08B10025F1E701A936
:10B2940003A804F089FC08B10025EAE7A770019B24
:10B2A4005A882280029A62609888FFF7F3FE308001
:10B2B40003A804F0A5FCDCE7E0450020F0B587B066
:10B2C400FF2856D806460C4617468D782846FFF7C1
:10B2D400E9FE00284FD03046FFF7D8FEADF80C0049
:10B2E4002846FFF7DBFEADF80E006368049323885D
:10B2F40005936A46A1783046FFF756FF05281AD011
:10B3040003A9684604F0B2FC0446E4B148F20D63B4
:10B314009C4220D848F202639C421CD3A4F5064305
:10B32400023B0B2B17D8DFE803F0141616162A0C71
:10B3340016161616160C03A9684604F091FC04466A
:10B34400E3E7112418E0BFB13946684604F0E8FC8D
:10B3540012E0102410E00B480B4BC01AC008000484
:10B3640033462246094940F0010006F0EDF9032472
:10B3740002E0072400E00724204607B0F0BD86243D
:10B38400FAE700BFC86F0300F86E0300B87E03003D
:10B3940008B54FF6FF7000F001FB08BDFF2806D882
:10B3A40008B500F003FBFFF7ADFE002008BD072041
:10B3B400704708B500F01AFB08BD08B500F048FB5B
:10B3C40008BD08B500F05CFB08BD4FF6FF730380B1
:10B3D4008370FF234372837A23F002038372DBB208
:10B3E40023F001038372002303724360704700005B
:10B3F4000B68032B14D810B403EB4302094C34F844
:10B404002220824204D00133032BF5D9002004E02A
:10B414000B6003EB430304EB83005DF8044B7047BC
:10B4240000207047EC45002030B583B005460C463B
:10B434000023019301A9FFF7DBFF06E0019B013321
:10B44400019301A92846FFF7D3FF48B18378A342AB
:10B45400F4D1837A13F0030FF0D14368002BEDD1BC
:10B4640003B030BD0023032B0DDC03EB4301074A7B
:10B4740002EB81025268824201D00133F3E70348B0
:10B4840000EB810070470020704700BFEC450020AE
:10B4940008B5FF214FF6FF70FFF7C6FF08BD58B18E
:10B4A40070B50D4614460646FFF7F2FF306010B142
:10B4B400058033689C7070BD7047000038B5054640
:10B4C400002405E0044B53F82430284698470134FF
:10B4D400032CF7D938BD00BFB0C9030003EB8303C5
:10B4E4001B019BB2817042609B080380704708B5C2
:10B4F4009BB2FFF7F3FF08BD8378013B072B13D8FA
:10B50400DFE803F007121212120A040D1423038059
:10B514007047012303807047012303807047436809
:10B524009B8809339B0803807047000038B50546A3
:10B53400002406E0697A2144C9B2054800F093FC6E
:10B5440001342B7AA342F5D82846FFF73EFF38BDD5
:10B554001C46002030B583B00446002300930193B9
:10B5640083788DF80230417A2D4800F068FC20B3CE
:10B574000246237AA1786846FFF7B9FF6846FFF7C9
:10B58400BBFF224632F8040B6946FFF797FE1128E9
:10B5940038D01FD860B3072832D0224D224BED1A81
:10B5A400ED082D0405F0E8FC024623881F4945F008
:10B5B400010006F0C9F8032022E01A481A4BC01A09
:10B5C400C0080004627A1A4940F0010006F0B2F89B
:10B5D400032015E08628E0D1A37A23F00203A372A6
:10B5E400DBB243F00103A372124B01221A7007E08D
:10B5F400A37A23F00203A372DBB223F00103A37244
:10B6040003B030BDA37A43F00203A372DBB223F08C
:10B614000103A372074B01221A700020F0E700BF58
:10B624001C460020C06F0300F86E0300647F030013
:10B63400247F0300E945002030B587B00446FFF7B6
:10B6440089FF10B9012007B030BD4FF6FF72ADF885
:10B6540006202288ADF80820862807D107238DF814
:10B66400043001A8FFF72AFF0020ECE708228DF838
:10B6740004200390074D084AAD1AED082D0405F087
:10B684007BFC02462388054945F0010006F05CF87E
:10B69400E7E700BFC06F0300F86E0300947F030068
:10B6A40038B5164B1B783BB305460024134B1C706E
:10B6B4000DE0124B01221A7001B93DB104EB4400B4
:10B6C4000F4B03EB8000FFF7B7FFA8B10134032C45
:10B6D40012D804EB44020A4B03EB82039B7AC3F3B4
:10B6E400400113F0020FE4D1054B03EB82039B7A74
:10B6F40013F0010FEAD0DCE738BD00BFE9450020B4
:10B70400EC45002038B50446C068FFF7ABFE23784B
:10B714000A2B0AD0142B15D0092B1BD1637ADBB961
:10B72400E0B1FFF703FF00250DE0637AC3B9C8B1A8
:10B7340000254560837A43F0020383720A4B012299
:10B744001A7003E001252046FFF7B8FE2846FFF7EC
:10B75400A7FF38BD0025F6E70025F4E70025F2E74A
:10B764000025F0E70025EEE7E945002008B50023B1
:10B77400FFF732FD08BD0000002B59D0F0B583B0AF
:10B7840006460C4615461F46CB1FDBB2012B51D88B
:10B79400531E032B51D8FFF747FE0190D0B1037A13
:10B7A400AB424CD1019E737AFF2B1DD00026019B26
:10B7B4001D72597A244800F042FB024618B3ABB21A
:10B7C40021463846FFF78AFE002E3AD0082C28D0AE
:10B7D400002030E02246314601A8FFF760FE019BBD
:10B7E400002BDFD1112026E02946174800F050FB3A
:10B7F40070720198437AFF2B01D00126D7E7FFF737
:10B80400E4FD112017E01148114BC01AC0080004D0
:10B81400019B5A7A0F4940F0010005F08BFF032089
:10B8240009E03B887A689B00063B9380002002E095
:10B834000E207047072003B0F0BD0720FBE70F2060
:10B84400F9E70020F7E700BF1C460020C06F0300A3
:10B85400F86E0300F47F030008B5FFF7E5FD18B1A7
:10B86400FFF764FE002008BD0520FCE770B584B036
:10B8740005460023039303A9FFF7BAFD044607E036
:10B88400039B0133039303A92846FFF7B1FD044644
:10B89400D4B1A1782846FFF7DFFF0028F0D00528AF
:10B8A400EED0154E154AB61AF608360405F064FBB8
:10B8B4000246A37800932B46114946F0010005F097
:10B8C4004EFF032004B070BD2846FFF767FD002833
:10B8D400F8D00728F6D0084C084BE41AE4082404EE
:10B8E40005F04AFB03462A46064944F0010005F0E8
:10B8F4002BFF0320E6E700BFC06F0300F86E0300D0
:10B9040068800300C0800300CB1FDBB2012B11D879
:10B9140070B506460C4615461046FFF74AFD58B169
:10B9240021463046FFF780FD40B105808470FFF763
:10B9340011FE70BD072070470720FAE70520F8E7DD
:10B9440010B5044608464FF6FF739C4204D0FF2C02
:10B954000CD94FF6FF7010BD4FF4807104F083FBD7
:10B9640080B2B0F5807FF6D12046F4E7214604F09A
:10B9740056FB80F0010010F0FF0F01D02046EAE7EB
:10B984004FF6FF70E7E708B50346FF2800D908BD66
:10B994000846194604F051FBF9E7000008B50249CE
:10B9A400FFF7CEFF08BD00BF2C4600204FF6FF7303
:10B9B400984209D010B504460449FFF7C1FF8442F8
:10B9C40014BF0020012010BD002070474C46002009
:10B9D40038B50446044D2946FFF7D5FF05F120018B
:10B9E4002046FFF7D0FF38BD2C460020FF2801D9A0
:10B9F4000020704708B50146014804F02BFB08BD40
:10BA04002C460020FF2801D90020704708B50146C4
:10BA1400014804F01FFB08BD4C46002038B50D4614
:10BA24004FF6FF73984202D0441CA4B203E00024F2
:10BA340001E00134A4B2FF2C06D82146284604F0C4
:10BA440009FB0028F5D001E04FF6FF74204638BD0D
:10BA540010B50A49FFF7E2FF044604E0074920460F
:10BA6400FFF7DCFF04464FF6FF739C4204D02046E8
:10BA7400FFF7C8FF0028F1D1204610BD2C46002056
:10BA840008B50249FFF7CAFF08BD00BF4C460020B5
:10BA940038B50546002405E0054B53F82430284604
:10BAA40098470134034B1B78A342F5DC38BD00BF33
:10BAB400704600206C46002010B586B08488038848
:10BAC400102B06D0144B19782046FEF7AFF806B0B9
:10BAD40010BD00238DF80330019302930393049364
:10BAE400059301238DF804304FF6FF73ADF8083049
:10BAF400ADF80640083003900DF10303049301A848
:10BB0400FFF7C6FF9DF80320034B19782046FEF784
:10BB1400A7F89DF80300DAE72C2B0020094B1B78CB
:10BB240003B9704710B50446FFF7C6FF00B110BD56
:10BB34002046FFF753F8204601F032F82046FEF77E
:10BB4400E7FBF4E78A46002018B108B5FFF7A0FF29
:10BB540008BD704708B5FFF79BFF08BD08B5FFF7A0
:10BB640097FF08BD08B5FFF793FF08BD2DE9F04F17
:10BB740087B00193364B1B78002B63D083468A46EB
:10BB840091464FF6FF70FFF718FC04460023059317
:10BB9400042204920293039305AB039304AB02AA19
:10BBA4000621FFF719FB072850D04FF6FF77B84658
:10BBB4004FF0FF35002611E0059BB34201D3A046A8
:10BBC4001E46AB4201D227461D462046FFF7F5FB31
:10BBD400044604AB02AA0621FFF7FEFA0028EBD0C4
:10BBE4000528F2D04FF6FF739C421BD1984517D01D
:10BBF4009F4213D00020BBF1000F01D0ABF80080AE
:10BC0400BAF1000F01D0CAF80060B9F1000F01D0F9
:10BC1400A9F80070019BB3B11D6014E00520EAE7A8
:10BC24000520E8E70B4D0C4BED1AED082D0405F04B
:10BC3400A3F902462346094945F0010005F084FDB5
:10BC4400032000E0082007B0BDE8F08F0520FAE7E4
:10BC54008A460020986F0300F86E030028810300D1
:10BC640008B500231A460C490C48FFF77FFF052846
:10BC740004D068B1052809D000220AE0074B4FF62A
:10BC8400FF721A80044B00221A60F2E7012200E0DE
:10BC94000122034B1A7008BD804600207C46002018
:10BCA4008946002030B587B004468088FEF7B2FE8E
:10BCB40060802378093B032B00F28280DFE803F0E5
:10BCC4000232457D637AE3B94D4B1B6813B1E268D8
:10BCD40093420ED04B4B1B78002B71D0A2884A4B59
:10BCE4001B889A426CD1237A062B69D1FFF7B8FFDF
:10BCF40066E00023424A1360A188434A1180E3604E
:10BD04005EE0012B5CD13F4B1B78002B58D0A288FE
:10BD14003D4B1B889A4253D1237A062B50D1FFF70F
:10BD24009FFF4DE0637A002B4AD1354B1B68002BF3
:10BD340046D0E268934243D10022314B1A60334922
:10BD44000B68013B0B60E2603AE0314B1D7855B95A
:10BD540001252C4B1B7823B1A2882B4B1B889A42BC
:10BD640028D085B32CE04FF6FF70FFF726FB4FF683
:10BD7400FF739842EDD11846FFF723FB4FF6FF738C
:10BD84009842E6D10025224B1D700195029503953A
:10BD9400049505950D238DF804304FF6FF73ADF827
:10BDA4000830ADF806302046FFF772FE01A8FFF711
:10BDB4006FFECEE7FFF754FFD3E7154B1B7823B98B
:10BDC4002046FFF765FE07B030BD0023104A13700C
:10BDD400019302930393049305930E238DF8043087
:10BDE4004FF6FF73ADF80830ADF80630A36803933F
:10BDF4002046FFF74DFE01A8FFF74AFEE3E700BF28
:10BE040084460020894600207C460020804600208D
:10BE14008846002008B504F002F980F00100C0B2A1
:10BE2400BFF35F8F08BD08B5BFF35F8F04F012F94D
:10BE340008BD08B5BFF35F8F04F0FFF808BD38B53F
:10BE4400054668B10C46006850B1686840B1FF29E6
:10BE540007D0FFF7E8FF20B12868EB6803FB040074
:10BE640038BD0020FCE790B138B50C4605460368A0
:10BE74001BB1406808B1FF2900D138BDFFF7D3FFDB
:10BE84000028FAD021466868FFF7D3FFF5E770472A
:10BE9400F8B550B30F460646036843B3436843B34B
:10BEA4000025FF2405E02B1B0133BB421BD00135C9
:10BEB400EDB2B3689D4215D229467068FFF7AAFF18
:10BEC40018B1FF2CEFD12C46EDE7FF2CEFD005E0A5
:10BED40021463046FFF7C7FF0134E4B2A542F7D844
:10BEE400FF24E4E7FF242046F8BDFF24FBE7FF24FA
:10BEF400F9E7FF24F7E77EDF70477FDF704786DFCF
:10BF0400704708B5FFF7F7FF042800D008BD1120DB
:10BF1400FCE719B108B5FFF7F4FF08BD002070472E
:10BF240038B504464088FEF741FDA080002505B1E0
:10BF340038BD204600F004FE0135F8E700B587B0AF
:10BF440000230193029303930493059305238DF82F
:10BF54000430ADF8060001A8FFF7E2FF07B05DF872
:10BF640004FB00B587B00023019302930393049369
:10BF7400059308238DF80430ADF80600039101A859
:10BF8400FFF7CEFF07B05DF804FB000000B587B0F3
:10BF940094460022019202920392049205924FF079
:10BFA400040E8DF804E0ADF806008DF80C10ADF821
:10BFB4000EC08DF81030054B1978FDF751FE01A81D
:10BFC400FFF7AEFF07B05DF804FB00BF302B002085
:10BFD40000B587B000230193029303930493059360
:10BFE40002238DF80430ADF806008DF80C1001A87A
:10BFF400FFF796FF07B05DF804FB000070B5054637
:10C004000C4616460A460E4B1978FDF729FE04B96C
:10C0140070BD321E18BF01220A4B19782846FDF75D
:10C024001FFE012E14BF00220122074B1978284657
:10C03400FDF716FE31462846FFF7CAFFE8E700BFC2
:10C04400302B00202F2B00202E2B002000B587B092
:10C0540000230193029303930493059306238DF81D
:10C064000430ADF80600039101A8FFF759FF07B0AB
:10C074005DF804FB10B504460088FDF789FD01282E
:10C0840005D0214631F8040BFFF7E0FF10BD02464E
:10C094002088237913F0010F00D102220121FFF738
:10C0A400ADFFEEE700B587B000230193029303933D
:10C0B4000493059307238DF80430ADF8060001A816
:10C0C400FFF72EFF07B05DF804FB00B587B003232C
:10C0D4008DF804300388ADF80630437913F0040F6B
:10C0E4000AD001238DF80C308DF80D1001A8FFF74C
:10C0F40017FF07B05DF804FB0223F3E7F0B583B044
:10C1040043B304460E4617461D4600F580706B4641
:10C114000122072180B2FFF72FFB112818D030BB72
:10C124005022002101980AF059FE019B1E700199CA
:10C1340001F134032B60EF6001F118032B614B1CF8
:10C144006B611B4BEB6111312046FEF745FCF0B9E6
:10C1540003B0F0BD1748184BC01AC0080004174AB2
:10C16400174940F0010005F0E5FA0320F0E7114D0E
:10C17400114BED1AED082D0404F0FEFE0246234691
:10C18400104945F0010005F0DFFA0320E0E7094D0E
:10C19400094BED1AED082D0404F0EEFE0246234689
:10C1A400094945F0020005F0CFFA0820D0E700BFA6
:10C1B4008C460020D86F0300F86E0300C0C903004A
:10C1C400A4820300D88203003C8303002DE9F843D2
:10C1D40004460D461646184B1978FDF727FD90B115
:10C1E400012704F58070072180B2FFF735FB8046F4
:10C1F40008B1052809D133462A4639462046FFF7B7
:10C20400C5FEBDE8F8830227EBE70C4B0C4AA3EB11
:10C2140002094FEAD9094FEA094904F0ADFE024682
:10C224002346084949F0010005F08EFA41462046AC
:10C23400FFF797FEDFE700BF2E2B0020D86F030027
:10C24400F86E03008C83030070B506460C46154651
:10C254000C4B1978FDF7EAFC00B970BD0A4B19784C
:10C264003046FDF7E3FC28B12A4621463046FFF765
:10C27400ADFFF2E72B46224600213046FFF786FE4B
:10C28400EBE700BF302B00202F2B002008B50379EB
:10C294003D2B06D04FF4885100220088FFF7D4FFCD
:10C2A40008BD41F23D01F7E708B5427902F0030207
:10C2B40001790088FFF7C8FF08BD0000F0B585B01C
:10C2C400044600F10C063046FEF7EAFB4FF6FF7316
:10C2D400984227D0054601462088FEF703FC002239
:10C2E40001212088FFF78AFE4FF6FF739D421ED17D
:10C2F400002700231A4639462088FFF700FE064629
:10C30400082833D000283CD1A37D13F0010F4BD073
:10C31400002F49D1002341F2060219462088FFF775
:10C3240035FE41E02088FEF741FB0546D7E702AA27
:10C3340007212846FFF71AFAA0B9039FA37D13F03B
:10C34400010F11D097F8443013F0010F01D03437A6
:10C35400CFE7314607F14600FEF78DFB0028F6D102
:10C364000027C6E70027C4E70027C2E70F48104BA1
:10C37400C01AC00800040F4940F0020005F0D4F9C7
:10C3840012E00A4F0A4BFF1AFF083F0404F0F4FDC1
:10C39400024600952388084947F0010005F0DFF9BB
:10C3A40031462088FFF7DDFD05B0F0BDD86F0300EE
:10C3B400F86E0300F8830300688403002DE9F0435A
:10C3C40085B00446078800225D4B19783846FDF78E
:10C3D40047FC637913F0040F3FD007F58076B6B2BB
:10C3E40002AB012207213046FFF7C6F98046002838
:10C3F4003AD13846FEF7DAFA05464FF6FF7398420B
:10C4040049D04FF000082A4607213046FFF77CFA4E
:10C414008146002800F08680862800F08880494EF6
:10C42400494BF61AF608360404F0A6FD02460095B8
:10C434003B46464946F0010005F091F94946384625
:10C44400FFF78FFD00212046FFF73FFEB8F1000FF4
:10C4540007D02846FEF750FB03E000212046FFF7F3
:10C4640034FE05B0BDE8F083364D374BED1AED08C8
:10C474002D0404F081FD02463B46354945F0010098
:10C4840005F062F941463846FFF76BFD002120466E
:10C49400FFF71BFEE5E719460398FEF769FA054620
:10C4A4004FF6FF7398421CD001463846FEF71AFB3C
:10C4B400284B19783846FDF7B9FB804610B14FF088
:10C4C4000008A0E73846FFF739FD224B19783846B3
:10C4D400FDF7ACFB002896D100212046FFF7F5FDBF
:10C4E400BFE7FEF755FF05464FF6FF73984206D0A7
:10C4F40001463846FEF7F6FA4FF0010883E7114883
:10C50400114BC01AC0080004134940F0010005F0A3
:10C514000BF904213846FFF724FD00212046FFF7DC
:10C52400D4FD9EE701212046FFF7CFFD99E7384669
:10C53400FFF7B8FD01212046FFF7C7FD91E700BFD3
:10C54400302B0020D86F0300F86E030068850300C9
:10C55400D88403002D2B00203485030008B503790B
:10C5640013B9FFF72BFF08BDFFF79EFEFBE70000A2
:10C5740010B586B00446144B19780088FDF756FBB5
:10C5840008B106B010BD2088FDF726FB38B9012399
:10C5940041F2060200212088FFF7F8FCF1E70022AF
:10C5A4000A4B19782088FDF75BFB03238DF80430D0
:10C5B4002388ADF8063000238DF80C308DF80D304B
:10C5C40001A8FFF7ADFCDCE72F2B0020302B002067
:10C5D4002DE9F04188B007460D461646FDF7D8FA16
:10C5E40004462022002168460AF0F8FB012C16D0EC
:10C5F400002C4FD0002D3FD03846FEF7D7F94FF628
:10C60400FF73984227D0012C10D04FF000082B78EC
:10C6140013F0010F25D10396204B07932EE000223F
:10C624001F4B19783846FDF71BFBE1E71C4B1978C3
:10C634003846FDF7FBFA10B14FF00008E7E738463B
:10C64400FFF77CFC164B19783846FDF7EFFA28B152
:10C654004FF00008DBE74FF00008D8E74FF08508FB
:10C66400D5E7B8F1850F09D06B46324621463846E6
:10C67400FFF744FD58B901E04FF08508012C00D0C4
:10C6840000256B462A4641463846FFF736FC08B07B
:10C69400BDE8F08143F20200F9E700BF8C460020B8
:10C6A4002D2B002038B504460D46FDF771FA0128FC
:10C6B40002D043F2020038BD29462046FFF729FC88
:10C6C400F9E708B50388113B092B09D8DFE803F023
:10C6D4000508090D0808080811150430FFF7D6FDF0
:10C6E40008BD0430FFF7C6FCFAE70430FFF7E6FDA7
:10C6F400F6E70430FFF732FFF2E70430FFF738FFC4
:10C70400EEE700000022026042608260014A126883
:10C7140002607047D446002010B50446104600233A
:10C7240023606360A360E360236121706280FEF78D
:10C734003DF9A080204610BD00B583B06A460721AC
:10C74400FFF714F838B9019B93F8443013F0010F44
:10C7540002D0012000E0002003B05DF804FB38B5EE
:10C764000546002404B138BD2846FFF7EDF901342D
:10C77400F8E708B5FFF7F3FF08BD30B587B00D46FD
:10C7840014460246062101A8FFF7C6FF0395049448
:10C7940001A8FFF7E4FF07B030BD10B586B002462C
:10C7A4000C46082101A8FFF7B7FF039401A8FFF77F
:10C7B400D6FF06B010BD000010B50446134611297B
:10C7C4000DD000226BB10A4B19782046FDF748FAC8
:10C7D4000022084B19782046FDF742FA10BD0122C9
:10C7E400F0E7044B19782046FDF73AFAF6E700BF64
:10C7F400312B0020342B002070B586B0054611295A
:10C8040034D8DFE801F02D333333333333332D336E
:10C81400333333093333332D16461F481F4BC01AA5
:10C82400C00800042A461E4940F0020004F082FFBA
:10C834002A4604210DEB0100FFF76EFF96B1337811
:10C8440013F0010F10D102238DF80C3000238DF862
:10C85400103041F20113ADF80E3001A8FFF77FFF4D
:10C8640006B070BD0223EFE70123EDE70C460A4E44
:10C874000A4BF61AF6083604084604F07DFB024615
:10C884002B46084946F0010004F05EFF2146284685
:10C89400FFF783FFE4E700BFD06F0300F86E0300E7
:10C8A400D48503008C86030030B585B004460D465C
:10C8B40001A8FFF727FF01AA29462046FFF75DFFDD
:10C8C400094B1A6801992046FFF782FE05460122AA
:10C8D40001462046FFF770FF019A29462046FFF7DC
:10C8E4008BFF05B030BD00BFCC46002008B5002149
:10C8F400FFF7DAFF08BD00002DE9F04385B00446D8
:10C9040016461F46884689B901A8FFF7FBFE01AA0F
:10C9140000212046FFF731FFDDF80490284B1B78F7
:10C9240033B99DF80D301BB9052625E04FF00009F9
:10C93400324649462046FFF7B5FE05460022014629
:10C944002046FFF739FF112D1AD80123AB4042F6D8
:10C954000112134229D113F4003F15D04246194B5A
:10C9640019782046FDF77CF93246174B1978204692
:10C97400FDF776F90026E7B9304605B0BDE8F08347
:10C9840043F202039D4212D0104E114BF61AF608E0
:10C994003604284604F0F0FA024623460D4946F0D0
:10C9A400010004F0D1FE0326E5E72E46E3E72E4618
:10C9B400E1E74A4629462046FFF71EFFDCE700BFB1
:10C9C400D0460020322B0020332B0020D06F0300F0
:10C9D400F86E0300F886030038B50446084B19784E
:10C9E400FDF724F90546074B19782046FDF71EF993
:10C9F400014601232A462046FFF77EFF38BD00BFCB
:10CA0400332B0020322B0020002943D0F8B50546F3
:10CA14000C46FDF7CFF8064600283DD02846FDF722
:10CA2400C5FF0746022E14BF00260126237866F3AD
:10CA3400000323704FF6FF73C31A18BF0123227833
:10CA440063F3C30222702846FDF7C6F8237860F327
:10CA5400410323702846FDF7CDF8237860F3820361
:10CA640023702846FDF7D4F830B10122237862F30D
:10CA7400041323700020F8BD2846FDF7ADF808B96B
:10CA84000022F3E73846FFF757FE08B90022EDE726
:10CA94000122EBE70E20704743F20200EBE710B5EA
:10CAA40082B00C4600238DF80430E0238DF8043066
:10CAB40001A9FFF7A9FF9DF80430DB435BB222789C
:10CAC4001A4010B912B9012000E0002002B010BDD4
:10CAD40030B583B00446194B1B6833B34088FDF767
:10CAE4007BF8014608B9024621E000258DF8045080
:10CAF400237AC3F340012A4661F382028DF80420AD
:10CB0400D2B263F3C3028DF80420C3F38003D2B21C
:10CB140063F304128DF8042001A96088FFF7BFFFB6
:10CB240080F00102D2B2294601E000220121012352
:10CB34006088FFF7E1FE03B030BD00BFD44600209B
:10CB440010B504460378062B07D0132B01D1FFF749
:10CB5400BFFF2046FFF70DFE10BD81684088FFF738
:10CB6400A3FEF9E708B503780C2B02D8092B02D2EF
:10CB740008BD142BFCD100220549064B1878FDF79B
:10CB840089F800220449054B1878FDF783F8EFE78C
:10CB9400F1C80200312B0020DDC90200342B002033
:10CBA40008B5FFF78EFD00220549064B1878FDF7FE
:10CBB40071F800220449054B1878FDF76BF808BD9D
:10CBC400F1C80200312B0020DDC90200342B002003
:10CBD4000268134600E01B6813B18B42FBD101E0ED
:10CBE4000A60016070470346006808B102681A6071
:10CBF4007047000038B5054608B9064C04E0064CF9
:10CC040002E04368284698472046FFF7ECFF0028D7
:10CC1400F7D138BDE0460020E846002010B50446B0
:10CC240010B1012C06D010BD054B01225A70FFF73C
:10CC3400E1FFF6E70120024B9870FFF7DBFFF2E714
:10CC4400D846002000B1704708B5034B01225A7042
:10CC5400FFF7D0FF08BD00BFD846002008B505F097
:10CC6400F3F920B9074BD3F800342BB108BD0649BA
:10CC74007B2003F033F9F5E700F0EEF9034B0022D3
:10CC84009A70F3E70000014060870300D846002053
:10CC940010B5104B1B784BB185240F4BD3F80034DF
:10CCA40013B10C4B01229A70204610BD094B00228F
:10CCB4009A605A601A61DA60084800F07FF9044605
:10CCC40005F0C2F918B1034B01221A70E5E700F030
:10CCD4008DF9F8E7D84600200000014021CC02007D
:10CCE40010B582B00446224B1B78D3B1204B9B78FD
:10CCF400E3B114B163680120984700238DF807302D
:10CD04000DF1070002F0F0F8194AD3680133D3603B
:10CD14009DF8070002F0FAF8154BDB680BB302B07C
:10CD240010BD1449F62003F0D9F8DFE700238DF88D
:10CD340007300DF1070002F0D7F81CB121460E4868
:10CD4400FFF746FF0A4BDB6843B1094AD368013356
:10CD5400D3609DF8070002F0D9F8DDE700F05CF934
:10CD6400F3E704494FF4897003F0B8F8D7E700BF3C
:10CD7400D846002060870300E846002000B583B051
:10CD8400144B1B78B3B1134BDB68CBB100238DF884
:10CD940007300DF1070002F0A7F80E4BDA68013AEC
:10CDA400DA60DB6893B19DF8070002F0AFF803B0D6
:10CDB4005DF804FB084940F2171003F08FF8E2E72E
:10CDC40005494FF48C7003F089F8DFE7FFF746FF5D
:10CDD400E9E700BFD84600206087030000B583B0B0
:10CDE40001280DD0032823D038B9184B0122C3F8E9
:10CDF4008020BFF34F8FBFF36F8F03B05DF804FB48
:10CE040000238DF807300DF1070002F06DF8104B88
:10CE14001B7853B10E4BDA680132DA6001229A7042
:10CE24009DF8070002F072F8E7E7FFF731FFF1E73A
:10CE3400074B1B7823B100F0D9F8FFF79FFFDCE71D
:10CE4400044940F2522003F049F8F4E700E100E01D
:10CE5400D84600206087030000B587B003788DF8BA
:10CE640004304368029383688DF80C30C3680493DC
:10CE740003698DF81430054B53F82130044A52F8F5
:10CE8400211001A8984707B05DF804FBFC46002078
:10CE9400EC46002070B584B08C46144686461EF8D5
:10CEA400045B1C4A42F825401B4A42F825301B4BC0
:10CEB4000FCB04AE06E90F009CF800308DF800306B
:10CEC4009CF801308DF801309CF802308DF8023066
:10CED4009CF803308DF803309CF804308DF805304D
:10CEE4009CF805308DF80630DCF8083002939CF885
:10CEF4000C308DF80C309CF80D308DF80D3004B1E9
:10CF0400074C2B4622466946704601F0B7FC04B034
:10CF140070BD00BFFC460020EC460020D0C90300D1
:10CF24005DCE0200002807DB00F01F024009012348
:10CF34009340024A42F82030704700BF00E100E00D
:10CF4400002808DB4901C9B200F1604000F56140E6
:10CF540080F80013704700F00F004901C9B2014B7B
:10CF64001954704714ED00E038B505460C468B1E85
:10CF7400DBB2012B03D94B1FDBB2022B04D82146B1
:10CF84002846FFF7DDFF38BD02496B2002F0A6FFFB
:10CF9400F5E700BF0488030008B5074B1B6813F0CE
:10CFA400010F00D008BD06210020FFF7DDFF00209F
:10CFB400FFF7B8FFF6E700BF00E100E010B5044654
:10CFC40048B1084B1B795BB9064B1C6001221A71EE
:10CFD4000020587110BD0449A42002F07FFFF0E73F
:10CFE4008520F7E70C4700205488030008B5084B58
:10CFF4001B793BB1FFF7D0FF4FF080430122C3F808
:10D00400182508BD0349BD2002F068FFF2E700BF00
:10D014000C4700205488030000B583B00C4B1B79E7
:10D0240083B14FF080430022C3F80421D3F80421D4
:10D034000192019A0222C3F8042301229A6003B0E8
:10D044005DF804FB0349EA2002F048FFE9E700BF6A
:10D054000C4700205488030000B583B00F4B1B79A4
:10D06400BBB14FF080430222C3F808230022C3F867
:10D074000421D3F804210192019A0122DA604FF0CD
:10D084008043D3F8183413F4803FF8D103B05DF82B
:10D0940004FB0349F72002F021FFE2E70C470020DC
:10D0A4005488030000B583B04FF08043D3F80031B7
:10D0B4009BB14FF080430022C3F80021D3F8002134
:10D0C4000092009A0122C3F80823104B5B7923B91C
:10D0D4000E4B5A711B68002098474FF08043D3F8D9
:10D0E40004317BB14FF080430022C3F80421D3F80C
:10D0F40004210192019A0222C3F80823034B1B68FE
:10D104000120984703B05DF804FB00BF0C470020E2
:10D11400002807DB00F01F02400901239340024A64
:10D1240042F82030704700BF00E100E0002808DB2F
:10D134004901C9B200F1604000F5614080F8001374
:10D14400704700F00F004901C9B2014B19547047F0
:10D1540014ED00E010B40D4C00F5A27054F820302A
:10D1640023F44F3323F4407344F8203054F8203030
:10D17400090201F47C51120402F4403211430B43BE
:10D1840044F820305DF8044B704700BF0060004055
:10D1940000B583B084468E460D4B93E8030002AB82
:10D1A40003E9030063460BE002A901EB830151F894
:10D1B400081CD1F8200542F8040BC1F820050133FE
:10D1C4000CEB0E009842EFD803B05DF804FB00BFEF
:10D1D400E0C90300430904D0012B0BD14FF6FF73C0
:10D1E40001E04FF0FF3300F01F0023FA00F000F0DD
:10D1F400010070470023F6E7034B034493F96000F2
:10D2040000F03F00704700BF14470020034B034465
:10D2140093F96000C0F38110704700BF14470020E9
:10D2240010B5864614461AB100234FF0080C04E0EA
:10D2340008234FF00C0C00E00133634513D20B4A72
:10D2440052F82320B2F1FF3FF6D158B2074A02EB5D
:10D254000E0C8CF8300042F8231034B9083B134408
:10D2640083F860E001E04FF0FF3010BD1447002068
:10D27400064B4FF0FF3243F82020072804D9083822
:10D284000344FF2283F86020704700BF1447002046
:10D2940010B50446024602210020FFF779FF00235F
:10D2A400012B04D854F823201AB90133F8E70020DD
:10D2B40010BD0120FCE7000010B504460068FFF72C
:10D2C40089FF38B123681F2B0AD903F01F03236099
:10D2D400054810BD05494FF4F67002F0FFFDF1E773
:10D2E4004FF0A040F5E700BF000300505077030063
:10D2F40010B582B00C46019001A8FFF7DDFFA40031
:10D30400019B03F5E07340F8234002B010BD00B563
:10D3140083B0019001A8FFF7CFFF019B03F5E073F1
:10D3240050F8232022F0020240F8232003B05DF8D5
:10D3340004FB00B583B0019001A8FFF7BDFFD0F84E
:10D344001005019BD84000F0010003B05DF804FB18
:10D3540010B582B001900C4601A8FFF7ADFF019B08
:10D3640003F5E07350F8232022F4403240F82320E0
:10D3740050F8232042EA044240F8232002B010BDB2
:10D3840000B583B0019001A8FFF796FF019B03F558
:10D39400E07350F82300C0F3014003B05DF804FBD0
:10D3A40000B583B0019001A8FFF786FF0123019A1D
:10D3B4009340C0F8203503B05DF804FB2DE9F0413B
:10D3C400064645E0032126E0B8F1010F36D1414677
:10D3D400284698470134032C36D81F4B234493F92D
:10D3E4006030B3F1FF3FF5D02046FFF705FF054657
:10D3F400C20800F0070101238B40B25C1342E9D05C
:10D404002046FFF703FF80462846FFF7B9FF07468B
:10D414000228D7D002212846FFF79AFF2846FFF7B3
:10D42400BFFF0D4B5A1992F9302053F82230002BCC
:10D43400D0D0B8F1030FCAD0022FC5D0032FC9D161
:10D44400B8F1020FC6D1C2E73046FFF721FF08B199
:10D454000024C0E7BDE8F0811447002030B583B054
:10D464001C4B93F86A5095BB2C4601E00134E4B29E
:10D474002F2C0FD82046FFF7ADFE0028F6D0154B11
:10D484002344FF2283F83020F0E72846FFF7F0FE1C
:10D494000135EDB20B2DF8D90F4D00242C60AC8072
:10D4A40006210846FFF742FE0620FFF731FE0B4B2C
:10D4B400C3F87C41D3F87C210192019A4FF00042D9
:10D4C400C3F804230123AB71204603B030BD082008
:10D4D400FBE700BF144700207847002000600040AD
:10D4E40070B504460D461646FFF774FE38B1254B59
:10D4F400234493F93030002B07DB082070BD224908
:10D504004FF40C7002F0EAFCF1E7AA78C2F340028F
:10D5140031462046FFF784FE0646B0F1FF3F2FD088
:10D52400AB7813F0040F0FD113F0010F1CD0204679
:10D53400FFF7EDFEE30804F0070C1448C25C012178
:10D5440001FA0CF10A43C254AB7813F0020F10D164
:10D55400083E0C4B334493F96020297842EA811247
:10D5640083F860200020C9E769782046FFF7C0FEF1
:10D57400E0E72A7821463046FFF7ECFD0020BDE7BE
:10D584000420BBE714470020F488030078470020F8
:10D5940030B583B004460D46FFF71CFED0B12C4BCA
:10D5A400234493F93030002B1ADB294B234493F99D
:10D5B4003000072823DD0838FFF728FE0546032836
:10D5C40014D0012819D0032529462046FFF7C0FEB0
:10D5D40003B030BD1F494FF4187002F07FFCDEE742
:10D5E4001C4940F2612002F079FCDEE72046FFF797
:10D5F400A0FE0028E8D10225E6E70225E4E7C3B24D
:10D60400072BE5D800F140039BB29B009BB2124963
:10D6140000F5A27C51F82C2042F0010241F82C20A4
:10D6240003F1804303F5C04300221A601B68019391
:10D63400019B002DCCD0064B1C4494F9302053F8A8
:10D644002230002BC4D001238340C1F80433BFE748
:10D6540014470020F48803000060004010B504461D
:10D66400FFF7B8FD30B12046FFF763FE003818BF5E
:10D67400012010BD024940F2B22002F02FFCF2E773
:10D68400F488030070B584B0002502950395012049
:10D694004FF48073294603E0400004339BB2013108
:10D6A400072912D803F1804202F5C0421468012C04
:10D6B400F2D1234CD4F804432042EDD0002414606A
:10D6C40012680092009A0543E6E71D4BD3F87C31BB
:10D6D400012B06D015F0FF0F2AD1002D2BDB04B04F
:10D6E40070BD174B0020C3F87C01D3F87C31019343
:10D6F400019B45F0004502AA0221FFF749FDE9E735
:10D7040076000134072CE8D82E42F9D00C4B04F5EE
:10D71400A27253F82200C0F3052053F82210C1F37B
:10D724000141084B53F82430002BE9D09847E7E730
:10D7340001260024E6E702A8FFF740FECFE700BF7A
:10D744000060004014470020034B984201D1034875
:10D7540070470020704700BF002000408047002031
:10D7640008B5064B1B681BB1044B1B68984708BDE2
:10D774000349512002F0B2FBF6E700BF80470020C6
:10D784009C89030070B582B00C460546B8B12846A2
:10D79400FFF7DAFF0546B8B100238DF807300DF125
:10D7A400070001F0A1FB2E7916B92C6001232B711F
:10D7B4009DF8070001F0AAFB4EB9002005E00549D9
:10D7C400772002F08BFBE2E7002002B070BD11204D
:10D7D400FBE700BF9C890300002807DB00F01F0261
:10D7E400400901239340024A42F82030704700BFA9
:10D7F40000E100E0002808DB4901C9B200F1604003
:10D8040000F5614080F80013704700F00F004901F3
:10D81400C9B2014B1954704714ED00E0430904D018
:10D82400012B0BD14FF6FF7301E04FF0FF3300F0F3
:10D834001F0023FA00F000F0010070470023F6E710
:10D8440010B483B0844602240C714A71096889B10A
:10D8540012F0040F23D1822112F0080F01D041F0FD
:10D86400200112F0100F01D021F08001DCF800003B
:10D87400C0F80013DCF800100024C1F80441D1F80A
:10D8840004110191019912F0800F0AD1DCF80020F3
:10D894000121D150002003B05DF8044B7047922160
:10D8A400DAE7DCF800001844F5E730B585B0044643
:10D8B4000D46D0F8103173B10023C0F81031D0F800
:10D8C40010310093009B4B7913F0040F03D00B68C5
:10D8D4000BB101209847D4F8143173B10023C4F874
:10D8E4001431D4F814310193019B6B7913F0080FB0
:10D8F40003D02B680BB102209847D4F81C3173B1C4
:10D904000023C4F81C31D4F81C310293029B6B79B8
:10D9140013F0100F03D12B680BB100209847D4F8F3
:10D92400043163B10023C4F80431D4F804310393FF
:10D93400039B01232B712B680BB10320984705B07F
:10D9440030BD000010B504460068FFF767FF38B12A
:10D9540023681F2B0AD903F01F032360054810BD59
:10D9640005494FF4F67002F0B9FAF1E74FF0A04020
:10D97400F5E700BF000300505077030000B583B003
:10D98400019001A8FFF7DEFF0123019A9340C0F83C
:10D99400083503B05DF804FB00B583B0019001A81D
:10D9A400FFF7D0FF0123019A9340C0F80C3503B070
:10D9B4005DF804FB00B583B0019001A8FFF7C2FF36
:10D9C400019B03F5E073032240F8232003B05DF8C4
:10D9D40004FBF0B585B007460E4600240AE0FFF7C5
:10D9E400CDFF04AB03EB850555F8100CFFF7E2FF00
:10D9F4000134E4B2032C18D82546335DFF2B0CD038
:10DA040023F0800004AA02EB840242F8100C13F005
:10DA1400800FE4D1FFF7C0FFE3E74FF0FF3204AB20
:10DA240003EB840343F8102CE2E7386800230AE090
:10DA340004AA02EB830252F8101C03F5AC7240F8FE
:10DA440022100133DBB2032BF2D905B0F0BD000084
:10DA540038B505460C468B1EDBB2012B03D94B1F90
:10DA6400DBB2022B04D821462846FFF7C3FE38BD9B
:10DA740002496B2002F032FAF5E700BF0488030084
:10DA840070B506460C461546012904D84DB1293413
:10DA94006401355170BD064940F2B72002F01EFA08
:10DAA400F4E703494FF42E7002F018FAEFE700BFD1
:10DAB4003C8A030070B505460C461646012908D871
:10DAC4006EB116F4004F10D1293405EB44156E6085
:10DAD40070BD09494FF4307002F000FAF0E70649CE
:10DAE40040F2C12002F0FAF9EBE7034940F2C22008
:10DAF40002F0F4F9E8E700BF3C8A030070B504467D
:10DB04000E461546012907D8B5F1807F0AD204EBE9
:10DB14004614C4F8285570BD054940F2CA2002F0E5
:10DB2400DDF9F1E7024940F2CB2002F0D7F9EEE744
:10DB34003C8A030070B504460E461546012907D8F1
:10DB4400B5F1807F0AD204EB4614C4F82C5570BD9D
:10DB5400054940F2D32002F0C1F9F1E702494FF43C
:10DB6400357002F0BBF9EEE73C8A030070B5044659
:10DB74000D461646A2B1326829462046FFF780FFBB
:10DB8400B28829462046FFF795FFB2682946204609
:10DB9400FFF7B4FFF26829462046FFF7CBFF70BDBC
:10DBA400024940F2AB2002F099F9E4E73C8A030011
:10DBB4002DE9F04784B0044617460D46002964D089
:10DBC4002679384B03EBC6031B79002B68D1354B00
:10DBD40043F8367029462046FFF7FBFE23680122EE
:10DBE400C3F80025276895F805A095F80690B5F8C0
:10DBF4000880B5F90830002B4CDBC7F80CA5C7F832
:10DC04000495C7F808852268AB7AE97A43EA0123C8
:10DC1400C2F8103522680023C2F800322268C2F824
:10DC240000332268C2F81C31D2F81C210392039AF3
:10DC34002268C2F81031D2F810210292029A2268A6
:10DC4400C2F81431D2F814210192019A2268C2F860
:10DC54000431D2F804310093009B124B53F8363050
:10DC640053B12068297940F30730FFF7F1FE2068AB
:10DC740040F30730FFF7B0FD0A4B03EBC603012264
:10DC84001A71002004B0BDE8F0870749802002F033
:10DC940025F995E705494FF4287002F01FF9ACE720
:10DCA4000820EFE7884700208C8A03003C8A0300A1
:10DCB4002DE9F04104460F4616461D460279254BD0
:10DCC40003EBC20898F8043003B32EB33B6803F0A7
:10DCD4006043B3F1005F25D13A4600212068FFF785
:10DCE40045FF3A4601212068FFF740FF06F0010195
:10DCF400226801EB5603C2F8143515F0010F17D151
:10DD040015F0020315D001B3082312E012494FF4B1
:10DD14008D7002F0E3F8D8E70F4940F21B1002F0CF
:10DD2400DDF8D3E70C494FF48E7002F0D7F8D3E74F
:10DD340010232268C2F80032EAB241B10C234146F2
:10DD44002046FFF77DFDBDE8F0810423F1E70823B9
:10DD5400F5E700BF884700208C8A030038B50446E5
:10DD640005790F4B03EBC5031B798BB10C4B03EB0C
:10DD7400C5031B79DBB2022B10D001202368D3F832
:10DD8400043123B1064B03EBC5030120187138BDE0
:10DD940004494FF4CC7002F0A1F8E7E70020EDE766
:10DDA400884700208C8A030038B504460D46027962
:10DDB400104B03EBC2031B79ABB123680022C3F8F9
:10DDC4000022236801225A602046FFF7C7FF03465A
:10DDD40038B92046FFF7C2FF034610B9002DF8D129
:10DDE4002B46184638BD044940F2731002F076F809
:10DDF400E3E700BF884700208C8A030008B5024986
:10DE04000248FFF752FD08BD8847002000C00140CA
:10DE1400002807DB00F01F02400901239340024A57
:10DE240042F82030704700BF00E100E000280CDB1E
:10DE340000F01F024009012393402030034A42F8B6
:10DE44002030BFF34F8FBFF36F8F704700E100E0C6
:10DE5400002808DB4901C9B200F1604000F56140C7
:10DE640080F80013704700F00F004901C9B2014B5C
:10DE74001954704714ED00E010B40B7803F0030359
:10DE84004A78120102F0300213438A78120202F433
:10DE9400E0621343CA78120302F4805213430A79EE
:10DEA400120402F4E02213434A79120502F48012A8
:10DEB40013438A79120602F080721343074A02EB75
:10DEC4000014C4F81835CC79097A5130030102EBF7
:10DED40000104160D4505DF8044B7047007000405E
:10DEE40038B505460C468B1EDBB2012B03D94B1FFC
:10DEF400DBB2022B04D821462846FFF7A9FF38BD20
:10DF040002496B2001F0EAFFF5E700BF0488030033
:10DF140010B588B0684BD3F80431002B2CD0664B75
:10DF24000022C3F80421D3F804310093009B634B0F
:10DF340093F82E2012B193F82F30EBB100238DF813
:10DF440014305E4B596806911989ADF81C10D968D4
:10DF5400002964D0594B188B5883596018810021CB
:10DF6400D96012B9544B01221A60544C236805A895
:10DF74009847002384F82F30504B93F82E3053B336
:10DF84004D4BD3F8003133B34B4B0022C3F800217F
:10DF9400D3F800310193019B484A538B92F82D200A
:10DFA40093423FD99B1A9BB244494B8348680989E1
:10DFB40089B2CB1A00EB43033F49C1F82C36C1F8B0
:10DFC40030263D4B0022C3F80421D3F804210292E9
:10DFD400029A01225A60384BD3F810317BB1364B88
:10DFE4000022C3F81021D3F810310393039B334B61
:10DFF4001A7402228DF814201B6805A898472E4B2A
:10E00400D3F814314BB32C4A0023C2F81431D2F89C
:10E0140014210592059A294A137408B010BD0022F0
:10E024001A74A2E7934208D09342CAD1234B012227
:10E0340083F82F2000225A83C3E72049C9680029A6
:10E04400F2D01E4B012083F82F00002058831A4B76
:10E05400C3F82C16C3F83026B3E7184B5C69002CC0
:10E06400DBD0B4FA84F34FF00042DA4024EA02042D
:10E0740046339B0003F1804202F5E0421168002917
:10E08400EDD00021116012680492049A01228DF8E7
:10E094001420A3F58C73C3F3C7028DF8182013F072
:10E0A400040F0CBF01230B468DF81930034B1B687A
:10E0B40005A89847D3E700BF0070004090470020B0
:10E0C40070B584B00C460646002849D0002C4CD0CC
:10E0D400294B93F82C30002B4CD1274D2C603378EE
:10E0E400264CC4F8F0357378C4F8F435F37885F821
:10E0F4002E30012385F82C3000232B7485F82D3025
:10E104006B6185F82F306FF00042C4F80823C4F81F
:10E114000431D4F804210392039AC4F80031D4F8EA
:10E1240000210292029AC4F81431D4F814310193F4
:10E13400019BB1780720FFF7D3FE0720FFF768FEA5
:10E144000223C4F8043395F82E3013B10122C4F825
:10E1540004230A4B0122C3F80025002004B070BD3B
:10E164000749D82001F0BAFEB0E70549D92001F0EB
:10E17400B5FEADE70820F1E79047002000700040AD
:10E18400288B030038B505460C462D4B93F82C30EC
:10E19400002B34D0072D38D82A4BD3F8F43513F09C
:10E1A400FF0F04D0264B93F82D30002B33D1E379A5
:10E1B400013BDBB20C2B34D8237A0D2B37D8204B00
:10E1C4001B7C002B39D105F10C021D4B03EB4203E0
:10E1D4001B792BB91A4A92F82D30013382F82D306D
:10E1E400E27905F10C01164B03EB41031A71227A13
:10E1F4005A7121462846FFF73FFE002038BD1249D8
:10E2040040F2251001F06AFEC4E70F494FF4937001
:10E2140001F064FEC0E70C494FF4947001F05EFE17
:10E22400C5E709494FF4967001F058FEC4E7064962
:10E234004FF4977001F052FEC1E71120DEE700BFF2
:10E244009047002000700040288B0300404B1B7C4B
:10E25400002B7AD130B583B03D4A012414743D4B70
:10E264000325C3F80853C3F82C16C3F8304692F8B4
:10E274002D30A3420DD9002209E0D3B235495133E0
:10E284001D0101EB031300245C604C510132072A89
:10E29400F3D900F10C022E4B03EB420319795C799C
:10E2A4002C4B5130020103EB0010446099500122C1
:10E2B4001A605A6042F21073264AD2F804211AB93D
:10E2C400013BF9D1002300E00123A3B1214B00223B
:10E2D400C3F80021D3F8001101910199C3F8042176
:10E2E400D3F804310093009B194B93F82D30012B84
:10E2F40019D9002215E018494FF4D27001F0EEFD4F
:10E30400E4E702F10C01124B03EB41031C795D7944
:10E31400D3B210495133180101EB03135D600C5063
:10E324000132072AEDD90A4B93F82E3043B1094B39
:10E334000322C3F804230020054B187403B030BD36
:10E34400044B0222C3F80423F5E71120704700BFF1
:10E354009047002000700040288B0300F8B5054664
:10E364000E461446414B93F82C30002B3BD03F4BC8
:10E374001B68002B3DD016F5006F40DBB4F5006F31
:10E3840043DAA64247DAB2B242EA04422B0103F16D
:10E39400804303F5E043C3F81C25072D41D86F00E3
:10E3A4008021B94016F5006F41D0304843697E1C86
:10E3B4004FF00042F240134343612D4BC3F8041362
:10E3C400072D41D84023BB4040F2FF72944241D014
:10E3D400264842694FF00041F9400A434261244A09
:10E3E400C2F80433F8BD234940F2692001F076FDF8
:10E3F400BDE7204940F26A2001F070FDBBE71D49EA
:10E4040040F26B2001F06AFDB8E71A494FF41B7023
:10E4140001F064FDB5E7174940F26D2001F05EFD9F
:10E42400B1E7154940F2D62001F058FDB7E70F488F
:10E4340043697E1C4FF00042F24023EA0203436129
:10E444000B4BC3F80813BBE70B4940F2D62001F08D
:10E4540045FDB7E7054842694FF00041F94022EA1B
:10E4640001024261024AC2F80833BBE79047002028
:10E4740000700040288B0300C08B030038B50446AD
:10E4840007282BD81C4B93F82C306BB31A4B1B7CEE
:10E4940083BB04F10C02184B03EB42031B792BB131
:10E4A400154A92F82D30013B82F82D3004F10C020C
:10E4B400114B03EB420300251D715D710F4A04F1FA
:10E4C4005103190102EB03135D60555040F2FF72D2
:10E4D4000B492046FFF742FF284638BD09494FF44F
:10E4E400B17001F0FBFCCDE7064940F2631001F086
:10E4F400F5FCCBE71120F0E79047002000700040C6
:10E5040000F8FFFF288B030010B5244B93F82C3040
:10E514009BB1234C6FF00043C4F808330720FFF786
:10E5240085FC0123A36042F210731D4AD2F8142122
:10E534004AB9013BF9D1002306E01A4940F2071019
:10E5440001F0CCFCE5E7012333B10024144BC3F8FC
:10E554000045124B1C7406E012494FF4887001F018
:10E56400BDFCF2E70134072C12D804F10C020B4B6A
:10E5740003EB42031B79002BF4D0E0B2FFF77EFFDC
:10E584000028EFD007494FF48D7001F0A7FCE9E7AC
:10E59400024B002283F82C2010BD00BF90470020BE
:10E5A40000700040288B0300002807DB00F01F02E6
:10E5B400400901239340024A42F82030704700BFCB
:10E5C40000E100E0002808DB4901C9B200F1604025
:10E5D40000F5614080F80013704700F00F00490116
:10E5E400C9B2014B1954704714ED00E0003A18BF4A
:10E5F4000122022908D0032909D0012901D142F0BE
:10E604000202C0F85425704742F00402F9E742F0D0
:10E614000602F6E7430904D0012B0BD14FF6FF7332
:10E6240001E04FF0FF3300F01F0023FA00F000F088
:10E63400010070470023F6E710B504460068FFF7B1
:10E64400E9FF38B123681F2B0AD903F01F032360A5
:10E65400054810BD05494FF4F67001F03FFCF1E7A1
:10E664004FF0A040F5E700BF0003005050770300CF
:10E6740010B582B00C46019001A8FFF7DDFFA4009D
:10E68400019B03F5E07340F8234002B010BD00B5D0
:10E6940083B0019001A8FFF7CFFF019B03F5E0735E
:10E6A400032240F8232003B05DF804FB00B583B0D7
:10E6B400019001A8FFF7C0FF0123019A9340C0F81D
:10E6C4000C3503B05DF804FB00B583B0019001A8DC
:10E6D400FFF7B2FF0123019A9340C0F8083503B055
:10E6E4005DF804FB10B582B08446106820B100F0D8
:10E6F4006044B4F1005F34D1946824B104F0604400
:10E70400B4F1005F2DD15468CCF84405CCF84845E9
:10E714009068D268CCF83405CCF838250022CCF8BF
:10E724001821DCF818210192019A13F0010F1DD071
:10E734000122CCF8502513F0020F1BD00122CCF893
:10E74400402513F0080F02D10122CCF810200A68EA
:10E75400A2B113F0040022D04023CCF808330020E7
:10E7640002E000234B77102002B010BD0022CCF849
:10E774005025E0E70022CCF84025E2E7DCF8183128
:10E78400002BFBD0C87FFF280DD08B7F1BB1FFF778
:10E794008DFF0020E8E7FFF797FF0020E4E7402320
:10E7A400CCF80433E0E70020DEE710B50446C07F70
:10E7B400FF2803D0A37F53B1FFF778FF00236377CB
:10E7C4002372204650F8083B6168984710BDFFF754
:10E7D4007BFFF3E738B505460C468B1EDBB2012BF5
:10E7E40003D94B1FDBB2022B04D821462846FFF77E
:10E7F400E9FE38BD02496B2001F070FBF5E700BF6C
:10E8040004880300D0F81831B3B110B582B00C46B7
:10E814000023C0F81831D0F818310193019B0B681C
:10E8240023B12046FFF7C1FF02B010BD034940F2F7
:10E83400972001F053FBF4E7704700BF188C0300E6
:10E8440008B502490248FFF7DDFF08BDC0470020B4
:10E854000030004008B503494FF04020FFF7D2FFD5
:10E8640008BD00BFE447002008B502490248FFF78D
:10E87400C9FF08BD08480020003002402DE9F047D8
:10E8840082B00646914698460D46002900F08A80DB
:10E89400347904EBC403534901EB83010B7F002B50
:10E8A40040F099803768504B53F824103846FEF7EF
:10E8B40069FF8246002840F091804A4B04EBC40271
:10E8C40003EB820143F82290C1F804802B7B012BD7
:10E8D4006DD92878FFF7F8FE2B78019301A8FFF78C
:10E8E400ABFE019B03F5E073012240F8232095F869
:10E8F4000180B8F1FF0F5ED14FF0FF39A878FF28EF
:10E9040061D14FF0FF38A97804EBC402354B03EB17
:10E91400820383F82010E878D877FF280ED02B796B
:10E92400002B55D0FFF7C2FEE878FFF7B0FE297937
:10E9340004EBC4022B4B03EB820399772B78C7F8C3
:10E944000835C7F80C95C7F81085AB68C7F82435A7
:10E954006A7B297B3846FFF749FEAB79C7F8C03597
:10E964000723C7F8003504EBC4031E4A52F82330CA
:10E9740053B13068697940F30730FFF72BFF3068F3
:10E9840040F30730FFF710FE164B04EBC40203EB11
:10E99400820200215177134601221A77504602B0B1
:10E9A400BDE8F0871149AD2001F098FA70E72878A6
:10E9B400FFF77CFE90E7C1464046FFF777FE4046EE
:10E9C400FFF765FE9AE780460121FFF751FE9AE7BB
:10E9D400FFF77AFEA8E74FF0080ADFE74FF0110AC5
:10E9E400DCE700BFC0470020E8C90300188C03001F
:10E9F4002DE9F04106460D469046047904EBC40324
:10EA0400354F07EB83073B7F002B48D02B68002B47
:10EA14004BD0AB68002B51D03379022B07D8EB686D
:10EA2400B3F5803F03D26B68B3F5803F04D32B4921
:10EA34004FF40C7001F052FA04EBC402264B03EBC2
:10EA440082035B7F002B45D11346234A52F82330BF
:10EA54004BB118F0140F06D104EBC4021E4B03EBA8
:10EA6400820301225A7704EBC4021B4B03EB820C92
:10EA74000CF10C0E95E80F008EE80F009CF81F00B7
:10EA8400FF2804D09CF81E300BB3FFF71DFE43464D
:10EA94002A4639463068FFF725FEBDE8F0810F4964
:10EAA40040F22D2001F01AFAB0E76B68002BB0D0C9
:10EAB4000A4940F22E2001F011FAAAE7EB68002B74
:10EAC400AAD0064940F22F2001F008FAA4E7FFF784
:10EAD400EDFDDCE71120E0E7C0470020188C0300BF
:10EAE400F0B583B005460F461646002401E0013414
:10EAF400E4B2B44215D2A00000F5A0704FF4803304
:10EB0400A3402A58002AF2D0D5F804231342EED0A9
:10EB140000232B502B580193019B3B68796898473D
:10EB2400E5E703B0F0BD000008B50422024903483C
:10EB3400FFF7D6FF08BD00BF2C480020008000402E
:10EB440008B5042202490348FFF7CAFF08BD00BF05
:10EB5400384800200090004008B5042202490348C8
:10EB6400FFF7BEFF08BD00BF4448002000A00040DE
:10EB740008B5062202490348FFF7B2FF08BD00BFEB
:10EB84005048002000A0014008B50622024903486D
:10EB9400FFF7A6FF08BD00BF5C48002000B001409D
:10EBA40082B001238DF807309DF80730134B1860AD
:10EBB40059609A6044F20103984213D044F202036C
:10EBC400984207D10D4BDA60DA6812689A61DA6804
:10EBD4005268DA6172B69DF80730002BFBD162B639
:10EBE40002B07047054B1A611A6992685A611A6932
:10EBF40012689A611A695268DA61EBE76848002082
:10EC040000B583B002900091019244F20100714674
:10EC14006A4600F003F803B000BD00002DE9F0419E
:10EC240084B004460E46154672B602F0E5FD02F0C5
:10EC340011FC0028FBD144F201039C423BD010D8C4
:10EC4400012C1FD041F201039C4250D12E482F4B7E
:10EC5400C01AC00800042E4940F0010002F064FD0F
:10EC64001AE044F202039C4241D12748274BC01AC0
:10EC7400C00800042B686A68264940F0010002F0CD
:10EC840063FD09E02048214BC01AC0080004224952
:10EC940040F0010002F048FD204BD3F8F03013F0AF
:10ECA400010F00D000BE2A4631462046FFF778FF08
:10ECB40004B0BDE8F081144F144BFF1AFF083F0461
:10ECC40047F00107D5F80880404602F055F903469D
:10ECD4006A682968029601910092424610493846B2
:10ECE40002F059FD0F49384602F01EFDD4E70648EC
:10ECF400064BC01AC008000432460B4940F001001C
:10ED040002F018FDC8E700BF486F0300F86E030067
:10ED1400FC8C0300208D0300DC8C030000ED00E07C
:10ED24003C8D0300648D0300788D030030B585B0FD
:10ED34004568002D48D00446037B002B46D1026071
:10ED4400EFF3058323B300230393009303AB0A4635
:10ED54000921284607F03AF9012801D0042036E0B9
:10ED640006F0C8FD02460023009303AB06212846A3
:10ED740007F02CF90128F1D1039B0BB3164B4FF08C
:10ED840080525A6040BFBFF34F8FBFF36F8F17E0BD
:10ED94000223009300230A460421284607F016F9AB
:10EDA400012801D0042012E006F09EFD0246022351
:10EDB400009300230121284607F008F9012808D10F
:10EDC40001232373002002E0082000E0002005B0A6
:10EDD40030BD0420FBE700BF00ED00E010B584B0B7
:10EDE4000446406830B3EFF30583B3B100220392C5
:10EDF400009203AB082107F0E9F801280BD1039B2B
:10EE0400A3B10E4B4FF080525A6040BFBFF34F8FF7
:10EE1400BFF36F8F0AE004200AE00223009300236B
:10EE24001A46032107F0D2F8012805D100202073E7
:10EE340004B010BD0820FBE70420F9E700ED00E072
:10EE4400EFF3108272B6114B9B68CBB930B40F4903
:10EE540001238B600E4BD3F880400E4D2C400C6088
:10EE6400C3F88050D3F884404C604FF0FF31C3F8AE
:10EE740084100023037002B962B6002030BC7047CE
:10EE84000123037002B962B600207047884800204D
:10EE940000E100E0FC06FFBD094B9B686BB160B963
:10EEA400EFF3108172B6064B1868064A1060586872
:10EEB400506000229A6001B962B60020704700BF1A
:10EEC4008848002000E100E0EFF30583C3F3080362
:10EED4003BB9EFF3148313F0010F0CBF01200020A2
:10EEE400704701207047000010B50446FFF7ECFF9F
:10EEF400012803D12046FFF7A3FF10BD0249432098
:10EF040000F0ECFFF6E700BF908D030010B5044657
:10EF1400FFF7DAFF012803D12046FFF7BDFF10BD3C
:10EF24000249512000F0DAFFF6E700BF908D03009C
:10EF340038B50546002402E0284698470134032CDE
:10EF440005D8034B53F82430002BF5D1F6E738BD30
:10EF5400084900200378013B052B34D8DFE803F08F
:10EF640003061120293100230B70704701230B7015
:10EF740003898B818388CB81C3688B6000230B74E6
:10EF8400704702230B7003898B818388CB81C3680C
:10EF94008B60837D062B14BF002301230B74704701
:10EFA40003230B70C3888B810389CB81C3688B6077
:10EFB400704704230B70C3888B810023CB818B6043
:10EFC400704705230B707047884207D20368B3F17A
:10EFD400FF3F01D001207047002070470020704798
:10EFE4004388033300EB8300704738B504460D466D
:10EFF400FFF7F6FF85420CD3A2884FF6FF739A42BF
:10F0040009D023884BB1A368B3F1FF3F07D0002098
:10F0140038BD0220FCE70120FAE70120F8E70120CF
:10F02400F6E7000060B10A4AD26882420AD8084A68
:10F034001269824208D310F0030F07D101207047F0
:10F044000020704700207047002070470020704760
:10F05400082B00200A4A00EB800302EB83031B8980
:10F064000B4400EB800002EB8002528912FA83F019
:10F0740080B2B0F5806F8CBF00200120704700BFC4
:10F08400CC480020002301E001339BB2012B0ED8B1
:10F0940003EB830C074A02EB8C0252688A42F3D2D8
:10F0A40002F580528A42EFD903800020704748F26B
:10F0B40009607047CC4800208B7D022B04D903895A
:10F0C400CA881344033303814389CA889B1A033BC8
:10F0D40043817047F8B5033086B240F2FE339E4256
:10F0E40025D80D46002401E00134A4B2012C1BD81C
:10F0F40004EB84030F4A12F82330002BF4D1314679
:10F104002046FFF7A7FF0028EED02C80094B04EB24
:10F11400840203EB8202528904EB840703EB870326
:10F1240032445A81002001E048F20660F8BD48F2FA
:10F134000860FBE7CC480020064A01EB810302EBA0
:10F1440083035B8901EB810102EB81021B1A033B00
:10F1540053817047CC480020F8B50E4600EB800080
:10F16400134B03EB80035C6804F580550868A0B179
:10F17400FFF736FF044629462046FFF725FF0746DA
:10F1840098B129462046FFF730FF012807D002280E
:10F194000AD00028EFD1346007E00834EBE72046BA
:10F1A400FFF71EFF0446E6E700273846F8BD00BF18
:10F1B400CC48002030B583B005460C464068FFF7C4
:10F1C40031FF20B12A89174B1B899A4218D000239A
:10F1D40023802388012B23D80023019301A92088AD
:10F1E400FFF7BAFF0146B8B1019B2A6898689042BC
:10F1F400F4D16B600B4B1B892B81084603B030BDE7
:10F204002A6869688B689A42E1D12046FFF73AFF81
:10F21400B0FA80F14909F0E7238801332380D8E765
:10F224000021EAE7B4480020F8B51C461F4B1B78C0
:10F23400002B34D005460F461646002A32D03CB97E
:10F2440048F2046027E000232360A3880133A380ED
:10F25400A388012B20D803EB8303154A12F823302B
:10F26400002BF2D12146A088FFF776FF0028EAD0D0
:10F2740023681DB199882A889142F3D11FB1198856
:10F284003A889142EED19B68336023687360094BDE
:10F294001B8933810020F8BD48F20960FBE748F27E
:10F2A4000160F8E748F20460F5E700BF1C4900205C
:10F2B400CC480020B44800200B4A13890133138141
:10F2C4000023538013730CE003EB83018A00074986
:10F2D4008A5CB2FA82F25209034919448A720133F0
:10F2E4009BB2012BF0D97047B4480020CC480020D1
:10F2F40000B58646002301E001339BB2012B19D8E7
:10F304000E4A1A44927A002AF6D00C4A1A44002172
:10F31400917203EB83010A4A02EB8102D268002A4C
:10F32400EAD1074A02EB8102107C0028E4D0AEF84F
:10F33400003000E000205DF804FB00BFB44800206A
:10F34400CC480020044B5B685B880333034A9188F4
:10F3540011FA83F393807047B4480020C448002016
:10F3640030B40E4804680E4B5B880E4903EB830CE3
:10F374004FEA8C020A44556805605460B0F804C032
:10F38400A2F808C00222828003EB830303FA02F28C
:10F39400114400230B7430BC704700BFC4480020E4
:10F3A400B4480020CC48002008B5124B1B78072B2A
:10F3B4000AD8DFE803F00409090A1016161AFFF741
:10F3C4007BFF0C4B01221A7008BDFFF7BBFF094BF2
:10F3D40002221A70F8E7FFF7C3FF064B06221A70E1
:10F3E400F2E7044B07221A70EEE7024B01221A706F
:10F3F400EAE700BFB448002008B50146014800F020
:10F40400EBFD08BDF448002008B5064B05221A7030
:10F41400054902238B80002301220968034801F077
:10F42400A9FA08BDB4480020C4480020082B0020D5
:10F4340008B50D4B5B8803EB83010C4A02EB810298
:10F44400D26872B9084A0421117003EB8303074997
:10F4540001EB8301002301224968054801F08AFA7F
:10F4640008BDFFF7D1FFFBE7B4480020CC480020DB
:10F47400082B002000B583B0002300930823044A1E
:10F4840004490968044801F0A5F903B05DF804FBD8
:10F4940000CA0300C4480020082B002008B5044B10
:10F4A40007221A7000225A60FFF7E4FF08BD00BF6C
:10F4B400B448002000B583B001460023009308231C
:10F4C400034A044801F086F903B05DF804FB00BF69
:10F4D400F8C90300082B002038B530B90B79032B89
:10F4E40062D8DFE803F0081E3843324B00225A602A
:10F4F4004FF4064005E001230B71FFF7BBFF002822
:10F5040052D138BD0A4603EB8301890000205054D0
:10F5140003EB830302EB83025068FFF7CBFF012365
:10F524000FE00023012B09D803EB8302224911F8D1
:10F534002220022AE6D001339BB2F3E7002348F2EB
:10F544000E60002BDBD11B4B01221A7000225A6083
:10F5540041F61D50D5E700230B71184902228A8019
:10F5640001220968164801F005FAC8E74FF0000CBB
:10F5740081F804C0134B5B88104908680E4C03EBF8
:10F58400830204EB820255680D605060B1F804E018
:10F59400A2F808E002228A8003EB8303934004F874
:10F5A40003C0FFF787FFAAE7024B00225A6048F224
:10F5B4000D60A6E71C490020CC480020C448002068
:10F5C400082B0020B448002008B5064B06221A7008
:10F5D4005B8803EB83039A00034B13445868FFF7DB
:10F5E40069FF08BDB4480020CC48002000B583B0B2
:10F5F40002238375002300930423C218044801F0F6
:10F60400E9F810B903B05DF804FB48F20D60F9E7BE
:10F61400082B002000B583B0036973B103238375FD
:10F6240000230093042300F10C020831054801F083
:10F63400D1F820B903B05DF804FB0123EFE748F2E9
:10F644000D60F7E7082B002000B583B00123837514
:10F65400C388002200929B0002690C31044801F027
:10F66400B9F810B903B05DF804FB48F20D60F9E78E
:10F67400082B002000B583B00378032B0ED006239B
:10F68400837500230093042300F1080219440648FB
:10F6940001F0A0F820B903B05DF804FB0523EFE7FF
:10F6A40048F20D60F7E700BF082B002010B582B0C8
:10F6B4000C46002300930423084A0146084801F03D
:10F6C40089F840B904EB8404064B03EB840301225C
:10F6D4001A7402B010BD48F20D60FAE7F4C90300D1
:10F6E400082B0020CC48002070B50C468B8A03EB15
:10F6F40083022B4E06EB820688B9294A03EB830169
:10F7040002EB81014D680B8905EB8305A37D062B74
:10F714000BD8DFE803F0162E22280D343E003046C5
:10F72400FFF7CAFC4FF4064515E048F20E650EE0FB
:10F734001C4800234360A36903601B49FFF73AFD9B
:10F7440050B329462046FFF751FF05461DB1214617
:10F754003046FFF7B1FC284670BD29462046FFF726
:10F7640059FF0546F2E729462046FFF76DFF054697
:10F77400ECE729462046FFF77DFF0546E6E706232A
:10F78400A375094B1988074B5868FFF78FFF054687
:10F79400DCE741F61D55DAE748F20965DBE700BF0F
:10F7A400CC480020A04800209C48002010B584B01C
:10F7B40004460023009301930293C36800930DF160
:10F7C4000E016846FFF7F6FC18B948F2096004B068
:10F7D40010BD01988388E38003882381BDF80E104F
:10F7E400FFF764FFF3E7000000B583B00B484268FD
:10F7F4000B4B1968B3F804C0538803339BB24FF022
:10F80400030E80F800E0002000909B0001EB8C01C7
:10F81400044800F0DFFF03B05DF804FBB4480020A7
:10F82400C4480020082B002008B5064931F8020C12
:10F83400FFF792FC10B1FFF7D7FF08BDFFF7F8FD03
:10F84400FBE700BFB848002008B50748FFF750FDA4
:10F8540010B1FFF7E9FF08BD044B00221A705A806B
:10F864005A6041F61D50F6E7B6480020B44800201F
:10F8740030BB08B5154B1B7B6BB1144B00221A73BC
:10F88400124B1B78013B062B1DD8DFE803F0070A57
:10F894000D101C131600FFF787FDF1E7FFF7D4FFE7
:10F8A40008BDFFF7C1FFFBE7FFF79EFFF8E7FFF78F
:10F8B400BFFDF5E7FFF788FEF2E7FFF7EFFDEFE79F
:10F8C4004FF40640704748F20E60E9E7B448002060
:10F8D40000B585B0094B01AA00210630FFF7A4FC4E
:10F8E40038B9064B99880298FFF7E0FE05B05DF839
:10F8F40004FB024B00221A605A60F7E79448002088
:10F90400B0B908B50B79012B08D0022B13D0ABB9D1
:10F9140002230B710846FFF749FF0EE00846FFF784
:10F92400D7FF48F20963984207D141F61D5004E01D
:10F934004FF40640704741F61D5008BD48F20E6072
:10F94400FBE7000008B50146014800F051FB08BD83
:10F95400F448002008B5084B1B683BB10121064858
:10F9640000F001FC003818BF012008BD03494FF422
:10F97400247000F0B3FAF1E718490020308E030038
:10F9840010B586B004462CE02E48FFF735FD2E4B0B
:10F9940018602AE02D494FF4B46000F09FFA28E083
:10F9A4002046FFF799FD002849D0002301930293D4
:10F9B40003930493059341F61D5398423DD002905E
:10F9C400214C01A92068FFF7C5FA01A8FFF7B0FA96
:10F9D400002323601B48FFF7B5FFFFF7BBFF70B39D
:10F9E4000024194B1B68002BCED0174B1B68002B2F
:10F9F400D0D0154B19680B78013B052B1AD801A2FE
:10FA040052F823F0A5F9020021FA020021FA0200BB
:10FA140029FA020029FA020031FA02002046FFF70F
:10FA240063FEC0E72046FFF76BFFBCE72046FFF705
:10FA34001FFFB8E748F20E60B7E70020BFE706B043
:10FA440010BD00BFAC480020B0480020308E030039
:10FA540008B54068FFF794FF08BD000008B5012110
:10FA6400014800F075FB08BD0449002008B50146B3
:10FA7400054800F09AFA0022026042608260C26087
:10FA840002614261826108BDF448002008B5014664
:10FA9400014800F096FA08BDF448002008B5012199
:10FAA400034800F04AFB00B108BDFFF769FFFBE71C
:10FAB400184900202DE9F04383B00C4638490978F1
:10FAC40000295DD005469846002C5CD021884FF66D
:10FAD400FF7399425AD06388002B5AD0676817F095
:10FAE400030759D1002A33D01388ADF80630B2F891
:10FAF40002906846FFF7BAFF0646002833D080F824
:10FB0400008000238375BDF8063083826368036137
:10FB1400FFF7A4FFF060238833816388B380A6F8DD
:10FB24000690B8F1030F26D0002373816846FFF7CF
:10FB3400ADFF3DB100236B60F2682A60AB72194BD4
:10FB44001B892B81FFF7AAFF384603B0BDE8F08379
:10FB5400B4F808900DF106014846FFF7BBFA0028F7
:10FB6400C7D00746F0E7BDF806104846FFF7E4FAA9
:10FB740048F20767E8E70423B3752B68B361D3E75A
:10FB840048F20167E0E748F20467DDE748F20367FB
:10FB9400DAE748F20367D7E748F20267D4E700BF21
:10FBA4001C490020B448002010B370B582B00C4644
:10FBB400054601B30DF10601FFF7FCFA18B948F246
:10FBC400096002B070BD6E68BDF8063003EB8300B7
:10FBD40080000830094B18440121043000F0B8FAC1
:10FBE40026606B680C3363600123AB720020E8E786
:10FBF40048F20460704748F20460E2E7CC48002011
:10FC0400F8B110B582B004460DF10601FFF7D2FA3F
:10FC1400D0B1BDF8063003EB8301104A02EB810238
:10FC2400D268AAB1A27AB2B10C4A02EB8101C968C6
:10FC3400013903EB830302EB8302D1600020A0723D
:10FC440004E048F20460704748F2096002B010BD55
:10FC540048F20560FAE748F20560F7E7CC4800206F
:10FC640008B502230022FFF725FF08BD28B108B517
:10FC740003230022FFF71EFF08BD48F2046070470B
:10FC8400114B1B78BBB110B582B004464FF6FF731D
:10FC9400984213D001A8FFF7E9FE90B10522027043
:10FCA40001220271C48001A8FFF7F0FEFFF7F6FEFF
:10FCB400002002B010BD48F20160704748F20360B2
:10FCC400F7E748F20760F4E71C49002000B583B069
:10FCD400ADF80600ADF8041001A90DF10600FFF718
:10FCE400A3FA03B05DF804FB00B583B01346ADF886
:10FCF40006000A460DF106010020FFF795FA03B04D
:10FD04005DF804FB00B583B01346ADF806000A465F
:10FD140000210DF10600FFF787FA03B05DF804FB3C
:10FD240020B131B103680B600020704748F20460D1
:10FD3400704748F2046070471EF0040F1CBFEFF3D5
:10FD440009800AE0EFF308800549064A884201D891
:10FD5400904202D88D464FF00000034B1847000034
:10FD64000000042000F803209DFD0200BFF34F8F24
:10FD74000549CA6802F4E062044B1343CB60BFF345
:10FD84004F8F00BFFDE700BF00ED00E00400FA055F
:10FD940008B5FFF7EBFF000070B582B0064601F02E
:10FDA4002BFD01F057FB0028FBD1404B9D6A26B385
:10FDB4003F4C404BE41AE408240444F00104B269C3
:10FDC4003D49204601F0B6FCB368F2680192009305
:10FDD400736832683949204601F0CEFCF369009318
:10FDE400736932693649204601F0B9FC2F4BDB6A4E
:10FDF40013F0020F0CD1002420E02D482D4BC01A23
:10FE0400C00800042F4940F0010001F08DFCEDE72B
:10FE14002748284BC01AC00800042B4940F00100B1
:10FE240001F082FCE7E72248224BC01AC008000414
:10FE3400264940F0010001F07DFC0134192C09D859
:10FE44000123A3402B42F8D0214B53F82420002A4D
:10FE5400E9D1F2E715F0800F0ED115F4004F18D157
:10FE6400124BD3F8F03013F0010F00D000BE30462F
:10FE7400FFF78EFF02B070BD0D480E4BC01AC008CC
:10FE840000040A4B5A6B134940F0010001F052FC84
:10FE9400E3E70748074BC01AC0080004034B9A6BFA
:10FEA4000D4940F0010001F045FCD9E700ED00E008
:10FEB400686F0300F86E0300C48E0300DC8E030039
:10FEC400148F03003C8F0300708F0300B48F030072
:10FED40008CA0300C08F0300E08F030000B583B09D
:10FEE400009001916A46002144F20200FEF796FE5A
:10FEF40003B05DF804FB82B050E8013F1FFA83FCB5
:10FF0400C28994448289944528BFACEB020C0289CF
:10FF1400944502BFBFF32F8F002007E0CCEA030C07
:10FF240040E801C2002AE7D14FF001008DF8070034
:10FF34000093009B0B609DF8070002B0704750E8E7
:10FF4400012FC2EA024240E80123002BF7D1704797
:10FF540082B050E8023F1FFAA3FCC288944502BF56
:10FF6400BFF32F8F00200EE0C28994448289944508
:10FF740028BFACEB020CC3EA0C4C40E802C2002AD6
:10FF8400E7D14FF001008DF807000093009B0B6050
:10FF94009DF8070002B0704750E8022FC2EA2242DF
:10FFA40040E80223002BF7D1704738B505460C46CC
:10FFB400FFF7A1FF18B128682388184438BD002032
:10FFC400FCE708B50A884B889A4201D0002008BD96
:10FFD400FFF7B5FF0120FAE738B505460C46FFF7F1
:10FFE400B7FF18B128686388184438BD0020FCE7BF
:0CFFF40008B50A884B889A4201D0002012
:020000023000CC
:1000000008BDFFF7CBFF0120FAE708B54B0901F067
:100010001F01012202FA01F100EB830000F06EF8EB
:1000200008BD10B54B0901F01F040121A14000EBF0
:10003000830000F058F8E04000F0010010BD08B562
:100040004A0901F01F01012303FA01F1C94300EB42
:10005000820000F069F808BD4B0950F8230001F058
:100060001F01C84000F0010070472DE9F04106462D
:100070000F46002518E0202300E020231F2B12D874
:1000800003EB4514A7420ED921463046FFF7C9FFBE
:10009000E0B1D8F80030DB4393FAA3F3002BECD0A7
:1000A000B3FA83F3EAE701357B1E5B090133AB4208
:1000B0000BD906EB850856F82530DB4393FAA3F3FA
:1000C000002BD8D0B3FA83F3D8E73C462046BDE8EE
:1000D000F081034653E8000F0A4643E8002C9CF0E9
:1000E000000FF7D17047034653E8000F40EA0102C2
:1000F00043E8002C9CF0000FF6D17047034653E80C
:10010000002F42EA010043E8000C9CF0000FF6D1FA
:100110007047034653E8000F00EA010243E8002C51
:100120009CF0000FF6D17047034653E8002F02EA17
:10013000010043E8000C9CF0000FF6D17047034625
:1001400053E8000F00EB010243E8002C9CF0000F85
:10015000F6D17047034653E8002F02EB010043E855
:10016000000C9CF0000FF6D17047034653E8002FB7
:10017000A2EB010043E8000C9CF0000FF6D17047A1
:1001800008B50121FFF7BAFF08BD08B50021FFF748
:10019000C0FF08BD38B50C46054620B1EB68288A7B
:1001A00000FB043038BD0249E820FFF799FEF5E76F
:1001B000DC94030038B50C46054630B1EB68E01A14
:1001C0002B8AB0FBF3F0C0B238BD0249F520FFF72F
:1001D00087FEF3E7DC94030000283DD010B5044609
:1001E000036873B163688BB1A368ABB1E368CBB14B
:1001F000238AEBB1A2686368D21AD2B221680B607D
:1002000022E01649FF20FFF76BFEEBE713494FF49E
:100210008070FFF765FEE7E7104940F20110FFF735
:100220005FFEE3E70D494FF48170FFF759FEDFE70A
:100230000A4940F20310FFF753FEDBE721680A6822
:10024000501C086013701A46531EDBB2002AF5D109
:1002500023680020187110BD0E207047DC94030045
:1002600030B583B00446E8B100238DF807300DF1B6
:100270000700FEF73BFE2268136861688B4217D9BE
:10028000591E116013F8011C2046FFF783FF054635
:10029000A368226811685B1ADBB21179994208D20F
:1002A000137106E006494FF49270FFF719FEDBE781
:1002B00000259DF80700FEF72BFE284603B030BD51
:1002C000DC94030070B582B00C460646B0B1DCB1D8
:1002D00000238DF807300DF10700FEF707FE3368A5
:1002E0001D686A1C1A6021463046FFF763FF2870BC
:1002F0009DF80700FEF70CFE02B070BD054940F204
:100300004710FFF7EDFDE2E702494FF4A470FFF755
:10031000E7FDDDE7DC94030010B5044640B1A268B8
:100320002AB163692168206998470023A36010BD42
:1003300002493120FFF7D4FDF1E700BF78950300B3
:100340000EB430B582B0059D0446A0B16369BBB15F
:100350002368D3B16368EBB145B10023019306ABC9
:10036000019301AA2946204600F026F902B0BDE813
:10037000304003B070470A494220FFF7B1FDE5E77E
:1003800007494320FFF7ACFDE2E705494420FFF7AA
:10039000A7FDDFE702494520FFF7A2FDDCE700BF2C
:1003A0007895030038B504460D460A2909D022681D
:1003B000A368591CA160D554A26863689A4204D20C
:1003C00038BD0D21FFF7EEFFF1E72046FFF7A4FF50
:1003D000F6E700002DE9F84F82460F4615461E4607
:1003E000DDF828900B9A0B464FF0010803E0B3FBB1
:1003F000F5F308F10108AB42F9D2B04500D2B0469E
:1004000012F0010B13D1B9F1000F10D012F0020F4E
:100410000FD086B1202405E009F1FF39214650466E
:10042000FFF7C0FFB9F1000F01D0C145F4D8012496
:1004300006E02024F6E73024F4E7013E05FB04F44F
:10044000012EFAD8B7FBF4F39D42F7D9B7FBF4F3CA
:1004500004FB13770E4AD15C5046FFF7A3FF2346F7
:10046000B4FBF5F4AB42F1D2BBF1000F02D0B9F10D
:10047000000F07D1BDE8F88F09F1FF392021504660
:10048000FFF790FFB9F1000FF4D0C145F4D8F1E7C0
:1004900070CA03002DE9F04782B080460F4614462B
:1004A00099460A9EDDF82CA081EAE17CACEBE17C68
:1004B000012502E09CFBF4FC01356445FADD4D4565
:1004C00000D24D462EB1002F02DB1AF0040F00D0EF
:1004D000013E1AF0020F02D0B9F1000F03D01AF05A
:1004E000010F00D1CEB9002F1CDB1AF0040F1FD171
:1004F0000AF00303022B20D0CDF804A000964B464F
:10050000224639464046FFF765FF02B0BDE8F08756
:10051000013E20214046FFF745FF002EE3D0AE42CA
:10052000F6D8E0E77F422D214046FFF73BFFDFE7AB
:100530002B214046FFF736FFDAE7B9F1000FDBD198
:100540002EB9D9E7013E30214046FFF72BFF002EA0
:10055000D2D0AE42F6D8CFE7F8B506460C461546DF
:1005600013F001070ED1E1B1084606F0F0FB074693
:1005700017E0013401373046FFF714FF21780029D6
:10058000F7D106E00027F9E7013D20213046FFF7CB
:1005900009FFBD42F8D8F8BD013D20213046FFF7E4
:1005A00001FFBD42F8D803E001343046FFF7FAFE00
:1005B00021780029F8D1EEE7F0B583B00C46164655
:1005C000054648B16B696BB12B688BB16B68ABB1F9
:1005D000002C40F08B80DAE0704940F25220FFF7A7
:1005E0007FFCEFE76D494FF41570FFF779FCEBE7FF
:1005F0006A4940F25520FFF773FCE7E7674940F28C
:100600005620FFF76DFCE3E70027012303E047F0E6
:100610000107013483B121782D29F8D0302903D086
:100620002B2905D00023F5E747F002070134F1E755
:1006300047F004070134EDE700222A290CD0217885
:10064000A1F13000C0B209280CD8013402EB8202BB
:1006500001EB4202303AF0E73368191D31601B6844
:100660001A44013423782E2B02D00023217811E084
:10067000013400232178A1F13000C0B20928F5D857
:10068000013403EB830301EB4301A1F13003F1E7F4
:1006900014F8011F6C29FBD06829F9D025296FD0E7
:1006A00020D378291ED858291CD35839202919D885
:1006B000DFE801F03C181818181818181818181145
:1006C0002618181818261818181818185018184727
:1006D000183118183C0033681A1D32601978284602
:1006E000FFF760FE01342378002B4ED014F8011B75
:1006F00000294AD0252987D02846FFF753FEF2E784
:100700003168081D30600968019700920A22284666
:10071000FFF7C0FEE6E73168081D30600968019701
:1007200000920A222846FFF755FEDBE73168081DD4
:10073000306009680197009210222846FFF74AFEB0
:10074000D0E731680B1D33603B4609682846FFF748
:1007500003FFC7E733681A1D32601F68302128463F
:10076000FFF720FE78212846FFF71CFE00230193A7
:1007700008230093102239462846FFF72BFEB1E7E5
:1007800025212846FFF70EFEACE72B7B0BB903B003
:10079000F0BD2846FFF7C0FDF9E700BF0C96030047
:1007A000C3688B4206D8114401390369994203D9C1
:1007B00000207047002070470120704710F0030FA1
:1007C0000CBF01200020704743681B68013B0B42AF
:1007D0000CBF0120002070472DE9F04182B00028B5
:1007E00031D00E4615461C460746002A3BD0D0F8AD
:1007F0000080B8F1000F46D0002B54D043685A68EF
:10080000B4FBF2F302FB1343002B5CD10846FFF765
:10081000D5FF002867D02846FFF7D0FF002872D008
:10082000224631463846FFF7BBFF00287BD0D8F878
:100830000C80089B009323462A4631463846C04721
:1008400002B0BDE8F0814048404BC01AC008000427
:100850000E2400943E4B3F4A3F4940F0010000F017
:1008600080FF2046ECE73848384BC01AC008000427
:100870000E240094364B394A374940F0010000F00D
:1008800070FF2046DCE73048304BC01AC008000437
:10089000082400942E4B324A2F4940F0010000F00A
:1008A00060FF2046CCE72848284BC01AC008000447
:1008B00009240094264B2B4A274940F0010000F000
:1008C00050FF2046BCE72048204BC01AC008000457
:1008D000092400941E4B244A1F4940F0010000F0F7
:1008E00040FF2046ACE71848184BC01AC008000467
:1008F00010240094164B1D4A174940F0010000F0E7
:1009000030FF20469CE71048104BC01AC008000476
:10091000102400940E4B164A0F4940F0010000F0DD
:1009200020FF20468CE70848084BC01AC008000486
:1009300010240094064B0F4A074940F0010000F0D4
:1009400010FF20467CE700BF786F0300F86E0300BD
:1009500094CA0300A4960300AC96030038970300E2
:10096000E0960300F4960300409703006C970300A1
:1009700084970300A89703002DE9F04182B0F0B1FD
:10098000884614461F460546066846B3002A36D0F8
:10099000FFF71AFF002842D06B681A6804FB02F2C6
:1009A00041462846FFF7FCFE002848D036693B4602
:1009B000224641462846B04702B0BDE8F0812848AB
:1009C000284BC01AC00800040E240094264B274A66
:1009D000274940F0010000F0C4FE2046ECE7204823
:1009E000204BC01AC0080004082400941E4B214A62
:1009F0001F4940F0010000F0B4FE2046DCE7184833
:100A0000184BC01AC008000409240094164B1A4A57
:100A1000174940F0010000F0A4FE2046CCE7104842
:100A2000104BC01AC0080004102400940E4B134A47
:100A30000F4940F0010000F094FE2046BCE7084852
:100A4000084BC01AC008000410240094064B0C4A3E
:100A5000074940F0010000F084FE2046ACE700BFEB
:100A6000786F0300F86E030080CA0300A4960300A9
:100A7000AC960300E0960300F4960300D0970300C1
:100A8000F897030029DF704728DF704703689B68E9
:100A9000002B28D000B587B0002300930193029368
:100AA000039304930593019183680593037953B1EC
:100AB000012B11D102238DF80030C3681B03029370
:100AC0004369049308E001238DF800300369029321
:100AD000C36803934369049303689B686846984717
:100AE00007B05DF804FB704710B542698369D21AFC
:100AF000B2F5805F28BF4FF4805292080469C16844
:100B0000012A38BF012219441819FFF7BBFF10BD95
:100B100008B5C26800691044FFF7B6FF08BD0000C1
:100B2000114B0022DA6003791BB1012B0FD0104664
:100B3000704742698369D11AB1F5805F94BF5B1831
:100B400003F5805383619A4209D0002070470369FE
:100B5000013303614269934203D0002070470120B2
:100B600070470120704700BF2C490020064AD36817
:100B70000133D360082B01D80020704713460022B0
:100B8000DA600120704700BF2C490020034B01228E
:100B90005A74187AB0FA80F0400970472C49002046
:100BA00008B502490248FFF725FA08BD244900208C
:100BB0004049002008B505490548FFF70FFA054BE5
:100BC0001860003818BF012008BD00BF244900206C
:100BD000404900202849002008B51A4B1B7AA3B1D0
:100BE000184B02221A72184B18680379ABB1012B0B
:100BF0001CD00321144B1868FFF748FF114B00224B
:100C00001A725A60FFF7CCFF08BDFFF7D3FF002828
:100C1000E6D10C4B00225A60F6E7FFF765FF40B1C2
:100C20001128E6D1074B01221A72EDE7FFF770FF9A
:100C3000F5E7044B1B7C002BE6D10021022000F0DD
:100C400005F8E1E72C49002028490020831E012BEC
:100C50002DD810B50446164B1B7A53B1022B03D185
:100C6000022807D0032818D0114B5B7CE3B9FFF7AB
:100C7000B3FF10BD0F4B1868FFF752FF0028F3D0E9
:100C80000B4B00221A720B4B1868022C0AD00D2154
:100C9000FFF7FCFEFFF784FFE6E7064B1868FFF757
:100CA00065FFEBE71146F3E701F0BCF9E1E77047B8
:100CB0002C49002028490020012802D0032800D018
:100CC000704708B5054B00225A74012814BF002054
:100CD00001201874FFF780FF08BD00BF2C490020D9
:100CE0002DE9F04F83B0884601929B469DF83090E5
:100CF0000446D0B1B4F806A0637903FB0AFAAAF15E
:100D0000040ADA4516D9E7880BF10403B3FBF7F6BA
:100D100007FB1633019A156805EB0B02524501D902
:100D2000AAEB0B05019A15600BE01949B620FFF7F5
:100D3000D7F8DFE71649C420FFF7D2F8E3E72468C5
:100D4000013E002EFBD1A7EB030AAA4528BFAA4605
:100D5000B3460DE052460146184606F00FF82468E7
:100D6000A5EB0A05D344BA46AF4228BFAA4633468C
:100D70005DB108EB0B0023440433B9F1000FE9D057
:100D80005246194605F0FAFFE9E703B0BDE8F08FD7
:100D90005898030008B5FFF71FFA08BDF8B50146DB
:100DA0004679701E0A46002301E01268013383422F
:100DB000FBD31768002405E00D683846FFF782FA78
:100DC00001342946A642F7D8F8BD2DE9F843074675
:100DD000048A231F19440331B1FBF3F8FFF740FAEB
:100DE0000646F8B10025057101234371043CC48017
:100DF0005FFA88F808F1FF3807608146454511D24F
:100E00003846FFF72DFA044640B173790133737108
:100E1000C9F80000076001358146EFE73046FFF76B
:100E2000BDFF26463046BDE8F88308B501210430F1
:100E3000FFF790F908BD10B5044601210430FFF713
:100E400094F910F0FF0F00D010BD2046FFF7A6FF69
:100E5000FAE7000010B584B0144603920022009215
:100E600003AAFFF73DFF039BA34201D104B010BDCD
:100E70000249F620FFF734F8F8E700BF589803005E
:100E800010B584B0144603920122009203AAFFF722
:100E900027FF039BA34201D104B010BD02494FF4C8
:100EA0008070FFF71DF8F7E7589803008268002369
:100EB000936082681361826853618268D36082683C
:100EC000536082681360704738B50C46054638B1E8
:100ED0005CB12C6023686B60626893420AD038BDB5
:100EE00006495020FEF7FCFFF2E704495120FEF7C7
:100EF000F7FFEEE700236B60F1E700BFF498030013
:100F000010B5044658B1236873B1636833B12268E1
:100F100091680B446360526893420AD010BD064941
:100F20006320FEF7DDFFEEE703496420FEF7D8FFFC
:100F3000EBE700236360F1E7F49803000E49A1F5A5
:100F40009472914215D9A1EB020C4FEADC7303EBCA
:100F5000EC035B1002EBC30C52F83330834201D92F
:100F60006146EEE702D20CF10802EAE7DCF8040081
:100F700070470020704700BFD0CB030008B5FFF7D3
:100F8000DDFF00B108BD0148FCE700BFD0CB030086
:100F90007047704700B583B0044B00934FF48063F3
:100FA000034A00F033F803B05DF804FBB50F03000B
:100FB000504900200AB3F8B50F4614460326002511
:100FC00003E00E4B01221A70B4B1224679190020B9
:100FD00000F03AFE0544241A0028F2D1074B1B7892
:100FE00053B1074B4FF47A4043F001039847013E59
:100FF000E7D1024B00221A70F8BD7047504D002017
:10100000F0CB030008B500F079FE08BDF0B595B04F
:101010000E4615461C460846FFF707FF0E950F942F
:10102000002310938DF8443012931A9A13920822D9
:1010300008A93046FFF724FF0A9B0B93BDF8243024
:10104000ADF83030BDF82630ADF8323001238DF8E0
:1010500035309DF8203003F00303012B06D0022B1E
:1010600021D03046FFF7E7FE15B0F0BD089DC5F36F
:1010700095259DF82030C3F3C2038DF83430BDF8B8
:101080002040C4F383140823A2000DEB0301304673
:10109000FFF7F6FE0EAB00930BAB224602A92846E3
:1010A00000F020FCDDE7BDF82250C5F389159DF85E
:1010B0002030C3F3C2038DF8343008272C46082DA6
:1010C00028BF08243B46224602A93046FFF7D8FE37
:1010D00027442D1B0EAB0BAA214602A800F064FC8E
:1010E000002DEBD1BDE7000008B5FFF78BFF042111
:1010F000064800F063FB002803DB054B01225A7110
:1011000008BD04494120FEF7EBFEF6E7E06F03005F
:10111000382B0020949D0300037813F0040F19D09E
:1011200003F00303012B03D0022B0AD001207047E8
:101130000388C3F383130A68134402330B6001204E
:1011400070474388C3F389130A68134402330B6062
:101150000120704700207047002002E001238BB976
:10116000013009280CDC084BD3F81034002BF5D0E3
:10117000DB681A79824201D01B68F7E70023EEE7AB
:101180004FF0FF30704700BF544D002010B584B0C1
:101190002D4C2046FEF7F4FF201FFEF7F1FFA4F5CB
:1011A0008364A3680393DBB2023304EB8304201D42
:1011B00006E09DF80C300233244800EB8300043035
:1011C00003A9FFF7A9FF0028F3D100220BE0039B3E
:1011D000591C0391DBB202331C4901EB83035B68AA
:1011E0004DF822300132012AF1D99DF8003003F088
:1011F0000303012B16D0022B1ED1BDF80640BDF80B
:101200000230C3F389130333039A02EB9302039270
:101210000F48FEF7BAFF10B10C4B039A9A602046B4
:1012200004B010BDBDF80640BDF80020C2F3831223
:10123000039B13440393EBE706494FF4C270FEF798
:101240004FFE0024E4E700BF6C510020544D002005
:1012500068510020509E0300F0B583B006460C464E
:101260001746851C00238DF807300DF10700FDF7A8
:101270003DFE1E4B5A6822609B689B1A03F58073E3
:1012800011E01B4C01212046FEF764FFFFF77EFFB3
:1012900001462046FEF75EFFA4F21C44A368626884
:1012A0009B1A03F58073AB42EBD30022B7B1012345
:1012B00063F3010242F0040266F389120B484168AD
:1012C000CBB2023300EB83035A60294441609DF89E
:1012D0000700FDF71DFE012003B0F0BD022363F3FC
:1012E000010242F0040266F39F52E7E7544D0020EA
:1012F0007051002010B5074B01221A700648FFF705
:1013000049FD044608B1204610BD0448FFF7CEFD54
:10131000F9E700BF544D0020E46E030004CC030045
:101320000248034BC01AC008704700BFE06F0300BB
:10133000F86E030099B110B50446FFF7F1FF0023E2
:1013400083420AD2074A32F823102268914201D020
:101350000133F5E72360002000E0052010BD0020E8
:10136000704700BF1C2B00202DE9F04706460F46B2
:1013700090461D46DDF82090040C00211A48FEF727
:10138000A8FE80F3100AFFF7CBFFA04225D96B1C03
:1013900003EA090344EA0A42144C023304EB8303D0
:1013A0005A6005EA0905023504EB85031A7966F3EC
:1013B000C5021A719A8868F389129A805A6867F38D
:1013C0009F225A601A79012161F301021A71D2B287
:1013D00022F004021A71BDE8F087054940F2A91015
:1013E000FEF77EFDD3E700BF70510020544D002072
:1013F000509E030000B583B0019001A8FFF79AFF4B
:1014000030B9019A034B53F8320003B05DF804FB86
:101410000020FAE7F86E0300094B03EBC003013923
:10142000032909D8DFE801F0020A04060220704708
:10143000187970475879704700207047042070472A
:10144000F86E0300034B98685B68984214BF002055
:1014500001207047544D00202DE9F04186B0FFF780
:10146000F1FF002840F01F81044690480023C0F897
:101470001834BFF34F8F83680593DBB2023300EB60
:101480008300043005E0DBB20233884800EB8300C0
:10149000043005A9FFF740FE30B3844BD3F818346D
:1014A00023BB824B5A68059B9A42ECD87F4B9A60CB
:1014B000F5E0059B591C0591DBB202337B4901EB3A
:1014C0008303596802AB43F822100132012AF0D994
:1014D0009DF8083003F00303022B09D0012B6DD0D7
:1014E000724BD3F81044C9E00022EFE70022EDE789
:1014F000BDF80A30C3F38916B046502E28BF4FF00E
:10150000500868F38F13ADF80A3008F108016848F5
:10151000FFF75BFC05460028E2D0FFF786FC0023BE
:1015200008220DEB02012846FFF794FC0599CB43F6
:10153000DBB201339F00B8EB830F33D91FBB5FFAD7
:1015400088F700245B49A04608233A462846FFF75F
:1015500081FC07F1080324B1424621462846FFF7E3
:1015600079FC0336059B03EB96030593002DB7D05A
:101570004E4BD3F81044D3F81834002B57D02846DC
:10158000FFF759FC86E0C9B20231484C04EB8101F7
:101590000431FFB25FFA88F8A8EB07085FFA88F811
:1015A0000C34D1E7CBB20233404901EB830108236D
:1015B000424604312846FFF74DFCD2E7BDF808202B
:1015C000C2F38313062B28BF062363F38912ADF8F9
:1015D0000820023399003648FFF7F7FB054600283C
:1015E0003FF47EAFFFF721FC002308220DEB020140
:1015F0002846FFF72FFC002408260FE0059B5A1C05
:101600000592DBB20233294901EB83013346042200
:1016100011442846FFF71EFC04360134BDF808309B
:10162000C3F38313A342E9D8A0E7E3681C684CB175
:10163000E3685B79002BF8D023681B6829462046B5
:101640009847F2E72846FFF7F6FB00238DF80730AE
:101650000DF10700FDF74AFC144BD3F8183413B909
:10166000124B059A9A609DF80700FDF751FC11E0B6
:1016700023689B6820469847E3681C68002CF7D1D4
:101680000D480E4BC01AC00800040D4940F002007E
:1016900000F04CF8FFF7D6FE80F00104E4B22046DB
:1016A00006B0BDE8F0810024F9E700BF544D0020EA
:1016B000E46E0300604D0020486F0300F86E0300E5
:1016C000F49E03002DE9F04184B007468846164693
:1016D0001D46012203A91846FFF7BEFDC8B1039BB2
:1016E000991C4FF0000C0BE0CAB202320E4C04EB16
:1016F000820E56F82C20CEF804200CF1010C01319A
:10170000AC45F1D3FF2200922A4641463846FFF706
:101710002BFE054B1B781BB1FFF79EFE0028FBD16B
:1017200004B0BDE8F08100BF544D002008B500238F
:101730001A46FFF7C7FF08BD00B583B00192012329
:1017400001AAFFF7BFFF03B05DF804FB00B583B04B
:101750000092019302236A46FFF7B4FF03B05DF8DD
:1017600004FB00B585B001920293069B039303230B
:1017700001AAFFF7A7FF05B05DF804FB00B585B02F
:1017800000920193069B0293079B039304236A46EE
:10179000FFF798FF05B05DF804FB00B587B0019234
:1017A0000293089B0393099B04930A9B05930523CB
:1017B00001AAFFF787FF07B05DF804FB10B50446E8
:1017C000FFF7CAFCB0F1FF3F0ED0E36818710A4B77
:1017D000D3F810344BB1DA68E36812681A60064B2C
:1017E000D3F81034DB681C6010BD034BC3F8104401
:1017F000E36800221A60F7E7544D002010B5094B4A
:10180000D3F8104401221A7008E0E36801225A71EB
:1018100023685B6820469847E3681C68002CF4D175
:1018200010BD00BF544D002070B582B004460D4677
:10183000C388A3B9217A05290FD0637ABBB9227A6C
:10184000104B53F822600021A088FFF7D3FD034618
:1018500032460D492846FEF773FD02B070BD0B4AB3
:1018600000920B4A0B492846FEF76AFDE2E7A08882
:10187000FFF7D2FD084B53F8202008492846FEF711
:101880005FFDDCE734CC0300389F03002C9F03008E
:101890000C9F0300149F030010CC0300349F03002F
:1018A00010B50C46037A052B0FD0437A3BB90A4991
:1018B0002046FEF745FD2046FEF72EFD10BD074AE7
:1018C00007492046FEF73CFDF1E7002AF3D0024924
:1018D0002046FEF735FDEEE7107703002C9F03004E
:1018E000349F03002DE9F04385B081460D469046B4
:1018F0001E460C9C277B0023237321463046FFF7AE
:1019000093FFB8F1060F09D8DFE808F00411171E9D
:1019100027323F0049462046FEF712FD00222146AD
:101920003046FFF7BDFF277305B0BDE8F0832A6896
:1019300049462046FEF704FDF0E76B682A684946F1
:101940002046FEF7FDFCE9E7AB6800936B682A6868
:1019500049462046FEF7F4FCE0E7EB680193AB68EC
:1019600000936B682A6849462046FEF7E9FCD5E7F4
:101970002B690293EB680193AB6800936B682A684C
:1019800049462046FEF7DCFCC8E76B6903932B69E8
:101990000293EB680193AB6800936B682A68494631
:1019A0002046FEF7CDFCB9E7082900D970472DE99C
:1019B000F04707460E4690461D4693F80C900024CB
:1019C0001C7319461046FFF72FFF04E01C492846F8
:1019D000FEF7B6FC0134072C07D8B442F6D23A5DC4
:1019E00018492846FEF7ACFCF4E717492846FEF7ED
:1019F000A7FC002407E04FF02E0A52461349284660
:101A0000FEF79EFC0134072C11D8B4420AD2385D8F
:101A10007E28F0D8824604F043FE0028EDD14FF036
:101A20002E0AEAE70A492846FEF78AFCEAE701227D
:101A300029464046FFF734FF85F80C90BDE8F08753
:101A40004C9F0300449F0300509F0300549F0300DA
:101A5000589F03000369C268934204D881688A1AB8
:101A60001344581E7047981A013870472DE9F843FF
:101A7000044688461646C5688768A7EB0509914560
:101A800007D94068284405F079F93544E560BDE898
:101A9000F88340684A46284405F070F9ED1B354448
:101AA0002A4608EB0901606805F068F9E560EEE791
:101AB0002DE9F843064688461746C5684FF00009E9
:101AC00018E05B1B5A1EB3685C1B944228BF144687
:101AD000BC4228BF3C46706822464146284405F077
:101AE0004DF9A144A0443F1B2544B368AB4209D043
:101AF000F5604FB133699D42E3D3B2685B1B1A4472
:101B0000013AE0E70025F3E74846BDE8F883000026
:101B1000124B02221A615A6111499961114ADA6124
:101B20004FF400721A6200229A625A62DA62996471
:101B30000D49D964102119659A655A65DA650B4A11
:101B40001068C3F807000A4A92E8030018609980F9
:101B5000090C997120229A71704700BFEC54002043
:101B6000AC9F0300EC520020DC520020B89F030021
:101B7000BC9F03002DE9F047044688469146244B5C
:101B80001B78C3B104EB4402214B03EBC2039F6DEE
:101B90005D6DAF4212D80026ED1B4D4528BF4D4666
:101BA0003DBB2EB104EB4404194B03EBC4039F650A
:101BB0003046BDE8F087FFF7ABFFE3E71346144A72
:101BC00002EBC30ADAF85060F61B4E4528BF4E46BA
:101BD000DAF84C1032463944404605F0CFF8B044AC
:101BE000A9EB06093744DAF85030BB42D4D10027BC
:101BF000D2E704EB4402064B03EBC203D96C2A463E
:101C00003944404605F0BAF82E442F44C9E700BFD6
:101C1000EC54002070B582B004460D4616460023F1
:101C20008DF807300DF10700FDF760F932462946BF
:101C30002046FFF79FFF04469DF80700FDF768F96F
:101C4000204602B070BD0000F8B50F461646441C91
:101C500004EB4404164B03EBC40400EB400003EB1D
:101C6000C003DD6A012D0ED0022D1AD0F5B9204631
:101C7000FFF7F0FE864212D8324639462046FFF77B
:101C8000F5FE35460BE02046FFF7E4FE354686427A
:101C900028BF05462A4639462046FFF7E7FE284674
:101CA000F8BD2046FFF704FF0546F8E70025F6E7F4
:101CB000EC54002000B583B001220DF10701002093
:101CC000FFF7A8FF012804D19DF8070003B05DF8D5
:101CD00004FB4FF0FF30F9E708B5074B1B7833B131
:101CE000054B9A6D5B6D934204D0012008BDFFF750
:101CF0000FFFF5E70020F9E7EC54002008B5FFF7E7
:101D000007FF08BD002807DB00F01F024009012380
:101D10009340024A42F82030704700BF00E100E0E3
:101D200000280CDB00F01F02400901239340203003
:101D3000034A42F82030BFF34F8FBFF36F8F7047D5
:101D400000E100E0002807DB00F1604000F56140A1
:101D500090F800034009704700F00F00014B185C39
:101D60004009704714ED00E010DF704711DF704745
:101D70001F2808DD3F280CDC20380123834014BFD6
:101D8000012000207047044B23FA00F000F001000E
:101D900070470120704700BFFC06FFBD38B5044600
:101DA000FFF7E6FFE8B12046FFF7CCFF07281CD875
:101DB000EC23034113F0010F1AD00F4B9D6865B15E
:101DC0006009194653F8203004F01F040122A24094
:101DD000134341F82030002505E02046FFF792FF2D
:101DE00001E042F20105284638BD42F20205FAE759
:101DF00042F20205F7E700BF8848002038B50446E4
:101E0000FFF7B6FFA8B10C4B9D6875B16009194684
:101E100053F8203004F01F040122A24023EA0203F9
:101E200041F820300025284638BD2046FFF778FFCE
:101E3000F9E742F20105F6E78848002070B582B064
:101E40000646154D154BED1AED082D0445F0040519
:101E5000024613492846FFF76FFC12496846FFF710
:101E600033F807E0224610492846FFF765FC68462C
:101E7000FFF746F8019C64B12368616830469847D3
:101E80000028EFD1224609492846FFF755FC1120CA
:101E900000E0002002B070BD806F0300F86E030008
:101EA000C49F030060CC0300DC9F0300FC9F030081
:101EB00010B582B004460E480E4BC01AC00800048C
:101EC00022460D4940F00400FFF736FC0B496846F6
:101ED000FEF7FAFF06E01A68596820469047684600
:101EE000FFF70EF8019B002BF5D102B010BD00BF2B
:101EF000806F0300F86E030020A0030054CC0300A1
:101F000008B51620FFF74AFF00B908BD024AA12113
:101F1000FCF778FEF9E700BF38A0030008B51620EB
:101F2000FFF76CFF00B908BD024AAD21FCF76AFE5D
:101F3000F9E700BF38A0030010B582B01B4B1B7837
:101F400073BB1B4B01221A700020FFF777FF11288B
:101F50002AD00020FFF7ACFF164B1B68019300232B
:101F60008DF803300DF10300FCF7C0FF124901A802
:101F7000FFF7FAFE0446B0FA80F040090B4B1870E8
:101F80009DF80300FCF7C4FF5CB90023084A1370F6
:101F90000A4A1370FFF7B4FF0120FFF789FF00E042
:101FA0000824204602B010BD0024FAE76655002040
:101FB000645500206CCC030021EC02006555002024
:101FC00030B583B0154B1B7813B30120144B187038
:101FD000FFF734FF11281FD00220FFF769FF00250B
:101FE0008DF807500DF10700FCF780FFFFF7BEFEEC
:101FF00004460A4B1D709DF80700FCF789FF44B9A1
:10200000074B1D70FFF78AFF0320FFF751FF00E029
:102010000824204603B030BD0024FAE766550020AE
:102020006455002008B5074B1B7843B1064B1B785D
:1020300013B1FFF7C5FF08BDFFF77EFFFBE70820E0
:10204000F9E700BF6455002066550020014B187861
:10205000704700BF6655002000B583B00849684648
:10206000FEF732FF05E01A68586890476846FEF7A9
:1020700047FF019B002BF6D103B05DF804FB00BFC6
:1020800048CC030008B5FFF7E7FF08BD60DF7047E5
:1020900069DF704761DF70474FF08053D3F80C0160
:1020A000800200F100507047164B1B7843B300B517
:1020B000ADF5017D09E01A68596803A8904701A8A9
:1020C000FEF71EFF029B002BF5D14FF4FA73ADF81B
:1020D00002300DF1020103A8FFF7DCFF20B90A4925
:1020E00001A8FEF7F1FEEDE7052803D10DF5017D0E
:1020F0005DF804FB054A40F23B11FCF783FDF5E770
:10210000704700BF6755002070CC0300DCA00300BF
:1021100018B1034A0260002070470E20704700BFCC
:10212000082B0020F0B585B005460C460846FFF7A1
:10213000EFFF064610B1304605B0F0BD0023019315
:10214000029303938DF8045001238DF80630062383
:10215000ADF80830226801A92020FFF799FF002878
:1021600058D1002301930293039301238DF8053086
:10217000226801A94020FFF78BFF002858D10023D7
:102180000193029303938DF80450F723ADF80630C2
:10219000226801A92320FFF77BFF002856D10023E6
:1021A00001930293039303238DF80430226801A95D
:1021B0000120FFF76DFF002856D100230193029301
:1021C00003934FF4B0630193226801A9A120FFF7A4
:1021D0005FFF002856D100230193029303939DF8DB
:1021E000043043F001038DF80430226801A9A020D7
:1021F000FFF74EFF00289ED0294C2A4AA41AE40873
:102200002404FEF7BBFE0246274944F00100FFF715
:1022100093FA90E7224F234ABF1AFF083F04FEF7C4
:10222000ADFE0246214947F00100FFF785FA98E725
:102230001B4F1C4ABF1AFF083F04FEF79FFE0246D1
:102240001B4947F00100FFF777FA98E7144D154A4C
:10225000AD1AED082D04FEF791FE0246154945F032
:102260000100FFF769FA9AE70D4D0E4AAD1AED0825
:102270002D04FEF783FE02460F4945F00100FFF7EB
:102280005BFA9AE7064D074AAD1AED082D04FEF7F2
:1022900075FE0246094945F00100FFF74DFA9AE73D
:1022A000886F0300F86E0300F8A203007CA103000E
:1022B000C4A1030010A2030058A20300A4A20300BB
:1022C000F8B504460768FFF7E1FE05462368BB4200
:1022D00005D8F5B9164B01221A702846F8BD154EDF
:1022E000154BF61AF608360446F002061349304636
:1022F000FFF71CFA23683A4611493046FFF726FAE1
:10230000FFF7CAFE2268821A0E493046FFF714FA18
:10231000DFE7084C084BE41AE40824042846FEF7DB
:102320002DFE0246084944F00100FFF705FAD4E704
:1023300067550020886F0300F86E03004CA303006C
:102340007CA30300B0A30300DCA303004BDF7047B2
:1023500000B585B009E01A6859680198904702A84D
:10236000FEF7CEFD039B002BF5D101A8FFF7EEFF92
:1023700078B90D480D4BC01AC0080004019A0C49E9
:1023800040F00400FFF7D8F90A4902A8FEF79CFDC7
:10239000E8E7052802D105B05DF804FB064A6B2189
:1023A000FCF730FCF7E700BF906F0300F86E030006
:1023B00008A403007CCC03001CA40300FEE77047C4
:1023C000704738B50C464568284600F059F8E1B228
:1023D000022906D004290BD141682846F5F799FF58
:1023E00006E000F087F8002203210846F5F72AFFEF
:1023F00038BD08B500F0A8F808BD38B50C464568EA
:10240000284600F03DF8E1B2062906D0072908D198
:1024100001682846F5F77DFF03E001682846F5F7D7
:1024200078FF38BD08B500F0BDF808BD02460C497C
:1024300042F8141B426000228260C260094A0261B5
:10244000094A0260094A426180610949C16109493A
:10245000416102624062084A8262084A0262704731
:1024600084C80300C8A40300B8CC030070C80300EC
:10247000D8A4030090CC0300547E0300A4CC030036
:10248000034600F1140202480260203343607047A3
:102490006855002008B50948094BC01AC008000457
:1024A000084940F00400FFF741F90748F5F7CDFF70
:1024B000002207210320F5F7C5FE08BD486F030081
:1024C000F86E0300E0A403007055002000B583B04F
:1024D000054B0093002342F2107204490448F5F7BB
:1024E00043FF03B05DF804FB95240300F8A4030048
:1024F0007055002008B50248F6F71CF908BD00BF6A
:10250000D1260300014B1860704700BF402B00200C
:1025100008B50848084BC01AC0080004074940F035
:102520000400FFF703F9064B19680648F5F749FF61
:1025300008BD00BF486F0300F86E030008A5030044
:10254000402B00207055002008B50748074BC01AE3
:10255000C0080004064940F00400FFF7E7F8F6F76A
:102560006DF8FFF7D5FF08BD486F0300F86E030054
:102570009075030008B50748074BC01AC00800044F
:10258000064940F00400FFF7D1F80548F5F734FF9D
:1025900008BD00BF486F0300F86E030020A50300CC
:1025A0007055002008B50748074BC01AC008000442
:1025B000064940F00400FFF7B9F8F6F75FF8FFF7B7
:1025C000D9FF08BD486F0300F86E030038A503006B
:1025D00008B5114682189378D27843EA02231BB2D9
:1025E00013F5716F00D008BD01F10C03C35C03F05B
:1025F000010C224A82F800C0C3F3400C82F801C0EB
:10260000C3F3800C82F802C0C3F3C00C82F803C08D
:10261000C3F3001C82F804C0C3F3401C82F805C059
:10262000C3F3801393710844437A03EB83035B0085
:102630001381837A03EB83035B005381C37A03EB3B
:1026400083035B00938143794FF0640C0CFB03F32D
:1026500081790CFB01F143EA0143136100235361CB
:1026600007490B6801330B6008210320F5F700FED2
:10267000044B19680448F5F7CDFEB4E7A8550020CF
:10268000A4550020402B002070550020F8B50746C7
:102690000E46002503E02C44A4B20134A5B2B54295
:1026A0000FD22B467C5D64B12A19B24209DA01339C
:1026B000FB5CFF2BEFD12A4631463846FFF788FFF7
:1026C000E9E7F8BD08B501790068FFF7DFFF08BD4D
:1026D00008B50378042B13D8DFE803F013121E2982
:1026E00003001548154BC01AC0080004144940F0F7
:1026F0000400FFF71BF8002207210320F5F7A2FDD5
:1027000008BD0D480D4BC01AC00800040D4940F02B
:102710000400FFF70BF8F3E70748084BC01AC0089E
:102720000004094940F00400FFF700F8E8E74068BA
:10273000FFF7C8FFE4E700BF486F0300F86E03002F
:1027400048A5030058A5030068A5030008B5FFF7D6
:10275000BDFE08BD70B505460C46164600F022F8D1
:102760003246214600F05EF821462846F5F796FDF0
:1027700070BD000010B50446F5F74AFD014B23601B
:10278000204610BDC4CC030010B50446FFF7F2FF8D
:1027900004F15C00F5F755FC04F6EC10FFF746FE7B
:1027A000204610BD08B50A4B1B68BFF35B8F13F0C2
:1027B000010F01D0074808BD054804F041FB00287F
:1027C000F8D00448FFF7E0FF014804F04DFBF1E7C3
:1027D000E0550020E455002038B504460D4B0E4A64
:1027E0009B1ADB081B040D4943F00300FEF79EFF14
:1027F00004F15C050A4A05212846F5F737FC2A460C
:1028000003212046F5F70CFD04F6EC10F5F795FDD5
:1028100038BD00BF486F0300F86E030080A50300B9
:102820009CA5030008B500F6EC10F5F76AFD08BD9D
:1028300008B5C06800F0CAFA0548064BC01AC008BF
:102840000004054940F00400FEF770FF08BD00BF1A
:10285000486F0300F86E0300A0A50300F8B50D460D
:102860004668284C284BE41AE408240444F0040485
:1028700026492046FEF75AFF304600F099F90746F0
:10288000E9B20D2939D8DFE801F0070C38113838E2
:10289000161B24383829382E1D492046FEF746FFDE
:1028A000F8BD1C492046FEF741FFF9E74168304674
:1028B000F5F72FFDF4E718492046FEF737FFEFE75D
:1028C00016492046FEF732FF39683046F5F721FDFC
:1028D000E6E713492046FEF729FFE1E711492046C4
:1028E000FEF724FFDCE710492046FEF71FFF002219
:1028F00004210846F5F7A6FCD2E70C495520FDF760
:10290000EFFACDE7486F0300F86E0300CCA5030093
:1029100004A6030028A6030048A603008CA6030013
:10292000CCA6030008A7030050A7030090A703004C
:1029300008B5C06800F062FA0548064BC01AC00826
:102940000004054940F00400FEF7F0FE08BD00BF9A
:10295000486F0300F86E03001CA8030008B5C068A8
:1029600000F004FA0548064BC01AC00800040549E7
:1029700040F00400FEF7DAFE08BD00BF486F030018
:10298000F86E030048A8030070B50D4646681E4C5B
:102990001E4BE41AE408240444F004041C492046B5
:1029A000FEF7C4FE304600F003F9E9B20D2926D83F
:1029B000DFE801F0070C250B112516252525252517
:1029C000251B14492046FEF7B1FE70BD1249204672
:1029D000FEF7ACFEF9E701683046F5F79AFCF4E73C
:1029E00081683046F5F795FCEFE70C492046FEF785
:1029F0009DFE002204210846F5F724FCE5E708497E
:102A00004920FDF76DFAE0E7486F0300F86E030018
:102A10006CA8030004A6030028A603009CA80300DA
:102A2000D4A8030008B5C06800F0B8F90548064B03
:102A3000C01AC0080004054940F00400FEF776FE05
:102A400008BD00BF486F0300F86E030054A90300DF
:102A500008B50548054BC01AC0080004044940F0F9
:102A60000400FEF763FE08BD486F0300F86E030024
:102A700074A9030008B50548054BC01AC008000436
:102A8000044940F00400FEF751FE08BD486F030002
:102A9000F86E030094A90300F8B505460F46466892
:102AA0001C4C1D4BE41AE408240444F004041B49A4
:102AB0002046FEF73BFE304600F07AF8F9B20B29CB
:102AC00023D8DFE801F0060B10180A221D220A0A9B
:102AD000220A13492046FEF729FEF8BD1149204677
:102AE000FEF724FEF9E7E86800F02AF90E492046CF
:102AF000FEF71CFEF1E741683046F5F70AFCECE70B
:102B000081683046F5F705FCE7E708495220FDF7F4
:102B1000E7F9E2E7486F0300F86E0300B4A9030089
:102B200004A6030028A60300DCA90300FCA90300F7
:102B300038B504460346144A43F8142B4360002377
:102B40008360C360114B0361114B0360114D4561FC
:102B50008061114BC361114B436100F04BF820625F
:102B60006562A4620E4BE3620E4B636200F042F8B2
:102B700020636563A4630C4BE3630C4B636300F059
:102B800039F82064204638BD84C803007CAA0300BD
:102B90000CCD030070C8030080AA0300F8CC03002A
:102BA00088AA0300E4CC030090AA0300D0CC030061
:102BB000034600F114020448026003F1240242605B
:102BC00034338360704700BFFC5F002010B50446BB
:102BD00014234360092383601523C3601623036114
:102BE0000A234361022383611C30F5F7BFFC2046B2
:102BF00010BD000008B50A4B1B68BFF35B8F13F0D4
:102C0000010F01D0074808BD054804F019F9002854
:102C1000F8D00448FFF7DAFF014804F025F9F1E79E
:102C2000086000200C6000202DE9F04399B00546B3
:102C30003C483D4BC01AC00800043C4940F0040029
:102C4000FEF774FD12AB002412941394149415949F
:102C5000169417940127139714976A68129218AA6A
:102C600012E903008DE803000FCBF6F71FF82146A9
:102C70006868F5F7FAFF0CAB0C940D940E940F9462
:102C8000109411940D970E97AA680C9210AA92E8CE
:102C900003008DE803000FCBF6F708F82146A8687B
:102CA000F5F7E3FF224BD3F80080ADF82C804FEA14
:102CB00018498DF82E9003268DF82D601D4B0B9A28
:102CC0003146E868F6F70FF8ADF828808DF82A90BD
:102CD0008DF82960184B0A9A31462869F6F703F8EF
:102CE000ADF824808DF826908DF82560134B099A55
:102CF00031466869F5F7F7FF03AB03940494059434
:102D000006940794089405970696AA69039207AA61
:102D100092E803008DE803000FCBF5F7C7FF19B069
:102D2000BDE8F083486F0300F86E0300A4AA030017
:102D300010CD0300952E0300E92E0300312F030070
:102D400010B50446064B074A9B1ADB081B040649CC
:102D500043F00400FEF7EAFC2046FFF765FF10BDD4
:102D6000486F0300F86E0300C0AA030010B50446C4
:102D7000074B084A9B1ADB081B04074943F0040071
:102D8000FEF7D4FC01216068F5F76FFF10BD00BFAE
:102D9000486F0300F86E0300D4AA030010B5044680
:102DA000074B084A9B1ADB081B04074943F0040041
:102DB000FEF7BCFC00216068F5F757FF10BD00BFAF
:102DC000486F0300F86E0300F8AA030010B504462C
:102DD000074B084A9B1ADB081B04074943F0040011
:102DE000FEF7A4FC0121A068F5F73FFF10BD00BF6E
:102DF000486F0300F86E03001CAB030010B50446D7
:102E0000074B084A9B1ADB081B04074943F00400E0
:102E1000FEF78CFC0021A068F5F727FF10BD00BF6E
:102E2000486F0300F86E030040AB030008B51C3088
:102E3000F5F7E2FB0548064BC01AC0080004054937
:102E400040F00400FEF772FC08BD00BF486F0300AD
:102E5000F86E030064AB030010B504460A4B0B4A3E
:102E60009B1ADB081B040A4943F00400FEF75EFCD2
:102E7000E068F5F7F5FE012800D010BD00220B2117
:102E80000420F5F7DFF9F8E7486F0300F86E030058
:102E900084AB030008B5FFF7ADFEFFF7DDFF08BD0B
:102EA00010B504460D4B0E4A9B1ADB081B040D4956
:102EB00043F00400FEF73AFC2069F5F7D1FE012843
:102EC00005D0002208210420F5F7BCF910BD00222E
:102ED00007210420F5F7B6F9F8E700BF486F0300B3
:102EE000F86E0300B8AB030008B5FFF783FEFFF7E9
:102EF000D7FF08BD10B504460A4B0B4A9B1ADB08E6
:102F00001B040A4943F00400FEF710FC6069F5F762
:102F1000A7FE00B110BD002209210420F5F792F9A7
:102F2000F8E700BF486F0300F86E0300E4AB03004E
:102F300008B5FFF75FFEFFF7DDFF08BD38B50C46AB
:102F400015460848084BC01AC0080004074940F05D
:102F50000400FEF7EBFB00F023F82A46214600F0C0
:102F60004FF838BD486F0300F86E030014AC03003F
:102F700010B50446F5F74CF9014B2360204610BD0F
:102F80001CCD030010B50446FFF7F2FF04F15C000E
:102F9000F5F757F804F6EC10FFF7CAFD204610BD10
:102FA00008B50A4B1B68BFF35B8F13F0010F01D00C
:102FB000074808BD054803F043FF0028F8D004483F
:102FC000FFF7E0FF014803F04FFFF1E78C600020BE
:102FD0009060002038B5044600F15C05074A0121E5
:102FE0002846F5F743F82A4604212046F5F718F954
:102FF00004F6EC10F5F7A1F938BD00BF7CAA030078
:1030000008B500F6EC10F5F77CF908BD00B583B003
:10301000054B00930123642204490548F5F7A4F900
:1030200003B05DF804FB00BFB93503002CAC03000E
:10303000C06A002038B50E48F5F7B0F90D4C0E4BBC
:10304000E41AE408240444F002040C4D2946204606
:10305000FEF76CFB0A492046FEF768FB094920464B
:10306000FEF764FB29462046FEF760FB38BD00BF33
:10307000C06A0020486F0300F86E030038AC0300FC
:1030800070AC0300A4AC030010B5134B1B78C3B1A4
:103090000022114B1A70114B1A7003210120F5F711
:1030A000D1F80F4C0F4BE41AE408240444F0020456
:1030B0000D492046FEF73AFB0C492046FEF736FB49
:1030C00010BD0748074BC01AC0080004084940F06B
:1030D0000200FEF72BFBF3E7FC6A0020F46A0020F5
:1030E000486F0300F86E030008AD030054AD030001
:1030F000E8AC030038B5044601F066F9A04219D3E4
:10310000204601F013FB1448144BC01AC0080004F9
:1031100040F0020022460C2C1BD804EB840404EB84
:103120008404A3009BB203F5C8739BB20C49FEF75D
:103130000DFB38BD05460848084BC01AC0080004FE
:103140002B462246074940F00200FEF7FFFA2C46C4
:10315000D6E74FF4C863E9E7486F0300F86E030051
:10316000C0AD030090AD030038B50446134B1D7885
:1031700001F02AF9002C08DB002C01DD854211D278
:103180002819C0B2FFF7B6FF38BD002DF4D10C48A6
:103190000C4BC01AC00800040B4940F00200FEF7B7
:1031A000C5FAF1E7064B074A9B1ADB081B040246E7
:1031B000064943F00200FEF7BFFAE5E7462B002080
:1031C000486F0300F86E0300E0AD030008AE030093
:1031D00010B5002203210420F5F734F80022032162
:1031E0000220F5F72FF8042210210220F5F72AF823
:1031F0000F4C22780E210220F5F724F80D480E4BD3
:10320000C01AC008000440F0020022780C2A0BD833
:1032100002EB820101EB81018B0003F5C8739BB2C5
:103220000649FEF793FA10BD4FF4C863F8E700BFF4
:10323000462B0020486F0300F86E030030AE0300F9
:1032400008B504220F210220F4F7FCFF0548064BC5
:10325000C01AC0080004054940F00200FEF766FAF3
:1032600008BD00BF486F0300F86E030064AE0300A2
:1032700010B584B0114B1B68A3B11148114BC01A93
:10328000C0080004104A9378D178547902940191CF
:103290000093537812780D4940F00200FEF77DFA52
:1032A00004B010BD0648074BC01AC0080004084906
:1032B00040F00200FEF73AFAF2E700BFA455002002
:1032C000486F0300F86E0300A8550020B8AE030055
:1032D00084AE030010B50A4C0A4BE41AE408240437
:1032E00044F0020408492046FEF720FA0749204628
:1032F000FEF71CFA06492046FEF718FA10BD00BF7B
:10330000486F0300F86E030004AF03003CAF0300F6
:1033100078AF030038B51C4B1B784BBB01201A4B10
:1033200018700022194B1A60194B1A701221F4F709
:1033300089FF184C184BE41AE408240444F00204F2
:10334000164D29462046FEF7F1F915492046FEF7AD
:10335000EDF914492046FEF7E9F913492046FEF736
:10336000E5F929462046FEF7E1F9FFF7B3FF38BD3E
:103370000848094BC01AC00800040C4940F002007C
:10338000FEF7D4F9F3E700BFFC6A0020F86A0020DA
:10339000F46A0020486F0300F86E030038AC0300A5
:1033A000CCAF0300F0AF030030B00300A8AF0300C0
:1033B0002DE9F04182B0364B1E78364B1F78364CE3
:1033C000364BE41AE408240444F00204344920464D
:1033D000FEF7ACF9334B1B78002B44D0324D334B06
:1033E0001B78002B41D0DFF8F880F4F721FD00F6C0
:1033F000EC10F4F7B5FF0190009743462A462C499C
:103400002046FEF7BBF90C2E32D806EB860505EBFD
:103410008505AD0005F5C875ADB200F0D5FF00908B
:103420002B46324623492046FEF79BF9224B1B7858
:10343000224A126801920093214B1B78214A12788C
:1034400021492046FEF79AF9FFF712FF154B1B782A
:10345000D3B11E4B1A681E4B9A420CD8C2F51222E9
:1034600002F5F86208E01B4DB9E7DFF87880BCE7A9
:103470004FF4C865D1E70022174BA3FB0232920933
:1034800016492046FEF758F902B0BDE8F08100BFAA
:10349000462B0020A9710020486F0300F86E03003E
:1034A0006CB00300FC6A002088B00300A871002003
:1034B000A0B00300D4B00300A2710020A4550020E6
:1034C000442B0020452B0020FCB00300F86A0020AC
:1034D000BF27090090B00300D34D621040B1030034
:1034E00098B003009CB0030008B56D280CD006D836
:1034F0003F280CD068280DD1FFF7ECFE06E06E28BF
:1035000008D1FFF7C1FD01E0FFF704FF08BDFFF799
:103510004FFFFBE7234B1B78BBB173282FD020D87C
:103520002D2827D03D2821D02B281FD0A0F13003F3
:10353000DBB2092B26D9A0F16103DBB2022B25D81F
:103540005738C0B2FFF7D6FDE0E7174B174A9B1A72
:10355000DB081B040246164943F00200FEF7ECF8B4
:10356000D4E77828E2D1FFF76BFECFE70120FFF721
:10357000FBFDCBE74FF0FF30FFF7F6FDC6E7FFF7A7
:1035800027FEC3E71846FFF7B5FDBFE7064B074A1E
:103590009B1ADB081B040246064943F00200FEF7B3
:1035A000CBF8B3E7FC6A0020486F0300F86E030015
:1035B00064B10300A4B1030010B502E0E0B2FFF76C
:1035C00093FFFEF789FBB8B1FEF774FB041E13DB13
:1035D000194B00221A60194B1B78002BEED0174BA9
:1035E0001A701748174BC01AC0080004164940F05B
:1035F0000200FEF79BF8E1E7144B1B784BB10F4B31
:103600001B7833B90C4A136864331360104A934231
:1036100000D810BD094B01221A700948094BC01A85
:10362000C00800040B4A0C4940F00100FEF784F882
:10363000FFF706FEEDE700BFF86A0020F46A0020FD
:10364000486F0300F86E0300D8B10300FC6A002045
:10365000BF270900C02709001CB2030008B5FFF707
:10366000D5FC08BD08B50548054BC01AC0080004C4
:10367000044940F00400FEF759F808BD486F030004
:10368000F86E030060B2030010B50446064B074A0B
:103690009B1ADB081B04064943F00400FEF746F8BA
:1036A000E06800F08DFC10BD486F0300F86E030069
:1036B00084B203002DE9F047054688461646476860
:1036C000434C444BE41AE408240444F004094249FE
:1036D0004846FEF72BF8384600F04CF95FFA88F1BF
:1036E00010290ED8DFE801F0090F0D14190D1E275F
:1036F000313B0D48404D57606A0038494846FEF757
:1037000015F8BDE8F08736494846FEF70FF8F8E7A8
:1037100034494846FEF70AF8F3E733494846FEF7CE
:1037200005F8EEE7E86800F0BFFB00220821022060
:10373000F4F788FDE5E78246E86800F08DFEDAF8E8
:1037400000103846F4F7E5FDDBE728494846FDF769
:10375000EDFF002207210220F4F774FDD1E7244990
:103760004846FDF7E3FFCCE722494846FDF7DEFF78
:10377000E86800F0C5FEC4E71F494846FDF7D6FFDC
:10378000BFE71E494846FDF7D1FF0022072102206E
:10379000F4F758FDB5E71A494846FDF7C7FFF1B2FF
:1037A000E86800F0F7FDACE7164944F00200FDF7C9
:1037B000BDFFF1B2E86800F00BFBA2E7124944F04C
:1037C0000300FDF7B3FFF1B2E86800F035FB98E7BE
:1037D000486F0300F86E0300A8B20300D8B20300DC
:1037E000FCB203001CB3030040B3030064B3030046
:1037F000A0B30300C8B3030010B4030054B4030023
:103800008CB40300C4B4030000B5030008B5054838
:10381000054BC01AC0080004044940F00400FDF73D
:1038200085FF08BD486F0300F86E03003CB5030038
:1038300008B50548054BC01AC0080004044940F00B
:103840000400FDF773FF08BD486F0300F86E030026
:103850005CB50300F8B505460F4646681A4C1B4B8D
:10386000E41AE408240444F0040419492046FDF74E
:103870005DFF304600F07EF8F9B20C290CD8DFE885
:1038800001F0070C11190B0B0B0B0B0B0B0B1E0094
:1038900010492046FDF74AFFF8BD0F492046FDF7C5
:1038A00045FFF9E70D492046FDF740FFE86801F0C4
:1038B00055F8F1E7C1683046F4F72BFDECE7816875
:1038C0003046F4F726FDE7E7486F0300F86E030083
:1038D0007CB50300D8B20300FCB20300A4B503001A
:1038E00038B504460346174A43F8142B43600023B7
:1038F0008360C360144B0361144B0360144D456136
:103900008061144BC361144B436100F0F9F92062EC
:103910006562A462114BE362114B636225636463C9
:10392000104BA363104B236300F0EAF9E0632564B6
:1039300064640E4BA3640E4B236400F0E1F9E06471
:10394000204638BD84C80300C4B5030050CD030031
:1039500070C8030080AA03003CCD0300C8B5030073
:1039600070CD0300D0B503005CCD0300DCB50300CF
:1039700028CD0300034600F114020548026003F15C
:103980002402426003F1300282604033C36070471A
:10399000006B002008B50548054BC01AC00800049C
:1039A000044940F00400FDF7C1FE08BD486F030064
:1039B000F86E0300E8B5030010B50446064B074A4D
:1039C0009B1ADB081B04064943F00400FDF7AEFE1A
:1039D000E06800F0F5FA10BD486F0300F86E0300D0
:1039E0000CB603002DE9F0470546884616464768A1
:1039F0003F4C404BE41AE408240444F004093E49D7
:103A00004846FDF793FE3846FFF7B4FF82465FFA5B
:103A100088F110290ED8DFE801F0090F0D141E0DF2
:103A2000282D430D0D0D0D364D5660003349484687
:103A3000FDF77CFEBDE8F08731494846FDF776FE8C
:103A4000F8E730494846FDF771FEDAF80C103846C1
:103A5000F4F75FFCEEE72C494846FDF767FEDAF81D
:103A60000C103846F4F755FCE4E728494846FDF7C2
:103A70005DFEDFE7E86800F0EFFCDAF8001038469A
:103A8000F4F747FCD6E722494846FDF74FFEE868C1
:103A900000F016FBDAF800103846F4F73AFCC9E7F4
:103AA0001C494846FDF742FE002207210220F4F798
:103AB000C9FBBFE718494846FDF738FEF1B2E86890
:103AC00000F068FCB6E7154944F00200FDF72EFE51
:103AD000F1B2E86800F07CF9ACE7114944F003006A
:103AE000FDF724FEF1B2E86800F0A6F9A2E700BFF6
:103AF000486F0300F86E03000CB603002CB60300F9
:103B000060B6030090B60300C4B60300F4B6030029
:103B100054B4030064B303008CB4030028B703005B
:103B200078B7030008B50548054BC01AC008000463
:103B3000044940F00400FDF7F9FD08BD486F03009B
:103B4000F86E0300C8B7030008B50548054BC01A56
:103B5000C0080004044940F00400FDF7E7FD08BD7B
:103B6000486F0300F86E0300E8B7030070B50D4618
:103B700046681D4C1D4BE41AE408240444F0040478
:103B80001B492046FDF7D2FD3046FFF7F3FEE9B2B0
:103B900008290AD8DFE801F0050A090F1409191EDF
:103BA000230014492046FDF7C1FD70BD124920468F
:103BB000FDF7BCFDF9E711492046FDF7B7FDF4E735
:103BC0000F492046FDF7B2FDEFE70E492046FDF70D
:103BD000ADFDEAE70C492046FDF7A8FDE5E70B49F6
:103BE0002046FDF7A3FDE0E7486F0300F86E0300F1
:103BF00008B80300D8B20300FCB203001CB30300F2
:103C000040B3030030B8030054B8030078B8030091
:103C100008B50A480A4BC01AC0080004094940F018
:103C20000400FDF783FDF5F745FB012800D008BD32
:103C300000220D210220F4F71BFBF8E7486F030078
:103C4000F86E0300A0B8030000B583B0174B0093D3
:103C500001234FF4FA7216491648F4F785FB164B08
:103C60000093002341F2883214491548F4F77CFB95
:103C7000144B009301234FF4FA6213491348F4F7ED
:103C800073FB134B0093012342F210721149124847
:103C9000F4F76AFB114B0093002341F2883210497C
:103CA0001048F4F761FB03B05DF804FB2D3F0300FF
:103CB000C8B80300E46B0020113C0300D8B803002F
:103CC000B06B0020E9460300F0B803007C6B0020D5
:103CD0003547030000B90300486B00203D45030051
:103CE00010B90300146B002010B504460830F4F737
:103CF000C3FD04F51870F5F71FFB204610BD00004A
:103D000008B50A4B1B68BFF35B8F13F0010F01D09E
:103D1000074808BD054803F093F80028F8D0044888
:103D2000FFF7E2FF014803F09FF8F1E7186C00206D
:103D30001C6C002010B582B01D4C1E4BE41AE40828
:103D4000240444F004041C492046FDF7EFFC1B4901
:103D50002046FDF7EBFC1A492046FDF7E7FC194B1E
:103D600003F1100292E803008DE803000FCBF4F793
:103D70009DFF01212F20F4F778FF134B03F1100270
:103D800092E803008DE803000FCBF4F78FFF0121C9
:103D90000520F4F76AFF0D4B03F1100292E80300CF
:103DA0008DE803000FCBF4F781FF02B010BD00BF18
:103DB000486F0300F86E030020B903003CB903000C
:103DC00068B90300ACCD030094CD03007CCD0300A3
:103DD00030B583B00C46114B1D7845EA01021A70CC
:103DE0008DB10F480F4BC01AC008000440F002000C
:103DF0000A4B1B787DB90C4A009222460B49FDF70D
:103E0000B0FC03B030BD00F51870F5F7E3F9084BCE
:103E100000221A70E5E7074AEEE700BFA97100200B
:103E2000486F0300F86E030094B90300ACB90300B7
:103E3000A8710020A0B9030010B50C46134A1378EE
:103E400023EA01031370A3B900F51870F5F7BCF964
:103E50000F4B01221A700F480F4BC01AC008000404
:103E60000E4B1B7822460E4940F00300FDF76EFC16
:103E700010BD0848084A801AC00800040A460949CB
:103E800040F00200FDF762FCF2E700BFA9710020DC
:103E9000A8710020486F0300F86E0300462B002035
:103EA000ECB9030038BA030008B500F51870F5F74F
:103EB00097F90548054BC01AC0080004044940F0B2
:103EC0000400FDF733FC08BD486F0300F86E0300E3
:103ED0008CBA030008B500F51870F5F7E7F9054846
:103EE000054BC01AC0080004044940F00400FDF767
:103EF0001DFC08BD486F0300F86E0300A8BA03005C
:103F000010B50446F5F7D6F920600548054BC01AF0
:103F1000C0080004044940F00400FDF707FC10BD90
:103F2000486F0300F86E0300C8BA030010B5084CD0
:103F30002046FFF7E5FF0748074BC01AC0080004FA
:103F40002268064940F00400FDF7F6FB10BD00BFF3
:103F5000106B0020486F0300F86E0300E8BA0300FE
:103F600008B50748074BC01AC0080004064940F0CE
:103F70000400FDF7DBFB0548F4F710FA08BD00BFAD
:103F8000486F0300F86E03000CBB0300B06B002009
:103F900008B50748074BC01AC0080004064940F09E
:103FA0000400FDF7C3FB0548F4F7F8F908BD00BFAE
:103FB000486F0300F86E030034BB0300E46B00207D
:103FC00010B50446124B1A78D2B11248124BC01ADF
:103FD000C0080004114940F00200FDF7ADFB204687
:103FE000FFF7BEFF2046FFF7D3FF0A480A4BC01A6F
:103FF000C00800040A4940F00400FDF797FB10BD1B
:1040000000F51870F5F7E0F8064B01221A70E6E7A4
:10401000A9710020486F0300F86E030058BB03002D
:1040200098BB0300A871002008B50748074BC01AC9
:10403000C0080004064940F00400FDF777FB05487E
:10404000F4F7DAF908BD00BF486F0300F86E03000B
:10405000B0BB0300E46B002008B50848084BC01A49
:10406000C0080004074940F00400FDF75FFB064864
:10407000F4F794F90548F4F791F908BD486F030087
:10408000F86E0300D4BB03007C6B0020486B00205B
:1040900008B50748074BC01AC0080004064940F09D
:1040A0000300FDF743FB0548F4F778F908BD00BFAE
:1040B000486F0300F86E030008BC03007C6B00200F
:1040C00008B50848084BC01AC0080004074940F06A
:1040D0000400FDF72BFB0648F4F78EF90548F4F7CA
:1040E0008BF908BD486F0300F86E030050BC030055
:1040F0007C6B0020486B002010B52DED028B8A1AD6
:1041000007EE902AF8EEE77A401A07EE100AB8EEAA
:10411000C77A9FED376AC7EE066A87EEA68A354CE6
:10412000354BE41AE4082404FCEEC87A17EE902A12
:10413000324944F00300FDF7FFFADFED317AB4EEC7
:10414000E78AF1EE10FA4CDADFED2E7AB4EEE78A68
:10415000F1EE10FA48D9002300E00133032B36D8E2
:10416000294A02EBC302526807EE902AB8EE677A3A
:10417000B4EEC87AF1EE10FAEFDB581C224901EBDD
:10418000C001496807EE901AF8EE677AF4EEC87A33
:10419000F1EE10FAE1D81C4C14F9300014F9333068
:1041A000C01A07EE900AF8EEE76A521A07EE902A54
:1041B000F8EE677A37EE487A06EE103AB8EEC60A9D
:1041C00087EE276A66EE267A30EE270A06E00F4968
:1041D00044F00100FDF7AAFA9FED0D0ABDEC028B39
:1041E00010BDB3EE040AF9E79FED090AF6E700BF38
:1041F00000EC4247486F0300F86E030080BC0300E8
:1042000000E0F64700FE0347C4CD0300ACBC03004A
:10421000000048424D4B1B6803B970472DE9F04739
:104220002DED028B88B00DF1080C494C0FCCACE899
:104230000F0094E803008CE80300BDF81060BDF89F
:104240001270BDF81480424639463046FFF754FFDD
:10425000B0EE408A3F4D404BED1AED082D0445F07D
:104260000309FDEEC07A17EE90AADFED3C7A60EE0E
:10427000277AFDEEE77A17EE902A394981FB023161
:10428000D317C3EB6113642101FB13242346524669
:1042900034494846FDF75AFACDF800803B4632468D
:1042A00031494846FDF75DFA304B1B7813F0010F9A
:1042B00025D1DFED2F7AB4EEE78AF1EE10FA2CDB90
:1042C0002C4B1B784BB129230093234652462A4995
:1042D00045F00200FDF745FA1FE02923009323462D
:1042E0005246264945F00100FDF73BFA244B0022D7
:1042F0001A8001220F210220F3F7BAFF0DE0204AB5
:10430000138801339BB213800E2B06D9DFED1D7A83
:10431000B4EEE78AF1EE10FA04DD08B0BDEC028BD2
:10432000BDE8F087019327230093234652461649A0
:104330004846FDF723FA154B00221A700122144B50
:104340001A7010210220F3F793FFE6E7A45500202E
:10435000A8550020486F0300F86E03000000C84213
:104360001F85EB5104BD03002CBD0300A971002083
:1043700000002442FC6A002060BD0300A8BD0300C9
:10438000A671002000001C4208BE0300A27100209C
:10439000A171002038B504460D46084B084A9B1A07
:1043A000DB081B04074943F00400FDF7BFF9294669
:1043B00004F51870F4F793FF38BD00BF486F030091
:1043C000F86E030078BE0300014B1878704700BFF9
:1043D000AA71002008B50023114A1370114A1380F6
:1043E000114A1380072211490A7011490B70FF21ED
:1043F000104801701048017010490B7010490B7083
:1044000010490B6010490B701048114BC01AC008BE
:104410000004104940F00300FDF78EF908BD00BF0D
:10442000A9710020A6710020A4710020462B002055
:10443000A2710020452B0020442B0020A1710020F8
:10444000A07100209C71002098710020486F03002B
:10445000F86E0300A4BE030010B5044600F5187002
:10446000F4F7B8FE0C4B00221A702046FFF7DCFD73
:104470002046FFF725FE0948F3F7BEFFFFF7AAFF26
:104480000748084BC01AC0080004074940F0040060
:10449000FDF74CF910BD00BFA8710020146B00207F
:1044A000486F0300F86E0300D0BE0300094B1A7872
:1044B000FF2A08D0084B1B78FF2B06D0013393420C
:1044C00005DA002070470020704700207047012067
:1044D000704700BF452B0020442B002008B5064B39
:1044E0001A78824200D30246044B1A700E21022031
:1044F000F3F7BEFE08BD00BFAA710020462B0020C6
:1045000008B50A480A4BC01AC008000441F28833B3
:104510000722084940F00300FDF718F90720FFF7CC
:10452000DDFF0548F3F73AFF08BD00BF486F030001
:10453000F86E0300ECBE0300146B002008B50E4BB0
:104540001B686BB90D480E4BC01AC00800040D491A
:1045500040F00200FDF7EAF8FE20FFF7BFFF08BDBC
:104560000648074BC01AC0080004074940F0030082
:10457000FDF7DCF8F3E700BFA4550020486F030007
:10458000F86E030090BF030048BF0300484B1B6850
:10459000002B00F08B8010B584B0464A5178B1FAF8
:1045A00081F35B099079B0FA80F2520911B148BBEE
:1045B000012000E001204049097811F0020F42D1AA
:1045C000002861D03D490978FF2903D03C48007894
:1045D000814203D93A49087838490870394909783D
:1045E00091B139483949401AC00800043349097863
:1045F00001910092324A1278354940F00200FDF7ED
:10460000BDF841E00020D6E72F483049401AC008E5
:10461000000428490979294C24780294B1FA81F1DF
:10462000490901910092264A12782A4940F0010076
:10463000FDF7B3F8284B00221A8002220F21104602
:10464000F3F716FE20E0244B1A88013292B21A804A
:10465000042A19D9D0B91A4B187810BB1F4B012264
:104660001A701948194BC01AC0080004144B1B7863
:10467000194A12881A4940F00300FDF767F8022230
:1046800010211046F3F7F4FD04B010BD0E480F4B97
:10469000C01AC0080004134940F00200FDF74CF8AE
:1046A000F2E70138C0B2FFF719FFD7E7704700BF44
:1046B000A4550020A8550020A9710020452B0020FA
:1046C000462B0020FC6A0020486F0300F86E0300B0
:1046D000E4BF03003CC00300A4710020A1710020CE
:1046E000E0C003009CC0030008B50C480C4BC01A86
:1046F000C00800040B4940F00400FDF717F8FFF76D
:1047000045FFFFF787FD084B1B7823B9FCF7A4FE94
:104710000028FBD108BDFEF7ABFDF7E7486F0300AB
:10472000F86E030034C10300FC6A002008B5FFF7EF
:10473000D5FE08BD70B584B06C4B1A78002A52D1F2
:104740006B4B1A78002A5AD16A4B1B686A4A126866
:104750009A4262D0684A1360684B1B78002B67D07E
:10476000674B9D78674C684BE41AE408240444F0D6
:104770000306664B1B780293654B1B780193654BD0
:104780001B780093012D14BF00230123624A127885
:1047900062493046FDF701F8012D5CD0604B1A7874
:1047A0000132D2B21A70012A78D95D4B00221A70F8
:1047B000594B1D78554B1D70564B01221A70FFF74F
:1047C00075FE002874D1574B1B789D4280F086807F
:1047D000681CC0B2FFF782FE4F4B1A785249304630
:1047E000FCF7AAFF09E04748474BC01AC00800047D
:1047F0004E4940F00400FCF79FFF04B070BD013A41
:10480000D2B21A703F48404BC01AC0080004484951
:1048100040F00400FCF790FFEFE73A483A4BC01A2B
:10482000C0080004434940F00200FCF77FFFE4E7C2
:10483000324B01221A700720FFF750FE3148324BED
:10484000C01AC0080004344B1A783B4940F00300FA
:10485000FCF772FFD1E7324B00221A702D4B1B7808
:104860006BB92D4B187888B10138C0B2FFF736FE0E
:10487000294B1A7831493046FCF75EFFBDE7264BDD
:104880001A782F493046FCF757FFB6E7214B012233
:104890001A702C493046FCF749FFAEE71E4B1B78D7
:1048A00000930223284944EA0300FCF75AFFA4E7D7
:1048B000174B1A7882B1561EF6B200962B46234942
:1048C00044F00100FCF74DFF134B1B78B34294D02A
:1048D0003046FFF703FE90E71646EEE72A461C49EE
:1048E00044F00200FCF728FF87E700BFA971002011
:1048F000A1710020A45500209C7100209871002017
:10490000A8550020486F0300F86E0300442B0020D8
:10491000452B0020A2710020462B002064C203001A
:10492000A0710020AA71002048C4030054C10300F4
:104930009CC10300E4C1030034C20300E4C20300CD
:10494000C0C2030020C303005CC30300A0C3030074
:1049500000C4030008B5FFF777F908BD10B5044699
:104960000E480F4BC01AC00800040E4940F0040066
:10497000FCF7DCFE2046FFF7DDF904F10800F3F751
:10498000B5FF04F518742046F4F7C2FC2046F4F78E
:1049900028FC054B1870FFF71DFD10BD486F030084
:1049A000F86E03007CC40300AA71002070B50546B0
:1049B0000C4616460A4B0B4A9B1ADB081B040A4995
:1049C00043F00400FCF7B2FE00F028F8324621461E
:1049D00000F054F821462846F3F760FC70BD00BF94
:1049E000486F0300F86E030090C4030010B504463E
:1049F000F3F70EFC014B2360204610BDF4CD0300FD
:104A000010B50446FFF7F2FF04F15C00F3F719FB61
:104A100004F6EC10FEF764FF204610BD08B50A4B03
:104A20001B68BFF35B8F13F0010F01D0074808BD6F
:104A3000054802F005FA0028F8D00448FFF7E0FF27
:104A4000014802F011FAF1E7AC710020B0710020CA
:104A500038B5044600F15C05074A01212846F3F702
:104A600005FB2A4602212046F3F7DAFB04F6EC1098
:104A7000F3F763FC38BD00BFC4B5030008B500F60A
:104A8000EC10F3F73EFC08BD28B108B502498320BD
:104A9000FBF726FA08BD7047A8C4030000F108031D
:104AA00043604FF0FF328260C36003610023036004
:104AB000704700230361704743684B609A688A60BF
:104AC000516099600861036801330360704730B436
:104AD0000D68B5F1FF3F11D000F108031C465B687B
:104AE0001A68AA42FAD963684B6099608C60616069
:104AF000086103680133036030BC70470469F2E762
:104B00000369416882688A60416851605A688242DC
:104B100006D0002202611A68013A1A6018687047CC
:104B200082685A60F5E700000748006880F308884B
:104B300062B661B6BFF34F8FBFF36F8F4FF4F07063
:104B400080F3118800DF00BF00700200064B196877
:104B50000868B0E8F04F80F30988BFF36F8F4FF01B
:104B6000000080F311887047307D0020EFF309804A
:104B7000BFF36F8F144B1A681EF0100F08BF20EDA3
:104B8000108A20E9F04F10604DF8043D4FF04000CE
:104B900080F31188BFF34F8FBFF36F8F00F0B0FF2A
:104BA0004FF0000080F3118808BC19680868B0E86D
:104BB000F04F1EF0100F08BFB0EC108A80F3098888
:104BC000BFF36F8F704700BF307D0020034AD2F8DB
:104BD000883043F47003C2F88830704700ED00E07D
:104BE00008B5074B1B68B3F1FF3F03D1402383F3A4
:104BF0001188FEE703499E20FBF772F9F6E700BF34
:104C0000F47B002050C503004FF0807340F8043C53
:104C100040F8081C054B40F80C3C40F8202C6FF085
:104C2000020340F8243C4438704700BFE14B0300C6
:104C300010B582B0264B1A68264B9A4213D1264BE8
:104C40001A78D2B20192FF221A701B78DBB28DF86B
:104C500003309DF8033003F00203204A1370204B09
:104C600007221A600EE01F49B020FBF739F9E6E78A
:104C70001B4A1368013B13609DF803305B00DBB2F5
:104C80008DF803309DF8033013F0800FF0D1144AF3
:104C9000136803F007031360019BDBB20E4A137025
:104CA0000B4CE02384F8223000F0BAF80E4B0022BF
:104CB0001A60FFF78BFF0D4A536B43F04043536379
:104CC000236943F010032361FFF72EFFFFF788FFEE
:104CD00000ED00E041C20F4100E400E0F07B002065
:104CE000EC7B002050C50300F47B002000EF00E0C7
:104CF00008B5402383F31188094A13680133136010
:104D0000012B00D008BD074B5B68C3F30803002BE1
:104D1000F8D0054940F21110FBF7E2F8F2E700BFC6
:104D2000F47B002000ED00E050C5030008B5084BFF
:104D30001B683BB1064A1368013B13600BB983F350
:104D4000118808BD03494FF48C70FBF7C9F8F1E7EF
:104D5000F47B002050C5030008B5EFF30583C3F3CF
:104D600008030F2B09D903F1E023F03393F8003344
:104D7000DBB20C4A12789A4208D80B4BDB68C3F3BB
:104D800002230A4A12689A4206D308BD08494FF422
:104D9000A970FBF7A5F8F0E705494FF4B170FBF7F0
:104DA0009FF8F2E7F07B002000ED00E0EC7B0020B4
:104DB00050C50300F0B583B0EFF31187402383F3B0
:104DC0001188154BD3F804450022C3F80021D3F80D
:104DD00000310193019B00F089FD241A24F07F44E7
:104DE00034F0010301D1002509E000F0A1FF022801
:104DF000F9D00124F7E700F087FD05433446661E2D
:104E0000002CF8D125B1054B4FF080525A6040BFBD
:104E100087F3118803B0F0BD0010014000ED00E001
:104E200008B50020F7F75EFF094B1F22C3F80825DD
:104E30000122C3F804239A601A600222C3F84423B3
:104E4000044BE02283F811234FF400321A6008BDAE
:104E50000010014000E100E010B50446FFF748FFF4
:104E6000A26BE36B9A4204D00024FFF75FFF204659
:104E700010BD0124F9E710B50446FFF739FFA36B15
:104E800023B90124FFF752FF204610BD0024F9E7A3
:104E900070B504461546866B026C5AB903681BB19F
:104EA00000200136A66370BD406800F051FF00236A
:104EB0006360F6E76DB9806801F060FFA368226C5B
:104EC0001344A3606268934219D32368A360284601
:104ED000E7E7C06801F052FFE368226C51429B1A79
:104EE000E3602268934202D263680B44E360022DC0
:104EF00001D00020D5E726B1013E0020D1E72846A9
:104F0000CFE70020CDE70346026C6AB110B5084632
:104F1000D9681144D9605C68A14201D31968D9608D
:104F2000D96801F02BFF10BD704738B50546FFF773
:104F3000DFFE95F8454064B201E0013C64B2002C0C
:104F40000ADD6B6A43B105F1240000F05DFE002824
:104F5000F3D000F0E7FEF0E7FF2385F84530FFF7D8
:104F6000E5FEFFF7C5FE95F8444064B201E0013C60
:104F700064B2002C0ADD2B6943B105F1100000F08A
:104F800043FE0028F3D000F0CDFEF0E7FF2385F8C4
:104F90004430FFF7CBFE38BD38B50D460446D0B1DE
:104FA000FFF7A6FE2368E26B216C01FB0230606014
:104FB0000020A063A360013A02FB0133E360FF23FA
:104FC00084F8443084F84530D5B9236943B9FFF7F4
:104FD000ADFE012038BD0F49FC20FAF781FFDFE765
:104FE00004F1100000F010FE0028F0D00A4B4FF042
:104FF00080525A6040BFBFF34F8FBFF36F8FE6E719
:1050000004F11000FFF74AFD04F12400FFF746FD0C
:10501000DDE700BFF8C5030000ED00E010B5034672
:1050200002980C4631B90060C36304640121FFF7A4
:10503000B3FF10BD0260F7E7F0B585B00D46164628
:105040001C460746B0B1DCB106B33DB34823039319
:10505000039B482B28D154B1012384F84630009497
:105060009DF82830324629463846FFF7D7FF2046BC
:1050700005B0F0BD0F4940F23310FAF731FFE2E717
:105080000C4940F23710FAF72BFFDDE7002DDDD099
:1050900008494FF49E70FAF723FFD7E7054940F21D
:1050A0003B10FAF71DFFD1E702494FF4A270FAF75F
:1050B00017FFD0E7F8C50300F0B585B00F460192A1
:1050C0001D46044648B177B1022D15D000F030FEE0
:1050D00008B9019BCBB9002659E051494FF437700C
:1050E000FAF7FEFEEFE7236C002BEDD04C4940F2BF
:1050F000DD20FAF7F5FEE7E7E36B012BE6D0484940
:1051000040F2DE20FAF7ECFEE0E7454940F2E1200C
:10511000FAF7E6FEDFE72A4639462046FFF7B8FEF3
:10512000636A73B940B13F4B4FF080525A6040BF41
:10513000BFF34F8FBFF36F8FFFF7F8FD012005B06E
:10514000F0BD04F1240000F05FFD0028F4D0354BE1
:105150004FF080525A6040BFBFF34F8FBFF36F8F45
:10516000EAE7FFF7E3FD0020E9E702A800F090FD81
:10517000012619E0002384F8443021E0002384F85C
:10518000453023E02046FFF7D0FE00F03DFCFFF75E
:10519000AFFDA26BE36B9A42BDD3022DBBD0019B46
:1051A000002BDED0002EE0D0FFF7C0FD00F096FB14
:1051B000FFF79EFD94F8440040B2B0F1FF3FD9D014
:1051C00094F8450040B2B0F1FF3FD7D0FFF7AEFDF5
:1051D00001A902A800F068FDD0B92046FFF73CFE07
:1051E0000028CFD0019904F1100000F0D5FC204632
:1051F000FFF79BFE00F008FC0028C8D1094B4FF0D8
:1052000080525A6040BFBFF34F8FBFF36F8FBEE72E
:105210002046FFF78AFE00F0F7FB00208FE700BF73
:10522000F8C5030000ED00E02DE9F8430E46914675
:105230001D460446A0B1CEB1022D20D0FFF78CFD53
:10524000EFF31188402383F31188A26BE36B9A423A
:105250001ED3022D1CD0002088F31188BDE8F883EE
:105260001E4940F2A230FAF73BFEE4E7236C002B24
:10527000E2D01A4940F2A330FAF732FEDCE7E36BE2
:10528000012BDBD015494FF46970FAF729FED5E7F9
:1052900094F845707FB22A4631462046FFF7F8FD64
:1052A000B7F1FF3F05D001377FB284F84570012088
:1052B000D2E7636A0BB90120CEE704F1240000F0C5
:1052C000A3FC30B1B9F1000F05D00120C9F80000EE
:1052D000C2E70120C0E70120BEE700BFF8C5030018
:1052E000F0B585B00F460192044638B167B100F0C1
:1052F0001FFD08B9019B83B9002652E0494940F2DD
:10530000DF40FAF7EDFDF1E7236C002BEFD04549C4
:1053100040F2E340FAF7E4FDE9E742494FF49D60CB
:10532000FAF7DEFDE8E739462046FFF7ECFD013DE0
:10533000A563236923B9FFF7F9FC012005B0F0BD8F
:1053400004F1100000F060FC0028F4D0364B4FF060
:1053500080525A6040BFBFF34F8FBFF36F8FEAE7B1
:10536000FFF7E4FC0020E9E702A800F091FC012629
:1053700021E0002384F8443029E0002384F84530FC
:105380002BE02046FFF7D1FD00F03EFB09E0204670
:10539000FFF7CBFD00F038FB2046FFF76CFD00283F
:1053A0003ED1FFF7A5FCA56B002DBCD1019B002BC6
:1053B000D6D0002ED8D0FFF7B9FC00F08FFAFFF757
:1053C00097FC94F844305BB2B3F1FF3FD1D094F82E
:1053D00045305BB2B3F1FF3FCFD0FFF7A7FC01A987
:1053E00002A800F061FC0028D1D12046FFF743FD60
:1053F0000028C6D0019904F1240000F0CDFB20461E
:10540000FFF793FD00F000FB0028CAD1064B4FF0D8
:1054100080525A6040BFBFF34F8FBFF36F8FC0E71A
:1054200000208BE7F8C5030000ED00E00023012B0E
:105430000CD8074A52F833200AB10133F7E7044A7F
:1054400042F8331002EBC30250607047704700BF50
:10545000F87B002070B504460D461646FFF748FC61
:1054600094F844305BB2B3F1FF3F0DD094F845306F
:105470005BB2B3F1FF3F0BD0FFF758FCA36B5BB1FE
:105480002046FFF752FD70BD002384F84430EDE75D
:10549000002384F84530EFE73246294604F1240022
:1054A00000F094FBECE70000084B1B681B6823B975
:1054B000074B4FF0FF321A607047044B1B68DB68E4
:1054C000DB685A68024B1A60704700BF787C002086
:1054D000107C00202DE9F04780460D46174699467E
:1054E000089EDDF824A00A9C9200A521206B01F003
:1054F00077FC236B07F18042013A03EB820727F028
:1055000007074FF0000CBCF1090F09D815F80C3053
:1055100004EB0C0282F8343013B10CF1010CF2E709
:10552000002384F83D30062E00D90626E662266464
:1055300000256564201DFFF7BCFA04F11800FFF791
:10554000B8FA2461C6F10706A6616462A56484F80E
:105550004C504A4641463846FFF756FB2060BAF1A8
:10556000000F01D0CAF80040BDE8F08738B500242C
:1055700007E004EB840293000E481844FFF78EFA0C
:105580000134062CF5D90C4D2846FFF787FA0B4C51
:105590002046FFF783FA0A48FFF780FA0948FFF729
:1055A0007DFA0948FFF77AFA084B1D60084B1C602A
:1055B00038BD00BFA47C0020907C00207C7C0020B3
:1055C000607C00204C7C0020347C0020787C002013
:1055D000747C002010B50446FFF78AFB214A13684B
:1055E00001331360204B1B685BB1204B1B686BB908
:1055F0001D4B1B68DA6AE36A9A4207D81A4B1C6093
:1056000004E0194B1C601368012B27D0184A13685B
:1056100001331360E06A01238340164A11680B438B
:10562000136000EB8000211D134B03EB8000FFF79C
:1056300043FAFFF77BFB0D4B1B6873B10A4B1B68EA
:10564000DA6AE36A9A4208D20C4B4FF080525A60F1
:1056500040BFBFF34F8FBFF36F8F10BDFFF786FFC3
:10566000D4E700BF307C0020307D0020247C002067
:10567000147C0020287C0020A47C002000ED00E0A9
:1056800010B5044690F84D304BB1012B0ED0022BD3
:105690000BD0084940F68860FAF722FC05E0006B61
:1056A000FFF7F2F92046FFF7EFF910BDFFF7ECF92D
:1056B000FBE700BF8CC603000F4B1B68D3B110B5CE
:1056C000FFF716FB0D4BDB68DC68201DFFF718FAAF
:1056D0000B4A1368013B1360074A1368013B1360D0
:1056E000FFF724FB2046FFF7CBFF034B1B68002B83
:1056F000E6D110BD704700BF487C00204C7C0020E4
:10570000307C002070B504460D461D4B1E681D4BB5
:1057100018680430FFF7F4F948B91A4B1B68DB6AC4
:1057200001229A4018490B6823EA02030B60B4F186
:10573000FF3F0DD03444134B1B685C60A64210D968
:10574000124B18680F4B19680431FFF7C0F970BD90
:10575000002DEFD00B4B196804310D48FFF7ACF961
:10576000F5E70C4B1868074B19680431FFF7AFF9E0
:10577000094B1B68A342EAD9074B1C60E7E700BF4F
:105780002C7C0020307D0020287C0020747C0020B0
:10579000347C0020787C0020107C002008B50AE0D2
:1057A000084B4FF080525A6040BFBFF34F8FBFF39A
:1057B0006F8FF2F7FFFCFFF77FFF034B1B68012B96
:1057C000EED8F6E700ED00E0A47C00202DE9F043E0
:1057D00087B080460E46174699460F9D109CE5B14E
:1057E0000CB350220492049A502A22D13CB335B310
:1057F0002563022384F84D3000230393029405AB04
:1058000001930E9B00934B463A4631464046FFF7C4
:1058100061FE2046FFF7DEFE13E00C494FF41470E2
:10582000FAF75EFBDCE7094940F25120FAF758FB32
:10583000D7E7064940F25920FAF752FBD6E7002392
:105840000593059807B0BDE8F08300BF8CC6030040
:1058500010B588B000240594069407AA06A905A8E7
:10586000F2F756FC059B0293069B01930094234696
:10587000079A13491348FFF7A9FF134B186098B113
:1058800000F048FB012810D1402383F311880F4B0F
:105890004FF0FF321A600E4B01221A600D4B0022AE
:1058A0001A60FFF7C5F903E00020B0F1FF3F01D017
:1058B00008B010BD084940F2DC70FAF711FBF7E7B9
:1058C00020C703009D5703000C7C0020107C0020A3
:1058D000247C00202C7C00208CC60300024A136824
:1058E00001331360704700BF087C0020014B18682B
:1058F000704700BF2C7C002008B5FFF72DFA014B44
:10590000186808BD2C7C0020F8B5334B1B68002BB1
:1059100056D1324B1E6801361E607EB9304B1B6873
:105920001B688BB92E4A11682E4B186810601960DD
:105930002D4A136801331360FFF7B6FD2B4B1B682C
:10594000B34233D9002740E0294940F63320FAF723
:10595000C7FAE7E70127224B1B681B6843B3204BBC
:105960001B68DB68DC6863689E4226D3251D2846D9
:10597000FFF7C6F8A36A1BB104F11800FFF7C0F8DF
:10598000E36A01229A401B49086802430A6003EB5C
:1059900083039A00294618481044FFF78DF8E26AFD
:1059A000164B1B68DB6A9A42D4D2D4E70027D2E7B1
:1059B0000E4B4FF0FF321A6007E00C4A136004E010
:1059C0000F4A13680133136000270E4B1B6803B1A5
:1059D00001273846F8BD00BF087C00202C7C002041
:1059E000787C0020747C0020187C0020107C002033
:1059F0008CC60300287C0020A47C0020307D002081
:105A0000207C00201C7C002038B5334B1B686BB118
:105A1000FFF76EF9304B1A68013A1A601B68002BC9
:105A200054D12E4B1B683BB9002450E02C494FF455
:105A30000460FAF755FAEBE700242A4B1B681BB306
:105A4000284BDB68DC6804F11800FFF759F8251DC6
:105A50002846FFF755F8E06A01238340224A11687F
:105A60000B43136000EB80002946204B03EB8000C2
:105A7000FFF722F8E26A1E4B1B68DB6A9A42DCD30E
:105A80001C4B01221A60D8E70CB1FFF70DFD1A4B31
:105A90001C687CB9174B1C68CCB1184B4FF0805276
:105AA0005A6040BFBFF34F8FBFF36F8F01240EE0EA
:105AB000013C07D0FFF728FF0028F9D00D4B012249
:105AC0001A60F5E70C4B00221A60E3E70024FFF7A9
:105AD0002DF9204638BD00BF087C0020307C002016
:105AE0008CC60300607C0020287C0020A47C002061
:105AF000307D00201C7C0020207C002000ED00E098
:105B00001F4B1B681BB11F4B01221A60704710B559
:105B10001C4B00221A601C4B1C6814B3B4FA84F4AA
:105B2000C4F11F0404EB84029300184AD358D3B184
:105B3000164904EB840293000B445A6852685A6079
:105B400004EB8400830008330B449A4211D004EB29
:105B50008404A2000D4B13445B68DA680C4B1A6096
:105B600010BD2024DCE70B494FF43560FAF7B8F993
:105B7000DEE751688200054B13445960E7E700BF38
:105B8000087C00201C7C0020287C0020A47C0020B5
:105B9000307D00208CC6030038B50C46054650B158
:105BA000084B196818312846FEF791FF012120465D
:105BB000FFF7A8FD38BD04494FF43660FAF790F9B5
:105BC000EEE700BF307D00208CC6030070B50D46A7
:105BD0001446064668B10A4B196818313046FEF77C
:105BE0006BFF0CB14FF0FF3521462846FFF78AFDC9
:105BF00070BD044940F68B30FAF772F9EBE700BF4D
:105C0000307D00208CC6030038B5C368DC6824B33F
:105C100004F118052846FEF773FF164B1B6813BBEB
:105C2000251D2846FEF76CFFE06A01238340124AD7
:105C300011680B43136000EB800029460F4B03EB08
:105C40008000FEF739FFE26A0D4B1B68DB6A9A425F
:105C50000ED901200B4B186038BD0B4940F6BB3004
:105C6000FAF73EF9D4E729460848FEF725FFEAE7A8
:105C70000020F1E7087C0020287C0020A47C002084
:105C8000307D00201C7C00208CC60300607C00203E
:105C9000034B1B680360034B1B684360704700BFE6
:105CA000187C00202C7C0020F8B50C460546B8B1C5
:105CB000E4B1FFF71DF8184B19686B68C81A226821
:105CC000B2F1FF3F20D0154E36682F68B74201D0A1
:105CD0008B421ED982420FD800232360012414E096
:105CE0000F4940F62640FAF7FBF8E1E70C4940F689
:105CF0002740FAF7F5F8DCE75B1A134423602846DF
:105D0000FFF7C6FF002400E00024FFF70FF820464D
:105D1000F8BD0124F9E700BF2C7C0020187C00208E
:105D20008CC60300014B01221A6070471C7C0020C6
:105D3000054B1B6833B1054B1B680BB10020704746
:105D40000220704701207047247C0020087C00203E
:105D5000002846D038B50446244B1B68834204D043
:105D6000234940F63B70FAF7BBF8636C4BB1636CA8
:105D7000013B6364E16A226C914234D03BB1002064
:105D800038BD1B4940F63C70FAF7AAF8EFE7251D2D
:105D90002846FEF7B5FE70B9E26A02EB82039B006B
:105DA0001449CB583BB9012303FA02F212490B689C
:105DB00023EA02030B60206CE062C0F10703A361D9
:105DC000012404FA00F30C4A11680B43136000EB42
:105DD00080002946074B03EB8000FEF76DFE20464E
:105DE000CEE7002070470020CAE700BF307D0020CA
:105DF0008CC60300A47C0020287C0020064B1A6877
:105E00001368B3FA83F35B09036013B9D3681868A6
:105E100070470020704700BF8C7F002008B54160AC
:105E2000006191420CD8D21A83699A4201D30120B1
:105E300008BD011D094B1868FEF749FE0020F7E771
:105E40009A4201D2994206D2011D054B1868FEF70D
:105E50003EFE0020ECE70120EAE700BF887F00203B
:105E60008C7F002030B583B0FEF742FF114B1B68DA
:105E70001BB1FEF75BFF03B030BD0F4D2846FEF7A8
:105E80000DFE0E4C2046FEF709FE0D4B1D600D4B1E
:105E90001C60002300930C4B0C4A10212020FFF7BC
:105EA000CBF8044B18600028E3D00949FFF7BEFA8D
:105EB000DFE700BF847F0020A47F0020907F0020C8
:105EC0008C7F0020887F0020347D00207C7D002096
:105ED00028C703002DE9F041074616461D46079CDA
:105EE000884671B15CB1FFF7BDFF2760C4F8188028
:105EF000E6612562069B6362201DFEF7DAFDBDE8C0
:105F0000F081034940F26910F9F7EAFFEAE700BFC0
:105F100030C7030010B588B0FFF7A4FF114B1B6812
:105F2000C3B100240594069407AA06A905A8F2F7B0
:105F3000FBF8059B0293069B0193022300932346E3
:105F4000079A09490948FFF741FC094B186008B155
:105F5000012005E007494FF48870F9F7C1FF0020E0
:105F600008B010BD847F0020C4C70300A9620300ED
:105F7000807F002030C703002DE9F04184B0054642
:105F80000E4690461F460B9C2C230393039B2C2B01
:105F900010D1ACB101940A9B00933B464246314676
:105FA0002846FFF797FF012384F82830204604B0E5
:105FB000BDE8F08105494FF4A370F9F791FFE8E7D8
:105FC000024940F24B10F9F78BFFEFE730C70300AF
:105FD000F0B585B00C4615461E46074698B1154BE0
:105FE000186828B3009401950297052C19DCFFF777
:105FF0009FFE02280DD000231A4669460D4800680E
:10600000FFF75AF812E00C4940F28310F9F768FFE5
:10601000E5E700230A9A694606480068FFF74CF84E
:1060200004E0002332466946FFF7FEF805B0F0BDF4
:106030000020FBE7847F002030C7030070B582B0EA
:10604000194B1B681A683AB3DB681E68DC68251DAB
:106050002846FEF755FD636A20469847E369012B01
:10606000EED1A36933449E4207D26360246129467E
:106070000D4B1868FEF72BFDE2E7002100910B465F
:1060800032462046FFF7A4FF0028D9D1074940F245
:106090006F30F9F725FFD3E7054A10680249086019
:1060A000136002B070BD00BF8C7F002030C70300BA
:1060B000887F002038B50546FFF718FC0446074BDB
:1060C0001B68834205D800232B60044B1C602046CC
:1060D00038BDFFF7B3FF01232B60F6E77C7F00207C
:1060E00070B582B006460D4613490968C968CC6888
:1060F000201DFEF705FDE169012904D0636A2046F1
:10610000984702B070BDA16933462A463144204603
:10611000FFF784FE0028F1D0002100910B463246A3
:106120002046FFF755FF0028E8D1044940F2E5106A
:10613000F9F7D6FEE2E700BF8C7F002030C70300EE
:1061400070B582B006460C46FFF7C8FB01A8FFF702
:10615000B1FF019B1BBB054644B9B0420CD3FFF70E
:1061600053FC29463046FFF7BBFF1AE00E4B1B6875
:106170001C68B4FA84F464092246711B0B4B18683E
:10618000FFF768F9FFF740FC58B9094B4FF0805210
:106190005A6040BFBFF34F8FBFF36F8F01E0FFF72F
:1061A00033FC02B070BD00BF887F0020847F0020D8
:1061B00000ED00E030B589B002E0049B002B0FDA5F
:1061C000002204A9364B1868FFF78AF8002864D02B
:1061D000049B002BF1DA07990698059B9847ECE79A
:1061E000069C636913B1201DFEF78AFC03A8FFF724
:1061F00061FF0546049B092BE2D801A252F823F067
:10620000296203002962030029620300C1610300BF
:10621000696203008B6203002962030029620300A4
:10622000C161030069620300059BA169024619442C
:106230002046FFF7F3FD0028C2D0636A2046984746
:10624000E369012BBCD1A269002100910B4605989E
:1062500002442046FFF7BCFE0028B1D1114940F2AC
:10626000FE20F9F73DFEABE7059BA3613BB1A169B9
:106270002B462A4629442046FFF7D0FDA0E70949CE
:1062800040F21530F9F72CFEF1E794F82830002B96
:1062900096D12046FEF7F8FB92E709B030BD00BF6B
:1062A000847F002030C7030000B583B001A8FFF74A
:1062B000A5FD0199FFF744FFFFF77CFFF6E700001B
:1062C000BFF34F8F0549CA6802F4E062044B1343E1
:1062D000CB60BFF34F8F00BFFDE700BF00ED00E0D4
:1062E0000400FA0508B54FF01023D3F80C3203B9B7
:1062F00008BD0F4B0122C3F804250D4BD3F8003421
:10630000002BFAD04FF010230022C3F80C22084BC8
:10631000D3F80034002BFAD0054B0022C3F8042533
:10632000034BD3F80034002BFAD0FFF7C9FF00BFAE
:1063300000E0014010B5FFF7D5FFF1F779FD044605
:10634000F1F790FD2046F1F7CFFD002010BD51EC94
:10635000102BC1F30A53002B1CBF40F2FF7C634596
:1063600000D170471844604506DB0020C7F6F07086
:1063700060F31E01002208E00028C7BF6FF31E5122
:1063800041EA005101F00041002241EC102B70471E
:1063900052EC10CBC2F30A5340F2FF718B4211BF93
:1063A000002B002101607047A3F2FE31016040F232
:1063B000FE3060F31E5242EC10CB7047000000002C
:1063C0002DE9F84F2DED028B82B050EC101B4FF0F1
:1063D000FF3202EB105240F2FE739A4280F09F802F
:1063E00001A8FFF7D5FF55EC106B00245E4B30463B
:1063F0002946002200F090F980460F464AF29E009E
:10640000C3F6E67043F6CE31C6F27F61019A711A87
:1064100075EB00000092B8BF0124002C28463146DD
:106420001CBF3846414640EC101B4FF0FF30FFF7D1
:106430008EFFB0EE408AF0EE608A4C4B3046294623
:10644000002200F069F905460E46494B51EC180B45
:10645000002C1CBF3E464546002200F05DF9024676
:106460000B462846314600F00FFB05460E46024615
:106470000B4600F071FA83468A464CF6F859C0F292
:10648000030941EC180B48460221B0EE480AF0EE31
:10649000680A00F079F8374A374B51EC100B00F0DE
:1064A0003BF980460F4609F110000321B0EE480A7F
:1064B000F0EE680A00F09CF853EC102B4046394689
:1064C00000F0E2FA5A46534600F046FA2A463346AE
:1064D00000F042FA2A46334600F01EF980460D4687
:1064E000002C009818BF013800F0D6FB06460F4676
:1064F000224A234B00F030FA42462B4600F00CF9BA
:1065000080460D461F4B30463946002200F024FAE3
:1065100042462B4600F000F941EC100B1AE0420015
:1065200042EAD1720023CFF6E0730027B7EB4107B0
:1065300073EB02020ED30022C7F6F072104207D0AE
:106540000028BCBF02F50020002140EC101B01E038
:106550009FED030B02B0BDEC028BBDE8F88F00BFCE
:10656000000000000000F0FF0000E0BF0000F0BFEE
:106570000000E03F9AB5B312FF0750C0A80C615C61
:1065800010D02BBF0030E63FF8B52DED028B00EBAD
:10659000C1070E4657E9020117ED048B54EC105B5E
:1065A0002A46234600F0D8F953EC182B00F0B4F833
:1065B00041EC100B032E10DB183F013E51EC100B89
:1065C0002A46234600F0C8F977E8022300F0A4F831
:1065D000013E41EC100B012EF0D851EC100B2A4675
:1065E000234600F0B9F941EC100BBDEC028BF8BD6D
:1065F0002DE9F041804600EBC100022915DBA0F136
:1066000008074C1C56EC105B77E8022351EC100B8A
:1066100000F082F82A46334600F09EF9013C41EC36
:10662000100B022CF0D808F1080050E9022351ECBD
:10663000100B00F071F841EC100BBDE8F0818446BE
:106640000020002918BF002A00D17047097848B2FD
:10665000002844BF6FF001007047BCF1000F18BF65
:10666000CCF800100021C3E90011002818BF012058
:1066700070477F298EBF6FF00100017001207047C5
:1066800047F6B872C2F200021368002B02BF42F64E
:106690004833C2F2000313605A68926812681047C8
:1066A0000921FFF7EDBF7F2884BF002070474DF21E
:1066B0003402C0F20302515C4CF6B472C0F2030221
:1066C000105C08407047A0F161011A2938BF2038DA
:1066D0007047A0F141011A2938BF203070477F2848
:1066E00084BF002070474DF23402C0F20302515CB7
:1066F0004CF6B472C0F20302105C08407047A0F17F
:1067000061011A2938BF20387047A0F141011A29C8
:1067100038BF20307047000030B591EA030F00F118
:106720008280841A71EB030C05D2121953EB0C030F
:10673000001B71EB0C0140F2000CCFF6E07C1CEA70
:10674000430F52D0BCEB410F5FD90C0DA4EB135E8D
:106750005FF0010C6CF31F516CF31F53DEF1200C42
:106760002AD303FA0CF5401941F1000122FA0EF583
:10677000401923FA0EF5694112FA0CF2CD0208D342
:1067800049085FEA30005FEA320228BF42F00102A6
:106790000134013C5FEA500C72F1004250F10000FC
:1067A00051EB04514FF4001313EB410F38BF30BDD0
:1067B0006FF31301002030BDBEF1200EBEF1200F9B
:1067C0001ED223FA0EF5401941F10001CEF1200C42
:1067D000124218BF012203FA0CF52A43CEE711EA50
:1067E0005C0F04BF0020002130BD1CEA410F04BF34
:1067F00001F00041002030BD01F00041002030BD1B
:1068000021F4801101EB045130BD004218BF41F06A
:106810000101BCEB410F08BF30BD4FF0FE4141F418
:106820007801002030BD83F00043841A71EB030E21
:1068300007D28EF0004E001B71EB0E01121953EBC4
:106840000E0340F2000CCFF6E07C1CEA430FC6D0EA
:10685000BCEB410F72D90C0DA4EB135EC90241EAE7
:106860005051C00241F00041DB0243EA5253D202D0
:1068700043F00043DEF1200C41D312FA0CF522FA6A
:106880000EF203FA0CF542EA050218BF42F00102CB
:1068900023FA0EF3801A9941E30AC4F30A0411F0B3
:1068A000404F03D418D0013C40004941013C23D45F
:1068B0004205C00A40EA4150C90A51EAC3715FEA81
:1068C000500C72F1004250F1000051EB045130BD08
:1068D00001002FD00020203C0029F9D0B1FA81FC22
:1068E000DCF1200E11FA0CF130FA0EF510FA0CF072
:1068F0002943A4EB0C04D9E70020D90730BDAEF141
:10690000200EBEF1200F0DD2CEF1200C03FA0CF5B3
:1069100033FA0EF32A4318BF43F00103C01A61F1A2
:106920000001B9E721F00041C00A40EA4150C90A1C
:1069300001EB045130BD0020002130BD004218BFE2
:1069400041F00101BCEB410F7FF467AFBCEB430F9B
:106950003FF463AF30BD00BFF0B540F2FF7681EA8F
:10696000030C16EA115E1EBFB64516EA1355B54272
:1069700052D021EA465141F48011A1FB024723EA9B
:10698000465343F48013AE44A0FB03650CF0004C67
:1069900036197D41A1FB034747F10003A0FB021715
:1069A000F619654153F10003094218BF46F001068C
:1069B00040F2FE74B3F5007F13D2AEF5806EA645AB
:1069C00023D24CEA0331280341EA155140EA16501C
:1069D0003203450872F1004250F1000051EB0E51B4
:1069E000F0BDAEF2FF3EA6450FD24CEAC321E8024D
:1069F00041EA555140EA5650F202450872F1004210
:106A000050F1000051EB0E51F0BD1EEA0E0F2DD5D6
:106A10000CF000410020F0BD16EA115F04BF01F048
:106A200000410020004218BF41F0010116EA135F47
:106A300004BF03F000430022124218BF43F00103D9
:106A400006EA1354B44218BFB64503D00CF0004117
:106A50000020F0BD21F0004123F00043B1EB065FC0
:106A60000CD8B3EB065F09D841B13BB10CF0004143
:106A700041F0FE4141F470010020F0BD40F2000100
:106A8000C7F6F8710020F0BD2DE9F04391EA030E3E
:106A90000EF0004E40F20007CFF6E07717EA41050E
:106AA0001EBFBD4217EA4305BD4200F09F807F0D27
:106AB00017EA135623EA475343F4801317EA115594
:106AC00021EA475141F48011AD1B05F2FD354FEA33
:106AD000D31C1CF1010C4FF00047B7FBFCF77F0102
:106AE000A2FB079C0024E3FB07C4D9F100096CEB6F
:106AF0004C0CA0FB07620020E1FB072000275FEAA7
:106B0000C628E0FB0987760D46EAC226520DF61923
:106B100000277A41E0FB0C625FEAC823E2FB0937F9
:106B20005FEA585848EAC628760D18EB0708002196
:106B30004E41E2FB0C8602EBC020DA02E6FB0921A3
:106B40005B0D43EAC8235FEA58585B18002758EBEF
:106B50000708E6FB0C38D102E8FB0917520D42EAA0
:106B6000C3225B0DD21900277B41E8FB0C2308EB05
:106B7000C6265FEAC128E3FB0987490D41EAC22125
:106B8000520DC91942F10002E3FB0C12470019EB48
:106B900008095CEB010C72EB040453EBC62047EBD5
:106BA00056530026B3F5000F7641AD190236D6F1E3
:106BB000200910FA09F4F04013FA09F21043F340E7
:106BC000E40F001943F10003B3F5001F24BF5B0875
:106BD000013540F2FE77BD4204D24EEA0551194418
:106BE000BDE8F0832D4224D5714626E0004218BF4F
:106BF00041F00101124218BF43F00103B7EB410F0E
:106C00002CBFB7EB430F1BE0B7EB410F04BFB7EB53
:106C1000430F15E017EA410F04BF17EA430F0FE0D7
:106C200017EA410FE0D017EA430F02D0B7EB430F4A
:106C3000DAD04EF0FE4141F470010020BDE8F0834F
:106C400040F20001C7F6F871F7E700BFC1F30A533D
:106C500040F21E42D21A0EDD202A0AD8CB0243EAA5
:106C6000505040F00040D04090EAE170B0EBE1704D
:106C70007047002070474B00004218BF43F00103EB
:106C800013F5001F88BF21F0004111F0004058BFEC
:106C90006FF00040704700BF10F0004160B148BF86
:106CA00040420A0D02F21D42B0FA80F3D21A984017
:106CB000C30A400503EB0251704700BFC0F3C75140
:106CC00091B142004FEA40704FEAD2014FEA3101E0
:106CD00001F16051B2F17F4F38BF704701F160514F
:106CE00018BF41F40021704710F0004100207047A8
:106CF000082938BF70470022C0E9002147F6BC715F
:106D0000C2F2000108607047042A08D350F804CB8F
:106D10000B689C4506D1043A0431032AF6D8A2B187
:106D2000D0F800C0086880EA0C0191FAA1F1B1FA2C
:106D300081F1B2EBD10F08D901F038012CFA01F240
:106D4000C840C0B2D1B2081A70470020704701781D
:106D5000002904BF0020704700214FF00132435842
:106D6000C2FA53F30431002BF9D093FAA3F0B0FA2E
:106D700080F001EBD0000438704700005AB384461D
:106D800090EA01039B071FD1830707D011F8013B4D
:106D900000F8013B013AF7D11CE08446203A09D3C0
:106DA0002DE9F007B1E8F807A0E8F807203AF9D292
:106DB000BDE8F0071C3205D451F8043B40F8043B11
:106DC000043AF9D2043205D011F8013B00F8013B36
:106DD000013AF9D16046704700220B0011001A00F9
:106DE00084465AB3830704D000F8011B013AF9D155
:106DF00024E0C9B241EA012141EA0141202A11D32C
:106E0000203A2DE9F0030B460C460D460E460F4680
:106E100088468946A0E8FA03203AFBD2BDE8F00391
:106E200020320BD0042A05D340F8041B043A05D0C5
:106E3000042AF9D200F8011B013AFBD160467047E1
:106E400008B50346007858B95A78012A07D0920746
:106E500002D5044800F00CF802225A70012008BD47
:106E60000020FCE741D0030001230370437070470A
:0A6E70000FB408B5FBF7A2FAFEE725
:106E7C0049CC0200000000004D0C03000000000093
:106E8C00D19A020000000000C57F02000000000043
:106E9C0061B0020050410020559902000000000032
:106EAC0021BB020000000000398602000000000037
:086EBC008D0B03000000000033
:106EC400E1CD020000000000B90C03000000000046
:106ED400A92003000000000051230300000000006B
:106EE4000C520020D4520020DC5200201452002006
:046EF4001800000082
:106EF800EC880300030300009089030003030000EB
:106F08009889030003030000388A03000303000084
:106F1800248B030003030000108C0300030300000C
:106F2800B08C030003030000B88C030003030000C7
:106F3800C08C030003030000C88C03000303000097
:106F4800089F030003030404D08C0300030300001C
:106F5800607E030003030404FC87030003030000AE
:106F6800D094030003030404E47D03000303040432
:106F78004898030003030404D4A003000000040499
:106F8800FCA3030000000303BCA4030000000404E6
:106F98007081030000000303D87B03000000030393
:106FA800C07D0300000003038C820300000003037C
:106FB800D47D0300000003031481030000000303D1
:106FC800107F030000000303508703000000030341
:086FD800C08503000000030363
:106FE000F8CB030000000000409E0300382B002077
:106FF000000000000000000055FA02000000000040
:04700000000000008C
:10700400819002004D2703005D36030055490300BB
:1070140041707000496E697469616C697A61746960
:107024006F6E0000436861726765000057616974A0
:1070340000000000536C6F7720436861726765201D
:10704400416E64205363616E000000004D616E75F3
:10705400616C000053746174654D616368696E65A9
:107064003A204E657720495047206461746120724C
:1070740065636569766564004368617267696E6714
:1070840020506172616D65746572733A000000008E
:107094002020567265637420646574656374696F37
:1070A4006E3A202564000000202056726563742027
:1070B4004F56503A2025640020205663686720729A
:1070C40061696C20737570706C7920636972637583
:1070D400697420706F77657220676F6F643A20253A
:1070E40064000000202043484731207374617475A4
:1070F400733A2025642C204F5650206572726F72AB
:107104003A202564000000002020434847322073C1
:1071140074617475733A2025642C204F5650206591
:1071240072726F723A202564000000005468657220
:107134006D616C20506172616D65746572733A00A3
:107144002020546865726D207265666572656E6391
:10715400653A2025640000002020546865726D2083
:107164006F757075743A20256400000020205468FF
:1071740065726D206F66667365743A20256400003D
:107184004261747465727920766F6C7461676520EE
:107194006D656173757265643A20256C64206D5663
:1071A400000000005465737420496E666F726D614F
:1071B40074696F6E3A0000002020485620537570A1
:1071C400706C7920456E61626C653A20256400001C
:1071D40020205644445320537570706C7920456EBA
:1071E40061626C653A20256400000000202056444A
:1071F400444120537570706C7920456E61626C65F2
:107204003A2025640000000053746174654D616385
:1072140068696E653A20416C6C20626174746572B1
:107224006965732063686172676564202843484711
:10723400313D256420434847323D25642050474F63
:107244004F443D256429000053746174654D6163A6
:1072540068696E653A204368617267696E67206980
:107264006E2070726F6772657373202843484731CC
:107274003D256420434847323D25642050474F4F05
:10728400443D25642900000043686172676520530A
:10729400746174653A20504D4320706F7765722095
:1072A4006F6E0A00417070207374617465206D61A3
:1072B4006368696E653A20496E697469616C697ABC
:1072C4006174696F6E20537461746520456E7472C5
:1072D400790A00004D616E75616C205374617465A8
:1072E4003A20564343207261696C204F4E2C20573C
:1072F40050542069646C652C20636F696C20484588
:107304004C44204F4646202D20707265737320270D
:10731400732720746F207472616E736D69740A0030
:107324004D616E75616C2053746174653A206D61B2
:107334006E75616C206D6F646520656E6465642C88
:10734400207368757474696E6720646F776E0A00C1
:107354004D616E75616C2053746174653A20627579
:1073640074746F6E20707265737365642C206C6521
:107374006176696E67206D616E75616C206D6F64F6
:10738400650A000052656365697665642053797304
:1073940074656D206576656E7420256420696E20A1
:1073A4007363616E20737461746500004865617273
:1073B40074626561742076616C75652025640A00C9
:1073C4005750542043686172676572204E544320BD
:1073D40054656D706572617475726520256420430F
:1073E4000A0000004261747465727920766F6C74CF
:1073F400616765206C6576656C202564206D560A8E
:107404000000000048656172746265617454696DBE
:107414006572000053797374656D416374697665B0
:107424004F626A656374000053797374656D204913
:107434006E697469616C697A6564202D2056657281
:1074440073696F6E2025642E25642E2564202825FB
:1074540073290A0048542D49452D4649482D46575D
:107464000000000053746172742073797374656D45
:1074740020696E697469616C697A6174696F6E20E0
:107484000A00000053797374656D20696E6974692C
:10749400616C697A6174696F6E20646F6E65200A2D
:1074A4000000000053797374656D20537461727425
:1074B40073204544410A000043616C6C6261636B54
:1074C40020657865637574656420666F72206576DF
:1074D400656E7420256420696E20706F7274202597
:1074E400640000004E6F2063616C6C6261636B200A
:1074F400646566696E656420666F72206576656E84
:107504007420256420696E20706F727420256400D5
:107514002F55736572732F616C657862616C647743
:10752400696E2F4465736B746F702F4F70656E4E68
:10753400657276652D436861726765722F4669725C
:107544006D776172652F536F757263652D436F6438
:10755400652F7372632F68616C5F6C617965722F3C
:1075640068616C5F6164632E63707000426174745F
:10757400657279206D6561737572656D656E7420D1
:10758400737461727465640A00000000537461725C
:1075940074696E67207363616E2E00002F557365E6
:1075A40072732F616C657862616C6477696E2F44C5
:1075B40065736B746F702F4F70656E4E6572766570
:1075C4002D436861726765722F4669726D776172C7
:1075D400652F536F757263652D436F64652F7372E6
:1075E400632F68616C5F6C617965722F68616C5F91
:1075F400626C652E63707000427574746F6E202522
:107604007520707265737365640A00004275747442
:107614006F6E2025752072656C65617365640A0060
:107624002F55736572732F616C657862616C647732
:10763400696E2F4465736B746F702F4F70656E4E57
:10764400657276652D436861726765722F4669724B
:107654006D776172652F536F757263652D436F6427
:10766400652F7372632F68616C5F6C617965722F2B
:1076740068616C5F627574746F6E2E637070000065
:10768400546F6F206D616E7920627574746F6E73C0
:107694002E204D617820616C6C6F7765643A2025EB
:1076A400640A00004572726F722077726974696EA1
:1076B4006720746F20444143207265676973746561
:1076C4007200000053746172742044465520707235
:1076D4006F636573732C20746865207379737465A4
:1076E4006D2077696C6C2072657365740D0A0000F7
:1076F4004661696C656420746F20636C65617220F7
:1077040047505245475245543A2025640D0A00001B
:107714004661696C656420746F2073657420444607
:107724005520666C61673A2025640D0A000000004C
:1077340053797374656D20726573657420666F7216
:1077440020444655206D6F64650D0A002E2E2F2EA1
:107754002E2F636F72655F6C617965722F73646B32
:107764002F6E7266352F6E5246355F53444B5F3130
:10777400372E312E305F646464653536302F6D6F7B
:1077840064756C65732F6E7266782F68616C2F6EEA
:1077940072665F6770696F2E680000002F5573650D
:1077A40072732F616C657862616C6477696E2F44C3
:1077B40065736B746F702F4F70656E4E657276656E
:1077C4002D436861726765722F4669726D776172C5
:1077D400652F536F757263652D436F64652F7372E4
:1077E400632F636F72655F6C617965722F73646B6D
:1077F4002F6E7266352F6E5246355F53444B5F31A0
:10780400372E312E305F646464653536302F636FF4
:107814006D706F6E656E74732F626C652F636F6D20
:107824006D6F6E2F626C655F636F6E6E5F737461F4
:1078340074652E6300000000546865206C6F6361FA
:107844006C20646174616261736520686173206394
:1078540068616E6765642C20736F20736F6D65209B
:10786400737562736372697074696F6E7320746F79
:10787400206E6F74696669636174696F6E732061E9
:107884006E6420696E6469636174696F6E732063EA
:107894006F756C64206E6F742062652072657374FA
:1078A4006F72656420666F7220636F6E6E5F6861CD
:1078B4006E646C65202564006773636D5F6C6F6331
:1078C400616C5F64625F63616368655F6170706C63
:1078D4007928292072657475726E65642025732079
:1078E40077686963682073686F756C64206E6F7461
:1078F4002068617070656E2E20636F6E6E5F6861C4
:107904006E646C653A202564000000002E2E2F2E34
:107914002E2F636F72655F6C617965722F73646B70
:107924002F6E7266352F6E5246355F53444B5F316E
:10793400372E312E305F646464653536302F636FC3
:107944006D706F6E656E74732F6C696272617269AB
:1079540065732F6D757465782F6E72665F6D7478BC
:107964002E6800002F55736572732F616C65786201
:10797400616C6477696E2F4465736B746F702F4FFD
:1079840070656E4E657276652D43686172676572C7
:107994002F4669726D776172652F536F75726365D7
:1079A4002D436F64652F7372632F636F72655F6C11
:1079B400617965722F73646B2F6E7266352F6E5208
:1079C40046355F53444B5F31372E312E305F64644C
:1079D40064653536302F636F6D706F6E656E7473CA
:1079E4002F626C652F706565725F6D616E6167658E
:1079F400722F676174745F63616368655F6D616E44
:107A0400616765722E630000466C61736820667559
:107A14006C6C2E20436F756C64206E6F74207374CD
:107A24006F7265206461746120666F7220636F6E8B
:107A34006E5F68616E646C653A2025640000000026
:107A44006773636D5F6C6F63616C5F64625F6361D6
:107A54006368655F75706461746528292072657454
:107A640075726E656420257320666F7220636F6E75
:107A74006E5F68616E646C653A20256400000000E6
:107A84006773636D5F736572766963655F6368616D
:107A94006E6765645F696E645F73656E6428292030
:107AA40072657475726E656420257320666F72202A
:107AB400636F6E6E5F68616E646C653A2025640066
:107AC40043415220636861722076616C756520635E
:107AD4006F756C646E27742062652073746F7265B1
:107AE4006420286572726F723A202573292E205201
:107AF40065617474656D70742077696C6C2068615D
:107B04007070656E206F6E20746865206E65787481
:107B140020636F6E6E656374696F6E2E00000000E3
:107B2400556E6578706563746564204741545420CC
:107B3400737461747573207768696C652067657404
:107B440074696E67204341522063686172207661D4
:107B54006C75653A20307825780000004D756C749A
:107B640069706C652028256429204341522063688C
:107B74006172616374657269737469637320666F9B
:107B8400756E642C207573696E6720746865206651
:107B9400697273742E000000556E657870656374A5
:107BA4006564204341522063686172616374657245
:107BB40069737469632076616C7565206C656E67A2
:107BC400746820282564292C2073746F7265203012
:107BD4002E000000706565725F6D616E616765728D
:107BE4005F67636D000000007064735F70656572A9
:107BF4005F646174615F73746F72652829207265B4
:107C04007475726E6564202573207768696C6520CD
:107C140073746F72696E6720736572766963652029
:107C24006368616E676564737461746520666F72FE
:107C340020706565722069642025642E00000000B0
:107C44007064625F706565725F646174615F7074B3
:107C5400725F67657428292072657475726E656435
:107C640020257320666F7220636F6E6E5F68616E8D
:107C7400646C653A2025640044696420616E6F7405
:107C840068657220746872656164206D616E6970E4
:107C9400756C61746520504D5F504545525F444199
:107CA40054415F49445F474154545F4C4F43414CF6
:107CB40020666F7220706565725F69642025642098
:107CC4006174207468652073616D652074696D65E5
:107CD4003F207064625F77726974655F6275665F86
:107CE40072656C6561736528292072657475726E9E
:107CF40065642025732E000073645F626C655F67A2
:107D0400617474735F7379735F617474725F7365A4
:107D14007428292072657475726E6564204E52460B
:107D24005F4552524F525F494E56414C49445F445D
:107D340041544120666F72204E554C4C20706F693F
:107D44006E7465722077686963682073686F756CF8
:107D540064206E657665722068617070656E2E2091
:107D6400636F6E6E5F68616E646C653A20256400B3
:107D740073645F626C655F67617474735F696E6975
:107D84007469616C5F757365725F68616E646C655C
:107D94005F67657428292072657475726E65642046
:107DA40025732077686963682073686F756C642035
:107DB4006E6F742068617070656E2E0070656572F8
:107DC4005F6D616E616765725F6773636D0000006C
:107DD400706565725F6D616E616765725F696D0084
:107DE4006E72665F626C655F6761747400000000A8
:107DF400424C455F4741505F5343414E5F54494DA8
:107E0400454F555400000000436F6E6E65637469FE
:107E14006E670000436F6E6E656374696F6E2073E6
:107E240074617475733A20256400000073645F62A2
:107E34006C655F6761705F7363616E5F73746172B9
:107E4400742072657475726E6564203078257800CC
:107E54005363616E6E696E6700000000626C655F5B
:107E64007363616E00000000436F756C64206E6F75
:107E7400742064656C657465207065657220646146
:107E840074612E206664735F66696C655F64656CFB
:107E940065746528292072657475726E6564203076
:107EA40078257820666F7220706565725F69643A20
:107EB40020256400436F756C64206E6F74207772A4
:107EC400697465206461746120746F20666C6173E9
:107ED400682E206664735F7265636F72645F7B777C
:107EE400726974657C7570646174657D282920727B
:107EF400657475726E656420307825782E207065FF
:107F040065725F69643A20256400000070656572DB
:107F14005F6D616E616765725F706473000000007D
:107F2400706D5F6275666665725F7074725F6765B7
:107F340074282920636F756C64206E6F74207265D9
:107F44007472696576652052414D20627566666576
:107F5400722E20626C6F636B5F69643A2025640043
:107F64007064735F706565725F646174615F73747C
:107F74006F726528292072657475726E6564202598
:107F8400732E20706565725F69643A202564000071
:107F9400536F6D652070656572206461746120772C
:107FA4006173206E6F742070726F7065726C7920CB
:107FB4007772697474656E20746F20666C6173687F
:107FC4002E2077726974655F6275665F73746F7271
:107FD4006528292072657475726E65642025732086
:107FE400666F7220706565725F69643A202564006B
:107FF40043616E6E6F742073746F72652064617474
:108004006120746F20666C617368206265636175BA
:10801400736520706D5F6275666665725F707472F9
:108024005F676574282920636F756C64206E6F74B4
:108034002072657472696576652052414D206275BF
:10804400666665722E20497320626C6F636B5F698C
:1080540064202564206E6F7420616C6C6F6361749E
:1080640065643F007064625F77726974655F62750E
:10807400665F72656C656173652829207265747525
:10808400726E65642025732077686963682073685D
:108094006F756C64206E6F742068617070656E2EED
:1080A40020706565725F69643A2025642C206461E0
:1080B40074615F69643A202564000000506565724C
:1080C40020494420256420776173206E6F742070EA
:1080D400726F7065726C792072656C65617365642A
:1080E4002E207064735F706565725F69645F667289
:1080F400656528292072657475726E656420257320
:108104002E20706565725F69643A20256400000062
:10811400706565725F6D616E616765725F706462E0
:1081240000000000436F756C64206E6F74207265EC
:108134007472656976652072616E6B732E2070644B
:10814400625F706565725F646174615F6C6F6164C6
:1081540028292072657475726E65642025732E203B
:10816400706565725F69643A2025640070656572A4
:108174005F6D616E61676572000000005570646137
:108184007465000044656C65746500004F75746423
:1081940061746564202830290000000053657276FC
:1081A400696365206368616E6765642070656E64E9
:1081B400696E6720666C6167000000004F75746427
:1081C4006174656420283229000000004F757464CE
:1081D4006174656420283329000000004170706CCC
:1081E40069636174696F6E206461746100000000EA
:1081F40052656D6F746520646174616261736500BA
:10820400506565722072616E6B000000426F6E648F
:10821400696E672064617461000000004C6F6361E3
:108224006C206461746162617365000043656E74FF
:1082340072616C2061646472657373207265736F1C
:108244006C7574696F6E0000456E63727970746941
:108254006F6E0000426F6E64696E670050616972F0
:10826400696E6700496E76616C696420526F6C6553
:10827400000000005065726970686572616C0000EE
:1082840043656E7472616C00706565725F6D616EDA
:10829400616765725F68616E646C657200000000FE
:1082A400496E7465726E616C206572726F723A20E9
:1082B4002573207265636569766564204E554C4C60
:1082C40020666F7220705F7365635F6B6579736599
:1082D400742E0000436F756C64206E6F7420726599
:1082E4007472696576652052414D206275666665D3
:1082F4007220666F7220696E636F6D696E672062AB
:108304006F6E642E207064625F77726974655F6259
:1083140075665F67657428292072657475726E6569
:10832400642025732E20636F6E6E5F68616E646CCB
:10833400653A202564000000696D5F626C655F61C9
:108344006464725F67657428292072657475726E3F
:1083540065642025732E20636F6E6E5F68616E64A2
:108364006C653A2025642E204C696E6B207761730E
:10837400206C696B656C7920646973636F6E6E65DC
:10838400637465642E000000436F756C64206E6F27
:108394007420636C65616E2075702061667465720B
:1083A400206661696C656420626F6E64696E672023
:1083B40070726F6365647572652E207064625F7796
:1083C400726974655F6275665F72656C6561736519
:1083D40028292072657475726E65642025732E20B9
:1083E400636F6E6E5F68616E646C653A2025642EFF
:1083F4000000000073645F626C655F6761705F73A7
:1084040065635F696E666F5F7265706C7928292099
:1084140072657475726E6564204E52465F45524FA4
:10842400525F494E56414C49445F53544154452C84
:1084340020776869636820697320616E6572726F62
:108444007220756E6C65737320746865206C696E38
:108454006B20697320646973636F6E6E65637469FE
:108464006E672E00436F756C64206E6F7420636FAB
:108474006D706C65746520656E6372797074696F74
:108484006E2070726F6365647572652E2073645F0D
:10849400626C655F6761705F7365635F696E666F69
:1084A4005F7265706C7928292072657475726E65C7
:1084B400642025732E20636F6E6E5F68616E646C3A
:1084C400653A2025642C20706565725F69643A20E2
:1084D40025642E0052414D206275666665722066E1
:1084E4006F72206E657720626F6E642077617320EF
:1084F400756E617661696C61626C652E2070646270
:108504005F77726974655F6275665F676574282951
:108514002072657475726E65642025732E20636FF6
:108524006E6E5F68616E646C653A2025642E00008F
:10853400436F756C64206E6F7420616C6C6F636143
:108544007465206E657720706565725F6964206666
:108554006F7220696E636F6D696E6720626F6E64FF
:108564002E000000436F756C64206E6F742073746A
:108574006F726520626F6E642E207064625F777222
:108584006974655F6275665F73746F72652829200C
:1085940072657475726E65642025732E20636F6E28
:1085A4006E5F68616E646C653A2025642C2070658A
:1085B40065725F69643A2025640000007065657225
:1085C4005F6D616E616765725F736D6400000000CA
:1085D40043616E6E6F7420736563757265206C6998
:1085E4006E6B2062656361757365206120707265CE
:1085F40076696F7573207365637572697479207019
:10860400726F63656475726520656E646564206964
:108614006E2074696D656F75742E20446973636F81
:108624006E6E65637420616E642072657472792E57
:1086340020736D645F706172616D735F7265706CDD
:10864400792829206F7220736D645F6C696E6B5F8B
:1086540073656375726528292072657475726E6519
:1086640064204E52465F4552524F525F54494D4525
:108674004F55542E20636F6E6E5F68616E646C6537
:108684003A20256400000000436F756C64206E6F0F
:108694007420706572666F726D207365637572699C
:1086A40074792070726F6365647572652E20736DC2
:1086B400645F706172616D735F7265706C79282993
:1086C400206F7220736D645F6C696E6B5F7365639A
:1086D40075726528292072657475726E656420252B
:1086E400732E20636F6E6E5F68616E646C653A20F2
:1086F40025640000436F756C64206E6F7420706590
:1087040072666F726D207365637572697479207017
:10871400726F6365647572652E20736D645F6C6936
:108724006E6B5F7365637572652829207265747555
:10873400726E65642025732E20636F6E6E5F6861B0
:108744006E646C653A2025640000000070656572F3
:108754005F6D616E616765725F736D002F55736540
:1087640072732F616C657862616C6477696E2F44F3
:1087740065736B746F702F4F70656E4E657276659E
:108784002D436861726765722F4669726D776172F5
:10879400652F536F757263652D436F64652F737214
:1087A400632F636F72655F6C617965722F73646B9D
:1087B4002F6E7266352F6E5246355F53444B5F31D0
:1087C400372E312E305F646464653536302F696E20
:1087D400746567726174696F6E2F6E7266782F6C40
:1087E40065676163792F6E72665F6472765F636C2E
:1087F4006F636B2E63000000636C6F636B0000009B
:108804002E2E2F2E2E2F636F72655F6C6179657229
:108814002F73646B2F6E7266352F6E5246355F531D
:10882400444B5F31372E312E305F646464653536D6
:10883400302F696E746567726174696F6E2F6E7222
:1088440066782F6E7266785F676C75652E680000B7
:108854002F55736572732F616C657862616C6477F0
:10886400696E2F4465736B746F702F4F70656E4E15
:10887400657276652D436861726765722F46697209
:108884006D776172652F536F757263652D436F64E5
:10889400652F7372632F636F72655F6C61796572A4
:1088A4002F73646B2F6E7266352F6E5246355F538D
:1088B400444B5F31372E312E305F64646465353646
:1088C400302F6D6F64756C65732F6E7266782F64CC
:1088D4007269766572732F7372632F6E7266785F36
:1088E400636C6F636B2E6300434C4F434B0000007B
:1088F4002F55736572732F616C657862616C647750
:10890400696E2F4465736B746F702F4F70656E4E74
:10891400657276652D436861726765722F46697268
:108924006D776172652F536F757263652D436F6444
:10893400652F7372632F636F72655F6C6179657203
:108944002F73646B2F6E7266352F6E5246355F53EC
:10895400444B5F31372E312E305F646464653536A5
:10896400302F6D6F64756C65732F6E7266782F642B
:108974007269766572732F7372632F6E7266785F95
:108984006770696F74652E63000000004750494F9B
:1089940054450000505049002F55736572732F6180
:1089A4006C657862616C6477696E2F4465736B746F
:1089B4006F702F4F70656E4E657276652D436861DA
:1089C400726765722F4669726D776172652F536F96
:1089D400757263652D436F64652F7372632F636FC4
:1089E40072655F6C617965722F73646B2F6E72664A
:1089F400352F6E5246355F53444B5F31372E312E3F
:108A0400305F646464653536302F6D6F64756C65F2
:108A1400732F6E7266782F647269766572732F7322
:108A240072632F7072732F6E7266785F7072732E1A
:108A340063000000505253002E2E2F2E2E2F636FF2
:108A440072655F6C617965722F73646B2F6E7266E9
:108A5400352F6E5246355F53444B5F31372E312EDE
:108A6400305F646464653536302F6D6F64756C6592
:108A7400732F6E7266782F68616C2F6E72665F70EA
:108A8400776D2E68000000002F55736572732F6197
:108A94006C657862616C6477696E2F4465736B747E
:108AA4006F702F4F70656E4E657276652D436861E9
:108AB400726765722F4669726D776172652F536FA5
:108AC400757263652D436F64652F7372632F636FD3
:108AD40072655F6C617965722F73646B2F6E726659
:108AE400352F6E5246355F53444B5F31372E312E4E
:108AF400305F646464653536302F6D6F64756C6502
:108B0400732F6E7266782F647269766572732F7331
:108B140072632F6E7266785F70776D2E630000004B
:108B240050574D002F55736572732F616C657862D1
:108B3400616C6477696E2F4465736B746F702F4F2B
:108B440070656E4E657276652D43686172676572F5
:108B54002F4669726D776172652F536F7572636505
:108B64002D436F64652F7372632F636F72655F6C3F
:108B7400617965722F73646B2F6E7266352F6E5236
:108B840046355F53444B5F31372E312E305F64647A
:108B940064653536302F6D6F64756C65732F6E7236
:108BA40066782F647269766572732F7372632F6EA1
:108BB4007266785F73616164632E63002E2E2F2EBC
:108BC4002E2F636F72655F6C617965722F73646BAE
:108BD4002F6E7266352F6E5246355F53444B5F31AC
:108BE400372E312E305F646464653536302F6D6FF7
:108BF40064756C65732F6E7266782F68616C2F6E66
:108C040072665F73616164632E680000534141447E
:108C1400430000002F55736572732F616C65786291
:108C2400616C6477696E2F4465736B746F702F4F3A
:108C340070656E4E657276652D4368617267657204
:108C44002F4669726D776172652F536F7572636514
:108C54002D436F64652F7372632F636F72655F6C4E
:108C6400617965722F73646B2F6E7266352F6E5245
:108C740046355F53444B5F31372E312E305F646489
:108C840064653536302F6D6F64756C65732F6E7245
:108C940066782F647269766572732F7372632F6EB0
:108CA4007266785F7370696D2E6300005350494D8E
:108CB4000000000054494D455200000055415254F3
:108CC4000000000055415254450000006170705F7F
:108CD400627574746F6E0000534F46544445564990
:108CE40043453A20415353455254494F4E2046413F
:108CF400494C454400000000534F465444455649EE
:108D040043453A20494E56414C4944204D454D4F28
:108D140052592041434345535300000041535345A6
:108D24005254494F4E204641494C454420617420D9
:108D340025733A25750000004552524F522025757F
:108D4400205B25735D2061742025733A25750D0A17
:108D540050432061743A2030782530387800000080
:108D6400456E64206F66206572726F722072657042
:108D74006F727400554E4B4E4F574E204641554C22
:108D84005420617420307825303858002F5573658D
:108D940072732F616C657862616C6477696E2F44BD
:108DA40065736B746F702F4F70656E4E6572766568
:108DB4002D436861726765722F4669726D776172BF
:108DC400652F536F757263652D436F64652F7372DE
:108DD400632F636F72655F6C617965722F73646B67
:108DE4002F6E7266352F6E5246355F53444B5F319A
:108DF400372E312E305F646464653536302F636FEF
:108E04006D706F6E656E74732F6C696272617269D6
:108E140065732F7574696C2F6170705F7574696CFC
:108E24005F706C6174666F726D2E63002F5573658D
:108E340072732F616C657862616C6477696E2F441C
:108E440065736B746F702F4F70656E4E65727665C7
:108E54002D436861726765722F4669726D7761721E
:108E6400652F536F757263652D436F64652F73723D
:108E7400632F636F72655F6C617965722F73646BC6
:108E84002F6E7266352F6E5246355F53444B5F31F9
:108E9400372E312E305F646464653536302F636F4E
:108EA4006D706F6E656E74732F6C69627261726936
:108EB40065732F6664732F6664732E63000000006D
:108EC40048415244204641554C5420617420307826
:108ED4002530385800000000202052303A2020303D
:108EE4007825303858202052313A202030782530E7
:108EF4003858202052323A202030782530385820F3
:108F04002052333A202030782530385800000000B1
:108F140020205231323A2030782530385820204CE5
:108F2400523A202030782530385820205053523A75
:108F34002030782530385800537461636B2076698B
:108F44006F6C6174696F6E3A20737461636B207027
:108F54006F696E746572206F7574736964652073CC
:108F64007461636B20617265612E000043617573E7
:108F7400653A204275734661756C74206F6E20618A
:108F840020766563746F72207461626C652072650B
:108F9400616420647572696E6720657863657074B6
:108FA400696F6E2070726F63657373696E672E00EC
:108FB40043617573653A2025732E00004D656D4D30
:108FC400616E616765204661756C742041646472EA
:108FD4006573733A20307825303858004275732011
:108FE4004661756C7420416464726573733A203011
:108FF40078253038580000005468652070726F631B
:109004006573736F722068617320617474656D7029
:1090140074656420746F2065786563757465206178
:109024006E20756E646566696E656420696E73741E
:1090340072756374696F6E005468652070726F6333
:109044006573736F7220617474656D7074656420E8
:1090540061206C6F6164206F722073746F7265207D
:1090640061742061206C6F636174696F6E20746831
:10907400617420646F6573206E6F74207065726D07
:10908400697420746865206F7065726174696F6EAD
:1090940000000000556E737461636B20666F72206C
:1090A400616E20657863657074696F6E2072657493
:1090B40075726E2068617320636175736564206FD7
:1090C4006E65206F72206D6F7265206163636573D6
:1090D400732076696F6C6174696F6E7300000000B1
:1090E400537461636B696E6720666F7220616E20D2
:1090F400657863657074696F6E20656E747279202B
:1091040068617320636175736564206F6E65206F99
:1091140072206D6F72652061636365737320766975
:109124006F6C6174696F6E730000000041204D65BF
:109134006D4D616E616765206661756C74206F6347
:1091440063757272656420647572696E6720666CFB
:109154006F6174696E672D706F696E74206C617ACB
:1091640079207374617465207072657365727661B9
:1091740074696F6E00000000496E737472756374D5
:10918400696F6E20627573206572726F72000000E1
:109194004461746120627573206572726F72202855
:1091A40050432076616C756520737461636B6564EC
:1091B40020666F72207468652065786365707469D1
:1091C4006F6E2072657475726E20706F696E747341
:1091D40020746F2074686520696E7374727563748B
:1091E400696F6E20746861742063617573656420AF
:1091F400746865206661756C74290000446174614B
:1092040020627573206572726F722028726574759E
:10921400726E206164647265737320696E20746871
:109224006520737461636B206672616D6520697378
:10923400206E6F742072656C6174656420746F2095
:1092440074686520696E737472756374696F6E20D7
:109254007468617420636175736564207468652043
:109264006572726F72290000556E737461636B20AE
:10927400666F7220616E20657863657074696F6EC5
:109284002072657475726E206861732063617573F2
:109294006564206F6E65206F72206D6F7265204269
:1092A40075734661756C74730000000053746163D8
:1092B4006B696E6720666F7220616E2065786365E6
:1092C4007074696F6E20656E7472792068617320A2
:1092D400636175736564206F6E65206F72206D6FB6
:1092E4007265204275734661756C747300000000EA
:1092F4004120627573206661756C74206F636375B9
:109304007272656420647572696E6720666C6F6141
:1093140074696E672D706F696E74206C617A792040
:1093240073746174652070726573657276617469B3
:109334006F6E00005468652070726F636573736F9D
:10934400722068617320617474656D707465642043
:10935400746F206578656375746520616E20696E2D
:10936400737472756374696F6E2074686174206DB0
:10937400616B657320696C6C6567616C20757365DE
:10938400206F662074686520455053520000000029
:109394005468652070726F636573736F72206861BF
:1093A4007320617474656D7074656420616E2069E6
:1093B4006C6C6567616C206C6F6164206F6620451E
:1093C40058435F52455455524E20746F207468655B
:1093D4002050432C206173206120726573756C7476
:1093E400206F6620616E20696E76616C696420630B
:1093F4006F6E746578742C206F7220616E20696EB4
:1094040076616C6964204558435F52455455524E09
:109414002076616C756500005468652070726F6316
:109424006573736F722068617320617474656D7005
:1094340074656420746F20616363657373206120B5
:10944400636F70726F636573736F72005468652025
:1094540070726F636573736F7220686173206D61DE
:10946400646520616E20756E616C69676E65642049
:109474006D656D6F727920616363657373000000BD
:109484005468652070726F636573736F72206861CE
:109494007320657865637574656420616E20534438
:1094A4004956206F72205544495620696E73747270
:1094B400756374696F6E20776974682061206469CC
:1094C4007669736F72206F66203000006861726481
:1094D4006661756C740000002F55736572732F619B
:1094E4006C657862616C6477696E2F4465736B7424
:1094F4006F702F4F70656E4E657276652D4368618F
:10950400726765722F4669726D776172652F536F4A
:10951400757263652D436F64652F7372632F636F78
:1095240072655F6C617965722F73646B2F6E7266FE
:10953400352F6E5246355F53444B5F31372E312EF3
:10954400305F646464653536302F636F6D706F6EA1
:10955400656E74732F6C69627261726965732F62D0
:10956400616C6C6F632F6E72665F62616C6C6F63AB
:109574002E6300002F55736572732F616C657862DA
:10958400616C6477696E2F4465736B746F702F4FD1
:1095940070656E4E657276652D436861726765729B
:1095A4002F4669726D776172652F536F75726365AB
:1095B4002D436F64652F7372632F636F72655F6CE5
:1095C400617965722F73646B2F6E7266352F6E52DC
:1095D40046355F53444B5F31372E312E305F646420
:1095E40064653536302F65787465726E616C2F66EC
:1095F4007072696E74662F6E72665F667072696EE1
:1096040074662E63000000002F55736572732F611A
:109614006C657862616C6477696E2F4465736B74F2
:109624006F702F4F70656E4E657276652D4368615D
:10963400726765722F4669726D776172652F536F19
:10964400757263652D436F64652F7372632F636F47
:1096540072655F6C617965722F73646B2F6E7266CD
:10966400352F6E5246355F53444B5F31372E312EC2
:10967400305F646464653536302F65787465726E66
:10968400616C2F667072696E74662F6E72665F66A7
:109694007072696E74665F666F726D61742E6300BA
:1096A400705F667300000000257320636865636B58
:1096B400206661696C656420696E20257328292001
:1096C400776974682076616C756520307825782E0A
:1096D40000000000705F617069000000705F6673D5
:1096E4002D3E705F61706900705F64657374000083
:1096F4006C656E00616464725F69735F616C696755
:109704006E65643332287372632900006164647285
:109714005F69735F77697468696E5F626F756E64A1
:109724007328705F66732C207372632C206C656ED3
:1097340029000000705F73726300000021286C65CB
:109744006E202520705F66732D3E705F666C6173BA
:10975400685F696E666F2D3E70726F6772616D5FD0
:10976400756E697429000000616464725F69735FD7
:10977400616C69676E6564333228646573742900AB
:10978400616464725F69735F616C69676E65643399
:1097940032282875696E7433325F7429705F73726E
:1097A40063290000616464725F69735F7769746838
:1097B400696E5F626F756E647328705F66732C20C8
:1097C400646573742C206C656E2900006164647296
:1097D4005F69735F706167655F616C69676E65641B
:1097E40028705F66732C20706167655F61646472C2
:1097F40029000000616464725F69735F776974684B
:10980400696E5F626F756E647328705F66732C2077
:10981400706167655F616464722C20286C656E20DA
:109824002A20705F66732D3E705F666C6173685F9B
:10983400696E666F2D3E65726173655F756E6974DE
:10984400292900006E72665F6673746F72616765C2
:10985400000000002F55736572732F616C65786288
:10986400616C6477696E2F4465736B746F702F4FEE
:1098740070656E4E657276652D43686172676572B8
:109884002F4669726D776172652F536F75726365C8
:109894002D436F64652F7372632F636F72655F6C02
:1098A400617965722F73646B2F6E7266352F6E52F9
:1098B40046355F53444B5F31372E312E305F64643D
:1098C40064653536302F636F6D706F6E656E7473BB
:1098D4002F6C69627261726965732F6D656D6F6259
:1098E4006A2F6E72665F6D656D6F626A2E6300002B
:1098F4002F55736572732F616C657862616C647740
:10990400696E2F4465736B746F702F4F70656E4E64
:10991400657276652D436861726765722F46697258
:109924006D776172652F536F757263652D436F6434
:10993400652F7372632F636F72655F6C61796572F3
:109944002F73646B2F6E7266352F6E5246355F53DC
:10995400444B5F31372E312E305F64646465353695
:10996400302F636F6D706F6E656E74732F6C6962E8
:109974007261726965732F6578706572696D656E61
:1099840074616C5F73656374696F6E5F7661727323
:109994002F6E72665F73656374696F6E5F69746559
:1099A400722E63004E52465F535543434553530052
:1099B4004E52465F4552524F525F5356435F4841A1
:1099C4004E444C45525F4D495353494E47000000A5
:1099D4004E52465F4552524F525F534F4654444590
:1099E400564943455F4E4F545F454E41424C4544B2
:1099F400000000004E52465F4552524F525F494E9E
:109A04005445524E414C00004E52465F4552524F0F
:109A1400525F4E4F5F4D454D000000004E52465F71
:109A24004552524F525F4E4F545F464F554E44007D
:109A34004E52465F4552524F525F4E4F545F5355FC
:109A440050504F52544544004E52465F4552524F77
:109A5400525F494E56414C49445F504152414D007A
:109A64004E52465F4552524F525F494E56414C4901
:109A7400445F5354415445004E52465F4552524F41
:109A8400525F494E56414C49445F4C454E475448F9
:109A9400000000004E52465F4552524F525F494EFD
:109AA40056414C49445F464C414753004E52465F31
:109AB4004552524F525F494E56414C49445F4441CE
:109AC400544100004E52465F4552524F525F44414A
:109AD40054415F53495A45004E52465F4552524FD6
:109AE400525F54494D454F55540000004E52465F55
:109AF4004552524F525F4E554C4C00004E52465FF9
:109B04004552524F525F464F5242494444454E00DB
:109B14004E52465F4552524F525F494E56414C4950
:109B2400445F4144445200004E52465F4552524FF6
:109B3400525F4255535900004E52465F4552524FB0
:109B4400525F434F4E4E5F434F554E54000000004A
:109B54004E52465F4552524F525F5245534F5552F3
:109B6400434553004E52465F4552524F525F4D4F4C
:109B740044554C455F4E4F545F494E495449414CFE
:109B8400495A4544000000004E52465F4552524F28
:109B9400525F4D555445585F494E49545F464149BB
:109BA4004C4544004E52465F4552524F525F4D550C
:109BB4005445585F4C4F434B5F4641494C45440024
:109BC4004E52465F4552524F525F4D555445585F71
:109BD400554E4C4F434B5F4641494C4544000000B1
:109BE4004E52465F4552524F525F4D555445585F51
:109BF400434F4E445F494E49545F4641494C4544A6
:109C0400000000004E52465F4552524F525F4D4F86
:109C140044554C455F414C52454144595F494E4976
:109C24005449414C495A4544000000004E52465F95
:109C34004552524F525F53544F524147455F465528
:109C44004C4C00004E52465F4552524F525F4150B9
:109C5400495F4E4F545F494D504C454D454E544518
:109C6400440000004E52465F4552524F525F4645F3
:109C740041545552455F4E4F545F454E41424C4509
:109C8400440000004E52465F4552524F525F494FC6
:109C94005F50454E44494E47000000004E52465F17
:109CA4004552524F525F4452565F5457495F455292
:109CB400525F4F56455252554E0000004E52465F79
:109CC4004552524F525F4452565F5457495F455272
:109CD400525F414E41434B004E52465F4552524FF4
:109CE400525F4452565F5457495F4552525F444E47
:109CF40041434B004E52465F4552524F525F424CD5
:109D0400455F495053505F52585F504B545F545213
:109D1400554E4341544544004E52465F4552524FBE
:109D2400525F424C455F495053505F4348414E4E49
:109D3400454C5F414C52454144595F455849535441
:109D4400530000004E52465F4552524F525F424C00
:109D5400455F495053505F4C494E4B5F4449534310
:109D64004F4E4E4543544544000000004E52465F5A
:109D74004552524F525F424C455F495053505F50D9
:109D84004545525F52454A4543544544000000004E
:109D94002F55736572732F616C657862616C64779B
:109DA400696E2F4465736B746F702F4F70656E4EC0
:109DB400657276652D436861726765722F466972B4
:109DC4006D776172652F536F757263652D436F6490
:109DD400652F7372632F636F72655F6C617965724F
:109DE4002F73646B2F6E7266352F6E5246355F5338
:109DF400444B5F31372E312E305F646464653536F1
:109E0400302F636F6D706F6E656E74732F6C696243
:109E14007261726965732F6C6F672F7372632F6E33
:109E240072665F6C6F675F64656661756C745F62B0
:109E340061636B656E64732E630000007274745FFB
:109E44006C6F675F6261636B656E64002F55736549
:109E540072732F616C657862616C6477696E2F44EC
:109E640065736B746F702F4F70656E4E6572766597
:109E74002D436861726765722F4669726D776172EE
:109E8400652F536F757263652D436F64652F73720D
:109E9400632F636F72655F6C617965722F73646B96
:109EA4002F6E7266352F6E5246355F53444B5F31C9
:109EB400372E312E305F646464653536302F636F1E
:109EC4006D706F6E656E74732F6C69627261726906
:109ED40065732F6C6F672F7372632F6E72665F6C7E
:109EE4006F675F66726F6E74656E642E6300000048
:109EF4004261636B656E647320666C757368656438
:109F040000000000617070001B5B313B33316D0059
:109F140025734C6F67732064726F707065642028BA
:109F240025642925730D0A001B5B306D00000000B9
:109F3400257300003C25733E2025733A2000000061
:109F44002025303278000000202020007C00000012
:109F540025630000200000001B5B313B33306D00A3
:109F64001B5B313B33326D001B5B313B33336D0084
:109F74001B5B313B33346D001B5B313B33356D0070
:109F84001B5B313B33366D001B5B313B33376D005C
:109F94007761726E696E6700696E666F000000001B
:109FA40064656275670000005465726D696E616C6A
:109FB40000000000525454005345474745520000E6
:109FC400537461746520726571756573743A2030D9
:109FD40078253038580000004E6F74696679206F18
:109FE4006273657276657220307825303858203D6A
:109FF4003E207265616479004E6F74696679206FE2
:10A004006273657276657220307825303858203D49
:10A014003E20626C6F636B696E67000053746174F9
:10A0240065206368616E67653A203078253038585A
:10A03400000000002F55736572732F616C657862A0
:10A04400616C6477696E2F4465736B746F702F4F06
:10A0540070656E4E657276652D43686172676572D0
:10A064002F4669726D776172652F536F75726365E0
:10A074002D436F64652F7372632F636F72655F6C1A
:10A08400617965722F73646B2F6E7266352F6E5211
:10A0940046355F53444B5F31372E312E305F646455
:10A0A40064653536302F636F6D706F6E656E7473D3
:10A0B4002F736F66746465766963652F636F6D6D66
:10A0C4006F6E2F6E72665F7364682E63000000000B
:10A0D4006E72665F736468002F55736572732F61C7
:10A0E4006C657862616C6477696E2F4465736B7418
:10A0F4006F702F4F70656E4E657276652D43686183
:10A10400726765722F4669726D776172652F536F3E
:10A11400757263652D436F64652F7372632F636F6C
:10A1240072655F6C617965722F73646B2F6E7266F2
:10A13400352F6E5246355F53444B5F31372E312EE7
:10A14400305F646464653536302F636F6D706F6E95
:10A15400656E74732F736F66746465766963652FB7
:10A16400636F6D6D6F6E2F6E72665F7364685F628E
:10A174006C652E630000000073645F626C655F634E
:10A1840066675F73657428292072657475726E65DD
:10A1940064202573207768656E20617474656D7022
:10A1A40074696E6720746F2073657420424C455F38
:10A1B400434F4E4E5F4346475F4741502E000000D9
:10A1C40073645F626C655F6366675F736574282997
:10A1D4002072657475726E656420257320776865D6
:10A1E4006E20617474656D7074696E6720746F207D
:10A1F40073657420424C455F4741505F4346475F57
:10A20400524F4C455F434F554E542E0073645F626A
:10A214006C655F6366675F73657428292072657473
:10A2240075726E6564202573207768656E2061748D
:10A2340074656D7074696E6720746F207365742023
:10A24400424C455F434F4E4E5F4346475F47415440
:10A25400542E000073645F626C655F6366675F73AE
:10A26400657428292072657475726E65642025737F
:10A27400207768656E20617474656D7074696E67AB
:10A2840020746F2073657420424C455F434F4D4DDD
:10A294004F4E5F4346475F56535F555549442E0022
:10A2A40073645F626C655F6366675F7365742829B6
:10A2B4002072657475726E656420257320776865F5
:10A2C4006E20617474656D7074696E6720746F209C
:10A2D40073657420424C455F47415454535F434671
:10A2E400475F415454525F5441425F53495A452E8B
:10A2F4000000000073645F626C655F6366675F7390
:10A30400657428292072657475726E6564202573DE
:10A31400207768656E20617474656D7074696E670A
:10A3240020746F2073657420424C455F4741545438
:10A33400535F4346475F534552564943455F43483D
:10A34400414E4745442E0000496E73756666696345
:10A3540069656E742052414D20616C6C6F63617449
:10A36400656420666F722074686520536F66744458
:10A3740065766963652E00004368616E67652074C5
:10A3840068652052414D207374617274206C6F6350
:10A394006174696F6E2066726F6D20307825782045
:10A3A400746F20307825782E000000004D617869A4
:10A3B4006D756D2052414D2073697A6520666F7208
:10A3C400206170706C69636174696F6E20697320B9
:10A3D400307825782E00000073645F626C655F65D9
:10A3E4006E61626C6528292072657475726E65648D
:10A3F4002025732E000000006E72665F7364685F30
:10A40400626C6500536F43206576656E743A203044
:10A414007825782E000000002F55736572732F6124
:10A424006C657862616C6477696E2F4465736B74D4
:10A434006F702F4F70656E4E657276652D4368613F
:10A44400726765722F4669726D776172652F536FFB
:10A45400757263652D436F64652F7372632F636F29
:10A4640072655F6C617965722F73646B2F6E7266AF
:10A47400352F6E5246355F53444B5F31372E312EA4
:10A48400305F646464653536302F636F6D706F6E52
:10A49400656E74732F736F66746465766963652F74
:10A4A400636F6D6D6F6E2F6E72665F7364685F733A
:10A4B4006F632E63000000006E72665F7364685FF2
:10A4C400736F6300426C6553746174654D616368B6
:10A4D400696E6500426C6549646C650054696D651C
:10A4E4006F75742074696D65722065787069726522
:10A4F400642E0000426C6554696D656F757454690F
:10A504006D6572005374617274696E672074696D4D
:10A51400656F75742074696D65722E0053746F7065
:10A5240070696E672074696D656F75742074696DE8
:10A5340065722E0053746F7070696E672073636167
:10A544006E2E00005363616E2074696D6564206F24
:10A5540075742E0046696C746572206D617463684D
:10A564002E00000057686974656C69737420616417
:10A5740076207265706F72742E000000426C655311
:10A584007562737974656D3A20496E697469616C9A
:10A59400697A6564200A0000426C6500504D4320CE
:10A5A4005374617465204D616368696E653A204334
:10A5B40068617267696E672042617474657279209C
:10A5C400456E7472790A0000504D432053746174CF
:10A5D40065204D616368696E653A537461746520E2
:10A5E4004368617267696E67204261747465727949
:10A5F4002044697370617463684576656E740A00FB
:10A60400504D43205374617465204D616368696ED5
:10A61400653A20496E76616C6964204576656E748E
:10A624000A000000504D43205374617465204D614D
:10A634006368696E653A2050696E6720506F727462
:10A644000A000000504D43205374617465204D612D
:10A654006368696E65204368617267696E6720424A
:10A664006174746572792073746174653A2042610F
:10A6740074746572792053746172742043686172D2
:10A6840067696E670A000000504D4320537461747B
:10A6940065204D616368696E65204368617267690E
:10A6A4006E67204261747465727920737461746595
:10A6B4003A20426174746572792046756C6C20434B
:10A6C4006861726765640A00504D43205374617475
:10A6D40065204D616368696E6520436861726769CE
:10A6E4006E67204261747465727920737461746555
:10A6F4003A204261747465727920436861726769B3
:10A704006E670A00504D43205374617465204D6197
:10A714006368696E65204368617267696E67204289
:10A724006174746572792073746174653A2042614E
:10A7340074746572792050726573656E7420496E05
:10A7440064696361746F720A00000000504D432015
:10A754005374617465204D616368696E6520436854
:10A76400617267696E6720426174746572792073DF
:10A77400746174653A20504D43204661756C7420B1
:10A78400436F6E646974696F6E0A00002F557365B8
:10A7940072732F616C657862616C6477696E2F44A3
:10A7A40065736B746F702F4F70656E4E657276654E
:10A7B4002D436861726765722F4669726D776172A5
:10A7C400652F536F757263652D436F64652F7372C4
:10A7D400632F736572766963655F6C617965722F47
:10A7E400706D632F73746174655F6D616368696E06
:10A7F400652F7376635F706D635F73746174655FF7
:10A804006368617267696E675F62617474657279A7
:10A814002E63707000000000504D43205374617427
:10A8240065204D616368696E653A204368617267AB
:10A83400696E672042617474657279204578697421
:10A844000A000000504D43205374617465204D612B
:10A854006368696E653A20456E61626C6520456E79
:10A864007472790A00000000504D432053746174DF
:10A8740065204D616368696E653A5374617465451A
:10A884006E61626C652044697370617463684576B7
:10A89400656E740A00000000504D432053746174C7
:10A8A40065204D616368696E6520456E61626C6503
:10A8B4002073746174653A20504D43204661756C71
:10A8C4007420436F6E646974696F6E0A000000003F
:10A8D4002F55736572732F616C657862616C647750
:10A8E400696E2F4465736B746F702F4F70656E4E75
:10A8F400657276652D436861726765722F46697269
:10A904006D776172652F536F757263652D436F6444
:10A91400652F7372632F736572766963655F6C610B
:10A924007965722F706D632F73746174655F6D61E7
:10A934006368696E652F7376635F706D635F7374AC
:10A944006174655F656E61626C652E637070000092
:10A95400504D43205374617465204D616368696E82
:10A96400653A20456E61626C6520457869740A0019
:10A97400504D43205374617465204D616368696E62
:10A98400653A2049646C6520456E7472790A00004A
:10A99400504D43205374617465204D616368696E42
:10A9A400653A2049646C6520457869740A000000A2
:10A9B400504D43205374617465204D616368696E22
:10A9C400653A2049646C65204469737061746368F6
:10A9D4004576656E740A0000504D432053746174CB
:10A9E40065204D616368696E653A20496E697469D2
:10A9F400616C697A650A00002F55736572732F6163
:10AA04006C657862616C6477696E2F4465736B74EE
:10AA14006F702F4F70656E4E657276652D43686159
:10AA2400726765722F4669726D776172652F536F15
:10AA3400757263652D436F64652F7372632F73653D
:10AA440072766963655F6C617965722F706D632FCF
:10AA540073746174655F6D616368696E652F737685
:10AA6400635F706D635F73746174655F69646C6563
:10AA74002E63707000000000504D430049646C6503
:10AA840000000000456E61626C65000043686172FD
:10AA940067696E6720426174746572790000000012
:10AAA400504D43204D616E616765723A20436F6E6D
:10AAB4006669674770696F730A000000504D432050
:10AAC4004D616E616765723A20496E69740A0000CF
:10AAD400504D43204D616E616765723A20456E6149
:10AAE400626C65566363526567756C61746F720A54
:10AAF40000000000504D43204D616E616765723A5D
:10AB04002044697361626C65566363526567756C52
:10AB140061746F720A000000504D43204D616E61F4
:10AB24006765723A20456E61626C65426174746552
:10AB34007279436861726765720A0000504D432060
:10AB44004D616E616765723A2044697361626C6538
:10AB540042617474657279436861726765720A0050
:10AB6400504D43204D616E616765723A20476574AC
:10AB740042617474657279566F6C746167650A001A
:10AB8400504D43204D616E616765723A2052656194
:10AB94006442617474657279436861726765725066
:10ABA400726573656E74496E64696361746F720A69
:10ABB40000000000504D43204D616E616765723A9C
:10ABC400205265616442617474657279436861728C
:10ABD4006765496E64696361746F7250696E0A00D7
:10ABE400504D43204D616E616765723A2052656134
:10ABF4006442617474657279466173744368617206
:10AC04006765496E64696361746F720A00000000CD
:10AC1400504D4320506F72743A20457865637574C3
:10AC2400654576656E740A00446267436F6E736FA0
:10AC34006C6500003D3D3D3D3D3D3D3D3D3D3D3D63
:10AC44003D3D3D3D3D3D3D3D3D3D3D3D3D3D3D3D30
:10AC54003D3D3D3D3D3D3D3D3D3D3D3D3D3D3D3D20
:10AC64003D3D3D3D3D3D3D3D3D0A00005B4D414E7A
:10AC740055414C5D204445425547204255494C447A
:10AC8400202D206D616E75616C20636F6E74726F20
:10AC94006C20617661696C61626C650A0000000079
:10ACA4005B4D414E55414C5D2052756E6E696E6729
:10ACB400206E6F726D616C206175746F6D61746963
:10ACC4006320636F6E74726F6C2E205072657373A1
:10ACD40020276D2720746F2074616B65206F766563
:10ACE400722E0A005B4D414E55414C5D204E6F74EF
:10ACF40020696E206D616E75616C206D6F64650AEC
:10AD0400000000005B4D414E55414C5D204D616E8D
:10AD140075616C20636F6E74726F6C20444953418B
:10AD2400424C4544202D20636F696C206F66662C6D
:10AD3400207261696C20646F776E2C206261636B92
:10AD440020746F205374617465576169740A00003C
:10AD54005B4D414E55414C5D2050726573732042EA
:10AD64007574746F6E203120666F722061206E6F6F
:10AD7400726D616C206175746F6D617469632073A9
:10AD8400657373696F6E2E0A000000005B4D414EBF
:10AD940055414C5D204C6576656C202564206162CC
:10ADA4006F7665206D6178696D756D2025642C2042
:10ADB400636C616D70696E670A0000005B4D414E03
:10ADC40055414C5D20505448206C6576656C2025B7
:10ADD4006420282564206D56290A00005B4D414EED
:10ADE40055414C5D20416C72656164792061742029
:10ADF4006D696E696D756D206C6576656C20300AC1
:10AE0400000000005B4D414E55414C5D20416C7289
:10AE140065616479206174206D6178696D756D2058
:10AE24006C6576656C2025640A0000005B4D414E1C
:10AE340055414C5D20436F696C205354415254205A
:10AE4400726571756573746564206174206C6576D0
:10AE5400656C20256420282564206D56290A00008D
:10AE64005B4D414E55414C5D20436F696C205354FA
:10AE74004F50207265717565737465640A00000033
:10AE84005B4D414E55414C5D2049504720626974E9
:10AE9400733A206E6F206164766572746973656DB0
:10AEA400656E74207265636569766564207965747E
:10AEB4000A0000005B4D414E55414C5D204950470E
:10AEC40020626974733A2056524543545F44455492
:10AED4006E3D25642056524543545F4F56506E3D97
:10AEE40025642050474F4F443D2564204348473153
:10AEF4003D256420434847323D25640A0000000094
:10AF04005B4D414E55414C5D206D2F6E20656E7436
:10AF140065722F65786974206D616E75616C20208F
:10AF240020732F7820636F696C2073746172742F9F
:10AF340073746F700A0000005B4D414E55414C5DC7
:10AF4400202B2F2D2073746570205054482020200E
:10AF5400202020202020202020302D392C612C621C
:10AF64002C63207365742050544820302D31320AEC
:10AF7400000000005B4D414E55414C5D203F2020B8
:10AF840020737461747573202020202020202020D9
:10AF940020202020206820202074686973206865A0
:10AFA4006C700A005B4D414E55414C5D20416C7202
:10AFB4006561647920696E206D616E75616C206DC8
:10AFC4006F64650A000000005B4D414E55414C5DC5
:10AFD400204D414E55414C20434F4E54524F4C202E
:10AFE400454E41424C45440A000000005B4D414E31
:10AFF40055414C5D204175746F6D617469632074B3
:10B004006974726174696F6E20616E6420636F6C21
:10B014006420737461727420617265206E6F742091
:10B0240072756E6E696E672E0A0000005B4D414EAC
:10B0340055414C5D20546865726D616C20616E648D
:10B04400204F565020617265205741524E2D4F4E6D
:10B054004C592E20436F696C207374617274732091
:10B064004F46462E0A0000005B4D414E55414C5D53
:10B07400202D2D2D20737461747573202D2D2D0AB0
:10B08400000000004D414E55414C00004155544FC5
:10B09400000000004F4E00004F4646005B4D414EFD
:10B0A40055414C5D206D6F64653D257320636F6968
:10B0B4006C3D25732070617573655F6D61736B3DC5
:10B0C400307825303258206170703D25730A0000B5
:10B0D4005B4D414E55414C5D20505448206C657683
:10B0E400656C3D256420282564206D5629206D61FA
:10B0F400783D25640A0000005B4D414E55414C5D8E
:10B10400206F76705F6365696C696E673D256420A6
:10B1140070676F6F645F666C6F6F723D2564206645
:10B124006C6F6F725F666F756E643D256420616439
:10B13400765F636F756E743D25640A005B4D414E06
:10B1440055414C5D20646561642D6D616E3A202526
:10B154006420732072656D61696E696E670A000010
:10B164005B4D414E55414C5D2049676E6F72696E6F
:10B17400672027256327202D206E6F7420696E2099
:10B184006D616E75616C206D6F64652E2050726503
:10B19400737320276D272066697273742E0A00006A
:10B1A4005B4D414E55414C5D20556E6B6E6F776E15
:10B1B40020636F6D6D616E6420272563272E2050F8
:10B1C400726573732027682720666F722068656C28
:10B1D400702E0A005B4D414E55414C5D2044656123
:10B1E400642D6D616E20636C65617265642E20430D
:10B1F4006F696C207374696C6C206F6666202D20F7
:10B2040070726573732027732720746F20726573BF
:10B21400746F72652E0A00005B4D414E55414C5DC2
:10B2240020446561642D6D616E2074696D656F7570
:10B2340074206166746572202564206D73207769BB
:10B244007468206E6F20696E707574202D20706193
:10B254007573696E6720636F696C0A0057505420D8
:10B264005374617465204D616368696E653A204367
:10B2740068617267696E6720457869740A00000026
:10B28400575054205374617465204D616368696E2E
:10B29400653A204368617267696E6720456E74720F
:10B2A400790A0000575054205374617465204D612D
:10B2B4006368696E653A5374617465436861726763
:10B2C400696E672044697370617463684576656E5E
:10B2D400740A0000575054205374617465204D6102
:10B2E4006368696E653A20496E76616C69642045CD
:10B2F40076656E740A0000005750542053746174CC
:10B3040065204D616368696E653A2050696E6720F7
:10B31400506F72740A0000005750542053746174C3
:10B3240065204D616368696E653A2057505420501A
:10B334006F776572204F6E0A00000000575054204A
:10B344005374617465204D616368696E653A205772
:10B354005054205374617274205363616E0A000068
:10B36400575054205374617465204D616368696E4D
:10B374006520536C6F7743686172676520737461ED
:10B3840074653A20575054204661756C7420436F9D
:10B394006E646974696F6E0A00000000575054208F
:10B3A4005374617465204D616368696E653A204227
:10B3B400617474657279204368617267696E670AA3
:10B3C40000000000575054205374617465204D618F
:10B3D4006368696E65204368617267696E6720738C
:10B3E400746174653A2057505420536C6F7720432E
:10B3F4006861726765202D20636F6C6420737461CB
:10B40400727420706F7765720A00000057505420E0
:10B414005374617465204D616368696E653A2042B6
:10B424006174746572792043686172676564202869
:10B434005750542073687574646F776E2076696111
:10B4440020617070206C61796572290A0000000027
:10B45400575054205374617465204D616368696E5C
:10B464006520536C6F7743686172676520737461FC
:10B4740074653A20575054205363616E2054696DAB
:10B48400656F75740A00000057505420537461743A
:10B4940065204D616368696E6520536C6F774368FE
:10B4A400617267652073746174653A205750542043
:10B4B40041646A75737420506F7765720A000000E6
:10B4C400575054205374617465204D616368696EEC
:10B4D400653A204661756C74207061757365202D22
:10B4E4002073757370656E64696E6720706F77651D
:10B4F40072207472616E736665720A00575054202C
:10B504005374617465204D616368696E653A2046C1
:10B5140061756C7420726573756D65202D2072657C
:10B5240073746F72696E6720706F776572207472BE
:10B53400616E736665720A005750542053746174C7
:10B5440065204D616368696E653A2049646C6520C5
:10B55400456E7472790A0000575054205374617414
:10B5640065204D616368696E653A2049646C6520A5
:10B57400457869740A00000057505420537461746C
:10B5840065204D616368696E653A2049646C652085
:10B5940044697370617463684576656E740A00006B
:10B5A400575054205374617465204D616368696E0B
:10B5B400653A20496E697469616C697A650A0000AC
:10B5C400575054005465737400000000536C6F7737
:10B5D40020436861726765004368617267696E67DA
:10B5E40000000000575054205374617465204D616D
:10B5F4006368696E653A20536C6F772043686172A3
:10B604006765200A00000000575054205374617489
:10B6140065204D616368696E653A20536C6F7720CD
:10B624004368617267650A0057505420537461740B
:10B6340065204D616368696E6520536C6F7743685C
:10B64400617267652073746174653A20496E76612E
:10B654006C6964204576656E740A00005750542066
:10B664005374617465204D616368696E6520536C21
:10B674006F774368617267652073746174653A20FB
:10B6840050696E6720506F72740A0000575054203E
:10B694005374617465204D616368696E6520536CF1
:10B6A4006F774368617267652073746174653A20CB
:10B6B40057505420506F776572204F6E0A00000077
:10B6C400575054205374617465204D616368696EEA
:10B6D4006520536C6F77436861726765207374618A
:10B6E40074653A20575054205363616E0A00000079
:10B6F400575054205374617465204D616368696EBA
:10B704006520536C6F774368617267652073746159
:10B7140074653A205750542053746F7020536361FA
:10B724006E0A0000575054205374617465204D61B3
:10B734006368696E6520536C6F77436861726765EF
:10B744002073746174653A204661756C742070616D
:10B75400757365202D2073757370656E64696E67EB
:10B7640020706F776572207472616E736665720AF9
:10B7740000000000575054205374617465204D61DB
:10B784006368696E6520536C6F774368617267659F
:10B794002073746174653A204661756C7420726517
:10B7A40073756D65202D20726573746F72696E6791
:10B7B40020706F776572207472616E736665720AA9
:10B7C40000000000575054205374617465204D618B
:10B7D4006368696E653A205465737420456E7472AB
:10B7E400790A0000575054205374617465204D61E8
:10B7F4006368696E653A205465737420457869748A
:10B804000A000000575054205374617465204D6140
:10B814006368696E653A2054657374204469737073
:10B82400617463684576656E740A0000575054204D
:10B834005374617465204D616368696E653A20577D
:10B8440050542053746F70205363616E0A000000DB
:10B85400575054205374617465204D616368696E58
:10B86400653A2057505420506F776572204F6666B2
:10B874000A000000575054205374617465204D61D0
:10B884006368696E653A20575054204661756C743C
:10B8940020436F6E646974696F6E0A0057505420B8
:10B8A4004D616E616765723A2053746174757354A7
:10B8B400696D656F75744D6F6E69746F72696E67CB
:10B8C4000A00000057707453746174757354696D81
:10B8D4006572000057707453746174757354696DA4
:10B8E400656F757454696D65720000005770744615
:10B8F40061756C744D6F6E69746F7200577074501B
:10B904006F7765724374726C000000005770744363
:10B914006F6C6453746172740000000057505420BB
:10B924004D616E616765723A20436F6E6669674761
:10B9340070696F730A00000043616C6C20612068B9
:10B94400616C5F646163206D6574686F6420746802
:10B95400617420636F6E666967206770696F730A2C
:10B964000000000043616C6C20612068616C5F77AB
:10B974007074206D6574686F6420746861742063EA
:10B984006F6E666967206770696F730A0000000054
:10B9940064697361626C656400000000616C7265C7
:10B9A400616479206F666600575054204D616E6162
:10B9B4006765723A205061757365577074207265BB
:10B9C40061736F6E203078253032582C206D61738E
:10B9D4006B206E6F77203078253032582C20636FBF
:10B9E400696C2025730A0000575054204D616E6124
:10B9F4006765723A20526573756D6557707420726D
:10BA04006561736F6E2030782530325820636C6521
:10BA1400617265642C20636F696C2072652D656E9C
:10BA240061626C6564206174206C6576656C2025A8
:10BA3400640A0000575054204D616E616765723A84
:10BA440020526573756D6557707420726561736FEC
:10BA54006E2030782530325820636C6561726564DD
:10BA640020627574206D61736B207374696C6C2033
:10BA74003078253032582C20636F696C20737461E0
:10BA84007973206F66660A00575054204D616E61C9
:10BA94006765723A2053746F705770745363616EA4
:10BAA4000A000000575054204D616E616765723A78
:10BAB4002047657454656D70657261747572650AAA
:10BAC40000000000575054204D616E616765723A62
:10BAD4002047657443686172676553746174757354
:10BAE4000A000000575054204D616E616765723A38
:10BAF400205374617475732070696E2076616C755F
:10BB0400653A202564200A00575054204D616E6127
:10BB14006765723A205374617274537461747573F7
:10BB240054696D656F757454696D65720A0000001F
:10BB3400575054204D616E616765723A20537461A9
:10BB440072745374617475734D6F6E69746F726936
:10BB54006E670A00575054204D616E616765723AF2
:10BB640020456E61626C65577074207375707072D5
:10BB740065737365642C206661756C74206D6173E4
:10BB84006B20307825303258207374696C6C2073C4
:10BB940065740A00575054204D616E616765723AAE
:10BBA40020456E61626C655770740A0057505420CA
:10BBB4004D616E616765723A2053746F705374619E
:10BBC4007475734D6F6E69746F72696E670A0000E5
:10BBD400575054204D616E616765723A2053746109
:10BBE400727449706754656D7065726174757265BD
:10BBF4004D6F6E69746F72696E6754696D65720A10
:10BC040000000000575054204D616E616765723A20
:10BC1400204661756C74206D6F6E69746F72696E05
:10BC240067206F6E6C792028706F77657220636F60
:10BC34006E74726F6C2074696D6572206E6F7420FF
:10BC440073746172746564290A00000057505420AB
:10BC54004D616E616765723A2053746F7049706705
:10BC640054656D70657261747572654D6F6E69743B
:10BC74006F72696E6754696D65720A00575054207B
:10BC84004D616E616765723A20495047207468655A
:10BC9400726D6973746F7220726573697374616E07
:10BCA40063653A2025640000575054204D616E614D
:10BCB4006765723A2054656D70657261747572655A
:10BCC40020696E746572706F6C6174696F6E206642
:10BCD40061696C6564202D20706F737369626C6593
:10BCE400206C6F6F6B7570207461626C65206F726D
:10BCF400646572696E67206973737565000000007E
:10BD0400575054204D616E616765723A204950471F
:10BD14002054656D70657261747572652025642E9A
:10BD24002530326420430A00575054204D616E611F
:10BD34006765723A20746865726D2072617720724B
:10BD440065663D2564206F75743D2564206F6673B8
:10BD5400743D2564206D560A000000005B4D414E81
:10BD640055414C5D205741524E20746865726D6197
:10BD74006C3A204950472025642E253032642043F4
:10BD8400203E3D2025642043207061757365207436
:10BD940068726573686F6C64202869676E6F72657A
:10BDA40064290A00575054204D616E616765723AE8
:10BDB400204950472074656D7065726174757265B1
:10BDC4002025642E25303264204320726561636827
:10BDD4006564207061757365207468726573686F3B
:10BDE4006C64202825642043292C207061757369B4
:10BDF4006E6720706F776572207472616E7366650A
:10BE040072000000575054204D616E616765723AAC
:10BE1400204950472074656D706572617475726550
:10BE24002025642E2530326420432061742F6265FE
:10BE34006C6F7720726573756D65207468726573B5
:10BE4400686F6C642028256420432920616674652A
:10BE540072202564207469636B732C20726573757A
:10BE64006D696E6720706F776572207472616E738E
:10BE740066657200575054204D616E616765723A71
:10BE84002053657450756C7365576964746854689D
:10BE9400726573686F6C64537465700A0000000007
:10BEA400575054204D616E616765723A20506F7728
:10BEB400657220636F6E74726F6C20726573657443
:10BEC4002C206C6576656C2025640A00575054203C
:10BED4004D616E616765723A2044697361626C6595
:10BEE4005770740A00000000575054204D616E6171
:10BEF4006765723A20436F6C6420737461727420B6
:10BF04006174206C6576656C2025642C20657363F0
:10BF1400616C6174696E6720746F206D617820694B
:10BF24006E202564206D73206966206E6F20495051
:10BF340047206164766572746973656D656E740A11
:10BF440000000000575054204D616E616765723ADD
:10BF540020436F6C64207374617274206573636131
:10BF64006C6174696F6E20736B69707065642C20EA
:10BF740049504720616C726561647920616476651B
:10BF840072746973696E670A000000005750542088
:10BF94004D616E616765723A20436F6C64207374FF
:10BFA40061727420657363616C6174696E67207477
:10BFB4006F206D6178696D756D20706F7765722C77
:10BFC400207374696C6C206E6F2049504720616443
:10BFD400766572746973656D656E740A000000009D
:10BFE4005B4D414E55414C5D205741524E206F767A
:10BFF400703A206173736572746564206174206C97
:10C004006576656C202564202876726563743D2509
:10C014006420636867323D2564292C206365696C5C
:10C02400696E67202564206E6F7465642C206967CF
:10C034006E6F7265640A0000575054204D616E6142
:10C044006765723A20495047204F565020617373F8
:10C054006572746564206174206C6576656C202556
:10C0640064202876726563743D25642063686732B2
:10C074003D256420636867313D2564292C20636570
:10C08400696C696E67206E6F772025642C2070615F
:10C094007573696E67000000575054204D616E61DE
:10C0A4006765723A20495047204F5650207374698F
:10C0B4006C6C206173736572746564206166746569
:10C0C40072202564207469636B732C207374617906
:10C0D400696E67207061757365640A005750542057
:10C0E4004D616E616765723A20495047204F565042
:10C0F40020636C65617265642061667465722025D5
:10C1040064207469636B732C20726573756D696E3A
:10C1140067206F6E65207374657020646F776E207E
:10C124006174206C6576656C2025640A000000004B
:10C13400575054204D616E616765723A20466175AF
:10C144006C744D6F6E69746F72696E670A000000DB
:10C15400575054204D616E616765723A20506F7775
:10C16400657220636F6E74726F6C20736B6970708C
:10C1740065642C206661756C74206D61736B20306E
:10C184007825303258206F776E7320746865206C80
:10C194006576656C0A000000575054204D616E614D
:10C1A4006765723A20506F77657220636F6E7472A0
:10C1B4006F6C20626C616E6B65642061667465727D
:10C1C400206661756C7420726573756D652C20250D
:10C1D40064206379636C6573206C6566740A00007F
:10C1E400575054204D616E616765723A20506F77E5
:10C1F400657220636F6E74726F6C20736B697070FC
:10C2040065642C206E6F206E65772049504720614D
:10C2140064766572746973656D656E742073696E96
:10C224006365206C61737420737465700A00000088
:10C23400575054204D616E616765723A20436C6FAC
:10C24400736564206C6F6F70207374617274696EAF
:10C2540067206174206C6576656C2025640A000093
:10C26400575054204D616E616765723A20506F7764
:10C27400657220636F6E74726F6C206C6576656C8A
:10C284003D25642070676F6F643D256420666C6F84
:10C294006F725F666F756E643D2564206F76705FA4
:10C2A4006365696C696E673D25642070676F6F64B0
:10C2B4005F666C6F6F723D25640000005750542018
:10C2C4004D616E616765723A20486F6C64696E6790
:10C2D400206174206C6576656C2025640A0000007A
:10C2E400575054204D616E616765723A2050474F34
:10C2F4004F44207361746973666965642C20737498
:10C30400657070696E6720646F776E20746F206C3F
:10C314006576656C2025640A00000000575054209F
:10C324004D616E616765723A2050474F4F442073E8
:10C334006174697366696564206174206D696E69EE
:10C344006D756D206C6576656C2C20666C6F6F72F4
:10C3540020666F756E640A00575054204D616E61FB
:10C364006765723A2050474F4F44206C6F77202501
:10C37400642F2564206174206C6576656C202564C7
:10C384002C2077616974696E6720666F7220636F11
:10C394006E6669726D6174696F6E0A00575054203D
:10C3A4004D616E616765723A204E6F2076696162F5
:10C3B4006C6520706F776572206C6576656C202DD6
:10C3C400204F5650206365696C696E672025642090
:10C3D4006174206F722062656C6F772050474F4FF5
:10C3E4004420666C6F6F722025642E20436C616D4F
:10C3F40070696E6720746F202564000057505420C4
:10C404004D616E616765723A2050474F4F44206C0E
:10C414006F77206174206D6178696D756D206C652E
:10C4240076656C2025642C206E6F7468696E6720B5
:10C434006675727468657220746F20676976650A20
:10C4440000000000575054204D616E616765723AD8
:10C454002050474F4F44206C6F772C2073746570C5
:10C4640070696E6720757020746F206C6576656CDA
:10C474002025640A00000000575054204D616E616D
:10C484006765723A20496E69740A00005750542057
:10C49400506F72743A2045786563757465457665A6
:10C4A4006E740A002F55736572732F616C65786220
:10C4B400616C6477696E2F4465736B746F702F4F72
:10C4C40070656E4E657276652D436861726765723C
:10C4D4002F4669726D776172652F536F757263654C
:10C4E4002D436F64652F7372632F636F72655F6C86
:10C4F400617965722F73646B2F6E7266352F6E527D
:10C5040046355F53444B5F31372E312E305F6464C0
:10C5140064653536302F65787465726E616C2F668C
:10C5240072656572746F732F736F757263652F70A4
:10C534006F727461626C652F4D656D4D616E672F0E
:10C54400686561705F312E63000000002F557365CC
:10C5540072732F616C657862616C6477696E2F44C5
:10C5640065736B746F702F4F70656E4E6572766570
:10C574002D436861726765722F4669726D776172C7
:10C58400652F536F757263652D436F64652F7372E6
:10C59400632F636F72655F6C617965722F73646B6F
:10C5A4002F6E7266352F6E5246355F53444B5F31A2
:10C5B400372E312E305F646464653536302F6578EC
:10C5C4007465726E616C2F6672656572746F732F19
:10C5D400706F727461626C652F434D5349532F6EB3
:10C5E400726635322F706F72745F636D7369732E68
:10C5F400630000002F55736572732F616C65786258
:10C60400616C6477696E2F4465736B746F702F4F20
:10C6140070656E4E657276652D43686172676572EA
:10C624002F4669726D776172652F536F75726365FA
:10C634002D436F64652F7372632F636F72655F6C34
:10C64400617965722F73646B2F6E7266352F6E522B
:10C6540046355F53444B5F31372E312E305F64646F
:10C6640064653536302F65787465726E616C2F663B
:10C6740072656572746F732F736F757263652F7152
:10C68400756575652E6300002F55736572732F6190
:10C694006C657862616C6477696E2F4465736B7442
:10C6A4006F702F4F70656E4E657276652D436861AD
:10C6B400726765722F4669726D776172652F536F69
:10C6C400757263652D436F64652F7372632F636F97
:10C6D40072655F6C617965722F73646B2F6E72661D
:10C6E400352F6E5246355F53444B5F31372E312E12
:10C6F400305F646464653536302F65787465726EB6
:10C70400616C2F6672656572746F732F736F7572C7
:10C7140063652F7461736B732E63000049444C4549
:10C7240000000000546D7251000000002F55736525
:10C7340072732F616C657862616C6477696E2F44E3
:10C7440065736B746F702F4F70656E4E657276658E
:10C754002D436861726765722F4669726D776172E5
:10C76400652F536F757263652D436F64652F737204
:10C77400632F636F72655F6C617965722F73646B8D
:10C784002F6E7266352F6E5246355F53444B5F31C0
:10C79400372E312E305F646464653536302F65780A
:10C7A4007465726E616C2F6672656572746F732F37
:10C7B400736F757263652F74696D6572732E630090
:10C7C400546D7220537663000000000000000000E6
:10C7D400A577020000000000000000006D78020050
:10C7E400C1780200EB7802000000000000000000A5
:10C7F4007979020077790200C9790200000000000B
:10C8040000000000FD790200F97A02005D7A02005E
:10C814000000000000000000377B0200E17B020002
:10C82400557B02000000000000000000137C0200A1
:10C83400FD7B0200537C02000000000000000000A9
:10C844000B7D0200517D02000D7D020000000000FE
:10C85400000000005F7D02000000000000000000F6
:10C86400000000000000000000000000FD82020043
:10C87400FF82020000000000000000000000000031
:10C8840001830200010006005A6202000101000057
:10C89400030002000000000000000000000000008F
:10C8A400000000000000000000000000ED8802000D
:10C8B400478902000F000001000102030405060875
:10C8C400090A0B0000000002010000000B00000038
:10C8D40000000000290000002800000008000000FB
:10C8E4000000000000000000000000000338FDD834
:10C8F400704700000E00000001000000010000006D
:10C904000000000000000000000000000EFFFFFF18
:10C9140006000000140000000001020304050600E4
:10C924000000000000300040000000000100000092
:10C934000100000000400040010000000100000070
:10C94400008000400004000000900040010400004A
:10C9540000A000400204000000A001400306000003
:10C9640000B00140040600000000030600000000BF
:10C974002E310100010200002E31010001010000EE
:10C9840000000000010000000100FFFF00000000A3
:10C99400010000000100010094C90300010001002E
:10C9A40090C9030069BB0200E1A10200A9BC020016
:10C9B40069CB0200B1A5020005A202007365635FA2
:10C9C4006B65797365745F66696C6C00FFFFFFFFCC
:10C9D4000006FF00000000400000000000000050BE
:10C9E4000003005045E8020059E802006DE8020027
:10C9F4000000FFFFDEC0ADDEFE011EF1DEC0ADDED5
:10CA0400FF011EF1FC8F03003C90030000000000B6
:10CA140098900300E49003003091030000000000AC
:10CA2400000000007C910300949103000092030035
:10CA34006C920300B0920300F49203000000000023
:10CA440000000000FC8F030038930300949303005C
:10CA54001C9403000000000000000000000000001F
:10CA640000000000509403008494030030313233FA
:10CA74003435363738394142434445466E72665F31
:10CA84006673746F726167655F65726173650000D8
:10CA94006E72665F6673746F726167655F777269E1
:10CAA4007465000000000000A89903000100000064
:10CAB400B499030002000000D499030003000000AD
:10CAC400F8990300040000000C9A0300050000001C
:10CAD400209A030006000000349A030007000000B7
:10CAE4004C9A030008000000649A03000900000047
:10CAF4007C9A03000A000000989A03000B000000CF
:10CB0400B09A03000C000000C89A03000D00000056
:10CB1400DC9A03000E000000F09A03000F000000EE
:10CB2400009B030010000000149B03001100000090
:10CB34002C9B0300120000003C9B03001300000028
:10CB4400549B030080000000689B030081000000E8
:10CB54008C9B030082000000A89B0300830000005C
:10CB6400C49B030084000000E49B030085000000D4
:10CB7400089C030086000000309C03009000000025
:10CB8400489C030091000000689C03009200000090
:10CB9400889C030000820000A09C03000182000026
:10CBA400C09C030002820000DC9C0300008400009F
:10CBB400F89C0300018400001C9D03000284000013
:10CBC400489D030003840000709D0300556E6B6E46
:10CBD4006F776E206572726F7220636F64650000F8
:10CBE4000000000000000000000000000338FDD831
:10CBF40070470000950F0300930F0300910F03008B
:10CC04008C5100207F000000745100202C9F0300F1
:10CC14005C9F03000C9F0300649F03006C9F030050
:10CC2400749F03007C9F0300849F03008C9F030078
:10CC3400000000008C910300949F03009C9F03005C
:10CC4400A49F0300D46E0300E46E030008000000F8
:10CC5400C46E0300D46E030008000000BC6E030021
:10CC6400C46E030008000000010000078C6E03007E
:10CC7400BC6E0300080000007C6E03008C6E030091
:10CC8400080000000000000000000000BF230300B3
:10CC9400C1230300C32303000000000000000000C0
:10CCA400F323030025240300FB23030000000000FA
:10CCB40000000000018302000000000000000000EA
:10CCC4005527030000000000000000003128030085
:10CCD400312903005D28030000000000000000006B
:10CCE4005D290300252A03008929030000000000B0
:10CCF40000000000512A0300752A0300992A03004A
:10CD04000000000000000000018302000300020094
:10CD140000000000000000003D2F030000000000A0
:10CD2400000000008936030065360300B5360300B1
:10CD340000000000000000000D380300313803003B
:10CD440055380300000000000000000001830200C9
:10CD54000000000000000000B93903009539030009
:10CD6400E53903000000000000000000253B03003B
:10CD7400493B03006D3B0300070000000000000076
:10CD8400000000000300000000000000000000009C
:10CD94000500000001000000010000000100000087
:10CDA40000000000000000002F000000010000004F
:10CDB400010000000300000000000000000000006B
:10CDC40014000000C0ED010019000000A08601005D
:10CDD4001E000000E63601002800000078C80000AC
:10CDE40032000000FE83000000000000000000008C
:10CDF400AD490300EDAF16204A62304029BD56B359
:10CE04001544E9BF77900D9CFE0B88C07E2615FA69
:10CE1400838073400FCE674B80D541C02CCE030076
:10CE24005CCF030030CE030043000000A76603007C
:10CE3400C7660300D3660300DF660300FF660300D2
:10CE44000B670300736603003F66030053756E00AF
:10CE54004D6F6E0054756500576564005468750025
:10CE64004672690053617400004A616E004665624F
:10CE7400004D617200417072004D6179004A756E17
:10CE8400004A756C0041756700536570004F637408
:10CE9400004E6F760044656300002E000053756EEB
:10CEA400646179004D6F6E646179005475657364D3
:10CEB4006179005765646E657364617900546875BF
:10CEC40072736461790046726964617900536174B4
:10CED400757264617900004A616E75617279004609
:10CEE40065627275617279004D61726368004170A8
:10CEF40072696C004D6179004A756E65004A756C03
:10CF040079004175677573740053657074656D625B
:10CF14006572004F63746F626572004E6F76656D63
:10CF240062657200446563656D6265720000414D1F
:10CF340000504D0000256D2F25642F2579002548CC
:10CF44003A254D3A25530025612025622025652088
:10CF540025542025590000009ECE0300A0CE0300D6
:10CF6400A0CE0300A0CE0300A0CE0300A0CE0300F9
:10CF7400A0CE0300A0CE0300A0CE0300A0CE0300E9
:10CF8400FFFFFFFFFFFFFFFFFFFFFFFFFFFF0000AB
:10CF9400A1CE030050CE0300DBCE03006DCE030010
:10CFA40032CF030039CF030042CF03004BCF03003D
:10CFB4002020202020202020206828282828202005
:10CFC400202020202020202020202020202020205D
:10CFD4004810101010101010101010101010101015
:10CFE40084848484848484848484101010101010B5
:10CFF400108181818181810101010101010101010E
:10D0040001010101010101010101011010101010C1
:10D0140010828282828282020202020202020202DE
:10D024000202020202020202020202101010102086
:10D03400000703200417020108571040805F5F6354
:10D0440078615F67756172645F6163717569726548
:10D0540020646574656374656420726563757273B6
:10D0640069766520696E697469616C697A6174694D
:03D074006F6E00DC
:10D078000100000005010000070000000090D00337
:10D0880018181818181818181800000000000000C0
:10D09800FF00000010270000FFFF070020CE03005C
:10D0A80020CE030020CE030020CE030020CE0300B4
:04000003200072194E
:00000001FF
