:020000022000DC
:1070000000000420197202000172020055FD020006
:1070100005720200077202000972020000000000FF
:107020000000000000000000000000009D4D030073
:107030000D72020000000000BD4D0300117202003D
:10704000C1D00200137202007DD702005DE8020089
:1070500071E8020013720200A1D602002DDF0200C7
:1070600045EB02005DEB020075EB020013720200BB
:1070700013720200137202001372020013720200F4
:107080001372020005500300137202001372020013
:107090001372020013720200C52003001372020073
:1070A00013720200137202008DEB0200A5EB0200C6
:1070B00019DE020013720200000000000000000050
:1070C00013720200137202001372020085E80200BC
:1070D0001372020013720200137202001372020094
:1070E000137202001372020013720200000000000B
:1070F0000000000013720200000000001372020082
:10710000000000000000000000000000000000007F
:10711000000000000000000000000000000000006F
:10712000000000000000000000000000000000005F
:10713000000000000000000000000000000000004F
:10714000000000000000000000000000000000003F
:10715000000000000000000000000000000000002F
:10716000000000000000000000000000000000001F
:10717000000000000000000000000000000000000F
:1071800000000000000000000000000000000000FF
:1071900000000000000000000000000000000000EF
:1071A00000000000000000000000000000000000DF
:1071B00000000000000000000000000000000000CF
:1071C00000000000000000000000000000000000BF
:1071D00000000000000000000000000000000000AF
:1071E000000000000000000000000000000000009F
:1071F000000000000000000000000000000000008F
:10720000FEE7FEE7FEE7FEE7FEE7FEE7FEE7FEE756
:10721000FEE7FEE700F002B8FFF7FCBF0F484FF0B3
:107220000701884385460E4880470E48016841F4AF
:1072300070010160BFF34F8FBFF36F8F00F01AB87A
:1072400009480A490A4A884207D0521A05D00378E9
:1072500001300B700131013AF9D170470000042070
:107260002195020088ED00E040720300082B002009
:107270001C2B00203A493B480A1A02D007229143AE
:107280008D46394939480A1A06D00722914381F3BD
:107290000988022282F3148835483649364A00F0BC
:1072A00041F836483649374A00F03CF83648374905
:1072B000374A00F037F837483749384A00F032F893
:1072C00037483849384A00F02DF838483849394AA3
:1072D00000F028F838483949394A00F023F839488D
:1072E0003949002200F036F838483949002200F0C8
:1072F00031F838483849091A0FF022FE374A9047CA
:1073000025482649884205D00268043003B49047D6
:1073100003BCF7E700208646EC4600200021304AF7
:107320009047FEE7884214D0521A12D003460B430E
:1073300013430324234206D1036804300B60043155
:10734000043AF9D17047037801300B700131013AEA
:10735000F9D17047884202D002700130FAE77047D5
:107360000000042000F80320000004200000042096
:1073700028D503001C2B0020602B0020E4730200A2
:10738000E4730200CA70030028D503001C2B002000
:107390001C2B00205472030054720300647203001B
:1073A00054720300547203005472030064720300A9
:1073B0006472030027D503006CD50300602B002006
:1073C000602B0020602B0020CC7F0020CC7F002091
:1073D000CC7F0020CC7F0020CC83002041720200B3
:0473E00085650300BC
:1073E400BFF34F8F0549CA6802F4E062044B1343AC
:1073F400CB60BFF34F8F00BFFDE700BF00ED00E09F
:107404000400FA0510B5044600F01CFD22460D21C7
:10741400012000F021FF10BD10B5044600F012FD5C
:1074240022460821012000F017FF10BD10B50446C4
:1074340000F008FD22460F21012000F00DFF10BDD1
:1074440010B5044600F0FEFC22460E21012000F097
:1074540003FF10BD08B500F0F5FC00221021012047
:1074640000F010FF08BD08B500F0ECFC002211216B
:10747400012000F007FF08BD08B501212F2001F00D
:10748400FEFB0021142001F0FAFBFFF7A9FF000026
:1074940038B5044603461F4A43F8142B43600023BF
:1074A4008360C3601C4B03611C4B03601C4D45612E
:1074B40080611C4BC3611C4B4361056240621B4BE2
:1074C40083621B4B03620CF083FCE06225636463FC
:1074D400184BA363184B23630CF07AFCE063256418
:1074E4006464164BA364164B2364E5642465154B4E
:1074F4006365154BE3640CF06BFCA065E5652466DD
:10750400124B6366124BE3650CF062FCA0662046E6
:1075140038BD00BF34CD03006472030084CC030083
:1075240020CD030068720300A4CC0300787203002A
:1075340090CC030098720300CCCC0300807203004B
:10754400F4CC030088720300E0CC0300A0720300B3
:10755400B8CC0300034600F114020848026003F1AA
:107564002002426003F13002826003F14002C260F3
:1075740003F14C0202615C3343617047602B0020CD
:107584002DE9F04389B0064600F05CFC02AC524D94
:107594000FCD0FC495E8030084E803004F4C504B13
:1075A400E41AE408240444F003044E4920460AF093
:1075B400C7F84D4920460AF0C3F89DF808204B4906
:1075C40020460AF0C3F89DF80920494920460AF0EC
:1075D400BDF89DF80A904A46464920460AF0B6F896
:1075E4009DF80B709DF80C303A46434920460AF04A
:1075F400B7F89DF80D809DF80E3042463F4920466D
:107604000AF0AEF83E4920460AF09AF8BDF8102078
:107614003C4920460AF09AF8BDF812203A4920461F
:107624000AF094F8BDF81420384920460AF08EF880
:10763400069A374920460AF089F8364920460AF066
:107644007FF8079DEAB2344920460AF07FF8C5F373
:107654000722324920460AF079F8C5F30742304937
:1076640020460AF073F8B9F1010F14BF0023012377
:107674002FB1B8F1000F02D0B9F1010F10D000936F
:1076840043463A46274920460AF075F80DF0ECFACD
:1076940032460921022000F0DFFD09B0BDE8F08385
:1076A400009343463A46204920460AF064F80DF018
:1076B400DBFA32460B21022000F0CEFD0BF090F8ED
:1076C40032460621032000F0C7FD32460C2101207A
:1076D40000F0C2FDE1E700BFAC5500209871030043
:1076E40048710300A8720300CC720300E472030023
:1076F400087303002C730300587303009073030092
:10770400C8730300DC730300F473030008740300FC
:107714001C74030040740300547403006C7403006D
:1077240088740300E4740300A474030010B50446D1
:1077340000F088FB2046FFF723FF224609210120A1
:1077440000F08AFD10BD000010B50BF049F80446A6
:10775400074A032100F07AFD064A0821204600F07A
:1077640075FD054A0721204600F070FD10BD00BFDD
:1077740009740200317702001D74020010B50DF087
:1077840073FA0446044A052100F060FD034A0D2102
:10779400204600F05BFD10BD317402004574020008
:1077A40008B5FFF7D1FFFFF7E9FF01F06BF8254BB0
:1077B4001B68BFF35B8F13F0010F15D0224B1B68BE
:1077C400BFF35B8F13F0010F1DD0204B1B68BFF379
:1077D4005B8F13F0010F25D001F0E4FA01F0A6FA53
:1077E400014601F0EAFB08BD16480FF04FFC0028E3
:1077F400E4D00023164A1321164800F0F9FF11487B
:107804000FF058FCDAE710480FF040FC0028DCD0F9
:107814000023114A0D21114800F0EAFF0A480FF035
:1078240049FCD2E709480FF031FC0028D4D00023EA
:107834000B4A11210B4800F0DBFF04480FF03AFC1F
:10784400CAE700BF982B0020882B0020782B00204B
:10785400597402009C2B00206B7402008C2B0020B6
:107864007D7402007C2B002010B504460BF0B6FB9F
:1078740000220321042000F0EFFC0D4B0D4A9B1A5B
:10788400DB081B040C4943F0030009F059FF01F025
:107894004DFA012101F0B9FB0DF0E6F900220321B4
:1078A400022000F0D9FCE0680CF03EFC10BD00BFE3
:1078B40098710300487103002475030008B50AF0A9
:1078C4008FFF00220621032000F0C6FC0DF0CCF946
:1078D40000220721022000F0BFFC01F027FA00215A
:1078E40001F093FB08BD70B50C4646683046FFF7BF
:1078F40031FE0546A1B203390F290DD8DFE801F0A6
:10790400170C0C0C0C1C0C0C0C0D0C240C082E2944
:10791400C168304600F007FD70BD01F007FA01218F
:1079240001F09CFBE968304600F0FDFCF4E7C16817
:10793400304600F0F8FCEFE70AF052FF0022042181
:10794400032000F089FCE7E7C168304600F0EBFC57
:10795400E2E74169304600F0E6FCDDE701F09CF81F
:1079640001F0B4F80028D7D101F096F801F0B0F88E
:10797400D2E7704708B51048104BC01AC00800047D
:107984000F4940F0030009F0DBFE0AF029FF002252
:107994000221032000F060FC0DF066F900220221B0
:1079A400084600F059FC0BF019FB002202210420C8
:1079B40000F052FC08BD00BF987103004871030039
:1079C4004075030038B50C4645682846FFF7C2FDEC
:1079D400A1B20D290BD011290DD101F05DF801F0F0
:1079E40075F840B901F058F801F072F803E0C16885
:1079F400284600F098FC38BD10B50BF0EFFC0BF0F6
:107A0400EDFA00220321042000F026FC0AF0E8FE2F
:107A140000220421032000F01FFC0DF025F90022B0
:107A24001121022000F018FC01F080F9044605231E
:107A34000022014601F038FA2146204601F09AFA64
:107A44000548064BC01AC0080004054940F002006E
:107A540009F076FE10BD00BF987103004871030061
:107A64007075030070B50C4646683046FFF772FD2A
:107A7400A1B203390E2918D8DFE801F00817171747
:107A840017231717172B17171718330005461A480B
:107A94001A4BC01AC0080004194940F0020009F04A
:107AA4004FFEE968304600F03EFC70BD1248134BAF
:107AB400C01AC0080004134940F0020009F040FE57
:107AC400F3E70AF08DFE00220421032000F0C4FB3A
:107AD400EBE70AF085FE00220421032000F0BCFB42
:107AE400E3E700F0D9FF00F0F1FF0028DDD100F05A
:107AF400D3FF00F0EDFFD8E798710300487103004D
:107B0400BC750300EC75030010B504460BF02EFBA6
:107B1400E0680CF03DFB0DF0A7F8002207210220DD
:107B240000F09AFB0AF05CFE00220621032000F01C
:107B340093FB0BF053FA00220421084600F08CFB5F
:107B440001F0F4F8014601F038FA10BD08B50AF066
:107B540047FE00220421032000F07EFB01F0E6F83A
:107B6400012101F03EFA08BDF8B505460C46476808
:107B74003846FFF7EFFC06461B4B1C4A9B1ADB08F2
:107B84001B0422461A4943F0030009F0DFFDA4B2A6
:107B9400083C0A2C0ED8DFE804F0060E0D0D0D0D7E
:107BA4000D0D0D1B1600E8680CF0F2FA3169384629
:107BB40000F0B9FBF8BDE8680CF0B6FA7168384615
:107BC40000F0B1FBF6E77169384600F0ACFBF1E771
:107BD40000F062FF00F07AFF0028EBD100F05CFFB8
:107BE40000F076FFE6E700BF9871030048710300D8
:107BF4003C76030008B50DF037F80022032102207B
:107C040000F02AFB01F092F8002101F0EAF908BD26
:107C140008B542F210700AF093FC01F087F80021D5
:107C240001F007FA08BD08B542F210700AF088FCAA
:107C34000AF0D6FD00220421032000F00DFB0DF014
:107C440013F800220C21022000F006FB0BF0C6F909
:107C540000220321042000F0FFFA01F067F801215B
:107C640001F0E7F908BDF8B505460C464768384603
:107C7400FFF770FC0646A1B208390A2923D8DFE8C9
:107C840001F00623222222222B2222433E000AF064
:107C9400A7FD00220621032000F0DEFAE8680CF0BC
:107CA40077FA0CF0E1FF00220721022000F0D4FA59
:107CB4000BF094F900220421084600F0CDFAF16893
:107CC400384600F030FBF8BDE8680CF02DFA716816
:107CD400384600F028FBF6E70CF0C6FF0022072127
:107CE400022000F0B9FA0BF079F9002204210846C9
:107CF40000F0B2FAF168384600F015FBE3E7416999
:107D0400384600F010FBDEE700F0C6FE00F0DEFEB1
:107D14000028D8D100F0C0FE00F0DAFED3E77047A7
:107D240038B50C4645682846FFF714FCA1B2112962
:107D34000DD0122906D0102903D18168284600F0FD
:107D4400F2FA38BD4169284600F0EDFAF9E700F08F
:107D5400A3FE00F0BBFE0028F3D100F09DFE00F06E
:107D6400B7FEEEE708B500F0E1FF014601F025F9A2
:107D740008BD38B50C46154600F064F82A4621467D
:107D840000F6EC1000F0C7FA38BD000010B5044648
:107D940000F048FA014B2360204610BD08CD0300D3
:107DA40038B5134B1A6801321A60124C124BE41A9C
:107DB400E408240444F003041049204609F0C6FCF6
:107DC4000CF006F805460CF0EDF8B5F904200C4962
:107DD400204609F0BBFC0AF02BFF05460BF044F8E3
:107DE400B5F900200749204609F0B0FC38BD00BFB2
:107DF400A82B0020987103004871030064760300E7
:107E0400787603009C76030010B582B0044600F037
:107E140022F904F51960FFF7B9FF04F6EC10FFF737
:107E240037FB064B0093012341F28832044904F6E0
:107E3400582000F0A3FA204602B010BDA57D020030
:107E4400BC76030008B50A4B1B68BFF35B8F13F0C5
:107E5400010F01D0074808BD05480FF017F90028A5
:107E6400F8D00448FFF7D0FF01480FF023F9F1E7F9
:107E7400AC2B0020B02B002010B582B0044600F0DB
:107E8400ABF9194A0421204600F0FAF822460121F0
:107E940004F5196000F0CEF90BF0A0F80BF0B8F877
:107EA4000CF0E2FE0CF0FAFE0AF09AFC0AF0B2FCC6
:107EB40004F6EC1000F04BFA04F6582000F078FABF
:107EC4000BF0D6F809480A4BC01AC0080004094B45
:107ED4000193002200920123074940F0030009F0B6
:107EE40057FC02B010BD00BFCC76030098710300AC
:107EF400487103000C770300E076030008B500F036
:107F040029F908BD032824D8012A06D001290CD058
:107F1400022910D0B1B107207047012901D00022F5
:107F2400F4E700F10E02D2B2F0E700EB40000A4B96
:107F34001A540020704700EB4000074B03445A706A
:107F44000020704700EB4000034B03449A7000206C
:107F540070470720704700BF3C36002008B5012257
:107F640000210846FFF7CEFF10B10346072812D1BF
:107F7400072202210120FFF7C5FF034608B10728A5
:107F840009D1042202210020FFF7BCFF034610B1EF
:107F9400072800D10023184608BD08B50122022194
:107FA4000020FFF7AFFF10B10346072812D10722C4
:107FB40002210120FFF7A6FF034608B1072809D1D3
:107FC4000A2200210846FFF79DFF034610B1072847
:107FD40000D10023184608BD08B50388102B0ED025
:107FE400112B13D10F4A1368013B136073B9FFF7C8
:107FF400D4FF58B10C4B1B6843B1984706E0094BBA
:108004001B6823B1074A13680133136008BDFFF7E7
:10801400A5FF0028F6D0044B1B68002BF2D098472C
:10802400F0E700BF483600204C36002010B584B07D
:1080340004464FF0FF3201A9D4F8F4080DF076FAA3
:108044000128F6D101980028F3D003681B68039A2D
:1080540002999847EDE738B504460025C0F8F05872
:10806400C0F8F4585022294600F6F8000EF0DEFF5E
:108074004822294604F648100EF0D8FF204638BDA1
:1080840010B584B004460B46114600F1F00200F628
:10809400F80002900192009323464FF400720948BD
:1080A4000DF0BAFCC4F8F0080023009304F648135A
:1080B40022460C2114200DF0E5F8C4F8F40804B0AD
:1080C40010BD00BF3180020000B585B0019102925D
:1080D400039300231A4601A9D0F8F4080DF012F90D
:1080E40005B05DF804FB000000B585B00191029273
:1080F4000393002300936A4601A9D0F8F4080DF015
:10810400B9F9009B43B1064B4FF080525A6040BF0F
:10811400BFF34F8FBFF36F8F05B05DF804FB00BF53
:1081240000ED00E0034B0360034B0B6080231360FE
:10813400704700BFA0400020A03E0020034B036016
:10814400034B0B604FF4007313607047503E0020E4
:108154005036002008B50DF0A1FCFEE710B50E4C1A
:108164000E4BE41AE40824040D4944F0020009F01B
:10817400E7FA4FF40041002009F0C6F808F0BEFF0A
:1081840044F003040749204609F0DAFA0649204678
:1081940009F0D6FA10BD00BF9871030048710300BE
:1081A4001C7703003C7703005C77030008B503E009
:1081B40009F05CF9034B1870024B1B78002BF7D1C4
:1081C40008BD00BF1C2B002008B5FFF7EFFF08BD5A
:1081D40008B504F069FD08BD30B589B0FFF7F8FFB4
:1081E400FFF7BCFF0024DCB109B030BD04F01F036D
:1081F40043EA451302930023039301220492059357
:108204000693079308AB13E903008DE8030002AB60
:108214000FCB00F055FD0135002DE7D00134E2E726
:108224002546F9E7024A0260002202718260704723
:1082340014CD03004B1EDBB2092B04D80171024B91
:1082440043F8210082607047F0400020023100EBC7
:10825400810042607047000000F1FF3C5FFA8CFC33
:10826400BCF1090F00D9704708B5054B53F820003D
:1082740013460A4601468068FFF726FF08BD00BF83
:10828400F040002000F1FF3C5FFA8CFCBCF1090FC8
:1082940000D9704708B5054B53F8200013460A4629
:1082A40001468068FFF720FF08BD00BFF0400020B2
:1082B40038B505460C468B1C00EB83035B688BB119
:1082C400002098470E4B0F4AA3EB020C4FEADC0C3C
:1082D4004FEA0C4C2B7922460B494CF0040009F070
:1082E4003FFA38BD0648074BC01AC00800042B7972
:1082F4000A46064940F0040009F032FAF1E700BFEB
:108304009871030048710300707703009C770300A1
:10831400704770477047406820B108B503689B6890
:10832400984708BD704738B504460D464068036851
:108334005B6898476368A36065602B681B68284680
:10834400984738BDC068003818BF0120704710B581
:10835400044603681B6898472046FFF7F3FF20B1E3
:10836400E368A36063600023E360606803681B68DC
:10837400984710BD436898687047000030B583B0D3
:108384000446084611461A46069B63608902074D57
:10839400A5FB015104F10805019500930023890907
:1083A4000DF010FF2060204603B030BDD34D6210A5
:1083B40030B583B0056865B10DF0BEFB02460024FC
:1083C40000942346012128460DF028FF204603B0DF
:1083D40030BD0120FBE730B583B00546006898B195
:1083E4000A4600240094234604210DF017FF2D684B
:1083F4000DF0A2FB024600942346012128460DF00D
:108404000DFF204603B030BD0120FBE7006850B1EA
:1084140000B583B000220092134603210DF0FEFE46
:1084240003B05DF804FB704730B583B005460068BF
:1084340098B10A4600240094234609210DF0EEFE6B
:108444002D680DF07FFB0246009423460621284642
:108454000DF0E4FE204603B030BD0120FBE70068C8
:1084640050B100B583B000220092134608210DF0EC
:10847400D5FE03B05DF804FB7047704710B5036880
:108484001B681878044C01382146C0B205F0EAFE96
:10849400B4F9000010BD00BF2241002030B589B0FE
:1084A40001900C460178254B00221A705A709A707C
:1084B400DA70022018715A719A71D9711A722049AE
:1084C400204805F009FE58B9019B187801381B496A
:1084D400C0B205F063FE40B901AB029303AD0EE0F8
:1084E400194A262106F098FBEEE7174A272106F0E1
:1084F40093FBF1E702A8FFF7C1FF25F8020B08ABD5
:108504009D42F7D1002303AA02E032F9021B0B4477
:1085140008A98A42F9D10D4A82FB0312DB17C3EB87
:10852400A2031BB2C3EB0313C3EB03139B09238006
:1085340005F0F6FF002009B030BD00BF184100204F
:108544007F84020038CD0300C8770300676666663F
:1085540008B5094B1B68BFF35B8F13F0010F01D003
:10856400064808BD04480EF091FD0028F8D00248E2
:108574000EF0A0FDF4E700BF284100202C410020AC
:1085840030B583B00446002540F8045B074A0094E4
:108594002B4606CA00F0F6FD2022294604F14400C9
:1085A4000EF044FD204603B030BD00BF3CCD0300B7
:1085B40010B51048104BC01AC00800040F4940F011
:1085C400030009F0BDF8FFF7C3FF0D4C21460D4829
:1085D400FFF764FF0AF02CFBB4F9003040F21452A8
:1085E40002FB03F3084A82FB0312DB17C3EBA2135B
:1085F400038010BD987103004871030024780300C0
:1086040024410020202B0020D34D621008B5FFF731
:10861400CFFF08BD08B50278094B1A70094A5A60A1
:10862400436843B1996911609B8B9380064B1B6827
:108634000348984708BD034B00221A609A80F5E767
:108644003841002030410020504100207047000094
:1086540008B50A480A4BC01AC0080004094940F08A
:10866400030009F06DF8084802F0BEFC00B908BD2B
:10867400064A2E2106F0D0FAF9E700BF98710300EC
:1086840048710300447803005441002054780300E7
:1086940008B502F0C1FB08BD00B583B009F06AFC5F
:1086A40068B90023019301A9012009F059FD58B9C3
:1086B40001A809F023FE60B903B05DF804FB074A82
:1086C4003B2106F0A9FAECE7044A3F2106F0A4FA9C
:1086D400EEE7024A422106F09FFAEDE754780300E0
:1086E400084B4FF4FA725A804FF47A729A8000223F
:1086F400DA80197862F382011970C9B262F3C40195
:10870400197070474041002000B585B000230093E4
:10871400019302930393084B0093084A694608485F
:1087240002F021FC10B905B05DF804FB054A5C2198
:1087340006F072FAF7E700BF4041002019860200F4
:10874400544100205478030008B5044B1860FFF727
:10875400A3FFFFF7C5FFFFF7D7FF08BD5041002077
:1087640038B50446002313E01B4B53F825309B68AF
:1087740003B1984719481A4BC01AC008000422468E
:10878400184940F0030008F0E1FF24E00133DBB2B4
:10879400154A12789A421ED91D460F4A52F82320D0
:1087A400002AF3D01268A242F0D1204604F062FFFE
:1087B4000028D9D1084B53F825305B6803B198479A
:1087C4000648074BC01AC00800042246074940F077
:1087D400030008F0BBFF38BDC041002098710300BE
:1087E40048710300C4780300BC410020B078030042
:1087F40030B583B00446016042608360194B1B7836
:10880400022B23D80D46184B1B68ADF804301B0C03
:108814008DF8063003238DF80530144A01A9284643
:1088240004F06AFE68B90121284604F0BDFE0D4A31
:108834001378591C11700E4A42F82340204603B0A5
:1088440030BD0C4A242106F0E7F9ECE70A480B4B4B
:10885400C01AC00800040322094940F0010008F0CE
:1088640075FFEBE7BC41002044CD0300658702009F
:10887400C0410020D87803009871030048710300B8
:108884003879030008B500F0E7F908BD10B50446CF
:10889400054B0360054B0360054B1B6843600830C0
:1088A40000F068F8204610BD50CD030060CD0300F1
:1088B40068CD03000804034BA3FB0030C0F30F3062
:1088C400704700BF5917B7D108B50A4302210830D1
:1088D40000F098F808BD08B500220321083000F024
:1088E40091F808BD08B50A430421083000F08AF85D
:1088F40008BD08B50A220521083000F083F808BD38
:1089040010B50446FFF7F5FF4FF4704211462046B8
:10891400FFF7DAFF2046FFF7DEFF0F220021204693
:10892400FFF7E0FF10BD022905D0032905D0012976
:1089340005D108207047092070470A207047072096
:10894400704738B504461546FFF7EDFF01462A4641
:1089540004F1080000F056F838BD38B504460D4659
:108964001146FFF7A7FF024629462046FFF7E9FF15
:1089740038BD000030B58FB00446174B844693E8E9
:108984000700ACE803002CF8022B120C8CF8002032
:10899400012284F84C220DF11C0E03F10C0CBCE8EE
:1089A4000F00AEE80F009CE807008EE8070004F112
:1089B4000C05002304930EAB13E90F008DE80F00A0
:1089C40007AB0ECB284600F075FB284600F066FB8B
:1089D40020460FB030BD00BF6CCD030023B9017039
:1089E400130A437082707047012BF9D141F0800162
:1089F4000170F5E703780B7043784B7083788B70C4
:108A04007047000010B582B004460023415C01A801
:108A1400FFF7E4FF694601A8FFF7ECFF00210B20F4
:108A240000F02DF90322694604F10C0000F08EFBDE
:108A3400044601210B2000F022F90CB902B010BD4C
:108A44000548064BC01AC0080004054940F001005F
:108A540008F076FEF2E700BF987103004871030046
:108A64005C790300BFF34F8F0549CA6802F4E062E2
:108A7400044B1343CB60BFF34F8F00BFFDE700BF30
:108A840000ED00E00400FA053CDF70473DDF70476D
:108A9400002202707047000008B50A4B1B68BFF340
:108AA4005B8F13F0010F01D0074808BD05480EF095
:108AB400EDFA0028F8D00448FFF7EAFF01480EF069
:108AC400F9FAF1E7CC410020D0410020007870474A
:108AD40070B50646164C174BE41AE408240444F017
:108AE40002051549284608F02BFE4FF0FF310020FF
:108AF400FFF7CCFF60B9B1210020FFF7C5FF0246A4
:108B040068B10E4944F0010008F020FE002070BD59
:108B140002460B4944F0010008F018FEF6E7012371
:108B240033700849284608F00BFEFFF79BFF00BF8F
:108B340098710300487103007C790300C87903002D
:108B4400A8790300E879030010B5044603685A09BC
:108B540004D0012A13D14FF6FF7201E04FF0FF3227
:108B640003F01F0322FA03F313F0010F09D0236863
:108B74001F2B0CD903F01F032360064810BD0022ED
:108B8400EEE705494FF4F67007F0B4F9EFE74FF05C
:108B9400A040F3E700030050047A030000B583B05B
:108BA400019001A8FFF7D0FFD0F81005019BD84031
:108BB40000F0010003B05DF804FB00B583B0019040
:108BC40001A8FFF7C1FF0123019A9340C0F80C35B7
:108BD40003B05DF804FB00B583B0019001A8FFF772
:108BE400B3FF0123019A9340C0F8083503B05DF840
:108BF40004FB08B511B9FFF7E0FF08BDFFF7EBFF71
:108C0400FBE770B582B001900C4616461D4601A8DC
:108C1400FFF79AFF44EA460444EA85049DF81830B5
:108C240044EA03249DF81C3044EA0344019B03F501
:108C3400E07340F8234002B070BD00B583B00190EA
:108C440001A8FFF781FF019B03F5E073022240F8BE
:108C5400232003B05DF804FB08B5054B1B7803B96A
:108C640008BD04F007FC024B00221A70F8E700BFAD
:108C7400212B002008B5FFF791FFC0B208BD08B54D
:108C8400FFF7B7FF08BD000000B5064B01EB410C30
:108C940003EB8C0E43F82C00CEF804108EF8082059
:108CA4005DF804FBD441002008B500EB4000034B01
:108CB40053F820309847002008BD00BFD44100205D
:108CC40084B010B582B004AC84E80F000446FFF70A
:108CD400B4FF9DF820309DF82420019200939DF864
:108CE4001C309DF818209DF814102046FFF789FFCA
:108CF40002B0BDE8104004B0704730B583B00446FC
:108D04000D4601920A4601461846FFF7BDFF294663
:108D14002046FFF7C9FF024601A9204604F0ECFBF8
:108D24000121204604F040FC03B030BD00487047E8
:108D3400B8430020642242700022827001494160DD
:108D44000272704700C0014008B50248FFF7F2FF05
:108D540008BD00BFB843002030B58DB00546104CA7
:108D64000DF1180CA646BEE80F00ACE80F009EE813
:108D740003008CE803008DE8030006AB0FCBFFF77C
:108D84009FFF0DF10C0C04F1180393E807008CE825
:108D9400070000226146281D04F016FF0DB030BD07
:108DA400A8CD030008B5064B1B7803B108BDFFF737
:108DB400BDFFFFF7D1FF024B01221A70F6E700BF97
:108DC400B4430020F0B583B007EE903A4B7806EE3A
:108DD400903AF8EE666A9FED326A86EE867AF8EE8D
:108DE400E77A67EE877AFCEEE77ACDED017A9DF8B3
:108DF40004509DF8203007EE903AF8EEE77A67EEDB
:108E0400877AFCEEE77ACDED017A9DF804409DF86F
:108E1400243007EE903AF8EEE77A67EE877AFCEEB4
:108E2400E77ACDED017A9DF804E000210EE048F2E6
:108E3400070715E048F2070722E048F2070C103351
:108E44001844184B23F810C00131C9B2072925D89A
:108E54000B4604FA01F010F0800FE8D048F20D0739
:108E640002EB420C4FEACC0003EBCC0C0D4E26F87F
:108E74001C7005FA03F616F0800FDBD048F20D07DC
:108E840003F1080C8444074E26F81C700EFA03FC08
:108E94001CF0800FD1D048F20D0CD0E703B0F0BD28
:108EA4000000C842C443002010B582B0062B0BD882
:108EB400DFE803F0040C131A21282F000023019388
:108EC40000936423FFF77EFF02B010BD00230193DB
:108ED40064240094FFF776FFF6E7642301930023EC
:108EE4000093FFF76FFFEFE70023019364230093E0
:108EF400FFF768FFE8E76423019300240094FFF779
:108F040061FFE1E76423019300930023FFF75AFF15
:108F1400DAE7642301930093FFF754FFD4E70000DA
:108F240030B585B005460023009301930293039363
:108F34000E4B00934823ADF8043003E00121204692
:108F440004F03EFF2C1D204604F014FF0028F5D049
:108F540001231A466946204604F0B6FE4FF49650A3
:108F6400034B43F00103984705B030BDC4430020D0
:108F7400A0CD030008B501238B70FFF7D1FF08BD16
:108F840070B582B005460E46002401940094234631
:108F94002246FFF717FF019400942346012231462D
:108FA4002846FFF70FFF019400942346022231461E
:108FB4002846FFF707FF02B070BD10B50446002233
:108FC4008A70FFF7DDFF2046FFF7AAFF10BD00B54A
:108FD40083B0002301930093FFF7F4FE03B05DF820
:108FE40004FB10B504466423437049B102230022F4
:108FF4000146FFF759FF21462046FFF7BBFF10BD8E
:1090040000220146FFF7E3FFF5E710B504466423A9
:10901400437049B1032300220146FFF745FF21466F
:109024002046FFF7A7FF10BD00220146FFF7CFFF40
:10903400F5E710B504466423437049B106230022C2
:109044000146FFF731FF21462046FFF793FF10BD8D
:1090540000220146FFF7BBFFF5E7000010B5044608
:109064006423437079B101231A460146FFF71CFFBC
:1090740021462046FFF77EFF4FF4C850044B43F0CF
:109084000103984710BD01220146FFF7A0FFEFE757
:10909400A0CD030008B5FFF757FE08BD08B50023AF
:1090A4001A4600F12C011C3003F000FF00B908BD82
:1090B4000120FCE784B070B4844604A880E80E0064
:1090C4000B9B43B1012B0CD10CF11C041D4B0FCB9A
:1090D40084E80F0005E01C4B0CF11C040FCB84E862
:1090E4000F00079ECCF80C60049DCCF800509DF84E
:1090F40018308CF80830059CCCF804400998CCF85A
:109104001400089ACCF810200A99CCF818108CF89E
:109114003960CCF834508CF838408CF82D008CF839
:109124002E108CF82C208CF82F30FF238CF8313043
:1091340006238CF8303001238CF84032002070BCB8
:1091440004B07047E4CD0300D4CD030070B584B0FF
:109154000546144600F59F7630460DF035FFE4B21F
:1091640005F13C030096019402930394002269469E
:1091740005F1200005F048FC08B904B070BD0120D9
:10918400FBE7000010B582B08646684680E806001A
:1091940003C88EE80500CEF808300EF1180C0E4C0A
:1091A4000FCCACE80F000FCCACE80F0094E8030040
:1091B4008CE80300049BCEF814309DF8053003338B
:1091C4000EF10C020EEBC30393E8030082E80300E4
:1091D400704602B010BD00BFF4CD030008B50021F5
:1091E4002F20FFF74CFD08BD08B501212F20FFF704
:1091F40046FD08BD70470C207047000008B541F2D9
:109204008733994234DC41F2883303FB01F05B1A63
:1092140090FBF3F007EE900AF8EEE77A17EE900A67
:109224000DF072FE18A3D3E900230DF053FD41ECB9
:10923400100B0DF0EBF951EC100B0DF02DFE0F4B54
:1092440003FB00F00E4A82FB0031C317C3EBA113EA
:1092540003F698530B4890FBF3F0A0F58520A0F299
:10926400FE2082FB0032C017C0EBA21000B208BD82
:109274006FF48870FBE700BFAFF30080A68C040096
:10928400D34D621090F0D73D000000000088B34039
:1092940070B50546FFF75CF9074E31460748FFF7FE
:1092A400FDF80AF095FD0446B6F900104180284601
:1092B400FFF7A4FFA08070BD54440020242B00209D
:1092C40008B5FFF7E5FF08BD0020704708B540F278
:1092D400DC520321FFF741FB08BD08B5002202213F
:1092E400FFF73BFB08BD08B50A460121FFF735FB34
:1092F40008BD08B50C2904D94FF4C861FFF7F3FF82
:1093040008BD01EB810101EB8101890001F5C87100
:1093140089B2FFF7E8FFF3E708B564220021FFF7FD
:109324001CFB08BD10B50446FFF7D0FF2046FFF72D
:10933400D4FF4FF4C8712046FFF7D5FF2046FFF74E
:10934400EBFF10BD08B5FFF7DBFA08BD30B583B0FD
:109354000446FFF79BFA20252A46002104F51670DF
:109364000DF064FE2A46002104F51E700DF05EFE29
:109374000025A4F89852A4F89A520C4A00942B465B
:1093840006CA04F52770FFF7FDFE094A00942B4630
:1093940006CA04F53770FFF7F5FE2046FFF7D2FF43
:1093A4002046FFF7BFFF204603B030BD2CCE03009C
:1093B40024CE0300BFF34F8F0549CA6802F4E0626C
:1093C400044B1343CB60BFF34F8F00BFFDE700BFD7
:1093D40000ED00E00400FA054FF08053D3F830317B
:1093E400082B01D000207047012070474FF08053B4
:1093F400D3F83031082B01D000207047012070478A
:109404004FF08053D3F83021D3F83431082A01D0F7
:1094140000207047002B04D8DFE803F0010001208E
:109424007047002070474FF08053D3F83021D3F8B1
:109434003431082A01D000207047002B04D8DFE81B
:1094440003F0010001207047002070474FF0805363
:10945400D3F83021D3F83431082A01D000207047E2
:10946400002B04D8DFE803F001000120704700203E
:1094740070474FF08053D3F83021D3F83431082AA1
:1094840001D000207047002B04D8DFE803F001006E
:1094940001207047002070474FF08053D3F83031DB
:1094A400082B01D000207047012070474FF08053F3
:1094B400D3F83021D3F83431082A01D00020704782
:1094C400032B01D8002070470120704708B5FFF72F
:1094D400EDFF38B14FF01023D3F808224FF080434A
:1094E400C3F8582508BD0000024BD3F80034002B04
:1094F400FAD0704700E0014008B5034BC3F80405F7
:10950400FFF7F2FF08BD00BF00E00140014B024A33
:109514001A607047282B00200090D00338B5FFF75D
:109524005BFF40B14FF080430022C3F80C21C3F825
:109534001021C3F83825FFF759FF002846D04FF013
:109544008052D2F80414554BC3F82015D2F80814ED
:10955400C3F82415D2F80C14C3F82815D2F8101443
:10956400C3F82C15D2F81414C3F83015D2F8181413
:10957400C3F83415D2F81C14C3F84015D2F82014DB
:10958400C3F84415D2F82414C3F84815D2F82814A3
:10959400C3F84C15D2F82C14C3F85015D2F8301473
:1095A400C3F85415D2F83414C3F86015D2F838143B
:1095B400C3F86415D2F83C14C3F86815D2F8401403
:1095C400C3F86C15D2F84424C3F87025FFF718FFCC
:1095D40018B1334B334AC3F88C26FFF724FF18B174
:1095E400314BFB22C3F81825FFF730FF70B14FF061
:1095F4008041D1F8E43E23F00F034FF08052D2F8BB
:10960400582202F00F021343C1F8E43EFFF731FF82
:1096140020B1264B4FF40072C3F84026FFF73CFFFD
:1096240060B14FF08043D3F8003413F0010F05D03C
:109634004FF080436FF00102C3F800241C4AD2F8B3
:10964400883043F47003C2F88830BFF34F8FBFF300
:109654006F8FFFF73BFF4FF01023D3F80032002B3E
:1096640008DB4FF01023D3F80432002B02DBFFF7A2
:109674004DFF38BD0120FFF73FFF4FF010241225A6
:10968400C4F80052FFF730FFC4F80452FFF72CFF70
:109694000020FFF731FFFFF78DFE00BF00C0004040
:1096A400005000404881030000F000400090024058
:1096B40000ED00E048B300B5864642B34FF0000C1D
:1096C40006E01EF80C00604480B201301FFA80FCF2
:1096D4000CF10100884207DA10886045F1D80EEBDE
:1096E4000C0040789842ECD18C4512D20CF1020364
:1096F4009BB21EF80C0078B1013880B250B103EB74
:10970400000C61450ADB138004E000207047002050
:1097140000E000205DF804FB0020FBE70020F9E7EF
:1097240070B582B00023ADF80630DAB104461646AF
:1097340009230DF10602FFF7BDFF0546BDF806300B
:109744001C448BB198B130460DF027FCA84201D0DF
:1097540000200AE02A46214630460DF0FBFB40B1CA
:10976400002002E0002000E0002002B070BD0020D4
:10977400FBE70120F9E7000000230BB1002070474C
:1097840003EB8302054931F82220824201D00133E0
:10979400F3E703EB830301EB830070477C44002071
:1097A40030B5B0F804C002EB0C04944594BFACEBA4
:1097B4000C0CACEB020CC2889D189A4294BF921A0E
:1097C400D21A4B88B0F800E073450ED34088834228
:1097D4000DD88B8863450CD3A3420CD8CB88934215
:1097E4000BD3AB420BD8012000E0002030BD002099
:1097F400FCE70020FAE70020F8E70020F6E7002065
:10980400F4E7000008B5024B9B6903B1984708BD13
:109814006044002010B58088FFF7AEFF38B10446DD
:10982400406805F0E7FA18B94FF6FF73238010BDBE
:10983400FFF7E8FFF8E7000000B583B002460B46E7
:10984400497A69B9197A41B90D494968586805F0E6
:1098540079FA88B1FFF7D6FF0EE009498968F5E780
:1098640000211972064B5B6933B101218DF8041094
:10987400ADF8060001A8984703B05DF804FB00BFEB
:109884006044002070B5C37B8688012B1DD104463B
:109894004FF6FF70FFF770FF0546B8B1068000234E
:1098A40003720F4B03CBC5F80A00C5F80E104FF630
:1098B400FF7340F2F31204F1100105F10A00FFF7FF
:1098C4006FFF6872074BDB8923B170BD0420FFF77B
:1098D40099FFFAE729463046FFF7AEFFF5E700BFE8
:1098E400584400206044002070B504468688304601
:1098F400FFF742FF70B105464FF6FF7340F2F312D3
:1099040004F108010A30FFF74BFF6872294630461C
:10991400FFF792FF70BD0000C288124BDB899A42A8
:1099240000D0704770B50446038A022B00D070BD86
:1099340085882846FFF720FF06460028F7D004F163
:10994400120000F0C9F920B131462846FFF774FF30
:10995400EDE7706805F04EFA0028E8D0FFF752FFF3
:10996400E5E700BF6044002008B50388122B0FD040
:1099740006D8102B09D0112B09D1FFF74BFF06E0B5
:10998400502B04D1FFF7C8FF01E0FFF77BFF08BDB0
:10999400FFF7AAFFFBE7000008B50146014806F0FF
:1099A40065FB08BD90440020F0B583B00190B9B1C7
:1099B40016460F46019D85B9284603B0F0BD013413
:1099C400132CF9D8214601A806F050FB0028F6D044
:1099D4003146A0B2B8470135F1E700242546EFE748
:1099E4000025E9E7132801D90020704738B504465B
:1099F400054D0146284606F012FB2146281F06F0B5
:109A04000EFB012038BD00BF9844002038B5054640
:109A1400002407E0054800EB84002946043006F0E2
:109A240018FB01341D2CF5D938BD00BF904400202B
:109A340008B50146014806F00CFB08BD9844002017
:109A440008B512B106F0EBFA08BD06F002FBFBE71D
:109A540030B583B00546019100230360019B93B99F
:109A6400284603B030BD0134132CF9D8214601A88F
:109A740006F0FCFA0028F6D02B685A1C2A6005EB85
:109A840043039C80EFE70024EEE7000010B598B094
:109A9400134A9368DB431793516817A806F04EFBEB
:109AA40017996846FFF7D4FF0DF1300C6C460FCCC4
:109AB400ACE80F000FCCACE80F0094E807008CE88A
:109AC4000700002407E018AB03EB440333F82C0C25
:109AD400FFF79CFF01340C9BA342F4D818B010BDCF
:109AE4009044002070B5044685880388103B0A2BF7
:109AF4001ED8DFE803F0061A1D1D1D1D1D1D1D3B8C
:109B04001E00FFF7C3FF2846FFF76CFF38B1E37B65
:109B1400022B0DD129461B4806F081FA08E01A4AA7
:109B2400F021042005F078F802E02846FFF780FFD2
:109B340070BD027A1609154C3F2A94BF00220122F7
:109B440029462046FFF77CFF022E94BF0022012203
:109B54002946201FFFF774FF012E94BF0022012223
:109B64002946A4F10800FFF76BFFE1E7037A002B15
:109B7400DED1427AC2F3C00229460448FFF760FFEF
:109B8400D6E700BF9C440020547A0300A844002078
:109B9400132801D90020704708B50146014806F092
:109BA40065FA08BD9444002010B50446FFF7F0FFA1
:109BB40008B9002010BD2146034806F057FA08B939
:109BC4000120F7E70220F5E79C44002010B5044685
:109BD400FFF7DEFF08B9002010BD2146034806F058
:109BE40045FA08B90120F7E70220F5E79844002078
:109BF40010B50446FFF7CCFF00B910BD214602485A
:109C040006F034FAF9E700BFA044002010B504467A
:109C1400FFF7BEFF00B910BD2146024806F026FA40
:109C2400F9E700BFA444002010B50446FFF7B0FFD5
:109C340000B910BD2146024806F018FAF9E700BF42
:109C4400A844002038B505460C460846FFF7A4FE94
:109C540008B9002038BD2846FFF79AFF0028F8D03D
:109C64000634044800EB84002946043006F0FEF96B
:109C7400F0E700BF9044002070B506460C46154638
:109C84000846FFF789FE00B970BD3046FFF780FF34
:109C94000028F9D00634044800EB84002A463146F3
:109CA4000430FFF7CDFEEFE79044002070B5044682
:109CB4000E461546FFF770FE08B9002070BDA01DC2
:109CC400044B03EB800358682A463146FFF76CFEC9
:109CD400F4E700BF90440020007800F001007047D2
:109CE400A0DF7047A1DF7047ADDF7047B3DF704777
:109CF400B4DF70478379012B01D0002070470379CA
:109D0400012B01D000207047428842F602139A4288
:109D140001D0002070470120704738B504464088C0
:109D240000F050FEA080002505B138BD204601F0AA
:109D34001DFF0135F8E700B587B0002301930293B6
:109D440003930493059308238DF80430ADF80600BB
:109D5400039101A8FFF7E1FF07B05DF804FB0000E1
:109D640070B586B000230193029303930493059383
:109D7400ADF806004FF6FF7398422ED0044600F06B
:109D8400CFFC054611283FD015D8D0B10B2826D1D9
:109D940010238DF804301D481D4BC01AC008000460
:109DA40022461C4940F0020007F0D0FC01A8FFF74E
:109DB400B4FF00220CE043F2020398420FD10022C8
:109DC40006E00F238DF8043001A8FFF7A6FF002258
:109DD400114B19782046FFF74FFF06B070BD0B4EAC
:109DE4000B4BF61AF6083604284607F0D1F802465B
:109DF40023460A4946F0010007F0B2FC29462046F2
:109E0400FFF799FF0022E3E70122E1E7F071030085
:109E140048710300F07A030011450020707B0300B1
:109E240008B5FFF79DFF08BD10B5044600F0DAFC45
:109E340000B910BD0122034B19782046FFF71CFF1F
:109E4400F7E700BF1045002010B582B0044600F0CB
:109E5400B9FD00236A46092101F0CAF9052801D099
:109E640002B010BD0122034B19782046FFF704FF0E
:109E7400F6E700BF0E45002008B500220649074B4F
:109E84001878FFF713FF00B108BD00220449054B01
:109E94001878FFF70BFFF7E7C5A002001245002072
:109EA400DD9E02000E45002008B500220249034B46
:109EB4001878FFF7FBFE08BDDDA102001045002065
:109EC40008B500220249034B1878FFF7EFFE08BDDE
:109ED400259E02001145002010B582B004460023DF
:109EE400019342F6A623ADF8043001238DF8063021
:109EF400084B1B6800936A4601A9FFF7F1FE08B1FD
:109F040002B010BD0122044B19782046FFF7B4FEBD
:109F1400F6E700BF3CCE03000D45002010B5044613
:109F240038B12368012B09D1BFF35F8F002323606D
:109F340010BD0549922005F0DDFFF2E702499320A8
:109F440005F0D8FFF0E700BFC47B0300F0B585B08F
:109F540006460F460DF10E00FFF7C8FE10B90124A6
:109F640000250DE01A494FF4997005F0C3FFF6E798
:109F7400BDF8002042F602139A421DD00134A4B267
:109F8400BDF80E30A3421FD90223ADF804300022DD
:109F9400ADF80620CDF808D069462046FFF7A8FEA4
:109FA400034690B9002DE3D1BDF8002042F6052305
:109FB4009A42E3D10125E1E7029701AA21463046FE
:109FC400FFF792FE034600E00523184605B0F0BDF6
:109FD4001C7C030010B5044648B10121204606F05C
:109FE40082F8BFF35F8FB0FA80F0400910BD0249D8
:109FF400852005F07FFFF0E7C47B030070B586B0D1
:10A00400054600F0EDFA112847D0044619D8002877
:10A0140046D00B2847D0254E254BF61AF6083604B1
:10A02400204606F0B5FF02462B46224946F00100C1
:10A0340007F096FB21462846FFF77DFE00242246C2
:10A0440023E0862806D043F202039842E3D1002499
:10A0540022461AE000260196029603960496059677
:10A0640007238DF80430ADF806501048104BC01A81
:10A07400C00800042A46104940F0020007F066FBBD
:10A0840001A8FFF74AFE344632460C4909782846AF
:10A09400FFF7F2FD204606B070BD00240122F4E76C
:10A0A40001240022F1E700242246EEE7F0710300C8
:10A0B40048710300F87C0300C07C030012450020B3
:10A0C40010B504460648FFF785FF00B910BD2046C9
:10A0D400FFF794FF0028F9D10148FFF71FFFF5E7C8
:10A0E4001445002070B586B0044600F08FFB054689
:10A0F40011280CD8112848D8DFE800F01747474743
:10A10400474733472847474747474747475D43F251
:10A114000203984252D043F20143984235D120467B
:10A12400FFF71EFE0025012222E000230193029383
:10A1340003930493059311238DF80430ADF806407E
:10A1440001A8FFF7EAFD01252A4611E001A92046EE
:10A15400FFF7FCFE28B9BDF8043013B10025012235
:10A1640006E0204600F02EFC00F082FB00252A4683
:10A17400144B19782046FFF77FFD2A46124B1978B5
:10A184002046FFF779FD06B070BD104E104BF61A4D
:10A19400F6083604284606F0FBFE024623460D491F
:10A1A40046F0010007F0DCFA29462046FFF7C3FD1C
:10A1B40000250122DCE700250122D9E70025012240
:10A1C400D6E700BF104500200F450020F0710300C2
:10A1D40048710300387D030010B50446044B197818
:10A1E400FFF730FD00B110BD2046FFF77BFFFAE713
:10A1F4000F450020037803B1704710B5044640882A
:10A20400FFF7AEFD6088FFF70FFE6088FFF71CFEC6
:10A21400FFF732FE10BD000010B582B00378092BA1
:10A2240003D0FFF729FE02B010BD0446437A002B89
:10A23400F7D1037A072B1DD0082B2CD0012BF0D19A
:10A244006A460121808801F09DFA0028E9D1019B2A
:10A254001B78002BE5D0A08800F0E8FB4FF6FF73D5
:10A264009842DED00122104B1978FFF705FDFFF765
:10A274001BFED6E7808800F0D9FB04464FF6FF7337
:10A284009842CED00122094B1978FFF7F5FC2046FD
:10A29400FFF7DAFDC5E7064B1B68012BC1D1044863
:10A2A400FFF73CFEBDE700BF10450020124500202B
:10A2B4001445002030B583B004460D4600220092B8
:10A2C40001920123ADF8003009238DF80230104BC0
:10A2D4001978FFF7D1FC5DB10E4B0193204600F0D5
:10A2E40071FB0022694600F0F5FF18B903B030BDD8
:10A2F400094BF2E7094C0A4AA41AE408240406F0BC
:10A3040047FE0246074944F0020007F01FFAEDE752
:10A314000E45002038CE030034CE0300F071030054
:10A3240048710300787D030030B587B00446858802
:10A334000388353B1F2B14D8DFE803F0499413132B
:10A3440013131313131313131313131313131313D9
:10A35400131313131313133B131013192846FFF786
:10A36400FFFCFFF7ADFDFFF79FFD07B030BD0024F4
:10A374000194029403940494059412238DF80430F8
:10A38400ADF80650284600F01DFBADF8080000F0BB
:10A394006FFA22464D4B19782846FFF76DFC22468A
:10A3A4004B4B19782846FFF767FC01A8FFF7B5FC6B
:10A3B400D7E70630FFF79EFC0028D2D00122454B98
:10A3C40019782846FFF758FCFFF756FDC9E7424BBA
:10A3D40019782846FFF736FC0028C2D000223E4BED
:10A3E40019782846FFF748FCE288B2F5857F10D03B
:10A3F400A2B96289012A1CD1A289012A24D0374832
:10A40400374BC01AC0080004364940F0020007F078
:10A414009DF900212846FFF74DFFA2E72F48304B56
:10A42400C01AC0080004304940F0020007F08EF959
:10A43400EFE72A482A4BC01AC00800042B4940F011
:10A44400020007F083F9D7E70022E1892846FFF7E5
:10A4540049FC0028DDD10122254B19782846FFF755
:10A464000BFC7EE7224B19782846FFF7EBFB00280C
:10A474003FF477AF00221E4B19782846FFF7FCFB08
:10A48400E28852B9E289012A13D1217C003918BF2C
:10A4940001212846FFF70EFF63E71048104BC01A4E
:10A4A400C0080004104940F0020007F04FF90021F1
:10A4B400EFE70A480A4BC01AC0080004094940F0F3
:10A4C400020007F043F90021E3E700BF0F45002035
:10A4D40010450020124500200D450020F0710300B6
:10A4E40048710300507E0300D87D0300147E0300EE
:10A4F4000C450020AFDF7047B1DF7047B2DF704713
:10A50400B3DF704738B50446808800F08FFA608066
:10A51400002505B138BD204601F02CFB0135F8E7D4
:10A5240030B589B0224B93E8030008AB03E903007C
:10A534000BE007238DF8043001A8FFF7E3FF35E0B3
:10A544001C4C208800F045FF20801A4B18884FF6D9
:10A55400FF7398422AD0002206A900F0BBFE0446ED
:10A564000028EDD0002301930293039304930593F1
:10A57400104B1B88ADF80830112817D08628D8D086
:10A584000D4D0E4BED1AED082D0406F001FD0246AB
:10A59400084B1B880A4945F0010007F0E1F808233D
:10A5A4008DF80430039401A8FFF7ACFF09B030BD67
:10A5B40048CE03001A450020F871030048710300D7
:10A5C400A07E030008B5054B1A884FF6FF739A4224
:10A5D40000D108BDFFF7A4FFFBE700BF1A45002028
:10A5E4002DE9F04784B0824600F0ECF94FF6FF7392
:10A5F400984200F087800746012449E002AA082116
:10A60400384601F0BFF888B9B8F8042003998B885C
:10A614009A420DD1063128460CF09CFC40B9082121
:10A62400384601F025F9D8B90B2607E0052807D1EB
:10A634003A460821384601F073F90646002525E01C
:10A64400334C344AA41AE408240406F0A1FC02465C
:10A654005346314944F0010007F082F8032653E0E1
:10A664002B4D2C4AAD1AED082D0406F091FC03463F
:10A674003A462A4945F0010007F072F80326DDE75F
:10A6840001250821384601F0F3F818BB002D3BD012
:10A6940022460134A4B26B460821384601F078F80A
:10A6A400814638BBDDF804800323454645F8063B64
:10A6B40008F1040229465046FFF720FF0646002809
:10A6C4009CD00C28DCD0052801D00025D9E74E46C3
:10A6D4000025D6E70E4E0F4AB61AF608360406F0E1
:10A6E40057FC03463A460D4946F0010007F038F896
:10A6F4000326CBE7072802D100250C26C6E7064629
:10A704000025C3E743F20206304604B0BDE8F087F3
:10A71400F871030048710300F87E0300307F0300E2
:10A724002DE9F04182B0054600F04CF94FF6FF7375
:10A73400984205D10324002637464FF0010825E04E
:10A744006A46082101F01EF820B9019B9F1D9E88CE
:10A754001C68F2E7032400263746EEE726B14FF0E3
:10A764000008032446460FE01B481C4BC01AC008CF
:10A7740000042A461A4940F0010006F0E7FF4FF0B2
:10A784000008032000E011200B281CD12346324688
:10A7940039462846FFF7B0FE0428F4D008280CD028
:10A7A4000B28F1D114F0020F09D1002FD6D04FF0AD
:10A7B4000008032446464746E6E70020E4E74FF056
:10A7C40000080124E0E7B8F1000F02D002B0BDE8B0
:10A7D400F0810B20FAE700BFF87103004871030011
:10A7E400B07F030000B585B00DF10F03029300F0B4
:10A7F400E9F801AA012100F0C5FF20B9029B1878ED
:10A8040005B05DF804FB0020FAE7000010B504462B
:10A814001348FFF775FE90B1124C134AA41AE408CA
:10A82400240406F0B5FB0246104944F0010006F08A
:10A834008DFF032010BD43F203039842FAD14FF673
:10A84400FF72074B19882046FFF754FE43F20303B7
:10A854009842F0D1024A138801331380EBE700BF1A
:10A8640018450020F8710300487103002880030094
:10A8740000B583B084466B46064A92E8030083E839
:10A88400030000221946604600F024FD03B05DF881
:10A8940004FB00BF50CE030046DF704738B50546C1
:10A8A400002405E0044B53F824302846984701342B
:10A8B400012CF7D938BD00BF58CE030000230F2B5D
:10A8C40003D8C25C1AB90133F9E7002070470120AC
:10A8D400704778B181B108B503780A785340012BE9
:10A8E4000CD80622013101300CF034FBB0FA80F0B0
:10A8F400400908BD00207047002070470020F8E799
:10A904002DE9F04104460D4600F1110701F111084B
:10A914001022013101300CF01DFB50B90646601CB9
:10A92400FFF7CCFF30B1681CFFF7C8FF10B1012658
:10A9340000E0002606F0010641463846FFF7C9FF4D
:10A94400637C03F0FE03042B0CD0062B11D06B7C2C
:10A9540003F0FE03042B0ED0062B01D0012302E0EA
:10A96400002300E0002300B13BB946B153B10020FD
:10A9740006E00023F7E70023F5E7012000E00020CC
:10A98400BDE8F0810120FBE770B584B006460D46B2
:10A9940000F06AFC01AA0DF10E01072000F06CFC26
:10A9A40050B1BDF80E40AC42F4D002993046FFF7E6
:10A9B400A7FF0028EED001E04FF6FF74204604B054
:10A9C40070BD000013280DD810B50446FFF7E0F859
:10A9D40028B104EB8404054B33F8140010BD4FF682
:10A9E400FF70FBE74FF6FF70704700BF1C45002067
:10A9F400132816D838B504460D46FFF7C9F868B1D0
:10AA040004EB8404084B03EB4403D3F802202A60CC
:10AA1400DA881B7AAA80AB71002038BD43F20200A9
:10AA2400FBE743F2020070471C45002038B5054699
:10AA34004FF6FF73984216D0002401E00134A4B20B
:10AA4400132C0CD804EB8403084A32F81330AB42BD
:10AA5400F4D12046FFF79CF80028EFD001E04FF630
:10AA6400FF74204638BD0446FBE700BF1C450020A8
:10AA7400038843B9072B04D8C21892782AB9013342
:10AA8400F8E700207047012070470120704738B56F
:10AA940004460D46FFF7ECFF68B122882B889A42E2
:10AAA40008D10822A91CA01C0CF054FAB0FA80F0BA
:10AAB400400900E0002038BD30B585B0054600F0FF
:10AAC400D3FB01AA0DF10E01072000F0D5FB88B1DC
:10AAD400029C04F146012846FFF7D9FF30B904F17E
:10AAE4002A012846FFF7D3FF0028EAD0BDF80E005C
:10AAF40005B030BD4FF6FF70FAE70000132804D804
:10AB040000EB8000014B23F8101070471C45002017
:10AB140038B50546FFF78AFF0446284600F0B2FE22
:10AB240040B9132C06D804EB8404034B4FF6FF7290
:10AB340023F8142038BD00BF1C45002010B58CB08C
:10AB4400144600230AE0C3F10F0C10F80CE003F1E3
:10AB540030020DEB020C0CF830EC01330F2BF2D960
:10AB640000230493059306938DF81C3007E0C3F18A
:10AB74000F02C85C30326A4402F8200C0133022B05
:10AB8400F5D96846FFF788FE002307E0C3F10F02FA
:10AB940030326A4412F8102CE2540133022BF5D9F6
:10ABA4000CB010BD0346027802F0FE02042A01D064
:10ABB4000020704700B585B00846B3F80110DA7874
:10ABC400ADF80C108DF80E209A889B79ADF804200E
:10ABD4008DF8063002AA01A9FFF7B0FF032202A9EB
:10ABE40003A80CF0B7F9B0FA80F0400905B05DF89D
:10ABF40004FB00000388102B72D100B593B00DF153
:10AC04001C0E00F1040CBCE80F00AEE80F00BCE819
:10AC14000F00AEE80F009CE807008EE807009DF8DF
:10AC2400203003F0FE03062B1BD14FF6FF71BDF855
:10AC34001C202C4B02EB820023F8101003EB400382
:10AC44000898C3F80200BDF824C09DF82600A3F8B4
:10AC540006C018724FF6FF73994236D113B05DF8EF
:10AC640004FB00F001FB9DF820305A08032B15D992
:10AC7400022A10D102AA0DF10601072000F0FCFA05
:10AC840000B30399013108A8FFF78CFF0028F1D025
:10AC9400BDF80610CBE74FF6FF71C8E702AA0DF125
:10ACA4000601072000F0E8FA48B10399113108A819
:10ACB400FFF70FFE0028F1D0BDF80610B7E74FF6F6
:10ACC400FF71B4E74FF6FF71B1E7ADF80A20ADF8B4
:10ACD4000C1000238DF8083002A8FFF7DFFDBDE754
:10ACE400704700BF1C4500208ADF70478BDF704728
:10ACF4008CDF704790F82E3043F0040380F82E3038
:10AD0400A0230386502343860022828690F82E30A7
:10AD140062F3C40380F82E30012380F82F3070478B
:10AD24004FF4C8734385062383841823C384002304
:10AD34000385704700B587B0002301930293039302
:10AD44000493059306238DF804300B1D02930B889E
:10AD5400ADF80C3000F12E030593C36B0BB101A8C1
:10AD6400984707B05DF804FB30B587B00023019322
:10AD740002930393049305930B79012B01D007B03D
:10AD840030BD05460C460C480C4BC01AC0080004E4
:10AD94000B4940F0040006F0D3FCEB6B002BEED023
:10ADA40004228DF804202E35059522798DF808208B
:10ADB40001A89847E3E700BFA871030048710300A6
:10ADC400A88003002DE9F04105460E4691F8207055
:10ADD400B0F81C80002401E00134E4B2BC4209D282
:10ADE40006EB44124146A869FEF79AFC0346002884
:10ADF400F2D000E000231846BDE8F08190F82E3030
:10AE040003F01803082B03D0182B03D0002070473D
:10AE1400012070470120704708B5FFF767FF08BDA0
:10AE24002DE9F04186B090F82C8090F8233013B9C6
:10AE340006B0BDE8F08104468D1C00F12E0600F139
:10AE44002407FFF7E9FF002301930293039304937C
:10AE5400059343463A4631462846FFF749FF0646DE
:10AE64000D4D0E4BED1AED082D0445F004050C496B
:10AE7400284606F065FC05238DF804300296324618
:10AE84000849284606F062FC002ED1D0E36B002B63
:10AE9400CED001A89847CBE7A871030048710300FE
:10AEA400C0800300CC80030070B586B004460D4614
:10AEB40000230193029303930493059300F12E035B
:10AEC4000593FFF79BFFC8B994F8226094F82130EA
:10AED4002BBB002211460295002E3AD0914230D06D
:10AEE40003238DF80430E36B0BB101A8984704F1F8
:10AEF40060010020FFF7F8FE06B070BD02238DF854
:10AF040004300295E36B01A8984704F16001002026
:10AF1400FFF7EAFE29462046FFF782FFECE72146C9
:10AF24002846FFF74FFF034640B19DF80C2042F03E
:10AF340001028DF80C2001221146CCE700220121E8
:10AF4400C9E700238DF8043029462046FFF768FF3F
:10AF5400C9E7002BC4D000238DF8043029462046CD
:10AF6400FFF75EFFBFE700283CD038B50D46044626
:10AF7400C263232200210CF059F84DB32B7984F8D5
:10AF840023302B7B84F82C302B68CBB1186859689C
:10AF94009A68C4F82E00C4F83210C4F836209B898D
:10AFA4006387AA6882B104F124031068516803C35B
:10AFB40004F1400323661F23A4F86430002038BD45
:10AFC4002046FFF797FEECE72046FFF7A9FEEFE7E0
:10AFD4002046FFF78FFE2046FFF7A2FE002384F8E9
:10AFE4002330E5E70E20704710B586B0002837D02F
:10AFF4000446002301930293039304930593FFF7FC
:10B004000BFF2046FFF7FAFE30B1E36B23B10122B8
:10B014008DF8042001A8984704F1600104F12E0082
:10B02400FFF762FE0446082800D068B90D480E4BAD
:10B03400C01AC00800040D4940F0040006F080FB6B
:10B044000024204606B010BD0648074BC01AC008AD
:10B0540000042246064940F0010006F077FBF0E7C1
:10B064000E24EEE7A8710300487103000881030071
:10B07400E480030008B50346084603F108021946B4
:10B0840031F8043B1B2B0AD01D2B04D0102B05D107
:10B09400FFF750FE02E01146FFF706FF08BDFFF779
:10B0A40063FEFBE7A0F5804080B2704700F5804066
:10B0B40080B27047A0F5804080B2704701380828FC
:10B0C40006D8DFE800F007050507070707070700AC
:10B0D400002070470120704738B505464FF6FF73CE
:10B0E4004380002404B138BD284600F017FB013426
:10B0F400F8E700B587B00023019302930393049308
:10B10400059308238DF80430ADF80800039101A8D5
:10B11400FFF7E2FF07B05DF804FB000030B587B02D
:10B124000023234A1370019302934FF6FF7000F03B
:10B13400B3FC044606E0204600F056FC204600F02E
:10B14400ABFC04464FF6FF739C420AD02046FFF73F
:10B15400A9FF01AA03A904F0E1FD48F2096398429A
:10B16400E9D04FF6FF739C4201D107B030BD2046B1
:10B17400FFF798FF04F090FD054648F207639842F4
:10B1840012D00028F1D00B480B4BC01AC0080004A1
:10B1940023462A46094940F0010006F0E1FA29460F
:10B1A4002046FFF7A6FFE0E7014B01221A70DCE717
:10B1B400EC4500201872030048710300208103004D
:10B1C40070B582B00E461546002300930193FFF735
:10B1D40069FF04463046FFF76DFF01466B462A4679
:10B1E400204604F07FFD08B902B070BD0520FBE7DE
:10B1F400F0B587B0FF282DD805460C4617461E46E5
:10B204000846FFF75BFF38B303AA21462846FFF739
:10B21400D7FF28BB01A903A804F0D2FC054608BB4C
:10B22400BC70019B5B883B8076B19C003368A34271
:10B2340028BF23461E461A46029978680BF0C4FEBE
:10B24400B44203D90C2508E0029B7B6003A804F0F8
:10B25400E3FC02E0072500E00725284607B0F0BD1F
:10B264000525FAE70525F8E7024B00221A605A6023
:10B27400704700BFE4450020F0B587B007460E468E
:10B284001446FFF71BFF18B90125284607B0F0BD87
:10B2940005463846FFF70EFF0D4A03A904F030FDBA
:10B2A40008B10025F1E701A903A804F089FC08B15D
:10B2B4000025EAE7A770019B5A882280029A6260FF
:10B2C4009888FFF7F3FE308003A804F0A5FCDCE7C0
:10B2D400E4450020F0B587B0FF2856D806460C4652
:10B2E40017468D782846FFF7E9FE00284FD03046F0
:10B2F400FFF7D8FEADF80C002846FFF7DBFEADF8EB
:10B304000E0063680493238805936A46A178304647
:10B31400FFF756FF05281AD003A9684604F0B2FCCB
:10B324000446E4B148F20D639C4220D848F202631B
:10B334009C421CD3A4F50643023B0B2B17D8DFE831
:10B3440003F0141616162A0C16161616160C03A954
:10B35400684604F091FC0446E3E7112418E0BFB109
:10B364003946684604F0E8FC12E0102410E00B486B
:10B374000B4BC01AC008000433462246094940F06A
:10B38400010006F0EDF9032402E0072400E007249D
:10B39400204607B0F0BD8624FAE700BF1872030008
:10B3A400487103006C81030008B54FF6FF7000F08C
:10B3B40001FB08BDFF2806D808B500F003FBFFF722
:10B3C400ADFE002008BD0720704708B500F01AFB49
:10B3D40008BD08B500F048FB08BD08B500F05CFBEB
:10B3E40008BD4FF6FF7303808370FF234372837A93
:10B3F40023F002038372DBB223F001038372002380
:10B4040003724360704700000B68032B14D810B418
:10B4140003EB4302094C34F82220824204D0013366
:10B42400032BF5D9002004E00B6003EB430304EB8A
:10B4340083005DF8044B704700207047F0450020FE
:10B4440030B583B005460C460023019301A9FFF7EC
:10B45400DBFF06E0019B0133019301A92846FFF7B6
:10B46400D3FF48B18378A342F4D1837A13F0030F56
:10B47400F0D14368002BEDD103B030BD0023032B82
:10B484000DDC03EB4301074A02EB8102526882425E
:10B4940001D00133F3E7034800EB8100704700203B
:10B4A400704700BFF045002008B5FF214FF6FF703C
:10B4B400FFF7C6FF08BD58B170B50D4614460646E1
:10B4C400FFF7F2FF306010B1058033689C7070BDE7
:10B4D4007047000038B50546002405E0044B53F8D6
:10B4E4002430284698470134032CF7D938BD00BFCF
:10B4F40060CE030003EB83031B019BB281704260A7
:10B504009B080380704708B59BB2FFF7F3FF08BDA3
:10B514008378013B072B13D8DFE803F007121212DC
:10B52400120A040D1423038070470123038070471B
:10B5340001230380704743689B8809339B08038079
:10B544007047000038B50546002406E0697A2144B6
:10B55400C9B2054800F093FC01342B7AA342F5D814
:10B564002846FFF73EFF38BD2046002030B583B0A3
:10B57400044600230093019383788DF80230417AC6
:10B584002D4800F068FC20B30246237AA17868466F
:10B59400FFF7B9FF6846FFF7BBFF224632F8040BFA
:10B5A4006946FFF797FE112838D01FD860B30728E3
:10B5B40032D0224D224BED1AED082D0405F0E8FCA3
:10B5C400024623881F4945F0010006F0C9F803200C
:10B5D40022E01A481A4BC01AC0080004627A1A49B9
:10B5E40040F0010006F0B2F8032015E08628E0D10F
:10B5F400A37A23F00203A372DBB243F00103A37224
:10B60400124B01221A7007E0A37A23F00203A372FB
:10B61400DBB223F00103A37203B030BDA37A43F07D
:10B624000203A372DBB223F00103A372074B0122CE
:10B634001A700020F0E700BF2046002010720300BB
:10B644004871030018820300D8810300ED450020EF
:10B6540030B587B00446FFF789FF10B9012007B061
:10B6640030BD4FF6FF72ADF806202288ADF80820F1
:10B67400862807D107238DF8043001A8FFF72AFF95
:10B684000020ECE708228DF804200390074D084AB7
:10B69400AD1AED082D0405F07BFC0246238805490C
:10B6A40045F0010006F05CF8E7E700BF1072030004
:10B6B400487103004882030038B5164B1B783BB32E
:10B6C40005460024134B1C700DE0124B01221A7026
:10B6D40001B93DB104EB44000F4B03EB8000FFF7CD
:10B6E400B7FFA8B10134032C12D804EB44020A4B6F
:10B6F40003EB82039B7AC3F3400113F0020FE4D1FE
:10B70400054B03EB82039B7A13F0010FEAD0DCE7CD
:10B7140038BD00BFED450020F045002038B5044693
:10B72400C068FFF7ABFE23780A2B0AD0142B15D080
:10B73400092B1BD1637ADBB9E0B1FFF703FF0025C6
:10B744000DE0637AC3B9C8B100254560837A43F03C
:10B75400020383720A4B01221A7003E0012520467A
:10B76400FFF7B8FE2846FFF7A7FF38BD0025F6E728
:10B774000025F4E70025F2E70025F0E70025EEE7D1
:10B78400ED45002008B50023FFF732FD08BD000099
:10B79400002B59D0F0B583B006460C4615461F461B
:10B7A400CB1FDBB2012B51D8531E032B51D8FFF70B
:10B7B40047FE0190D0B1037AAB424CD1019E737A1B
:10B7C400FF2B1DD00026019B1D72597A244800F0DE
:10B7D40042FB024618B3ABB221463846FFF78AFE55
:10B7E400002E3AD0082C28D0002030E022463146E2
:10B7F40001A8FFF760FE019B002BDFD1112026E09A
:10B804002946174800F050FB70720198437AFF2BC9
:10B8140001D00126D7E7FFF7E4FD112017E0114816
:10B82400114BC01AC0080004019B5A7A0F4940F01A
:10B83400010005F08BFF032009E03B887A689B0038
:10B84400063B9380002002E00E207047072003B0DF
:10B85400F0BD0720FBE70F20F9E70020F7E700BF62
:10B86400204600201072030048710300A8820300E0
:10B8740008B5FFF7E5FD18B1FFF764FE002008BD29
:10B884000520FCE770B584B005460023039303A9A3
:10B89400FFF7BAFD044607E0039B0133039303A9B2
:10B8A4002846FFF7B1FD0446D4B1A1782846FFF736
:10B8B400DFFF0028F0D00528EED0154E154AB61A41
:10B8C400F608360405F064FB0246A37800932B4681
:10B8D400114946F0010005F04EFF032004B070BD8D
:10B8E4002846FFF767FD0028F8D00728F6D0084C53
:10B8F400084BE41AE408240405F04AFB03462A46EC
:10B90400064944F0010005F02BFF0320E6E700BFE1
:10B9140010720300487103001C8303007483030046
:10B92400CB1FDBB2012B11D870B506460C46154669
:10B934001046FFF74AFD58B121463046FFF780FD17
:10B9440040B105808470FFF711FE70BD0720704779
:10B954000720FAE70520F8E710B5044608464FF635
:10B96400FF739C4204D0FF2C0CD94FF6FF7010BD1E
:10B974004FF4807104F083FB80B2B0F5807FF6D180
:10B984002046F4E7214604F056FB80F0010010F055
:10B99400FF0F01D02046EAE74FF6FF70E7E708B54E
:10B9A4000346FF2800D908BD0846194604F051FB98
:10B9B400F9E7000008B50249FFF7CEFF08BD00BF54
:10B9C400304600204FF6FF73984209D010B5044664
:10B9D4000449FFF7C1FF844214BF0020012010BDB9
:10B9E400002070475046002038B50446044D2946CF
:10B9F400FFF7D5FF05F120012046FFF7D0FF38BD42
:10BA040030460020FF2801D90020704708B50146C0
:10BA1400014804F02BFB08BD30460020FF2801D963
:10BA24000020704708B50146014804F01FFB08BD1B
:10BA34005046002038B50D464FF6FF73984202D0A9
:10BA4400441CA4B203E0002401E00134A4B2FF2C9E
:10BA540006D82146284604F009FB0028F5D001E069
:10BA64004FF6FF74204638BD10B50A49FFF7E2FFD0
:10BA7400044604E007492046FFF7DCFF04464FF67E
:10BA8400FF739C4204D02046FFF7C8FF0028F1D181
:10BA9400204610BD3046002008B50249FFF7CAFF12
:10BAA40008BD00BF5046002038B50546002405E017
:10BAB400054B53F82430284698470134034B1B7830
:10BAC400A342F5DC38BD00BF744600207046002058
:10BAD40010B586B084880388102B06D0144B1978CF
:10BAE4002046FEF7AFF806B010BD00238DF80330F2
:10BAF4000193029303930493059301238DF8043077
:10BB04004FF6FF73ADF80830ADF8064008300390E7
:10BB14000DF10303049301A8FFF7C6FF9DF803206A
:10BB2400034B19782046FEF7A7F89DF80300DAE7DF
:10BB34002C2B0020094B1B7803B9704710B5044621
:10BB4400FFF7C6FF00B110BD2046FFF753F82046AB
:10BB540001F032F82046FEF7E7FBF4E78E460020BA
:10BB640018B108B5FFF7A0FF08BD704708B5FFF787
:10BB74009BFF08BD08B5FFF797FF08BD08B5FFF7A1
:10BB840093FF08BD2DE9F04F87B00193364B1B7826
:10BB9400002B63D083468A4691464FF6FF70FFF729
:10BBA40018FC044600230593042204920293039391
:10BBB40005AB039304AB02AA0621FFF719FB072880
:10BBC40050D04FF6FF77B8464FF0FF35002611E00E
:10BBD400059BB34201D3A0461E46AB4201D2274681
:10BBE4001D462046FFF7F5FB044604AB02AA0621D6
:10BBF400FFF7FEFA0028EBD00528F2D04FF6FF73CA
:10BC04009C421BD1984517D09F4213D00020BBF112
:10BC1400000F01D0ABF80080BAF1000F01D0CAF8D0
:10BC24000060B9F1000F01D0A9F80070019BB3B115
:10BC34001D6014E00520EAE70520E8E70B4D0C4BF6
:10BC4400ED1AED082D0405F0A3F90246234609492F
:10BC540045F0010005F084FD032000E0082007B052
:10BC6400BDE8F08F0520FAE78E460020E871030056
:10BC740048710300DC83030008B500231A460C490D
:10BC84000C48FFF77FFF052804D068B1052809D0C8
:10BC940000220AE0074B4FF6FF721A80044B002281
:10BCA4001A60F2E7012200E00122034B1A7008BD7A
:10BCB40084460020804600208D46002030B587B0A1
:10BCC40004468088FEF7B2FE60802378093B032B8C
:10BCD40000F28280DFE803F00232457D637AE3B943
:10BCE4004D4B1B6813B1E26893420ED04B4B1B784B
:10BCF400002B71D0A2884A4B1B889A426CD1237ABC
:10BD0400062B69D1FFF7B8FF66E00023424A1360AF
:10BD1400A188434A1180E3605EE0012B5CD13F4B74
:10BD24001B78002B58D0A2883D4B1B889A4253D1D4
:10BD3400237A062B50D1FFF79FFF4DE0637A002B47
:10BD44004AD1354B1B68002B46D0E268934243D15D
:10BD54000022314B1A6033490B68013B0B60E260EF
:10BD64003AE0314B1D7855B901252C4B1B7823B192
:10BD7400A2882B4B1B889A4228D085B32CE04FF61F
:10BD8400FF70FFF726FB4FF6FF739842EDD118467C
:10BD9400FFF723FB4FF6FF739842E6D10025224BB1
:10BDA4001D70019502950395049505950D238DF855
:10BDB40004304FF6FF73ADF80830ADF80630204676
:10BDC400FFF772FE01A8FFF76FFECEE7FFF754FFFF
:10BDD400D3E7154B1B7823B92046FFF765FE07B060
:10BDE40030BD0023104A137001930293039304930C
:10BDF40005930E238DF804304FF6FF73ADF8083029
:10BE0400ADF80630A36803932046FFF74DFE01A862
:10BE1400FFF74AFEE3E700BF884600208D46002076
:10BE240080460020844600208C46002008B504F09B
:10BE340002F980F00100C0B2BFF35F8F08BD08B5FE
:10BE4400BFF35F8F04F012F908BD08B5BFF35F8F2D
:10BE540004F0FFF808BD38B5054668B10C46006823
:10BE640050B1686840B1FF2907D0FFF7E8FF20B15F
:10BE74002868EB6803FB040038BD0020FCE790B1A0
:10BE840038B50C46054603681BB1406808B1FF2964
:10BE940000D138BDFFF7D3FF0028FAD021466868E7
:10BEA400FFF7D3FFF5E77047F8B550B30F460646E2
:10BEB400036843B3436843B30025FF2405E02B1B09
:10BEC4000133BB421BD00135EDB2B3689D4215D29C
:10BED40029467068FFF7AAFF18B1FF2CEFD12C4652
:10BEE400EDE7FF2CEFD005E021463046FFF7C7FF12
:10BEF4000134E4B2A542F7D8FF24E4E7FF24204646
:10BF0400F8BDFF24FBE7FF24F9E7FF24F7E77EDF12
:10BF140070477FDF704786DF704708B5FFF7F7FF8C
:10BF2400042800D008BD1120FCE719B108B5FFF7BB
:10BF3400F4FF08BD0020704738B504464088FEF77A
:10BF440041FDA080002505B138BD204600F004FE67
:10BF54000135F8E700B587B00023019302930393FA
:10BF64000493059305238DF80430ADF8060001A869
:10BF7400FFF7E2FF07B05DF804FB00B587B00023CC
:10BF84000193029303930493059308238DF80430DB
:10BF9400ADF80600039101A8FFF7CEFF07B05DF8E6
:10BFA40004FB000000B587B094460022019202927F
:10BFB4000392049205924FF0040E8DF804E0ADF85C
:10BFC40006008DF80C10ADF80EC08DF81030054B3E
:10BFD4001978FDF751FE01A8FFF7AEFF07B05DF831
:10BFE40004FB00BF302B002000B587B00023019371
:10BFF400029303930493059302238DF80430ADF860
:10C0040006008DF80C1001A8FFF796FF07B05DF845
:10C0140004FB000070B505460C4616460A460E4B56
:10C024001978FDF729FE04B970BD321E18BF01222C
:10C034000A4B19782846FDF71FFE012E14BF002273
:10C044000122074B19782846FDF716FE314628468B
:10C05400FFF7CAFFE8E700BF302B00202F2B00209A
:10C064002E2B002000B587B0002301930293039385
:10C074000493059306238DF80430ADF8060003916C
:10C0840001A8FFF759FF07B05DF804FB10B504469B
:10C094000088FDF789FD012805D0214631F8040BFD
:10C0A400FFF7E0FF10BD02462088237913F0010F4B
:10C0B40000D102220121FFF7ADFFEEE700B587B002
:10C0C40000230193029303930493059307238DF8AC
:10C0D4000430ADF8060001A8FFF72EFF07B05DF8A5
:10C0E40004FB00B587B003238DF804300388ADF852
:10C0F4000630437913F0040F0AD001238DF80C3075
:10C104008DF80D1001A8FFF717FF07B05DF804FBC9
:10C114000223F3E7F0B583B043B304460E46174653
:10C124001D4600F580706B460122072180B2FFF79F
:10C134002FFB112818D030BB5022002101980AF09F
:10C1440075FF019B1E70019901F134032B60EF60B0
:10C1540001F118032B614B1C6B611B4BEB6111311B
:10C164002046FEF745FCF0B903B0F0BD1748184B64
:10C17400C01AC0080004174A174940F0010005F02E
:10C18400E5FA0320F0E7114D114BED1AED082D04EB
:10C1940004F0FEFE02462346104945F0010005F076
:10C1A400DFFA0320E0E7094D094BED1AED082D04F1
:10C1B40004F0EEFE02462346094945F0020005F06C
:10C1C400CFFA0820D0E700BF904600202872030071
:10C1D4004871030070CE0300588503008C8503006A
:10C1E400F08503002DE9F84304460D461646184B26
:10C1F4001978FDF727FD90B1012704F58070072118
:10C2040080B2FFF735FB804608B1052809D13346D3
:10C214002A4639462046FFF7C5FEBDE8F8830227C3
:10C22400EBE70C4B0C4AA3EB02094FEAD9094FEA9E
:10C23400094904F0ADFE02462346084949F00100CD
:10C2440005F08EFA41462046FFF797FEDFE700BF70
:10C254002E2B00202872030048710300408603003F
:10C2640070B506460C4615460C4B1978FDF7EAFCEA
:10C2740000B970BD0A4B19783046FDF7E3FC28B1CC
:10C284002A4621463046FFF7ADFFF2E72B46224609
:10C2940000213046FFF786FEEBE700BF302B00207D
:10C2A4002F2B002008B503793D2B06D04FF488517D
:10C2B40000220088FFF7D4FF08BD41F23D01F7E7F3
:10C2C40008B5427902F0030201790088FFF7C8FF3C
:10C2D40008BD0000F0B585B0044600F10C063046F8
:10C2E400FEF7EAFB4FF6FF73984227D00546014656
:10C2F4002088FEF703FC002201212088FFF78AFE34
:10C304004FF6FF739D421ED1002700231A4639467B
:10C314002088FFF700FE0646082833D000283CD1C9
:10C32400A37D13F0010F4BD0002F49D1002341F21C
:10C33400060219462088FFF735FE41E02088FEF703
:10C3440041FB0546D7E702AA07212846FFF71AFA58
:10C35400A0B9039FA37D13F0010F11D097F84430C7
:10C3640013F0010F01D03437CFE7314607F146000F
:10C37400FEF78DFB0028F6D10027C6E70027C4E7A7
:10C384000027C2E70F48104BC01AC00800040F4929
:10C3940040F0020005F0D4F912E00A4F0A4BFF1AEC
:10C3A400FF083F0404F0F4FD024600952388084981
:10C3B40047F0010005F0DFF931462088FFF7DDFD85
:10C3C40005B0F0BD2872030048710300AC86030079
:10C3D4001C8703002DE9F04385B00446078800223A
:10C3E4005D4B19783846FDF747FC637913F0040F69
:10C3F4003FD007F58076B6B202AB01220721304662
:10C40400FFF7C6F9804600283AD13846FEF7DAFA33
:10C4140005464FF6FF73984249D04FF000082A466C
:10C4240007213046FFF77CFA8146002800F0868019
:10C43400862800F08880494E494BF61AF6083604DF
:10C4440004F0A6FD024600953B46464946F001002D
:10C4540005F091F949463846FFF78FFD0021204643
:10C46400FFF73FFEB8F1000F07D02846FEF750FB58
:10C4740003E000212046FFF734FE05B0BDE8F08359
:10C48400364D374BED1AED082D0404F081FD0246BC
:10C494003B46354945F0010005F062F9414638460E
:10C4A400FFF76BFD00212046FFF71BFEE5E7194669
:10C4B4000398FEF769FA05464FF6FF7398421CD0BD
:10C4C40001463846FEF71AFB284B19783846FDF723
:10C4D400B9FB804610B14FF00008A0E73846FFF7DB
:10C4E40039FD224B19783846FDF7ACFB002896D16C
:10C4F40000212046FFF7F5FDBFE7FEF755FF05468F
:10C504004FF6FF73984206D001463846FEF7F6FA16
:10C514004FF0010883E71148114BC01AC00800040A
:10C52400134940F0010005F00BF904213846FFF7E8
:10C5340024FD00212046FFF7D4FD9EE7012120467B
:10C54400FFF7CFFD99E73846FFF7B8FD01212046F4
:10C55400FFF7C7FD91E700BF302B002028720300CE
:10C56400487103001C8803008C8703002D2B0020D6
:10C57400E887030008B5037913B9FFF72BFF08BD5B
:10C58400FFF79EFEFBE7000010B586B00446144B8F
:10C5940019780088FDF756FB08B106B010BD208855
:10C5A400FDF726FB38B9012341F206020021208859
:10C5B400FFF7F8FCF1E700220A4B19782088FDF711
:10C5C4005BFB03238DF804302388ADF80630002389
:10C5D4008DF80C308DF80D3001A8FFF7ADFCDCE7C9
:10C5E4002F2B0020302B00202DE9F04188B0074686
:10C5F4000D461646FDF7D8FA044620220021684667
:10C604000AF014FD012C16D0002C4FD0002D3FD081
:10C614003846FEF7D7F94FF6FF73984227D0012C1E
:10C6240010D04FF000082B7813F0010F25D103969A
:10C63400204B07932EE000221F4B19783846FDF754
:10C644001BFBE1E71C4B19783846FDF7FBFA10B1E8
:10C654004FF00008E7E73846FFF77CFC164B1978E3
:10C664003846FDF7EFFA28B14FF00008DBE74FF04A
:10C674000008D8E74FF08508D5E7B8F1850F09D051
:10C684006B46324621463846FFF744FD58B901E06F
:10C694004FF08508012C00D000256B462A46414600
:10C6A4003846FFF736FC08B0BDE8F08143F20200DB
:10C6B400F9E700BF904600202D2B002038B5044632
:10C6C4000D46FDF771FA012802D043F2020038BD8D
:10C6D40029462046FFF729FCF9E708B50388113BF2
:10C6E400092B09D8DFE803F00508090D0808080834
:10C6F40011150430FFF7D6FD08BD0430FFF7C6FC62
:10C70400FAE70430FFF7E6FDF6E70430FFF732FFFF
:10C71400F2E70430FFF738FFEEE700000022026082
:10C7240042608260014A126802607047D846002065
:10C7340010B504461046002323606360A360E360E1
:10C74400236121706280FEF73DF9A080204610BD70
:10C7540000B583B06A460721FFF714F838B9019B86
:10C7640093F8443013F0010F02D0012000E00020C0
:10C7740003B05DF804FB38B50546002404B138BDA8
:10C784002846FFF7EDF90134F8E708B5FFF7F3FFA2
:10C7940008BD30B587B00D4614460246062101A8EF
:10C7A400FFF7C6FF0395049401A8FFF7E4FF07B061
:10C7B40030BD10B586B002460C46082101A8FFF72B
:10C7C400B7FF039401A8FFF7D6FF06B010BD000021
:10C7D40010B50446134611290DD000226BB10A4B43
:10C7E40019782046FDF748FA0022084B19782046AC
:10C7F400FDF742FA10BD0122F0E7044B19782046F8
:10C80400FDF73AFAF6E700BF312B0020342B002065
:10C8140070B586B00546112934D8DFE801F02D3310
:10C824003333333333332D33333333093333332D0A
:10C8340016461F481F4BC01AC00800042A461E494A
:10C8440040F0020004F082FF2A4604210DEB0100AF
:10C85400FFF76EFF96B1337813F0010F10D1022366
:10C864008DF80C3000238DF8103041F20113ADF82F
:10C874000E3001A8FFF77FFF06B070BD0223EFE77B
:10C884000123EDE70C460A4E0A4BF61AF608360465
:10C89400084604F07DFB02462B46084946F0010099
:10C8A40004F05EFF21462846FFF783FFE4E700BF5C
:10C8B4002072030048710300888803004089030044
:10C8C40030B585B004460D4601A8FFF727FF01AA3D
:10C8D40029462046FFF75DFF094B1A680199204657
:10C8E400FFF782FE0546012201462046FFF770FF4E
:10C8F400019A29462046FFF78BFF05B030BD00BFE3
:10C90400D046002008B50021FFF7DAFF08BD00007B
:10C914002DE9F04385B0044616461F46884689B97A
:10C9240001A8FFF7FBFE01AA00212046FFF731FF13
:10C93400DDF80490284B1B7833B99DF80D301BB9F2
:10C94400052625E04FF00009324649462046FFF708
:10C95400B5FE0546002201462046FFF739FF112D9A
:10C964001AD80123AB4042F60112134229D113F421
:10C97400003F15D04246194B19782046FDF77CF943
:10C984003246174B19782046FDF776F90026E7B9A9
:10C99400304605B0BDE8F08343F202039D4212D055
:10C9A400104E114BF61AF6083604284604F0F0FA35
:10C9B400024623460D4946F0010004F0D1FE032649
:10C9C400E5E72E46E3E72E46E1E74A4629462046B8
:10C9D400FFF71EFFDCE700BFD4460020322B002007
:10C9E400332B00202072030048710300AC8903003C
:10C9F40038B50446084B1978FDF724F90546074B6A
:10CA040019782046FDF71EF9014601232A462046DF
:10CA1400FFF77EFF38BD00BF332B0020322B0020F0
:10CA2400002943D0F8B505460C46FDF7CFF8064675
:10CA340000283DD02846FDF7C5FF0746022E14BF47
:10CA440000260126237866F3000323704FF6FF7354
:10CA5400C31A18BF0123227863F3C3022270284645
:10CA6400FDF7C6F8237860F3410323702846FDF7E9
:10CA7400CDF8237860F3820323702846FDF7D4F8B9
:10CA840030B10122237862F3041323700020F8BD2F
:10CA94002846FDF7ADF808B90022F3E73846FFF75A
:10CAA40057FE08B90022EDE70122EBE70E2070479C
:10CAB40043F20200EBE710B582B00C4600238DF878
:10CAC4000430E0238DF8043001A9FFF7A9FF9DF895
:10CAD4000430DB435BB222781A4010B912B901204A
:10CAE40000E0002002B010BD30B583B00446194BFD
:10CAF4001B6833B34088FDF77BF8014608B902464A
:10CB040021E000258DF80450237AC3F340012A461E
:10CB140061F382028DF80420D2B263F3C3028DF86C
:10CB24000420C3F38003D2B263F304128DF804200B
:10CB340001A96088FFF7BFFF80F00102D2B2294645
:10CB440001E00022012101236088FFF7E1FE03B028
:10CB540030BD00BFD846002010B504460378062B2C
:10CB640007D0132B01D1FFF7BFFF2046FFF70DFEBF
:10CB740010BD81684088FFF7A3FEF9E708B5037884
:10CB84000C2B02D8092B02D208BD142BFCD1002295
:10CB94000549064B1878FDF789F800220449054B2E
:10CBA4001878FDF783F8EFE709C90200312B00205C
:10CBB400F5C90200342B002008B5FFF78EFD0022D2
:10CBC4000549064B1878FDF771F800220449054B16
:10CBD4001878FDF76BF808BD09C90200312B002055
:10CBE400F5C90200342B00200268134600E01B68DC
:10CBF40013B18B42FBD101E00A6001607047034628
:10CC0400006808B102681A607047000038B505462C
:10CC140008B9064C04E0064C02E0436828469847ED
:10CC24002046FFF7ECFF0028F7D138BDE44600208A
:10CC3400EC46002010B5044610B1012C06D010BDFE
:10CC4400054B01225A70FFF7E1FFF6E70120024B82
:10CC54009870FFF7DBFFF2E7DC46002000B1704775
:10CC640008B5034B01225A70FFF7D0FF08BD00BF7F
:10CC7400DC46002008B505F007FA20B9074BD3F8C5
:10CC840000342BB108BD06497B2003F033F9F5E7E6
:10CC940000F0EEF9034B00229A70F3E70000014024
:10CCA400148A0300DC46002010B5104B1B784BB1EE
:10CCB40085240F4BD3F8003413B10C4B01229A7026
:10CCC400204610BD094B00229A605A601A61DA604E
:10CCD400084800F07FF9044605F0D6F918B1034B73
:10CCE40001221A70E5E700F08DF9F8E7DC46002030
:10CCF4000000014039CC020010B582B00446224B3A
:10CD04001B78D3B1204B9B78E3B114B16368012045
:10CD1400984700238DF807300DF1070002F0F0F872
:10CD2400194AD3680133D3609DF8070002F0FAF87A
:10CD3400154BDB680BB302B010BD1449F62003F0A9
:10CD4400D9F8DFE700238DF807300DF1070002F072
:10CD5400D7F81CB121460E48FFF746FF0A4BDB68A3
:10CD640043B1094AD3680133D3609DF8070002F048
:10CD7400D9F8DDE700F05CF9F3E704494FF4897072
:10CD840003F0B8F8D7E700BFDC460020148A03009C
:10CD9400EC46002000B583B0144B1B78B3B1134BA1
:10CDA400DB68CBB100238DF807300DF1070002F0EA
:10CDB400A7F80E4BDA68013ADA60DB6893B19DF8A4
:10CDC400070002F0AFF803B05DF804FB084940F235
:10CDD400171003F08FF8E2E705494FF48C7003F065
:10CDE40089F8DFE7FFF746FFE9E700BFDC460020EC
:10CDF400148A030000B583B001280DD0032823D082
:10CE040038B9184B0122C3F88020BFF34F8FBFF30A
:10CE14006F8F03B05DF804FB00238DF807300DF12C
:10CE2400070002F06DF8104B1B7853B10E4BDA6813
:10CE34000132DA6001229A709DF8070002F072F85C
:10CE4400E7E7FFF731FFF1E7074B1B7823B100F069
:10CE5400D9F8FFF79FFFDCE7044940F2522003F0C2
:10CE640049F8F4E700E100E0DC460020148A0300FE
:10CE740000B587B003788DF8043043680293836863
:10CE84008DF80C30C368049303698DF81430054B96
:10CE940053F82130044A52F8211001A8984707B0EA
:10CEA4005DF804FB00470020F046002070B584B014
:10CEB4008C46144686461EF8045B1C4A42F82540FC
:10CEC4001B4A42F825301B4B0FCB04AE06E90F007A
:10CED4009CF800308DF800309CF801308DF801305A
:10CEE4009CF802308DF802309CF803308DF8033042
:10CEF4009CF804308DF805309CF805308DF8063028
:10CF0400DCF8083002939CF80C308DF80C309CF857
:10CF14000D308DF80D3004B1074C2B46224669467E
:10CF2400704601F0B7FC04B070BD00BF004700209C
:10CF3400F046002080CE030075CE0200002807DBF7
:10CF440000F01F02400901239340024A42F82030B6
:10CF5400704700BF00E100E0002808DB4901C9B2C6
:10CF640000F1604000F5614080F80013704700F064
:10CF74000F004901C9B2014B1954704714ED00E088
:10CF840038B505460C468B1EDBB2012B03D94B1F6B
:10CF9400DBB2022B04D821462846FFF7DDFF38BD5B
:10CFA40002496B2002F0A6FFF5E700BFB88A030030
:10CFB40008B5074B1B6813F0010F00D008BD06210C
:10CFC4000020FFF7DDFF0020FFF7B8FFF6E700BF02
:10CFD40000E100E010B5044648B1084B1B795BB989
:10CFE400064B1C6001221A710020587110BD0449BF
:10CFF400A42002F07FFFF0E78520F7E71047002028
:10D00400088B030008B5084B1B793BB1FFF7D0FF31
:10D014004FF080430122C3F8182508BD0349BD2001
:10D0240002F068FFF2E700BF10470020088B0300FE
:10D0340000B583B00C4B1B7983B14FF080430022C1
:10D04400C3F80421D3F804210192019A0222C3F8FF
:10D05400042301229A6003B05DF804FB0349EA202B
:10D0640002F048FFE9E700BF10470020088B0300E7
:10D0740000B583B00F4B1B79BBB14FF08043022244
:10D08400C3F808230022C3F80421D3F80421019231
:10D09400019A0122DA604FF08043D3F8183413F474
:10D0A400803FF8D103B05DF804FB0349F72002F098
:10D0B40021FFE2E710470020088B030000B583B08E
:10D0C4004FF08043D3F800319BB14FF080430022EE
:10D0D400C3F80021D3F800210092009A0122C3F87A
:10D0E4000823104B5B7923B90E4B5A711B6800203F
:10D0F40098474FF08043D3F804317BB14FF080431D
:10D104000022C3F80421D3F804210192019A0222D7
:10D11400C3F80823034B1B680120984703B05DF84C
:10D1240004FB00BF10470020002807DB00F01F02AB
:10D13400400901239340024A42F82030704700BF5F
:10D1440000E100E0002808DB4901C9B200F16040B9
:10D1540000F5614080F80013704700F00F004901AA
:10D16400C9B2014B1954704714ED00E010B40D4CD2
:10D1740000F5A27054F8203023F44F3323F44073A5
:10D1840044F8203054F82030090201F47C51120490
:10D1940002F4403211430B4344F820305DF8044B51
:10D1A400704700BF0060004000B583B084468E46DF
:10D1B4000D4B93E8030002AB03E9030063460BE065
:10D1C40002A901EB830151F8081CD1F8200542F8AB
:10D1D400040BC1F8200501330CEB0E009842EFD884
:10D1E40003B05DF804FB00BF90CE0300430904D0F4
:10D1F400012B0BD14FF6FF7301E04FF0FF3300F02A
:10D204001F0023FA00F000F0010070470023F6E746
:10D21400034B034493F9600000F03F00704700BFE4
:10D2240018470020034B034493F96000C0F38110B6
:10D23400704700BF1847002010B5864614461AB13F
:10D2440000234FF0080C04E008234FF00C0C00E01E
:10D254000133634513D20B4A52F82320B2F1FF3F46
:10D26400F6D158B2074A02EB0E0C8CF8300042F8A3
:10D27400231034B9083B134483F860E001E04FF015
:10D28400FF3010BD18470020064B4FF0FF3243F823
:10D294002020072804D908380344FF2283F860209B
:10D2A400704700BF1847002010B50446024602210B
:10D2B4000020FFF779FF0023012B04D854F8232022
:10D2C4001AB90133F8E7002010BD0120FCE7000083
:10D2D40010B504460068FFF789FF38B123681F2B97
:10D2E4000AD903F01F032360054810BD05494FF414
:10D2F400F67002F0FFFDF1E74FF0A040F5E700BF44
:10D3040000030050047A030010B582B00C4601906B
:10D3140001A8FFF7DDFFA400019B03F5E07340F8CB
:10D32400234002B010BD00B583B0019001A8FFF7FF
:10D33400CFFF019B03F5E07350F8232022F0020293
:10D3440040F8232003B05DF804FB00B583B00190DE
:10D3540001A8FFF7BDFFD0F81005019BD84000F0ED
:10D36400010003B05DF804FB10B582B001900C46D7
:10D3740001A8FFF7ADFF019B03F5E07350F82320EC
:10D3840022F4403240F8232050F8232042EA044299
:10D3940040F8232002B010BD00B583B0019001A86D
:10D3A400FFF796FF019B03F5E07350F82300C0F3E9
:10D3B400014003B05DF804FB00B583B0019001A8FF
:10D3C400FFF786FF0123019A9340C0F8203503B08C
:10D3D4005DF804FB2DE9F041064645E0032126E013
:10D3E400B8F1010F36D14146284698470134032C41
:10D3F40036D81F4B234493F96030B3F1FF3FF5D087
:10D404002046FFF705FF0546C20800F00701012387
:10D414008B40B25C1342E9D02046FFF703FF8046FD
:10D424002846FFF7B9FF07460228D7D0022128462D
:10D43400FFF79AFF2846FFF7BFFF0D4B5A1992F9E1
:10D44400302053F82230002BD0D0B8F1030FCAD0CB
:10D45400022FC5D0032FC9D1B8F1020FC6D1C2E73C
:10D464003046FFF721FF08B10024C0E7BDE8F08192
:10D474001847002030B583B01C4B93F86A5095BB15
:10D484002C4601E00134E4B22F2C0FD82046FFF7DC
:10D49400ADFE0028F6D0154B2344FF2283F830203C
:10D4A400F0E72846FFF7F0FE0135EDB20B2DF8D971
:10D4B4000F4D00242C60AC8006210846FFF742FE85
:10D4C4000620FFF731FE0B4BC3F87C41D3F87C21D7
:10D4D4000192019A4FF00042C3F804230123AB7177
:10D4E400204603B030BD0820FBE700BF18470020EA
:10D4F4007C4700200060004070B504460D46164687
:10D50400FFF774FE38B1254B234493F93030002BD8
:10D5140007DB082070BD22494FF40C7002F0EAFCCE
:10D52400F1E7AA78C2F3400231462046FFF784FEB1
:10D534000646B0F1FF3F2FD0AB7813F0040F0FD1A4
:10D5440013F0010F1CD02046FFF7EDFEE30804F0B2
:10D55400070C1448C25C012101FA0CF10A43C254BD
:10D56400AB7813F0020F10D1083E0C4B334493F9FF
:10D574006020297842EA811283F860200020C9E7FC
:10D5840069782046FFF7C0FEE0E72A782146304656
:10D59400FFF7ECFD0020BDE70420BBE7184700209F
:10D5A400A88B03007C47002030B583B004460D46A9
:10D5B400FFF71CFED0B12C4B234493F93030002BE1
:10D5C4001ADB294B234493F93000072823DD08385C
:10D5D400FFF728FE0546032814D0012819D0032597
:10D5E40029462046FFF7C0FE03B030BD1F494FF463
:10D5F400187002F07FFCDEE71C4940F2612002F063
:10D6040079FCDEE72046FFF7A0FE0028E8D10225DA
:10D61400E6E70225E4E7C3B2072BE5D800F14003AF
:10D624009BB29B009BB2124900F5A27C51F82C20BE
:10D6340042F0010241F82C2003F1804303F5C0437A
:10D6440000221A601B680193019B002DCCD0064B6D
:10D654001C4494F9302053F82230002BC4D0012309
:10D664008340C1F80433BFE718470020A88B0300A8
:10D674000060004010B50446FFF7B8FD30B1204605
:10D68400FFF763FE003818BF012010BD024940F2C5
:10D69400B22002F02FFCF2E7A88B030070B584B02F
:10D6A40000250295039501204FF48073294603E079
:10D6B400400004339BB20131072912D803F18042A0
:10D6C40002F5C0421468012CF2D1234CD4F804436F
:10D6D4002042EDD00024146012680092009A0543A1
:10D6E400E6E71D4BD3F87C31012B06D015F0FF0F74
:10D6F4002AD1002D2BDB04B070BD174B0020C3F8DA
:10D704007C01D3F87C310193019B45F0004502AACA
:10D714000221FFF749FDE9E776000134072CE8D838
:10D724002E42F9D00C4B04F5A27253F82200C0F338
:10D73400052053F82210C1F30141084B53F824305B
:10D74400002BE9D09847E7E701260024E6E702A882
:10D75400FFF740FECFE700BF0060004018470020FD
:10D76400034B984201D1034870470020704700BF23
:10D77400002000408447002008B5064B1B681BB1FD
:10D78400044B1B68984708BD0349512002F0B2FBC3
:10D79400F6E700BF84470020508C030070B582B0C8
:10D7A4000C460546B8B12846FFF7DAFF0546B8B17E
:10D7B40000238DF807300DF1070001F0A1FB2E794D
:10D7C40016B92C6001232B719DF8070001F0AAFB08
:10D7D4004EB9002005E00549772002F08BFBE2E713
:10D7E400002002B070BD1120FBE700BF508C030085
:10D7F400002807DB00F01F02400901239340024A7E
:10D8040042F82030704700BF00E100E0002808DB48
:10D814004901C9B200F1604000F5614080F800138D
:10D82400704700F00F004901C9B2014B1954704709
:10D8340014ED00E0430904D0012B0BD14FF6FF7324
:10D8440001E04FF0FF3300F01F0023FA00F000F076
:10D85400010070470023F6E710B483B08446022425
:10D864000C714A71096889B112F0040F23D1822125
:10D8740012F0080F01D041F0200112F0100F01D076
:10D8840021F08001DCF80000C0F80013DCF800107F
:10D894000024C1F80441D1F804110191019912F056
:10D8A400800F0AD1DCF800200121D150002003B000
:10D8B4005DF8044B70479221DAE7DCF80000184465
:10D8C400F5E730B585B004460D46D0F8103173B194
:10D8D4000023C0F81031D0F810310093009B4B792D
:10D8E40013F0040F03D00B680BB101209847D4F850
:10D8F400143173B10023C4F81431D4F814310193F2
:10D90400019B6B7913F0080F03D02B680BB1022035
:10D914009847D4F81C3173B10023C4F81C31D4F8EF
:10D924001C310293029B6B7913F0100F03D12B6807
:10D934000BB100209847D4F8043163B10023C4F834
:10D944000431D4F804310393039B01232B712B6816
:10D954000BB10320984705B030BD000010B5044654
:10D964000068FFF767FF38B123681F2B0AD903F05B
:10D974001F032360054810BD05494FF4F67002F0FB
:10D98400B9FAF1E74FF0A040F5E700BF00030050FB
:10D99400047A030000B583B0019001A8FFF7DEFF0D
:10D9A4000123019A9340C0F8083503B05DF804FBE5
:10D9B40000B583B0019001A8FFF7D0FF0123019ABD
:10D9C4009340C0F80C3503B05DF804FB00B583B098
:10D9D400019001A8FFF7C2FF019B03F5E073032246
:10D9E40040F8232003B05DF804FBF0B585B007468A
:10D9F4000E4600240AE0FFF7CDFF04AB03EB8505D8
:10DA040055F8100CFFF7E2FF0134E4B2032C18D8E8
:10DA14002546335DFF2B0CD023F0800004AA02EBD3
:10DA2400840242F8100C13F0800FE4D1FFF7C0FF1A
:10DA3400E3E74FF0FF3204AB03EB840343F8102C0D
:10DA4400E2E7386800230AE004AA02EB830252F8F2
:10DA5400101C03F5AC7240F822100133DBB2032B27
:10DA6400F2D905B0F0BD000038B505460C468B1E52
:10DA7400DBB2012B03D94B1FDBB2022B04D82146A6
:10DA84002846FFF7C3FE38BD02496B2002F032FA84
:10DA9400F5E700BFB88A030070B506460C46154684
:10DAA400012904D84DB129346401355170BD0649AA
:10DAB40040F2B72002F01EFAF4E703494FF42E7047
:10DAC40002F018FAEFE700BFF08C030070B50546CA
:10DAD4000C461646012908D86EB116F4004F10D131
:10DAE400293405EB44156E6070BD09494FF430705C
:10DAF40002F000FAF0E7064940F2C12002F0FAF918
:10DB0400EBE7034940F2C22002F0F4F9E8E700BF72
:10DB1400F08C030070B504460E461546012907D85B
:10DB2400B5F1807F0AD204EB4614C4F8285570BDC1
:10DB3400054940F2CA2002F0DDF9F1E7024940F25A
:10DB4400CB2002F0D7F9EEE7F08C030070B5044661
:10DB54000E461546012907D8B5F1807F0AD204EB99
:10DB64004614C4F82C5570BD054940F2D32002F088
:10DB7400C1F9F1E702494FF4357002F0BBF9EEE761
:10DB8400F08C030070B504460D461646A2B1326807
:10DB940029462046FFF780FFB28829462046FFF732
:10DBA40095FFB26829462046FFF7B4FFF26829467C
:10DBB4002046FFF7CBFF70BD024940F2AB2002F0D4
:10DBC40099F9E4E7F08C03002DE9F04784B00446AA
:10DBD40017460D46002964D02679384B03EBC6035B
:10DBE4001B79002B68D1354B43F836702946204603
:10DBF400FFF7FBFE23680122C3F80025276895F888
:10DC040005A095F80690B5F80880B5F90830002B02
:10DC14004CDBC7F80CA5C7F80495C7F8088522683B
:10DC2400AB7AE97A43EA0123C2F81035226800236B
:10DC3400C2F800322268C2F800332268C2F81C31EC
:10DC4400D2F81C210392039A2268C2F81031D2F848
:10DC540010210292029A2268C2F81431D2F81421D7
:10DC64000192019A2268C2F80431D2F80431009377
:10DC7400009B124B53F8363053B12068297940F396
:10DC84000730FFF7F1FE206840F30730FFF7B0FDDF
:10DC94000A4B03EBC60301221A71002004B0BDE84D
:10DCA400F0870749802002F025F995E705494FF4EC
:10DCB400287002F01FF9ACE70820EFE78C4700203A
:10DCC400408D0300F08C03002DE9F04104460F461B
:10DCD40016461D460279254B03EBC20898F804301A
:10DCE40003B32EB33B6803F06043B3F1005F25D167
:10DCF4003A4600212068FFF745FF3A460121206893
:10DD0400FFF740FF06F00101226801EB5603C2F859
:10DD1400143515F0010F17D115F0020315D001B316
:10DD2400082312E012494FF48D7002F0E3F8D8E7AB
:10DD34000F4940F21B1002F0DDF8D3E70C494FF411
:10DD44008E7002F0D7F8D3E710232268C2F80032AD
:10DD5400EAB241B10C2341462046FFF77DFDBDE800
:10DD6400F0810423F1E70823F5E700BF8C47002086
:10DD7400408D030038B5044605790F4B03EBC5030A
:10DD84001B798BB10C4B03EBC5031B79DBB2022B64
:10DD940010D001202368D3F8043123B1064B03EBE0
:10DDA400C5030120187138BD04494FF4CC7002F04A
:10DDB400A1F8E7E70020EDE78C470020408D030041
:10DDC40038B504460D460279104B03EBC2031B79A8
:10DDD400ABB123680022C3F80022236801225A60F1
:10DDE4002046FFF7C7FF034638B92046FFF7C2FFB6
:10DDF400034610B9002DF8D12B46184638BD044906
:10DE040040F2731002F076F8E3E700BF8C4700207D
:10DE1400408D030008B502490248FFF752FD08BDD2
:10DE24008C47002000C00140002807DB00F01F02DF
:10DE3400400901239340024A42F82030704700BF52
:10DE440000E100E000280CDB00F01F024009012380
:10DE540093402030034A42F82030BFF34F8FBFF382
:10DE64006F8F704700E100E0002808DB4901C9B268
:10DE740000F1604000F5614080F80013704700F045
:10DE84000F004901C9B2014B1954704714ED00E069
:10DE940010B40B7803F003034A78120102F0300245
:10DEA40013438A78120202F4E0621343CA7812031D
:10DEB40002F4805213430A79120402F4E022134359
:10DEC4004A79120502F4801213438A79120602F089
:10DED40080721343074A02EB0014C4F81835CC7956
:10DEE400097A5130030102EB00104160D4505DF80F
:10DEF400044B70470070004038B505460C468B1E35
:10DF0400DBB2012B03D94B1FDBB2022B04D8214611
:10DF14002846FFF7A9FF38BD02496B2001F0EAFF4C
:10DF2400F5E700BFB88A030010B588B0684BD3F892
:10DF34000431002B2CD0664B0022C3F80421D3F803
:10DF440004310093009B634B93F82E2012B193F895
:10DF54002F30EBB100238DF814305E4B59680691D5
:10DF64001989ADF81C10D968002964D0594B188B55
:10DF74005883596018810021D96012B9544B012289
:10DF84001A60544C236805A89847002384F82F305E
:10DF9400504B93F82E3053B34D4BD3F8003133B379
:10DFA4004B4B0022C3F80021D3F800310193019BAD
:10DFB400484A538B92F82D2093423FD99B1A9BB227
:10DFC40044494B834868098989B2CB1A00EB43035F
:10DFD4003F49C1F82C36C1F830263D4B0022C3F826
:10DFE4000421D3F804210292029A01225A60384B88
:10DFF400D3F810317BB1364B0022C3F81021D3F88B
:10E0040010310393039B334B1A7402228DF81420AE
:10E014001B6805A898472E4BD3F814314BB32C4AF0
:10E024000023C2F81431D2F814210592059A294A22
:10E03400137408B010BD00221A74A2E7934208D0EA
:10E044009342CAD1234B012283F82F2000225A8302
:10E05400C3E72049C9680029F2D01E4B012083F888
:10E064002F00002058831A4BC3F82C16C3F830260F
:10E07400B3E7184B5C69002CDBD0B4FA84F34FF09F
:10E084000042DA4024EA020446339B0003F1804252
:10E0940002F5E04211680029EDD0002111601268F8
:10E0A4000492049A01228DF81420A3F58C73C3F30F
:10E0B400C7028DF8182013F0040F0CBF01230B4680
:10E0C4008DF81930034B1B6805A89847D3E700BFA8
:10E0D400007000409447002070B584B00C4606469A
:10E0E400002849D0002C4CD0294B93F82C30002B1D
:10E0F4004CD1274D2C603378264CC4F8F035737816
:10E10400C4F8F435F37885F82E30012385F82C30E3
:10E1140000232B7485F82D306B6185F82F306FF058
:10E124000042C4F80823C4F80431D4F8042103924B
:10E13400039AC4F80031D4F800210292029AC4F878
:10E144001431D4F814310193019BB1780720FFF7FF
:10E15400D3FE0720FFF768FE0223C4F8043395F8C2
:10E164002E3013B10122C4F804230A4B0122C3F850
:10E174000025002004B070BD0749D82001F0BAFE84
:10E18400B0E70549D92001F0B5FEADE70820F1E775
:10E194009447002000700040DC8D030038B505462C
:10E1A4000C462D4B93F82C30002B34D0072D38D847
:10E1B4002A4BD3F8F43513F0FF0F04D0264B93F811
:10E1C4002D30002B33D1E379013BDBB20C2B34D857
:10E1D400237A0D2B37D8204B1B7C002B39D105F12A
:10E1E4000C021D4B03EB42031B792BB91A4A92F81C
:10E1F4002D30013382F82D30E27905F10C01164BF4
:10E2040003EB41031A71227A5A7121462846FFF71B
:10E214003FFE002038BD124940F2251001F06AFE8D
:10E22400C4E70F494FF4937001F064FEC0E70C4952
:10E234004FF4947001F05EFEC5E709494FF49670FF
:10E2440001F058FEC4E706494FF4977001F052FEFE
:10E25400C1E71120DEE700BF9447002000700040B2
:10E26400DC8D0300404B1B7C002B7AD130B583B08E
:10E274003D4A012414743D4B0325C3F80853C3F8E5
:10E284002C16C3F8304692F82D30A3420DD9002243
:10E2940009E0D3B2354951331D0101EB03130024C6
:10E2A4005C604C510132072AF3D900F10C022E4B69
:10E2B40003EB420319795C792C4B5130020103EBD7
:10E2C40000104460995001221A605A6042F210739F
:10E2D400264AD2F804211AB9013BF9D1002300E0FF
:10E2E4000123A3B1214B0022C3F80021D3F800116C
:10E2F40001910199C3F80421D3F804310093009BE0
:10E30400194B93F82D30012B19D9002215E0184927
:10E314004FF4D27001F0EEFDE4E702F10C01124B70
:10E3240003EB41031C795D79D3B2104951331801D1
:10E3340001EB03135D600C500132072AEDD90A4B3F
:10E3440093F82E3043B1094B0322C3F80423002071
:10E35400054B187403B030BD044B0222C3F80423E8
:10E36400F5E71120704700BF94470020007000407B
:10E37400DC8D0300F8B505460E461446414B93F870
:10E384002C30002B3BD03F4B1B68002B3DD016F5A7
:10E39400006F40DBB4F5006F43DAA64247DAB2B24D
:10E3A40042EA04422B0103F1804303F5E043C3F83E
:10E3B4001C25072D41D86F008021B94016F5006F48
:10E3C40041D0304843697E1C4FF00042F240134371
:10E3D40043612D4BC3F80413072D41D84023BB40A0
:10E3E40040F2FF72944241D0264842694FF0004106
:10E3F400F9400A434261244AC2F80433F8BD234970
:10E4040040F2692001F076FDBDE7204940F26A2020
:10E4140001F070FDBBE71D4940F26B2001F06AFD7D
:10E42400B8E71A494FF41B7001F064FDB5E71749CA
:10E4340040F26D2001F05EFDB1E7154940F2D620AF
:10E4440001F058FDB7E70F4843697E1C4FF00042C6
:10E45400F24023EA020343610B4BC3F80813BBE702
:10E464000B4940F2D62001F045FDB7E70548426963
:10E474004FF00041F94022EA01024261024AC2F827
:10E484000833BBE79447002000700040DC8D030094
:10E49400748E030038B5044607282BD81C4B93F818
:10E4A4002C306BB31A4B1B7C83BB04F10C02184B4E
:10E4B40003EB42031B792BB1154A92F82D30013B33
:10E4C40082F82D3004F10C02114B03EB42030025BA
:10E4D4001D715D710F4A04F15103190102EB03131D
:10E4E4005D60555040F2FF720B492046FFF742FF32
:10E4F400284638BD09494FF4B17001F0FBFCCDE763
:10E50400064940F2631001F0F5FCCBE71120F0E777
:10E51400944700200070004000F8FFFFDC8D0300EA
:10E5240010B5244B93F82C309BB1234C6FF000436F
:10E53400C4F808330720FFF785FC0123A36042F2E7
:10E5440010731D4AD2F814214AB9013BF9D10023B2
:10E5540006E01A4940F2071001F0CCFCE5E701237C
:10E5640033B10024144BC3F80045124B1C7406E06D
:10E5740012494FF4887001F0BDFCF2E70134072C16
:10E5840012D804F10C020B4B03EB42031B79002B52
:10E59400F4D0E0B2FFF77EFF0028EFD007494FF434
:10E5A4008D7001F0A7FCE9E7024B002283F82C20D0
:10E5B40010BD00BF9447002000700040DC8D0300B4
:10E5C400002807DB00F01F02400901239340024AA0
:10E5D40042F82030704700BF00E100E0002808DB6B
:10E5E4004901C9B200F1604000F5614080F80013B0
:10E5F400704700F00F004901C9B2014B195470472C
:10E6040014ED00E0003A18BF0122022908D00329C2
:10E6140009D0012901D142F00202C0F85425704703
:10E6240042F00402F9E742F00602F6E7430904D097
:10E63400012B0BD14FF6FF7301E04FF0FF3300F0D5
:10E644001F0023FA00F000F0010070470023F6E7F2
:10E6540010B504460068FFF7E9FF38B123681F2BA3
:10E664000AD903F01F032360054810BD05494FF480
:10E67400F67001F03FFCF1E74FF0A040F5E700BF72
:10E6840000030050047A030010B582B00C460190D8
:10E6940001A8FFF7DDFFA400019B03F5E07340F838
:10E6A400234002B010BD00B583B0019001A8FFF76C
:10E6B400CFFF019B03F5E073032240F8232003B04E
:10E6C4005DF804FB00B583B0019001A8FFF7C0FF1B
:10E6D4000123019A9340C0F80C3503B05DF804FBA4
:10E6E40000B583B0019001A8FFF7B2FF0123019A9E
:10E6F4009340C0F8083503B05DF804FB10B582B050
:10E704008446106820B100F06044B4F1005F34D155
:10E71400946824B104F06044B4F1005F2DD15468CE
:10E72400CCF84405CCF848459068D268CCF8340558
:10E73400CCF838250022CCF81821DCF818210192F5
:10E74400019A13F0010F1DD00122CCF8502513F0CB
:10E75400020F1BD00122CCF8402513F0080F02D180
:10E764000122CCF810200A68A2B113F0040022D0D0
:10E774004023CCF80833002002E000234B7710201C
:10E7840002B010BD0022CCF85025E0E70022CCF8FE
:10E794004025E2E7DCF81831002BFBD0C87FFF28C6
:10E7A4000DD08B7F1BB1FFF78DFF0020E8E7FFF74B
:10E7B40097FF0020E4E74023CCF80433E0E700208F
:10E7C400DEE710B50446C07FFF2803D0A37F53B112
:10E7D400FFF778FF002363772372204650F8083B45
:10E7E4006168984710BDFFF77BFFF3E738B505462E
:10E7F4000C468B1EDBB2012B03D94B1FDBB2022B61
:10E8040004D821462846FFF7E9FE38BD02496B20AB
:10E8140001F070FBF5E700BFB88A0300D0F81831A7
:10E82400B3B110B582B00C460023C0F81831D0F84B
:10E8340018310193019B0B6823B12046FFF7C1FFF8
:10E8440002B010BD034940F2972001F053FBF4E7F6
:10E85400704700BFCC8E030008B502490248FFF799
:10E86400DDFF08BDC44700200030004008B503495F
:10E874004FF04020FFF7D2FF08BD00BFE84700205B
:10E8840008B502490248FFF7C9FF08BD0C4800203B
:10E89400003002402DE9F04782B006469146984682
:10E8A4000D46002900F08A80347904EBC4035349EF
:10E8B40001EB83010B7F002B40F099803768504BAC
:10E8C40053F824103846FEF769FF8246002840F0CA
:10E8D40091804A4B04EBC40203EB820143F822907B
:10E8E400C1F804802B7B012B6DD92878FFF7F8FE43
:10E8F4002B78019301A8FFF7ABFE019B03F5E073AE
:10E90400012240F8232095F80180B8F1FF0F5ED171
:10E914004FF0FF39A878FF2861D14FF0FF38A9786C
:10E9240004EBC402354B03EB820383F82010E87830
:10E93400D877FF280ED02B79002B55D0FFF7C2FED5
:10E94400E878FFF7B0FE297904EBC4022B4B03EB04
:10E95400820399772B78C7F80835C7F80C95C7F860
:10E964001085AB68C7F824356A7B297B3846FFF7E6
:10E9740049FEAB79C7F8C0350723C7F8003504EB67
:10E98400C4031E4A52F8233053B13068697940F306
:10E994000730FFF72BFF306840F30730FFF710FE16
:10E9A400164B04EBC40203EB820200215177134699
:10E9B40001221A77504602B0BDE8F0871149AD2014
:10E9C40001F098FA70E72878FFF77CFE90E7C146DB
:10E9D4004046FFF777FE4046FFF765FE9AE780461C
:10E9E4000121FFF751FE9AE7FFF77AFEA8E74FF0FF
:10E9F400080ADFE74FF0110ADCE700BFC447002034
:10EA040098CE0300CC8E03002DE9F04106460D4656
:10EA14009046047904EBC403354F07EB83073B7F2F
:10EA2400002B48D02B68002B4BD0AB68002B51D067
:10EA34003379022B07D8EB68B3F5803F03D26B68B8
:10EA4400B3F5803F04D32B494FF40C7001F052FA14
:10EA540004EBC402264B03EB82035B7F002B45D1FE
:10EA64001346234A52F823304BB118F0140F06D141
:10EA740004EBC4021E4B03EB820301225A7704EB1E
:10EA8400C4021B4B03EB820C0CF10C0E95E80F0037
:10EA94008EE80F009CF81F00FF2804D09CF81E305D
:10EAA4000BB3FFF71DFE43462A4639463068FFF78D
:10EAB40025FEBDE8F0810F4940F22D2001F01AFA3D
:10EAC400B0E76B68002BB0D00A4940F22E2001F069
:10EAD40011FAAAE7EB68002BAAD0064940F22F20CE
:10EAE40001F008FAA4E7FFF7EDFDDCE71120E0E709
:10EAF400C4470020CC8E0300F0B583B005460F4612
:10EB04001646002401E00134E4B2B44215D2A00058
:10EB140000F5A0704FF48033A3402A58002AF2D0A5
:10EB2400D5F804231342EED000232B502B58019325
:10EB3400019B3B6879689847E5E703B0F0BD0000A6
:10EB440008B5042202490348FFF7D6FF08BD00BFF9
:10EB5400304800200080004008B5042202490348E0
:10EB6400FFF7CAFF08BD00BF3C48002000900040EA
:10EB740008B5042202490348FFF7BEFF08BD00BFE1
:10EB84004848002000A0004008B506220249034876
:10EB9400FFF7B2FF08BD00BF5448002000A00140A9
:10EBA40008B5062202490348FFF7A6FF08BD00BFC7
:10EBB4006048002000B0014082B001238DF8073086
:10EBC4009DF80730134B186059609A6044F20103B2
:10EBD400984213D044F20203984207D10D4BDA60F5
:10EBE400DA6812689A61DA685268DA6172B69DF876
:10EBF4000730002BFBD162B602B07047054B1A6197
:10EC04001A6992685A611A6912689A611A69526893
:10EC1400DA61EBE76C48002000B583B00290009104
:10EC2400019244F2010071466A4600F003F803B011
:10EC340000BD00002DE9F04184B004460E4615469F
:10EC440072B602F0F9FD02F011FC0028FBD144F287
:10EC540001039C423BD010D8012C1FD041F2010388
:10EC64009C4250D12E482F4BC01AC00800042E4994
:10EC740040F0010002F064FD1AE044F202039C42F9
:10EC840041D12748274BC01AC00800042B686A6882
:10EC9400264940F0010002F063FD09E02048214BC1
:10ECA400C01AC0080004224940F0010002F048FDE7
:10ECB400204BD3F8F03013F0010F00D000BE2A46E9
:10ECC40031462046FFF778FF04B0BDE8F081144FC9
:10ECD400144BFF1AFF083F0447F00107D5F80880DA
:10ECE400404602F055F903466A6829680296019184
:10ECF400009242461049384602F059FD0F49384601
:10ED040002F01EFDD4E70648064BC01AC0080004F2
:10ED140032460B4940F0010002F018FDC8E700BF7D
:10ED24009871030048710300B08F0300D48F03006F
:10ED3400908F030000ED00E0F08F030018900300B3
:10ED44002C90030030B585B04568002D48D00446AA
:10ED5400037B002B46D10260EFF3058323B300232A
:10ED64000393009303AB0A460921284607F056FA99
:10ED7400012801D0042036E006F0E4FE0246002318
:10ED8400009303AB0621284607F048FA0128F1D185
:10ED9400039B0BB3164B4FF080525A6040BFBFF336
:10EDA4004F8FBFF36F8F17E00223009300230A46AF
:10EDB4000421284607F032FA012801D0042012E089
:10EDC40006F0BAFE024602230093002301212846DE
:10EDD40007F024FA012808D101232373002002E05C
:10EDE400082000E0002005B030BD0420FBE700BF90
:10EDF40000ED00E010B584B00446406830B3EFF392
:10EE04000583B3B100220392009203AB082107F0FB
:10EE140005FA01280BD1039BA3B10E4B4FF080528E
:10EE24005A6040BFBFF34F8FBFF36F8F0AE00420D7
:10EE34000AE00223009300231A46032107F0EEF9A7
:10EE4400012805D10020207304B010BD0820FBE781
:10EE54000420F9E700ED00E0EFF3108272B6114BE5
:10EE64009B68CBB930B40F4901238B600E4BD3F8A8
:10EE740080400E4D2C400C60C3F88050D3F8844081
:10EE84004C604FF0FF31C3F884100023037002B9C3
:10EE940062B6002030BC70470123037002B962B629
:10EEA400002070478C48002000E100E0FC06FFBD14
:10EEB400094B9B686BB160B9EFF3108172B6064BD6
:10EEC4001868064A10605868506000229A6001B9B8
:10EED40062B60020704700BF8C48002000E100E0CB
:10EEE400EFF30583C3F308033BB9EFF3148313F083
:10EEF400010F0CBF01200020704701207047000063
:10EF040010B50446FFF7ECFF012803D12046FFF7B4
:10EF1400A3FF10BD0249432000F0ECFFF6E700BF59
:10EF24004490030010B50446FFF7DAFF012803D12B
:10EF34002046FFF7BDFF10BD0249512000F0DAFF63
:10EF4400F6E700BF4490030038B50546002402E00C
:10EF5400284698470134032C05D8034B53F8243032
:10EF6400002BF5D1F6E738BD0C4900200378013BAE
:10EF7400052B34D8DFE803F00306112029310023E0
:10EF84000B70704701230B7003898B818388CB81BD
:10EF9400C3688B6000230B74704702230B700389D2
:10EFA4008B818388CB81C3688B60837D062B14BFE0
:10EFB400002301230B74704703230B70C3888B81D8
:10EFC4000389CB81C3688B60704704230B70C388AB
:10EFD4008B810023CB818B60704705230B707047B6
:10EFE400884207D20368B3F1FF3F01D00120704784
:10EFF40000207047002070474388033300EB8300F0
:10F00400704738B504460D46FFF7F6FF85420CD32A
:10F01400A2884FF6FF739A4209D023884BB1A368A4
:10F02400B3F1FF3F07D0002038BD0220FCE70120E8
:10F03400FAE70120F8E70120F6E7000060B10A4A88
:10F04400D26882420AD8084A1269824208D310F070
:10F05400030F07D10120704700207047002070473C
:10F064000020704700207047082B00200A4A00EB5C
:10F07400800302EB83031B890B4400EB800002EB4B
:10F084008002528912FA83F080B2B0F5806F8CBF8F
:10F0940000200120704700BFD0480020002301E079
:10F0A40001339BB2012B0ED803EB830C074A02EB0E
:10F0B4008C0252688A42F3D202F580528A42EFD916
:10F0C40003800020704748F209607047D048002050
:10F0D4008B7D022B04D90389CA881344033303812B
:10F0E4004389CA889B1A033B43817047F8B50330B0
:10F0F40086B240F2FE339E4225D80D46002401E03C
:10F104000134A4B2012C1BD804EB84030F4A12F877
:10F114002330002BF4D131462046FFF7A7FF002807
:10F12400EED02C80094B04EB840203EB820252895B
:10F1340004EB840703EB870332445A81002001E087
:10F1440048F20660F8BD48F20860FBE7D0480020AA
:10F15400064A01EB810302EB83035B8901EB810126
:10F1640002EB81021B1A033B53817047D0480020F5
:10F17400F8B50E4600EB8000134B03EB80035C688C
:10F1840004F580550868A0B1FFF736FF0446294608
:10F194002046FFF725FF074698B129462046FFF78A
:10F1A40030FF012807D002280AD00028EFD13460AC
:10F1B40007E00834EBE72046FFF71EFF0446E6E7C6
:10F1C40000273846F8BD00BFD048002030B583B0D2
:10F1D40005460C464068FFF731FF20B12A89174BDA
:10F1E4001B899A4218D0002323802388012B23D81B
:10F1F4000023019301A92088FFF7BAFF0146B8B1A3
:10F20400019B2A6898689042F4D16B600B4B1B8970
:10F214002B81084603B030BD2A6869688B689A421E
:10F22400E1D12046FFF73AFFB0FA80F14909F0E74F
:10F23400238801332380D8E70021EAE7B848002077
:10F24400F8B51C461F4B1B78002B34D005460F46DF
:10F254001646002A32D03CB948F2046027E0002365
:10F264002360A3880133A380A388012B20D803EB58
:10F274008303154A12F82330002BF2D12146A088CB
:10F28400FFF776FF0028EAD023681DB199882A8801
:10F294009142F3D11FB119883A889142EED19B680B
:10F2A400336023687360094B1B8933810020F8BDE8
:10F2B40048F20960FBE748F20160F8E748F20460AD
:10F2C400F5E700BF20490020D0480020B8480020BE
:10F2D4000B4A1389013313810023538013730CE009
:10F2E40003EB83018A0007498A5CB2FA82F252096D
:10F2F400034919448A7201339BB2012BF0D9704738
:10F30400B8480020D048002000B58646002301E01C
:10F3140001339BB2012B19D80E4A1A44927A002A5F
:10F32400F6D00C4A1A440021917203EB83010A4A75
:10F3340002EB8102D268002AEAD1074A02EB810279
:10F34400107C0028E4D0AEF8003000E000205DF826
:10F3540004FB00BFB8480020D0480020044B5B6881
:10F364005B880333034A918811FA83F393807047CF
:10F37400B8480020C848002030B40E4804680E4B3A
:10F384005B880E4903EB830C4FEA8C020A445568F0
:10F3940005605460B0F804C0A2F808C0022282805C
:10F3A40003EB830303FA02F2114400230B7430BC11
:10F3B400704700BFC8480020B8480020D04800204B
:10F3C40008B5124B1B78072B0AD8DFE803F00409B1
:10F3D400090A1016161AFFF77BFF0C4B01221A704C
:10F3E40008BDFFF7BBFF094B02221A70F8E7FFF7CD
:10F3F400C3FF064B06221A70F2E7044B07221A7069
:10F40400EEE7024B01221A70EAE700BFB848002079
:10F4140008B50146014800F0EBFD08BDF84800209E
:10F4240008B5064B05221A70054902238B80002378
:10F4340001220968034801F0A9FA08BDB848002070
:10F44400C8480020082B002008B50D4B5B8803EB4F
:10F4540083010C4A02EB8102D26872B9084A042182
:10F46400117003EB8303074901EB8301002301229D
:10F474004968054801F08AFA08BDFFF7D1FFFBE7A8
:10F48400B8480020D0480020082B002000B583B0E5
:10F49400002300930823044A04490968044801F03E
:10F4A400A5F903B05DF804FBB0CE0300C848002002
:10F4B400082B002008B5044B07221A7000225A605A
:10F4C400FFF7E4FF08BD00BFB848002000B583B0D3
:10F4D4000146002300930823034A044801F086F9F7
:10F4E40003B05DF804FB00BFA8CE0300082B002086
:10F4F40038B530B90B79032B62D8DFE803F0081E66
:10F504003843324B00225A604FF4064005E0012391
:10F514000B71FFF7BBFF002852D138BD0A4603EB3D
:10F52400830189000020505403EB830302EB830220
:10F534005068FFF7CBFF01230FE00023012B09D80C
:10F5440003EB8302224911F82220022AE6D0013378
:10F554009BB2F3E7002348F20E60002BDBD11B4B78
:10F5640001221A7000225A6041F61D50D5E700238B
:10F574000B71184902228A8001220968164801F099
:10F5840005FAC8E74FF0000C81F804C0134B5B8800
:10F59400104908680E4C03EB830204EB82025568A1
:10F5A4000D605060B1F804E0A2F808E002228A80FD
:10F5B40003EB8303934004F803C0FFF787FFAAE734
:10F5C400024B00225A6048F20D60A6E72049002051
:10F5D400D0480020C8480020082B0020B84800204C
:10F5E40008B5064B06221A705B8803EB83039A0066
:10F5F400034B13445868FFF769FF08BDB84800205F
:10F60400D048002000B583B0022383750023009303
:10F614000423C218044801F0E9F810B903B05DF8F6
:10F6240004FB48F20D60F9E7082B002000B583B015
:10F63400036973B10323837500230093042300F14A
:10F644000C020831054801F0D1F820B903B05DF887
:10F6540004FB0123EFE748F20D60F7E7082B0020D5
:10F6640000B583B001238375C388002200929B00F8
:10F6740002690C31044801F0B9F810B903B05DF81F
:10F6840004FB48F20D60F9E7082B002000B583B0B5
:10F694000378032B0ED006238375002300930423E1
:10F6A40000F108021944064801F0A0F820B903B09B
:10F6B4005DF804FB0523EFE748F20D60F7E700BFB0
:10F6C400082B002010B582B00C46002300930423BD
:10F6D400084A0146084801F089F840B904EB84045B
:10F6E400064B03EB840301221A7402B010BD48F2E6
:10F6F4000D60FAE7A4CE0300082B0020D0480020B8
:10F7040070B50C468B8A03EB83022B4E06EB820604
:10F7140088B9294A03EB830102EB81014D680B8907
:10F7240005EB8305A37D062B0BD8DFE803F0162E2B
:10F7340022280D343E003046FFF7CAFC4FF406453C
:10F7440015E048F20E650EE01C4800234360A369EF
:10F7540003601B49FFF73AFD50B329462046FFF7E3
:10F7640051FF05461DB121463046FFF7B1FC28463E
:10F7740070BD29462046FFF759FF0546F2E72946A2
:10F784002046FFF76DFF0546ECE729462046FFF7C4
:10F794007DFF0546E6E70623A375094B1988074B49
:10F7A4005868FFF78FFF0546DCE741F61D55DAE799
:10F7B40048F20965DBE700BFD0480020A4480020D8
:10F7C400A048002010B584B00446002300930193A0
:10F7D4000293C36800930DF10E016846FFF7F6FC2F
:10F7E40018B948F2096004B010BD01988388E38019
:10F7F40003882381BDF80E10FFF764FFF3E70000D0
:10F8040000B583B00B4842680B4B1968B3F804C0C9
:10F81400538803339BB24FF0030E80F800E00020BE
:10F8240000909B0001EB8C01044800F0DFFF03B063
:10F834005DF804FBB8480020C8480020082B0020CD
:10F8440008B5064931F8020CFFF792FC10B1FFF736
:10F85400D7FF08BDFFF7F8FDFBE700BFBC48002059
:10F8640008B50748FFF750FD10B1FFF7E9FF08BDE1
:10F87400044B00221A705A805A6041F61D50F6E774
:10F88400BA480020B848002030BB08B5154B1B7B94
:10F894006BB1144B00221A73124B1B78013B062BDD
:10F8A4001DD8DFE803F0070A0D101C131600FFF73C
:10F8B40087FDF1E7FFF7D4FF08BDFFF7C1FFFBE7C2
:10F8C400FFF79EFFF8E7FFF7BFFDF5E7FFF788FEB8
:10F8D400F2E7FFF7EFFDEFE74FF40640704748F219
:10F8E4000E60E9E7B848002000B585B0094B01AACD
:10F8F40000210630FFF7A4FC38B9064B998802981A
:10F90400FFF7E0FE05B05DF804FB024B00221A602D
:10F914005A60F7E798480020B0B908B50B79012B75
:10F9240008D0022B13D0ABB902230B710846FFF7A2
:10F9340049FF0EE00846FFF7D7FF48F209639842F3
:10F9440007D141F61D5004E04FF40640704741F6DC
:10F954001D5008BD48F20E60FBE7000008B50146E3
:10F96400014800F051FB08BDF848002008B5084BD9
:10F974001B683BB10121064800F001FC003818BFA8
:10F98400012008BD03494FF4247000F0B3FAF1E7F5
:10F994001C490020E490030010B586B004462CE016
:10F9A4002E48FFF735FD2E4B18602AE02D494FF401
:10F9B400B46000F09FFA28E02046FFF799FD002884
:10F9C40049D000230193029303930493059341F6D2
:10F9D4001D5398423DD00290214C01A92068FFF7A5
:10F9E400C5FA01A8FFF7B0FA002323601B48FFF70C
:10F9F400B5FFFFF7BBFF70B30024194B1B68002B46
:10FA0400CED0174B1B68002BD0D0154B19680B7840
:10FA1400013B052B1AD801A252F823F0BDF90200CC
:10FA240039FA020039FA020041FA020041FA0200EE
:10FA340049FA02002046FFF763FEC0E72046FFF7BD
:10FA44006BFFBCE72046FFF71FFFB8E748F20E60E4
:10FA5400B7E70020BFE706B010BD00BFB0480020E4
:10FA6400B4480020E490030008B54068FFF794FF11
:10FA740008BD000008B50121014800F075FB08BD70
:10FA84000849002008B50146054800F09AFA00220A
:10FA9400026042608260C26002614261826108BDAC
:10FAA400F848002008B50146014800F096FA08BD60
:10FAB400F848002008B50121034800F04AFB00B1D2
:10FAC40008BDFFF769FFFBE71C4900202DE9F0435F
:10FAD40083B00C463849097800295DD0054698461C
:10FAE400002C5CD021884FF6FF7399425AD063886A
:10FAF400002B5AD0676817F0030759D1002A33D076
:10FB04001388ADF80630B2F802906846FFF7BAFFE2
:10FB14000646002833D080F8008000238375BDF8A2
:10FB24000630838263680361FFF7A4FFF0602388D3
:10FB340033816388B380A6F80690B8F1030F26D00A
:10FB4400002373816846FFF7ADFF3DB100236B606E
:10FB5400F2682A60AB72194B1B892B81FFF7AAFF4D
:10FB6400384603B0BDE8F083B4F808900DF10601FF
:10FB74004846FFF7BBFA0028C7D00746F0E7BDF8B0
:10FB840006104846FFF7E4FA48F20767E8E704235B
:10FB9400B3752B68B361D3E748F20167E0E748F235
:10FBA4000467DDE748F20367DAE748F20367D7E75B
:10FBB40048F20267D4E700BF20490020B84800207B
:10FBC40010B370B582B00C46054601B30DF10601C1
:10FBD400FFF7FCFA18B948F2096002B070BD6E680C
:10FBE400BDF8063003EB830080000830094B18444D
:10FBF4000121043000F0B8FA26606B680C336360AE
:10FC04000123AB720020E8E748F20460704748F231
:10FC14000460E2E7D0480020F8B110B582B0044691
:10FC24000DF10601FFF7D2FAD0B1BDF8063003EBAF
:10FC34008301104A02EB8102D268AAB1A27AB2B15E
:10FC44000C4A02EB8101C968013903EB830302EB1F
:10FC54008302D1600020A07204E048F2046070477F
:10FC640048F2096002B010BD48F20560FAE748F2B4
:10FC74000560F7E7D048002008B502230022FFF70B
:10FC840025FF08BD28B108B503230022FFF71EFF96
:10FC940008BD48F204607047114B1B78BBB110B526
:10FCA40082B004464FF6FF73984213D001A8FFF7C1
:10FCB400E9FE90B10522027001220271C48001A8FC
:10FCC400FFF7F0FEFFF7F6FE002002B010BD48F289
:10FCD4000160704748F20360F7E748F20760F4E711
:10FCE4002049002000B583B0ADF80600ADF804103B
:10FCF40001A90DF10600FFF7A3FA03B05DF804FBB8
:10FD040000B583B01346ADF806000A460DF10601AE
:10FD14000020FFF795FA03B05DF804FB00B583B04B
:10FD24001346ADF806000A4600210DF10600FFF760
:10FD340087FA03B05DF804FB20B131B103680B60AE
:10FD44000020704748F20460704748F2046070472E
:10FD54001EF0040F1CBFEFF309800AE0EFF30880E4
:10FD64000549064A884201D8904202D88D464FF090
:10FD74000000034B184700000000042000F8032093
:10FD8400B5FD0200BFF34F8F0549CA6802F4E06273
:10FD9400044B1343CB60BFF34F8F00BFFDE700BF9D
:10FDA40000ED00E00400FA0508B5FFF7EBFF0000E2
:10FDB40070B582B0064601F03FFD01F057FB002804
:10FDC400FBD1404B9D6A26B33F4C404BE41AE408F8
:10FDD400240444F00104B2693D49204601F0B6FC14
:10FDE400B368F26801920093736832683949204617
:10FDF40001F0CEFCF36900937369326936492046F9
:10FE040001F0B9FC2F4BDB6A13F0020F0CD1002474
:10FE140020E02D482D4BC01AC00800042F4940F0A3
:10FE2400010001F08DFCEDE72748284BC01AC008FB
:10FE340000042B4940F0010001F082FCE7E722486E
:10FE4400224BC01AC0080004264940F0010001F00A
:10FE54007DFC0134192C09D80123A3402B42F8D08E
:10FE6400214B53F82420002AE9D1F2E715F0800F42
:10FE74000ED115F4004F18D1124BD3F8F03013F013
:10FE8400010F00D000BE3046FFF78EFF02B070BDF8
:10FE94000D480E4BC01AC00800040A4B5A6B134994
:10FEA40040F0010001F052FCE3E70748074BC01A99
:10FEB400C0080004034B9A6B0D4940F0010001F0A7
:10FEC40045FCD9E700ED00E0B87103004871030078
:10FED4007891030090910300C8910300F09103000E
:10FEE4002492030068920300B8CE030074920300C6
:10FEF4009492030000B583B0009001916A460021FA
:10FF040044F20200FEF796FE03B05DF804FB82B0F3
:10FF140050E8013F1FFA83FCC289944482899445C6
:10FF240028BFACEB020C0289944502BFBFF32F8FAC
:10FF3400002007E0CCEA030C40E801C2002AE7D124
:10FF44004FF001008DF807000093009B0B609DF8B3
:10FF5400070002B0704750E8012FC2EA024240E8AD
:10FF64000123002BF7D1704782B050E8023F1FFAFB
:10FF7400A3FCC288944502BFBFF32F8F00200EE07C
:10FF8400C28994448289944528BFACEB020CC3EA2D
:10FF94000C4C40E802C2002AE7D14FF001008DF872
:10FFA40007000093009B0B609DF8070002B07047A8
:10FFB40050E8022FC2EA224240E80223002BF7D184
:10FFC400704738B505460C46FFF7A1FF18B12868FD
:10FFD4002388184438BD0020FCE708B50A884B88FC
:10FFE4009A4201D0002008BDFFF7B5FF0120FAE7CF
:0CFFF40038B505460C46FFF7B7FF18B102
:020000023000CC
:1000000028686388184438BD0020FCE708B50A88D2
:100010004B889A4201D0002008BDFFF7CBFF01209A
:10002000FAE708B54B0901F01F01012202FA01F1BC
:1000300000EB830000F06EF808BD10B54B0901F02D
:100040001F040121A14000EB830000F058F8E040BC
:1000500000F0010010BD08B54A0901F01F0101239D
:1000600003FA01F1C94300EB820000F069F808BD12
:100070004B0950F8230001F01F01C84000F00100B7
:1000800070472DE9F04106460F46002518E0202371
:1000900000E020231F2B12D803EB4514A7420ED9F2
:1000A00021463046FFF7C9FFE0B1D8F80030DB4306
:1000B00093FAA3F3002BECD0B3FA83F3EAE701350C
:1000C0007B1E5B090133AB420BD906EB850856F862
:1000D0002530DB4393FAA3F3002BD8D0B3FA83F394
:1000E000D8E73C462046BDE8F081034653E8000FC0
:1000F0000A4643E8002C9CF0000FF7D170470346F6
:1001000053E8000F40EA010243E8002C9CF0000F86
:10011000F6D17047034653E8002F42EA010043E856
:10012000000C9CF0000FF6D17047034653E8000F17
:1001300000EA010243E8002C9CF0000FF6D1704762
:10014000034653E8002F02EA010043E8000C9CF04C
:10015000000FF6D17047034653E8000F00EB010291
:1001600043E8002C9CF0000FF6D17047034653E89B
:10017000002F02EB010043E8000C9CF0000FF6D1C9
:100180007047034653E8002FA2EB010043E8000C40
:100190009CF0000FF6D1704708B50121FFF7BAFFB8
:1001A00008BD08B50021FFF7C0FF08BD38B50C46F3
:1001B000054620B1EB68288A00FB043038BD0249AF
:1001C000E820FFF799FEF5E79097030038B50C4655
:1001D000054630B1EB68E01A2B8AB0FBF3F0C0B2F1
:1001E00038BD0249F520FFF787FEF3E7909703003B
:1001F00000283DD010B50446036873B163688BB125
:10020000A368ABB1E368CBB1238AEBB1A2686368A2
:10021000D21AD2B221680B6022E01649FF20FFF704
:100220006BFEEBE713494FF48070FFF765FEE7E7DD
:10023000104940F20110FFF75FFEE3E70D494FF46C
:100240008170FFF759FEDFE70A4940F20310FFF71C
:1002500053FEDBE721680A68501C086013701A46D9
:10026000531EDBB2002AF5D123680020187110BD9F
:100270000E2070479097030030B583B00446E8B174
:1002800000238DF807300DF10700FEF73BFE2268D2
:10029000136861688B4217D9591E116013F8011C4D
:1002A0002046FFF783FF0546A368226811685B1AA2
:1002B000DBB21179994208D2137106E006494FF476
:1002C0009270FFF719FEDBE700259DF80700FEF7A7
:1002D0002BFE284603B030BD9097030070B582B066
:1002E0000C460646B0B1DCB100238DF807300DF1A5
:1002F0000700FEF707FE33681D686A1C1A60214676
:100300003046FFF763FF28709DF80700FEF70CFEEC
:1003100002B070BD054940F24710FFF7EDFDE2E77E
:1003200002494FF4A470FFF7E7FDDDE79097030063
:1003300010B5044640B1A2682AB1636921682069FA
:1003400098470023A36010BD02493120FFF7D4FD78
:10035000F1E700BF2C9803000EB430B582B0059DC4
:100360000446A0B16369BBB12368D3B16368EBB144
:1003700045B10023019306AB019301AA294620460B
:1003800000F026F902B0BDE8304003B070470A49DA
:100390004220FFF7B1FDE5E707494320FFF7ACFD39
:1003A000E2E705494420FFF7A7FDDFE702494520C2
:1003B000FFF7A2FDDCE700BF2C98030038B5044628
:1003C0000D460A2909D02268A368591CA160D5549A
:1003D000A26863689A4204D238BD0D21FFF7EEFF90
:1003E000F1E72046FFF7A4FFF6E700002DE9F84FFC
:1003F00082460F4615461E46DDF828900B9A0B469E
:100400004FF0010803E0B3FBF5F308F10108AB423C
:10041000F9D2B04500D2B04612F0010B13D1B9F1B8
:10042000000F10D012F0020F0FD086B1202405E08B
:1004300009F1FF3921465046FFF7C0FFB9F1000F1F
:1004400001D0C145F4D8012406E02024F6E7302489
:10045000F4E7013E05FB04F4012EFAD8B7FBF4F3F0
:100460009D42F7D9B7FBF4F304FB13770E4AD15C36
:100470005046FFF7A3FF2346B4FBF5F4AB42F1D29D
:10048000BBF1000F02D0B9F1000F07D1BDE8F88F22
:1004900009F1FF3920215046FFF790FFB9F1000F15
:1004A000F4D0C145F4D8F1E720CF03002DE9F0479F
:1004B00082B080460F46144699460A9EDDF82CA06D
:1004C00081EAE17CACEBE17C012502E09CFBF4FCE1
:1004D00001356445FADD4D4500D24D462EB1002F61
:1004E00002DB1AF0040F00D0013E1AF0020F02D016
:1004F000B9F1000F03D01AF0010F00D1CEB9002FCF
:100500001CDB1AF0040F1FD10AF00303022B20D0CA
:10051000CDF804A000964B46224639464046FFF7E8
:1005200065FF02B0BDE8F087013E20214046FFF79D
:1005300045FF002EE3D0AE42F6D8E0E77F422D2102
:100540004046FFF73BFFDFE72B214046FFF736FF32
:10055000DAE7B9F1000FDBD12EB9D9E7013E30213E
:100560004046FFF72BFF002ED2D0AE42F6D8CFE7A1
:10057000F8B506460C46154613F001070ED1E1B159
:10058000084606F00CFD074617E0013401373046F7
:10059000FFF714FF21780029F7D106E00027F9E7DB
:1005A000013D20213046FFF709FFBD42F8D8F8BDD4
:1005B000013D20213046FFF701FFBD42F8D803E09E
:1005C00001343046FFF7FAFE21780029F8D1EEE732
:1005D000F0B583B00C461646054648B16B696BB161
:1005E0002B688BB16B68ABB1002C40F08B80DAE0EC
:1005F000704940F25220FFF77FFCEFE76D494FF45E
:100600001570FFF779FCEBE76A4940F25520FFF7D8
:1006100073FCE7E7674940F25620FFF76DFCE3E71C
:100620000027012303E047F00107013483B121785B
:100630002D29F8D0302903D02B2905D00023F5E748
:1006400047F002070134F1E747F004070134EDE712
:1006500000222A290CD02178A1F13000C0B209284B
:100660000CD8013402EB820201EB4202303AF0E78F
:100670003368191D31601B681A44013423782E2B0E
:1006800002D00023217811E0013400232178A1F168
:100690003000C0B20928F5D8013403EB830301EB25
:1006A0004301A1F13003F1E714F8011F6C29FBD0DD
:1006B0006829F9D025296FD020D378291ED8582948
:1006C0001CD35839202919D8DFE801F03C18181834
:1006D0001818181818181811261818181826181885
:1006E0001818181850181847183118183C00336893
:1006F0001A1D326019782846FFF760FE013423780E
:10070000002B4ED014F8011B00294AD0252987D090
:100710002846FFF753FEF2E73168081D306009688C
:10072000019700920A222846FFF7C0FEE6E73168EB
:10073000081D30600968019700920A222846FFF7D9
:1007400055FEDBE73168081D3060096801970092AB
:1007500010222846FFF74AFED0E731680B1D3360B0
:100760003B4609682846FFF703FFC7E733681A1DB1
:1007700032601F6830212846FFF720FE7821284686
:10078000FFF71CFE00230193082300931022394633
:100790002846FFF72BFEB1E725212846FFF70EFE7E
:1007A000ACE72B7B0BB903B0F0BD2846FFF7C0FDCB
:1007B000F9E700BFC0980300C3688B4206D8114414
:1007C00001390369994203D900207047002070471E
:1007D0000120704710F0030F0CBF0120002070476C
:1007E00043681B68013B0B420CBF0120002070478F
:1007F0002DE9F04182B0002831D00E4615461C4646
:100800000746002A3BD0D0F80080B8F1000F46D050
:10081000002B54D043685A68B4FBF2F302FB134335
:10082000002B5CD10846FFF7D5FF002867D028468B
:10083000FFF7D0FF002872D0224631463846FFF736
:10084000BBFF00287BD0D8F80C80089B0093234680
:100850002A4631463846C04702B0BDE8F0814048DC
:10086000404BC01AC00800040E2400943E4B3F4A7F
:100870003F4940F0010000F080FF2046ECE7384897
:10088000384BC01AC00800040E240094364B394A75
:10089000374940F0010000F070FF2046DCE73048A7
:1008A000304BC01AC0080004082400942E4B324A72
:1008B0002F4940F0010000F060FF2046CCE72848B7
:1008C000284BC01AC008000409240094264B2B4A68
:1008D000274940F0010000F050FF2046BCE72048C7
:1008E000204BC01AC0080004092400941E4B244A5F
:1008F0001F4940F0010000F040FF2046ACE71848D7
:10090000184BC01AC008000410240094164B1D4A4E
:10091000174940F0010000F030FF20469CE71048E6
:10092000104BC01AC0080004102400940E4B164A45
:100930000F4940F0010000F020FF20468CE70848F6
:10094000084BC01AC008000410240094064B0F4A3C
:10095000074940F0010000F010FF20467CE700BF8F
:10096000C87103004871030044CF03005899030085
:1009700060990300EC99030094990300A89903007F
:10098000F4990300209A0300389A03005C9A03004C
:100990002DE9F04182B0F0B1884614461F46054665
:1009A000066846B3002A36D0FFF71AFF002842D067
:1009B0006B681A6804FB02F241462846FFF7FCFE0A
:1009C000002848D036693B46224641462846B04773
:1009D00002B0BDE8F0812848284BC01AC0080004C6
:1009E0000E240094264B274A274940F0010000F0CE
:1009F000C4FE2046ECE72048204BC01AC008000483
:100A0000082400941E4B214A1F4940F0010000F0C9
:100A1000B4FE2046DCE71848184BC01AC008000492
:100A200009240094164B1A4A174940F0010000F0BF
:100A3000A4FE2046CCE71048104BC01AC0080004A2
:100A4000102400940E4B134A0F4940F0010000F0AF
:100A500094FE2046BCE70848084BC01AC0080004B2
:100A600010240094064B0C4A074940F0010000F0A6
:100A700084FE2046ACE700BFC87103004871030044
:100A800030CF030058990300609903009499030044
:100A9000A8990300849A0300AC9A030029DF7047E9
:100AA00028DF704703689B68002B28D000B587B00B
:100AB0000023009301930293039304930593019100
:100AC00083680593037953B1012B11D102238DF86B
:100AD0000030C3681B0302934369049308E00123B9
:100AE0008DF8003003690293C3680393436904934C
:100AF00003689B686846984707B05DF804FB704739
:100B000010B542698369D21AB2F5805F28BF4FF4ED
:100B1000805292080469C168012A38BF0122194431
:100B20001819FFF7BBFF10BD08B5C2680069104473
:100B3000FFF7B6FF08BD0000114B0022DA60037911
:100B40001BB1012B0FD01046704742698369D11A3F
:100B5000B1F5805F94BF5B1803F5805383619A42BF
:100B600009D0002070470369013303614269934251
:100B700003D000207047012070470120704700BF5C
:100B800030490020064AD3680133D360082B01D8CE
:100B90000020704713460022DA600120704700BF32
:100BA00030490020034B01225A74187AB0FA80F0C1
:100BB000400970473049002008B502490248FFF754
:100BC00025FA08BD284900204449002008B50549F8
:100BD0000548FFF70FFA054B1860003818BF0120D1
:100BE00008BD00BF28490020444900202C490020AE
:100BF00008B51A4B1B7AA3B1184B02221A72184B74
:100C000018680379ABB1012B1CD00321144B186871
:100C1000FFF748FF114B00221A725A60FFF7CCFF12
:100C200008BDFFF7D3FF0028E6D10C4B00225A6025
:100C3000F6E7FFF765FF40B11128E6D1074B012227
:100C40001A72EDE7FFF770FFF5E7044B1B7C002BF2
:100C5000E6D10021022000F005F8E1E7304900204C
:100C60002C490020831E012B2DD810B50446164BAD
:100C70001B7A53B1022B03D1022807D0032818D0C6
:100C8000114B5B7CE3B9FFF7B3FF10BD0F4B186846
:100C9000FFF752FF0028F3D00B4B00221A720B4BC8
:100CA0001868022C0AD00D21FFF7FCFEFFF784FF25
:100CB000E6E7064B1868FFF765FFEBE71146F3E739
:100CC00001F0D0F9E1E77047304900202C490020BD
:100CD000012802D0032800D0704708B5054B002238
:100CE0005A74012814BF002001201874FFF780FFF8
:100CF00008BD00BF304900202DE9F04F83B0884681
:100D000001929B469DF830900446D0B1B4F806A0FD
:100D1000637903FB0AFAAAF1040ADA4516D9E788CF
:100D20000BF10403B3FBF7F607FB1633019A1568C2
:100D300005EB0B02524501D9AAEB0B05019A156090
:100D40000BE01949B620FFF7D7F8DFE71649C420B2
:100D5000FFF7D2F8E3E72468013E002EFBD1A7EBB2
:100D6000030AAA4528BFAA46B3460DE052460146EB
:100D7000184606F02BF92468A5EB0A05D344BA46B9
:100D8000AF4228BFAA4633465DB108EB0B002344AF
:100D90000433B9F1000FE9D05246194606F016F9AE
:100DA000E9E703B0BDE8F08F0C9B030008B5FFF73F
:100DB0001FFA08BDF8B501464679701E0A460023A1
:100DC00001E0126801338342FBD31768002405E079
:100DD0000D683846FFF782FA01342946A642F7D853
:100DE000F8BD2DE9F8430746048A231F194403314F
:100DF000B1FBF3F8FFF740FA0646F8B1002505719C
:100E000001234371043CC4805FFA88F808F1FF387D
:100E100007608146454511D23846FFF72DFA044652
:100E200040B1737901337371C9F80000076001356F
:100E30008146EFE73046FFF7BDFF26463046BDE866
:100E4000F88308B501210430FFF790F908BD10B50B
:100E5000044601210430FFF794F910F0FF0F00D091
:100E600010BD2046FFF7A6FFFAE7000010B584B0DA
:100E7000144603920022009203AAFFF73DFF039B52
:100E8000A34201D104B010BD0249F620FFF734F8A7
:100E9000F8E700BF0C9B030010B584B01446039222
:100EA0000122009203AAFFF727FF039BA34201D16F
:100EB00004B010BD02494FF48070FFF71DF8F7E74A
:100EC0000C9B030082680023936082681361826830
:100ED00053618268D3608268536082681360704790
:100EE00038B50C46054638B15CB12C6023686B60A0
:100EF000626893420AD038BD06495020FEF7FCFFD5
:100F0000F2E704495120FEF7F7FFEEE700236B609C
:100F1000F1E700BFA89B030010B5044658B1236851
:100F200073B1636833B1226891680B44636052689F
:100F300093420AD010BD06496320FEF7DDFFEEE7BD
:100F400003496420FEF7D8FFEBE700236360F1E775
:100F5000A89B03000E49A1F59472914215D9A1EB0B
:100F6000020C4FEADC7303EBEC035B1002EBC30CE7
:100F700052F83330834201D96146EEE702D20CF1D8
:100F80000802EAE7DCF8040070470020704700BF61
:100F900080D0030008B5FFF7DDFF00B108BD0148B0
:100FA000FCE700BF80D003007047704700B583B0F6
:100FB000044B00934FF48063034A00F033F803B00E
:100FC0005DF804FBCD0F0300544900200AB3F8B5C7
:100FD0000F4614460326002503E00E4B01221A702B
:100FE000B4B122467919002000F04EFE0544241ABF
:100FF0000028F2D1074B1B7853B1074B4FF47A40CE
:1010000043F001039847013EE7D1024B00221A70DA
:10101000F8BD7047544D0020A0D0030008B500F083
:101020008DFE08BDF0B595B00E4615461C46084627
:10103000FFF707FF0E950F94002310938DF84430AF
:1010400012931A9A1392082208A93046FFF724FF38
:101050000A9B0B93BDF82430ADF83030BDF8263034
:10106000ADF8323001238DF835309DF8203003F093
:101070000303012B06D0022B21D03046FFF7E7FEF9
:1010800015B0F0BD089DC5F395259DF82030C3F33C
:10109000C2038DF83430BDF82040C4F38314082314
:1010A000A2000DEB03013046FFF7F6FE0EAB0093F6
:1010B0000BAB224602A9284600F034FCDDE7BDF860
:1010C0002250C5F389159DF82030C3F3C2038DF873
:1010D000343008272C46082D28BF08243B462246DA
:1010E00002A93046FFF7D8FE27442D1B0EAB0BAAF2
:1010F000214602A800F078FC002DEBD1BDE70000EE
:1011000008B5FFF78BFF0421064800F077FB0028A5
:1011100003DB054B01225A7108BD04494120FEF74B
:10112000EBFEF6E730720300382B002048A00300E6
:10113000037813F0040F19D003F00303012B03D03D
:10114000022B0AD0012070470388C3F383130A6877
:10115000134402330B60012070474388C3F38913A3
:101160000A68134402330B60012070470020704767
:10117000002002E001238BB9013009280CDC084B68
:10118000D3F81034002BF5D0DB681A79824201D0F5
:101190001B68F7E70023EEE74FF0FF30704700BF12
:1011A000584D002010B584B02D4C2046FEF7F4FFBA
:1011B000201FFEF7F1FFA4F58364A3680393DBB25D
:1011C000023304EB8304201D06E09DF80C3002334B
:1011D000244800EB8300043003A9FFF7A9FF00288F
:1011E000F3D100220BE0039B591C0391DBB20233C5
:1011F0001C4901EB83035B684DF822300132012A60
:10120000F1D99DF8003003F00303012B16D0022B17
:101210001ED1BDF80640BDF80230C3F38913033375
:10122000039A02EB930203920F48FEF7BAFF10B144
:101230000C4B039A9A60204604B010BDBDF80640DE
:10124000BDF80020C2F38312039B13440393EBE722
:1012500006494FF4C270FEF74FFE0024E4E700BFDA
:1012600070510020584D00206C51002004A1030053
:10127000F0B583B006460C461746851C00238DF852
:1012800007300DF10700FDF73DFE1E4B5A68226046
:101290009B689B1A03F5807311E01B4C01212046CB
:1012A000FEF764FFFFF77EFF01462046FEF75EFF74
:1012B000A4F21C44A36862689B1A03F58073AB42D6
:1012C000EBD30022B7B1012363F3010242F0040221
:1012D00066F389120B484168CBB2023300EB8303FB
:1012E0005A60294441609DF80700FDF71DFE01206A
:1012F00003B0F0BD022363F3010242F0040266F37F
:101300009F52E7E7584D00207451002010B5074B5D
:1013100001221A700648FFF749FD044608B120462D
:1013200010BD0448FFF7CEFDF9E700BF584D00207F
:1013300034710300B4D003000248034BC01AC00844
:10134000704700BF307203004871030099B110B5B7
:101350000446FFF7F1FF002383420AD2074A32F81E
:1013600023102268914201D00133F5E72360002069
:1013700000E0052010BD0020704700BF1C2B00209E
:101380002DE9F04706460F4690461D46DDF82090B1
:10139000040C00211A48FEF7A8FE80F3100AFFF79C
:1013A000CBFFA04225D96B1C03EA090344EA0A4299
:1013B000144C023304EB83035A6005EA0905023535
:1013C00004EB85031A7966F3C5021A719A8868F3EB
:1013D00089129A805A6867F39F225A601A7901210C
:1013E00061F301021A71D2B222F004021A71BDE84F
:1013F000F087054940F2A910FEF77EFDD3E700BF54
:1014000074510020584D002004A1030000B583B0A2
:10141000019001A8FFF79AFF30B9019A034B53F8E6
:10142000320003B05DF804FB0020FAE748710300C6
:10143000094B03EBC0030139032909D8DFE801F0A8
:10144000020A0406022070471879704758797047DD
:10145000002070470420704748710300034B9868D0
:101460005B68984214BF002001207047584D00204F
:101470002DE9F04186B0FFF7F1FF002840F01F8111
:10148000044690480023C0F81834BFF34F8F836898
:101490000593DBB2023300EB8300043005E0DBB2DE
:1014A0000233884800EB8300043005A9FFF740FEB3
:1014B00030B3844BD3F8183423BB824B5A68059B56
:1014C0009A42ECD87F4B9A60F5E0059B591C059138
:1014D000DBB202337B4901EB8303596802AB43F86B
:1014E00022100132012AF0D99DF8083003F00303DD
:1014F000022B09D0012B6DD0724BD3F81044C9E0F8
:101500000022EFE70022EDE7BDF80A30C3F38916A9
:10151000B046502E28BF4FF0500868F38F13ADF837
:101520000A3008F108016848FFF75BFC054600280F
:10153000E2D0FFF786FC002308220DEB02012846CB
:10154000FFF794FC0599CB43DBB201339F00B8EB66
:10155000830F33D91FBB5FFA88F700245B49A0468D
:1015600008233A462846FFF781FC07F1080324B117
:10157000424621462846FFF779FC0336059B03EBDC
:1015800096030593002DB7D04E4BD3F81044D3F8F3
:101590001834002B57D02846FFF759FC86E0C9B213
:1015A0000231484C04EB81010431FFB25FFA88F844
:1015B000A8EB07085FFA88F80C34D1E7CBB2023306
:1015C000404901EB83010823424604312846FFF7D6
:1015D0004DFCD2E7BDF80820C2F38313062B28BFC9
:1015E000062363F38912ADF80820023399003648C8
:1015F000FFF7F7FB054600283FF47EAFFFF721FC1D
:10160000002308220DEB02012846FFF72FFC0024DF
:1016100008260FE0059B5A1C0592DBB202332949CC
:1016200001EB83013346042211442846FFF71EFCD8
:1016300004360134BDF80830C3F38313A342E9D85C
:10164000A0E7E3681C684CB1E3685B79002BF8D035
:1016500023681B68294620469847F2E72846FFF78B
:10166000F6FB00238DF807300DF10700FDF74AFC6B
:10167000144BD3F8183413B9124B059A9A609DF89D
:101680000700FDF751FC11E023689B68204698474E
:10169000E3681C68002CF7D10D480E4BC01AC00837
:1016A00000040D4940F0020000F04CF8FFF7D6FEB0
:1016B00080F00104E4B2204606B0BDE8F0810024C9
:1016C000F9E700BF584D002034710300644D00203D
:1016D0009871030048710300A8A103002DE9F041AF
:1016E00084B00746884616461D46012203A91846BF
:1016F000FFF7BEFDC8B1039B991C4FF0000C0BE037
:10170000CAB202320E4C04EB820E56F82C20CEF8F0
:1017100004200CF1010C0131AC45F1D3FF22009201
:101720002A4641463846FFF72BFE054B1B781BB176
:10173000FFF79EFE0028FBD104B0BDE8F08100BF9A
:10174000584D002008B500231A46FFF7C7FF08BD13
:1017500000B583B00192012301AAFFF7BFFF03B0D8
:101760005DF804FB00B583B00092019302236A4642
:10177000FFF7B4FF03B05DF804FB00B585B001923C
:101780000293069B0393032301AAFFF7A7FF05B06B
:101790005DF804FB00B585B000920193069B0293AF
:1017A000079B039304236A46FFF798FF05B05DF893
:1017B00004FB00B587B001920293089B0393099B39
:1017C00004930A9B0593052301AAFFF787FF07B03F
:1017D0005DF804FB00B587B000920193089B02936B
:1017E000099B03930A9B04930B9B059306236A466C
:1017F000FFF774FF07B05DF804FB000010B5044666
:10180000FFF7B6FCB0F1FF3F0ED0E36818710A4B4A
:10181000D3F810344BB1DA68E36812681A60064BEB
:10182000D3F81034DB681C6010BD034BC3F81044C0
:10183000E36800221A60F7E7584D002010B5094B05
:10184000D3F8104401221A7008E0E36801225A71AB
:1018500023685B6820469847E3681C68002CF4D135
:1018600010BD00BF584D002070B582B004460D4633
:10187000C388A3B9217A05290FD0637ABBB9227A2C
:10188000104B53F822600021A088FFF7BFFD0346EC
:1018900032460D492846FEF75FFD02B070BD0B4A87
:1018A00000920B4A0B492846FEF756FDE2E7A08856
:1018B000FFF7BEFD084B53F8202008492846FEF7E5
:1018C0004BFDDCE7E4D00300ECA10300E0A1030042
:1018D000C0A10300C8A10300C0D00300E8A1030019
:1018E00010B50C46037A052B0FD0437A3BB90A4951
:1018F0002046FEF731FD2046FEF71AFD10BD074ACF
:1019000007492046FEF728FDF1E7002AF3D00249F7
:101910002046FEF721FDEEE7C4790300E0A10300B5
:10192000E8A103002DE9F04385B081460D469046BD
:101930001E460C9C277B0023237321463046FFF76D
:1019400093FFB8F1060F09D8DFE808F00411171E5D
:1019500027323F0049462046FEF7FEFC0022214682
:101960003046FFF7BDFF277305B0BDE8F0832A6856
:1019700049462046FEF7F0FCF0E76B682A684946C6
:101980002046FEF7E9FCE9E7AB6800936B682A683C
:1019900049462046FEF7E0FCE0E7EB680193AB68C0
:1019A00000936B682A6849462046FEF7D5FCD5E7C8
:1019B0002B690293EB680193AB6800936B682A680C
:1019C00049462046FEF7C8FCC8E76B6903932B69BC
:1019D0000293EB680193AB6800936B682A684946F1
:1019E0002046FEF7B9FCB9E7082900D970472DE970
:1019F000F04707460E4690461D4693F80C9000248B
:101A00001C7319461046FFF72FFF04E01C492846B7
:101A1000FEF7A2FC0134072C07D8B442F6D23A5D97
:101A200018492846FEF798FCF4E717492846FEF7C0
:101A300093FC002407E04FF02E0A52461349284633
:101A4000FEF78AFC0134072C11D8B4420AD2385D63
:101A50007E28F0D8824604F04BFF0028EDD14FF0ED
:101A60002E0AEAE70A492846FEF776FCEAE7012251
:101A700029464046FFF734FF85F80C90BDE8F08713
:101A800000A20300F8A1030004A2030008A20300BF
:101A90000CA203000369C268934204D881688A1AC1
:101AA0001344581E7047981A013870472DE9F843BF
:101AB000044688461646C5688768A7EB0509914520
:101AC00007D94068284405F081FA3544E560BDE84F
:101AD000F88340684A46284405F078FAED1B3544FF
:101AE0002A4608EB0901606805F070FAE560EEE748
:101AF0002DE9F843064688461746C5684FF00009A9
:101B000018E05B1B5A1EB3685C1B944228BF144646
:101B1000BC4228BF3C46706822464146284405F036
:101B200055FAA144A0443F1B2544B368AB4209D0F9
:101B3000F5604FB133699D42E3D3B2685B1B1A4431
:101B4000013AE0E70025F3E74846BDE8F8830000E6
:101B5000124B02221A615A6111499961114ADA61E4
:101B60004FF400721A6200229A625A62DA62996431
:101B70000D49D964102119659A655A65DA650B4AD1
:101B80001068C3F807000A4A92E8030018609980B9
:101B9000090C997120229A71704700BFF0540020FF
:101BA00060A20300F0520020E05200206CA203006B
:101BB00070A203002DE9F047044688469146244B65
:101BC0001B78C3B104EB4402214B03EBC2039F6DAE
:101BD0005D6DAF4212D80026ED1B4D4528BF4D4626
:101BE0003DBB2EB104EB4404194B03EBC4039F65CA
:101BF0003046BDE8F087FFF7ABFFE3E71346144A32
:101C000002EBC30ADAF85060F61B4E4528BF4E4679
:101C1000DAF84C1032463944404605F0D7F9B04462
:101C2000A9EB06093744DAF85030BB42D4D100277B
:101C3000D2E704EB4402064B03EBC203D96C2A46FD
:101C40003944404605F0C2F92E442F44C9E700BF8D
:101C5000F054002070B582B004460D4616460023AD
:101C60008DF807300DF10700FDF74CF93246294693
:101C70002046FFF79FFF04469DF80700FDF754F943
:101C8000204602B070BD0000F8B50F461646441C51
:101C900004EB4404164B03EBC40400EB400003EBDD
:101CA000C003DD6A012D0ED0022D1AD0F5B92046F1
:101CB000FFF7F0FE864212D8324639462046FFF73B
:101CC000F5FE35460BE02046FFF7E4FE354686423A
:101CD00028BF05462A4639462046FFF7E7FE284634
:101CE000F8BD2046FFF704FF0546F8E70025F6E7B4
:101CF000F054002000B583B001220DF1070100204F
:101D0000FFF7A8FF012804D19DF8070003B05DF894
:101D100004FB4FF0FF30F9E708B5074B1B7833B1F0
:101D2000054B9A6D5B6D934204D0012008BDFFF70F
:101D30000FFFF5E70020F9E7F054002008B5FFF7A2
:101D400007FF08BD002807DB00F01F024009012340
:101D50009340024A42F82030704700BF00E100E0A3
:101D600000280CDB00F01F024009012393402030C3
:101D7000034A42F82030BFF34F8FBFF36F8F704795
:101D800000E100E0002807DB00F1604000F5614061
:101D900090F800034009704700F00F00014B185CF9
:101DA0004009704714ED00E010DF704711DF704705
:101DB0001F2808DD3F280CDC20380123834014BF96
:101DC000012000207047044B23FA00F000F00100CE
:101DD00070470120704700BFFC06FFBD38B50446C0
:101DE000FFF7E6FFE8B12046FFF7CCFF07281CD835
:101DF000EC23034113F0010F1AD00F4B9D6865B11E
:101E00006009194653F8203004F01F040122A24053
:101E1000134341F82030002505E02046FFF792FFEC
:101E200001E042F20105284638BD42F20205FAE718
:101E300042F20205F7E700BF8C48002038B504469F
:101E4000FFF7B6FFA8B10C4B9D6875B16009194644
:101E500053F8203004F01F040122A24023EA0203B9
:101E600041F820300025284638BD2046FFF778FF8E
:101E7000F9E742F20105F6E78C48002070B582B020
:101E80000646154D154BED1AED082D0445F00405D9
:101E9000024613492846FFF75BFC12496846FFF7E4
:101EA0001FF807E0224610492846FFF751FC684614
:101EB000FFF732F8019C64B12368616830469847A7
:101EC0000028EFD1224609492846FFF741FC11209E
:101ED00000E0002002B070BDD07103004871030023
:101EE00078A2030010D1030090A20300B0A2030067
:101EF00010B582B004460E480E4BC01AC00800044C
:101F000022460D4940F00400FFF722FC0B496846C9
:101F1000FEF7E6FF06E01A685968204690476846D3
:101F2000FEF7FAFF019B002BF5D102B010BD00BFF8
:101F3000D071030048710300D4A2030004D1030050
:101F400008B51620FFF74AFF00B908BD024AA121D3
:101F5000FCF764FEF9E700BFECA2030008B5162009
:101F6000FFF76CFF00B908BD024AAD21FCF756FE31
:101F7000F9E700BFECA2030010B582B01B4B1B7841
:101F800073BB1B4B01221A700020FFF777FF11284B
:101F90002AD00020FFF7ACFF164B1B6801930023EB
:101FA0008DF803300DF10300FCF7ACFF124901A8D6
:101FB000FFF7FAFE0446B0FA80F040090B4B1870A8
:101FC0009DF80300FCF7B0FF5CB90023084A1370CA
:101FD0000A4A1370FFF7B4FF0120FFF789FF00E002
:101FE0000824204602B010BD0024FAE76A550020FC
:101FF000685500201CD1030039EC0200695500200F
:1020000030B583B0154B1B7813B30120144B1870F7
:10201000FFF734FF11281FD00220FFF769FF0025CA
:102020008DF807500DF10700FCF76CFFFFF7BEFEBF
:1020300004460A4B1D709DF80700FCF775FF44B974
:10204000074B1D70FFF78AFF0320FFF751FF00E0E9
:102050000824204603B030BD0024FAE76A5500206A
:102060006855002008B5074B1B7843B1064B1B7819
:1020700013B1FFF7C5FF08BDFFF77EFFFBE70820A0
:10208000F9E700BF685500206A550020014B187819
:10209000704700BF6A55002000B583B00849684604
:1020A000FEF71EFF05E01A68586890476846FEF77D
:1020B00033FF019B002BF6D103B05DF804FB00BF9A
:1020C000F8D0030008B5FFF7E7FF08BD60DF7047F1
:1020D00069DF704761DF70474FF08053D3F80C0120
:1020E000800200F100507047164B1B7843B300B5D7
:1020F000ADF5017D09E01A68596803A8904701A869
:10210000FEF70AFF029B002BF5D14FF4FA73ADF8EE
:1021100002300DF1020103A8FFF7DCFF20B90A49E4
:1021200001A8FEF7DDFEEDE7052803D10DF5017DE1
:102130005DF804FB054A40F23B11FCF76FFDF5E743
:10214000704700BF6B55002020D1030090A303000F
:1021500018B1034A0260002070470E20704700BF8C
:10216000082B0020F0B585B005460C460846FFF761
:10217000EFFF064610B1304605B0F0BD00230193D5
:10218000029303938DF8045001238DF80630062343
:10219000ADF80830226801A92020FFF799FF002838
:1021A00058D1002301930293039301238DF8053046
:1021B000226801A94020FFF78BFF002858D1002397
:1021C0000193029303938DF80450F723ADF8063082
:1021D000226801A92320FFF77BFF002856D10023A6
:1021E00001930293039303238DF80430226801A91D
:1021F0000120FFF76DFF002856D1002301930293C1
:1022000003934FF4B0630193226801A9A120FFF763
:102210005FFF002856D100230193029303939DF89A
:10222000043043F001038DF80430226801A9A02096
:10223000FFF74EFF00289ED0294C2A4AA41AE40832
:102240002404FEF7A7FE0246274944F00100FFF7E9
:102250007FFA90E7224F234ABF1AFF083F04FEF798
:1022600099FE0246214947F00100FFF771FA98E70D
:102270001B4F1C4ABF1AFF083F04FEF78BFE0246A5
:102280001B4947F00100FFF763FA98E7144D154A20
:10229000AD1AED082D04FEF77DFE0246154945F006
:1022A0000100FFF755FA9AE70D4D0E4AAD1AED08F9
:1022B0002D04FEF76FFE02460F4945F00100FFF7BF
:1022C00047FA9AE7064D074AAD1AED082D04FEF7C6
:1022D00061FE0246094945F00100FFF739FA9AE725
:1022E000D871030048710300ACA5030030A40300BB
:1022F00078A40300C4A403000CA5030058A50300A0
:10230000F8B504460768FFF7E1FE05462368BB42BF
:1023100005D8F5B9164B01221A702846F8BD154E9E
:10232000154BF61AF608360446F0020613493046F5
:10233000FFF708FA23683A4611493046FFF712FAC8
:10234000FFF7CAFE2268821A0E493046FFF700FAEC
:10235000DFE7084C084BE41AE40824042846FEF79B
:1023600019FE0246084944F00100FFF7F1F9D4E7ED
:102370006B550020D87103004871030000A60300CC
:1023800030A6030064A6030090A603004BDF70474D
:1023900000B585B009E01A6859680198904702A80D
:1023A000FEF7BAFD039B002BF5D101A8FFF7EEFF66
:1023B00078B90D480D4BC01AC0080004019A0C49A9
:1023C00040F00400FFF7C4F90A4902A8FEF788FDAF
:1023D000E8E7052802D105B05DF804FB064A6B2149
:1023E000FCF71CFCF7E700BFE07103004871030035
:1023F000BCA603002CD10300D0A60300FEE7704763
:10240000704738B50C464568284600F059F8E1B2E7
:10241000022906D004290BD141682846F5F785FF2B
:1024200006E000F087F8002203210846F5F716FFC2
:1024300038BD08B500F0A8F808BD38B50C464568A9
:10244000284600F03DF8E1B2062906D0072908D158
:1024500001682846F5F769FF03E001682846F5F7AB
:1024600064FF38BD08B500F0BDF808BD02460C4950
:1024700042F8141B426000228260C260094A026175
:10248000094A0260094A426180610949C1610949FA
:10249000416102624062084A8262084A02627047F1
:1024A00034CD03007CA7030068D1030020CD0300D6
:1024B0008CA7030040D103000881030054D103001E
:1024C000034600F114020248026020334360704763
:1024D0006C55002008B50948094BC01AC008000413
:1024E000084940F00400FFF72DF90748F5F7B9FF58
:1024F000002207210320F5F7B1FE08BD9871030003
:102500004871030094A703007455002000B583B000
:10251000054B0093002342F2107204490448F5F77A
:102520002FFF03B05DF804FBD5240300ACA7030024
:102530007455002008B50248F6F708F908BD00BF39
:1025400011270300014B1860704700BF402B00208B
:1025500008B50848084BC01AC0080004074940F0F5
:102560000400FFF7EFF8064B19680648F5F735FF4A
:1025700008BD00BF9871030048710300BCA70300A9
:10258000402B00207455002008B50748074BC01A9F
:10259000C0080004064940F00400FFF7D3F8F6F73E
:1025A00059F8FFF7D5FF08BD987103004871030083
:1025B0004478030008B50748074BC01AC008000458
:1025C000064940F00400FFF7BDF80548F5F720FF85
:1025D00008BD00BF9871030048710300D4A7030031
:1025E0007455002008B50748074BC01AC0080004FE
:1025F000064940F00400FFF7A5F8F6F74BF8FFF79F
:10260000D9FF08BD9871030048710300ECA70300CF
:1026100008B5114682189378D27843EA02231BB298
:1026200013F5716F00D008BD01F10C03C35C03F01A
:10263000010C224A82F800C0C3F3400C82F801C0AA
:10264000C3F3800C82F802C0C3F3C00C82F803C04D
:10265000C3F3001C82F804C0C3F3401C82F805C019
:10266000C3F3801393710844437A03EB83035B0045
:102670001381837A03EB83035B005381C37A03EBFB
:1026800083035B00938143794FF0640C0CFB03F3ED
:1026900081790CFB01F143EA01431361002353618B
:1026A00007490B6801330B6008210320F5F7ECFDA7
:1026B000044B19680448F5F7B9FEB4E7AC5500209F
:1026C000A8550020402B002074550020F8B507467F
:1026D0000E46002503E02C44A4B20134A5B2B54255
:1026E0000FD22B467C5D64B12A19B24209DA01335C
:1026F000FB5CFF2BEFD12A4631463846FFF788FFB7
:10270000E9E7F8BD08B501790068FFF7DFFF08BD0C
:1027100008B50378042B13D8DFE803F013121E2941
:1027200003001548154BC01AC0080004144940F0B6
:102730000400FFF707F8002207210320F5F78EFDBC
:1027400008BD0D480D4BC01AC00800040D4940F0EB
:102750000400FEF7F7FFF3E70748084BC01AC0086C
:102760000004094940F00400FEF7ECFFE8E7406888
:10277000FFF7C8FFE4E700BF98710300487103004A
:10278000FCA703000CA803001CA8030008B5FFF772
:10279000BDFE08BD70B505460C46164600F022F891
:1027A0003246214600F05EF821462846F5F782FDC4
:1027B00070BD000010B50446F5F736FD014B2360EF
:1027C000204610BD74D1030010B50446FFF7F2FF98
:1027D00004F15C00F5F741FC04F6EC10FFF746FE4F
:1027E000204610BD08B50A4B1B68BFF35B8F13F082
:1027F000010F01D0074808BD054804F049FC002836
:10280000F8D00448FFF7E0FF014804F055FCF1E779
:10281000E4550020E855002038B504460D4B0E4A1B
:102820009B1ADB081B040D4943F00300FEF78AFFE7
:1028300004F15C050A4A05212846F5F723FC2A46DF
:1028400003212046F5F7F8FC04F6EC10F5F781FDBE
:1028500038BD00BF987103004871030034A803001D
:1028600050A8030008B500F6EC10F5F756FD08BDBA
:1028700008B5C06800F0CAFA0548064BC01AC0087F
:102880000004054940F00400FEF75CFF08BD00BFEE
:10289000987103004871030054A80300F8B50D4671
:1028A0004668284C284BE41AE408240444F0040445
:1028B00026492046FEF746FF304600F099F90746C4
:1028C000E9B20D2939D8DFE801F0070C38113838A2
:1028D000161B24383829382E1D492046FEF732FFB2
:1028E000F8BD1C492046FEF72DFFF9E74168304648
:1028F000F5F71BFDF4E718492046FEF723FFEFE745
:1029000016492046FEF71EFF39683046F5F70DFDE3
:10291000E6E713492046FEF715FFE1E71149204697
:10292000FEF710FFDCE710492046FEF70BFF002200
:1029300004210846F5F792FCD2E70C495520FDF733
:10294000DBFACDE7987103004871030080A803000B
:10295000B8A80300DCA80300FCA8030040A90300FA
:1029600080A90300BCA9030004AA030044AA030031
:1029700008B5C06800F062FA0548064BC01AC008E6
:102980000004054940F00400FEF7DCFE08BD00BF6E
:102990009871030048710300D0AA030008B5C0680D
:1029A00000F004FA0548064BC01AC00800040549A7
:1029B00040F00400FEF7C6FE08BD00BF987103009A
:1029C00048710300FCAA030070B50D4646681E4C12
:1029D0001E4BE41AE408240444F004041C49204675
:1029E000FEF7B0FE304600F003F9E9B20D2926D813
:1029F000DFE801F0070C250B1125162525252525D7
:102A0000251B14492046FEF79DFE70BD1249204645
:102A1000FEF798FEF9E701683046F5F786FCF4E723
:102A200081683046F5F781FCEFE70C492046FEF758
:102A300089FE002204210846F5F710FCE5E7084965
:102A40004920FDF759FAE0E7987103004871030047
:102A500020AB0300B8A80300DCA8030050AB0300C0
:102A600088AB030008B5C06800F0B8F90548064B0C
:102A7000C01AC0080004054940F00400FEF762FED9
:102A800008BD00BF987103004871030008AC030043
:102A900008B50548054BC01AC0080004044940F0B9
:102AA0000400FEF74FFE08BD987103004871030053
:102AB00028AC030008B50548054BC01AC00800043F
:102AC000044940F00400FEF73DFE08BD9871030084
:102AD0004871030048AC0300F8B505460F46466848
:102AE0001C4C1D4BE41AE408240444F004041B4964
:102AF0002046FEF727FE304600F07AF8F9B20B299F
:102B000023D8DFE801F0060B10180A221D220A0A5A
:102B1000220A13492046FEF715FEF8BD114920464A
:102B2000FEF710FEF9E7E86800F02AF90E492046A2
:102B3000FEF708FEF1E741683046F5F7F6FBECE7F3
:102B400081683046F5F7F1FBE7E708495220FDF7C9
:102B5000D3F9E2E7987103004871030068AC030001
:102B6000B8A80300DCA8030090AC0300B0AC0300DD
:102B700038B504460346144A43F8142B4360002337
:102B80008360C360114B0361114B0360114D4561BC
:102B90008061114BC361114B436100F04BF820621F
:102BA0006562A4620E4BE3620E4B636200F042F872
:102BB00020636563A4630C4BE3630C4B636300F019
:102BC00039F82064204638BD34CD030030AD030011
:102BD000BCD1030020CD030034AD0300A8D1030015
:102BE0003CAD030094D1030044AD030080D1030049
:102BF000034600F114020448026003F1240242601B
:102C000034338360704700BF0060002010B5044675
:102C100014234360092383601523C36016230361D3
:102C20000A234361022383611C30F5F7ABFC204685
:102C300010BD000008B50A4B1B68BFF35B8F13F093
:102C4000010F01D0074808BD054804F021FA00280B
:102C5000F8D00448FFF7DAFF014804F02DFAF1E755
:102C60000C600020106000202DE9F04399B005466B
:102C70003C483D4BC01AC00800043C4940F00400E9
:102C8000FEF760FD12AB0024129413941494159473
:102C9000169417940127139714976A68129218AA2A
:102CA00012E903008DE803000FCBF6F70BF821467D
:102CB0006868F5F7E6FF0CAB0C940D940E940F9436
:102CC000109411940D970E97AA680C9210AA92E88E
:102CD00003008DE803000FCBF5F7F4FF2146A86849
:102CE000F5F7CFFF224BD3F80080ADF82C804FEAE8
:102CF00018498DF82E9003268DF82D601D4B0B9AE8
:102D00003146E868F5F7FBFFADF828808DF82A908A
:102D10008DF82960184B0A9A31462869F5F7EFFFBC
:102D2000ADF824808DF826908DF82560134B099A14
:102D300031466869F5F7E3FF03AB03940494059407
:102D400006940794089405970696AA69039207AA21
:102D500092E803008DE803000FCBF5F7B3FF19B03D
:102D6000BDE8F083987103004871030058AD03007B
:102D7000C0D10300D52E0300292F0300712F0300BB
:102D800010B50446064B074A9B1ADB081B0406498C
:102D900043F00400FEF7D6FC2046FFF765FF10BDA8
:102DA000987103004871030074AD030010B5044628
:102DB000074B084A9B1ADB081B04074943F0040031
:102DC000FEF7C0FC01216068F5F75BFF10BD00BF96
:102DD000987103004871030088AD030010B50446E4
:102DE000074B084A9B1ADB081B04074943F0040001
:102DF000FEF7A8FC00216068F5F743FF10BD00BF97
:102E00009871030048710300ACAD030010B504468F
:102E1000074B084A9B1ADB081B04074943F00400D0
:102E2000FEF790FC0121A068F5F72BFF10BD00BF55
:102E30009871030048710300D0AD030010B504463B
:102E4000074B084A9B1ADB081B04074943F00400A0
:102E5000FEF778FC0021A068F5F713FF10BD00BF56
:102E60009871030048710300F4AD030008B51C30ED
:102E7000F5F7CEFB0548064BC01AC008000405490B
:102E800040F00400FEF75EFC08BD00BF987103002F
:102E90004871030018AE030010B504460A4B0B4AF4
:102EA0009B1ADB081B040A4943F00400FEF74AFCA6
:102EB000E068F5F7E1FE012800D010BD00220B21EB
:102EC0000420F5F7CBF9F8E7987103004871030087
:102ED00038AE030008B5FFF7ADFEFFF7DDFF08BD14
:102EE00010B504460D4B0E4A9B1ADB081B040D4916
:102EF00043F00400FEF726FC2069F5F7BDFE01282B
:102F000005D0002208210420F5F7A8F910BD002201
:102F100007210420F5F7A2F9F8E700BF9871030034
:102F2000487103006CAE030008B5FFF783FEFFF79E
:102F3000D7FF08BD10B504460A4B0B4A9B1ADB08A5
:102F40001B040A4943F00400FEF7FCFB6069F5F737
:102F500093FE00B110BD002209210420F5F77EF98F
:102F6000F8E700BF987103004871030098AE0300B2
:102F700008B5FFF75FFEFFF7DDFF08BD38B50C466B
:102F800015460848084BC01AC0080004074940F01D
:102F90000400FEF7D7FB00F023F82A46214600F094
:102FA0004FF838BD9871030048710300C8AE0300A4
:102FB00010B50446F5F738F9014B2360204610BDE3
:102FC000CCD1030010B50446FFF7F2FF04F15C001A
:102FD000F5F743F804F6EC10FFF7CAFD204610BDE4
:102FE00008B50A4B1B68BFF35B8F13F0010F01D0CC
:102FF000074808BD054804F04BF80028F8D00448FD
:10300000FFF7E0FF014804F057F8F1E79060002077
:103010009460002038B5044600F15C05074A0121A0
:103020002846F5F72FF82A4604212046F5F704F93B
:1030300004F6EC10F5F78DF938BD00BF30AD030094
:1030400008B500F6EC10F5F768F908BD00B583B0D7
:10305000054B00930123642204490548F5F790F9D4
:1030600003B05DF804FB00BF5D360300E0AE030073
:10307000C46A002038B50E48F5F79CF90D4C0E4B8C
:10308000E41AE408240444F002040C4D29462046C6
:10309000FEF758FB0A492046FEF754FB0949204633
:1030A000FEF750FB29462046FEF74CFB38BD00BF1B
:1030B000C46A00209871030048710300ECAE03005D
:1030C00024AF030058AF030008B50F4B1B787BB942
:1030D000002212210120F5F7C1F80C480C4BC01A50
:1030E000C00800040B4940F00200FEF72BFB08BDAE
:1030F0000648074BC01AC0080004074940F0020008
:10310000FEF720FBF3E700BF006B0020987103007F
:1031100048710300C0AF03009CAF030008B50F4B1C
:103120001B787BB1002203210120F5F797F80C48AA
:103130000C4BC01AC00800040B4940F00200FEF717
:1031400001FB08BD0648074BC01AC0080004074928
:1031500040F00200FEF7F6FAF3E700BF006B002034
:10316000987103004871030004B00300E4AF03004A
:1031700010B500230A4A13700A4A13600A4A1370F2
:103180000A4C0B4BE41AE408240444F002040949F5
:103190002046FEF7D7FA08492046FEF7D3FA10BDBD
:1031A000006B0020FC6A0020F86A00209871030080
:1031B0004871030020B003006CB0030038B504462A
:1031C00001F0A0F9A04219D3204601F0D7FB144822
:1031D000144BC01AC008000440F0020022460C2C18
:1031E0001BD804EB840404EB8404A3009BB203F516
:1031F000C8739BB20C49FEF7B5FA38BD05460848BE
:10320000084BC01AC00800042B462246074940F06C
:103210000200FEF7A7FA2C46D6E74FF4C863E9E7A9
:103220009871030048710300D8B00300A8B00300F0
:1032300038B50446134B1D7801F064F9002C08DB07
:10324000002C01DD854211D22819C0B2FFF7B6FF6C
:1032500038BD002DF4D10C480C4BC01AC008000436
:103260000B4940F00200FEF76DFAF1E7064B074A02
:103270009B1ADB081B040246064943F00200FEF7D6
:1032800067FAE5E7482B00209871030048710300B6
:10329000F8B0030020B1030010B500220321042080
:1032A000F4F7DCFF002203210220F4F7D7FF042209
:1032B00010210220F4F7D2FF0F4C22780E210220B9
:1032C000F4F7CCFF0D480E4BC01AC008000440F0C4
:1032D000020022780C2A0BD802EB820101EB81015B
:1032E0008B0003F5C8739BB20649FEF73BFA10BD8D
:1032F0004FF4C863F8E700BF482B00209871030023
:103300004871030048B1030008B504220F210220D0
:10331000F4F7A4FF0548064BC01AC008000405498D
:1033200040F00200FEF70EFA08BD00BF98710300DE
:10333000487103007CB1030030B585B0124B1B68A7
:10334000B3B11248124BC01AC0080004114A1379D5
:10335000917994785579039502940191009353786B
:1033600012780D4940F00200FEF734FA05B030BD86
:103370000648074BC01AC0080004084940F0020084
:10338000FEF7E0F9F2E700BFA855002098710300AE
:1033900048710300AC550020D0B103009CB103007C
:1033A00010B50A4C0A4BE41AE408240444F0020461
:1033B00008492046FEF7C6F907492046FEF7C2F93C
:1033C00006492046FEF7BEF910BD00BF9871030004
:1033D0004871030034B203006CB20300A8B20300CA
:1033E00038B5134B01221A700023124A1360124A97
:1033F0001370124C124BE41AE408240444F0020443
:10340000104D29462046FEF79DF90F492046FEF74C
:1034100099F90E492046FEF795F90D492046FEF729
:1034200091F929462046FEF78DF9FFF7B9FF38BD1F
:10343000006B0020FC6A0020F86A002098710300ED
:1034400048710300ECAE0300D8B20300FCB20300E5
:1034500030B303002DE9F04182B0364B1E78364B75
:103460001F78364C364BE41AE408240444F0020476
:1034700034492046FEF766F9334B1B78002B44D0C5
:10348000324D334B1B78002B41D0DFF8F880F4F736
:10349000DBFC00F6EC10F4F76FFF01900097434659
:1034A0002A462C492046FEF775F90C2E32D806EB39
:1034B000860505EB8505AD0005F5C875ADB201F0D3
:1034C00021F800902B46324623492046FEF755F955
:1034D000224B1B78224A126801920093214B1B78E1
:1034E000214A127821492046FEF754F9FFF724FFBC
:1034F000154B1B78D3B11E4B1A681E4B9A420CD841
:10350000C2F5122202F5F86208E01B4DB9E7DFF8B8
:103510007880BCE74FF4C865D1E70022174BA3FBC6
:103520000232920916492046FEF712F902B0BDE8B0
:10353000F08100BF482B0020B57100209871030076
:10354000487103006CB30300006B002088B30300D4
:10355000B4710020A0B30300D4B30300AE71002007
:10356000A8550020462B0020472B0020FCB3030069
:10357000FC6A0020BF27090090B30300D34D6210FE
:1035800040B4030098B303009CB3030008B56D2852
:103590000CD006D83F280CD068280DD1FFF700FFCB
:1035A00006E06E2808D1FFF7B9FD01E0FFF78CFDBA
:1035B00008BDFFF74FFFFBE7234B1B78BBB1732818
:1035C0002FD020D82D2827D03D2821D02B281FD020
:1035D000A0F13003DBB2092B26D9A0F16103DBB2E5
:1035E000022B25D85738C0B2FFF7E8FDE0E7174BAC
:1035F000174A9B1ADB081B040246164943F00200D7
:10360000FEF7A6F8D4E77828E2D1FFF77DFECFE7F2
:103610000120FFF70DFECBE74FF0FF30FFF708FE6C
:10362000C6E7FFF739FEC3E71846FFF7C7FDBFE758
:10363000064B074A9B1ADB081B040246064943F067
:103640000200FEF785F8B3E7006B002098710300D5
:103650004871030064B40300A4B4030010B502E091
:10366000E0B2FFF793FFFEF757FBB8B1FEF742FB5E
:10367000041E13DB194B00221A60194B1B78002B18
:10368000EED0174B1A701748174BC01AC008000429
:10369000164940F00200FEF755F8E1E7144B1B789D
:1036A0004BB10F4B1B7833B90C4A1368643313606A
:1036B000104A934200D810BD094B01221A700948E4
:1036C000094BC01AC00800040B4A0C4940F0010025
:1036D000FEF73EF8FFF718FEEDE700BFFC6A00209A
:1036E000F86A00209871030048710300D8B4030001
:1036F000006B0020BF270900C02709001CB503008C
:1037000008B5FFF7A3FC08BD08B50548054BC01A6E
:10371000C0080004044940F00400FEF713F808BD97
:10372000987103004871030060B5030010B50446AA
:10373000064B074A9B1ADB081B04064943F00400AA
:10374000FEF700F8E06800F0A5FC10BD98710300DA
:103750004871030084B503002DE9F047054688460B
:1037600016464768484C494BE41AE408240444F0E0
:10377000040947494846FDF7E5FF384600F05CF983
:1037800082465FFA88F111290ED8DFE801F0090FAF
:103790000D14190D1E27303A0D473F4C565F6973C3
:1037A0003C494846FDF7CEFFBDE8F0873A49484618
:1037B000FDF7C8FFF8E739494846FDF7C3FFF3E7CF
:1037C00037494846FDF7BEFFEEE7E86800F0D6FB54
:1037D000002208210220F4F741FDE5E7E86800F047
:1037E000E9FEDAF800103846F4F79FFDDCE72D49D2
:1037F0004846FDF7A7FF002207210220F4F72EFD1F
:10380000D2E729494846FDF79DFFCDE727494846BD
:10381000FDF798FFE86800F051FFC5E724494846E6
:10382000FDF790FFC0E723494846FDF78BFF0022D4
:1038300007210220F4F712FDB6E71F494846FDF7BD
:1038400081FFF1B2E86800F043FEADE71B4944F0A8
:103850000200FDF777FFF1B2E86800F023FBA3E771
:10386000174944F00300FDF76DFFF1B2E86800F07E
:103870004DFB99E7E86800F0C7FEDAF8001038461B
:10388000F4F753FD90E700BF9871030048710300FF
:10389000A8B50300D8B50300FCB503001CB60300AF
:1038A00040B6030064B60300A0B60300C8B6030028
:1038B00010B7030054B703008CB70300C4B703006C
:1038C00000B8030008B50548054BC01AC00800043D
:1038D000044940F00400FDF735FF08BD987103006E
:1038E000487103003CB8030008B50548054BC01AF1
:1038F000C0080004044940F00400FDF723FF08BDA0
:1039000098710300487103005CB80300F8B50546E0
:103910000F4646681D4C1E4BE41AE408240444F08C
:1039200004041C492046FDF70DFF304600F084F8E2
:10393000F9B211290ED8DFE801F0090E131B0D0DA5
:103940000D0D0D0D0D0D200D0D0D0D2512492046EF
:10395000FDF7F8FEF8BD11492046FDF7F3FEF9E743
:103960000F492046FDF7EEFEE86801F01FF9F1E788
:10397000C1683046F4F7D9FCECE781683046F4F7CB
:10398000D4FCE7E7E86800F03FFEE3E79871030046
:10399000487103007CB80300D8B50300FCB50300F0
:1039A000A4B8030038B504460346174A43F8142B5D
:1039B000436000238360C360144B0361144B0360B6
:1039C000144D45618061144BC361144B436100F099
:1039D00001FA20626562A462114BE362114B6362DB
:1039E00025636463104BA363104B236300F0F2F96B
:1039F000E063256464640E4BA3640E4B236400F003
:103A0000E9F9E064204638BD34CD0300C4B80300B2
:103A100000D2030020CD030034AD0300ECD103003D
:103A2000C8B8030020D20300D0B803000CD20300B2
:103A3000DCB80300D8D10300034600F114020548A6
:103A4000026003F12402426003F1300282604033DD
:103A5000C3607047046B002008B50548054BC01AC9
:103A6000C0080004044940F00400FDF76BFE08BDE7
:103A70009871030048710300E8B8030010B50446CC
:103A8000064B074A9B1ADB081B04064943F0040057
:103A9000FDF758FEE06800F0FDFA10BD98710300D4
:103AA000487103000CB903002DE9F047054688462C
:103AB00016464768434C444BE41AE408240444F097
:103AC000040942494846FDF73DFE3846FFF7B4FF7A
:103AD00082465FFA88F111290ED8DFE801F0090F5C
:103AE0000D141E0D282D430D0D0D0D364D56606A1B
:103AF00037494846FDF726FEBDE8F0873549484678
:103B0000FDF720FEF8E734494846FDF71BFEDAF8DA
:103B10000C103846F4F709FCEEE730494846FDF74B
:103B200011FEDAF80C103846F4F7FFFBE4E72C49F5
:103B30004846FDF707FEDFE7E86800F03BFDDAF8EE
:103B400000103846F4F7F1FBD6E726494846FDF762
:103B5000F9FDE86800F01EFBDAF800103846F4F7CB
:103B6000E4FBC9E720494846FDF7ECFD00220721A8
:103B70000220F4F773FBBFE71C494846FDF7E2FD5E
:103B8000F1B2E86800F0A4FCB6E7194944F002007D
:103B9000FDF7D8FDF1B2E86800F084F9ACE715490B
:103BA00044F00300FDF7CEFDF1B2E86800F0AEF995
:103BB000A2E7E86800F028FDDAF800103846F4F7CC
:103BC000B4FB99E798710300487103000CB9030036
:103BD0002CB9030060B9030090B90300C4B9030015
:103BE000F4B9030054B7030064B603008CB70300B4
:103BF00028BA030078BA030008B50548054BC01A77
:103C0000C0080004044940F00400FDF79BFD08BD16
:103C10009871030048710300C8BA030008B505484D
:103C2000054BC01AC0080004044940F00400FDF729
:103C300089FD08BD9871030048710300E8BA0300CC
:103C400070B50D4646681D4C1D4BE41AE40824046B
:103C500044F004041B492046FDF774FD3046FFF78D
:103C6000EBFEE9B208290AD8DFE801F0050A090FDE
:103C70001409191E230014492046FDF763FD70BD89
:103C800012492046FDF75EFDF9E711492046FDF790
:103C900059FDF4E70F492046FDF754FDEFE70E49C3
:103CA0002046FDF74FFDEAE70C492046FDF74AFDA7
:103CB000E5E70B492046FDF745FDE0E79871030075
:103CC0004871030008BB0300D8B50300FCB503002E
:103CD0001CB6030040B6030030BB030054BB030016
:103CE00078BB030008B50A480A4BC01AC008000494
:103CF000094940F00400FDF725FDF5F7E7FA012832
:103D000000D008BD00220D210220F4F7BDFAF8E72B
:103D10009871030048710300A0BB030000B583B095
:103D2000174B009301234FF4FA7216491648F4F723
:103D300027FB164B0093002341F2883214491548A3
:103D4000F4F71EFB144B009301234FF4FA6213495E
:103D50001348F4F715FB134B0093012342F2107242
:103D600011491248F4F70CFB114B0093002341F268
:103D7000883210491048F4F703FB03B05DF804FBE8
:103D800001400300C8BB0300E86B0020E53C0300D2
:103D9000D8BB0300B46B002039490300F0BB03001B
:103DA000806B00208549030000BC03004C6B0020A1
:103DB000F946030010BC0300186B002010B5044640
:103DC0000830F4F765FD04F51870F5F7C1FA2046E0
:103DD00010BD000008B50A4B1B68BFF35B8F13F0E2
:103DE000010F01D0074808BD054803F051F900282C
:103DF000F8D00448FFF7E2FF014803F05DF9F1E76E
:103E00001C6C0020206C002010B582B01D4C1E4B95
:103E1000E41AE408240444F004041C492046FDF795
:103E200091FC1B492046FDF78DFC1A492046FDF701
:103E300089FC194B03F1100292E803008DE803009E
:103E40000FCBF4F73FFF01212F20F4F71AFF134B9C
:103E500003F1100292E803008DE803000FCBF4F7A2
:103E600031FF01210520F4F70CFF0D4B03F1100287
:103E700092E803008DE803000FCBF4F723FF02B0B4
:103E800010BD00BF987103004871030020BC0300FF
:103E90003CBC030068BC03005CD2030044D20300B6
:103EA0002CD2030030B583B00C46114B1D7845EA87
:103EB00001021A708DB10F480F4BC01AC0080004E0
:103EC00040F002000A4B1B787DB90C4A0092224652
:103ED0000B49FDF752FC03B030BD00F51870F5F743
:103EE00085F9084B00221A70E5E7074AEEE700BFA4
:103EF000B5710020987103004871030094BC030061
:103F0000ACBC0300B4710020A0BC030010B50C468B
:103F1000134A137823EA01031370A3B900F518704C
:103F2000F5F75EF90F4B01221A700F480F4BC01ABC
:103F3000C00800040E4B1B7822460E4940F00300D7
:103F4000FDF710FC10BD0848084A801AC00800049C
:103F50000A46094940F00200FDF704FCF2E700BF01
:103F6000B5710020B47100209871030048710300FE
:103F7000482B0020ECBC030038BD030008B500F559
:103F80001870F5F739F90548054BC01AC008000448
:103F9000044940F00400FDF7D5FB08BD987103000B
:103FA000487103008CBD030008B500F51870F5F7E3
:103FB00089F90548054BC01AC0080004044940F0BF
:103FC0000400FDF7BFFB08BD9871030048710300B2
:103FD000A8BD030010B50446F5F778F92060054840
:103FE000054BC01AC0080004044940F00400FDF766
:103FF000A9FB10BD9871030048710300C8BD030000
:1040000010B5084C2046FFF7E5FF0748074BC01ADC
:10401000C00800042268064940F00400FDF798FB40
:1040200010BD00BF146B002098710300487103009D
:10403000E8BD030008B50748074BC01AC0080004D4
:10404000064940F00400FDF77DFB0548F4F7B2F99E
:1040500008BD00BF98710300487103000CBE030047
:10406000B46B002008B50748074BC01AC00800040D
:10407000064940F00400FDF765FB0548F4F79AF99E
:1040800008BD00BF987103004871030034BE0300EF
:10409000E86B002010B50446124B1A78D2B11248D2
:1040A000124BC01AC0080004114940F00200FDF78D
:1040B0004FFB2046FFF7BEFF2046FFF7D3FF0A481D
:1040C0000A4BC01AC00800040A4940F00400FDF77A
:1040D00039FB10BD00F51870F5F782F8064B012288
:1040E0001A70E6E7B571002098710300487103006B
:1040F00058BE030098BE0300B471002008B50748FD
:10410000074BC01AC0080004064940F00400FDF740
:1041100019FB0548F4F77CF908BD00BF987103004E
:1041200048710300B0BE0300E86B002008B50848E2
:10413000084BC01AC0080004074940F00400FDF70E
:1041400001FB0648F4F736F90548F4F733F908BDE2
:104150009871030048710300D4BE0300806B0020F7
:104160004C6B002008B50748074BC01AC008000474
:10417000064940F00300FDF7E5FA0548F4F71AF99F
:1041800008BD00BF987103004871030008BF030019
:10419000806B002008B50848084BC01AC00800040E
:1041A000074940F00400FDF7CDFA0648F4F730F96E
:1041B0000548F4F72DF908BD987103004871030014
:1041C00050BF0300806B00204C6B002050B159B1F0
:1041D00062B1B1F5826F0BD991420BD988420BD9EC
:1041E0000120704700207047002070470020704772
:1041F00000207047002070470020704710B52DED5B
:10420000028B8A1A07EE902AF8EEE77A401A07EE38
:10421000100AB8EEC77A9FED376AC7EE066A87EED6
:10422000A68A354C354BE41AE4082404FDEEC87A1E
:1042300017EE902A324944F00300FDF789FADFEDCA
:10424000317AB4EEE78AF1EE10FA4CDADFED2E7A2D
:10425000B4EEE78AF1EE10FA48D9002300E001330A
:10426000032B36D8294A02EBC302526807EE902A84
:10427000B8EE677AB4EEC87AF1EE10FAEFDB581CAC
:10428000224901EBC001496807EE901AF8EE677AFF
:10429000F4EEC87AF1EE10FAE1D81C4C14F93000B3
:1042A00014F93330C01A07EE900AF8EEE76A521A92
:1042B00007EE902AF8EE677A37EE487A06EE103A63
:1042C000B8EEC60A87EE276A66EE267A30EE270A2F
:1042D00006E00F4944F00100FDF734FA9FED0D0AA6
:1042E000BDEC028B10BDB3EE040AF9E79FED090A9D
:1042F000F6E700BF00EC42479871030048710300E5
:1043000080BF030000E0F64700FE034774D20300BD
:10431000ACBF0300000048425A4B1B68002B00F062
:10432000B0802DE9F04F2DED028B89B00DF1080C16
:10433000554C0FCCACE80F0094E803008CE8030068
:10434000524B1E7816F0010603D0514A13880133F0
:104350001380BDF81070BDF81280BDF814904A4665
:1043600041463846FFF732FF002846D04A464146CC
:104370003846FFF743FFB0EE408A464D464BED1AF4
:10438000ED082D0445F0030AFDEEC07A17EE90BA51
:10439000DFED427A60EE277AFDEEE77A17EE902A9B
:1043A0003F4981FB0231D317C3EB6113642101FB49
:1043B000132423465A463B495046FDF7D3F9CDF81E
:1043C000009043463A4638495046FDF7D6F9002E4C
:1043D00038D1DFED367AB4EEE78AF1EE10FA1ADB67
:1043E000334B1B78E3B12923009323465A463149C6
:1043F00045F00200FDF7C1F90DE02648264BC01A32
:10440000C0080004CDF8009043463A462A4940F0DF
:104410000200FDF7B2F909B0BDEC028BBDE8F08FE8
:104420002923009323465A46244945F00100FDF70D
:10443000A4F9174B00221A8001220F210220F3F762
:1044400023FFE8E7124B1B880E2BE4D9DFED1C7A23
:10445000B4EEE78AF1EE10FADDDC01932723009336
:1044600023465A4617495046FDF794F9164B002249
:104470001A700122154B1A7010210220F3F704FF65
:10448000C9E77047A8550020AC550020B571002041
:10449000B271002098710300487103000000C84207
:1044A0001F85EB517CC00300A4C003000000244220
:1044B000006B0020D8C0030004C0030020C103002B
:1044C00000001C4280C10300AE710020AD710020CD
:1044D00038B504460D46084B084A9B1ADB081B04F6
:1044E000074943F00400FDF72DF9294604F518703B
:1044F000F4F701FF38BD00BF987103004871030055
:10450000F0C10300014B1878704700BFB67100205E
:1045100008B50023154A1370154A1380154A1380F5
:10452000072215490A7015490B70FF2114480170C4
:104530001448017014490B7014490B7014490B6036
:1045400014490B7014490B7014490B70144B1A70FA
:10455000144B1A701448154BC01AC00800041449B3
:1045600040F00300FDF7F4F808BD00BFB57100206E
:10457000B2710020B0710020482B0020AE710020E5
:10458000472B0020462B0020AD710020AC7100208D
:10459000A8710020A47100209D7100209C71002052
:1045A000452B0020442B0020987103004871030024
:1045B0001CC2030010B5044600F51870F4F716FE8F
:1045C0000C4B00221A702046FFF798FD2046FFF79B
:1045D000E1FD0948F3F71CFFFFF79AFF0748084B76
:1045E000C01AC0080004074940F00400FDF7AAF80B
:1045F00010BD00BFB4710020186B0020987103003B
:104600004871030048C2030010B50446FFF7D2FF0B
:104610002046FFF7A7FD0648064BC01AC008000455
:10462000054B1A78054940F00200FDF791F810BDDE
:104630009871030048710300482B002064C20300F6
:10464000044B1B78FF2B01D0834201D9014B18701A
:10465000704700BF472B0020094B1A78FF2A08D06B
:10466000084B1B78FF2B06D00133934205DA00205C
:10467000704700207047002070470120704700BF3E
:10468000472B0020462B002008B5094B1A788242A0
:1046900000D30246074B1A70074B1B78934201D296
:1046A000054B1A700E210220F3F7EEFD08BD00BF86
:1046B000B6710020482B0020452B002008B50A4881
:1046C0000A4BC01AC008000441F288330722084987
:1046D00040F00300FDF746F80720FFF7D5FF054837
:1046E000F3F768FE08BD00BF98710300487103002E
:1046F000ACC20300186B002008B50E4B1B686BB9E9
:104700000D480E4BC01AC00800040D4940F00200CD
:10471000FDF718F8FE20FFF7B7FF08BD0648074B66
:10472000C01AC0080004074940F00300FDF70AF86A
:10473000F3E700BFA85500209871030048710300FB
:1047400050C3030008C303002DE9F04383B0654B59
:104750001B78654A1678B34200D91E46624A137028
:10476000624B19785F4B1970614B1C68002C00F08C
:10477000A580604BD3F800901C605F4B93F80180DC
:104780001A79B2FA82F56D099B79B3FA83F77F093A
:10479000A1451DD059480078A8423AD00AB1002B53
:1047A0003CD15748DFF86CC1A0EB0C00C0080004F6
:1047B000DFF844C19CF802C0CDF804C00091514913
:1047C00040F00200FCF7E6FF4C4B1D704E4B1F7093
:1047D0004E4B1B7813F0020F4DD1A1456ED0B8F1AE
:1047E000000F6BD13046FFF72BFF494B1B784BB3C3
:1047F0004348484BC01AC0080004474B1B7800933D
:1048000033463A4A1278454940F00200FCF7B5FFBA
:1048100054E03D480078B842C0D1D9E73848DFF8C5
:10482000F4C0A0EB0C00C0080004DFF8CCC09CF87A
:1048300002C0CDF804C00091394940F00300FCF7F4
:10484000A9FFC1E72E48334BC01AC0080004324B01
:104850001B7800933346254A1278324940F0010014
:10486000FCF78BFF304B00221A8002220F211046EA
:10487000F3F70AFD22E02C4B1A88013292B21A801B
:10488000042A1BD9B8F1000F1BD0184B187818BB9D
:10489000264B01221A701A481E4BC01AC008000489
:1048A000124B1B78204A1288214940F00300FCF784
:1048B00059FF022210211046F3F7E6FC03B0BDE8D1
:1048C000F0830F48134BC01AC0080004194940F088
:1048D0000200FCF73DFFF1E70138C0B2FFF7D4FE5C
:1048E000D6E700BF452B0020442B0020482B00209A
:1048F000A8550020A0710020AC5500209D7100201B
:1049000098710300A4C303009C710020B5710020BE
:10491000006B002048710300472B00209CC403005B
:1049200034C40300F0C40300B0710020AD71002056
:1049300090C5030050C5030008B50C480C4BC01AC5
:10494000C00800040B4940F00400FCF7FBFEFFF731
:10495000FBFEFFF7E1FC084B1B7823B9FCF788FD51
:104960000028FBD108BDFEF7E7FCF7E798710300CC
:1049700048710300E4C50300006B002008B5FFF791
:1049800083FE08BD70B584B06C4B1A78002A52D1F2
:104990006B4B1A78002A5AD16A4B1B686A4A126814
:1049A0009A4262D0684A1360684B1B78002B67D02C
:1049B000674B9D78674C684BE41AE408240444F084
:1049C0000306664B1B780293654B1B780193654B7E
:1049D0001B780093012D14BF00230123624A127833
:1049E00062493046FCF7E5FE012D5CD0604B1A7839
:1049F0000132D2B21A70012A78D95D4B00221A70A6
:104A0000594B1D78554B1D70564B01221A70FFF7FC
:104A100023FE002874D1574B1B789D4280F086807E
:104A2000681CC0B2FFF730FE4F4B1A78524930462F
:104A3000FCF78EFE09E04748474BC01AC008000447
:104A40004E4940F00400FCF783FE04B070BD013A0B
:104A5000D2B21A703F48404BC01AC00800044849FF
:104A600040F00400FCF774FEEFE73A483A4BC01AF6
:104A7000C0080004434940F00200FCF763FEE4E78D
:104A8000324B01221A700720FFF7FEFD3148324BEE
:104A9000C01AC0080004344B1A783B4940F00300A8
:104AA000FCF756FED1E7324B00221A702D4B1B78D3
:104AB0006BB92D4B187888B10138C0B2FFF7E4FD0F
:104AC000294B1A7831493046FCF742FEBDE7264BA8
:104AD0001A782F493046FCF73BFEB6E7214B0122FE
:104AE0001A702C493046FCF72DFEAEE71E4B1B78A2
:104AF00000930223284944EA0300FCF73EFEA4E7A2
:104B0000174B1A7882B1561EF6B200962B462349EF
:104B100044F00100FCF731FE134B1B78B34294D0F4
:104B20003046FFF7B1FD90E71646EEE72A461C49EE
:104B300044F00200FCF70CFE87E700BFB5710020CF
:104B4000AD710020A8550020A8710020A47100209C
:104B5000AC5500209871030048710300462B0020DB
:104B6000472B0020AE710020482B002014C7030003
:104B7000AC710020B6710020F8C8030004C6030021
:104B80004CC6030094C60300E4C6030094C70300A8
:104B900070C70300D0C703000CC8030050C803004F
:104BA000B0C8030008B5FFF7B9F808BD10B5044652
:104BB0000E480F4BC01AC00800040E4940F0040014
:104BC000FCF7C0FD2046FFF71FF904F10800F3F7DA
:104BD00099FE04F518742046F4F7A6FB2046F4F776
:104BE0000CFB054B1870FFF793FC10BD9871030088
:104BF000487103002CC90300B671002070B505464A
:104C00000C4616460A4B0B4A9B1ADB081B040A4942
:104C100043F00400FCF796FD00F028F832462146E8
:104C200000F054F821462846F3F744FB70BD00BF5E
:104C3000987103004871030040C9030010B5044691
:104C4000F3F7F2FA014B2360204610BDA4D2030013
:104C500010B50446FFF7F2FF04F15C00F3F7FDF92D
:104C600004F6EC10FEF79EFE204610BD08B50A4B78
:104C70001B68BFF35B8F13F0010F01D0074808BD1D
:104C8000054802F005FA0028F8D00448FFF7E0FFD5
:104C9000014802F011FAF1E7B8710020BC71002060
:104CA00038B5044600F15C05074A01212846F3F7B0
:104CB000E9F92A4602212046F3F7BEFA04F6EC1081
:104CC000F3F747FB38BD00BFC4B8030008B500F6D2
:104CD000EC10F3F722FB08BD28B108B50249832088
:104CE000FBF70AF908BD704758C9030000F1080333
:104CF00043604FF0FF328260C360036100230360B2
:104D0000704700230361704743684B609A688A606C
:104D1000516099600861036801330360704730B4E3
:104D20000D68B5F1FF3F11D000F108031C465B6828
:104D30001A68AA42FAD963684B6099608C60616016
:104D4000086103680133036030BC70470469F2E70F
:104D50000369416882688A60416851605A6882428A
:104D600006D0002202611A68013A1A60186870477A
:104D700082685A60F5E700000748006880F30888F9
:104D800062B661B6BFF34F8FBFF36F8F4FF4F07011
:104D900080F3118800DF00BF00700200064B196825
:104DA0000868B0E8F04F80F30988BFF36F8F4FF0C9
:104DB000000080F3118870473C7D0020EFF30980EC
:104DC000BFF36F8F144B1A681EF0100F08BF20ED51
:104DD000108A20E9F04F10604DF8043D4FF040007C
:104DE00080F31188BFF34F8FBFF36F8F00F0B0FFD8
:104DF0004FF0000080F3118808BC19680868B0E81B
:104E0000F04F1EF0100F08BFB0EC108A80F3098835
:104E1000BFF36F8F704700BF3C7D0020034AD2F87C
:104E2000883043F47003C2F88830704700ED00E02A
:104E300008B5074B1B68B3F1FF3F03D1402383F351
:104E40001188FEE703499E20FBF756F8F6E700BFFE
:104E5000007C002000CA03004FF0807340F8043C3F
:104E600040F8081C054B40F80C3C40F8202C6FF033
:104E7000020340F8243C4438704700BF314E030021
:104E800010B582B0264B1A68264B9A4213D1264B96
:104E90001A78D2B20192FF221A701B78DBB28DF819
:104EA00003309DF8033003F00203204A1370204BB7
:104EB00007221A600EE01F49B020FBF71DF8E6E755
:104EC0001B4A1368013B13609DF803305B00DBB2A3
:104ED0008DF803309DF8033013F0800FF0D1144AA1
:104EE000136803F007031360019BDBB20E4A1370D3
:104EF0000B4CE02384F8223000F0BAF80E4B00226D
:104F00001A60FFF78BFF0D4A536B43F04043536326
:104F1000236943F010032361FFF72EFFFFF788FF9B
:104F200000ED00E041C20F4100E400E0FC7B002006
:104F3000F87B002000CA0300007C002000EF00E0A6
:104F400008B5402383F31188094A136801331360BD
:104F5000012B00D008BD074B5B68C3F30803002B8F
:104F6000F8D0054940F21110FAF7C6FFF2E700BF8A
:104F7000007C002000ED00E000CA030008B5084BEB
:104F80001B683BB1064A1368013B13600BB983F3FE
:104F9000118808BD03494FF48C70FAF7ADFFF1E7B3
:104FA000007C002000CA030008B5EFF30583C3F3BB
:104FB00008030F2B09D903F1E023F03393F80033F2
:104FC000DBB20C4A12789A4208D80B4BDB68C3F369
:104FD00002230A4A12689A4206D308BD08494FF4D0
:104FE000A970FAF789FFF0E705494FF4B170FAF7B5
:104FF00083FFF2E7FC7B002000ED00E0F87B00205F
:1050000000CA0300F0B583B0EFF31187402383F3A8
:105010001188154BD3F804450022C3F80021D3F8BA
:1050200000310193019B00F089FD241A24F07F4494
:1050300034F0010301D1002509E000F0A1FF0228AE
:10504000F9D00124F7E700F087FD05433446661EDA
:10505000002CF8D125B1054B4FF080525A6040BF6B
:1050600087F3118803B0F0BD0010014000ED00E0AF
:1050700008B50020F7F742FE094B1F22C3F80825A8
:105080000122C3F804239A601A600222C3F8442361
:10509000044BE02283F811234FF400321A6008BD5C
:1050A0000010014000E100E010B50446FFF748FFA2
:1050B000A26BE36B9A4204D00024FFF75FFF204607
:1050C00010BD0124F9E710B50446FFF739FFA36BC3
:1050D00023B90124FFF752FF204610BD0024F9E751
:1050E00070B504461546866B026C5AB903681BB14D
:1050F00000200136A66370BD406800F051FF002318
:105100006360F6E76DB9806801F060FFA368226C08
:105110001344A3606268934219D32368A3602846AE
:10512000E7E7C06801F052FFE368226C51429B1A26
:10513000E3602268934202D263680B44E360022D6D
:1051400001D00020D5E726B1013E0020D1E7284656
:10515000CFE70020CDE70346026C6AB110B50846E0
:10516000D9681144D9605C68A14201D31968D9603B
:10517000D96801F02BFF10BD704738B50546FFF721
:10518000DFFE95F8454064B201E0013C64B2002CBA
:105190000ADD6B6A43B105F1240000F05DFE0028D2
:1051A000F3D000F0E7FEF0E7FF2385F84530FFF786
:1051B000E5FEFFF7C5FE95F8444064B201E0013C0E
:1051C00064B2002C0ADD2B6943B105F1100000F038
:1051D00043FE0028F3D000F0CDFEF0E7FF2385F872
:1051E0004430FFF7CBFE38BD38B50D460446D0B18C
:1051F000FFF7A6FE2368E26B216C01FB02306060C2
:105200000020A063A360013A02FB0133E360FF23A7
:1052100084F8443084F84530D5B9236943B9FFF7A1
:10522000ADFE012038BD0F49FC20FAF765FEDFE72F
:1052300004F1100000F010FE0028F0D00A4B4FF0EF
:1052400080525A6040BFBFF34F8FBFF36F8FE6E7C6
:1052500004F11000FFF74AFD04F12400FFF746FDBA
:10526000DDE700BFA8CA030000ED00E010B503466B
:1052700002980C4631B90060C36304640121FFF752
:10528000B3FF10BD0260F7E7F0B585B00D461646D6
:105290001C460746B0B1DCB106B33DB348230393C7
:1052A000039B482B28D154B1012384F84630009445
:1052B0009DF82830324629463846FFF7D7FF20466A
:1052C00005B0F0BD0F4940F23310FAF715FEE2E7E2
:1052D0000C4940F23710FAF70FFEDDE7002DDDD064
:1052E00008494FF49E70FAF707FED7E7054940F2E8
:1052F0003B10FAF701FED1E702494FF4A270FAF72A
:10530000FBFDD0E7A8CA0300F0B585B00F460192B7
:105310001D46044648B177B1022D15D000F030FE8D
:1053200008B9019BCBB9002659E051494FF43770B9
:10533000FAF7E2FDEFE7236C002BEDD04C4940F289
:10534000DD20FAF7D9FDE7E7E36B012BE6D048490A
:1053500040F2DE20FAF7D0FDE0E7454940F2E120D7
:10536000FAF7CAFDDFE72A4639462046FFF7B8FEBE
:10537000636A73B940B13F4B4FF080525A6040BFEF
:10538000BFF34F8FBFF36F8FFFF7F8FD012005B01C
:10539000F0BD04F1240000F05FFD0028F4D0354B8F
:1053A0004FF080525A6040BFBFF34F8FBFF36F8FF3
:1053B000EAE7FFF7E3FD0020E9E702A800F090FD2F
:1053C000012619E0002384F8443021E0002384F80A
:1053D000453023E02046FFF7D0FE00F03DFCFFF70C
:1053E000AFFDA26BE36B9A42BDD3022DBBD0019BF4
:1053F000002BDED0002EE0D0FFF7C0FD00F096FBC2
:10540000FFF79EFD94F8440040B2B0F1FF3FD9D0C1
:1054100094F8450040B2B0F1FF3FD7D0FFF7AEFDA2
:1054200001A902A800F068FDD0B92046FFF73CFEB4
:105430000028CFD0019904F1100000F0D5FC2046DF
:10544000FFF79BFE00F008FC0028C8D1094B4FF085
:1054500080525A6040BFBFF34F8FBFF36F8FBEE7DC
:105460002046FFF78AFE00F0F7FB00208FE700BF21
:10547000A8CA030000ED00E02DE9F8430E4691466E
:105480001D460446A0B1CEB1022D20D0FFF78CFD01
:10549000EFF31188402383F31188A26BE36B9A42E8
:1054A0001ED3022D1CD0002088F31188BDE8F8839C
:1054B0001E4940F2A230FAF71FFDE4E7236C002BEF
:1054C000E2D01A4940F2A330FAF716FDDCE7E36BAD
:1054D000012BDBD015494FF46970FAF70DFDD5E7C4
:1054E00094F845707FB22A4631462046FFF7F8FD12
:1054F000B7F1FF3F05D001377FB284F84570012036
:10550000D2E7636A0BB90120CEE704F1240000F072
:10551000A3FC30B1B9F1000F05D00120C9F800009B
:10552000C2E70120C0E70120BEE700BFA8CA030010
:10553000F0B585B00F460192044638B167B100F06E
:105540001FFD08B9019B83B9002652E0494940F28A
:10555000DF40FAF7D1FCF1E7236C002BEFD045498F
:1055600040F2E340FAF7C8FCE9E742494FF49D6096
:10557000FAF7C2FCE8E739462046FFF7ECFD013DAB
:10558000A563236923B9FFF7F9FC012005B0F0BD3D
:1055900004F1100000F060FC0028F4D0364B4FF00E
:1055A00080525A6040BFBFF34F8FBFF36F8FEAE75F
:1055B000FFF7E4FC0020E9E702A800F091FC0126D7
:1055C00021E0002384F8443029E0002384F84530AA
:1055D0002BE02046FFF7D1FD00F03EFB09E020461E
:1055E000FFF7CBFD00F038FB2046FFF76CFD0028ED
:1055F0003ED1FFF7A5FCA56B002DBCD1019B002B74
:10560000D6D0002ED8D0FFF7B9FC00F08FFAFFF704
:1056100097FC94F844305BB2B3F1FF3FD1D094F8DB
:1056200045305BB2B3F1FF3FCFD0FFF7A7FC01A934
:1056300002A800F061FC0028D1D12046FFF743FD0D
:105640000028C6D0019904F1240000F0CDFB2046CB
:10565000FFF793FD00F000FB0028CAD1064B4FF086
:1056600080525A6040BFBFF34F8FBFF36F8FC0E7C8
:1056700000208BE7A8CA030000ED00E00023012B07
:105680000CD8074A52F833200AB10133F7E7044A2D
:1056900042F8331002EBC30250607047704700BFFE
:1056A000047C002070B504460D461646FFF748FC02
:1056B00094F844305BB2B3F1FF3F0DD094F845301D
:1056C0005BB2B3F1FF3F0BD0FFF758FCA36B5BB1AC
:1056D0002046FFF752FD70BD002384F84430EDE70B
:1056E000002384F84530EFE73246294604F12400D0
:1056F00000F094FBECE70000084B1B681B6823B923
:10570000074B4FF0FF321A607047044B1B68DB6891
:10571000DB685A68024B1A60704700BF847C002027
:105720001C7C00202DE9F04780460D46174699461F
:10573000089EDDF824A00A9C9200A521206B01F0B0
:1057400077FC236B07F18042013A03EB820727F0D5
:1057500007074FF0000CBCF1090F09D815F80C3001
:1057600004EB0C0282F8343013B10CF1010CF2E7B7
:10577000002384F83D30062E00D90626E662266412
:1057800000256564201DFFF7BCFA04F11800FFF73F
:10579000B8FA2461C6F10706A6616462A56484F8BC
:1057A0004C504A4641463846FFF756FB2060BAF156
:1057B000000F01D0CAF80040BDE8F08738B50024DA
:1057C00007E004EB840293000E481844FFF78EFABA
:1057D0000134062CF5D90C4D2846FFF787FA0B4CFF
:1057E0002046FFF783FA0A48FFF780FA0948FFF7D7
:1057F0007DFA0948FFF77AFA084B1D60084B1C60D8
:1058000038BD00BFB07C00209C7C0020887C00203C
:105810006C7C0020587C0020407C0020847C002090
:10582000807C002010B50446FFF78AFB214A1368EC
:1058300001331360204B1B685BB1204B1B686BB9B5
:105840001D4B1B68DA6AE36A9A4207D81A4B1C6040
:1058500004E0194B1C601368012B27D0184A136809
:1058600001331360E06A01238340164A11680B4339
:10587000136000EB8000211D134B03EB8000FFF74A
:1058800043FAFFF77BFB0D4B1B6873B10A4B1B6898
:10589000DA6AE36A9A4208D20C4B4FF080525A609F
:1058A00040BFBFF34F8FBFF36F8F10BDFFF786FF71
:1058B000D4E700BF3C7C00203C7D0020307C0020F1
:1058C000207C0020347C0020B07C002000ED00E033
:1058D00010B5044690F84D304BB1012B0ED0022B81
:1058E0000BD0084940F68860FAF706FB05E0006B2C
:1058F000FFF7F2F92046FFF7EFF910BDFFF7ECF9DB
:10590000FBE700BF3CCB03000F4B1B68D3B110B5C6
:10591000FFF716FB0D4BDB68DC68201DFFF718FA5C
:105920000B4A1368013B1360074A1368013B13607D
:10593000FFF724FB2046FFF7CBFF034B1B68002B30
:10594000E6D110BD704700BF547C0020587C002079
:105950003C7C002070B504460D461D4B1E681D4B57
:1059600018680430FFF7F4F948B91A4B1B68DB6A72
:1059700001229A4018490B6823EA02030B60B4F134
:10598000FF3F0DD03444134B1B685C60A64210D916
:10599000124B18680F4B19680431FFF7C0F970BD3E
:1059A000002DEFD00B4B196804310D48FFF7ACF90F
:1059B000F5E70C4B1868074B19680431FFF7AFF98E
:1059C000094B1B68A342EAD9074B1C60E7E700BFFD
:1059D000387C00203C7D0020347C0020807C00202E
:1059E000407C0020847C00201C7C002008B50AE05C
:1059F000084B4FF080525A6040BFBFF34F8FBFF348
:105A00006F8FF2F7E3FBFFF77FFF034B1B68012B60
:105A1000EED8F6E700ED00E0B07C00202DE9F04381
:105A200087B080460E46174699460F9D109CE5B1FB
:105A30000CB350220492049A502A22D13CB335B3BD
:105A40002563022384F84D3000230393029405ABB1
:105A500001930E9B00934B463A4631464046FFF772
:105A600061FE2046FFF7DEFE13E00C494FF4147090
:105A7000FAF742FADCE7094940F25120FAF73CFA1A
:105A8000D7E7064940F25920FAF736FAD6E700235D
:105A90000593059807B0BDE8F08300BF3CCB030039
:105AA00010B588B000240594069407AA06A905A895
:105AB000F2F73AFB059B0293069B01930094234661
:105AC000079A13491348FFF7A9FF134B186098B1C1
:105AD00000F048FB012810D1402383F311880F4BBD
:105AE0004FF0FF321A600E4B01221A600D4B00225C
:105AF0001A60FFF7C5F903E00020B0F1FF3F01D0C5
:105B000008B010BD084940F2DC70FAF7F5F9F7E784
:105B1000D0CB0300ED590300187C00201C7C002032
:105B2000307C0020387C00203CCB0300024A136804
:105B300001331360704700BF147C0020014B1868CC
:105B4000704700BF387C002008B5FFF72DFA014BE5
:105B5000186808BD387C0020F8B5334B1B68002B53
:105B600056D1324B1E6801361E607EB9304B1B6821
:105B70001B688BB92E4A11682E4B1868106019608B
:105B80002D4A136801331360FFF7B6FD2B4B1B68DA
:105B9000B34233D9002740E0294940F63320FAF7D1
:105BA000ABF9E7E70127224B1B681B6843B3204B87
:105BB0001B68DB68DC6863689E4226D3251D284687
:105BC000FFF7C6F8A36A1BB104F11800FFF7C0F88D
:105BD000E36A01229A401B49086802430A6003EB0A
:105BE00083039A00294618481044FFF78DF8E26AAB
:105BF000164B1B68DB6A9A42D4D2D4E70027D2E75F
:105C00000E4B4FF0FF321A6007E00C4A136004E0BD
:105C10000F4A13680133136000270E4B1B6803B152
:105C200001273846F8BD00BF147C0020387C0020D6
:105C3000847C0020807C0020247C00201C7C0020B0
:105C40003CCB0300347C0020B07C00203C7D002055
:105C50002C7C0020287C002038B5334B1B686BB1AE
:105C6000FFF76EF9304B1A68013A1A601B68002B77
:105C700054D12E4B1B683BB9002450E02C494FF403
:105C80000460FAF739F9EBE700242A4B1B681BB3D1
:105C9000284BDB68DC6804F11800FFF759F8251D74
:105CA0002846FFF755F8E06A01238340224A11682D
:105CB0000B43136000EB80002946204B03EB800070
:105CC000FFF722F8E26A1E4B1B68DB6A9A42DCD3BC
:105CD0001C4B01221A60D8E70CB1FFF70DFD1A4BDF
:105CE0001C687CB9174B1C68CCB1184B4FF0805224
:105CF0005A6040BFBFF34F8FBFF36F8F01240EE098
:105D0000013C07D0FFF728FF0028F9D00D4B0122F6
:105D10001A60F5E70C4B00221A60E3E70024FFF756
:105D20002DF9204638BD00BF147C00203C7C0020AB
:105D30003CCB03006C7C0020347C0020B07C002035
:105D40003C7D0020287C00202C7C002000ED00E021
:105D50001F4B1B681BB11F4B01221A60704710B507
:105D60001C4B00221A601C4B1C6814B3B4FA84F458
:105D7000C4F11F0404EB84029300184AD358D3B132
:105D8000164904EB840293000B445A6852685A6027
:105D900004EB8400830008330B449A4211D004EBD7
:105DA0008404A2000D4B13445B68DA680C4B1A6044
:105DB00010BD2024DCE70B494FF43560FAF79CF85E
:105DC000DEE751688200054B13445960E7E700BFE6
:105DD000147C0020287C0020347C0020B07C002033
:105DE0003C7D00203CCB030038B50C46054650B145
:105DF000084B196818312846FEF791FF012120460B
:105E0000FFF7A8FD38BD04494FF43660FAF774F87F
:105E1000EEE700BF3C7D00203CCB030070B50D4693
:105E20001446064668B10A4B196818313046FEF729
:105E30006BFF0CB14FF0FF3521462846FFF78AFD76
:105E400070BD044940F68B30FAF756F8EBE700BF17
:105E50003C7D00203CCB030038B5C368DC6824B32C
:105E600004F118052846FEF773FF164B1B6813BB99
:105E7000251D2846FEF76CFFE06A01238340124A85
:105E800011680B43136000EB800029460F4B03EBB6
:105E90008000FEF739FFE26A0D4B1B68DB6A9A420D
:105EA0000ED901200B4B186038BD0B4940F6BB30B2
:105EB000FAF722F8D4E729460848FEF725FFEAE773
:105EC0000020F1E7147C0020347C0020B07C00200E
:105ED0003C7D0020287C00203CCB03006C7C002013
:105EE000034B1B680360034B1B684360704700BF94
:105EF000247C0020387C0020F8B50C460546B8B15B
:105F0000E4B1FFF71DF8184B19686B68C81A2268CE
:105F1000B2F1FF3F20D0154E36682F68B74201D04E
:105F20008B421ED982420FD800232360012414E043
:105F30000F4940F62640F9F7DFFFE1E70C4940F64C
:105F40002740F9F7D9FFDCE75B1A134423602846A2
:105F5000FFF7C6FF002400E00024FFF70FF82046FB
:105F6000F8BD0124F9E700BF387C0020247C002024
:105F70003CCB0300014B01221A607047287C0020B3
:105F8000054B1B6833B1054B1B680BB100207047F4
:105F90000220704701207047307C0020147C0020D4
:105FA000002846D038B50446244B1B68834204D0F1
:105FB000234940F63B70F9F79FFF636C4BB1636C6C
:105FC000013B6364E16A226C914234D03BB1002012
:105FD00038BD1B4940F63C70F9F78EFFEFE7251DF1
:105FE0002846FEF7B5FE70B9E26A02EB82039B0019
:105FF0001449CB583BB9012303FA02F212490B684A
:1060000023EA02030B60206CE062C0F10703A36186
:10601000012404FA00F30C4A11680B43136000EBEF
:1060200080002946074B03EB8000FEF76DFE2046FB
:10603000CEE7002070470020CAE700BF3C7D00206B
:106040003CCB0300B07C0020347C0020064B1A6857
:106050001368B3FA83F35B09036013B9D368186854
:1060600070470020704700BF987F002008B541604E
:10607000006191420CD8D21A83699A4201D301205F
:1060800008BD011D094B1868FEF749FE0020F7E71F
:106090009A4201D2994206D2011D054B1868FEF7BB
:1060A0003EFE0020ECE70120EAE700BF947F0020DD
:1060B000987F002030B583B0FEF742FF114B1B687C
:1060C0001BB1FEF75BFF03B030BD0F4D2846FEF756
:1060D0000DFE0E4C2046FEF709FE0D4B1D600D4BCC
:1060E0001C60002300930C4B0C4A10212020FFF76A
:1060F000CBF8044B18600028E3D00949FFF7BEFA3B
:10610000DFE700BF907F0020B07F00209C7F002051
:10611000987F0020947F0020407D0020887D002013
:10612000D8CB03002DE9F041074616461D46079CD3
:10613000884671B15CB1FFF7BDFF2760C4F81880D5
:10614000E6612562069B6362201DFEF7DAFDBDE86D
:10615000F081034940F26910F9F7CEFEEAE700BF8B
:10616000E0CB030010B588B0FFF7A4FF114B1B680C
:10617000C3B100240594069407AA06A905A8F1F75F
:10618000DFFF059B0293069B0193022300932346A6
:10619000079A09490948FFF741FC094B186008B103
:1061A000012005E007494FF48870F9F7A5FE0020AB
:1061B00008B010BD907F002074CC0300F964030088
:1061C0008C7F0020E0CB03002DE9F04184B0054630
:1061D0000E4690461F460B9C2C230393039B2C2BAF
:1061E00010D1ACB101940A9B00933B464246314624
:1061F0002846FFF797FF012384F82830204604B093
:10620000BDE8F08105494FF4A370F9F775FEE8E7A2
:10621000024940F24B10F9F76FFEEFE7E0CB0300C5
:10622000F0B585B00C4615461E46074698B1154B8D
:10623000186828B3009401950297052C19DCFFF724
:106240009FFE02280DD000231A4669460D480068BB
:10625000FFF75AF812E00C4940F28310F9F74CFEB0
:10626000E5E700230A9A694606480068FFF74CF8FC
:1062700004E0002332466946FFF7FEF805B0F0BDA2
:106280000020FBE7907F0020E0CB030070B582B0D8
:10629000194B1B681A683AB3DB681E68DC68251D59
:1062A0002846FEF755FD636A20469847E369012BAF
:1062B000EED1A36933449E4207D26360246129462C
:1062C0000D4B1868FEF72BFDE2E7002100910B460D
:1062D00032462046FFF7A4FF0028D9D1074940F2F3
:1062E0006F30F9F709FED3E7054A106802490860E4
:1062F000136002B070BD00BF987F0020E0CB0300A8
:10630000947F002038B50546FFF718FC0446074B7C
:106310001B68834205D800232B60044B1C60204679
:1063200038BDFFF7B3FF01232B60F6E7887F00201D
:1063300070B582B006460D4613490968C968CC6835
:10634000201DFEF705FDE169012904D0636A20469E
:10635000984702B070BDA16933462A4631442046B1
:10636000FFF784FE0028F1D0002100910B46324651
:106370002046FFF755FF0028E8D1044940F2E51018
:10638000F9F7BAFDE2E700BF987F0020E0CB0300F9
:1063900070B582B006460C46FFF7C8FB01A8FFF7B0
:1063A000B1FF019B1BBB054644B9B0420CD3FFF7BC
:1063B00053FC29463046FFF7BBFF1AE00E4B1B6823
:1063C0001C68B4FA84F464092246711B0B4B1868EC
:1063D000FFF768F9FFF740FC58B9094B4FF08052BE
:1063E0005A6040BFBFF34F8FBFF36F8F01E0FFF7DD
:1063F00033FC02B070BD00BF947F0020907F00206E
:1064000000ED00E030B589B002E0049B002B0FDA0C
:10641000002204A9364B1868FFF78AF8002864D0D8
:10642000049B002BF1DA07990698059B9847ECE747
:10643000069C636913B1201DFEF78AFC03A8FFF7D1
:1064400061FF0546049B092BE2D801A252F823F014
:106450007964030079640300796403001164030024
:10646000B9640300DB64030079640300796403000A
:1064700011640300B9640300059BA1690246194435
:106480002046FFF7F3FD0028C2D0636A20469847F4
:10649000E369012BBCD1A269002100910B4605984C
:1064A00002442046FFF7BCFE0028B1D1114940F25A
:1064B000FE20F9F721FDABE7059BA3613BB1A16984
:1064C0002B462A4629442046FFF7D0FDA0E709497C
:1064D00040F21530F9F710FDF1E794F82830002B61
:1064E00096D12046FEF7F8FB92E709B030BD00BF19
:1064F000907F0020E0CB030000B583B001A8FFF738
:10650000A5FD0199FFF744FFFFF77CFFF6E70000C8
:10651000BFF34F8F0549CA6802F4E062044B13438E
:10652000CB60BFF34F8F00BFFDE700BF00ED00E081
:106530000400FA0508B54FF01023D3F80C3203B964
:1065400008BD0F4B0122C3F804250D4BD3F80034CE
:10655000002BFAD04FF010230022C3F80C22084B76
:10656000D3F80034002BFAD0054B0022C3F80425E1
:10657000034BD3F80034002BFAD0FFF7C9FF00BF5C
:1065800000E0014010B5FFF7D5FFF1F75DFC0446D0
:10659000F1F774FC2046F1F7B3FC002010BD51EC7C
:1065A000102BC1F30A53002B1CBF40F2FF7C634544
:1065B00000D170471844604506DB0020C7F6F07034
:1065C00060F31E01002208E00028C7BF6FF31E51D0
:1065D00041EA005101F00041002241EC102B7047CC
:1065E00052EC10CBC2F30A5340F2FF718B4211BF41
:1065F000002B002101607047A3F2FE31016040F2E0
:10660000FE3060F31E5242EC10CB704700000000D9
:106610002DE9F84F2DED028B82B050EC101B4FF09E
:10662000FF3202EB105240F2FE739A4280F09F80DC
:1066300001A8FFF7D5FF55EC106B00245E4B3046E8
:106640002946002200F090F980460F464AF29E004B
:10665000C3F6E67043F6CE31C6F27F61019A711A35
:1066600075EB00000092B8BF0124002C284631468B
:106670001CBF3846414640EC101B4FF0FF30FFF77F
:106680008EFFB0EE408AF0EE608A4C4B30462946D1
:10669000002200F069F905460E46494B51EC180BF3
:1066A000002C1CBF3E464546002200F05DF9024624
:1066B0000B462846314600F00FFB05460E460246C3
:1066C0000B4600F071FA83468A464DF2A829C0F2C3
:1066D000030941EC180B48460221B0EE480AF0EEDF
:1066E000680A00F079F8374A374B51EC100B00F08C
:1066F0003BF980460F4609F110000321B0EE480A2D
:10670000F0EE680A00F09CF853EC102B4046394636
:1067100000F0E2FA5A46534600F046FA2A4633465B
:1067200000F042FA2A46334600F01EF980460D4634
:10673000002C009818BF013800F0D6FB06460F4623
:10674000224A234B00F030FA42462B4600F00CF967
:1067500080460D461F4B30463946002200F024FA91
:1067600042462B4600F000F941EC100B1AE04200C3
:1067700042EAD1720023CFF6E0730027B7EB41075E
:1067800073EB02020ED30022C7F6F072104207D05C
:106790000028BCBF02F50020002140EC101B01E0E6
:1067A0009FED030B02B0BDEC028BBDE8F88F00BF7C
:1067B000000000000000F0FF0000E0BF0000F0BF9C
:1067C0000000E03F9AB5B312FF0750C0A80C615C0F
:1067D00010D02BBF0030E63FF8B52DED028B00EB5B
:1067E000C1070E4657E9020117ED048B54EC105B0C
:1067F0002A46234600F0D8F953EC182B00F0B4F8E1
:1068000041EC100B032E10DB183F013E51EC100B36
:106810002A46234600F0C8F977E8022300F0A4F8DE
:10682000013E41EC100B012EF0D851EC100B2A4622
:10683000234600F0B9F941EC100BBDEC028BF8BD1A
:106840002DE9F041804600EBC100022915DBA0F1E3
:1068500008074C1C56EC105B77E8022351EC100B38
:1068600000F082F82A46334600F09EF9013C41ECE4
:10687000100B022CF0D808F1080050E9022351EC6B
:10688000100B00F071F841EC100BBDE8F08184466C
:106890000020002918BF002A00D17047097848B2AB
:1068A000002844BF6FF001007047BCF1000F18BF13
:1068B000CCF800100021C3E90011002818BF012006
:1068C00070477F298EBF6FF0010001700120704773
:1068D00047F6C472C2F200021368002B02BF42F6F0
:1068E0004C33C2F2000313605A6892681268104772
:1068F0000921FFF7EDBF7F2884BF002070474DF2CC
:10690000E442C0F20302515C4DF26442C0F2030261
:10691000105C08407047A0F161011A2938BF203887
:106920007047A0F141011A2938BF203070477F28F5
:1069300084BF002070474DF2E442C0F20302515C74
:106940004DF26442C0F20302105C08407047A0F1AF
:1069500061011A2938BF20387047A0F141011A2976
:1069600038BF20307047000030B591EA030F00F1C6
:106970008280841A71EB030C05D2121953EB0C03BD
:10698000001B71EB0C0140F2000CCFF6E07C1CEA1E
:10699000430F52D0BCEB410F5FD90C0DA4EB135E3B
:1069A0005FF0010C6CF31F516CF31F53DEF1200CF0
:1069B0002AD303FA0CF5401941F1000122FA0EF531
:1069C000401923FA0EF5694112FA0CF2CD0208D3F0
:1069D00049085FEA30005FEA320228BF42F0010254
:1069E0000134013C5FEA500C72F1004250F10000AA
:1069F00051EB04514FF4001313EB410F38BF30BD7E
:106A00006FF31301002030BDBEF1200EBEF1200F48
:106A10001ED223FA0EF5401941F10001CEF1200CEF
:106A2000124218BF012203FA0CF52A43CEE711EAFD
:106A30005C0F04BF0020002130BD1CEA410F04BFE1
:106A400001F00041002030BD01F00041002030BDC8
:106A500021F4801101EB045130BD004218BF41F018
:106A60000101BCEB410F08BF30BD4FF0FE4141F4C6
:106A70007801002030BD83F00043841A71EB030ECF
:106A800007D28EF0004E001B71EB0E01121953EB72
:106A90000E0340F2000CCFF6E07C1CEA430FC6D098
:106AA000BCEB410F72D90C0DA4EB135EC90241EA95
:106AB0005051C00241F00041DB0243EA5253D2027E
:106AC00043F00043DEF1200C41D312FA0CF522FA18
:106AD0000EF203FA0CF542EA050218BF42F0010279
:106AE00023FA0EF3801A9941E30AC4F30A0411F061
:106AF000404F03D418D0013C40004941013C23D40D
:106B00004205C00A40EA4150C90A51EAC3715FEA2E
:106B1000500C72F1004250F1000051EB045130BDB5
:106B200001002FD00020203C0029F9D0B1FA81FCCF
:106B3000DCF1200E11FA0CF130FA0EF510FA0CF01F
:106B40002943A4EB0C04D9E70020D90730BDAEF1EE
:106B5000200EBEF1200F0DD2CEF1200C03FA0CF561
:106B600033FA0EF32A4318BF43F00103C01A61F150
:106B70000001B9E721F00041C00A40EA4150C90ACA
:106B800001EB045130BD0020002130BD004218BF90
:106B900041F00101BCEB410F7FF467AFBCEB430F49
:106BA0003FF463AF30BD00BFF0B540F2FF7681EA3D
:106BB000030C16EA115E1EBFB64516EA1355B54220
:106BC00052D021EA465141F48011A1FB024723EA49
:106BD000465343F48013AE44A0FB03650CF0004C15
:106BE00036197D41A1FB034747F10003A0FB0217C3
:106BF000F619654153F10003094218BF46F001063A
:106C000040F2FE74B3F5007F13D2AEF5806EA64558
:106C100023D24CEA0331280341EA155140EA1650C9
:106C20003203450872F1004250F1000051EB0E5161
:106C3000F0BDAEF2FF3EA6450FD24CEAC321E802FA
:106C400041EA555140EA5650F202450872F10042BD
:106C500050F1000051EB0E51F0BD1EEA0E0F2DD584
:106C60000CF000410020F0BD16EA115F04BF01F0F6
:106C700000410020004218BF41F0010116EA135FF5
:106C800004BF03F000430022124218BF43F0010387
:106C900006EA1354B44218BFB64503D00CF00041C5
:106CA0000020F0BD21F0004123F00043B1EB065F6E
:106CB0000CD8B3EB065F09D841B13BB10CF00041F1
:106CC00041F0FE4141F470010020F0BD40F20001AE
:106CD000C7F6F8710020F0BD2DE9F04391EA030EEC
:106CE0000EF0004E40F20007CFF6E07717EA4105BC
:106CF0001EBFBD4217EA4305BD4200F09F807F0DD5
:106D000017EA135623EA475343F4801317EA115541
:106D100021EA475141F48011AD1B05F2FD354FEAE0
:106D2000D31C1CF1010C4FF00047B7FBFCF77F01AF
:106D3000A2FB079C0024E3FB07C4D9F100096CEB1C
:106D40004C0CA0FB07620020E1FB072000275FEA54
:106D5000C628E0FB0987760D46EAC226520DF619D1
:106D600000277A41E0FB0C625FEAC823E2FB0937A7
:106D70005FEA585848EAC628760D18EB0708002144
:106D80004E41E2FB0C8602EBC020DA02E6FB092151
:106D90005B0D43EAC8235FEA58585B18002758EB9D
:106DA0000708E6FB0C38D102E8FB0917520D42EA4E
:106DB000C3225B0DD21900277B41E8FB0C2308EBB3
:106DC000C6265FEAC128E3FB0987490D41EAC221D3
:106DD000520DC91942F10002E3FB0C12470019EBF6
:106DE00008095CEB010C72EB040453EBC62047EB83
:106DF00056530026B3F5000F7641AD190236D6F191
:106E0000200910FA09F4F04013FA09F21043F34094
:106E1000E40F001943F10003B3F5001F24BF5B0822
:106E2000013540F2FE77BD4204D24EEA05511944C5
:106E3000BDE8F0832D4224D5714626E0004218BFFC
:106E400041F00101124218BF43F00103B7EB410FBB
:106E50002CBFB7EB430F1BE0B7EB410F04BFB7EB01
:106E6000430F15E017EA410F04BF17EA430F0FE085
:106E700017EA410FE0D017EA430F02D0B7EB430FF8
:106E8000DAD04EF0FE4141F470010020BDE8F083FD
:106E900040F20001C7F6F871F7E700BFC1F30A53EB
:106EA00040F21E42D21A0EDD202A0AD8CB0243EA53
:106EB000505040F00040D04090EAE170B0EBE170FB
:106EC0007047002070474B00004218BF43F0010399
:106ED00013F5001F88BF21F0004111F0004058BF9A
:106EE0006FF00040704700BF10F0004160B148BF34
:106EF00040420A0D02F21D42B0FA80F3D21A9840C5
:106F0000C30A400503EB0251704700BFC0F3C751ED
:106F100091B142004FEA40704FEAD2014FEA31018D
:106F200001F16051B2F17F4F38BF704701F16051FC
:106F300018BF41F40021704710F000410020704755
:106F4000082938BF70470022C0E9002147F6C87100
:106F5000C2F2000108607047042A08D350F804CB3D
:106F60000B689C4506D1043A0431032AF6D8A2B135
:106F7000D0F800C0086880EA0C0191FAA1F1B1FADA
:106F800081F1B2EBD10F08D901F038012CFA01F2EE
:106F9000C840C0B2D1B2081A7047002070470178CB
:106FA000002904BF0020704700214FF001324358F0
:106FB000C2FA53F30431002BF9D093FAA3F0B0FADC
:106FC00080F001EBD0000438704700005AB38446CB
:106FD00090EA01039B071FD1830707D011F8013BFB
:106FE00000F8013B013AF7D11CE08446203A09D36E
:106FF0002DE9F007B1E8F807A0E8F807203AF9D240
:10700000BDE8F0071C3205D451F8043B40F8043BBE
:10701000043AF9D2043205D011F8013B00F8013BE3
:10702000013AF9D16046704700220B0011001A00A6
:1070300084465AB3830704D000F8011B013AF9D102
:1070400024E0C9B241EA012141EA0141202A11D3D9
:10705000203A2DE9F0030B460C460D460E460F462E
:1070600088468946A0E8FA03203AFBD2BDE8F0033F
:1070700020320BD0042A05D340F8041B043A05D073
:10708000042AF9D200F8011B013AFBD1604670478F
:1070900008B50346007858B95A78012A07D09207F4
:1070A00002D5044800F00CF802225A70012008BDF5
:1070B0000020FCE7F1D40300012303704370704704
:0A70C0000FB408B5FBF79AF9FEE7DC
:1070CC0061CC020000000000650C03000000000011
:1070DC00E99A020000000000DD7F020000000000C1
:1070EC0079B00200544100206D99020000000000AC
:1070FC0039BB0200000000005186020000000000B5
:08710C00A50B030000000000C8
:10711400F9CD020000000000D10C030000000000C3
:10712400E920030000000000912303000000000098
:1071340010520020D8520020E052002018520020A3
:04714400180000002F
:10714800A08B030003030000448C0300030300002A
:107158004C8C030003030000EC8C030003030000C5
:10716800D88D030003030000C48E0300030300004E
:10717800648F0300030300006C8F03000303000007
:10718800748F0300030300007C8F030003030000D7
:10719800BCA1030003030404848F0300030300005D
:1071A8001481030003030404B08A030003030000EE
:1071B8008497030003030404988003000303040472
:1071C800FC9A03000303040488A3030000000404DA
:1071D800B0A603000000030370A703000000040426
:1071E80024840300000003038C7E030000000303D3
:1071F80074800300000003034085030000000303BC
:107208008880030000000303C88303000000030311
:10721800C481030000000303048A03000000030381
:08722800748803000000030359
:10723000A8D0030000000000F4A00300382B0020B9
:1072400000000000000000006DFA020000000000D5
:04725000000000003A
:10725400999002008D27030001370300A54B03001A
:1072640041707000496E697469616C697A6174690E
:107274006F6E00004368617267650000576169744E
:1072840000000000536C6F772043686172676520CB
:10729400416E64205363616E000000004D616E75A1
:1072A400616C000053746174654D616368696E6557
:1072B4003A204E65772049504720646174612072FA
:1072C40065636569766564004368617267696E67C2
:1072D40020506172616D65746572733A000000003C
:1072E400202056524543545F4445546E3A20256449
:1072F400202830203D20636F696C207072657365AF
:107304006E742900202056524543545F4F56506EE8
:107314003A202564202831203D204F4B2C2030205A
:107324003D204F5650290000202056636867207284
:1073340061696C20737570706C7920636972637510
:10734400697420706F77657220676F6F643A2025C7
:107354006400000020204348473120737461747531
:10736400733A2025642C20434847315F4F56505FC1
:107374004552526E3A202564202831203D204F4B3F
:107384002C2030203D204F56502900002020434817
:107394004732207374617475733A2025642C20433A
:1073A4004847325F4F56505F4552526E3A2025642B
:1073B400202831203D204F4B2C2030203D204F569B
:1073C40050290000546865726D616C2050617261CF
:1073D4006D65746572733A002020546865726D207F
:1073E4007265666572656E63653A20256400000007
:1073F4002020546865726D206F757075743A20256D
:10740400640000002020546865726D206F66667306
:1074140065743A20256400004261747465727920B1
:10742400766F6C74616765206D65617375726564F0
:107434003A20256C64206D56000000005465737476
:1074440020496E666F726D6174696F6E3A00000058
:107454002020485620537570706C7920456E616207
:107464006C653A2025640000202056444453205380
:107474007570706C7920456E61626C653A20256484
:107484000000000020205644444120537570706C65
:107494007920456E61626C653A2025640000000025
:1074A40053746174654D616368696E653A20416C1B
:1074B4006C206261747465726965732063686172BB
:1074C4006765642028434847313D25642043484785
:1074D400323D25642050474F4F443D256429000028
:1074E40053746174654D616368696E653A204368DD
:1074F400617267696E6720696E2070726F6772656A
:1075040073732028434847313D256420434847325C
:107514003D25642050474F4F443D25642900000019
:107524004368617267652053746174653A20504DF5
:107534004320706F776572206F6E0A00417070206F
:107544007374617465206D616368696E653A20497E
:107554006E697469616C697A6174696F6E205374C1
:1075640061746520456E7472790A00004D616E7510
:10757400616C2053746174653A20564343207261F0
:10758400696C204F4E2C205750542069646C652C34
:1075940020636F696C2048454C44204F4646202D9B
:1075A4002070726573732027732720746F207472A0
:1075B400616E736D69740A004D616E75616C205360
:1075C400746174653A206D616E75616C206D6F64D1
:1075D4006520656E6465642C207368757474696EC7
:1075E4006720646F776E0A004D616E75616C20537D
:1075F400746174653A20427574746F6E2031206929
:10760400676E6F72656420696E206D616E75616C62
:10761400206D6F6465202D2075736520276E272CDF
:10762400206F7220427574746F6E203220746F2044
:1076340072657365740A00005265636569766564F2
:107644002053797374656D206576656E74202564A6
:1076540020696E207363616E207374617465000029
:107664004865617274626561742076616C75652029
:1076740025640A005750542043686172676572207C
:107684004E54432054656D70657261747572652043
:10769400256420430A0000004261747465727920F5
:1076A400766F6C74616765206C6576656C20256403
:1076B400206D560A000000004865617274626561BD
:1076C4007454696D6572000053797374656D416318
:1076D400746976654F626A656374000053797374E4
:1076E400656D20496E697469616C697A6564202DE1
:1076F4002056657273696F6E2025642E25642E25CD
:107704006420282573290A0048542D49452D4649EB
:10771400482D465700000000537461727420737939
:107724007374656D20696E697469616C697A6174DA
:10773400696F6E200A00000053797374656D2069C7
:107744006E697469616C697A6174696F6E20646FC3
:107754006E65200A0000000053797374656D205330
:107764007461727473204544410A000043616C6C77
:107774006261636B20657865637574656420666F08
:1077840072206576656E7420256420696E20706FA2
:1077940072742025640000004E6F2063616C6C627B
:1077A40061636B20646566696E656420666F722030
:1077B4006576656E7420256420696E20706F72741E
:1077C400202564002F55736572732F616C65786290
:1077D400616C6477696E2F4465736B746F702F4F9F
:1077E40070656E4E657276652D4368617267657269
:1077F4002F4669726D776172652F536F7572636579
:107804002D436F64652F7372632F68616C5F6C61C5
:107814007965722F68616C5F6164632E63707000B8
:1078240042617474657279206D6561737572656DFA
:10783400656E7420737461727465640A00000000DC
:107844005374617274696E67207363616E2E0000F5
:107854002F55736572732F616C657862616C647700
:10786400696E2F4465736B746F702F4F70656E4E25
:10787400657276652D436861726765722F46697219
:107884006D776172652F536F757263652D436F64F5
:10789400652F7372632F68616C5F6C617965722FF9
:1078A40068616C5F626C652E6370700042757474FD
:1078B4006F6E20257520707265737365640A00000D
:1078C400427574746F6E2025752072656C656173E2
:1078D40065640A002F55736572732F616C65786255
:1078E400616C6477696E2F4465736B746F702F4F8E
:1078F40070656E4E657276652D4368617267657258
:107904002F4669726D776172652F536F7572636567
:107914002D436F64652F7372632F68616C5F6C61B4
:107924007965722F68616C5F627574746F6E2E6313
:1079340070700000546F6F206D616E7920627574F1
:10794400746F6E732E204D617820616C6C6F776557
:10795400643A2025640A00004572726F72207772BF
:107964006974696E6720746F2044414320726567AF
:107974006973746572000000537461727420444624
:10798400552070726F636573732C2074686520735F
:10799400797374656D2077696C6C20726573657496
:1079A4000D0A00004661696C656420746F20636C85
:1079B4006561722047505245475245543A20256428
:1079C4000D0A00004661696C656420746F2073655C
:1079D400742044465520666C61673A2025640D0A7C
:1079E4000000000053797374656D207265736574CB
:1079F40020666F7220444655206D6F64650D0A0041
:107A04002E2E2F2E2E2F636F72655F6C6179657237
:107A14002F73646B2F6E7266352F6E5246355F532B
:107A2400444B5F31372E312E305F646464653536E4
:107A3400302F6D6F64756C65732F6E7266782F6866
:107A4400616C2F6E72665F6770696F2E680000004C
:107A54002F55736572732F616C657862616C6477FE
:107A6400696E2F4465736B746F702F4F70656E4E23
:107A7400657276652D436861726765722F46697217
:107A84006D776172652F536F757263652D436F64F3
:107A9400652F7372632F636F72655F6C61796572B2
:107AA4002F73646B2F6E7266352F6E5246355F539B
:107AB400444B5F31372E312E305F64646465353654
:107AC400302F636F6D706F6E656E74732F626C65AB
:107AD4002F636F6D6D6F6E2F626C655F636F6E6E7B
:107AE4005F73746174652E63000000005468652040
:107AF4006C6F63616C20646174616261736520689A
:107B04006173206368616E6765642C20736F2073F2
:107B14006F6D6520737562736372697074696F6EDB
:107B24007320746F206E6F74696669636174696F22
:107B34006E7320616E6420696E6469636174696F39
:107B44006E7320636F756C64206E6F7420626520A1
:107B5400726573746F72656420666F7220636F6EF2
:107B64006E5F68616E646C65202564006773636D85
:107B74005F6C6F63616C5F64625F63616368655FC0
:107B84006170706C7928292072657475726E6564F1
:107B94002025732077686963682073686F756C6447
:107BA400206E6F742068617070656E2E20636F6E36
:107BB4006E5F68616E646C653A20256400000000A5
:107BC4002E2E2F2E2E2F636F72655F6C6179657276
:107BD4002F73646B2F6E7266352F6E5246355F536A
:107BE400444B5F31372E312E305F64646465353623
:107BF400302F636F6D706F6E656E74732F6C696276
:107C04007261726965732F6D757465782F6E726613
:107C14005F6D74782E6800002F55736572732F6141
:107C24006C657862616C6477696E2F4465736B74FC
:107C34006F702F4F70656E4E657276652D43686167
:107C4400726765722F4669726D776172652F536F23
:107C5400757263652D436F64652F7372632F636F51
:107C640072655F6C617965722F73646B2F6E7266D7
:107C7400352F6E5246355F53444B5F31372E312ECC
:107C8400305F646464653536302F636F6D706F6E7A
:107C9400656E74732F626C652F706565725F6D61BC
:107CA4006E616765722F676174745F636163686591
:107CB4005F6D616E616765722E630000466C61736F
:107CC400682066756C6C2E20436F756C64206E6F33
:107CD400742073746F7265206461746120666F72BE
:107CE40020636F6E6E5F68616E646C653A20256414
:107CF400000000006773636D5F6C6F63616C5F64A9
:107D0400625F63616368655F757064617465282987
:107D14002072657475726E656420257320666F72B7
:107D240020636F6E6E5F68616E646C653A202564D3
:107D3400000000006773636D5F7365727669636545
:107D44005F6368616E6765645F696E645F73656EC7
:107D54006428292072657475726E65642025732009
:107D6400666F7220636F6E6E5F68616E646C653AF5
:107D74002025640043415220636861722076616C5F
:107D8400756520636F756C646E277420626520735B
:107D9400746F72656420286572726F723A2025735D
:107DA400292E205265617474656D70742077696C36
:107DB4006C2068617070656E206F6E207468652039
:107DC4006E65787420636F6E6E656374696F6E2E72
:107DD40000000000556E6578706563746564204723
:107DE40041545420737461747573207768696C65A9
:107DF4002067657474696E6720434152206368612B
:107E0400722076616C75653A203078257800000020
:107E14004D756C7469706C65202825642920434174
:107E24005220636861726163746572697374696313
:107E34007320666F756E642C207573696E67207489
:107E440068652066697273742E000000556E65784B
:107E54007065637465642043415220636861726194
:107E64006374657269737469632076616C756520E7
:107E74006C656E67746820282564292C2073746FE0
:107E8400726520302E000000706565725F6D616E52
:107E9400616765725F67636D000000007064735F03
:107EA400706565725F646174615F73746F72652875
:107EB400292072657475726E656420257320776855
:107EC400696C652073746F72696E6720736572766E
:107ED400696365206368616E676564737461746562
:107EE40020666F7220706565722069642025642E97
:107EF400000000007064625F706565725F646174A5
:107F0400615F7074725F6765742829207265747587
:107F1400726E656420257320666F7220636F6E6EC7
:107F24005F68616E646C653A20256400446964206E
:107F3400616E6F7468657220746872656164206D27
:107F4400616E6970756C61746520504D5F50454574
:107F5400525F444154415F49445F474154545F4C2C
:107F64004F43414C20666F7220706565725F69648F
:107F7400202564206174207468652073616D652018
:107F840074696D653F207064625F77726974655FC0
:107F94006275665F72656C65617365282920726518
:107FA4007475726E65642025732E000073645F62BD
:107FB4006C655F67617474735F7379735F61747404
:107FC400725F73657428292072657475726E6564B6
:107FD400204E52465F4552524F525F494E56414CD5
:107FE40049445F4441544120666F72204E554C4CC5
:107FF40020706F696E746572207768696368207396
:10800400686F756C64206E65766572206861707047
:10801400656E2E20636F6E6E5F68616E646C653A88
:108024002025640073645F626C655F6761747473B8
:108034005F696E697469616C5F757365725F6861AD
:108044006E646C655F676574282920726574757247
:108054006E65642025732077686963682073686F90
:10806400756C64206E6F742068617070656E2E008C
:10807400706565725F6D616E616765725F6773637A
:108084006D000000706565725F6D616E6167657299
:108094005F696D006E72665F626C655F67617474C0
:1080A40000000000424C455F4741505F5343414E3E
:1080B4005F54494D454F555400000000436F6E6EA8
:1080C400656374696E670000436F6E6E65637469FF
:1080D4006F6E207374617475733A20256400000018
:1080E40073645F626C655F6761705F7363616E5F29
:1080F40073746172742072657475726E6564203075
:10810400782578005363616E6E696E670000000025
:10811400626C655F7363616E00000000436F756C91
:1081240064206E6F742064656C6574652070656589
:108134007220646174612E206664735F66696C6585
:108144005F64656C65746528292072657475726E48
:108154006564203078257820666F722070656572BA
:108164005F69643A20256400436F756C64206E6F08
:1081740074207772697465206461746120746F205F
:10818400666C6173682E206664735F7265636F72D8
:10819400645F7B77726974657C7570646174657DF6
:1081A40028292072657475726E656420307825788C
:1081B4002E20706565725F69643A202564000000B2
:1081C400706565725F6D616E616765725F7064731F
:1081D40000000000706D5F6275666665725F7074A2
:1081E400725F676574282920636F756C64206E6FF5
:1081F400742072657472696576652052414D2062FF
:1082040075666665722E20626C6F636B5F69643A93
:10821400202564007064735F706565725F646174C7
:10822400615F73746F726528292072657475726E4C
:1082340065642025732E20706565725F69643A2039
:1082440025640000536F6D6520706565722064615C
:10825400746120776173206E6F742070726F706523
:10826400726C79207772697474656E20746F2066FD
:108274006C6173682E2077726974655F6275665FDE
:1082840073746F726528292072657475726E6564E3
:1082940020257320666F7220706565725F69643A89
:1082A4002025640043616E6E6F742073746F726571
:1082B400206461746120746F20666C61736820624D
:1082C40065636175736520706D5F6275666665725E
:1082D4005F7074725F676574282920636F756C64BE
:1082E400206E6F74207265747269657665205241E0
:1082F4004D206275666665722E20497320626C6F2C
:10830400636B5F6964202564206E6F7420616C6CFC
:108314006F63617465643F007064625F777269744F
:10832400655F6275665F72656C6561736528292097
:1083340072657475726E656420257320776869634D
:10834400682073686F756C64206E6F742068617048
:1083540070656E2E20706565725F69643A202564CD
:108364002C20646174615F69643A20256400000014
:108374005065657220494420256420776173206E1E
:108384006F742070726F7065726C792072656C65A1
:10839400617365642E207064735F706565725F69D4
:1083A400645F6672656528292072657475726E65EE
:1083B400642025732E20706565725F69643A2025F8
:1083C40064000000706565725F6D616E616765725F
:1083D4005F70646200000000436F756C64206E6F10
:1083E400742072657472656976652072616E6B7350
:1083F4002E207064625F706565725F646174615F92
:108404006C6F616428292072657475726E656420CE
:1084140025732E20706565725F69643A20256400B7
:10842400706565725F6D616E616765720000000062
:10843400557064617465000044656C657465000082
:108444004F7574646174656420283029000000004D
:1084540053657276696365206368616E676564203D
:1084640070656E64696E6720666C61670000000069
:108474004F7574646174656420283229000000001B
:108484004F7574646174656420283329000000000A
:108494004170706C69636174696F6E2064617461AA
:1084A4000000000052656D6F746520646174616240
:1084B40061736500506565722072616E6B00000027
:1084C400426F6E64696E672064617461000000002D
:1084D4004C6F63616C206461746162617365000058
:1084E40043656E7472616C20616464726573732099
:1084F4007265736F6C7574696F6E0000456E63729C
:10850400797074696F6E0000426F6E64696E670003
:1085140050616972696E6700496E76616C696420A6
:10852400526F6C6500000000506572697068657276
:10853400616C000043656E7472616C0070656572F5
:108544005F6D616E616765725F68616E646C6572B0
:1085540000000000496E7465726E616C2065727271
:108564006F723A20257320726563656976656420AD
:108574004E554C4C20666F7220705F7365635F6B61
:1085840065797365742E0000436F756C64206E6F9B
:10859400742072657472696576652052414D20625B
:1085A400756666657220666F7220696E636F6D69A9
:1085B4006E6720626F6E642E207064625F777269EA
:1085C40074655F6275665F676574282920726574D7
:1085D40075726E65642025732E20636F6E6E5F68FE
:1085E400616E646C653A202564000000696D5F6209
:1085F4006C655F616464725F6765742829207265C5
:108604007475726E65642025732E20636F6E6E5FC1
:1086140068616E646C653A2025642E204C696E6B2B
:1086240020776173206C696B656C7920646973636E
:108634006F6E6E65637465642E000000436F756C25
:1086440064206E6F7420636C65616E2075702061A8
:1086540066746572206661696C656420626F6E641D
:10866400696E672070726F6365647572652E207021
:1086740064625F77726974655F6275665F72656C68
:108684006561736528292072657475726E6564204E
:1086940025732E20636F6E6E5F68616E646C653A3D
:1086A4002025642E0000000073645F626C655F67C0
:1086B40061705F7365635F696E666F5F7265706C2E
:1086C4007928292072657475726E6564204E52464D
:1086D4005F45524F525F494E56414C49445F535493
:1086E4004154452C20776869636820697320616E62
:1086F4006572726F7220756E6C6573732074686531
:10870400206C696E6B20697320646973636F6E6E8D
:10871400656374696E672E00436F756C64206E6FB9
:108724007420636F6D706C65746520656E63727917
:108734007074696F6E2070726F6365647572652EF4
:108744002073645F626C655F6761705F7365635F0C
:10875400696E666F5F7265706C7928292072657422
:1087640075726E65642025732E20636F6E6E5F686C
:10877400616E646C653A2025642C20706565725FB7
:1087840069643A2025642E0052414D206275666664
:10879400657220666F72206E657720626F6E64204A
:1087A40077617320756E617661696C61626C652EA8
:1087B400207064625F77726974655F6275665F6773
:1087C400657428292072657475726E65642025733A
:1087D4002E20636F6E6E5F68616E646C653A20254F
:1087E400642E0000436F756C64206E6F7420616C9E
:1087F4006C6F63617465206E657720706565725F68
:10880400696420666F7220696E636F6D696E67209C
:10881400626F6E642E000000436F756C64206E6F8F
:10882400742073746F726520626F6E642E2070649E
:10883400625F77726974655F6275665F73746F7285
:108844006528292072657475726E65642025732EFF
:1088540020636F6E6E5F68616E646C653A20256498
:108864002C20706565725F69643A202564000000FD
:10887400706565725F6D616E616765725F736D646B
:108884000000000043616E6E6F742073656375723F
:1088940065206C696E6B2062656361757365206128
:1088A4002070726576696F7573207365637572697C
:1088B40074792070726F63656475726520656E6487
:1088C400656420696E2074696D656F75742E20442B
:1088D4006973636F6E6E65637420616E6420726584
:1088E4007472792E20736D645F706172616D735F51
:1088F4007265706C792829206F7220736D645F6CC7
:10890400696E6B5F7365637572652829207265747F
:1089140075726E6564204E52465F4552524F525FE7
:1089240054494D454F55542E20636F6E6E5F6861F8
:108934006E646C653A20256400000000436F756C1A
:1089440064206E6F7420706572666F726D2073653B
:108954006375726974792070726F6365647572658A
:108964002E20736D645F706172616D735F726570E8
:108974006C792829206F7220736D645F6C696E6B4B
:108984005F73656375726528292072657475726EEC
:1089940065642025732E20636F6E6E5F68616E645C
:1089A4006C653A2025640000436F756C64206E6F1B
:1089B4007420706572666F726D2073656375726979
:1089C40074792070726F6365647572652E20736D9F
:1089D400645F6C696E6B5F736563757265282920CB
:1089E40072657475726E65642025732E20636F6ED4
:1089F4006E5F68616E646C653A2025640000000057
:108A0400706565725F6D616E616765725F736D003D
:108A14002F55736572732F616C657862616C64772E
:108A2400696E2F4465736B746F702F4F70656E4E53
:108A3400657276652D436861726765722F46697247
:108A44006D776172652F536F757263652D436F6423
:108A5400652F7372632F636F72655F6C61796572E2
:108A64002F73646B2F6E7266352F6E5246355F53CB
:108A7400444B5F31372E312E305F64646465353684
:108A8400302F696E746567726174696F6E2F6E72D0
:108A940066782F6C65676163792F6E72665F6472A6
:108AA400765F636C6F636B2E63000000636C6F63AF
:108AB4006B0000002E2E2F2E2E2F636F72655F6CBD
:108AC400617965722F73646B2F6E7266352F6E52E7
:108AD40046355F53444B5F31372E312E305F64642B
:108AE40064653536302F696E746567726174696FB9
:108AF4006E2F6E7266782F6E7266785F676C75651E
:108B04002E6800002F55736572732F616C6578624F
:108B1400616C6477696E2F4465736B746F702F4F4B
:108B240070656E4E657276652D4368617267657215
:108B34002F4669726D776172652F536F7572636525
:108B44002D436F64652F7372632F636F72655F6C5F
:108B5400617965722F73646B2F6E7266352F6E5256
:108B640046355F53444B5F31372E312E305F64649A
:108B740064653536302F6D6F64756C65732F6E7256
:108B840066782F647269766572732F7372632F6EC1
:108B94007266785F636C6F636B2E6300434C4F4364
:108BA4004B0000002F55736572732F616C657862FA
:108BB400616C6477696E2F4465736B746F702F4FAB
:108BC40070656E4E657276652D4368617267657275
:108BD4002F4669726D776172652F536F7572636585
:108BE4002D436F64652F7372632F636F72655F6CBF
:108BF400617965722F73646B2F6E7266352F6E52B6
:108C040046355F53444B5F31372E312E305F6464F9
:108C140064653536302F6D6F64756C65732F6E72B5
:108C240066782F647269766572732F7372632F6E20
:108C34007266785F6770696F74652E630000000068
:108C44004750494F54450000505049002F55736513
:108C540072732F616C657862616C6477696E2F44FE
:108C640065736B746F702F4F70656E4E65727665A9
:108C74002D436861726765722F4669726D77617200
:108C8400652F536F757263652D436F64652F73721F
:108C9400632F636F72655F6C617965722F73646BA8
:108CA4002F6E7266352F6E5246355F53444B5F31DB
:108CB400372E312E305F646464653536302F6D6F26
:108CC40064756C65732F6E7266782F64726976654D
:108CD40072732F7372632F7072732F6E7266785F64
:108CE4007072732E63000000505253002E2E2F2EEC
:108CF4002E2F636F72655F6C617965722F73646B7D
:108D04002F6E7266352F6E5246355F53444B5F317A
:108D1400372E312E305F646464653536302F6D6FC5
:108D240064756C65732F6E7266782F68616C2F6E34
:108D340072665F70776D2E68000000002F557365B2
:108D440072732F616C657862616C6477696E2F440D
:108D540065736B746F702F4F70656E4E65727665B8
:108D64002D436861726765722F4669726D7761720F
:108D7400652F536F757263652D436F64652F73722E
:108D8400632F636F72655F6C617965722F73646BB7
:108D94002F6E7266352F6E5246355F53444B5F31EA
:108DA400372E312E305F646464653536302F6D6F35
:108DB40064756C65732F6E7266782F64726976655C
:108DC40072732F7372632F6E7266785F70776D2E75
:108DD4006300000050574D002F55736572732F6167
:108DE4006C657862616C6477696E2F4465736B742B
:108DF4006F702F4F70656E4E657276652D43686196
:108E0400726765722F4669726D776172652F536F51
:108E1400757263652D436F64652F7372632F636F7F
:108E240072655F6C617965722F73646B2F6E726605
:108E3400352F6E5246355F53444B5F31372E312EFA
:108E4400305F646464653536302F6D6F64756C65AE
:108E5400732F6E7266782F647269766572732F73DE
:108E640072632F6E7266785F73616164632E630050
:108E74002E2E2F2E2E2F636F72655F6C61796572B3
:108E84002F73646B2F6E7266352F6E5246355F53A7
:108E9400444B5F31372E312E305F64646465353660
:108EA400302F6D6F64756C65732F6E7266782F68E2
:108EB400616C2F6E72665F73616164632E6800007B
:108EC40053414144430000002F55736572732F6171
:108ED4006C657862616C6477696E2F4465736B743A
:108EE4006F702F4F70656E4E657276652D436861A5
:108EF400726765722F4669726D776172652F536F61
:108F0400757263652D436F64652F7372632F636F8E
:108F140072655F6C617965722F73646B2F6E726614
:108F2400352F6E5246355F53444B5F31372E312E09
:108F3400305F646464653536302F6D6F64756C65BD
:108F4400732F6E7266782F647269766572732F73ED
:108F540072632F6E7266785F7370696D2E630000A2
:108F64005350494D0000000054494D455200000043
:108F74005541525400000000554152544500000030
:108F84006170705F627574746F6E0000534F465465
:108F94004445564943453A20415353455254494F59
:108FA4004E204641494C454400000000534F46546E
:108FB4004445564943453A20494E56414C4944207C
:108FC4004D454D4F525920414343455353000000F2
:108FD400415353455254494F4E204641494C454410
:108FE4002061742025733A25750000004552524FC4
:108FF40052202575205B25735D2061742025733A0A
:1090040025750D0A50432061743A20307825303894
:1090140078000000456E64206F66206572726F727E
:10902400207265706F727400554E4B4E4F574E2030
:109034004641554C5420617420307825303858000E
:109044002F55736572732F616C657862616C6477F8
:10905400696E2F4465736B746F702F4F70656E4E1D
:10906400657276652D436861726765722F46697211
:109074006D776172652F536F757263652D436F64ED
:10908400652F7372632F636F72655F6C61796572AC
:109094002F73646B2F6E7266352F6E5246355F5395
:1090A400444B5F31372E312E305F6464646535364E
:1090B400302F636F6D706F6E656E74732F6C6962A1
:1090C4007261726965732F7574696C2F6170705F5A
:1090D4007574696C5F706C6174666F726D2E630079
:1090E4002F55736572732F616C657862616C647758
:1090F400696E2F4465736B746F702F4F70656E4E7D
:10910400657276652D436861726765722F46697270
:109114006D776172652F536F757263652D436F644C
:10912400652F7372632F636F72655F6C617965720B
:109134002F73646B2F6E7266352F6E5246355F53F4
:10914400444B5F31372E312E305F646464653536AD
:10915400302F636F6D706F6E656E74732F6C696200
:109164007261726965732F6664732F6664732E630C
:109174000000000048415244204641554C542061AF
:1091840074203078253038580000000020205230F8
:109194003A2020307825303858202052313A202087
:1091A400307825303858202052323A202030782523
:1091B400303858202052333A20203078253038581F
:1091C4000000000020205231323A20307825303817
:1091D4005820204C523A202030782530385820200E
:1091E4005053523A20307825303858005374616314
:1091F4006B2076696F6C6174696F6E3A2073746169
:10920400636B20706F696E746572206F7574736917
:10921400646520737461636B20617265612E000064
:1092240043617573653A204275734661756C7420A9
:109234006F6E206120766563746F72207461626C56
:1092440065207265616420647572696E6720657853
:1092540063657074696F6E2070726F636573736990
:109264006E672E0043617573653A2025732E0000E6
:109274004D656D4D616E616765204661756C742046
:10928400416464726573733A20307825303858002D
:10929400427573204661756C742041646472657311
:1092A400733A20307825303858000000546865201F
:1092B40070726F636573736F722068617320617479
:1092C40074656D7074656420746F2065786563756A
:1092D400746520616E20756E646566696E656420D0
:1092E400696E737472756374696F6E005468652077
:1092F40070726F636573736F7220617474656D70DF
:109304007465642061206C6F6164206F72207374D3
:109314006F72652061742061206C6F636174696F82
:109324006E207468617420646F6573206E6F74209E
:109334007065726D697420746865206F7065726100
:1093440074696F6E00000000556E737461636B2066
:10935400666F7220616E20657863657074696F6EE4
:109364002072657475726E20686173206361757311
:109374006564206F6E65206F72206D6F7265206169
:1093840063636573732076696F6C6174696F6E7360
:1093940000000000537461636B696E6720666F722E
:1093A40020616E20657863657074696F6E20656EE8
:1093B4007472792068617320636175736564206FCA
:1093C4006E65206F72206D6F7265206163636573D3
:1093D400732076696F6C6174696F6E7300000000AE
:1093E40041204D656D4D616E616765206661756CE8
:1093F40074206F6363757272656420647572696E3C
:109404006720666C6F6174696E672D706F696E7426
:10941400206C617A7920737461746520707265734D
:109424006572766174696F6E00000000496E737432
:1094340072756374696F6E20627573206572726FE2
:109444007200000044617461206275732065727259
:109454006F72202850432076616C756520737461A7
:10946400636B656420666F72207468652065786339
:10947400657074696F6E2072657475726E20706F9A
:10948400696E747320746F2074686520696E7374D8
:1094940072756374696F6E2074686174206361759A
:1094A40073656420746865206661756C74290000B6
:1094B4004461746120627573206572726F72202832
:1094C40072657475726E2061646472657373206969
:1094D4006E2074686520737461636B206672616DBD
:1094E40065206973206E6F742072656C61746564A5
:1094F40020746F2074686520696E73747275637468
:10950400696F6E207468617420636175736564208B
:10951400746865206572726F72290000556E7374E9
:1095240061636B20666F7220616E2065786365707D
:1095340074696F6E2072657475726E206861732031
:10954400636175736564206F6E65206F72206D6F43
:109554007265204275734661756C74730000000077
:10956400537461636B696E6720666F7220616E204D
:10957400657863657074696F6E20656E74727920A6
:1095840068617320636175736564206F6E65206F15
:1095940072206D6F7265204275734661756C7473C9
:1095A400000000004120627573206661756C7420B0
:1095B4006F6363757272656420647572696E672087
:1095C400666C6F6174696E672D706F696E74206C60
:1095D400617A792073746174652070726573657241
:1095E400766174696F6E00005468652070726F63F1
:1095F4006573736F722068617320617474656D7034
:1096040074656420746F2065786563757465206182
:109614006E20696E737472756374696F6E207468FA
:109624006174206D616B657320696C6C6567616C36
:1096340020757365206F6620746865204550535209
:10964400000000005468652070726F636573736F67
:10965400722068617320617474656D707465642030
:10966400616E20696C6C6567616C206C6F6164204D
:109674006F66204558435F52455455524E20746FCF
:10968400207468652050432C20617320612072652A
:1096940073756C74206F6620616E20696E76616CE0
:1096A400696420636F6E746578742C206F72206116
:1096B4006E20696E76616C6964204558435F52453B
:1096C4005455524E2076616C7565000054686520CF
:1096D40070726F636573736F722068617320617455
:1096E40074656D7074656420746F20616363657361
:1096F40073206120636F70726F636573736F7200A0
:109704005468652070726F636573736F722068614B
:1097140073206D61646520616E20756E616C69678C
:109724006E6564206D656D6F727920616363657326
:10973400730000005468652070726F636573736F03
:10974400722068617320657865637574656420614F
:109754006E2053444956206F72205544495620695F
:109764006E737472756374696F6E207769746820A0
:10977400612064697669736F72206F66203000001F
:10978400686172646661756C740000002F557365BE
:1097940072732F616C657862616C6477696E2F44B3
:1097A40065736B746F702F4F70656E4E657276655E
:1097B4002D436861726765722F4669726D776172B5
:1097C400652F536F757263652D436F64652F7372D4
:1097D400632F636F72655F6C617965722F73646B5D
:1097E4002F6E7266352F6E5246355F53444B5F3190
:1097F400372E312E305F646464653536302F636FE5
:109804006D706F6E656E74732F6C696272617269CC
:1098140065732F62616C6C6F632F6E72665F626139
:109824006C6C6F632E6300002F55736572732F6128
:109834006C657862616C6477696E2F4465736B74D0
:109844006F702F4F70656E4E657276652D4368613B
:10985400726765722F4669726D776172652F536FF7
:10986400757263652D436F64652F7372632F636F25
:1098740072655F6C617965722F73646B2F6E7266AB
:10988400352F6E5246355F53444B5F31372E312EA0
:10989400305F646464653536302F65787465726E44
:1098A400616C2F667072696E74662F6E72665F6685
:1098B4007072696E74662E63000000002F55736524
:1098C40072732F616C657862616C6477696E2F4482
:1098D40065736B746F702F4F70656E4E657276652D
:1098E4002D436861726765722F4669726D77617284
:1098F400652F536F757263652D436F64652F7372A3
:10990400632F636F72655F6C617965722F73646B2B
:109914002F6E7266352F6E5246355F53444B5F315E
:10992400372E312E305F646464653536302F6578A8
:109934007465726E616C2F667072696E74662F6ED8
:1099440072665F667072696E74665F666F726D616F
:10995400742E6300705F667300000000257320633B
:109964006865636B206661696C656420696E202597
:1099740073282920776974682076616C75652030B6
:109984007825782E00000000705F61706900000087
:10999400705F66732D3E705F61706900705F64650F
:1099A400737400006C656E00616464725F69735F58
:1099B400616C69676E6564333228737263290000D1
:1099C400616464725F69735F77697468696E5F620A
:1099D4006F756E647328705F66732C207372632CCA
:1099E400206C656E29000000705F737263000000D4
:1099F40021286C656E202520705F66732D3E705F94
:109A0400666C6173685F696E666F2D3E70726F6716
:109A140072616D5F756E697429000000616464721F
:109A24005F69735F616C69676E656433322864656E
:109A340073742900616464725F69735F616C696740
:109A44006E65643332282875696E7433325F742905
:109A5400705F737263290000616464725F69735F8D
:109A640077697468696E5F626F756E647328705F7E
:109A740066732C20646573742C206C656E29000059
:109A8400616464725F69735F706167655F616C696B
:109A9400676E656428705F66732C20706167655F0C
:109AA4006164647229000000616464725F69735FB9
:109AB40077697468696E5F626F756E647328705F2E
:109AC40066732C20706167655F616464722C202862
:109AD4006C656E202A20705F66732D3E705F666C25
:109AE4006173685F696E666F2D3E65726173655F51
:109AF400756E6974292900006E72665F6673746FEF
:109B040072616765000000002F55736572732F61E1
:109B14006C657862616C6477696E2F4465736B74ED
:109B24006F702F4F70656E4E657276652D43686158
:109B3400726765722F4669726D776172652F536F14
:109B4400757263652D436F64652F7372632F636F42
:109B540072655F6C617965722F73646B2F6E7266C8
:109B6400352F6E5246355F53444B5F31372E312EBD
:109B7400305F646464653536302F636F6D706F6E6B
:109B8400656E74732F6C69627261726965732F6D8F
:109B9400656D6F626A2F6E72665F6D656D6F626A66
:109BA4002E6300002F55736572732F616C657862A4
:109BB400616C6477696E2F4465736B746F702F4F9B
:109BC40070656E4E657276652D4368617267657265
:109BD4002F4669726D776172652F536F7572636575
:109BE4002D436F64652F7372632F636F72655F6CAF
:109BF400617965722F73646B2F6E7266352F6E52A6
:109C040046355F53444B5F31372E312E305F6464E9
:109C140064653536302F636F6D706F6E656E747367
:109C24002F6C69627261726965732F6578706572F1
:109C3400696D656E74616C5F73656374696F6E5F83
:109C4400766172732F6E72665F73656374696F6E8B
:109C54005F697465722E63004E52465F53554343E9
:109C6400455353004E52465F4552524F525F53562E
:109C7400435F48414E444C45525F4D495353494E0E
:109C8400470000004E52465F4552524F525F534FB9
:109C940046544445564943455F4E4F545F454E41F3
:109CA400424C4544000000004E52465F4552524F1C
:109CB400525F494E5445524E414C00004E52465F4D
:109CC4004552524F525F4E4F5F4D454D00000000CC
:109CD4004E52465F4552524F525F4E4F545F464F6D
:109CE400554E44004E52465F4552524F525F4E4FBE
:109CF400545F535550504F52544544004E52465FA2
:109D04004552524F525F494E56414C49445F50416F
:109D140052414D004E52465F4552524F525F494E9A
:109D240056414C49445F5354415445004E52465F9A
:109D34004552524F525F494E56414C49445F4C453F
:109D44004E475448000000004E52465F4552524F61
:109D5400525F494E56414C49445F464C414753007B
:109D64004E52465F4552524F525F494E56414C49FE
:109D7400445F4441544100004E52465F4552524FA5
:109D8400525F444154415F53495A45004E52465F25
:109D94004552524F525F54494D454F5554000000AF
:109DA4004E52465F4552524F525F4E554C4C000046
:109DB4004E52465F4552524F525F464F52424944BB
:109DC40044454E004E52465F4552524F525F494EF3
:109DD40056414C49445F4144445200004E52465F50
:109DE4004552524F525F4255535900004E52465FFE
:109DF4004552524F525F434F4E4E5F434F554E5460
:109E0400000000004E52465F4552524F525F524589
:109E1400534F5552434553004E52465F4552524F9D
:109E2400525F4D4F44554C455F4E4F545F494E4928
:109E34005449414C495A4544000000004E52465F83
:109E44004552524F525F4D555445585F494E4954FF
:109E54005F4641494C4544004E52465F4552524F7D
:109E6400525F4D555445585F4C4F434B5F464149F3
:109E74004C4544004E52465F4552524F525F4D5539
:109E84005445585F554E4C4F434B5F4641494C45F2
:109E9400440000004E52465F4552524F525F4D55AA
:109EA4005445585F434F4E445F494E49545F4641C1
:109EB400494C4544000000004E52465F4552524F03
:109EC400525F4D4F44554C455F414C5245414459B6
:109ED4005F494E495449414C495A454400000000E9
:109EE4004E52465F4552524F525F53544F52414770
:109EF400455F46554C4C00004E52465F4552524F0A
:109F0400525F4150495F4E4F545F494D504C454D4F
:109F1400454E5445440000004E52465F4552524F50
:109F2400525F464541545552455F4E4F545F454E2E
:109F340041424C45440000004E52465F4552524F48
:109F4400525F494F5F50454E44494E470000000060
:109F54004E52465F4552524F525F4452565F5457D9
:109F6400495F4552525F4F56455252554E000000CC
:109F74004E52465F4552524F525F4452565F5457B9
:109F8400495F4552525F414E41434B004E52465F3A
:109F94004552524F525F4452565F5457495F45529F
:109FA400525F444E41434B004E52465F4552524F1E
:109FB400525F424C455F495053505F52585F504B7B
:109FC400545F5452554E4341544544004E52465FEB
:109FD4004552524F525F424C455F495053505F4384
:109FE40048414E4E454C5F414C52454144595F45B2
:109FF40058495354530000004E52465F4552524F45
:10A00400525F424C455F495053505F4C494E4B5F41
:10A01400444953434F4E4E454354454400000000C9
:10A024004E52465F4552524F525F424C455F495033
:10A0340053505F504545525F52454A454354454449
:10A04400000000002F55736572732F616C65786290
:10A05400616C6477696E2F4465736B746F702F4FF6
:10A0640070656E4E657276652D43686172676572C0
:10A074002F4669726D776172652F536F75726365D0
:10A084002D436F64652F7372632F636F72655F6C0A
:10A09400617965722F73646B2F6E7266352F6E5201
:10A0A40046355F53444B5F31372E312E305F646445
:10A0B40064653536302F636F6D706F6E656E7473C3
:10A0C4002F6C69627261726965732F6C6F672F738D
:10A0D40072632F6E72665F6C6F675F64656661752D
:10A0E4006C745F6261636B656E64732E6300000061
:10A0F4007274745F6C6F675F6261636B656E64003A
:10A104002F55736572732F616C657862616C647727
:10A11400696E2F4465736B746F702F4F70656E4E4C
:10A12400657276652D436861726765722F46697240
:10A134006D776172652F536F757263652D436F641C
:10A14400652F7372632F636F72655F6C61796572DB
:10A154002F73646B2F6E7266352F6E5246355F53C4
:10A16400444B5F31372E312E305F6464646535367D
:10A17400302F636F6D706F6E656E74732F6C6962D0
:10A184007261726965732F6C6F672F7372632F6EC0
:10A1940072665F6C6F675F66726F6E74656E642E55
:10A1A400630000004261636B656E647320666C75C6
:10A1B4007368656400000000617070001B5B313BD4
:10A1C40033316D0025734C6F67732064726F707048
:10A1D4006564202825642925730D0A001B5B306DF6
:10A1E40000000000257300003C25733E2025733ACF
:10A1F40020000000202530327800000020202000BC
:10A204007C00000025630000200000001B5B313B44
:10A2140033306D001B5B313B33326D001B5B313BD4
:10A2240033336D001B5B313B33346D001B5B313BBF
:10A2340033356D001B5B313B33366D001B5B313BAB
:10A2440033376D007761726E696E6700696E666F91
:10A254000000000064656275670000005465726D5B
:10A26400696E616C00000000525454005345474726
:10A27400455200005374617465207265717565738D
:10A28400743A203078253038580000004E6F7469D5
:10A294006679206F62736572766572203078253036
:10A2A4003858203D3E207265616479004E6F7469B0
:10A2B4006679206F62736572766572203078253016
:10A2C4003858203D3E20626C6F636B696E670000F6
:10A2D4005374617465206368616E67653A203078F1
:10A2E40025303858000000002F55736572732F61B4
:10A2F4006C657862616C6477696E2F4465736B7406
:10A304006F702F4F70656E4E657276652D43686170
:10A31400726765722F4669726D776172652F536F2C
:10A32400757263652D436F64652F7372632F636F5A
:10A3340072655F6C617965722F73646B2F6E7266E0
:10A34400352F6E5246355F53444B5F31372E312ED5
:10A35400305F646464653536302F636F6D706F6E83
:10A36400656E74732F736F66746465766963652FA5
:10A37400636F6D6D6F6E2F6E72665F7364682E63AC
:10A38400000000006E72665F736468002F55736589
:10A3940072732F616C657862616C6477696E2F44A7
:10A3A40065736B746F702F4F70656E4E6572766552
:10A3B4002D436861726765722F4669726D776172A9
:10A3C400652F536F757263652D436F64652F7372C8
:10A3D400632F636F72655F6C617965722F73646B51
:10A3E4002F6E7266352F6E5246355F53444B5F3184
:10A3F400372E312E305F646464653536302F636FD9
:10A404006D706F6E656E74732F736F6674646576AA
:10A414006963652F636F6D6D6F6E2F6E72665F7308
:10A4240064685F626C652E630000000073645F62A1
:10A434006C655F6366675F73657428292072657451
:10A4440075726E6564202573207768656E2061746B
:10A4540074656D7074696E6720746F207365742001
:10A46400424C455F434F4E4E5F4346475F47415022
:10A474002E00000073645F626C655F6366675F73E0
:10A48400657428292072657475726E65642025735D
:10A49400207768656E20617474656D7074696E6789
:10A4A40020746F2073657420424C455F4741505FB0
:10A4B4004346475F524F4C455F434F554E542E0021
:10A4C40073645F626C655F6366675F736574282994
:10A4D4002072657475726E656420257320776865D3
:10A4E4006E20617474656D7074696E6720746F207A
:10A4F40073657420424C455F434F4E4E5F4346475D
:10A504005F474154542E000073645F626C655F635F
:10A5140066675F73657428292072657475726E6549
:10A5240064202573207768656E20617474656D708E
:10A5340074696E6720746F2073657420424C455FA4
:10A54400434F4D4D4F4E5F4346475F56535F5555FE
:10A5540049442E0073645F626C655F6366675F7372
:10A56400657428292072657475726E65642025737C
:10A57400207768656E20617474656D7074696E67A8
:10A5840020746F2073657420424C455F47415454D6
:10A59400535F4346475F415454525F5441425F53B3
:10A5A400495A452E0000000073645F626C655F6366
:10A5B40066675F73657428292072657475726E65A9
:10A5C40064202573207768656E20617474656D70EE
:10A5D40074696E6720746F2073657420424C455F04
:10A5E40047415454535F4346475F5345525649438A
:10A5F400455F4348414E4745442E0000496E7375FC
:10A604006666696369656E742052414D20616C6CA5
:10A614006F636174656420666F722074686520538B
:10A624006F66744465766963652E00004368616EE5
:10A634006765207468652052414D2073746172749B
:10A64400206C6F636174696F6E2066726F6D203069
:10A6540078257820746F20307825782E000000004B
:10A664004D6178696D756D2052414D2073697A652D
:10A6740020666F72206170706C69636174696F6EBB
:10A6840020697320307825782E00000073645F629F
:10A694006C655F656E61626C6528292072657475EE
:10A6A400726E65642025732E000000006E72665F72
:10A6B4007364685F626C6500536F43206576656EF2
:10A6C400743A20307825782E000000002F557365E9
:10A6D40072732F616C657862616C6477696E2F4464
:10A6E40065736B746F702F4F70656E4E657276650F
:10A6F4002D436861726765722F4669726D77617266
:10A70400652F536F757263652D436F64652F737284
:10A71400632F636F72655F6C617965722F73646B0D
:10A724002F6E7266352F6E5246355F53444B5F3140
:10A73400372E312E305F646464653536302F636F95
:10A744006D706F6E656E74732F736F667464657667
:10A754006963652F636F6D6D6F6E2F6E72665F73C5
:10A7640064685F736F632E63000000006E72665F3F
:10A774007364685F736F6300426C655374617465DE
:10A784004D616368696E6500426C6549646C65007F
:10A7940054696D656F75742074696D657220657890
:10A7A40070697265642E0000426C6554696D656F52
:10A7B400757454696D6572005374617274696E675F
:10A7C4002074696D656F75742074696D65722E00EF
:10A7D40053746F7070696E672074696D656F7574FA
:10A7E4002074696D65722E0053746F7070696E67A2
:10A7F400207363616E2E00005363616E2074696D73
:10A804006564206F75742E0046696C746572206DE2
:10A81400617463682E00000057686974656C69731D
:10A824007420616476207265706F72742E0000006B
:10A83400426C65537562737974656D3A20496E692B
:10A844007469616C697A6564200A0000426C650071
:10A85400504D43205374617465204D616368696E83
:10A86400653A204368617267696E67204261747457
:10A8740065727920456E7472790A0000504D432048
:10A884005374617465204D616368696E653A5374ED
:10A89400617465204368617267696E672042617400
:10A8A4007465727920446973706174636845766570
:10A8B4006E740A00504D43205374617465204D61D9
:10A8C4006368696E653A20496E76616C69642045F7
:10A8D40076656E740A000000504D43205374617411
:10A8E40065204D616368696E653A2050696E672022
:10A8F400506F72740A000000504D43205374617409
:10A9040065204D616368696E65204368617267699B
:10A914006E67204261747465727920737461746522
:10A924003A204261747465727920537461727420A0
:10A934004368617267696E670A000000504D4320E6
:10A944005374617465204D616368696E6520436862
:10A95400617267696E6720426174746572792073ED
:10A96400746174653A204261747465727920467525
:10A974006C6C20436861726765640A00504D432023
:10A984005374617465204D616368696E6520436822
:10A99400617267696E6720426174746572792073AD
:10A9A400746174653A2042617474657279204368F5
:10A9B400617267696E670A00504D43205374617475
:10A9C40065204D616368696E6520436861726769DB
:10A9D4006E67204261747465727920737461746562
:10A9E4003A20426174746572792050726573656EA1
:10A9F4007420496E64696361746F720A0000000018
:10AA0400504D43205374617465204D616368696ED1
:10AA140065204368617267696E672042617474657A
:10AA240072792073746174653A20504D43204661F5
:10AA3400756C7420436F6E646974696F6E0A0000EC
:10AA44002F55736572732F616C657862616C6477DE
:10AA5400696E2F4465736B746F702F4F70656E4E03
:10AA6400657276652D436861726765722F466972F7
:10AA74006D776172652F536F757263652D436F64D3
:10AA8400652F7372632F736572766963655F6C619A
:10AA94007965722F706D632F73746174655F6D6176
:10AAA4006368696E652F7376635F706D635F73743B
:10AAB4006174655F6368617267696E675F62617420
:10AAC400746572792E63707000000000504D43204D
:10AAD4005374617465204D616368696E653A2043FF
:10AAE40068617267696E6720426174746572792067
:10AAF400457869740A000000504D43205374617412
:10AB040065204D616368696E653A20456E61626CCB
:10AB14006520456E7472790A00000000504D432090
:10AB24005374617465204D616368696E653A53744A
:10AB3400617465456E61626C65204469737061740B
:10AB440063684576656E740A00000000504D43202A
:10AB54005374617465204D616368696E6520456E48
:10AB640061626C652073746174653A20504D4320B2
:10AB74004661756C7420436F6E646974696F6E0A04
:10AB8400000000002F55736572732F616C65786245
:10AB9400616C6477696E2F4465736B746F702F4FAB
:10ABA40070656E4E657276652D4368617267657275
:10ABB4002F4669726D776172652F536F7572636585
:10ABC4002D436F64652F7372632F736572766963A7
:10ABD400655F6C617965722F706D632F7374617436
:10ABE400655F6D616368696E652F7376635F706D11
:10ABF400635F73746174655F656E61626C652E6317
:10AC040070700000504D43205374617465204D6191
:10AC14006368696E653A20456E61626C65204578AB
:10AC240069740A00504D43205374617465204D616A
:10AC34006368696E653A2049646C6520456E747278
:10AC4400790A0000504D43205374617465204D61AE
:10AC54006368696E653A2049646C65204578697457
:10AC64000A000000504D43205374617465204D6107
:10AC74006368696E653A2049646C65204469737041
:10AC8400617463684576656E740A0000504D432014
:10AC94005374617465204D616368696E653A204937
:10ACA4006E697469616C697A650A00002F55736571
:10ACB40072732F616C657862616C6477696E2F447E
:10ACC40065736B746F702F4F70656E4E6572766529
:10ACD4002D436861726765722F4669726D77617280
:10ACE400652F536F757263652D436F64652F73729F
:10ACF400632F736572766963655F6C617965722F22
:10AD0400706D632F73746174655F6D616368696EE0
:10AD1400652F7376635F706D635F73746174655FD1
:10AD240069646C652E63707000000000504D430030
:10AD340049646C6500000000456E61626C6500004A
:10AD44004368617267696E672042617474657279E1
:10AD540000000000504D43204D616E616765723AFA
:10AD640020436F6E6669674770696F730A0000005D
:10AD7400504D43204D616E616765723A20496E699A
:10AD8400740A0000504D43204D616E616765723A4C
:10AD940020456E61626C65566363526567756C61CC
:10ADA400746F720A00000000504D43204D616E61C3
:10ADB4006765723A2044697361626C6556636352D5
:10ADC4006567756C61746F720A000000504D432012
:10ADD4004D616E616765723A20456E61626C6542D1
:10ADE400617474657279436861726765720A000000
:10ADF400504D43204D616E616765723A204469731A
:10AE040061626C65426174746572794368617267EA
:10AE140065720A00504D43204D616E616765723A58
:10AE24002047657442617474657279566F6C7461FD
:10AE340067650A00504D43204D616E616765723A43
:10AE44002052656164426174746572794368617209
:10AE540067657250726573656E74496E6469636187
:10AE6400746F720A00000000504D43204D616E6102
:10AE74006765723A205265616442617474657279DF
:10AE8400436861726765496E64696361746F725087
:10AE9400696E0A00504D43204D616E616765723AD8
:10AEA4002052656164426174746572794661737499
:10AEB400436861726765496E64696361746F720A9D
:10AEC40000000000504D4320506F72743A204578C2
:10AED40065637574654576656E740A0044626743FC
:10AEE4006F6E736F6C6500003D3D3D3D3D3D3D3DE6
:10AEF4003D3D3D3D3D3D3D3D3D3D3D3D3D3D3D3D7E
:10AF04003D3D3D3D3D3D3D3D3D3D3D3D3D3D3D3D6D
:10AF14003D3D3D3D3D3D3D3D3D3D3D3D3D0A00000A
:10AF24005B4D414E55414C5D2044454255472042BE
:10AF340055494C44202D206D616E75616C20636F02
:10AF44006E74726F6C20617661696C61626C650A03
:10AF5400000000005B4D414E55414C5D2052756E22
:10AF64006E696E67206E6F726D616C206175746FAF
:10AF74006D6174696320636F6E74726F6C2E205000
:10AF84007265737320276D2720746F2074616B655D
:10AF9400206F7665722E0A005B4D414E55414C5D23
:10AFA40020416C726561647920696E206D616E75F3
:10AFB400616C206D6F64650A000000005B4D414EBA
:10AFC40055414C5D204D616E75616C2074616B65FB
:10AFD4006F766572207265717565737465640A00B5
:10AFE4005B4D414E55414C5D204E6F7420696E207F
:10AFF4006D616E75616C206D6F64650A0000000000
:10B004005B4D414E55414C5D204578697420726515
:10B01400717565737465640A000000005B4D414EF0
:10B0240055414C5D204D616E75616C20636F6E748B
:10B03400726F6C2044495341424C4544202D206397
:10B044006F696C206F66662C207261696C20646F76
:10B05400776E2C206261636B20746F20537461746B
:10B0640065576169740A00005B4D414E55414C5D62
:10B0740020507265737320427574746F6E20312092
:10B08400666F722061206E6F726D616C20617574E1
:10B094006F6D617469632073657373696F6E2E0AD3
:10B0A400000000005B4D414E55414C5D204C6576DF
:10B0B400656C2025642061626F7665206D61786916
:10B0C4006D756D2025642C20636C616D70696E67ED
:10B0D4000A0000005B4D414E55414C5D20505448E0
:10B0E400206C6576656C20256420282564206D56C7
:10B0F400290A00005B4D414E55414C5D20416C7264
:10B1040065616479206174206D696E696D756D2067
:10B114006C6576656C20300A000000005B4D414E82
:10B1240055414C5D20416C726561647920617420E5
:10B134006D6178696D756D206C6576656C2025642C
:10B144000A0000005B4D414E55414C5D20436F6940
:10B154006C20535441525420726571756573746543
:10B1640064206174206C6576656C20256420282534
:10B1740064206D56290A00005B4D414E55414C5DDB
:10B1840020436F696C2053544F502072657175656C
:10B19400737465640A0000005B4D414E55414C5D7B
:10B1A4002049504720626974733A206E6F206164AD
:10B1B400766572746973656D656E74207265636516
:10B1C40069766564207965740A0000005B4D414E20
:10B1D40055414C5D2049504720626974733A2056AA
:10B1E400524543545F4445546E3D256420565245B0
:10B1F40043545F4F56506E3D256420434847315FAA
:10B204004F56505F4552526E3D25642043484732A5
:10B214005F4F56505F4552526E3D25642050474F54
:10B224004F443D256420434847323D25640A0000CD
:10B234005B4D414E55414C5D206D2F6E20656E7403
:10B2440065722F65786974206D616E75616C20205C
:10B2540020732F7820636F696C2073746172742F6C
:10B2640073746F700A0000005B4D414E55414C5D94
:10B27400202B2F2D207374657020505448202020DB
:10B28400202020202020202020302D392C612C62E9
:10B294002C63207365742050544820302D31320AB9
:10B2A400000000005B4D414E55414C5D203F202085
:10B2B40020737461747573202020202020202020A6
:10B2C400202020202068202020746869732068656D
:10B2D4006C700A005B4D414E55414C5D204D414E12
:10B2E40055414C20434F4E54524F4C20454E414201
:10B2F4004C45440A000000005B4D414E55414C5DF5
:10B3040020416E79206368617267696E6720737487
:10B314006F707065642E20436F696C204F46462021
:10B32400756E74696C202773272E0A005B4D414E9D
:10B3340055414C5D20546865726D616C20616E648A
:10B34400204F565020617265205741524E2D4F4E6A
:10B354004C592E20427574746F6E203120646973C9
:10B3640061626C65642E0A005B4D414E55414C5D33
:10B37400202D2D2D20737461747573202D2D2D0AAD
:10B38400000000004D414E55414C00004155544FC2
:10B39400000000004F4E00004F4646005B4D414EFA
:10B3A40055414C5D206D6F64653D257320636F6965
:10B3B4006C3D25732070617573655F6D61736B3DC2
:10B3C400307825303258206170703D25730A0000B2
:10B3D4005B4D414E55414C5D20505448206C657680
:10B3E400656C3D256420282564206D5629206D61F7
:10B3F400783D25640A0000005B4D414E55414C5D8B
:10B40400206F76705F6365696C696E673D256420A3
:10B4140070676F6F645F666C6F6F723D2564206642
:10B424006C6F6F725F666F756E643D256420616436
:10B43400765F636F756E743D25640A005B4D414E03
:10B4440055414C5D20646561642D6D616E3A202523
:10B454006420732072656D61696E696E670A00000D
:10B464005B4D414E55414C5D2049676E6F72696E6C
:10B47400672027256327202D206E6F7420696E2096
:10B484006D616E75616C206D6F64652E2050726500
:10B49400737320276D272066697273742E0A000067
:10B4A4005B4D414E55414C5D20556E6B6E6F776E12
:10B4B40020636F6D6D616E6420272563272E2050F5
:10B4C400726573732027682720666F722068656C25
:10B4D400702E0A005B4D414E55414C5D2044656120
:10B4E400642D6D616E20636C65617265642E20430A
:10B4F4006F696C207374696C6C206F6666202D20F4
:10B5040070726573732027732720746F20726573BC
:10B51400746F72652E0A00005B4D414E55414C5DBF
:10B5240020446561642D6D616E2074696D656F756D
:10B5340074206166746572202564206D73207769B8
:10B544007468206E6F20696E707574202D20706190
:10B554007573696E6720636F696C0A0057505420D5
:10B564005374617465204D616368696E653A204364
:10B5740068617267696E6720457869740A00000023
:10B58400575054205374617465204D616368696E2B
:10B59400653A204368617267696E6720456E74720C
:10B5A400790A0000575054205374617465204D612A
:10B5B4006368696E653A5374617465436861726760
:10B5C400696E672044697370617463684576656E5B
:10B5D400740A0000575054205374617465204D61FF
:10B5E4006368696E653A20496E76616C69642045CA
:10B5F40076656E740A0000005750542053746174C9
:10B6040065204D616368696E653A2050696E6720F4
:10B61400506F72740A0000005750542053746174C0
:10B6240065204D616368696E653A20575054205017
:10B634006F776572204F6E0A000000005750542047
:10B644005374617465204D616368696E653A20576F
:10B654005054205374617274205363616E0A000065
:10B66400575054205374617465204D616368696E4A
:10B674006520536C6F7743686172676520737461EA
:10B6840074653A20575054204661756C7420436F9A
:10B694006E646974696F6E0A00000000575054208C
:10B6A4005374617465204D616368696E653A204224
:10B6B400617474657279204368617267696E670AA0
:10B6C40000000000575054205374617465204D618C
:10B6D4006368696E65204368617267696E67207389
:10B6E400746174653A2057505420536C6F7720432B
:10B6F4006861726765202D20636F6C6420737461C8
:10B70400727420706F7765720A00000057505420DD
:10B714005374617465204D616368696E653A2042B3
:10B724006174746572792043686172676564202866
:10B734005750542073687574646F776E207669610E
:10B7440020617070206C61796572290A0000000024
:10B75400575054205374617465204D616368696E59
:10B764006520536C6F7743686172676520737461F9
:10B7740074653A20575054205363616E2054696DA8
:10B78400656F75740A000000575054205374617437
:10B7940065204D616368696E6520536C6F774368FB
:10B7A400617267652073746174653A205750542040
:10B7B40041646A75737420506F7765720A000000E3
:10B7C400575054205374617465204D616368696EE9
:10B7D400653A204661756C74207061757365202D1F
:10B7E4002073757370656E64696E6720706F77651A
:10B7F40072207472616E736665720A005750542029
:10B804005374617465204D616368696E653A2046BE
:10B8140061756C7420726573756D65202D20726579
:10B8240073746F72696E6720706F776572207472BB
:10B83400616E736665720A005750542053746174C4
:10B8440065204D616368696E653A2049646C6520C2
:10B85400456E7472790A0000575054205374617411
:10B8640065204D616368696E653A2049646C6520A2
:10B87400457869740A000000575054205374617469
:10B8840065204D616368696E653A2049646C652082
:10B8940044697370617463684576656E740A000068
:10B8A400575054205374617465204D616368696E08
:10B8B400653A20496E697469616C697A650A0000A9
:10B8C400575054005465737400000000536C6F7734
:10B8D40020436861726765004368617267696E67D7
:10B8E40000000000575054205374617465204D616A
:10B8F4006368696E653A20536C6F772043686172A0
:10B904006765200A00000000575054205374617486
:10B9140065204D616368696E653A20536C6F7720CA
:10B924004368617267650A00575054205374617408
:10B9340065204D616368696E6520536C6F77436859
:10B94400617267652073746174653A20496E76612B
:10B954006C6964204576656E740A00005750542063
:10B964005374617465204D616368696E6520536C1E
:10B974006F774368617267652073746174653A20F8
:10B9840050696E6720506F72740A0000575054203B
:10B994005374617465204D616368696E6520536CEE
:10B9A4006F774368617267652073746174653A20C8
:10B9B40057505420506F776572204F6E0A00000074
:10B9C400575054205374617465204D616368696EE7
:10B9D4006520536C6F774368617267652073746187
:10B9E40074653A20575054205363616E0A00000076
:10B9F400575054205374617465204D616368696EB7
:10BA04006520536C6F774368617267652073746156
:10BA140074653A205750542053746F7020536361F7
:10BA24006E0A0000575054205374617465204D61B0
:10BA34006368696E6520536C6F77436861726765EC
:10BA44002073746174653A204661756C742070616A
:10BA5400757365202D2073757370656E64696E67E8
:10BA640020706F776572207472616E736665720AF6
:10BA740000000000575054205374617465204D61D8
:10BA84006368696E6520536C6F774368617267659C
:10BA94002073746174653A204661756C7420726514
:10BAA40073756D65202D20726573746F72696E678E
:10BAB40020706F776572207472616E736665720AA6
:10BAC40000000000575054205374617465204D6188
:10BAD4006368696E653A205465737420456E7472A8
:10BAE400790A0000575054205374617465204D61E5
:10BAF4006368696E653A2054657374204578697487
:10BB04000A000000575054205374617465204D613D
:10BB14006368696E653A2054657374204469737070
:10BB2400617463684576656E740A0000575054204A
:10BB34005374617465204D616368696E653A20577A
:10BB440050542053746F70205363616E0A000000D8
:10BB5400575054205374617465204D616368696E55
:10BB6400653A2057505420506F776572204F6666AF
:10BB74000A000000575054205374617465204D61CD
:10BB84006368696E653A20575054204661756C7439
:10BB940020436F6E646974696F6E0A0057505420B5
:10BBA4004D616E616765723A2053746174757354A4
:10BBB400696D656F75744D6F6E69746F72696E67C8
:10BBC4000A00000057707453746174757354696D7E
:10BBD4006572000057707453746174757354696DA1
:10BBE400656F757454696D65720000005770744612
:10BBF40061756C744D6F6E69746F72005770745018
:10BC04006F7765724374726C000000005770744360
:10BC14006F6C6453746172740000000057505420B8
:10BC24004D616E616765723A20436F6E666967475E
:10BC340070696F730A00000043616C6C20612068B6
:10BC4400616C5F646163206D6574686F64207468FF
:10BC5400617420636F6E666967206770696F730A29
:10BC64000000000043616C6C20612068616C5F77A8
:10BC74007074206D6574686F6420746861742063E7
:10BC84006F6E666967206770696F730A0000000051
:10BC940064697361626C656400000000616C7265C4
:10BCA400616479206F666600575054204D616E615F
:10BCB4006765723A205061757365577074207265B8
:10BCC40061736F6E203078253032582C206D61738B
:10BCD4006B206E6F77203078253032582C20636FBC
:10BCE400696C2025730A0000575054204D616E6121
:10BCF4006765723A20526573756D6557707420726A
:10BD04006561736F6E2030782530325820636C651E
:10BD1400617265642C20636F696C2072652D656E99
:10BD240061626C6564206174206C6576656C2025A5
:10BD3400640A0000575054204D616E616765723A81
:10BD440020526573756D6557707420726561736FE9
:10BD54006E2030782530325820636C6561726564DA
:10BD640020627574206D61736B207374696C6C2030
:10BD74003078253032582C20636F696C20737461DD
:10BD84007973206F66660A00575054204D616E61C6
:10BD94006765723A2053746F705770745363616EA1
:10BDA4000A000000575054204D616E616765723A75
:10BDB4002047657454656D70657261747572650AA7
:10BDC40000000000575054204D616E616765723A5F
:10BDD4002047657443686172676553746174757351
:10BDE4000A000000575054204D616E616765723A35
:10BDF400205374617475732070696E2076616C755C
:10BE0400653A202564200A00575054204D616E6124
:10BE14006765723A205374617274537461747573F4
:10BE240054696D656F757454696D65720A0000001C
:10BE3400575054204D616E616765723A20537461A6
:10BE440072745374617475734D6F6E69746F726933
:10BE54006E670A00575054204D616E616765723AEF
:10BE640020456E61626C65577074207375707072D2
:10BE740065737365642C206661756C74206D6173E1
:10BE84006B20307825303258207374696C6C2073C1
:10BE940065740A00575054204D616E616765723AAB
:10BEA40020456E61626C655770740A0057505420C7
:10BEB4004D616E616765723A2053746F705374619B
:10BEC4007475734D6F6E69746F72696E670A0000E2
:10BED400575054204D616E616765723A2053746106
:10BEE400727449706754656D7065726174757265BA
:10BEF4004D6F6E69746F72696E6754696D65720A0D
:10BF040000000000575054204D616E616765723A1D
:10BF1400204661756C74206D6F6E69746F72696E02
:10BF240067206F6E6C792028706F77657220636F5D
:10BF34006E74726F6C2074696D6572206E6F7420FC
:10BF440073746172746564290A00000057505420A8
:10BF54004D616E616765723A2053746F7049706702
:10BF640054656D70657261747572654D6F6E697438
:10BF74006F72696E6754696D65720A005750542078
:10BF84004D616E616765723A204950472074686557
:10BF9400726D6973746F7220726573697374616E04
:10BFA40063653A2025640000575054204D616E614A
:10BFB4006765723A2054656D706572617475726557
:10BFC40020696E746572706F6C6174696F6E20663F
:10BFD40061696C6564202D20706F737369626C6590
:10BFE400206C6F6F6B7570207461626C65206F726A
:10BFF400646572696E67206973737565000000007B
:10C00400575054204D616E616765723A204950471C
:10C0140020746865726D6973746F722072656164EF
:10C02400696E6720696D706C61757369626C6520F7
:10C03400287265663D2564206F75743D2564206F04
:10C044006673743D2564206D56292C2069676E6FD4
:10C05400726564202D206E6F20746865726D616C4A
:10C06400206465636973696F6E20746869732074F2
:10C0740069636B0A00000000575054204D616E61E3
:10C084006765723A204950472054656D7065726146
:10C09400747572652025642E2530326420430A00AD
:10C0A400575054204D616E616765723A207468651B
:10C0B400726D20726177207265663D2564206F750C
:10C0C400743D2564206F6673743D2564206D560AA3
:10C0D400000000005B4D414E55414C5D20574152DC
:10C0E4004E20746865726D616C3A20495047202572
:10C0F400642E253032642043203E3D2025642043B5
:10C10400207061757365207468726573686F6C6400
:10C11400202869676E6F726564290A00575054209D
:10C124004D616E616765723A204950472074656DB0
:10C1340070657261747572652025642E25303264D1
:10C14400204320726561636865642070617573655E
:10C15400207468726573686F6C64202825642043BA
:10C16400292C2070617573696E6720706F77657212
:10C17400207472616E73666572000000575054201B
:10C184004D616E616765723A204950472074656D50
:10C1940070657261747572652025642E2530326471
:10C1A40020432061742F62656C6F7720726573750C
:10C1B4006D65207468726573686F6C6420282564EB
:10C1C40020432920616674657220256420746963A4
:10C1D4006B732C20726573756D696E6720706F7751
:10C1E4006572207472616E736665720057505420D4
:10C1F4004D616E616765723A2053657450756C7356
:10C204006557696474685468726573686F6C6453C5
:10C214007465700A00000000575054204D616E612F
:10C224006765723A20506F77657220636F6E74721F
:10C234006F6C2072657365742C206C6576656C2058
:10C2440025640A00575054204D616E616765723A47
:10C254002044697361626C655770740A00000000C1
:10C26400575054204D616E616765723A204D616E7E
:10C2740075616C2069646C65202D20636F696C2086
:10C284006F66662C206C6576656C2025642C2066B0
:10C2940061756C74206D6F6E69746F72696E67205E
:10C2A4006F6E6C790A000000575054204D616E6126
:10C2B4006765723A20436F6C6420737461727420F2
:10C2C4006174206C6576656C2025642C206573632D
:10C2D400616C6174696E6720746F206D6178206988
:10C2E4006E202564206D73206966206E6F2049508E
:10C2F40047206164766572746973656D656E740A4E
:10C3040000000000575054204D616E616765723A19
:10C3140020436F6C6420737461727420657363616D
:10C324006C6174696F6E20736B69707065642C2026
:10C3340049504720616C7265616479206164766557
:10C3440072746973696E670A0000000057505420C4
:10C354004D616E616765723A20436F6C642073743B
:10C3640061727420657363616C6174696E672074B3
:10C374006F206D6178696D756D20706F7765722CB3
:10C38400207374696C6C206E6F204950472061647F
:10C39400766572746973656D656E740A00000000D9
:10C3A400575054204D616E616765723A2049504779
:10C3B4002062617474657279204F565020666C61F6
:10C3C400672061737365727465642028434847313C
:10C3D4005F4F56505F4552526E3D25642043484797
:10C3E400325F4F56505F4552526E3D25642C2030CB
:10C3F400203D206661756C7429206174206C65761B
:10C40400656C2025642C2050474F4F443D25642003
:10C414002D206C6F67676564206F6E6C792C2063C8
:10C424006F696C20756E61666665637465640A0085
:10C43400575054204D616E616765723A20495047E8
:10C444002062617474657279204F565020666C6165
:10C45400677320636C6561726564202843484731C3
:10C464005F4F56505F4552526E3D25642043484706
:10C47400325F4F56505F4552526E3D25642920610C
:10C4840074206C6576656C2025642C2050474F4FD2
:10C49400443D25640A0000005B4D414E55414C5D0E
:10C4A400205741524E206F76703A205652454354DD
:10C4B4005F4F56506E3D30206174206C6576656C1C
:10C4C4002025642C206368617267656420746F2082
:10C4D40025642C206365696C696E672025642C20B3
:10C4E40069676E6F7265640A00000000575054203B
:10C4F4004D616E616765723A2049504720726563E9
:10C50400746966696572204F565020285652454317
:10C51400545F4F56506E3D3029206174206C65760F
:10C52400656C2025642C20636861726765642074DF
:10C534006F2025642C206365696C696E672025640F
:10C544002C2070617573696E670000005750542089
:10C554004D616E616765723A2056524543545F4F90
:10C5640056506E207374696C6C203020616674655B
:10C5740072202564207469636B732C207374617951
:10C58400696E67207061757365640A0057505420A2
:10C594004D616E616765723A2056524543545F4F50
:10C5A40056506E20636C65617265642061667465C3
:10C5B40072202564207469636B732C207265737513
:10C5C4006D696E67206F6E65207374657020646F8B
:10C5D400776E206174206C6576656C2025640A0092
:10C5E400575054204D616E616765723A20466175FB
:10C5F4006C744D6F6E69746F72696E670A00000027
:10C60400575054204D616E616765723A20506F77C0
:10C61400657220636F6E74726F6C20736B697070D7
:10C6240065642C206661756C74206D61736B2030B9
:10C634007825303258206F776E7320746865206CCB
:10C644006576656C0A000000575054204D616E6198
:10C654006765723A20506F77657220636F6E7472EB
:10C664006F6C20626C616E6B6564206166746572C8
:10C67400206661756C7420726573756D652C202558
:10C6840064206379636C6573206C6566740A0000CA
:10C69400575054204D616E616765723A20506F7730
:10C6A400657220636F6E74726F6C20736B69707047
:10C6B40065642C206E6F206E657720495047206199
:10C6C40064766572746973656D656E742073696EE2
:10C6D4006365206C61737420737465700A000000D4
:10C6E400575054204D616E616765723A20436C6FF8
:10C6F400736564206C6F6F70207374617274696EFB
:10C7040067206174206C6576656C2025640A0000DE
:10C71400575054204D616E616765723A20506F77AF
:10C72400657220636F6E74726F6C206C6576656CD5
:10C734003D25642070676F6F643D256420666C6FCF
:10C744006F725F666F756E643D2564206F76705FEF
:10C754006365696C696E673D25642070676F6F64FB
:10C764005F666C6F6F723D25640000005750542063
:10C774004D616E616765723A20486F6C64696E67DB
:10C78400206174206C6576656C2025640A000000C5
:10C79400575054204D616E616765723A2050474F7F
:10C7A4004F44207361746973666965642C207374E3
:10C7B400657070696E6720646F776E20746F206C8B
:10C7C4006576656C2025640A0000000057505420EB
:10C7D4004D616E616765723A2050474F4F44207334
:10C7E4006174697366696564206174206D696E693A
:10C7F4006D756D206C6576656C2C20666C6F6F7240
:10C8040020666F756E640A00575054204D616E6146
:10C814006765723A2050474F4F44206C6F7720254C
:10C82400642F2564206174206C6576656C20256412
:10C834002C2077616974696E6720666F7220636F5C
:10C844006E6669726D6174696F6E0A005750542088
:10C854004D616E616765723A204E6F207669616240
:10C864006C6520706F776572206C6576656C202D21
:10C87400204F5650206365696C696E6720256420DB
:10C884006174206F722062656C6F772050474F4F40
:10C894004420666C6F6F722025642E20436C616D9A
:10C8A40070696E6720746F2025640000575054200F
:10C8B4004D616E616765723A2050474F4F44206C5A
:10C8C4006F77206174206D6178696D756D206C657A
:10C8D40076656C2025642C206E6F7468696E672001
:10C8E4006675727468657220746F20676976650A6C
:10C8F40000000000575054204D616E616765723A24
:10C904002050474F4F44206C6F772C207374657010
:10C9140070696E6720757020746F206C6576656C25
:10C924002025640A00000000575054204D616E61B8
:10C934006765723A20496E69740A000057505420A2
:10C94400506F72743A2045786563757465457665F1
:10C954006E740A002F55736572732F616C6578626B
:10C96400616C6477696E2F4465736B746F702F4FBD
:10C9740070656E4E657276652D4368617267657287
:10C984002F4669726D776172652F536F7572636597
:10C994002D436F64652F7372632F636F72655F6CD1
:10C9A400617965722F73646B2F6E7266352F6E52C8
:10C9B40046355F53444B5F31372E312E305F64640C
:10C9C40064653536302F65787465726E616C2F66D8
:10C9D40072656572746F732F736F757263652F70F0
:10C9E4006F727461626C652F4D656D4D616E672F5A
:10C9F400686561705F312E63000000002F55736518
:10CA040072732F616C657862616C6477696E2F4410
:10CA140065736B746F702F4F70656E4E65727665BB
:10CA24002D436861726765722F4669726D77617212
:10CA3400652F536F757263652D436F64652F737231
:10CA4400632F636F72655F6C617965722F73646BBA
:10CA54002F6E7266352F6E5246355F53444B5F31ED
:10CA6400372E312E305F646464653536302F657837
:10CA74007465726E616C2F6672656572746F732F64
:10CA8400706F727461626C652F434D5349532F6EFE
:10CA9400726635322F706F72745F636D7369732EB3
:10CAA400630000002F55736572732F616C657862A3
:10CAB400616C6477696E2F4465736B746F702F4F6C
:10CAC40070656E4E657276652D4368617267657236
:10CAD4002F4669726D776172652F536F7572636546
:10CAE4002D436F64652F7372632F636F72655F6C80
:10CAF400617965722F73646B2F6E7266352F6E5277
:10CB040046355F53444B5F31372E312E305F6464BA
:10CB140064653536302F65787465726E616C2F6686
:10CB240072656572746F732F736F757263652F719D
:10CB3400756575652E6300002F55736572732F61DB
:10CB44006C657862616C6477696E2F4465736B748D
:10CB54006F702F4F70656E4E657276652D436861F8
:10CB6400726765722F4669726D776172652F536FB4
:10CB7400757263652D436F64652F7372632F636FE2
:10CB840072655F6C617965722F73646B2F6E726668
:10CB9400352F6E5246355F53444B5F31372E312E5D
:10CBA400305F646464653536302F65787465726E01
:10CBB400616C2F6672656572746F732F736F757213
:10CBC40063652F7461736B732E63000049444C4595
:10CBD40000000000546D7251000000002F55736571
:10CBE40072732F616C657862616C6477696E2F442F
:10CBF40065736B746F702F4F70656E4E65727665DA
:10CC04002D436861726765722F4669726D77617230
:10CC1400652F536F757263652D436F64652F73724F
:10CC2400632F636F72655F6C617965722F73646BD8
:10CC34002F6E7266352F6E5246355F53444B5F310B
:10CC4400372E312E305F646464653536302F657855
:10CC54007465726E616C2F6672656572746F732F82
:10CC6400736F757263652F74696D6572732E6300DB
:10CC7400546D722053766300000000000000000031
:10CC8400A577020000000000000000006D7802009B
:10CC9400C1780200EB7802000000000000000000F0
:10CCA4007979020077790200C97902000000000056
:10CCB40000000000FD7902000D7B0200697A020089
:10CCC4000000000000000000517B0200F97B02001C
:10CCD4006D7B020000000000000000002B7C0200BD
:10CCE400157C02006B7C02000000000000000000C4
:10CCF400237D0200697D0200257D02000000000002
:10CD040000000000777D0200000000000000000029
:10CD14000000000000000000000000001583020075
:10CD24001783020000000000000000000000000063
:10CD340019830200010006005A620200010100008A
:10CD440003000200000000000000000000000000DA
:10CD5400000000000000000000000000058902003F
:10CD64005F8902000F0000010001020304050608A8
:10CD7400090A0B0000000002010000000B00000083
:10CD84000000000029000000280000000800000046
:10CD94000000000000000000000000000338FDD87F
:10CDA400704700000E0000000100000001000000B8
:10CDB4000000000000000000000000000EFFFFFF64
:10CDC4000600000014000000000102030405060030
:10CDD40000000000003000400000000001000000DE
:10CDE40001000000004000400100000001000000BC
:10CDF4000080004000040000009000400104000096
:10CE040000A000400204000000A00140030600004E
:10CE140000B001400406000000000306000000000A
:10CE24002E310100010200002E3101000101000039
:10CE340000000000010000000100FFFF00000000EE
:10CE4400010000000100010044CE030001000100C4
:10CE540040CE030081BB0200F9A10200C1BC020064
:10CE640081CB0200C9A502001DA202007365635FA5
:10CE74006B65797365745F66696C6C00FFFFFFFF17
:10CE84000006FF0000000040000000000000005009
:10CE9400000300505DE8020071E8020085E802002A
:10CEA4000000FFFFDEC0ADDEFE011EF1DEC0ADDE20
:10CEB400FF011EF1B0920300F09203000000000095
:10CEC4004C93030098930300E493030000000000D4
:10CED400000000003094030048940300B49403005D
:10CEE4002095030064950300A8950300000000004A
:10CEF40000000000B0920300EC9503004896030084
:10CF0400D0960300000000000000000000000000B4
:10CF140000000000049703003897030030313233D7
:10CF24003435363738394142434445466E72665F7C
:10CF34006673746F726167655F6572617365000023
:10CF44006E72665F6673746F726167655F7772692C
:10CF540074650000000000005C9C030001000000F8
:10CF6400689C030002000000889C0300030000008A
:10CF7400AC9C030004000000C09C030005000000FA
:10CF8400D49C030006000000E89C03000700000096
:10CF9400009D030008000000189D03000900000024
:10CFA400309D03000A0000004C9D03000B000000AC
:10CFB400649D03000C0000007C9D03000D00000034
:10CFC400909D03000E000000A49D03000F000000CC
:10CFD400B49D030010000000C89D03001100000070
:10CFE400E09D030012000000F09D03001300000008
:10CFF400089E0300800000001C9E030081000000C6
:10D00400409E0300820000005C9E03008300000039
:10D01400789E030084000000989E030085000000B1
:10D02400BC9E030086000000E49E03009000000004
:10D03400FC9E0300910000001C9F0300920000006E
:10D044003C9F030000820000549F03000182000003
:10D05400749F030002820000909F0300008400007C
:10D06400AC9F030001840000D09F030002840000F1
:10D07400FC9F03000384000024A00300556E6B6E24
:10D084006F776E206572726F7220636F6465000043
:10D094000000000000000000000000000338FDD87C
:10D0A40070470000AD0F0300AB0F0300A90F03008E
:10D0B400905100207F00000078510020E0A103007F
:10D0C40010A20300C0A1030018A2030020A20300C1
:10D0D40028A2030030A2030038A2030040A20300E8
:10D0E400000000004094030048A2030050A2030083
:10D0F40058A20300247103003471030008000000E7
:10D104001471030024710300080000000C71030073
:10D11400147103000800000001000007DC70030024
:10D124000C71030008000000CC700300DC700300E5
:10D13400080000000000000000000000FF230300BE
:10D144000124030003240300000000000000000089
:10D1540033240300652403003B2403000000000083
:10D16400000000001983020000000000000000001D
:10D174009527030000000000000000007128030050
:10D18400712903009D280300000000000000000036
:10D194009D290300652A0300C9290300000000003B
:10D1A40000000000912A0300B52A0300D92A0300D5
:10D1B40000000000000000001983020003000200C8
:10D1C40000000000000000007D2F030000000000AC
:10D1D400000000002D37030009370300593703000E
:10D1E4000000000000000000C5380300E938030017
:10D1F4000D39030000000000000000001983020044
:10D2040000000000000000007D3A0300593A0300CA
:10D21400A93A03000000000000000000F93B0300ED
:10D224001D3C0300413C0300070000000000000017
:10D2340000000000030000000000000000000000E7
:10D2440005000000010000000100000001000000D2
:10D2540000000000000000002F000000010000009A
:10D2640001000000030000000000000000000000B6
:10D2740014000000C0ED010019000000A0860100A8
:10D284001E000000E63601002800000078C80000F7
:10D2940032000000FE8300000000000000000000D7
:10D2A400FD4B0300EDAF16204A62304029BD56B352
:10D2B4001544E9BF77900D9CFE0B88C07E2615FAB5
:10D2C400838073400FCE674B80D541C0DCD203000E
:10D2D4000CD40300E0D2030043000000F76803000D
:10D2E40017690300236903002F6903004F690300D2
:10D2F4005B690300C36803008F68030053756E0005
:10D304004D6F6E0054756500576564005468750070
:10D314004672690053617400004A616E004665629A
:10D32400004D617200417072004D6179004A756E62
:10D33400004A756C0041756700536570004F637453
:10D34400004E6F760044656300002E000053756E36
:10D35400646179004D6F6E6461790054756573641E
:10D364006179005765646E6573646179005468750A
:10D3740072736461790046726964617900536174FF
:10D38400757264617900004A616E75617279004654
:10D3940065627275617279004D61726368004170F3
:10D3A40072696C004D6179004A756E65004A756C4E
:10D3B40079004175677573740053657074656D62A7
:10D3C4006572004F63746F626572004E6F76656DAF
:10D3D40062657200446563656D6265720000414D6B
:10D3E40000504D0000256D2F25642F257900254818
:10D3F4003A254D3A255300256120256220256520D4
:10D4040025542025590000004ED3030050D30300B7
:10D4140050D3030050D3030050D3030050D3030070
:10D4240050D3030050D3030050D3030050D3030060
:10D43400FFFFFFFFFFFFFFFFFFFFFFFFFFFF0000F6
:10D4440051D3030000D303008BD303001DD3030087
:10D45400E2D30300E9D30300F2D30300FBD30300B8
:10D464002020202020202020206828282828202050
:10D4740020202020202020202020202020202020A8
:10D484004810101010101010101010101010101060
:10D494008484848484848484848410101010101000
:10D4A4001081818181818101010101010101010159
:10D4B400010101010101010101010110101010100D
:10D4C400108282828282820202020202020202022A
:10D4D40002020202020202020202021010101020D2
:10D4E400000703200417020108571040805F5F63A0
:10D4F40078615F67756172645F6163717569726594
:10D504002064657465637465642072656375727301
:10D5140069766520696E697469616C697A61746998
:03D524006F6E0027
:10D528000100000005010000070000000090D00382
:10D53800181818181818181818000000000000000B
:10D54800FF000000102700000707FFFF070000008A
:10D55800D0D20300D0D20300D0D20300D0D203002F
:04D56800D0D203001A
:04000003200072194E
:00000001FF
