:020000022000DC
:107000000000042019720200017202004D330300D7
:1070100005720200077202000972020000000000FF
:10702000000000000000000000000000D154030038
:107030000D72020000000000F15403001172020002
:1070400089D102001372020045D8020025E902002E
:1070500039E902001372020069D70200F5DF02006D
:107060000DEC020025EC02003DEC02001372020060
:1070700013720200137202001372020013720200F4
:1070800013720200395703001372020013720200D8
:107090001372020013720200651E030013720200D5
:1070A000137202001372020055EC02006DEC020034
:1070B000E1DE020013720200000000000000000088
:1070C0001372020013720200137202004DE90200F3
:1070D0001372020013720200137202001372020094
:1070E000137202001372020013720200000000000B
:1070F0000000000013720200000000001372020082
:10710000000000000000000000000000000000007F
:10711000000000000000000000000000000000006F
:10712000000000000000000000000000000000005F
:10713000000000000000000000000000000000004F
:10714000000000000000000000000000000000003F
:10715000000000000000000000000000000000002F
:10716000000000000000000000000000000000001F
:10717000000000000000000000000000000000000F
:1071800000000000000000000000000000000000FF
:1071900000000000000000000000000000000000EF
:1071A00000000000000000000000000000000000DF
:1071B00000000000000000000000000000000000CF
:1071C00000000000000000000000000000000000BF
:1071D00000000000000000000000000000000000AF
:1071E000000000000000000000000000000000009F
:1071F000000000000000000000000000000000008F
:10720000FEE7FEE7FEE7FEE7FEE7FEE7FEE7FEE756
:10721000FEE7FEE700F002B8FFF7FCBF0F484FF0B3
:107220000701884385460E4880470E48016841F4AF
:1072300070010160BFF34F8FBFF36F8F00F01AB87A
:1072400009480A490A4A884207D0521A05D00378E9
:1072500001300B700131013AF9D170470000042070
:10726000E995020088ED00E0D07A0300082B0020A9
:107270001C2B00203A493B480A1A02D007229143AE
:107280008D46394939480A1A06D00722914381F3BD
:107290000988022282F3148835483649364A00F0BC
:1072A00041F836483649374A00F03CF83648374905
:1072B000374A00F037F837483749384A00F032F893
:1072C00037483849384A00F02DF838483849394AA3
:1072D00000F028F838483949394A00F023F839488D
:1072E0003949002200F036F838483949002200F0C8
:1072F00031F838483849091A10F06EFA374A904781
:1073000025482649884205D00268043003B49047D6
:1073100003BCF7E700208646EC4600200021304AF7
:107320009047FEE7884214D0521A12D003460B430E
:1073300013430324234206D1036804300B60043155
:10734000043AF9D17047037801300B700131013AEA
:10735000F9D17047884202D002700130FAE77047D5
:107360000000042000F80320000004200000042096
:10737000F8DC03001C2B00205C2B0020E4730200CF
:10738000E473020062790300F8DC03001C2B002088
:107390001C2B0020E47A0300E47A0300F47A030053
:1073A000E47A0300E47A0300E47A0300F47A030049
:1073B000F47A0300F7DC030038DD03005C2B0020C7
:1073C0005C2B00205C2B0020E47F0020E47F002069
:1073D000E47F002054800020548400204172020089
:0473E000196E03001F
:1073E400BFF34F8F0549CA6802F4E062044B1343AC
:1073F400CB60BFF34F8F00BFFDE700BF00ED00E09F
:107404000400FA0510B5044600F05AFD22460D2189
:10741400012000F075FF10BD10B5044600F050FDCA
:1074240022460821012000F06BFF10BD10B5044670
:1074340000F046FD22460F21012000F061FF10BD3F
:1074440010B5044600F03CFD22460E21012000F058
:1074540057FF10BD08B500F033FD002210210120B4
:1074640000F064FF08BD08B500F02AFD00221121D8
:10747400012000F05BFF08BD08B501212F2001F0B9
:1074840062FC0021142001F05EFCFFF7A9FF00005C
:1074940038B5044603461F4A43F8142B43600023BF
:1074A4008360C3601C4B03611C4B03601C4D45612E
:1074B40080611C4BC3611C4B4361056240621B4BE2
:1074C40083621B4B03620CF097FEE06225636463E6
:1074D400184BA363184B23630CF08EFEE063256402
:1074E4006464164BA364164B2364E5642465154B4E
:1074F4006365154BE3640CF07FFEA065E5652466C7
:10750400124B6366124BE3650CF076FEA0662046D0
:1075140038BD00BF74D50300F47A0300C4D403005B
:1075240060D50300F87A0300E4D40300087B030069
:10753400D0D40300287B03000CD50300107B030088
:1075440034D50300187B030020D50300307B0300EF
:10755400F8D40300034600F114020848026003F162
:107564002002426003F13002826003F14002C260F3
:1075740003F14C0202615C33436170475C2B0020D1
:107584002DE9F04F8DB0059000F09AFC06AC674DE4
:107594000FCD0FC495E8030084E80300644C654BE9
:1075A400E41AE408240444F003046349204609F07F
:1075B400ADFF6249204609F0A9FF9DF818206049F3
:1075C400204609F0A9FF9DF819205E49204609F0DC
:1075D400A3FF9DF81A8042465B49204609F09CFFB0
:1075E4009DF81B609DF81C3032465849204609F02E
:1075F4009DFF9DF81D709DF81E303A465449204663
:1076040009F094FF5349204609F080FFBDF820207B
:107614005149204609F080FFBDF822204F492046F9
:1076240009F07AFFBDF824204D49204609F074FF83
:107634000A9D1FFA85FA4FEA154B5D465B46524692
:107644004849204609F072FF4749204609F05EFF89
:10765400DDF82C905FFA89F24449204609F05CFF7A
:10766400C9F307224249204609F056FFC9F30742ED
:107674004049204609F050FFB8F1010F14BF002320
:107684000123012E21D00022012F26D00021B8F1A0
:10769400010F05D1BAF57A7F27D2B5F57A7F26D2C4
:1076A400CDF808B0CDF804A000933B4632463249E9
:1076B400204609F062FF0DF071FE059A09210220AF
:1076C40000F01EFE0DB0BDE8F08F41F203029245BA
:1076D40001D80022D8E70122D6E741F203018D4206
:1076E40001D80021D3E70121D1E7002AD8D0B5F58C
:1076F4007A7F01D30029D3D0CDF808B0CDF804A007
:1077040000933B4632461D49204609F036FF0DF0F2
:1077140045FE059C22460B21022000F0F1FD224685
:107724000C21012000F0ECFDCCE700BFAC5500209B
:10773400307A0300E0790300387B03005C7B0300AC
:10774400747B0300987B0300BC7B0300E87B03008D
:10775400207C0300587C03006C7C0300847C0300C1
:10776400987C0300AC7C0300E07C0300F47C030001
:107774000C7D0300287D0300447D0300987D0300F5
:1077840010B5044600F09CFB2046FFF7F9FE2246A4
:107794000921012000F0B4FD10BD000010B50AF06D
:1077A400EFFE0446074A032100F0A4FD064A08211F
:1077B400204600F09FFD054A0721204600F09AFD6F
:1077C40010BD00BF09740200857702001D74020019
:1077D40010B50DF0E3FD0446044A052100F08AFDCE
:1077E400034A0D21204600F085FD10BD31740200CE
:1077F4004574020008B5FFF7D1FFFFF7E9FF01F078
:10780400A5F8254B1B68BFF35B8F13F0010F15D050
:10781400224B1B68BFF35B8F13F0010F1DD0204B6D
:107824001B68BFF35B8F13F0010F25D001F01EFB23
:1078340001F0E0FA014601F024FC08BD164810F0FE
:1078440071F80028E4D00023164A1321164801F0E9
:1078540033F8114810F07AF8DAE7104810F062F8BB
:107864000028DCD00023114A0D21114801F024F82E
:107874000A4810F06BF8D2E7094810F053F80028D2
:10788400D4D000230B4A11210B4801F015F8044809
:1078940010F05CF8CAE700BF942B0020842B002072
:1078A400742B002059740200982B00206B74020082
:1078B400882B00207D740200782B002010B504462C
:1078C4000BF05CFA00220321042000F019FD0D4B9B
:1078D4000D4A9B1ADB081B040C4943F0030009F012
:1078E40015FE01F087FA012101F0F3FB0DF056FDBE
:1078F40000220321022000F003FDE0680CF0F4FDF7
:1079040010BD00BF307A0300E0790300EC7D030072
:1079140008B50AF035FE00220621032000F0F0FC31
:107924000DF03CFD00220721022000F0E9FC01F0EB
:1079340061FA002101F0CDFB08BD70B50C46466824
:107944003046FFF707FE0546A1B203390F290DD8CB
:10795400DFE801F0170C0C0C0C1C0C0C0C0D0C24A7
:107964000C082E29C168304600F031FD70BD01F0CD
:1079740041FA012101F0D6FBE968304600F027FD09
:10798400F4E7C168304600F022FDEFE70AF0F8FDA5
:1079940000220421032000F0B3FCE7E7C16830466D
:1079A40000F015FDE2E74169304600F010FDDDE727
:1079B40001F0D6F801F0EEF80028D7D101F0D0F8A4
:1079C40001F0EAF8D2E7704708B51048104BC01A26
:1079D400C00800040F4940F0030009F097FD0AF0C5
:1079E400CFFD00220221032000F08AFC0DF0D6FC1A
:1079F40000220221084600F083FC0BF0BFF90022AC
:107A04000221042000F07CFC08BD00BF307A030092
:107A1400E0790300087E030038B50C464568284623
:107A2400FFF798FDA1B20D290BD011290DD101F05A
:107A340097F801F0AFF840B901F092F801F0ACF812
:107A440003E0C168284600F0C2FC38BD10B50BF055
:107A54008FFE0BF093F900220321042000F050FC68
:107A64000AF08EFD00220421032000F049FC0DF0F1
:107A740095FC00221121022000F042FC01F0BAF929
:107A8400044605230022014601F072FA21462046ED
:107A940001F0D4FA0548064BC01AC0080004054991
:107AA40040F0020009F032FD10BD00BF307A03003F
:107AB400E0790300387E030070B50C464668304612
:107AC400FFF748FDA1B203390E2918D8DFE801F009
:107AD4000817171717231717172B1717171833001B
:107AE40005461A481A4BC01AC0080004194940F048
:107AF400020009F00BFDE968304600F068FC70BD37
:107B04001248134BC01AC0080004134940F0020085
:107B140009F0FCFCF3E70AF033FD00220421032002
:107B240000F0EEFBEBE70AF02BFD0022042103201A
:107B340000F0E6FBE3E701F013F801F02BF800286E
:107B4400DDD101F00DF801F027F8D8E7307A030011
:107B5400E0790300847E0300B47E030010B504467C
:107B64000BF0C8FCE0680CF0F9FC0DF017FC0022E7
:107B74000721022000F0C4FB0AF002FD00220621C6
:107B8400032000F0BDFB0BF0F9F8002204210846A5
:107B940000F0B6FB01F02EF9014601F072FA10BDB7
:107BA40008B50AF0EDFC00220421032000F0A8FB34
:107BB40001F020F9012101F078FA08BDF8B5054675
:107BC4000C4647683846FFF7C5FC06461B4B1C4A63
:107BD4009B1ADB081B0422461A4943F0030009F0F0
:107BE4009BFCA4B2083C0A2C0ED8DFE804F0060E75
:107BF4000D0D0D0D0D0D0D1B1600E8680CF0AEFCFF
:107C04003169384600F0E3FBF8BDE8680CF06CFC21
:107C14007168384600F0DBFBF6E77169384600F01E
:107C2400D6FBF1E700F09CFF00F0B4FF0028EBD195
:107C340000F096FF00F0B0FFE6E700BF307A0300E3
:107C4400E0790300047F030008B50DF0A7FB0022D0
:107C54000321022000F054FB01F0CCF8002101F0D4
:107C640024FA08BD08B542F210700AF039FB01F09D
:107C7400C1F8002101F041FA08BD000008B50F4821
:107C84000AF02EFB0AF07CFC00220421032000F001
:107C940037FB0DF083FB00220C21022000F030FBA7
:107CA4000BF06CF800220321042000F029FB01F002
:107CB400A1F8012101F021FA08BD00BF70F305000D
:107CC400F8B505460C4647683846FFF743FC0646B8
:107CD400A1B208390A2923D8DFE801F006232222B9
:107CE40022222B2222433E000AF04AFC00220621D3
:107CF400032000F005FBE8680CF030FC0DF04EFBAF
:107D040000220721022000F0FBFA0BF037F80022D2
:107D14000421084600F0F4FAF168384600F057FBF5
:107D2400F8BDE8680CF0E0FB7168384600F04FFBE2
:107D3400F6E70DF033FB00220721022000F0E0FA01
:107D44000BF01CF800220421084600F0D9FAF1686F
:107D5400384600F03CFBE3E74169384600F037FB66
:107D6400DEE700F0FDFE00F015FF0028D8D100F09A
:107D7400F7FE00F011FFD3E7704738B50C464568AD
:107D84002846FFF7E7FBA1B211290DD0122906D02E
:107D9400102903D18168284600F019FB38BD4169D8
:107DA400284600F014FBF9E700F0DAFE00F0F2FEDA
:107DB4000028F3D100F0D4FE00F0EEFEEEE708B5A3
:107DC40001F018F8014601F05CF908BD38B50C461D
:107DD400154600F075F82A46214600F6EC1000F02E
:107DE400EEFA38BD10B5044600F070FA014B23607A
:107DF400204610BD48D5030038B51B4D2A68013212
:107E04002A601A4C1A4BE41AE408240444F00304CC
:107E14001849204609F080FB28680BF0EDF92A6820
:107E2400154BA3FB0213DB0803EB4303B2EB830FF5
:107E340016D00CF0E1F905460CF0C8FAB5F90420A7
:107E44000E49204609F068FB0AF0C2FD05460AF017
:107E5400DBFEB5F900200A49204609F05DFB38BD78
:107E64000BF0D8F9E5E700BFA42B0020307A03001B
:107E7400E07903002C7F0300ABAAAAAA407F030089
:107E8400647F030010B582B0044600F024F904F5C1
:107E94001960FFF7A7FF04F6EC10FFF7F9FA064B99
:107EA4000093012341F28832044904F6582000F07B
:107EB400B9FA204602B010BDFD7D0200847F0300A4
:107EC40008B50A4B1B68BFF35B8F13F0010F01D099
:107ED400074808BD05480FF025FD0028F8D00448E0
:107EE400FFF7D0FF01480FF031FDF1E7A82B002088
:107EF400AC2B002010B582B0044600F0C1F90BF0A1
:107F0400D9F8194A0421204600F00EF9224601212D
:107F140004F5196000F0E2F90AF030FF0AF048FFB6
:107F24000DF03CFA0DF054FA0AF02AFB0AF042FB79
:107F340004F6EC1000F05FFA04F6582000F08CFA16
:107F44000BF05AFA09480A4BC01AC0080004094B3E
:107F54000193002200920123074940F0030009F035
:107F6400FDFA02B010BD00BF947F0300307A030015
:107F7400E0790300D47F0300A87F030008B500F074
:107F84004FF908BD032824D8012A06D001290CD0B2
:107F9400022910D0B1B107207047012901D0002275
:107FA400F4E700F10E02D2B2F0E700EB40000A4B16
:107FB4001A540020704700EB4000074B03445A70EA
:107FC4000020704700EB4000034B03449A700020EC
:107FD40070470720704700BF3836002008B50122DB
:107FE40000210846FFF7CEFF10B10346072812D13F
:107FF400072202210120FFF7C5FF034608B1072825
:1080040009D1042202210020FFF7BCFF034610B16E
:10801400072800D10023184608BD08B50122022113
:108024000020FFF7AFFF10B10346072812D1072243
:1080340002210120FFF7A6FF034608B1072809D152
:108044000A2200210846FFF79DFF034610B10728C6
:1080540000D10023184608BD08B50388102B0ED0A4
:10806400112B13D10F4A1368013B136073B9FFF747
:10807400D4FF58B10C4B1B6843B1984706E0094B39
:108084001B6823B1074A13680133136008BDFFF767
:10809400A5FF0028F6D0044B1B68002BF2D09847AC
:1080A400F0E700BF443600204836002010B584B005
:1080B40004464FF0FF3201A9D4F8F4080DF0D0FDC6
:1080C4000128F6D101980028F3D003681B68039AAD
:1080D40002999847EDE738B504460025C0F8F058F2
:1080E400C0F8F4585022294600F6F8000FF0EAFBD5
:1080F4004822294604F648100FF0E4FB204638BD18
:10810400014B1878704700BF4C360020044B1B7895
:10811400834203D9034B53F8200070470020704773
:108124004C3600205036002010B584B004460B466F
:10813400114600F1F00200F6F8000290019200935B
:1081440023464FF400720F480EF00AF8C4F8F00802
:108154000023009304F6481322460C2114200DF04A
:108164002BFCC4F8F408D4F8F0284AB1064B1B7869
:10817400072B05D8054941F823200133024A13701F
:1081840004B010BDB18002004C36002050360020EF
:1081940000B585B001910292039300231A4601A908
:1081A400D0F8F4080DF048FC05B05DF804FB0000BD
:1081B40000B585B0019102920393002300936A46AF
:1081C40001A9D0F8F4080DF0EFFC009B43B1064B75
:1081D4004FF080525A6040BFBFF34F8FBFF36F8F91
:1081E40005B05DF804FB00BF00ED00E0704700003F
:1081F400034B0360034B0B6080231360704700BF85
:10820400C0400020C03E0020034B0360034B0B60C2
:108214004FF4007313607047703E002070360020E6
:1082240008B50DF0DFFFFEE710B50E4C0E4BE41A57
:10823400E40824040D4944F0020009F067F94FF4FE
:108244000041002008F03AFF08F032FE44F0030435
:108254000749204609F05AF90649204609F056F91B
:1082640010BD00BF307A0300E0790300E47F03000F
:10827400048003002480030008B504F079FD08BDE0
:1082840030B589B0FFF7F8FFFFF7CEFF0024DCB16B
:1082940009B030BD04F01F0343EA451302930023E1
:1082A40003930122049205930693079308AB13E901
:1082B40003008DE8030002AB0FCB00F065FD013530
:1082C400002DE7D00134E2E72546F9E7024A0260CF
:1082D400002202718260704754D503004B1EDBB24A
:1082E400092B04D80171024B43F8210082607047C6
:1082F40010410020023100EB810042607047000011
:1083040000F1FF3C5FFA8CFCBCF1090F00D9704707
:1083140008B5054B53F8200013460A460146806809
:10832400FFF736FF08BD00BF1041002000F1FF3CFD
:108334005FFA8CFCBCF1090F00D9704708B5054BF6
:1083440053F8200013460A4601468068FFF730FFC1
:1083540008BD00BF1041002038B505460C468B1CF3
:1083640000EB83035B688BB1002098470E4B0F4AE8
:10837400A3EB020C4FEADC0C4FEA0C4C2B7922469F
:108384000B494CF0040009F0D1F838BD0648074BFE
:10839400C01AC00800042B790A46064940F00400BC
:1083A40009F0C4F8F1E700BF307A0300E079030074
:1083B400388003006480030070477047704740684A
:1083C40020B108B503689B68984708BD704738B565
:1083D40004460D46406803685B6898476368A36079
:1083E40065602B681B682846984738BDC06800380C
:1083F40018BF0120704710B5044603681B689847EE
:108404002046FFF7F3FF20B1E368A3606360002315
:10841400E360606803681B68984710BD4368986808
:108424007047000030B583B00446084611461A462A
:10843400069B63608902074DA5FB015104F1080501
:1084440001950093002389090EF0B2FA20602046BA
:1084540003B030BDD34D621030B583B0056865B14B
:108464000DF00EFF02460024009423460121284605
:108474000EF0CAFA204603B030BD0120FBE700002D
:1084840030B583B005460068B8B189020C4BA3FB34
:108494000132002400942346920904210EF0B4FA18
:1084A4002D680DF0EDFE0246009423460121284676
:1084B4000EF0AAFA204603B030BD0120FBE700BF4E
:1084C400D34D6210006850B100B583B00022009211
:1084D400134603210EF098FA03B05DF804FB7047CD
:1084E40030B583B005460068B8B189020C4BA3FBD4
:1084F4000132002400942346920909210EF084FAE3
:108504002D680DF0C3FE024600942346062128463A
:108514000EF07AFA204603B030BD0120FBE700BF1D
:10852400D34D6210006850B100B583B000220092B0
:10853400134608210EF068FA03B05DF804FB704797
:108544007047000010B503681B681878044C0138A4
:108554002146C0B205F0EAFEB4F9000010BD00BF28
:108564004241002030B589B001900C460178254B7A
:1085740000221A705A709A70DA70022018715A71B7
:108584009A71D9711A722049204805F009FE58B928
:10859400019B187801381B49C0B205F063FE40B94D
:1085A40001AB029303AD0EE0194A262106F068FBE5
:1085B400EEE7174A272106F063FBF1E702A8FFF76D
:1085C400C1FF25F8020B08AB9D42F7D1002303AA93
:1085D40002E032F9021B0B4408A98A42F9D10D4A80
:1085E40082FB0312DB17C3EBA2031BB2C3EB03131F
:1085F400C3EB03139B09238005F0F6FF002009B0A9
:1086040030BD00BF384100204585020078D5030005
:10861400908003006766666608B5094B1B68BFF364
:108624005B8F13F0010F01D0064808BD04480FF01A
:1086340079F90028F8D002480FF088F9F4E700BF70
:10864400484100204C41002030B583B00446002549
:1086540040F8045B074A00942B4606CA00F0F6FD76
:108664002022294604F144000FF02CF9204603B0DF
:1086740030BD00BF7CD5030010B51048104BC01AA4
:10868400C00800040F4940F0030008F03FFFFFF763
:10869400C3FF0D4C21460D48FFF764FF0AF098F91B
:1086A400B4F9003040F2145202FB03F3084A82FB8F
:1086B4000312DB17C3EBA213038010BD307A03004F
:1086C400E0790300EC800300444100201C2B0020CF
:1086D400D34D621008B5FFF7CFFF08BD08B5027887
:1086E400094B1A70094A5A60436843B19969116089
:1086F4009B8B9380064B1B680348984708BD034B2C
:1087040000221A609A80F5E7584100205041002069
:10871400704100207047000008B50A480A4BC01A8F
:10872400C0080004094940F0030008F0EFFE0848BF
:1087340002F0BEFC00B908BD064A2E2106F0A0FADC
:10874400F9E700BF307A0300E07903000C810300ED
:10875400744100201C81030008B502F0C1FB08BD70
:1087640000B583B009F0D6FA68B90023019301A9D2
:10877400012009F0C5FB58B901A809F08FFC60B9C4
:1087840003B05DF804FB074A3B2106F079FAECE7F5
:10879400044A3F2106F074FAEEE7024A422106F049
:1087A4006FFAEDE71C810300084B4FF4FA725A800C
:1087B4004FF47A729A800022DA80197862F3820187
:1087C4001970C9B262F3C401197070476041002086
:1087D40000B585B000230093019302930393084BE3
:1087E4000093084A6946084802F021FC10B905B014
:1087F4005DF804FB054A5C2106F042FAF7E700BF86
:1088040060410020E1860200744100201C810300C5
:1088140008B5044B1860FFF7A3FFFFF7C5FFFFF788
:10882400D7FF08BD7041002038B50446002313E08B
:108834001B4B53F825309B6803B1984719481A4BD2
:10884400C01AC00800042246184940F0030008F08A
:1088540063FE24E00133DBB2154A12789A421ED932
:108864001D460F4A52F82320002AF3D01268A24270
:10887400F0D1204604F062FF0028D9D1084B53F808
:1088840025305B6803B198470648074BC01AC008F7
:1088940000042246074940F0030008F03DFE38BDBD
:1088A400E0410020307A0300E07903008C8103006A
:1088B400DC4100207881030030B583B004460160B8
:1088C40042608360194B1B78022B23D80D46184B4A
:1088D4001B68ADF804301B0C8DF8063003238DF8AB
:1088E4000530144A01A9284604F06AFE68B901213A
:1088F400284604F0BDFE0D4A1378591C11700E4A27
:1089040042F82340204603B030BD0C4A242106F02F
:10891400B7F9ECE70A480B4BC01AC008000403225D
:10892400094940F0010008F0F7FDEBE7DC410020C5
:1089340084D503002D880200E0410020A0810300BB
:10894400307A0300E07903000082030008B500F0E8
:10895400E7F908BD10B50446054B0360054B0360F9
:10896400054B1B684360083000F068F8204610BDD2
:1089740090D50300A0D50300A8D503000804034B39
:10898400A3FB0030C0F30F30704700BF5917B7D1B5
:1089940008B50A430221083000F098F808BD08B56C
:1089A40000220321083000F091F808BD08B50A43FD
:1089B4000421083000F08AF808BD08B50A22052110
:1089C400083000F083F808BD10B50446FFF7F5FF42
:1089D4004FF4704211462046FFF7DAFF2046FFF7B6
:1089E400DEFF0F2200212046FFF7E0FF10BD022921
:1089F40005D0032905D0012905D108207047092095
:108A040070470A2070470720704738B5044615465A
:108A1400FFF7EDFF01462A4604F1080000F056F87E
:108A240038BD38B504460D461146FFF7A7FF024688
:108A340029462046FFF7E9FF38BD000030B58FB066
:108A44000446174B844693E80700ACE803002CF86F
:108A5400022B120C8CF80020012284F84C220DF118
:108A64001C0E03F10C0CBCE80F00AEE80F009CE8F0
:108A740007008EE8070004F10C05002304930EABF5
:108A840013E90F008DE80F0007AB0ECB284600F06A
:108A940075FB284600F066FB20460FB030BD00BFD2
:108AA400ACD5030023B90170130A43708270704778
:108AB400012BF9D141F080010170F5E703780B70C7
:108AC40043784B7083788B707047000010B582B088
:108AD40004460023415C01A8FFF7E4FF694601A8AE
:108AE400FFF7ECFF00210B2000F02DF9032269466B
:108AF40004F10C0000F08EFB044601210B2000F071
:108B040022F90CB902B010BD0548064BC01AC008C2
:108B14000004054940F0010008F0F8FCF2E700BF4A
:108B2400307A0300E079030024820300BFF34F8FFF
:108B34000549CA6802F4E062044B1343CB60BFF3F7
:108B44004F8F00BFFDE700BF00ED00E00400FA0511
:108B54003CDF70473DDF7047002202707047000021
:108B640008B50A4B1B68BFF35B8F13F0010F01D0EC
:108B7400074808BD05480EF0D5FE0028F8D0044883
:108B8400FFF7EAFF01480EF0E1FEF1E7EC410020B7
:108B9400F04100200078704770B50646164C174B1C
:108BA400E41AE408240444F002051549284608F0B0
:108BB400ADFC4FF0FF310020FFF7CCFF60B9B121CD
:108BC4000020FFF7C5FF024668B10E4944F00100DA
:108BD40008F0A2FC002070BD02460B4944F00100DD
:108BE40008F09AFCF6E7012333700849284608F098
:108BF4008DFCFFF79BFF00BF307A0300E079030090
:108C0400448203009082030070820300B082030058
:108C140010B5044603685A0904D0012A13D14FF64B
:108C2400FF7201E04FF0FF3203F01F0322FA03F357
:108C340013F0010F09D023681F2B0CD903F01F0375
:108C44002360064810BD0022EEE705494FF4F67094
:108C540007F02AF8EFE74FF0A040F3E700030050D5
:108C6400CC82030000B583B0019001A8FFF7D0FFC8
:108C7400D0F81005019BD84000F0010003B05DF866
:108C840004FB00B583B0019001A8FFF7C1FF0123E5
:108C9400019A9340C0F80C3503B05DF804FB00B5AD
:108CA40083B0019001A8FFF7B3FF0123019A934019
:108CB400C0F8083503B05DF804FB08B511B9FFF737
:108CC400E0FF08BDFFF7EBFFFBE770B582B0019052
:108CD4000C4616461D4601A8FFF79AFF44EA4604CF
:108CE40044EA85049DF8183044EA03249DF81C30B6
:108CF40044EA0344019B03F5E07340F8234002B0C7
:108D040070BD00B583B0019001A8FFF781FF019BFE
:108D140003F5E073022240F8232003B05DF804FB5E
:108D240008B5054B1B7803B908BD04F007FC024BDA
:108D340000221A70F8E700BF1D2B002008B5FFF7CA
:108D440091FFC0B208BD08B5FFF7B7FF08BD00002A
:108D540000B5064B01EB410C03EB8C0E43F82C00E1
:108D6400CEF804108EF808205DF804FBF4410020CE
:108D740008B500EB4000034B53F82030984700201F
:108D840008BD00BFF441002084B010B582B004AC2B
:108D940084E80F000446FFF7B4FF9DF820309DF8E7
:108DA4002420019200939DF81C309DF818209DF812
:108DB40014102046FFF789FF02B0BDE8104004B04C
:108DC400704730B583B004460D4601920A46014609
:108DD4001846FFF7BDFF29462046FFF7C9FF0246A4
:108DE40001A9204604F0ECFB0121204604F040FCDC
:108DF40003B030BD00487047D8430020642242705D
:108E040000228270014941600272704700C0014033
:108E140008B50248FFF7F2FF08BD00BFD8430020A1
:108E240030B58DB00546104C0DF1180CA646BEE8C1
:108E34000F00ACE80F009EE803008CE803008DE807
:108E4400030006AB0FCBFFF79FFF0DF10C0C04F1F1
:108E5400180393E807008CE8070000226146281DE8
:108E640004F016FF0DB030BDE8D5030008B5064B7D
:108E74001B7803B108BDFFF7BDFFFFF7D1FF024B1D
:108E840001221A70F6E700BFD4430020F0B583B086
:108E940007EE903A4B7806EE903AF8EE666A9FED4C
:108EA400326A86EE867AF8EEE77A67EE877AFCEE27
:108EB400E77ACDED017A9DF804509DF8203007EE55
:108EC400903AF8EEE77A67EE877AFCEEE77ACDED32
:108ED400017A9DF804409DF8243007EE903AF8EEAC
:108EE400E77A67EE877AFCEEE77ACDED017A9DF8B2
:108EF40004E000210EE048F2070715E048F20707F6
:108F040022E048F2070C10331844184B23F810C021
:108F14000131C9B2072925D80B4604FA01F010F033
:108F2400800FE8D048F20D0702EB420C4FEACC0068
:108F340003EBCC0C0D4E26F81C7005FA03F616F064
:108F4400800FDBD048F20D0703F1080C8444074E70
:108F540026F81C700EFA03FC1CF0800FD1D048F2E6
:108F64000D0CD0E703B0F0BD0000C842E44300207C
:108F740010B582B0062B0BD8DFE803F0040C131AEB
:108F840021282F000023019300936423FFF77EFF21
:108F940002B010BD0023019364240094FFF776FF10
:108FA400F6E76423019300230093FFF76FFFEFE7D5
:108FB4000023019364230093FFF768FFE8E7642329
:108FC400019300240094FFF761FFE1E76423019318
:108FD40000930023FFF75AFFDAE764230193009319
:108FE400FFF754FFD4E7000030B585B005460023F1
:108FF40000930193029303930E4B00934823ADF81F
:10900400043003E00121204604F03EFF2C1D2046DD
:1090140004F014FF0028F5D001231A4669462046BF
:1090240004F0B6FE4FF49650034B43F00103984707
:1090340005B030BDE4430020E0D5030008B50123AA
:109044008B70FFF7D1FF08BD70B582B005460E46A0
:1090540000240194009423462246FFF717FF01944D
:1090640000942346012231462846FFF70FFF01945E
:1090740000942346022231462846FFF707FF02B038
:1090840070BD10B5044600228A70FFF7DDFF20464C
:10909400FFF7AAFF10BD00B583B00023019300932E
:1090A400FFF7F4FE03B05DF804FB10B50446642337
:1090B400437049B1022300220146FFF759FF2146BC
:1090C4002046FFF7BBFF10BD00220146FFF7E3FF78
:1090D400F5E710B504466423437049B10323002225
:1090E4000146FFF745FF21462046FFF7A7FF10BDC5
:1090F40000220146FFF7CFFFF5E710B504466423CD
:10910400437049B1062300220146FFF731FF21468F
:109114002046FFF793FF10BD00220146FFF7BBFF77
:10912400F5E7000010B504466423437079B10123C8
:109134001A460146FFF71CFF21462046FFF77EFF33
:109144004FF4C850044B43F00103984710BD01226B
:109154000146FFF7A0FFEFE7E0D5030008B5FFF7EE
:1091640057FE08BD08B500231A4600F12C011C3037
:1091740003F000FF00B908BD0120FCE784B070B41F
:10918400844604A880E80E000B9B43B1012B0CD14C
:109194000CF11C041D4B0FCB84E80F0005E01C4BA5
:1091A4000CF11C040FCB84E80F00079ECCF80C6074
:1091B400049DCCF800509DF818308CF80830059CBC
:1091C400CCF804400998CCF81400089ACCF8102084
:1091D4000A99CCF818108CF83960CCF834508CF813
:1091E40038408CF82D008CF82E108CF82C208CF83C
:1091F4002F30FF238CF8313006238CF830300123D4
:109204008CF84032002070BC04B0704724D60300B0
:1092140014D6030070B584B00546144600F59F7655
:1092240030460EF01DFBE4B205F13C0300960194B8
:10923400029303940022694605F1200005F048FCDE
:1092440008B904B070BD0120FBE7000010B582B07E
:109254008646684680E8060003C88EE80500CEF816
:1092640008300EF1180C0E4C0FCCACE80F000FCCEC
:10927400ACE80F0094E803008CE80300049BCEF8EC
:1092840014309DF8053003330EF10C020EEBC303CA
:1092940093E8030082E80300704602B010BD00BFEB
:1092A40034D6030008B500212F20FFF74CFD08BD7C
:1092B40008B501212F20FFF746FD08BD70470C209B
:1092C4007047000008B541F28733994234DC41F21B
:1092D400883303FB01F05B1A90FBF3F007EE900A6E
:1092E400F8EEE77A17EE900A0EF05AFA18A3D3E9CB
:1092F40000230EF03BF941EC100B0DF0D3FD51ECC3
:10930400100B0EF015FA0F4B03FB00F00E4A82FB14
:109314000031C317C3EBA11303F698530B4890FB1A
:10932400F3F0A0F58520A0F2FE2082FB0032C017E6
:10933400C0EBA21000B208BD6FF48870FBE700BF59
:10934400AFF30080A68C0400D34D621090F0D73D9B
:10935400000000000088B34070B50546FFF75CF9D3
:10936400074E31460748FFF7FDF80AF045FF04466B
:10937400B6F9001041802846FFF7A4FFA08070BD15
:1093840074440020202B002008B5FFF7E5FF08BD3A
:109394000020704708B540F2DC520321FFF741FB7F
:1093A40008BD08B500220221FFF73BFB08BD08B544
:1093B4000A460121FFF735FB08BD08B50C2904D97D
:1093C4004FF4C861FFF7F3FF08BD01EB810101EB26
:1093D4008101890001F5C87189B2FFF7E8FFF3E75D
:1093E40008B564220021FFF71CFB08BD10B5044634
:1093F400FFF7D0FF2046FFF7D4FF4FF4C871204693
:10940400FFF7D5FF2046FFF7EBFF10BD08B5FFF7C8
:10941400DBFA08BD30B583B00446FFF79BFA20257C
:109424002A46002104F516700EF04CFA2A46002153
:1094340004F51E700EF046FA0025A4F89852A4F81C
:109444009A520C4A00942B4606CA04F52770FFF77B
:10945400FDFE094A00942B4606CA04F53770FFF74F
:10946400F5FE2046FFF7D2FF2046FFF7BFFF204658
:1094740003B030BD6CD6030064D60300BFF34F8F36
:109484000549CA6802F4E062044B1343CB60BFF39E
:109494004F8F00BFFDE700BF00ED00E00400FA05B8
:1094A4004FF08053D3F83031082B01D0002070479F
:1094B400012070474FF08053D3F83031082B01D08E
:1094C40000207047012070474FF08053D3F83021BB
:1094D400D3F83431082A01D000207047002B04D877
:1094E400DFE803F0010001207047002070474FF0CF
:1094F4008053D3F83021D3F83431082A01D0002026
:109504007047002B04D8DFE803F001000120704706
:10951400002070474FF08053D3F83021D3F8343112
:10952400082A01D000207047002B04D8DFE803F09C
:10953400010001207047002070474FF08053D3F89A
:109544003021D3F83431082A01D000207047002B91
:1095540004D8DFE803F001000120704700207047C1
:109564004FF08053D3F83031082B01D000207047DE
:10957400012070474FF08053D3F83021D3F83431B1
:10958400082A01D000207047032B01D8002070471F
:109594000120704708B5FFF7EDFF38B14FF01023F5
:1095A400D3F808224FF08043C3F8582508BD0000C3
:1095B400024BD3F80034002BFAD0704700E001408E
:1095C40008B5034BC3F80405FFF7F2FF08BD00BF5D
:1095D40000E00140014B024A1A607047242B00202E
:1095E4000090D00338B5FFF75BFF40B14FF08043E4
:1095F4000022C3F80C21C3F81021C3F83825FFF763
:1096040059FF002846D04FF08052D2F80414554B2D
:10961400C3F82015D2F80814C3F82415D2F80C1492
:10962400C3F82815D2F81014C3F82C15D2F8141462
:10963400C3F83015D2F81814C3F83415D2F81C1432
:10964400C3F84015D2F82014C3F84415D2F82414F2
:10965400C3F84815D2F82814C3F84C15D2F82C14C2
:10966400C3F85015D2F83014C3F85415D2F8341492
:10967400C3F86015D2F83814C3F86415D2F83C1452
:10968400C3F86815D2F84014C3F86C15D2F8442412
:10969400C3F87025FFF718FF18B1334B334AC3F8EA
:1096A4008C26FFF724FF18B1314BFB22C3F8182591
:1096B400FFF730FF70B14FF08041D1F8E43E23F062
:1096C4000F034FF08052D2F8582202F00F021343D6
:1096D400C1F8E43EFFF731FF20B1264B4FF400728E
:1096E400C3F84026FFF73CFF60B14FF08043D3F846
:1096F400003413F0010F05D04FF080436FF00102E6
:10970400C3F800241C4AD2F8883043F47003C2F82A
:109714008830BFF34F8FBFF36F8FFFF73BFF4FF0DE
:109724001023D3F80032002B08DB4FF01023D3F8BA
:109734000432002B02DBFFF74DFF38BD0120FFF799
:109744003FFF4FF010241225C4F80052FFF730FFFA
:10975400C4F80452FFF72CFF0020FFF731FFFFF796
:109764008DFE00BF00C0004000500040488103004F
:1097740000F000400090024000ED00E048B300B566
:10978400864642B34FF0000C06E01EF80C0060441D
:1097940080B201301FFA80FC0CF10100884207DA24
:1097A40010886045F1D80EEB0C0040789842ECD15B
:1097B4008C4512D20CF102039BB21EF80C0078B156
:1097C400013880B250B103EB000C61450ADB138011
:1097D40004E000207047002000E000205DF804FB56
:1097E4000020FBE70020F9E770B582B00023ADF854
:1097F4000630DAB10446164609230DF10602FFF7D6
:10980400BDFF0546BDF806301C448BB198B1304607
:109814000EF00FF8A84201D000200AE02A462146A3
:1098240030460DF0E3FF40B1002002E0002000E0EC
:10983400002002B070BD0020FBE70120F9E7000022
:1098440000230BB10020704703EB8302054931F874
:109854002220824201D00133F3E703EB830301EBBF
:10986400830070479C44002030B5B0F804C002EB7C
:109874000C04944594BFACEB0C0CACEB020CC2880A
:109884009D189A4294BF921AD21A4B88B0F800E0FD
:1098940073450ED3408883420DD88B8863450CD31F
:1098A400A3420CD8CB8893420BD3AB420BD80120F4
:1098B40000E0002030BD0020FCE70020FAE7002093
:1098C400F8E70020F6E70020F4E7000008B5024BB3
:1098D4009B6903B1984708BD8044002010B5808877
:1098E400FFF7AEFF38B10446406805F02FFA18B907
:1098F4004FF6FF73238010BDFFF7E8FFF8E7000081
:1099040000B583B002460B46497A69B9197A41B960
:109914000D494968586805F0C1F988B1FFF7D6FFC9
:109924000EE009498968F5E700211972064B5B6965
:1099340033B101218DF80410ADF8060001A8984751
:1099440003B05DF804FB00BF8044002070B5C37B06
:109954008688012B1DD104464FF6FF70FFF770FF78
:109964000546B8B10680002303720F4B03CBC5F83C
:109974000A00C5F80E104FF6FF7340F2F31204F11B
:10998400100105F10A00FFF76FFF6872074BDB89CE
:1099940023B170BD0420FFF799FFFAE7294630464A
:1099A400FFF7AEFFF5E700BF7844002080440020B5
:1099B40070B5044686883046FFF742FF70B105460D
:1099C4004FF6FF7340F2F31204F108010A30FFF777
:1099D4004BFF687229463046FFF792FF70BD0000C6
:1099E400C288124BDB899A4200D0704770B5044696
:1099F400038A022B00D070BD85882846FFF720FF1C
:109A040006460028F7D004F1120000F0C9F920B18D
:109A140031462846FFF774FFEDE7706805F096F9C4
:109A24000028E8D0FFF752FFE5E700BF804400209C
:109A340008B50388122B0FD006D8102B09D0112B90
:109A440009D1FFF74BFF06E0502B04D1FFF7C8FF05
:109A540001E0FFF77BFF08BDFFF7AAFFFBE700006B
:109A640008B50146014806F0DBF908BDB044002002
:109A7400F0B583B00190B9B116460F46019D85B982
:109A8400284603B0F0BD0134132CF9D8214601A8AF
:109A940006F0C6F90028F6D03146A0B2B847013521
:109AA400F1E700242546EFE70025E9E7132801D96B
:109AB4000020704738B50446054D0146284606F097
:109AC40088F92146281F06F084F9012038BD00BF1B
:109AD400B844002038B50546002407E0054800EBEB
:109AE40084002946043006F08EF901341D2CF5D982
:109AF40038BD00BFB044002008B50146014806F057
:109B040082F908BDB844002008B512B106F061F925
:109B140008BD06F078F9FBE730B583B0054601913E
:109B240000230360019B93B9284603B030BD013480
:109B3400132CF9D8214601A806F072F90028F6D0B2
:109B44002B685A1C2A6005EB43039C80EFE7002432
:109B5400EEE7000010B598B0134A9368DB431793FF
:109B6400516817A806F0C4F917996846FFF7D4FF9F
:109B74000DF1300C6C460FCCACE80F000FCCACE808
:109B84000F0094E807008CE80700002407E018ABF6
:109B940003EB440333F82C0CFFF79CFF01340C9BBC
:109BA400A342F4D818B010BDB044002070B50446E8
:109BB40085880388103B0A2B1ED8DFE803F0061AB9
:109BC4001D1D1D1D1D1D1D3B1E00FFF7C3FF284647
:109BD400FFF76CFF38B1E37B022B0DD129461B48FC
:109BE40006F0F7F808E01A4AF021042005F048F8D6
:109BF40002E02846FFF780FF70BD027A1609154C73
:109C04003F2A94BF0022012229462046FFF77CFF09
:109C1400022E94BF002201222946201FFFF774FF61
:109C2400012E94BF002201222946A4F10800FFF767
:109C34006BFFE1E7037A002BDED1427AC2F3C00264
:109C440029460448FFF760FFD6E700BFBC44002064
:109C54001C830300C8440020132801D90020704746
:109C640008B50146014806F0DBF808BDB4440020FD
:109C740010B50446FFF7F0FF08B9002010BD2146D7
:109C8400034806F0CDF808B90120F7E70220F5E70C
:109C9400BC44002010B50446FFF7DEFF08B90020DD
:109CA40010BD2146034806F0BBF808B90120F7E7C8
:109CB4000220F5E7B844002010B50446FFF7CCFFB6
:109CC40000B910BD2146024806F0AAF8F9E700BF22
:109CD400C044002010B50446FFF7BEFF00B910BD14
:109CE4002146024806F09CF8F9E700BFC44400206E
:109CF40010B50446FFF7B0FF00B910BD2146024875
:109D040006F08EF8F9E700BFC844002038B50546D0
:109D14000C460846FFF7A4FE08B9002038BD2846C3
:109D2400FFF79AFF0028F8D00634044800EB8400BB
:109D34002946043006F074F8F0E700BFB044002070
:109D440070B506460C4615460846FFF789FE00B96D
:109D540070BD3046FFF780FF0028F9D00634044870
:109D640000EB84002A4631460430FFF7CDFEEFE7CE
:109D7400B044002070B504460E461546FFF770FE49
:109D840008B9002070BDA01D044B03EB8003586884
:109D94002A463146FFF76CFEF4E700BFB0440020CA
:109DA400007800F001007047A0DF7047A1DF704722
:109DB400ADDF7047B3DF7047B4DF70478379012BA1
:109DC40001D0002070470379012B01D00020704797
:109DD400428842F602139A4201D0002070470120C3
:109DE400704738B50446408800F050FEA080002536
:109DF40005B138BD204601F01DFF0135F8E700B577
:109E040087B00023019302930393049305930823DB
:109E14008DF80430ADF80600039101A8FFF7E1FFC7
:109E240007B05DF804FB000070B586B00023019311
:109E34000293039304930593ADF806004FF6FF7362
:109E440098422ED0044600F0CFFC054611283FD09E
:109E540015D8D0B10B2826D110238DF804301D4815
:109E64001D4BC01AC008000422461C4940F00200E1
:109E740007F052FB01A8FFF7B4FF00220CE043F205
:109E8400020398420FD1002206E00F238DF804301C
:109E940001A8FFF7A6FF0022114B19782046FFF70F
:109EA4004FFF06B070BD0B4E0B4BF61AF608360486
:109EB400284606F047FF024623460A4946F00100B9
:109EC40007F034FB29462046FFF799FF0022E3E719
:109ED4000122E1E7807A0300E0790300B8830300FC
:109EE400314500203884030008B5FFF79DFF08BD05
:109EF40010B5044600F0DAFC00B910BD0122034B92
:109F040019782046FFF71CFFF7E700BF3045002013
:109F140010B582B0044600F0B9FD00236A46092159
:109F240001F0CAF9052801D002B010BD0122034B8B
:109F340019782046FFF704FFF6E700BF2E450020FE
:109F440008B500220649074B1878FFF713FF00B144
:109F540008BD00220449054B1878FFF70BFFF7E70B
:109F64008DA1020032450020A59F02002E4500204D
:109F740008B500220249034B1878FFF7FBFE08BD21
:109F8400A5A202003045002008B500220249034B77
:109F94001878FFF7EFFE08BDED9E02003145002062
:109FA40010B582B004460023019342F6A623ADF80F
:109FB400043001238DF80630084B1B6800936A4671
:109FC40001A9FFF7F1FE08B102B010BD0122044B54
:109FD40019782046FFF7B4FEF6E700BF7CD60300ED
:109FE4002D45002010B5044638B12368012B09D152
:109FF400BFF35F8F0023236010BD0549922005F055
:10A0040053FEF2E70249932005F04EFEF0E700BF4D
:10A014008C840300F0B585B006460F460DF10E00A2
:10A02400FFF7C8FE10B9012400250DE01A494FF4CA
:10A03400997005F039FEF6E7BDF8002042F60213E8
:10A044009A421DD00134A4B2BDF80E30A3421FD9E8
:10A054000223ADF804300022ADF80620CDF808D074
:10A0640069462046FFF7A8FE034690B9002DE3D1C8
:10A07400BDF8002042F605239A42E3D10125E1E729
:10A08400029701AA21463046FFF792FE034600E0FC
:10A094000523184605B0F0BDE484030010B504465A
:10A0A40048B10121204605F0F8FEBFF35F8FB0FAF6
:10A0B40080F0400910BD0249852005F0F5FDF0E768
:10A0C4008C84030070B586B0054600F0EDFA1128C3
:10A0D40047D0044619D8002846D00B2847D0254E2F
:10A0E400254BF61AF6083604204606F02BFE0246E7
:10A0F4002B46224946F0010007F018FA214628466B
:10A10400FFF77DFE0024224623E0862806D043F292
:10A1140002039842E3D1002422461AE00026019665
:10A12400029603960496059607238DF80430ADF83D
:10A1340006501048104BC01AC00800042A461049A3
:10A1440040F0020007F0E8F901A8FFF74AFE3446A0
:10A1540032460C4909782846FFF7F2FD204606B03E
:10A1640070BD00240122F4E701240022F1E7002459
:10A174002246EEE7807A0300E0790300C0850300FD
:10A18400888503003245002010B504460648FFF7D1
:10A1940085FF00B910BD2046FFF794FF0028F9D1D0
:10A1A4000148FFF71FFFF5E73445002070B586B07E
:10A1B400044600F08FFB054611280CD8112848D816
:10A1C400DFE800F0174747474747334728474747E3
:10A1D40047474747475D43F20203984252D043F250
:10A1E4000143984235D12046FFF71EFE0025012287
:10A1F40022E0002301930293039304930593112314
:10A204008DF80430ADF8064001A8FFF7EAFD0125FA
:10A214002A4611E001A92046FFF7FCFE28B9BDF843
:10A22400043013B10025012206E0204600F02EFC84
:10A2340000F082FB00252A46144B19782046FFF7CC
:10A244007FFD2A46124B19782046FFF779FD06B0A8
:10A2540070BD104E104BF61AF6083604284606F068
:10A2640071FD024623460D4946F0010007F05EF9F0
:10A2740029462046FFF7C3FD00250122DCE700251F
:10A284000122D9E700250122D6E700BF304500208E
:10A294002F450020807A0300E07903000086030044
:10A2A40010B50446044B1978FFF730FD00B110BD1A
:10A2B4002046FFF77BFFFAE72F450020037803B120
:10A2C400704710B504464088FFF7AEFD6088FFF77D
:10A2D4000FFE6088FFF71CFEFFF732FE10BD000082
:10A2E40010B582B00378092B03D0FFF729FE02B022
:10A2F40010BD0446437A002BF7D1037A072B1DD0F7
:10A30400082B2CD0012BF0D16A460121808801F062
:10A314009DFA0028E9D1019B1B78002BE5D0A08889
:10A3240000F0E8FB4FF6FF739842DED00122104B99
:10A334001978FFF705FDFFF71BFED6E7808800F0CC
:10A34400D9FB04464FF6FF739842CED00122094B45
:10A354001978FFF7F5FC2046FFF7DAFDC5E7064B51
:10A364001B68012BC1D10448FFF73CFEBDE700BFC9
:10A3740030450020324500203445002030B583B0FC
:10A3840004460D460022009201920123ADF80030EC
:10A3940009238DF80230104B1978FFF7D1FC5DB119
:10A3A4000E4B0193204600F071FB0022694600F039
:10A3B400F5FF18B903B030BD094BF2E7094C0A4A5E
:10A3C400A41AE408240406F0BDFC0246074944F03C
:10A3D400020007F0A1F8EDE72E45002078D603002F
:10A3E40074D60300807A0300E079030040860300FA
:10A3F40030B587B0044685880388353B1F2B14D8B5
:10A40400DFE803F0499413131313131313131313F3
:10A414001313131313131313131313131313133BE0
:10A42400131013192846FFF7FFFCFFF7ADFDFFF7E4
:10A434009FFD07B030BD002401940294039404945A
:10A44400059412238DF80430ADF80650284600F028
:10A454001DFBADF8080000F06FFA22464D4B197849
:10A464002846FFF76DFC22464B4B19782846FFF728
:10A4740067FC01A8FFF7B5FCD7E70630FFF79EFCA1
:10A484000028D2D00122454B19782846FFF758FC02
:10A49400FFF756FDC9E7424B19782846FFF736FC0B
:10A4A4000028C2D000223E4B19782846FFF748FC0A
:10A4B400E288B2F5857F10D0A2B96289012A1CD145
:10A4C400A289012A24D03748374BC01AC008000497
:10A4D400364940F0020007F01FF800212846FFF734
:10A4E4004DFFA2E72F48304BC01AC0080004304982
:10A4F40040F0020007F010F8EFE72A482A4BC01A90
:10A50400C00800042B4940F0020007F005F8D7E723
:10A514000022E1892846FFF749FC0028DDD1012209
:10A52400254B19782846FFF70BFC7EE7224B197858
:10A534002846FFF7EBFB00283FF477AF00221E4BC1
:10A5440019782846FFF7FCFBE28852B9E289012A10
:10A5540013D1217C003918BF01212846FFF70EFFD3
:10A5640063E71048104BC01AC0080004104940F0BB
:10A57400020006F0D1FF0021EFE70A480A4BC01A97
:10A58400C0080004094940F0020006F0C5FF00219C
:10A59400E3E700BF2F45002030450020324500206E
:10A5A4002D450020807A0300E0790300188703001A
:10A5B400A0860300DC8603002C450020AFDF704733
:10A5C400B1DF7047B2DF7047B3DF704738B5044678
:10A5D400808800F08FFA6080002505B138BD2046E0
:10A5E40001F02CFB0135F8E730B589B0224B93E834
:10A5F400030008AB03E903000BE007238DF80430E4
:10A6040001A8FFF7E3FF35E01C4C208800F045FF6C
:10A6140020801A4B18884FF6FF7398422AD00022E4
:10A6240006A900F0BBFE04460028EDD000230193E8
:10A634000293039304930593104B1B88ADF80830E1
:10A64400112817D08628D8D00D4D0E4BED1AED08E1
:10A654002D0406F077FB0246084B1B880A4945F097
:10A66400010006F063FF08238DF80430039401A869
:10A67400FFF7ACFF09B030BD88D603003A4500208F
:10A68400887A0300E07903006887030008B5054B66
:10A694001A884FF6FF739A4200D108BDFFF7A4FF52
:10A6A400FBE700BF3A4500202DE9F04784B082461D
:10A6B40000F0ECF94FF6FF73984200F087800746EC
:10A6C400012449E002AA0821384601F0BFF888B9FC
:10A6D400B8F8042003998B889A420DD10631284694
:10A6E4000DF084F840B90821384601F025F9D8B9AD
:10A6F4000B2607E0052807D13A460821384601F021
:10A7040073F90646002525E0334C344AA41AE408BC
:10A71400240406F017FB02465346314944F0010075
:10A7240006F004FF032653E02B4D2C4AAD1AED0826
:10A734002D0406F007FB03463A462A4945F001007A
:10A7440006F0F4FE0326DDE701250821384601F072
:10A75400F3F818BB002D3BD022460134A4B26B465B
:10A764000821384601F078F8814638BBDDF80480CA
:10A774000323454645F8063B08F1040229465046A2
:10A78400FFF720FF064600289CD00C28DCD00528C3
:10A7940001D00025D9E74E460025D6E70E4E0F4AD4
:10A7A400B61AF608360406F0CDFA03463A460D49C1
:10A7B40046F0010006F0BAFE0326CBE7072802D1D3
:10A7C40000250C26C6E706460025C3E743F2020629
:10A7D400304604B0BDE8F087887A0300E0790300CE
:10A7E400C0870300F88703002DE9F04182B00546D5
:10A7F40000F04CF94FF6FF73984205D1032400266C
:10A8040037464FF0010825E06A46082101F01EF89A
:10A8140020B9019B9F1D9E881C68F2E70324002633
:10A824003746EEE726B14FF00008032446460FE012
:10A834001B481C4BC01AC00800042A461A4940F0A1
:10A84400010006F069FE4FF00008032000E011202B
:10A854000B281CD12346324639462846FFF7B0FE62
:10A864000428F4D008280CD00B28F1D114F0020FDE
:10A8740009D1002FD6D04FF000080324464647469E
:10A88400E6E70020E4E74FF000080124E0E7B8F130
:10A89400000F02D002B0BDE8F0810B20FAE700BF40
:10A8A400887A0300E07903007888030000B585B056
:10A8B4000DF10F03029300F0E9F801AA012100F061
:10A8C400C5FF20B9029B187805B05DF804FB002091
:10A8D400FAE7000010B504461348FFF775FE90B17F
:10A8E400124C134AA41AE408240406F02BFA024674
:10A8F400104944F0010006F00FFE032010BD43F29E
:10A9040003039842FAD14FF6FF72074B1988204689
:10A91400FFF754FE43F203039842F0D1024A13882E
:10A9240001331380EBE700BF38450020887A030029
:10A93400E0790300F088030000B583B084466B46D9
:10A94400064A92E8030083E80300002219466046A1
:10A9540000F024FD03B05DF804FB00BF90D60300B3
:10A9640046DF704738B50546002405E0044B53F82C
:10A974002430284698470134012CF7D938BD00BF4C
:10A9840098D6030000230F2B03D8C25C1AB90133F5
:10A99400F9E7002070470120704778B181B108B50C
:10A9A40003780A785340012B0CD806220131013078
:10A9B4000CF01CFFB0FA80F0400908BD002070477D
:10A9C400002070470020F8E72DE9F04104460D46C9
:10A9D40000F1110701F111081022013101300CF0CE
:10A9E40005FF50B90646601CFFF7CCFF30B1681C68
:10A9F400FFF7C8FF10B1012600E0002606F00106AB
:10AA040041463846FFF7C9FF637C03F0FE03042B7D
:10AA14000CD0062B11D06B7C03F0FE03042B0ED05C
:10AA2400062B01D0012302E0002300E0002300B143
:10AA34003BB946B153B1002006E00023F7E70023F9
:10AA4400F5E7012000E00020BDE8F0810120FBE7EC
:10AA540070B584B006460D4600F06AFC01AA0DF1FB
:10AA64000E01072000F06CFC50B1BDF80E40AC4262
:10AA7400F4D002993046FFF7A7FF0028EED001E09A
:10AA84004FF6FF74204604B070BD000013280DD8A3
:10AA940010B50446FFF7E0F828B104EB8404054B35
:10AAA40033F8140010BD4FF6FF70FBE74FF6FF704C
:10AAB400704700BF3C450020132816D838B504461B
:10AAC4000D46FFF7C9F868B104EB8404084B03EBA7
:10AAD4004403D3F802202A60DA881B7AAA80AB7177
:10AAE400002038BD43F20200FBE743F20200704746
:10AAF4003C45002038B505464FF6FF73984216D002
:10AB0400002401E00134A4B2132C0CD804EB840318
:10AB1400084A32F81330AB42F4D12046FFF79CF8D0
:10AB24000028EFD001E04FF6FF74204638BD0446FC
:10AB3400FBE700BF3C450020038843B9072B04D83A
:10AB4400C21892782AB90133F8E70020704701202F
:10AB540070470120704738B504460D46FFF7ECFFF7
:10AB640068B122882B889A4208D10822A91CA01C0B
:10AB74000CF03CFEB0FA80F0400900E0002038BD43
:10AB840030B585B0054600F0D3FB01AA0DF10E01E6
:10AB9400072000F0D5FB88B1029C04F14601284649
:10ABA400FFF7D9FF30B904F12A012846FFF7D3FF94
:10ABB4000028EAD0BDF80E0005B030BD4FF6FF7096
:10ABC400FAE70000132804D800EB8000014B23F8B7
:10ABD400101070473C45002038B50546FFF78AFF42
:10ABE4000446284600F0B2FE40B9132C06D804EB04
:10ABF4008404034B4FF6FF7223F8142038BD00BFC2
:10AC04003C45002010B58CB0144600230AE0C3F183
:10AC14000F0C10F80CE003F130020DEB020C0CF8F1
:10AC240030EC01330F2BF2D90023049305930693E0
:10AC34008DF81C3007E0C3F10F02C85C30326A445F
:10AC440002F8200C0133022BF5D96846FFF788FE81
:10AC5400002307E0C3F10F0230326A4412F8102CCB
:10AC6400E2540133022BF5D90CB010BD034602782F
:10AC740002F0FE02042A01D00020704700B585B01E
:10AC84000846B3F80110DA78ADF80C108DF80E20F0
:10AC94009A889B79ADF804208DF8063002AA01A9A0
:10ACA400FFF7B0FF032202A903A80CF09FFDB0FA3E
:10ACB40080F0400905B05DF804FB00000388102B08
:10ACC40072D100B593B00DF11C0E00F1040CBCE878
:10ACD4000F00AEE80F00BCE80F00AEE80F009CE8E0
:10ACE40007008EE807009DF8203003F0FE03062BD2
:10ACF4001BD14FF6FF71BDF81C202C4B02EB8200D8
:10AD040023F8101003EB40030898C3F80200BDF8C1
:10AD140024C09DF82600A3F806C018724FF6FF73EE
:10AD2400994236D113B05DF804FB00F001FB9DF8A5
:10AD340020305A08032B15D9022A10D102AA0DF18A
:10AD44000601072000F0FCFA00B30399013108A8BA
:10AD5400FFF78CFF0028F1D0BDF80610CBE74FF6C3
:10AD6400FF71C8E702AA0DF10601072000F0E8FA16
:10AD740048B10399113108A8FFF70FFE0028F1D05C
:10AD8400BDF80610B7E74FF6FF71B4E74FF6FF7151
:10AD9400B1E7ADF80A20ADF80C1000238DF80830A7
:10ADA40002A8FFF7DFFDBDE7704700BF3C45002068
:10ADB4008ADF70478BDF70478CDF704790F82E3046
:10ADC40043F0040380F82E30A023038650234386E7
:10ADD4000022828690F82E3062F3C40380F82E306D
:10ADE400012380F82F3070474FF4C873438506233E
:10ADF40083841823C38400230385704700B587B078
:10AE040000230193029303930493059306238DF87F
:10AE140004300B1D02930B88ADF80C3000F12E03A7
:10AE24000593C36B0BB101A8984707B05DF804FB09
:10AE340030B587B0002301930293039304930593E1
:10AE44000B79012B01D007B030BD05460C460C48E8
:10AE54000C4BC01AC00800040B4940F0040006F073
:10AE640055FBEB6B002BEED004228DF804202E351D
:10AE7400059522798DF8082001A89847E3E700BFDB
:10AE8400407A0300E0790300708903002DE9F04162
:10AE940005460E4691F82070B0F81C80002401E0AD
:10AEA4000134E4B2BC4209D206EB44124146A8691B
:10AEB400FEF79AFC03460028F2D000E0002318466F
:10AEC400BDE8F08190F82E3003F01803082B03D06E
:10AED400182B03D0002070470120704701207047D1
:10AEE40008B5FFF767FF08BD2DE9F04186B090F87B
:10AEF4002C8090F8233013B906B0BDE8F0810446E5
:10AF04008D1C00F12E0600F12407FFF7E9FF002352
:10AF14000193029303930493059343463A463146BF
:10AF24002846FFF749FF06460D4D0E4BED1AED0876
:10AF34002D0445F004050C49284606F0E7FA0523DC
:10AF44008DF80430029632460849284606F0E4FAA1
:10AF5400002ED1D0E36B002BCED001A89847CBE7CD
:10AF6400407A0300E0790300888903009489030090
:10AF740070B586B004460D460023019302930393F3
:10AF84000493059300F12E030593FFF79BFFC8B9C3
:10AF940094F8226094F821302BBB002211460295CC
:10AFA400002E3AD0914230D003238DF80430E36B65
:10AFB4000BB101A8984704F160010020FFF7F8FEE7
:10AFC40006B070BD02238DF804300295E36B01A82E
:10AFD400984704F160010020FFF7EAFE2946204665
:10AFE400FFF782FFECE721462846FFF74FFF0346B1
:10AFF40040B19DF80C2042F001028DF80C20012292
:10B004001146CCE700220121C9E700238DF8043062
:10B0140029462046FFF768FFC9E7002BC4D0002368
:10B024008DF8043029462046FFF75EFFBFE700286D
:10B034003CD038B50D460446C263232200210CF0EF
:10B0440041FC4DB32B7984F823302B7B84F82C30CE
:10B054002B68CBB1186859689A68C4F82E00C4F8F4
:10B064003210C4F836209B896387AA6882B104F140
:10B0740024031068516803C304F1400323661F23AB
:10B08400A4F86430002038BD2046FFF797FEECE7B3
:10B094002046FFF7A9FEEFE72046FFF78FFE204684
:10B0A400FFF7A2FE002384F82330E5E70E20704763
:10B0B40010B586B0002837D00446002301930293CC
:10B0C400039304930593FFF70BFF2046FFF7FAFE63
:10B0D40030B1E36B23B101228DF8042001A8984715
:10B0E40004F1600104F12E00FFF762FE0446082813
:10B0F40000D068B90D480E4BC01AC00800040D49B1
:10B1040040F0040006F002FA0024204606B010BD08
:10B114000648074BC01AC00800042246064940F0FE
:10B12400010006F0F9F9F0E70E24EEE7407A030097
:10B13400E0790300D0890300AC89030008B5034615
:10B14400084603F10802194631F8043B1B2B0AD0C8
:10B154001D2B04D0102B05D1FFF750FE02E0114641
:10B16400FFF706FF08BDFFF763FEFBE7A0F580408D
:10B1740080B2704700F5804080B27047A0F58040EF
:10B1840080B270470138082806D8DFE800F00705C8
:10B1940005070707070707000020704701207047CD
:10B1A40038B505464FF6FF734380002404B138BD1B
:10B1B400284600F017FB0134F8E700B587B00023F8
:10B1C4000193029303930493059308238DF80430A9
:10B1D400ADF80800039101A8FFF7E2FF07B05DF89E
:10B1E40004FB000030B587B00023234A1370019399
:10B1F40002934FF6FF7000F0B3FC044606E02046CD
:10B2040000F056FC204600F0ABFC04464FF6FF73FA
:10B214009C420AD02046FFF7A9FF01AA03A904F023
:10B2240029FD48F209639842E9D04FF6FF739C4226
:10B2340001D107B030BD2046FFF798FF04F0D8FCD9
:10B24400054648F20763984212D00028F1D00B4813
:10B254000B4BC01AC008000423462A46094940F093
:10B26400010006F063F929462046FFF7A6FFE0E750
:10B27400014B01221A70DCE70C460020A87A030077
:10B28400E0790300E889030070B582B00E461546E4
:10B29400002300930193FFF769FF04463046FFF74C
:10B2A4006DFF01466B462A46204604F0C7FC08B9E8
:10B2B40002B070BD0520FBE7F0B587B0FF282DD89C
:10B2C40005460C4617461E460846FFF75BFF38B393
:10B2D40003AA21462846FFF7D7FF28BB01A903A8E4
:10B2E40004F01AFC054608BBBC70019B5B883B80DC
:10B2F40076B19C003368A34228BF23461E461A46F3
:10B30400029978680CF0ACFAB44203D90C2508E031
:10B31400029B7B6003A804F02BFC02E0072500E0FD
:10B324000725284607B0F0BD0525FAE70525F8E707
:10B33400024B00221A605A60704700BF0446002086
:10B34400F0B587B007460E461446FFF71BFF18B941
:10B354000125284607B0F0BD05463846FFF70EFF25
:10B364000D4A03A904F078FC08B10025F1E701A90E
:10B3740003A804F0D1FB08B10025EAE7A770019BFC
:10B384005A882280029A62609888FFF7F3FE308020
:10B3940003A804F0EDFBDCE704460020F0B587B019
:10B3A400FF2856D806460C4617468D782846FFF7E0
:10B3B400E9FE00284FD03046FFF7D8FEADF80C0068
:10B3C4002846FFF7DBFEADF80E006368049323887C
:10B3D40005936A46A1783046FFF756FF05281AD030
:10B3E40003A9684604F0FAFB0446E4B148F20D638D
:10B3F4009C4220D848F202639C421CD3A4F5064325
:10B40400023B0B2B17D8DFE803F0141616162A0C90
:10B4140016161616160C03A9684604F0D9FB044642
:10B42400E3E7112418E0BFB13946684604F030FC64
:10B4340012E0102410E00B480B4BC01AC0080004A3
:10B4440033462246094940F0010006F06FF8032410
:10B4540002E0072400E00724204607B0F0BD86245C
:10B46400FAE700BFA87A0300E0790300348A0300F6
:10B4740008B54FF6FF7000F001FB08BDFF2806D8A1
:10B4840008B500F003FBFFF7ADFE002008BD072060
:10B49400704708B500F01AFB08BD08B500F048FB7A
:10B4A40008BD08B500F05CFB08BD4FF6FF730380D0
:10B4B4008370FF234372837A23F002038372DBB227
:10B4C40023F001038372002303724360704700007A
:10B4D4000B68032B14D810B403EB4302094C34F863
:10B4E4002220824204D00133032BF5D9002004E04A
:10B4F4000B6003EB430304EB83005DF8044B7047DC
:10B50400002070471046002030B583B005460C4635
:10B514000023019301A9FFF7DBFF06E0019B013340
:10B52400019301A92846FFF7D3FF48B18378A342CA
:10B53400F4D1837A13F0030FF0D14368002BEDD1DB
:10B5440003B030BD0023032B0DDC03EB4301074A9A
:10B5540002EB81025268824201D00133F3E70348CF
:10B5640000EB810070470020704700BF10460020A8
:10B5740008B5FF214FF6FF70FFF7C6FF08BD58B1AD
:10B5840070B50D4614460646FFF7F2FF306010B161
:10B59400058033689C7070BD7047000038B505465F
:10B5A400002405E0044B53F824302846984701341E
:10B5B400032CF7D938BD00BFA0D6030003EB8303E7
:10B5C4001B019BB2817042609B080380704708B5E1
:10B5D4009BB2FFF7F3FF08BD8378013B072B13D819
:10B5E400DFE803F007121212120A040D1423038079
:10B5F4007047012303807047012303807047436829
:10B604009B8809339B0803807047000038B50546C2
:10B61400002406E0697A2144C9B2054800F093FC8D
:10B6240001342B7AA342F5D82846FFF73EFF38BDF4
:10B634004046002030B583B00446002300930193B4
:10B6440083788DF80230417A2D4800F068FC20B3ED
:10B654000246237AA1786846FFF7B9FF6846FFF7E8
:10B66400BBFF224632F8040B6946FFF797FE112808
:10B6740038D01FD860B3072832D0224D224BED1AA0
:10B68400ED082D0405F05EFB024623881F4945F0B2
:10B69400010005F04BFF032022E01A481A4BC01AA0
:10B6A400C0080004627A1A4940F0010005F034FF32
:10B6B400032015E08628E0D1A37A23F00203A372C5
:10B6C400DBB243F00103A372124B01221A7007E0AC
:10B6D400A37A23F00203A372DBB223F00103A37263
:10B6E40003B030BDA37A43F00203A372DBB223F0AC
:10B6F4000103A372074B01221A700020F0E700BF78
:10B7040040460020A07A0300E0790300E08A0300A9
:10B71400A08A03000D46002030B587B00446FFF729
:10B7240089FF10B9012007B030BD4FF6FF72ADF8A4
:10B7340006202288ADF80820862807D107238DF833
:10B74400043001A8FFF72AFF0020ECE708228DF857
:10B7540004200390074D084AAD1AED082D0405F0A6
:10B76400F1FA02462388054945F0010005F0DEFEA2
:10B77400E7E700BFA07A0300E0790300108B030021
:10B7840038B5164B1B783BB305460024134B1C708D
:10B794000DE0124B01221A7001B93DB104EB4400D3
:10B7A4000F4B03EB8000FFF7B7FFA8B10134032C64
:10B7B40012D804EB44020A4B03EB82039B7AC3F3D3
:10B7C400400113F0020FE4D1054B03EB82039B7A93
:10B7D40013F0010FEAD0DCE738BD00BF0D460020AE
:10B7E4001046002038B50446C068FFF7ABFE237846
:10B7F4000A2B0AD0142B15D0092B1BD1637ADBB981
:10B80400E0B1FFF703FF00250DE0637AC3B9C8B1C7
:10B8140000254560837A43F0020383720A4B0122B8
:10B824001A7003E001252046FFF7B8FE2846FFF70B
:10B83400A7FF38BD0025F6E70025F4E70025F2E769
:10B844000025F0E70025EEE70D46002008B50023AB
:10B85400FFF732FD08BD0000002B59D0F0B583B0CE
:10B8640006460C4615461F46CB1FDBB2012B51D8AA
:10B87400531E032B51D8FFF747FE0190D0B1037A32
:10B88400AB424CD1019E737AFF2B1DD00026019B45
:10B894001D72597A244800F042FB024618B3ABB239
:10B8A40021463846FFF78AFE002E3AD0082C28D0CD
:10B8B400002030E02246314601A8FFF760FE019BDC
:10B8C400002BDFD1112026E02946174800F050FB59
:10B8D40070720198437AFF2B01D00126D7E7FFF756
:10B8E400E4FD112017E01148114BC01AC0080004F0
:10B8F400019B5A7A0F4940F0010005F00DFE032028
:10B9040009E03B887A689B00063B9380002002E0B4
:10B914000E207047072003B0F0BD0720FBE70F207F
:10B92400F9E70020F7E700BF40460020A07A0300B3
:10B93400E0790300708B030008B5FFF7E5FD18B14B
:10B94400FFF764FE002008BD0520FCE770B584B055
:10B9540005460023039303A9FFF7BAFD044607E055
:10B96400039B0133039303A92846FFF7B1FD044663
:10B97400D4B1A1782846FFF7DFFF0028F0D00528CE
:10B98400EED0154E154AB61AF608360405F0DAF963
:10B994000246A37800932B46114946F0010005F0B6
:10B9A400D0FD032004B070BD2846FFF767FD0028D2
:10B9B400F8D00728F6D0084C084BE41AE40824040D
:10B9C40005F0C0F903462A46064944F0010005F093
:10B9D400ADFD0320E6E700BFA07A0300E079030091
:10B9E400E48B03003C8C0300CB1FDBB2012B11D88A
:10B9F40070B506460C4615461046FFF74AFD58B189
:10BA040021463046FFF780FD40B105808470FFF782
:10BA140011FE70BD072070470720FAE70520F8E7FC
:10BA240010B5044608464FF6FF739C4204D0FF2C21
:10BA34000CD94FF6FF7010BD4FF4807104F0F9F982
:10BA440080B2B0F5807FF6D12046F4E7214604F0B9
:10BA5400CCF980F0010010F0FF0F01D02046EAE796
:10BA64004FF6FF70E7E708B50346FF2800D908BD85
:10BA74000846194604F0C7F9F9E7000008B5024979
:10BA8400FFF7CEFF08BD00BF504600204FF6FF73FE
:10BA9400984209D010B504460449FFF7C1FF844217
:10BAA40014BF0020012010BD002070477046002004
:10BAB40038B50446044D2946FFF7D5FF05F12001AA
:10BAC4002046FFF7D0FF38BD50460020FF2801D99B
:10BAD4000020704708B50146014804F0A1F908BDEB
:10BAE40050460020FF2801D90020704708B50146C0
:10BAF400014804F095F908BD7046002038B50D469C
:10BB04004FF6FF73984202D0441CA4B203E0002411
:10BB140001E00134A4B2FF2C06D82146284604F0E3
:10BB24007FF90028F5D001E04FF6FF74204638BDB8
:10BB340010B50A49FFF7E2FF044604E0074920462E
:10BB4400FFF7DCFF04464FF6FF739C4204D0204607
:10BB5400FFF7C8FF0028F1D1204610BD5046002051
:10BB640008B50249FFF7CAFF08BD00BF70460020B0
:10BB740038B50546002405E0054B53F82430284623
:10BB840098470134034B1B78A342F5DC38BD00BF52
:10BB9400944600209046002010B586B0848803881F
:10BBA400102B06D0144B19782046FEF7AFF806B0D8
:10BBB40010BD00238DF80330019302930393049383
:10BBC400059301238DF804304FF6FF73ADF8083068
:10BBD400ADF80640083003900DF10303049301A867
:10BBE400FFF7C6FF9DF80320034B19782046FEF7A4
:10BBF400A7F89DF80300DAE7282B0020094B1B78EF
:10BC040003B9704710B50446FFF7C6FF00B110BD75
:10BC14002046FFF753F8204601F032F82046FEF79D
:10BC2400E7FBF4E7AE46002018B108B5FFF7A0FF24
:10BC340008BD704708B5FFF79BFF08BD08B5FFF7BF
:10BC440097FF08BD08B5FFF793FF08BD2DE9F04F36
:10BC540087B00193364B1B78002B63D083468A460A
:10BC640091464FF6FF70FFF718FC04460023059336
:10BC7400042204920293039305AB039304AB02AA38
:10BC84000621FFF719FB072850D04FF6FF77B84677
:10BC94004FF0FF35002611E0059BB34201D3A046C7
:10BCA4001E46AB4201D227461D462046FFF7F5FB50
:10BCB400044604AB02AA0621FFF7FEFA0028EBD0E3
:10BCC4000528F2D04FF6FF739C421BD1984517D03C
:10BCD4009F4213D00020BBF1000F01D0ABF80080CD
:10BCE400BAF1000F01D0CAF80060B9F1000F01D019
:10BCF400A9F80070019BB3B11D6014E00520EAE7C8
:10BD04000520E8E70B4D0C4BED1AED082D0405F06A
:10BD140019F802462346094945F0010005F006FCDE
:10BD2400032000E0082007B0BDE8F08F0520FAE703
:10BD3400AE460020787A0300E0790300A48C030067
:10BD440008B500231A460C490C48FFF77FFF052865
:10BD540004D068B1052809D000220AE0074B4FF649
:10BD6400FF721A80044B00221A60F2E7012200E0FD
:10BD74000122034B1A7008BDA4460020A0460020EF
:10BD8400AD46002030B587B004468088FEF7B2FE89
:10BD940060802378093B032B00F28280DFE803F004
:10BDA4000232457D637AE3B94D4B1B6813B1E268F7
:10BDB40093420ED04B4B1B78002B71D0A2884A4B78
:10BDC4001B889A426CD1237A062B69D1FFF7B8FFFE
:10BDD40066E00023424A1360A188434A1180E3606D
:10BDE4005EE0012B5CD13F4B1B78002B58D0A2881E
:10BDF4003D4B1B889A4253D1237A062B50D1FFF72F
:10BE04009FFF4DE0637A002B4AD1354B1B68002B12
:10BE140046D0E268934243D10022314B1A60334941
:10BE24000B68013B0B60E2603AE0314B1D7855B979
:10BE340001252C4B1B7823B1A2882B4B1B889A42DB
:10BE440028D085B32CE04FF6FF70FFF726FB4FF6A2
:10BE5400FF739842EDD11846FFF723FB4FF6FF73AB
:10BE64009842E6D10025224B1D7001950295039559
:10BE7400049505950D238DF804304FF6FF73ADF846
:10BE84000830ADF806302046FFF772FE01A8FFF730
:10BE94006FFECEE7FFF754FFD3E7154B1B7823B9AA
:10BEA4002046FFF765FE07B030BD0023104A13702B
:10BEB400019302930393049305930E238DF80430A6
:10BEC4004FF6FF73ADF80830ADF80630A36803935E
:10BED4002046FFF74DFE01A8FFF74AFEE3E700BF47
:10BEE400A8460020AD460020A0460020A44600201D
:10BEF400AC46002008B503F078FF80F00100C0B222
:10BF0400BFF35F8F08BD08B5BFF35F8F03F088FFF1
:10BF140008BD08B5BFF35F8F03F075FF08BD38B5E2
:10BF2400054668B10C46006850B1686840B1FF2905
:10BF340007D0FFF7E8FF20B12868EB6803FB040093
:10BF440038BD0020FCE790B138B50C4605460368BF
:10BF54001BB1406808B1FF2900D138BDFFF7D3FFFA
:10BF64000028FAD021466868FFF7D3FFF5E7704749
:10BF7400F8B550B30F460646036843B3436843B36A
:10BF84000025FF2405E02B1B0133BB421BD00135E8
:10BF9400EDB2B3689D4215D229467068FFF7AAFF37
:10BFA40018B1FF2CEFD12C46EDE7FF2CEFD005E0C4
:10BFB40021463046FFF7C7FF0134E4B2A542F7D863
:10BFC400FF24E4E7FF242046F8BDFF24FBE7FF2419
:10BFD400F9E7FF24F7E77EDF70477FDF704786DFEE
:10BFE400704708B5FFF7F7FF042800D008BD1120FB
:10BFF400FCE719B108B5FFF7F4FF08BD002070474E
:10C0040038B504464088FEF741FDA080002505B1FF
:10C0140038BD204600F004FE0135F8E700B587B0CE
:10C0240000230193029303930493059305238DF84E
:10C034000430ADF8060001A8FFF7E2FF07B05DF891
:10C0440004FB00B587B00023019302930393049388
:10C05400059308238DF80430ADF80600039101A878
:10C06400FFF7CEFF07B05DF804FB000000B587B012
:10C0740094460022019202920392049205924FF098
:10C08400040E8DF804E0ADF806008DF80C10ADF840
:10C094000EC08DF81030054B1978FDF751FE01A83C
:10C0A400FFF7AEFF07B05DF804FB00BF2C2B0020A8
:10C0B40000B587B00023019302930393049305937F
:10C0C40002238DF80430ADF806008DF80C1001A899
:10C0D400FFF796FF07B05DF804FB000070B5054656
:10C0E4000C4616460A460E4B1978FDF729FE04B98C
:10C0F40070BD321E18BF01220A4B19782846FDF77D
:10C104001FFE012E14BF00220122074B1978284676
:10C11400FDF716FE31462846FFF7CAFFE8E700BFE1
:10C124002C2B00202B2B00202A2B002000B587B0BD
:10C1340000230193029303930493059306238DF83C
:10C144000430ADF80600039101A8FFF759FF07B0CA
:10C154005DF804FB10B504460088FDF789FD01284D
:10C1640005D0214631F8040BFFF7E0FF10BD02466D
:10C174002088237913F0010F00D102220121FFF757
:10C18400ADFFEEE700B587B000230193029303935C
:10C194000493059307238DF80430ADF8060001A835
:10C1A400FFF72EFF07B05DF804FB00B587B003234B
:10C1B4008DF804300388ADF80630437913F0040F8A
:10C1C4000AD001238DF80C308DF80D1001A8FFF76B
:10C1D40017FF07B05DF804FB0223F3E7F0B583B063
:10C1E40043B304460E4617461D4600F580706B4661
:10C1F4000122072180B2FFF72FFB112818D030BB92
:10C204005022002101980BF05DFB019B1E700199E7
:10C2140001F134032B60EF6001F118032B614B1C17
:10C224006B611B4BEB6111312046FEF745FCF0B905
:10C2340003B0F0BD1748184BC01AC0080004174AD1
:10C24400174940F0010005F067F90320F0E7114DAC
:10C25400114BED1AED082D0404F074FD024623463B
:10C26400104945F0010005F061F90320E0E7094DAC
:10C27400094BED1AED082D0404F064FD0246234633
:10C28400094945F0020005F051F90820D0E700BF44
:10C29400B0460020B87A0300E0790300B0D603006A
:10C2A400208E0300548E0300B88E03002DE9F8435A
:10C2B40004460D461646184B1978FDF727FD90B134
:10C2C400012704F58070072180B2FFF735FB804613
:10C2D40008B1052809D133462A4639462046FFF7D6
:10C2E400C5FEBDE8F8830227EBE70C4B0C4AA3EB31
:10C2F40002094FEAD9094FEA094904F023FD02462D
:10C304002346084949F0010005F010F9414620464A
:10C31400FFF797FEDFE700BF2A2B0020B87A03005F
:10C32400E0790300088F030070B506460C461546F5
:10C334000C4B1978FDF7EAFC00B970BD0A4B19786B
:10C344003046FDF7E3FC28B12A4621463046FFF784
:10C35400ADFFF2E72B46224600213046FFF786FE6A
:10C36400EBE700BF2C2B00202B2B002008B5037912
:10C374003D2B06D04FF4885100220088FFF7D4FFEC
:10C3840008BD41F23D01F7E708B5427902F0030226
:10C3940001790088FFF7C8FF08BD0000F0B585B03B
:10C3A400044600F10C063046FEF7EAFB4FF6FF7335
:10C3B400984227D0054601462088FEF703FC002258
:10C3C40001212088FFF78AFE4FF6FF739D421ED19C
:10C3D400002700231A4639462088FFF700FE064648
:10C3E400082833D000283CD1A37D13F0010F4BD093
:10C3F400002F49D1002341F2060219462088FFF795
:10C4040035FE41E02088FEF741FB0546D7E702AA46
:10C4140007212846FFF71AFAA0B9039FA37D13F05A
:10C42400010F11D097F8443013F0010F01D03437C5
:10C43400CFE7314607F14600FEF78DFB0028F6D121
:10C444000027C6E70027C4E70027C2E70F48104BC0
:10C45400C01AC00800040F4940F0020005F056F865
:10C4640012E00A4F0A4BFF1AFF083F0404F06AFC6B
:10C47400024600952388084947F0010005F061F859
:10C4840031462088FFF7DDFD05B0F0BDB87A030022
:10C49400E0790300748F0300E48F03002DE9F04377
:10C4A40085B00446078800225D4B19783846FDF7AD
:10C4B40047FC637913F0040F3FD007F58076B6B2DA
:10C4C40002AB012207213046FFF7C6F98046002857
:10C4D4003AD13846FEF7DAFA05464FF6FF7398422A
:10C4E40049D04FF000082A4607213046FFF77CFA6E
:10C4F4008146002800F08680862800F08880494E16
:10C50400494BF61AF608360404F01CFC0246009562
:10C514003B46464946F0010005F013F849463846C3
:10C52400FFF78FFD00212046FFF73FFEB8F1000F13
:10C5340007D02846FEF750FB03E000212046FFF712
:10C5440034FE05B0BDE8F083364D374BED1AED08E7
:10C554002D0404F0F7FB02463B46354945F0010043
:10C5640004F0E4FF41463846FFF76BFD0021204606
:10C57400FFF71BFEE5E719460398FEF769FA05463F
:10C584004FF6FF7398421CD001463846FEF71AFB5B
:10C59400284B19783846FDF7B9FB804610B14FF0A7
:10C5A4000008A0E73846FFF739FD224B19783846D2
:10C5B400FDF7ACFB002896D100212046FFF7F5FDDE
:10C5C400BFE7FEF755FF05464FF6FF73984206D0C6
:10C5D40001463846FEF7F6FA4FF0010883E71148A2
:10C5E400114BC01AC0080004134940F0010004F0C4
:10C5F4008DFF04213846FFF724FD00212046FFF774
:10C60400D4FD9EE701212046FFF7CFFD99E7384688
:10C61400FFF7B8FD01212046FFF7C7FD91E700BFF2
:10C624002C2B0020B87A0300E0790300E490030087
:10C6340054900300292B0020B090030008B503791F
:10C6440013B9FFF72BFF08BDFFF79EFEFBE70000C1
:10C6540010B586B00446144B19780088FDF756FBD4
:10C6640008B106B010BD2088FDF726FB38B90123B8
:10C6740041F2060200212088FFF7F8FCF1E70022CE
:10C684000A4B19782088FDF75BFB03238DF80430EF
:10C694002388ADF8063000238DF80C308DF80D306A
:10C6A40001A8FFF7ADFCDCE72B2B00202C2B00208E
:10C6B4002DE9F04188B007460D461646FDF7D8FA35
:10C6C40004462022002168460BF0FCF8012C16D009
:10C6D400002C4FD0002D3FD03846FEF7D7F94FF647
:10C6E400FF73984227D0012C10D04FF000082B780C
:10C6F40013F0010F25D10396204B07932EE000225F
:10C704001F4B19783846FDF71BFBE1E71C4B1978E2
:10C714003846FDF7FBFA10B14FF00008E7E738465A
:10C72400FFF77CFC164B19783846FDF7EFFA28B171
:10C734004FF00008DBE74FF00008D8E74FF085081A
:10C74400D5E7B8F1850F09D06B4632462146384605
:10C75400FFF744FD58B901E04FF08508012C00D0E3
:10C7640000256B462A4641463846FFF736FC08B09A
:10C77400BDE8F08143F20200F9E700BFB0460020B3
:10C78400292B002038B504460D46FDF771FA01281F
:10C7940002D043F2020038BD29462046FFF729FCA7
:10C7A400F9E708B50388113B092B09D8DFE803F042
:10C7B4000508090D0808080811150430FFF7D6FD0F
:10C7C40008BD0430FFF7C6FCFAE70430FFF7E6FDC6
:10C7D400F6E70430FFF732FFF2E70430FFF738FFE3
:10C7E400EEE700000022026042608260014A1268A3
:10C7F40002607047F846002010B504461046002336
:10C8040023606360A360E360236121706280FEF7AC
:10C814003DF9A080204610BD00B583B06A460721CB
:10C82400FFF714F838B9019B93F8443013F0010F63
:10C8340002D0012000E0002003B05DF804FB38B50D
:10C844000546002404B138BD2846FFF7EDF901344C
:10C85400F8E708B5FFF7F3FF08BD30B587B00D461C
:10C8640014460246062101A8FFF7C6FF0395049467
:10C8740001A8FFF7E4FF07B030BD10B586B002464B
:10C884000C46082101A8FFF7B7FF039401A8FFF79E
:10C89400D6FF06B010BD000010B50446134611299A
:10C8A4000DD000226BB10A4B19782046FDF748FAE7
:10C8B4000022084B19782046FDF742FA10BD0122E8
:10C8C400F0E7044B19782046FDF73AFAF6E700BF83
:10C8D4002D2B0020302B002070B586B00546112981
:10C8E40034D8DFE801F02D333333333333332D338E
:10C8F400333333093333332D16461F481F4BC01AC5
:10C90400C00800042A461E4940F0020004F004FE58
:10C914002A4604210DEB0100FFF76EFF96B1337830
:10C9240013F0010F10D102238DF80C3000238DF881
:10C93400103041F20113ADF80E3001A8FFF77FFF6C
:10C9440006B070BD0223EFE70123EDE70C460A4E63
:10C954000A4BF61AF6083604084604F0F3F90246C0
:10C964002B46084946F0010004F0E0FD2146284624
:10C97400FFF783FFE4E700BFB07A0300E079030028
:10C98400509103000892030030B585B004460D466B
:10C9940001A8FFF727FF01AA29462046FFF75DFFFC
:10C9A400094B1A6801992046FFF782FE05460122C9
:10C9B40001462046FFF770FF019A29462046FFF7FB
:10C9C4008BFF05B030BD00BFF046002008B5002144
:10C9D400FFF7DAFF08BD00002DE9F04385B00446F7
:10C9E40016461F46884689B901A8FFF7FBFE01AA2F
:10C9F40000212046FFF731FFDDF80490284B1B7817
:10CA040033B99DF80D301BB9052625E04FF0000918
:10CA1400324649462046FFF7B5FE05460022014648
:10CA24002046FFF739FF112D1AD80123AB4042F6F7
:10CA34000112134229D113F4003F15D04246194B79
:10CA440019782046FDF77CF93246174B19782046B1
:10CA5400FDF776F90026E7B9304605B0BDE8F08366
:10CA640043F202039D4212D0104E114BF61AF608FF
:10CA74003604284604F066F9024623460D4946F07A
:10CA8400010004F053FD0326E5E72E46E3E72E46B6
:10CA9400E1E74A4629462046FFF71EFFDCE700BFD0
:10CAA400F44600202E2B00202F2B0020B07A030008
:10CAB400E07903007492030038B50446084B1978F2
:10CAC400FDF724F90546074B19782046FDF71EF9B2
:10CAD400014601232A462046FFF77EFF38BD00BFEA
:10CAE4002F2B00202E2B0020002943D0F8B505461B
:10CAF4000C46FDF7CFF8064600283DD02846FDF742
:10CB0400C5FF0746022E14BF00260126237866F3CC
:10CB1400000323704FF6FF73C31A18BF0123227852
:10CB240063F3C30222702846FDF7C6F8237860F346
:10CB3400410323702846FDF7CDF8237860F3820380
:10CB440023702846FDF7D4F830B10122237862F32C
:10CB5400041323700020F8BD2846FDF7ADF808B98A
:10CB64000022F3E73846FFF757FE08B90022EDE745
:10CB74000122EBE70E20704743F20200EBE710B509
:10CB840082B00C4600238DF80430E0238DF8043085
:10CB940001A9FFF7A9FF9DF80430DB435BB22278BB
:10CBA4001A4010B912B9012000E0002002B010BDF3
:10CBB40030B583B00446194B1B6833B34088FDF786
:10CBC4007BF8014608B9024621E000258DF804509F
:10CBD400237AC3F340012A4661F382028DF80420CC
:10CBE400D2B263F3C3028DF80420C3F38003D2B23C
:10CBF40063F304128DF8042001A96088FFF7BFFFD6
:10CC040080F00102D2B2294601E000220121012371
:10CC14006088FFF7E1FE03B030BD00BFF846002096
:10CC240010B504460378062B07D0132B01D1FFF768
:10CC3400BFFF2046FFF70DFE10BD81684088FFF757
:10CC4400A3FEF9E708B503780C2B02D8092B02D20E
:10CC540008BD142BFCD100220549064B1878FDF7BA
:10CC640089F800220449054B1878FDF783F8EFE7AB
:10CC7400D1C902002D2B0020BDCA0200302B002098
:10CC840008B5FFF78EFD00220549064B1878FDF71D
:10CC940071F800220449054B1878FDF76BF808BDBC
:10CCA400D1C902002D2B0020BDCA0200302B002068
:10CCB4000268134600E01B6813B18B42FBD101E00C
:10CCC4000A60016070470346006808B102681A6090
:10CCD4007047000038B5054608B9064C04E0064C18
:10CCE40002E04368284698472046FFF7ECFF0028F7
:10CCF400F7D138BD044700200C47002010B5044686
:10CD040010B1012C06D010BD054B01225A70FFF75B
:10CD1400E1FFF6E70120024B9870FFF7DBFFF2E733
:10CD2400FC46002000B1704708B5034B01225A703D
:10CD3400FFF7D0FF08BD00BFFC46002008B505F092
:10CD440073F820B9074BD3F800342BB108BD06495A
:10CD54007B2002F0A9FFF5E700F0EEF9034B002277
:10CD64009A70F3E700000140DC920300FC460020C7
:10CD740010B5104B1B784BB185240F4BD3F80034FE
:10CD840013B10C4B01229A70204610BD094B0022AE
:10CD94009A605A601A61DA60084800F07FF9044624
:10CDA40005F042F818B1034B01221A70E5E700F0D0
:10CDB4008DF9F8E7FC4600200000014001CD020097
:10CDC40010B582B00446224B1B78D3B1204B9B781C
:10CDD400E3B114B163680120984700238DF807304C
:10CDE4000DF1070002F038F8194AD3680133D36013
:10CDF4009DF8070002F042F8154BDB680BB302B054
:10CE040010BD1449F62002F04FFFDFE700238DF830
:10CE140007300DF1070002F01FF81CB121460E483F
:10CE2400FFF746FF0A4BDB6843B1094AD368013375
:10CE3400D3609DF8070002F021F8DDE700F05CF90B
:10CE4400F3E704494FF4897002F02EFFD7E700BFDF
:10CE5400FC460020DC9203000C47002000B583B0A0
:10CE6400144B1B78B3B1134BDB68CBB100238DF8A3
:10CE740007300DF1070001F0EFFF0E4BDA68013ABD
:10CE8400DA60DB6893B19DF8070001F0F7FF03B0A7
:10CE94005DF804FB084940F2171002F005FFE2E7D1
:10CEA40005494FF48C7002F0FFFEDFE7FFF746FF01
:10CEB400E9E700BFFC460020DC92030000B583B024
:10CEC40001280DD0032823D038B9184B0122C3F808
:10CED4008020BFF34F8FBFF36F8F03B05DF804FB67
:10CEE40000238DF807300DF1070001F0B5FF104B5A
:10CEF4001B7853B10E4BDA680132DA6001229A7062
:10CF04009DF8070001F0BAFFE7E7FFF731FFF1E70B
:10CF1400074B1B7823B100F0D9F8FFF79FFFDCE73C
:10CF2400044940F2522002F0BFFEF4E700E100E0C1
:10CF3400FC460020DC92030000B587B003788DF82E
:10CF440004304368029383688DF80C30C3680493FB
:10CF540003698DF81430054B53F82130044A52F814
:10CF6400211001A8984707B05DF804FB2047002072
:10CF74001047002070B584B08C46144686461EF8CF
:10CF8400045B1C4A42F825401B4A42F825301B4BDF
:10CF94000FCB04AE06E90F009CF800308DF800308A
:10CFA4009CF801308DF801309CF802308DF8023085
:10CFB4009CF803308DF803309CF804308DF805306C
:10CFC4009CF805308DF80630DCF8083002939CF8A4
:10CFD4000C308DF80C309CF80D308DF80D3004B108
:10CFE400074C2B4622466946704601F0B7FC04B054
:10CFF40070BD00BF2047002010470020C0D60300AA
:10D004003DCF0200002807DB00F01F024009012386
:10D014009340024A42F82030704700BF00E100E02C
:10D02400002808DB4901C9B200F1604000F5614005
:10D0340080F80013704700F00F004901C9B2014B9A
:10D044001954704714ED00E038B505460C468B1EA4
:10D05400DBB2012B03D94B1FDBB2022B04D82146D0
:10D064002846FFF7DDFF38BD02496B2002F01CFEA5
:10D07400F5E700BF8093030008B5074B1B6813F066
:10D08400010F00D008BD06210020FFF7DDFF0020BE
:10D09400FFF7B8FFF6E700BF00E100E010B5044673
:10D0A40048B1084B1B795BB9064B1C6001221A710D
:10D0B4000020587110BD0449A42002F0F5FDF0E7EA
:10D0C4008520F7E730470020D093030008B5084BCC
:10D0D4001B793BB1FFF7D0FF4FF080430122C3F827
:10D0E400182508BD0349BD2002F0DEFDF2E700BFAC
:10D0F40030470020D093030000B583B00C4B1B795C
:10D1040083B14FF080430022C3F80421D3F80421F3
:10D114000192019A0222C3F8042301229A6003B007
:10D124005DF804FB0349EA2002F0BEFDE9E700BF15
:10D1340030470020D093030000B583B00F4B1B7918
:10D14400BBB14FF080430222C3F808230022C3F886
:10D154000421D3F804210192019A0122DA604FF0EC
:10D164008043D3F8183413F4803FF8D103B05DF84A
:10D1740004FB0349F72002F097FDE2E73047002063
:10D18400D093030000B583B04FF08043D3F800314F
:10D194009BB14FF080430022C3F80021D3F8002153
:10D1A4000092009A0122C3F80823104B5B7923B93B
:10D1B4000E4B5A711B68002098474FF08043D3F8F8
:10D1C40004317BB14FF080430022C3F80421D3F82B
:10D1D40004210192019A0222C3F80823034B1B681D
:10D1E4000120984703B05DF804FB00BF30470020DE
:10D1F400002807DB00F01F02400901239340024A84
:10D2040042F82030704700BF00E100E0002808DB4E
:10D214004901C9B200F1604000F5614080F8001393
:10D22400704700F00F004901C9B2014B195470470F
:10D2340014ED00E010B40D4C00F5A27054F8203049
:10D2440023F44F3323F4407344F8203054F820304F
:10D25400090201F47C51120402F4403211430B43DD
:10D2640044F820305DF8044B704700BF0060004074
:10D2740000B583B084468E460D4B93E8030002ABA1
:10D2840003E9030063460BE002A901EB830151F8B3
:10D29400081CD1F8200542F8040BC1F8200501331D
:10D2A4000CEB0E009842EFD803B05DF804FB00BF0E
:10D2B400D0D60300430904D0012B0BD14FF6FF73E2
:10D2C40001E04FF0FF3300F01F0023FA00F000F0FC
:10D2D400010070470023F6E7034B034493F9600011
:10D2E40000F03F00704700BF38470020034B034461
:10D2F40093F96000C0F38110704700BF38470020E5
:10D3040010B5864614461AB100234FF0080C04E009
:10D3140008234FF00C0C00E00133634513D20B4A91
:10D3240052F82320B2F1FF3FF6D158B2074A02EB7C
:10D334000E0C8CF8300042F8231034B9083B134427
:10D3440083F860E001E04FF0FF3010BD3847002063
:10D35400064B4FF0FF3243F82020072804D9083841
:10D364000344FF2283F86020704700BF3847002041
:10D3740010B50446024602210020FFF779FF00237E
:10D38400012B04D854F823201AB90133F8E70020FC
:10D3940010BD0120FCE7000010B504460068FFF74B
:10D3A40089FF38B123681F2B0AD903F01F032360B8
:10D3B400054810BD05494FF4F67002F075FCF1E71D
:10D3C4004FF0A040F5E700BF00030050CC820300FB
:10D3D40010B582B00C46019001A8FFF7DDFFA40050
:10D3E400019B03F5E07340F8234002B010BD00B583
:10D3F40083B0019001A8FFF7CFFF019B03F5E07311
:10D4040050F8232022F0020240F8232003B05DF8F4
:10D4140004FB00B583B0019001A8FFF7BDFFD0F86D
:10D424001005019BD84000F0010003B05DF804FB37
:10D4340010B582B001900C4601A8FFF7ADFF019B27
:10D4440003F5E07350F8232022F4403240F82320FF
:10D4540050F8232042EA044240F8232002B010BDD1
:10D4640000B583B0019001A8FFF796FF019B03F577
:10D47400E07350F82300C0F3014003B05DF804FBEF
:10D4840000B583B0019001A8FFF786FF0123019A3C
:10D494009340C0F8203503B05DF804FB2DE9F0415A
:10D4A400064645E0032126E0B8F1010F36D1414696
:10D4B400284698470134032C36D81F4B234493F94C
:10D4C4006030B3F1FF3FF5D02046FFF705FF054676
:10D4D400C20800F0070101238B40B25C1342E9D07B
:10D4E4002046FFF703FF80462846FFF7B9FF0746AB
:10D4F4000228D7D002212846FFF79AFF2846FFF7D3
:10D50400BFFF0D4B5A1992F9302053F82230002BEB
:10D51400D0D0B8F1030FCAD0022FC5D0032FC9D180
:10D52400B8F1020FC6D1C2E73046FFF721FF08B1B8
:10D534000024C0E7BDE8F0813847002030B583B04F
:10D544001C4B93F86A5095BB2C4601E00134E4B2BD
:10D554002F2C0FD82046FFF7ADFE0028F6D0154B30
:10D564002344FF2283F83020F0E72846FFF7F0FE3B
:10D574000135EDB20B2DF8D90F4D00242C60AC8091
:10D5840006210846FFF742FE0620FFF731FE0B4B4B
:10D59400C3F87C41D3F87C210192019A4FF00042F8
:10D5A400C3F804230123AB71204603B030BD082027
:10D5B400FBE700BF384700209C4700200060004084
:10D5C40070B504460D461646FFF774FE38B1254B78
:10D5D400234493F93030002B07DB082070BD224927
:10D5E4004FF40C7002F060FBF1E7AA78C2F340023A
:10D5F40031462046FFF784FE0646B0F1FF3F2FD0A8
:10D60400AB7813F0040F0FD113F0010F1CD0204698
:10D61400FFF7EDFEE30804F0070C1448C25C012197
:10D6240001FA0CF10A43C254AB7813F0020F10D183
:10D63400083E0C4B334493F96020297842EA811266
:10D6440083F860200020C9E769782046FFF7C0FE10
:10D65400E0E72A7821463046FFF7ECFD0020BDE7DD
:10D664000420BBE738470020709403009C47002047
:10D6740030B583B004460D46FFF71CFED0B12C4BE9
:10D68400234493F93030002B1ADB294B234493F9BC
:10D694003000072823DD0838FFF728FE0546032855
:10D6A40014D0012819D0032529462046FFF7C0FECF
:10D6B40003B030BD1F494FF4187002F0F5FADEE7ED
:10D6C4001C4940F2612002F0EFFADEE72046FFF742
:10D6D400A0FE0028E8D10225E6E70225E4E7C3B26C
:10D6E400072BE5D800F140039BB29B009BB2124983
:10D6F40000F5A27C51F82C2042F0010241F82C20C4
:10D7040003F1804303F5C04300221A601B680193B0
:10D71400019B002DCCD0064B1C4494F9302053F8C7
:10D724002230002BC4D001238340C1F80433BFE767
:10D7340038470020709403000060004010B5044690
:10D74400FFF7B8FD30B12046FFF763FE003818BF7D
:10D75400012010BD024940F2B22002F0A5FAF2E71E
:10D764007094030070B584B00025029503950120E0
:10D774004FF48073294603E0400004339BB2013127
:10D78400072912D803F1804202F5C0421468012C23
:10D79400F2D1234CD4F804432042EDD00024146089
:10D7A40012680092009A0543E6E71D4BD3F87C31DA
:10D7B400012B06D015F0FF0F2AD1002D2BDB04B06E
:10D7C40070BD174B0020C3F87C01D3F87C31019362
:10D7D400019B45F0004502AA0221FFF749FDE9E754
:10D7E40076000134072CE8D82E42F9D00C4B04F50E
:10D7F400A27253F82200C0F3052053F82210C1F39B
:10D804000141084B53F82430002BE9D09847E7E74F
:10D8140001260024E6E702A8FFF740FECFE700BF99
:10D824000060004038470020034B984201D1034870
:10D8340070470020704700BF00200040A44700202C
:10D8440008B5064B1B681BB1044B1B68984708BD01
:10D854000349512002F028FAF6E700BFA44700204C
:10D864001895030070B582B00C460546B8B1284639
:10D87400FFF7DAFF0546B8B100238DF807300DF144
:10D88400070001F0E9FA2E7916B92C6001232B71F7
:10D894009DF8070001F0F2FA4EB9002005E00549B1
:10D8A400772002F001FAE2E7002002B070BD1120F7
:10D8B400FBE700BF18950300002807DB00F01F02F8
:10D8C400400901239340024A42F82030704700BFC8
:10D8D40000E100E0002808DB4901C9B200F1604022
:10D8E40000F5614080F80013704700F00F00490113
:10D8F400C9B2014B1954704714ED00E0430904D038
:10D90400012B0BD14FF6FF7301E04FF0FF3300F012
:10D914001F0023FA00F000F0010070470023F6E72F
:10D9240010B483B0844602240C714A71096889B129
:10D9340012F0040F23D1822112F0080F01D041F01C
:10D94400200112F0100F01D021F08001DCF800005A
:10D95400C0F80013DCF800100024C1F80441D1F829
:10D9640004110191019912F0800F0AD1DCF8002012
:10D974000121D150002003B05DF8044B704792217F
:10D98400DAE7DCF800001844F5E730B585B0044662
:10D994000D46D0F8103173B10023C0F81031D0F81F
:10D9A40010310093009B4B7913F0040F03D00B68E4
:10D9B4000BB101209847D4F8143173B10023C4F893
:10D9C4001431D4F814310193019B6B7913F0080FCF
:10D9D40003D02B680BB102209847D4F81C3173B1E3
:10D9E4000023C4F81C31D4F81C310293029B6B79D8
:10D9F40013F0100F03D12B680BB100209847D4F813
:10DA0400043163B10023C4F80431D4F8043103931E
:10DA1400039B01232B712B680BB10320984705B09E
:10DA240030BD000010B504460068FFF767FF38B149
:10DA340023681F2B0AD903F01F032360054810BD78
:10DA440005494FF4F67002F02FF9F1E74FF0A040CA
:10DA5400F5E700BF00030050CC82030000B583B09B
:10DA6400019001A8FFF7DEFF0123019A9340C0F85B
:10DA7400083503B05DF804FB00B583B0019001A83C
:10DA8400FFF7D0FF0123019A9340C0F80C3503B08F
:10DA94005DF804FB00B583B0019001A8FFF7C2FF55
:10DAA400019B03F5E073032240F8232003B05DF8E3
:10DAB40004FBF0B585B007460E4600240AE0FFF7E4
:10DAC400CDFF04AB03EB850555F8100CFFF7E2FF1F
:10DAD4000134E4B2032C18D82546335DFF2B0CD057
:10DAE40023F0800004AA02EB840242F8100C13F025
:10DAF400800FE4D1FFF7C0FFE3E74FF0FF3204AB40
:10DB040003EB840343F8102CE2E7386800230AE0AF
:10DB140004AA02EB830252F8101C03F5AC7240F81D
:10DB240022100133DBB2032BF2D905B0F0BD0000A3
:10DB340038B505460C468B1EDBB2012B03D94B1FAF
:10DB4400DBB2022B04D821462846FFF7C3FE38BDBA
:10DB540002496B2002F0A8F8F5E700BF80930300A8
:10DB640070B506460C461546012904D84DB1293432
:10DB74006401355170BD064940F2B72002F094F8B3
:10DB8400F4E703494FF42E7002F08EF8EFE700BF7C
:10DB9400B895030070B505460C461646012908D809
:10DBA4006EB116F4004F10D1293405EB44156E60A4
:10DBB40070BD09494FF4307002F076F8F0E7064979
:10DBC40040F2C12002F070F8EBE7034940F2C220B2
:10DBD40002F06AF8E8E700BFB895030070B50446A0
:10DBE4000E461546012907D8B5F1807F0AD204EB09
:10DBF4004614C4F8285570BD054940F2CA2002F005
:10DC040053F8F1E7024940F2CB2002F04DF8EEE779
:10DC1400B895030070B504460E461546012907D889
:10DC2400B5F1807F0AD204EB4614C4F82C5570BDBC
:10DC3400054940F2D32002F037F8F1E702494FF4E6
:10DC4400357002F031F8EEE7B895030070B504467C
:10DC54000D461646A2B1326829462046FFF780FFDA
:10DC6400B28829462046FFF795FFB2682946204628
:10DC7400FFF7B4FFF26829462046FFF7CBFF70BDDB
:10DC8400024940F2AB2002F00FF8E4E7B895030034
:10DC94002DE9F04784B0044617460D46002964D0A8
:10DCA4002679384B03EBC6031B79002B68D1354B1F
:10DCB40043F8367029462046FFF7FBFE236801220D
:10DCC400C3F80025276895F805A095F80690B5F8DF
:10DCD4000880B5F90830002B4CDBC7F80CA5C7F851
:10DCE4000495C7F808852268AB7AE97A43EA0123E8
:10DCF400C2F8103522680023C2F800322268C2F844
:10DD040000332268C2F81C31D2F81C210392039A12
:10DD14002268C2F81031D2F810210292029A2268C5
:10DD2400C2F81431D2F814210192019A2268C2F87F
:10DD34000431D2F804310093009B124B53F836306F
:10DD440053B12068297940F30730FFF7F1FE2068CA
:10DD540040F30730FFF7B0FD0A4B03EBC603012283
:10DD64001A71002004B0BDE8F0870749802001F053
:10DD74009BFF95E705494FF4287001F095FFACE748
:10DD84000820EFE7AC47002008960300B89503008D
:10DD94002DE9F04104460F4616461D460279254BEF
:10DDA40003EBC20898F8043003B32EB33B6803F0C6
:10DDB4006043B3F1005F25D13A4600212068FFF7A4
:10DDC40045FF3A4601212068FFF740FF06F00101B4
:10DDD400226801EB5603C2F8143515F0010F17D170
:10DDE40015F0020315D001B3082312E012494FF4D1
:10DDF4008D7001F059FFD8E70F4940F21B1001F074
:10DE040053FFD3E70C494FF48E7001F04DFFD3E775
:10DE140010232268C2F80032EAB241B10C23414611
:10DE24002046FFF77DFDBDE8F0810423F1E70823D8
:10DE3400F5E700BFAC4700200896030038B5044658
:10DE440005790F4B03EBC5031B798BB10C4B03EB2B
:10DE5400C5031B79DBB2022B10D001202368D3F851
:10DE6400043123B1064B03EBC5030120187138BDFF
:10DE740004494FF4CC7001F017FFE7E70020EDE709
:10DE8400AC4700200896030038B504460D460279D5
:10DE9400104B03EBC2031B79ABB123680022C3F818
:10DEA4000022236801225A602046FFF7C7FF034679
:10DEB40038B92046FFF7C2FF034610B9002DF8D148
:10DEC4002B46184638BD044940F2731001F0ECFEAD
:10DED400E3E700BFAC4700200896030008B50249F9
:10DEE4000248FFF752FD08BDAC47002000C00140C6
:10DEF400002807DB00F01F02400901239340024A77
:10DF040042F82030704700BF00E100E000280CDB3D
:10DF140000F01F024009012393402030034A42F8D5
:10DF24002030BFF34F8FBFF36F8F704700E100E0E5
:10DF3400002808DB4901C9B200F1604000F56140E6
:10DF440080F80013704700F00F004901C9B2014B7B
:10DF54001954704714ED00E010B40B7803F0030378
:10DF64004A78120102F0300213438A78120202F452
:10DF7400E0621343CA78120302F4805213430A790D
:10DF8400120402F4E02213434A79120502F48012C7
:10DF940013438A79120602F080721343074A02EB94
:10DFA4000014C4F81835CC79097A5130030102EB16
:10DFB40000104160D4505DF8044B7047007000407D
:10DFC40038B505460C468B1EDBB2012B03D94B1F1B
:10DFD400DBB2022B04D821462846FFF7A9FF38BD3F
:10DFE40002496B2001F060FEF5E700BF8093030057
:10DFF40010B588B0684BD3F80431002B2CD0664B95
:10E004000022C3F80421D3F804310093009B634B2E
:10E0140093F82E2012B193F82F30EBB100238DF832
:10E0240014305E4B596806911989ADF81C10D968F3
:10E03400002964D0594B188B5883596018810021EA
:10E04400D96012B9544B01221A60544C236805A8B4
:10E054009847002384F82F30504B93F82E3053B355
:10E064004D4BD3F8003133B34B4B0022C3F800219E
:10E07400D3F800310193019B484A538B92F82D2029
:10E0840093423FD99B1A9BB244494B834868098900
:10E0940089B2CB1A00EB43033F49C1F82C36C1F8CF
:10E0A40030263D4B0022C3F80421D3F80421029208
:10E0B400029A01225A60384BD3F810317BB1364BA7
:10E0C4000022C3F81021D3F810310393039B334B80
:10E0D4001A7402228DF814201B6805A898472E4B49
:10E0E400D3F814314BB32C4A0023C2F81431D2F8BC
:10E0F40014210592059A294A137408B010BD002210
:10E104001A74A2E7934208D09342CAD1234B012246
:10E1140083F82F2000225A83C3E72049C9680029C5
:10E12400F2D01E4B012083F82F00002058831A4B95
:10E13400C3F82C16C3F83026B3E7184B5C69002CDF
:10E14400DBD0B4FA84F34FF00042DA4024EA02044C
:10E1540046339B0003F1804202F5E0421168002936
:10E16400EDD00021116012680492049A01228DF806
:10E174001420A3F58C73C3F3C7028DF8182013F091
:10E18400040F0CBF01230B468DF81930034B1B6899
:10E1940005A89847D3E700BF00700040B4470020AB
:10E1A40070B584B00C460646002849D0002C4CD0EB
:10E1B400294B93F82C30002B4CD1274D2C6033780D
:10E1C400264CC4F8F0357378C4F8F435F37885F840
:10E1D4002E30012385F82C3000232B7485F82D3044
:10E1E4006B6185F82F306FF00042C4F80823C4F83F
:10E1F4000431D4F804210392039AC4F80031D4F80A
:10E2040000210292029AC4F81431D4F81431019313
:10E21400019BB1780720FFF7D3FE0720FFF768FEC4
:10E224000223C4F8043395F82E3013B10122C4F844
:10E2340004230A4B0122C3F80025002004B070BD5A
:10E244000749D82001F030FDB0E70549D92001F095
:10E254002BFDADE70820F1E7B44700200070004033
:10E26400A496030038B505460C462D4B93F82C3084
:10E27400002B34D0072D38D82A4BD3F8F43513F0BB
:10E28400FF0F04D0264B93F82D30002B33D1E379C4
:10E29400013BDBB20C2B34D8237A0D2B37D8204B1F
:10E2A4001B7C002B39D105F10C021D4B03EB4203FF
:10E2B4001B792BB91A4A92F82D30013382F82D308C
:10E2C400E27905F10C01164B03EB41031A71227A32
:10E2D4005A7121462846FFF73FFE002038BD1249F7
:10E2E40040F2251001F0E0FCC4E70F494FF49370AD
:10E2F40001F0DAFCC0E70C494FF4947001F0D4FC4F
:10E30400C5E709494FF4967001F0CEFCC4E706490D
:10E314004FF4977001F0C8FCC1E71120DEE700BF9D
:10E32400B447002000700040A4960300404B1B7CBF
:10E33400002B7AD130B583B03D4A012414743D4B8F
:10E344000325C3F80853C3F82C16C3F8304692F8D3
:10E354002D30A3420DD9002209E0D3B235495133FF
:10E364001D0101EB031300245C604C510132072AA8
:10E37400F3D900F10C022E4B03EB420319795C79BB
:10E384002C4B5130020103EB0010446099500122E0
:10E394001A605A6042F21073264AD2F804211AB95C
:10E3A400013BF9D1002300E00123A3B1214B00225A
:10E3B400C3F80021D3F8001101910199C3F8042195
:10E3C400D3F804310093009B194B93F82D30012BA3
:10E3D40019D9002215E018494FF4D27001F064FCF9
:10E3E400E4E702F10C01124B03EB41031C795D7964
:10E3F400D3B210495133180101EB03135D600C5083
:10E404000132072AEDD90A4B93F82E3043B1094B58
:10E414000322C3F804230020054B187403B030BD55
:10E42400044B0222C3F80423F5E71120704700BF10
:10E43400B447002000700040A4960300F8B50546D8
:10E444000E461446414B93F82C30002B3BD03F4BE7
:10E454001B68002B3DD016F5006F40DBB4F5006F50
:10E4640043DAA64247DAB2B242EA04422B0103F18C
:10E47400804303F5E043C3F81C25072D41D86F0002
:10E484008021B94016F5006F41D0304843697E1CA5
:10E494004FF00042F240134343612D4BC3F8041381
:10E4A400072D41D84023BB4040F2FF72944241D033
:10E4B400264842694FF00041F9400A434261244A28
:10E4C400C2F80433F8BD234940F2692001F0ECFBA3
:10E4D400BDE7204940F26A2001F0E6FBBBE71D4995
:10E4E40040F26B2001F0E0FBB8E71A494FF41B70CF
:10E4F40001F0DAFBB5E7174940F26D2001F0D4FBD7
:10E50400B1E7154940F2D62001F0CEFBB7E70F483A
:10E5140043697E1C4FF00042F24023EA0203436148
:10E524000B4BC3F80813BBE70B4940F2D62001F0AC
:10E53400BBFBB7E7054842694FF00041F94022EAC6
:10E5440001024261024AC2F80833BBE7B447002023
:10E5540000700040A49603003C97030038B50446BD
:10E5640007282BD81C4B93F82C306BB31A4B1B7C0D
:10E5740083BB04F10C02184B03EB42031B792BB150
:10E58400154A92F82D30013B82F82D3004F10C022B
:10E59400114B03EB420300251D715D710F4A04F119
:10E5A4005103190102EB03135D60555040F2FF72F1
:10E5B4000B492046FFF742FF284638BD09494FF46E
:10E5C400B17001F071FBCDE7064940F2631001F030
:10E5D4006BFBCBE71120F0E7B4470020007000404C
:10E5E40000F8FFFFA496030010B5244B93F82C30D9
:10E5F4009BB1234C6FF00043C4F808330720FFF7A6
:10E6040085FC0123A36042F210731D4AD2F8142141
:10E614004AB9013BF9D1002306E01A4940F2071038
:10E6240001F042FBE5E7012333B10024144BC3F8A6
:10E634000045124B1C7406E012494FF4887001F037
:10E6440033FBF2E70134072C12D804F10C020B4B14
:10E6540003EB42031B79002BF4D0E0B2FFF77EFFFB
:10E664000028EFD007494FF48D7001F01DFBE9E756
:10E67400024B002283F82C2010BD00BFB4470020B9
:10E6840000700040A4960300002807DB00F01F027E
:10E69400400901239340024A42F82030704700BFEA
:10E6A40000E100E0002808DB4901C9B200F1604044
:10E6B40000F5614080F80013704700F00F00490135
:10E6C400C9B2014B1954704714ED00E0003A18BF69
:10E6D4000122022908D0032909D0012901D142F0DD
:10E6E4000202C0F85425704742F00402F9E742F0F0
:10E6F4000602F6E7430904D0012B0BD14FF6FF7352
:10E7040001E04FF0FF3300F01F0023FA00F000F0A7
:10E71400010070470023F6E710B504460068FFF7D0
:10E72400E9FF38B123681F2B0AD903F01F032360C4
:10E73400054810BD05494FF4F67001F0B5FAF1E74C
:10E744004FF0A040F5E700BF00030050CC82030067
:10E7540010B582B00C46019001A8FFF7DDFFA400BC
:10E76400019B03F5E07340F8234002B010BD00B5EF
:10E7740083B0019001A8FFF7CFFF019B03F5E0737D
:10E78400032240F8232003B05DF804FB00B583B0F6
:10E79400019001A8FFF7C0FF0123019A9340C0F83C
:10E7A4000C3503B05DF804FB00B583B0019001A8FB
:10E7B400FFF7B2FF0123019A9340C0F8083503B074
:10E7C4005DF804FB10B582B08446106820B100F0F7
:10E7D4006044B4F1005F34D1946824B104F060441F
:10E7E400B4F1005F2DD15468CCF84405CCF8484509
:10E7F4009068D268CCF83405CCF838250022CCF8DF
:10E804001821DCF818210192019A13F0010F1DD090
:10E814000122CCF8502513F0020F1BD00122CCF8B2
:10E82400402513F0080F02D10122CCF810200A6809
:10E83400A2B113F0040022D04023CCF80833002006
:10E8440002E000234B77102002B010BD0022CCF868
:10E854005025E0E70022CCF84025E2E7DCF8183147
:10E86400002BFBD0C87FFF280DD08B7F1BB1FFF797
:10E874008DFF0020E8E7FFF797FF0020E4E740233F
:10E88400CCF80433E0E70020DEE710B50446C07F8F
:10E89400FF2803D0A37F53B1FFF778FF00236377EA
:10E8A4002372204650F8083B6168984710BDFFF773
:10E8B4007BFFF3E738B505460C468B1EDBB2012B14
:10E8C40003D94B1FDBB2022B04D821462846FFF79D
:10E8D400E9FE38BD02496B2001F0E6F9F5E700BF17
:10E8E40080930300D0F81831B3B110B582B00C4650
:10E8F4000023C0F81831D0F818310193019B0B683C
:10E9040023B12046FFF7C1FF02B010BD034940F216
:10E91400972001F0C9F9F4E7704700BF949703000A
:10E9240008B502490248FFF7DDFF08BDE4470020AF
:10E934000030004008B503494FF04020FFF7D2FFF4
:10E9440008BD00BF0848002008B502490248FFF787
:10E95400C9FF08BD2C480020003002402DE9F047D3
:10E9640082B00646914698460D46002900F08A80FA
:10E97400347904EBC403534901EB83010B7F002B6F
:10E9840040F099803768504B53F824103846FEF70E
:10E9940069FF8246002840F091804A4B04EBC40290
:10E9A40003EB820143F82290C1F804802B7B012BF6
:10E9B4006DD92878FFF7F8FE2B78019301A8FFF7AB
:10E9C400ABFE019B03F5E073012240F8232095F888
:10E9D4000180B8F1FF0F5ED14FF0FF39A878FF280E
:10E9E40061D14FF0FF38A97804EBC402354B03EB37
:10E9F400820383F82010E878D877FF280ED02B798B
:10EA0400002B55D0FFF7C2FEE878FFF7B0FE297956
:10EA140004EBC4022B4B03EB820399772B78C7F8E2
:10EA24000835C7F80C95C7F81085AB68C7F82435C6
:10EA34006A7B297B3846FFF749FEAB79C7F8C035B6
:10EA44000723C7F8003504EBC4031E4A52F82330E9
:10EA540053B13068697940F30730FFF72BFF306812
:10EA640040F30730FFF710FE164B04EBC40203EB30
:10EA7400820200215177134601221A77504602B0D0
:10EA8400BDE8F0871149AD2001F00EF970E7287850
:10EA9400FFF77CFE90E7C1464046FFF777FE40460D
:10EAA400FFF765FE9AE780460121FFF751FE9AE7DA
:10EAB400FFF77AFEA8E74FF0080ADFE74FF0110AE4
:10EAC400DCE700BFE4470020D8D603009497030096
:10EAD4002DE9F04106460D469046047904EBC40343
:10EAE400354F07EB83073B7F002B48D02B68002B67
:10EAF4004BD0AB68002B51D03379022B07D8EB688D
:10EB0400B3F5803F03D26B68B3F5803F04D32B4940
:10EB14004FF40C7001F0C8F804EBC402264B03EB6D
:10EB240082035B7F002B45D11346234A52F82330DE
:10EB34004BB118F0140F06D104EBC4021E4B03EBC7
:10EB4400820301225A7704EBC4021B4B03EB820CB1
:10EB54000CF10C0E95E80F008EE80F009CF81F00D6
:10EB6400FF2804D09CF81E300BB3FFF71DFE43466C
:10EB74002A4639463068FFF725FEBDE8F0810F4983
:10EB840040F22D2001F090F8B0E76B68002BB0D074
:10EB94000A4940F22E2001F087F8AAE7EB68002B1F
:10EBA400AAD0064940F22F2001F07EF8A4E7FFF72F
:10EBB400EDFDDCE71120E0E7E44700209497030033
:10EBC400F0B583B005460F461646002401E0013433
:10EBD400E4B2B44215D2A00000F5A0704FF4803323
:10EBE400A3402A58002AF2D0D5F804231342EED0C9
:10EBF40000232B502B580193019B3B68796898475D
:10EC0400E5E703B0F0BD000008B50422024903485B
:10EC1400FFF7D6FF08BD00BF504800200080004029
:10EC240008B5042202490348FFF7CAFF08BD00BF24
:10EC34005C4800200090004008B5042202490348C3
:10EC4400FFF7BEFF08BD00BF6848002000A00040D9
:10EC540008B5062202490348FFF7B2FF08BD00BF0A
:10EC64007448002000A0014008B506220249034868
:10EC7400FFF7A6FF08BD00BF8048002000B0014098
:10EC840000B583B002900091019244F201007146F4
:10EC94006A4604F015FB03B000BD000030B585B032
:10ECA4004568002D48D00446037B002B46D1026002
:10ECB400EFF3058323B300230393009303AB0A46C6
:10ECC4000921284607F0A0FE012801D0042036E0DF
:10ECD40007F0DCFA02460023009303AB0621284622
:10ECE40007F092FE0128F1D1039B0BB3164B4FF0B2
:10ECF40080525A6040BFBFF34F8FBFF36F8F17E04E
:10ED04000223009300230A460421284607F07CFED0
:10ED1400012801D0042012E007F0B2FA02460223CF
:10ED2400009300230121284607F06EFE012808D134
:10ED340001232373002002E0082000E0002005B036
:10ED440030BD0420FBE700BF00ED00E010B584B047
:10ED54000446406830B3EFF30583B3B10022039255
:10ED6400009203AB082107F04FFE01280BD1039B4F
:10ED7400A3B10E4B4FF080525A6040BFBFF34F8F88
:10ED8400BFF36F8F0AE004200AE0022300930023FC
:10ED94001A46032107F038FE012805D1002020730C
:10EDA40004B010BD0820FBE70420F9E700ED00E003
:10EDB400EFF3108272B6114B9B68CBB930B40F4994
:10EDC40001238B600E4BD3F880400E4D2C400C6019
:10EDD400C3F88050D3F884404C604FF0FF31C3F83F
:10EDE40084100023037002B962B6002030BC70475F
:10EDF4000123037002B962B6002070478C480020DA
:10EE040000E100E0FC06FFBD094B9B686BB160B9F3
:10EE1400EFF3108172B6064B1868064A1060586802
:10EE2400506000229A6001B962B60020704700BFAA
:10EE34008C48002000E100E0EFF30583C3F30803EE
:10EE44003BB9EFF3148313F0010F0CBF0120002032
:10EE5400704701207047000010B50446FFF7ECFF2F
:10EE6400012803D12046FFF7A3FF10BD0249432028
:10EE740000F01AFFF6E700BF5898030010B50446E7
:10EE8400FFF7DAFF012803D12046FFF7BDFF10BDCD
:10EE94000249512000F008FFF6E700BF589803002C
:10EEA40038B50546002402E0284698470134032C6F
:10EEB40005D8034B53F82430002BF5D1F6E738BDC1
:10EEC4000C4900200378013B052B34D8DFE803F01C
:10EED40003061120293100230B70704701230B70A6
:10EEE40003898B818388CB81C3688B6000230B7477
:10EEF400704702230B7003898B818388CB81C3689D
:10EF04008B60837D062B14BF002301230B74704791
:10EF140003230B70C3888B810389CB81C3688B6007
:10EF2400704704230B70C3888B810023CB818B60D3
:10EF3400704705230B707047884207D20368B3F10A
:10EF4400FF3F01D001207047002070470020704728
:10EF54004388033300EB8300704738B504460D46FD
:10EF6400FFF7F6FF85420CD3A2884FF6FF739A424F
:10EF740009D023884BB1A368B3F1FF3F07D0002029
:10EF840038BD0220FCE70120FAE70120F8E7012060
:10EF9400F6E7000060B10A4AD26882420AD8084AF9
:10EFA4001269824208D310F0030F07D10120704781
:10EFB40000207047002070470020704700207047F1
:10EFC400082B00200A4A00EB800302EB83031B8911
:10EFD4000B4400EB800002EB8002528912FA83F0AA
:10EFE40080B2B0F5806F8CBF00200120704700BF55
:10EFF400D0480020002301E001339BB2012B0ED83E
:10F0040003EB830C074A02EB8C0252688A42F3D268
:10F0140002F580528A42EFD903800020704748F2FB
:10F0240009607047D04800208B7D022B04D90389E6
:10F03400CA881344033303814389CA889B1A033B58
:10F0440043817047F8B5033086B240F2FE339E42E6
:10F0540025D80D46002401E00134A4B2012C1BD8AC
:10F0640004EB84030F4A12F82330002BF4D1314609
:10F074002046FFF7A7FF0028EED02C80094B04EBB5
:10F08400840203EB8202528904EB840703EB8703B7
:10F0940032445A81002001E048F20660F8BD48F28B
:10F0A4000860FBE7D0480020064A01EB810302EB2D
:10F0B40083035B8901EB810102EB81021B1A033B91
:10F0C40053817047D0480020F8B50E4600EB80000D
:10F0D400134B03EB80035C6804F580550868A0B10A
:10F0E400FFF736FF044629462046FFF725FF07466B
:10F0F40098B129462046FFF730FF012807D002289F
:10F104000AD00028EFD1346007E00834EBE720464A
:10F11400FFF71EFF0446E6E700273846F8BD00BFA8
:10F12400D048002030B583B005460C464068FFF750
:10F1340031FF20B12A89174B1B899A4218D000232A
:10F1440023802388012B23D80023019301A920883D
:10F15400FFF7BAFF0146B8B1019B2A68986890424C
:10F16400F4D16B600B4B1B892B81084603B030BD77
:10F174002A6869688B689A42E1D12046FFF73AFF12
:10F18400B0FA80F14909F0E7238801332380D8E7F6
:10F194000021EAE7B8480020F8B51C461F4B1B784D
:10F1A400002B34D005460F461646002A32D03CB90F
:10F1B40048F2046027E000232360A3880133A3807E
:10F1C400A388012B20D803EB8303154A12F82330BC
:10F1D400002BF2D12146A088FFF776FF0028EAD061
:10F1E40023681DB199882A889142F3D11FB11988E7
:10F1F4003A889142EED19B68336023687360094B6F
:10F204001B8933810020F8BD48F20960FBE748F20E
:10F214000160F8E748F20460F5E700BF20490020E8
:10F22400D0480020B84800200B4A138901331381C9
:10F234000023538013730CE003EB83018A00074916
:10F244008A5CB2FA82F25209034919448A72013380
:10F254009BB2012BF0D97047B8480020D048002059
:10F2640000B58646002301E001339BB2012B19D877
:10F274000E4A1A44927A002AF6D00C4A1A44002103
:10F28400917203EB83010A4A02EB8102D268002ADD
:10F29400EAD1074A02EB8102107C0028E4D0AEF8E0
:10F2A400003000E000205DF804FB00BFB8480020F7
:10F2B400D0480020044B5B685B880333034A918881
:10F2C40011FA83F393807047B8480020C84800209F
:10F2D40030B40E4804680E4B5B880E4903EB830C74
:10F2E4004FEA8C020A44556805605460B0F804C0C3
:10F2F400A2F808C00222828003EB830303FA02F21D
:10F30400114400230B7430BC704700BFC848002070
:10F31400B8480020D048002008B5124B1B78072BB2
:10F324000AD8DFE803F00409090A1016161AFFF7D1
:10F334007BFF0C4B01221A7008BDFFF7BBFF094B82
:10F3440002221A70F8E7FFF7C3FF064B06221A7071
:10F35400F2E7044B07221A70EEE7024B01221A70FF
:10F36400EAE700BFB848002008B50146014800F0AC
:10F3740019FD08BDF848002008B5064B05221A708F
:10F38400054902238B80002301220968034801F008
:10F39400D7F908BDB8480020C8480020082B002031
:10F3A40008B50D4B5B8803EB83010C4A02EB810229
:10F3B400D26872B9084A0421117003EB8303074928
:10F3C40001EB8301002301224968054801F0B8F9E3
:10F3D40008BDFFF7D1FFFBE7B8480020D048002064
:10F3E400082B002000B583B0002300930823044AAF
:10F3F40004490968044801F0D3F803B05DF804FB3C
:10F40400F0D60300C8480020082B002008B5044BA0
:10F4140007221A7000225A60FFF7E4FF08BD00BFFC
:10F42400B848002000B583B00146002300930823A8
:10F43400034A044801F0B4F803B05DF804FB00BFCC
:10F44400E8D60300082B002038B530B90B79032B1C
:10F4540062D8DFE803F0081E3843324B00225A60BA
:10F464004FF4064005E001230B71FFF7BBFF0028B2
:10F4740052D138BD0A4603EB830189000020505461
:10F4840003EB830302EB83025068FFF7CBFF0123F6
:10F494000FE00023012B09D803EB8302224911F862
:10F4A4002220022AE6D001339BB2F3E7002348F27C
:10F4B4000E60002BDBD11B4B01221A7000225A6014
:10F4C40041F61D50D5E700230B71184902228A80AA
:10F4D40001220968164801F033F9C8E74FF0000C1F
:10F4E40081F804C0134B5B88104908680E4C03EB89
:10F4F400830204EB820255680D605060B1F804E0A9
:10F50400A2F808E002228A8003EB8303934004F804
:10F5140003C0FFF787FFAAE7024B00225A6048F2B4
:10F524000D60A6E720490020D0480020C8480020EC
:10F53400082B0020B848002008B5064B06221A7094
:10F544005B8803EB83039A00034B13445868FFF76B
:10F5540069FF08BDB8480020D048002000B583B03A
:10F5640002238375002300930423C218044801F086
:10F5740017F810B903B05DF804FB48F20D60F9E721
:10F58400082B002000B583B0036973B1032383758E
:10F5940000230093042300F10C020831054800F015
:10F5A400FFFF20B903B05DF804FB0123EFE748F245
:10F5B4000D60F7E7082B002000B583B001238375A5
:10F5C400C388002200929B0002690C31044800F0B9
:10F5D400E7FF10B903B05DF804FB48F20D60F9E7EA
:10F5E400082B002000B583B00378032B0ED006232C
:10F5F400837500230093042300F10802194406488C
:10F6040000F0CEFF20B903B05DF804FB0523EFE75B
:10F6140048F20D60F7E700BF082B002010B582B058
:10F624000C46002300930423084A0146084800F0CE
:10F63400B7FF40B904EB8404064B03EB84030122B7
:10F644001A7402B010BD48F20D60FAE7E4D6030064
:10F65400082B0020D048002070B50C468B8A03EBA1
:10F6640083022B4E06EB820688B9294A03EB8301F9
:10F6740002EB81014D680B8905EB8305A37D062B05
:10F684000BD8DFE803F0162E22280D343E00304656
:10F69400FFF7CAFC4FF4064515E048F20E650EE08C
:10F6A4001C4800234360A36903601B49FFF73AFD2C
:10F6B40050B329462046FFF751FF05461DB12146A8
:10F6C4003046FFF7B1FC284670BD29462046FFF7B7
:10F6D40059FF0546F2E729462046FFF76DFF054628
:10F6E400ECE729462046FFF77DFF0546E6E70623BB
:10F6F400A375094B1988074B5868FFF78FFF054618
:10F70400DCE741F61D55DAE748F20965DBE700BF9F
:10F71400D0480020A4480020A048002010B584B0A0
:10F7240004460023009301930293C36800930DF1F0
:10F734000E016846FFF7F6FC18B948F2096004B0F8
:10F7440010BD01988388E38003882381BDF80E10DF
:10F75400FFF764FFF3E7000000B583B00B4842688D
:10F764000B4B1968B3F804C0538803339BB24FF0B2
:10F77400030E80F800E0002000909B0001EB8C0158
:10F78400044800F00DFF03B05DF804FBB848002006
:10F79400C8480020082B002008B5064931F8020C9F
:10F7A400FFF792FC10B1FFF7D7FF08BDFFF7F8FD94
:10F7B400FBE700BFBC48002008B50748FFF750FD31
:10F7C40010B1FFF7E9FF08BD044B00221A705A80FC
:10F7D4005A6041F61D50F6E7BA480020B8480020A8
:10F7E40030BB08B5154B1B7B6BB1144B00221A734D
:10F7F400124B1B78013B062B1DD8DFE803F0070AE8
:10F804000D101C131600FFF787FDF1E7FFF7D4FF77
:10F8140008BDFFF7C1FFFBE7FFF79EFFF8E7FFF71F
:10F82400BFFDF5E7FFF788FEF2E7FFF7EFFDEFE72F
:10F834004FF40640704748F20E60E9E7B8480020EC
:10F8440000B585B0094B01AA00210630FFF7A4FCDE
:10F8540038B9064B99880298FFF7E0FE05B05DF8C9
:10F8640004FB024B00221A605A60F7E79848002014
:10F87400B0B908B50B79012B08D0022B13D0ABB962
:10F8840002230B710846FFF749FF0EE00846FFF715
:10F89400D7FF48F20963984207D141F61D5004E0AE
:10F8A4004FF40640704741F61D5008BD48F20E6003
:10F8B400FBE7000008B50146014800F07FFA08BDE7
:10F8C400F848002008B5084B1B683BB101210648E5
:10F8D40000F02FFB003818BF012008BD03494FF486
:10F8E400247000F0E1F9F1E71C490020F8980300C6
:10F8F40010B586B004462CE02E48FFF735FD2E4B9C
:10F9040018602AE02D494FF4B46000F0CDF928E0E6
:10F914002046FFF799FD002849D000230193029364
:10F9240003930493059341F61D5398423DD00290EE
:10F93400214C01A92068FFF7C5FA01A8FFF7B0FA26
:10F94400002323601B48FFF7B5FFFFF7BBFF70B32D
:10F954000024194B1B68002BCED0174B1B68002BBF
:10F96400D0D0154B19680B78013B052B1AD801A28E
:10F9740052F823F015F9020091F9020091F90200FE
:10F9840099F9020099F90200A1F902002046FFF753
:10F9940063FEC0E72046FFF76BFFBCE72046FFF796
:10F9A4001FFFB8E748F20E60B7E70020BFE706B0D4
:10F9B40010BD00BFB0480020B4480020F8980300F0
:10F9C40008B54068FFF794FF08BD000008B50121A1
:10F9D400014800F0A3FA08BD0849002008B5014613
:10F9E400054800F0C8F90022026042608260C260EB
:10F9F40002614261826108BDF848002008B50146F1
:10FA0400014800F0C4F908BDF848002008B50121F8
:10FA1400034800F078FA00B108BDFFF769FFFBE77F
:10FA24001C4900202DE9F04383B00C46384909787D
:10FA340000295DD005469846002C5CD021884FF6FD
:10FA4400FF7399425AD06388002B5AD0676817F025
:10FA5400030759D1002A33D01388ADF80630B2F821
:10FA640002906846FFF7BAFF0646002833D080F8B4
:10FA7400008000238375BDF80630838263680361C8
:10FA8400FFF7A4FFF060238833816388B380A6F86E
:10FA94000690B8F1030F26D0002373816846FFF760
:10FAA400ADFF3DB100236B60F2682A60AB72194B65
:10FAB4001B892B81FFF7AAFF384603B0BDE8F0830A
:10FAC400B4F808900DF106014846FFF7BBFA002888
:10FAD400C7D00746F0E7BDF806104846FFF7E4FA3A
:10FAE40048F20767E8E70423B3752B68B361D3E7EB
:10FAF40048F20167E0E748F20467DDE748F203678C
:10FB0400DAE748F20367D7E748F20267D4E700BFB1
:10FB140020490020B848002010B370B582B00C46CC
:10FB2400054601B30DF10601FFF7FCFA18B948F2D6
:10FB3400096002B070BD6E68BDF8063003EB830047
:10FB440080000830094B18440121043000F0E6F924
:10FB540026606B680C3363600123AB720020E8E716
:10FB640048F20460704748F20460E2E7D04800209D
:10FB7400F8B110B582B004460DF10601FFF7D2FAD0
:10FB8400D0B1BDF8063003EB8301104A02EB8102C9
:10FB9400D268AAB1A27AB2B10C4A02EB8101C96857
:10FBA400013903EB830302EB8302D1600020A072CE
:10FBB40004E048F20460704748F2096002B010BDE6
:10FBC40048F20560FAE748F20560F7E7D0480020FC
:10FBD40008B502230022FFF725FF08BD28B108B5A8
:10FBE40003230022FFF71EFF08BD48F2046070479C
:10FBF400114B1B78BBB110B582B004464FF6FF73AE
:10FC0400984213D001A8FFF7E9FE90B105220270D3
:10FC140001220271C48001A8FFF7F0FEFFF7F6FE8F
:10FC2400002002B010BD48F20160704748F2036042
:10FC3400F7E748F20760F4E72049002000B583B0F5
:10FC4400ADF80600ADF8041001A90DF10600FFF7A8
:10FC5400A3FA03B05DF804FB00B583B01346ADF816
:10FC640006000A460DF106010020FFF795FA03B0DD
:10FC74005DF804FB00B583B01346ADF806000A46F0
:10FC840000210DF10600FFF787FA03B05DF804FBCD
:10FC940020B131B103680B600020704748F2046062
:10FCA400704748F20460704700B583B0009001913A
:10FCB4006A46002144F2020003F002FB03B05DF83F
:10FCC40004FB82B050E8013F1FFA83FCC2899444CC
:10FCD4008289944528BFACEB020C0289944502BF8B
:10FCE400BFF32F8F002007E0CCEA030C40E801C2E9
:10FCF400002AE7D14FF001008DF807000093009B24
:10FD04000B609DF8070002B0704750E8012FC2EA6B
:10FD1400024240E80123002BF7D1704782B050E83B
:10FD2400023F1FFAA3FCC288944502BFBFF32F8F82
:10FD340000200EE0C28994448289944528BFACEB2C
:10FD4400020CC3EA0C4C40E802C2002AE7D14FF08F
:10FD540001008DF807000093009B0B609DF80700DD
:10FD640002B0704750E8022FC2EA224240E8022360
:10FD7400002BF7D1704738B505460C46FFF7A1FFB5
:10FD840018B128682388184438BD0020FCE708B55A
:10FD94000A884B889A4201D0002008BDFFF7B5FFBE
:10FDA4000120FAE738B505460C46FFF7B7FF18B14E
:10FDB40028686388184438BD0020FCE708B50A8821
:10FDC4004B889A4201D0002008BDFFF7CBFF0120E9
:10FDD400FAE708B54B0901F01F01012202FA01F10B
:10FDE40000EB830000F06EF808BD10B54B0901F07C
:10FDF4001F040121A14000EB830000F058F8E0400B
:10FE040000F0010010BD08B54A0901F01F010123EB
:10FE140003FA01F1C94300EB820000F069F808BD60
:10FE24004B0950F8230001F01F01C84000F0010005
:10FE340070472DE9F04106460F46002518E02023BF
:10FE440000E020231F2B12D803EB4514A7420ED940
:10FE540021463046FFF7C9FFE0B1D8F80030DB4354
:10FE640093FAA3F3002BECD0B3FA83F3EAE701355A
:10FE74007B1E5B090133AB420BD906EB850856F8B0
:10FE84002530DB4393FAA3F3002BD8D0B3FA83F3E2
:10FE9400D8E73C462046BDE8F081034653E8000F0E
:10FEA4000A4643E8002C9CF0000FF7D17047034644
:10FEB40053E8000F40EA010243E8002C9CF0000FD5
:10FEC400F6D17047034653E8002F42EA010043E8A5
:10FED400000C9CF0000FF6D17047034653E8000F66
:10FEE40000EA010243E8002C9CF0000FF6D17047B1
:10FEF400034653E8002F02EA010043E8000C9CF09B
:10FF0400000FF6D17047034653E8000F00EB0102DF
:10FF140043E8002C9CF0000FF6D17047034653E8E9
:10FF2400002F02EB010043E8000C9CF0000FF6D117
:10FF34007047034653E8002FA2EB010043E8000C8E
:10FF44009CF0000FF6D1704708B50121FFF7BAFF06
:10FF540008BD08B50021FFF7C0FF08BD38B50C4641
:10FF6400054620B1EB68288A00FB043038BD0249FD
:10FF7400E820FFF799FEF5E78C99030038B50C46A5
:10FF8400054630B1EB68E01A2B8AB0FBF3F0C0B23F
:10FF940038BD0249F520FFF787FEF3E78C9903008B
:10FFA40000283DD010B50446036873B163688BB173
:10FFB400A368ABB1E368CBB1238AEBB1A2686368F1
:10FFC400D21AD2B221680B6022E01649FF20FFF753
:10FFD4006BFEEBE713494FF48070FFF765FEE7E72C
:10FFE400104940F20110FFF75FFEE3E70D494FF4BB
:0CFFF4008170FFF759FEDFE70A4940F278
:020000023000CC
:100000000310FFF753FEDBE721680A68501C086005
:1000100013701A46531EDBB2002AF5D12368002064
:10002000187110BD0E2070478C99030030B583B055
:100030000446E8B100238DF807300DF10700FEF704
:100040000DFF2268136861688B4217D9591E116031
:1000500013F8011C2046FFF783FF0546A3682268BA
:1000600011685B1ADBB21179994208D2137106E06C
:1000700006494FF49270FFF719FEDBE700259DF863
:100080000700FEF7FDFE284603B030BD8C99030043
:1000900070B582B00C460646B0B1DCB100238DF8D5
:1000A00007300DF10700FEF7D9FE33681D686A1CA2
:1000B0001A6021463046FFF763FF28709DF807005D
:1000C000FEF7DEFE02B070BD054940F24710FFF7B3
:1000D000EDFDE2E702494FF4A470FFF7E7FDDDE72D
:1000E0008C99030010B5044640B1A2682AB1636937
:1000F0002168206998470023A36010BD0249312080
:10010000FFF7D4FDF1E700BF289A03000EB430B525
:1001100082B0059D0446A0B16369BBB12368D3B129
:100120006368EBB145B10023019306AB019301AACB
:100130002946204600F026F902B0BDE8304003B061
:1001400070470A494220FFF7B1FDE5E70749432020
:10015000FFF7ACFDE2E705494420FFF7A7FDDFE725
:1001600002494520FFF7A2FDDCE700BF289A030003
:1001700038B504460D460A2909D02268A368591CDF
:10018000A160D554A26863689A4204D238BD0D219B
:10019000FFF7EEFFF1E72046FFF7A4FFF6E70000C8
:1001A0002DE9F84F82460F4615461E46DDF8289089
:1001B0000B9A0B464FF0010803E0B3FBF5F308F18F
:1001C0000108AB42F9D2B04500D2B04612F0010BA3
:1001D00013D1B9F1000F10D012F0020F0FD086B179
:1001E000202405E009F1FF3921465046FFF7C0FF02
:1001F000B9F1000F01D0C145F4D8012406E0202454
:10020000F6E73024F4E7013E05FB04F4012EFAD8AA
:10021000B7FBF4F39D42F7D9B7FBF4F304FB137774
:100220000E4AD15C5046FFF7A3FF2346B4FBF5F41A
:10023000AB42F1D2BBF1000F02D0B9F1000F07D1F0
:10024000BDE8F88F09F1FF3920215046FFF790FFF4
:10025000B9F1000FF4D0C145F4D8F1E7F8D60300A6
:100260002DE9F04782B080460F46144699460A9E13
:10027000DDF82CA081EAE17CACEBE17C012502E019
:100280009CFBF4FC01356445FADD4D4500D24D463A
:100290002EB1002F02DB1AF0040F00D0013E1AF03D
:1002A000020F02D0B9F1000F03D01AF0010F00D1F4
:1002B000CEB9002F1CDB1AF0040F1FD10AF0030384
:1002C000022B20D0CDF804A000964B46224639469A
:1002D0004046FFF765FF02B0BDE8F087013E2021F0
:1002E0004046FFF745FF002EE3D0AE42F6D8E0E7E8
:1002F0007F422D214046FFF73BFFDFE72B214046A1
:10030000FFF736FFDAE7B9F1000FDBD12EB9D9E7F5
:10031000013E30214046FFF72BFF002ED2D0AE42E7
:10032000F6D8CFE7F8B506460C46154613F0010798
:100330000ED1E1B1084607F07EFA074617E0013416
:1003400001373046FFF714FF21780029F7D106E086
:100350000027F9E7013D20213046FFF709FFBD42A4
:10036000F8D8F8BD013D20213046FFF701FFBD421E
:10037000F8D803E001343046FFF7FAFE217800296F
:10038000F8D1EEE7F0B583B00C461646054648B105
:100390006B696BB12B688BB16B68ABB1002C40F013
:1003A0008B80DAE0704940F25220FFF77FFCEFE7E4
:1003B0006D494FF41570FFF779FCEBE76A4940F29D
:1003C0005520FFF773FCE7E7674940F25620FFF737
:1003D0006DFCE3E70027012303E047F00107013448
:1003E00083B121782D29F8D0302903D02B2905D0CD
:1003F0000023F5E747F002070134F1E747F004076F
:100400000134EDE700222A290CD02178A1F1300037
:10041000C0B209280CD8013402EB820201EB42027F
:10042000303AF0E73368191D31601B681A44013413
:1004300023782E2B02D00023217811E001340023F1
:100440002178A1F13000C0B20928F5D8013403EBBE
:10045000830301EB4301A1F13003F1E714F8011F1D
:100460006C29FBD06829F9D025296FD020D37829B1
:100470001ED858291CD35839202919D8DFE801F093
:100480003C181818181818181818181126181818C1
:10049000182618181818181850181847183118184E
:1004A0003C0033681A1D326019782846FFF760FE59
:1004B00001342378002B4ED014F8011B00294AD0B8
:1004C000252987D02846FFF753FEF2E73168081D3B
:1004D00030600968019700920A222846FFF7C0FEA3
:1004E000E6E73168081D30600968019700920A222A
:1004F0002846FFF755FEDBE73168081D30600968C4
:100500000197009210222846FFF74AFED0E7316893
:100510000B1D33603B4609682846FFF703FFC7E71A
:1005200033681A1D32601F6830212846FFF720FE0D
:1005300078212846FFF71CFE00230193082300932F
:10054000102239462846FFF72BFEB1E72521284621
:10055000FFF70EFEACE72B7B0BB903B0F0BD2846CE
:10056000FFF7C0FDF9E700BFBC9A0300C3688B42E8
:1005700006D8114401390369994203D90020704714
:10058000002070470120704710F0030F0CBF0120BE
:100590000020704743681B68013B0B420CBF0120E1
:1005A000002070472DE9F04182B0002831D00E467E
:1005B00015461C460746002A3BD0D0F80080B8F10B
:1005C000000F46D0002B54D043685A68B4FBF2F3B6
:1005D00002FB1343002B5CD10846FFF7D5FF002830
:1005E00067D02846FFF7D0FF002872D02246314658
:1005F0003846FFF7BBFF00287BD0D8F80C80089B5B
:10060000009323462A4631463846C04702B0BDE82B
:10061000F0814048404BC01AC00800040E240094EA
:100620003E4B3F4A3F4940F0010000F08CFF20461E
:10063000ECE73848384BC01AC00800040E24009478
:10064000364B394A374940F0010000F07CFF204624
:10065000DCE73048304BC01AC0080004082400947E
:100660002E4B324A2F4940F0010000F06CFF20462B
:10067000CCE72848284BC01AC0080004092400947D
:10068000264B2B4A274940F0010000F05CFF204632
:10069000BCE72048204BC01AC0080004092400947D
:1006A0001E4B244A1F4940F0010000F04CFF204639
:1006B000ACE71848184BC01AC00800041024009476
:1006C000164B1D4A174940F0010000F03CFF204640
:1006D0009CE71048104BC01AC00800041024009476
:1006E0000E4B164A0F4940F0010000F02CFF204647
:1006F0008CE70848084BC01AC00800041024009476
:10070000064B0F4A074940F0010000F01CFF20464D
:100710007CE700BF587A0300E07903001CD7030090
:10072000549B03005C9B0300E89B0300909B030029
:10073000A49B0300F09B03001C9C0300349C03005B
:10074000589C03002DE9F04182B0F0B18846144670
:100750001F460546066846B3002A36D0FFF71AFF43
:10076000002842D06B681A6804FB02F24146284612
:10077000FFF7FCFE002848D036693B46224641463A
:100780002846B04702B0BDE8F0812848284BC01A7F
:10079000C00800040E240094264B274A274940F045
:1007A000010000F0D0FE2046ECE72048204BC01AA4
:1007B000C0080004082400941E4B214A1F4940F041
:1007C000010000F0C0FE2046DCE71848184BC01AB4
:1007D000C008000409240094164B1A4A174940F037
:1007E000010000F0B0FE2046CCE71048104BC01AC4
:1007F000C0080004102400940E4B134A0F4940F027
:10080000010000F0A0FE2046BCE70848084BC01AD3
:10081000C008000410240094064B0C4A074940F01D
:10082000010000F090FE2046ACE700BF587A0300BC
:10083000E079030008D70300549B03005C9B03008E
:10084000909B0300A49B0300809C0300A89C0300D2
:1008500029DF704728DF704703689B68002B28D08A
:1008600000B587B000230093019302930393049390
:100870000593019183680593037953B1012B11D13D
:1008800002238DF80030C3681B030293436904936D
:1008900008E001238DF8003003690293C3680393D5
:1008A0004369049303689B686846984707B05DF8FE
:1008B00004FB704710B542698369D21AB2F5805FB4
:1008C00028BF4FF4805292080469C168012A38BFDA
:1008D000012219441819FFF7BBFF10BD08B5C26803
:1008E00000691044FFF7B6FF08BD0000114B00225D
:1008F000DA6003791BB1012B0FD0104670474269B3
:100900008369D11AB1F5805F94BF5B1803F58053FA
:1009100083619A4209D00020704703690133036163
:100920004269934203D000207047012070470120A4
:10093000704700BF30490020064AD3680133D360B6
:10094000082B01D80020704713460022DA600120EE
:10095000704700BF30490020034B01225A74187AB7
:10096000B0FA80F0400970473049002008B50249CC
:100970000248FFF725FA08BD284900204449002015
:1009800008B505490548FFF70FFA054B1860003810
:1009900018BF012008BD00BF28490020444900209D
:1009A0002C49002008B51A4B1B7AA3B1184B022220
:1009B0001A72184B18680379ABB1012B1CD00321B4
:1009C000144B1868FFF748FF114B00221A725A6047
:1009D000FFF7CCFF08BDFFF7D3FF0028E6D10C4B93
:1009E00000225A60F6E7FFF765FF40B11128E6D113
:1009F000074B01221A72EDE7FFF770FFF5E7044B92
:100A00001B7C002BE6D10021022000F005F8E1E775
:100A1000304900202C490020831E012B2DD810B511
:100A20000446164B1B7A53B1022B03D1022807D080
:100A3000032818D0114B5B7CE3B9FFF7B3FF10BD5F
:100A40000F4B1868FFF752FF0028F3D00B4B002222
:100A50001A720B4B1868022C0AD00D21FFF7FCFE0E
:100A6000FFF784FFE6E7064B1868FFF765FFEBE743
:100A70001146F3E701F0C6F9E1E77047304900207D
:100A80002C490020012802D0032800D0704708B567
:100A9000054B00225A74012814BF0020012018744D
:100AA000FFF780FF08BD00BF304900202DE9F04F5F
:100AB00083B0884601929B469DF830900446D0B1A1
:100AC000B4F806A0637903FB0AFAAAF1040ADA452E
:100AD00016D9E7880BF10403B3FBF7F607FB1633CF
:100AE000019A156805EB0B02524501D9AAEB0B05DB
:100AF000019A15600BE01949B620FFF7D7F8DFE738
:100B00001649C420FFF7D2F8E3E72468013E002E1F
:100B1000FBD1A7EB030AAA4528BFAA46B3460DE0BE
:100B200052460146184606F09DFE2468A5EB0A05CC
:100B3000D344BA46AF4228BFAA4633465DB108EB5C
:100B40000B0023440433B9F1000FE9D05246194693
:100B500006F088FEE9E703B0BDE8F08F089D0300CA
:100B600008B5FFF71FFA08BDF8B501464679701EB3
:100B70000A46002301E0126801338342FBD3176861
:100B8000002405E00D683846FFF782FA0134294653
:100B9000A642F7D8F8BD2DE9F8430746048A231F7B
:100BA00019440331B1FBF3F8FFF740FA0646F8B1F8
:100BB0000025057101234371043CC4805FFA88F865
:100BC00008F1FF3807608146454511D23846FFF7E6
:100BD0002DFA044640B1737901337371C9F80000EE
:100BE000076001358146EFE73046FFF7BDFF264637
:100BF0003046BDE8F88308B501210430FFF790F9CD
:100C000008BD10B5044601210430FFF794F910F037
:100C1000FF0F00D010BD2046FFF7A6FFFAE7000047
:100C200010B584B0144603920022009203AAFFF785
:100C30003DFF039BA34201D104B010BD0249F62041
:100C4000FFF734F8F8E700BF089D030010B584B043
:100C5000144603920122009203AAFFF727FF039B89
:100C6000A34201D104B010BD02494FF48070FFF7D8
:100C70001DF8F7E7089D03008268002393608268EF
:100C80001361826853618268D360826853608268AE
:100C90001360704738B50C46054638B15CB12C601E
:100CA00023686B60626893420AD038BD06495020C1
:100CB000FEF7FCFFF2E704495120FEF7F7FFEEE7ED
:100CC00000236B60F1E700BFA49D030010B504464C
:100CD00058B1236873B1636833B1226891680B44DB
:100CE0006360526893420AD010BD06496320FEF744
:100CF000DDFFEEE703496420FEF7D8FFEBE70023B2
:100D00006360F1E7A49D03000E49A1F5947291423E
:100D100015D9A1EB020C4FEADC7303EBEC035B107B
:100D200002EBC30C52F83330834201D96146EEE73F
:100D300002D20CF10802EAE7DCF804007047002058
:100D4000704700BF58D8030008B5FFF7DDFF00B1BA
:100D500008BD0148FCE700BF58D803007047704742
:100D600000B583B0044B00934FF48063034A00F056
:100D700033F803B05DF804FB810D030054490020F3
:100D80000AB3F8B50F4614460326002503E00E4BC0
:100D900001221A70B4B122467919002000F044FEF5
:100DA0000544241A0028F2D1074B1B7853B1074B96
:100DB0004FF47A4043F001039847013EE7D1024BDC
:100DC00000221A70F8BD7047544D002070D80300FF
:100DD00008B500F083FE08BDF0B595B00E46154687
:100DE0001C460846FFF707FF0E950F94002310934B
:100DF0008DF8443012931A9A1392082208A93046AB
:100E0000FFF724FF0A9B0B93BDF82430ADF8303078
:100E1000BDF82630ADF8323001238DF835309DF81D
:100E2000203003F00303012B06D0022B21D03046E3
:100E3000FFF7E7FE15B0F0BD089DC5F395259DF8B9
:100E40002030C3F3C2038DF83430BDF82040C4F322
:100E500083140823A2000DEB03013046FFF7F6FED2
:100E60000EAB00930BAB224602A9284600F02AFCE9
:100E7000DDE7BDF82250C5F389159DF82030C3F396
:100E8000C2038DF8343008272C46082D28BF0824CB
:100E90003B46224602A93046FFF7D8FE27442D1BC9
:100EA0000EAB0BAA214602A800F06EFC002DEBD180
:100EB000BDE7000008B5FFF78BFF0421064800F0EE
:100EC00083FB002803DB054B01225A7108BD04494E
:100ED0004120FEF7EBFEF6E7C07A0300342B00203A
:100EE00044A20300037813F0040F19D003F00303A6
:100EF000012B03D0022B0AD0012070470388C3F3D3
:100F000083130A68134402330B600120704743883F
:100F1000C3F389130A68134402330B60012070473E
:100F200000207047002002E001238BB9013009281E
:100F30000CDC084BD3F81034002BF5D0DB681A79A1
:100F4000824201D01B68F7E70023EEE74FF0FF3045
:100F5000704700BF584D002010B584B02D4C20467E
:100F6000FEF7F4FF201FFEF7F1FFA4F58364A368EA
:100F70000393DBB2023304EB8304201D06E09DF8EB
:100F80000C300233244800EB8300043003A9FFF740
:100F9000A9FF0028F3D100220BE0039B591C039109
:100FA000DBB202331C4901EB83035B684DF822304E
:100FB0000132012AF1D99DF8003003F00303012B1F
:100FC00016D0022B1ED1BDF80640BDF80230C3F387
:100FD00089130333039A02EB930203920F48FEF73F
:100FE000BAFF10B10C4B039A9A60204604B010BDB2
:100FF000BDF80640BDF80020C2F38312039B1344E2
:101000000393EBE706494FF4C270FEF74FFE00244E
:10101000E4E700BF70510020584D00206C510020C3
:1010200000A30300F0B583B006460C461746851CA6
:1010300000238DF807300DF10700FDF70FFF1E4B61
:101040005A6822609B689B1A03F5807311E01B4C61
:1010500001212046FEF764FFFFF77EFF0146204690
:10106000FEF75EFFA4F21C44A36862689B1A03F5B6
:101070008073AB42EBD30022B7B1012363F30102CB
:1010800042F0040266F389120B484168CBB2023386
:1010900000EB83035A60294441609DF80700FDF787
:1010A000EFFE012003B0F0BD022363F3010242F022
:1010B000040266F39F52E7E7584D00207451002068
:1010C00010B5074B01221A700648FFF749FD044688
:1010D00008B1204610BD0448FFF7CEFDF9E700BF78
:1010E000584D0020CC79030084D803000248034BFC
:1010F000C01AC008704700BFC07A0300E07903003F
:1011000099B110B50446FFF7F1FF002383420AD2DC
:10111000074A32F823102268914201D00133F5E7E3
:101120002360002000E0052010BD0020704700BFB4
:101130001C2B00202DE9F04706460F4690461D4621
:10114000DDF82090040C00211A48FEF7A8FE80F379
:10115000100AFFF7CBFFA04225D96B1C03EA090355
:1011600044EA0A42144C023304EB83035A6005EA52
:101170000905023504EB85031A7966F3C5021A7175
:101180009A8868F389129A805A6867F39F225A6096
:101190001A79012161F301021A71D2B222F004021C
:1011A0001A71BDE8F087054940F2A910FEF77EFDEF
:1011B000D3E700BF74510020584D002000A3030066
:1011C00000B583B0019001A8FFF79AFF30B9019AEA
:1011D000034B53F8320003B05DF804FB0020FAE73C
:1011E000E0790300094B03EBC0030139032909D857
:1011F000DFE801F0020A0406022070471879704700
:10120000587970470020704704207047E079030048
:10121000034B98685B68984214BF00200120704718
:10122000584D00202DE9F04186B0FFF7F1FF00286E
:1012300040F01F81044690480023C0F81834BFF3E3
:101240004F8F83680593DBB2023300EB83000430D9
:1012500005E0DBB20233884800EB8300043005A9C7
:10126000FFF740FE30B3844BD3F8183423BB824BD6
:101270005A68059B9A42ECD87F4B9A60F5E0059B33
:10128000591C0591DBB202337B4901EB830359689A
:1012900002AB43F822100132012AF0D99DF8083040
:1012A00003F00303022B09D0012B6DD0724BD3F84E
:1012B0001044C9E00022EFE70022EDE7BDF80A3054
:1012C000C3F38916B046502E28BF4FF0500868F37C
:1012D0008F13ADF80A3008F108016848FFF75BFC8E
:1012E00005460028E2D0FFF786FC002308220DEB1C
:1012F00002012846FFF794FC0599CB43DBB201338A
:101300009F00B8EB830F33D91FBB5FFA88F7002427
:101310005B49A04608233A462846FFF781FC07F1BF
:10132000080324B1424621462846FFF779FC0336DC
:10133000059B03EB96030593002DB7D04E4BD3F8D6
:101340001044D3F81834002B57D02846FFF759FC27
:1013500086E0C9B20231484C04EB81010431FFB28E
:101360005FFA88F8A8EB07085FFA88F80C34D1E731
:10137000CBB20233404901EB8301082342460431DA
:101380002846FFF74DFCD2E7BDF80820C2F38313CF
:10139000062B28BF062363F38912ADF80820023319
:1013A00099003648FFF7F7FB054600283FF47EAF6B
:1013B000FFF721FC002308220DEB02012846FFF76E
:1013C0002FFC002408260FE0059B5A1C0592DBB277
:1013D0000233294901EB8301334604221144284694
:1013E000FFF71EFC04360134BDF80830C3F3831345
:1013F000A342E9D8A0E7E3681C684CB1E3685B79D5
:10140000002BF8D023681B68294620469847F2E74E
:101410002846FFF7F6FB00238DF807300DF1070093
:10142000FDF71CFD144BD3F8183413B9124B059A71
:101430009A609DF80700FDF723FD11E023689B6883
:1014400020469847E3681C68002CF7D10D480E4BE6
:10145000C01AC00800040D4940F0020000F058F81E
:10146000FFF7D6FE80F00104E4B2204606B0BDE8E6
:10147000F0810024F9E700BF584D0020CC7903002B
:10148000644D0020307A0300E0790300A4A3030038
:101490002DE9F04184B00746884616461D460122D4
:1014A00003A91846FFF7BEFDC8B1039B991C4FF076
:1014B000000C0BE0CAB20232144C04EB820E56F858
:1014C0002C20CEF804200CF1010C0131AC45F1D3F5
:1014D000FF2200922A4641463846FFF72BFE0B4B6F
:1014E0001B7813B904B0BDE8F08100238DF80B30F0
:1014F0000DF10B00FDF7B2FCFFF794FE0028FBD1C5
:101500009DF80B00FDF7BCFCECE700BF584D002038
:1015100008B500231A46FFF7BBFF08BD00B583B02E
:101520000192012301AAFFF7B3FF03B05DF804FBAA
:1015300000B583B00092019302236A46FFF7A8FF2B
:1015400003B05DF804FB00B585B001920293069BE1
:101550000393032301AAFFF79BFF05B05DF804FB8B
:1015600000B585B000920193069B0293079B0393FD
:1015700004236A46FFF78CFF05B05DF804FB00B555
:1015800087B001920293089B0393099B04930A9BE3
:101590000593052301AAFFF77BFF07B05DF804FB65
:1015A00000B587B000920193089B0293099B0393B7
:1015B0000A9B04930B9B059306236A46FFF768FF7B
:1015C00007B05DF804FB000010B50446FFF7AAFC65
:1015D000B0F1FF3F0ED0E36818710A4BD3F8103416
:1015E0004BB1DA68E36812681A60064BD3F810341E
:1015F000DB681C6010BD034BC3F81044E368002295
:101600001A60F7E7584D002070B582B004460D46C9
:10161000C388A3B9217A05290FD0637ABBB9227A8E
:10162000104B53F822600021A088FFF7C9FD034644
:1016300032460D492846FEF769FD02B070BD0B4ADF
:1016400000920B4A0B492846FEF760FDE2E7A088AE
:10165000FFF7C8FD084B53F8202008492846FEF73D
:1016600055FDDCE7B4D80300E8A30300DCA30300C6
:10167000BCA30300C4A3030090D80300E4A30300A9
:1016800010B50C46037A052B0FD0437A3BB90A49B3
:101690002046FEF73BFD2046FEF724FD10BD074A1D
:1016A00007492046FEF732FDF1E7002AF3D0024950
:1016B0002046FEF72BFDEEE78C820300DCA303003F
:1016C000E4A303002DE9F04385B081460D46904622
:1016D0001E460C9C277B0023237321463046FFF7D0
:1016E00093FFB8F1060F09D8DFE808F00411171EC0
:1016F00027323F0049462046FEF708FD00222146DA
:101700003046FFF7BDFF277305B0BDE8F0832A68B8
:1017100049462046FEF7FAFCF0E76B682A6849461E
:101720002046FEF7F3FCE9E7AB6800936B682A6894
:1017300049462046FEF7EAFCE0E7EB680193AB6818
:1017400000936B682A6849462046FEF7DFFCD5E720
:101750002B690293EB680193AB6800936B682A686E
:1017600049462046FEF7D2FCC8E76B6903932B6914
:101770000293EB680193AB6800936B682A68494653
:101780002046FEF7C3FCB9E7082900D970472DE9C8
:10179000F04707460E4690461D4693F80C900024ED
:1017A0001C7319461046FFF72FFF04E01C4928461A
:1017B000FEF7ACFC0134072C07D8B442F6D23A5DF0
:1017C00018492846FEF7A2FCF4E717492846FEF719
:1017D0009DFC002407E04FF02E0A5246134928468C
:1017E000FEF794FC0134072C11D8B4420AD2385DBC
:1017F0007E28F0D8824605F0C7FC0028EDD14FF0D6
:101800002E0AEAE70A492846FEF780FCEAE70122A9
:1018100029464046FFF734FF85F80C90BDE8F08775
:10182000FCA30300F4A3030000A4030004A403002A
:1018300008A403000369C268934204D881688A1A25
:101840001344581E7047981A013870472DE9F84321
:10185000044688461646C5688768A7EB0509914582
:1018600007D94068284405F0FDFF3544E560BDE830
:10187000F88340684A46284405F0F4FFED1B3544E0
:101880002A4608EB0901606805F0ECFFE560EEE729
:101890002DE9F843064688461746C5684FF000090B
:1018A00018E05B1B5A1EB3685C1B944228BF1446A9
:1018B000BC4228BF3C46706822464146284405F099
:1018C000D1FFA144A0443F1B2544B368AB4209D0DB
:1018D000F5604FB133699D42E3D3B2685B1B1A4494
:1018E000013AE0E70025F3E74846BDE8F883000049
:1018F000124B02221A615A6111499961114ADA6147
:101900004FF400721A6200229A625A62DA62996493
:101910000D49D964102119659A655A65DA650B4A33
:101920001068C3F807000A4A92E80300186099801B
:10193000090C997120229A71704700BFF054002061
:101940005CA40300F0520020E052002068A40300D1
:101950006CA403002DE9F047044688469146244BC9
:101960001B78C3B104EB4402214B03EBC2039F6D10
:101970005D6DAF4212D80026ED1B4D4528BF4D4688
:101980003DBB2EB104EB4404194B03EBC4039F652C
:101990003046BDE8F087FFF7ABFFE3E71346144A94
:1019A00002EBC30ADAF85060F61B4E4528BF4E46DC
:1019B000DAF84C1032463944404605F053FFB04443
:1019C000A9EB06093744DAF85030BB42D4D10027DE
:1019D000D2E704EB4402064B03EBC203D96C2A4660
:1019E0003944404605F03EFF2E442F44C9E700BF6E
:1019F000F054002070B582B004460D461646002310
:101A00008DF807300DF10700FDF728FA3246294618
:101A10002046FFF79FFF04469DF80700FDF730FAC8
:101A2000204602B070BD0000F8B50F461646441CB3
:101A300004EB4404164B03EBC40400EB400003EB3F
:101A4000C003DD6A012D0ED0022D1AD0F5B9204653
:101A5000FFF7F0FE864212D8324639462046FFF79D
:101A6000F5FE35460BE02046FFF7E4FE354686429C
:101A700028BF05462A4639462046FFF7E7FE284696
:101A8000F8BD2046FFF704FF0546F8E70025F6E716
:101A9000F054002000B583B001220DF107010020B1
:101AA000FFF7A8FF012804D19DF8070003B05DF8F7
:101AB00004FB4FF0FF30F9E708B5074B1B7833B153
:101AC000054B9A6D5B6D934204D0012008BDFFF772
:101AD0000FFFF5E70020F9E7F054002008B5FFF705
:101AE00007FF08BD002807DB00F01F0240090123A3
:101AF0009340024A42F82030704700BF00E100E006
:101B000000280CDB00F01F02400901239340203025
:101B1000034A42F82030BFF34F8FBFF36F8F7047F7
:101B200000E100E0002807DB00F1604000F56140C3
:101B300090F800034009704700F00F00014B185C5B
:101B40004009704714ED00E010DF704711DF704767
:101B50001F2808DD3F280CDC20380123834014BFF8
:101B6000012000207047044B23FA00F000F0010030
:101B700070470120704700BFFC06FFBD38B5044622
:101B8000FFF7E6FFE8B12046FFF7CCFF07281CD897
:101B9000EC23034113F0010F1AD00F4B9D6865B180
:101BA0006009194653F8203004F01F040122A240B6
:101BB000134341F82030002505E02046FFF792FF4F
:101BC00001E042F20105284638BD42F20205FAE77B
:101BD00042F20205F7E700BF8C48002038B5044602
:101BE000FFF7B6FFA8B10C4B9D6875B160091946A7
:101BF00053F8203004F01F040122A24023EA02031C
:101C000041F820300025284638BD2046FFF778FFF0
:101C1000F9E742F20105F6E78C48002070B582B082
:101C20000646154D154BED1AED082D0445F004053B
:101C3000024613492846FFF771FC12496846FFF730
:101C400029F807E0224610492846FFF767FC684656
:101C5000FFF73CF8019C64B12368616830469847FF
:101C60000028EFD1224609492846FFF757FC1120EA
:101C700000E0002002B070BD607A0300E07903004C
:101C800074A40300E0D803008CA40300ACA40300F8
:101C900010B582B004460E480E4BC01AC0080004AE
:101CA00022460D4940F00400FFF738FC0B49684616
:101CB000FEF7F0FF06E01A6859682046904768462C
:101CC000FFF704F8019B002BF5D102B010BD00BF57
:101CD000607A0300E0790300D0A40300D4D80300A5
:101CE00008B51620FFF74AFF00B908BD024AA12136
:101CF000FCF7C8FFF9E700BFE8A4030008B5162009
:101D0000FFF76CFF00B908BD024AAD21FCF7BAFF2E
:101D1000F9E700BFE8A4030010B582B01B4B1B78A5
:101D200073BB1B4B01221A700020FFF777FF1128AD
:101D30002AD00020FFF7ACFF164B1B68019300234D
:101D40008DF803300DF10300FDF788F8124901A862
:101D5000FFF7FAFE0446B0FA80F040090B4B18700A
:101D60009DF80300FDF78CF85CB90023084A137056
:101D70000A4A1370FFF7B4FF0120FFF789FF00E064
:101D80000824204602B010BD0024FAE76A5500205E
:101D900068550020ECD80300C532030069550020C7
:101DA00030B583B0154B1B7813B30120144B18705A
:101DB000FFF734FF11281FD00220FFF769FF00252D
:101DC0008DF807500DF10700FDF748F8FFF7BEFE4C
:101DD00004460A4B1D709DF80700FDF751F844B901
:101DE000074B1D70FFF78AFF0320FFF751FF00E04C
:101DF0000824204603B030BD0024FAE76A550020CD
:101E00006855002008B5074B1B7843B1064B1B787B
:101E100013B1FFF7C5FF08BDFFF77EFFFBE7082002
:101E2000F9E700BF685500206A550020014B18787B
:101E3000704700BF6A55002000B583B00849684666
:101E4000FEF728FF05E01A68586890476846FEF7D5
:101E50003DFF019B002BF6D103B05DF804FB00BFF2
:101E6000C8D8030008B5FFF7E7FF08BD60DF70477B
:101E700069DF704761DF70474FF08053D3F80C0182
:101E8000800200F100507047164B1B7843B300B539
:101E9000ADF5017D09E01A68596803A8904701A8CB
:101EA000FEF714FF029B002BF5D14FF4FA73ADF847
:101EB00002300DF1020103A8FFF7DCFF20B90A4947
:101EC00001A8FEF7E7FEEDE7052803D10DF5017D3A
:101ED0005DF804FB054A40F23B11FCF7D3FEF5E741
:101EE000704700BF6B550020F0D803008CA503009D
:101EF00018B1034A0260002070470E20704700BFEF
:101F0000082B0020F0B585B005460C460846FFF7C3
:101F1000EFFF064610B1304605B0F0BD0023019337
:101F2000029303938DF8045001238DF806300623A5
:101F3000ADF80830226801A92020FFF799FF00289A
:101F400058D1002301930293039301238DF80530A8
:101F5000226801A94020FFF78BFF002858D10023F9
:101F60000193029303938DF80450F723ADF80630E4
:101F7000226801A92320FFF77BFF002856D1002308
:101F800001930293039303238DF80430226801A97F
:101F90000120FFF76DFF002856D100230193029323
:101FA00003934FF4B0630193226801A9A120FFF7C6
:101FB0005FFF002856D100230193029303939DF8FD
:101FC000043043F001038DF80430226801A9A020F9
:101FD000FFF74EFF00289ED0294C2A4AA41AE40895
:101FE0002404FEF7B1FE0246274944F00100FFF742
:101FF00095FA90E7224F234ABF1AFF083F04FEF7E5
:10200000A3FE0246214947F00100FFF787FA98E74F
:102010001B4F1C4ABF1AFF083F04FEF795FE0246FD
:102020001B4947F00100FFF779FA98E7144D154A6C
:10203000AD1AED082D04FEF787FE0246154945F05E
:102040000100FFF76BFA9AE70D4D0E4AAD1AED0845
:102050002D04FEF779FE02460F4945F00100FFF717
:102060005DFA9AE7064D074AAD1AED082D04FEF712
:102070006BFE0246094945F00100FFF74FFA9AE767
:10208000687A0300E0790300A8A703002CA60300E8
:1020900074A60300C0A6030008A7030054A703000A
:1020A000F8B504460768FFF7E1FE05462368BB4222
:1020B00005D8F5B9164B01221A702846F8BD154E01
:1020C000154BF61AF608360446F002061349304658
:1020D000FFF71EFA23683A4611493046FFF728FAFF
:1020E000FFF7CAFE2268821A0E493046FFF716FA39
:1020F000DFE7084C084BE41AE40824042846FEF7FE
:1021000023FE0246084944F00100FFF707FAD4E72E
:102110006B550020687A0300E0790300FCA70300F8
:102120002CA8030060A803008CA803004BDF7047B5
:1021300000B585B009E01A6859680198904702A86F
:10214000FEF7C4FD039B002BF5D101A8FFF7EEFFBE
:1021500078B90D480D4BC01AC0080004019A0C490B
:1021600040F00400FFF7DAF90A4902A8FEF792FDF1
:10217000E8E7052802D105B05DF804FB064A6B21AB
:10218000FCF780FDF7E700BF707A0300E0790300F9
:10219000B8A80300FCD80300CCA80300FEE77047F2
:1021A000704738B50C464568284600F059F8E1B24A
:1021B000022906D004290BD141682846F6F709F90F
:1021C00006E000F087F8002203210846F6F79AF8A7
:1021D00038BD08B500F0A8F808BD38B50C4645680C
:1021E000284600F03DF8E1B2062906D0072908D1BB
:1021F00001682846F6F7EDF803E001682846F6F78F
:10220000E8F838BD08B500F0BDF808BD02460C4935
:1022100042F8141B426000228260C260094A0261D7
:10222000094A0260094A426180610949C16109495C
:10223000416102624062084A8262084A0262704753
:1022400074D5030078A9030038D9030060D50300D2
:1022500088A9030010D90300D089030024D9030002
:10226000034600F1140202480260203343607047C5
:102270006C55002008B50948094BC01AC008000475
:10228000084940F00400FFF743F90748F6F74CF916
:10229000002207210320F6F735F808BD307A030045
:1022A000E079030090A903007455002000B583B0C5
:1022B000054B0093002342F2107204490448F6F7DC
:1022C000B3F803B05DF804FB75220300A8A903006E
:1022D0007455002008B50248F6F79CFA08BD00BF07
:1022E000B1240300014B1860704700BF3C2B002055
:1022F00008B50848084BC01AC0080004074940F058
:102300000400FFF705F9064B19680648F6F7BAF816
:1023100008BD00BF307A0300E0790300B8A90300CC
:102320003C2B00207455002008B50748074BC01A05
:10233000C0080004064940F00400FFF7E9F8F6F78A
:10234000EDF9FFF7D5FF08BD307A0300E07903000F
:102350000C81030008B50748074BC01AC0080004E9
:10236000064940F00400FFF7D3F80548F6F7ACF84B
:1023700008BD00BF307A0300E0790300D0A9030054
:102380007455002008B50748074BC01AC008000460
:10239000064940F00400FFF7BBF8F6F7DFF9FFF756
:1023A000D9FF08BD307A0300E0790300E8A90300F3
:1023B00008B5114682189378D27843EA02231BB2FB
:1023C00013F5716F00D008BD01F10C03C35C03F07D
:1023D000010C224A82F800C0C3F3400C82F801C00D
:1023E000C3F3800C82F802C0C3F3C00C82F803C0B0
:1023F000C3F3001C82F804C0C3F3401C82F805C07C
:10240000C3F3801393710844437A03EB83035B00A7
:102410001381837A03EB83035B005381C37A03EB5D
:1024200083035B00938143794FF0640C0CFB03F34F
:1024300081790CFB01F143EA0143136100235361ED
:1024400007490B6801330B6008210320F5F770FF83
:10245000044B19680448F6F745F8B4E7AC5500207A
:10246000A85500203C2B002074550020F8B50746E5
:102470000E46002503E02C44A4B20134A5B2B542B7
:102480000FD22B467C5D64B12A19B24209DA0133BE
:10249000FB5CFF2BEFD12A4631463846FFF788FF19
:1024A000E9E7F8BD08B501790068FFF7DFFF08BD6F
:1024B00008B50378042B13D8DFE803F013121E29A4
:1024C00003001548154BC01AC0080004144940F019
:1024D0000400FFF71DF8002207210320F5F712FF83
:1024E00008BD0D480D4BC01AC00800040D4940F04E
:1024F0000400FFF70DF8F3E70748084BC01AC008BF
:102500000004094940F00400FFF702F8E8E74068DA
:10251000FFF7C8FFE4E700BF307A0300E07903006B
:10252000F8A9030008AA030018AA030008B5FFF7DA
:10253000BDFE08BD70B505460C46164600F022F8F3
:102540003246214600F05EF821462846F5F706FFA0
:1025500070BD000010B50446F5F7BAFE014B2360CC
:10256000204610BD44D9030010B50446FFF7F2FF22
:1025700004F15C00F5F7B1FD04F6EC10FFF746FE40
:10258000204610BD08B50A4B1B68BFF35B8F13F0E4
:10259000010F01D0074808BD054805F0C5F900281E
:1025A000F8D00448FFF7E0FF014805F0D1F9F1E762
:1025B000E4550020E855002038B504460D4B0E4A7E
:1025C0009B1ADB081B040D4943F00300FEF7A0FF34
:1025D00004F15C050A4A05212846F5F7A7FD2A46BD
:1025E00003212046F5F77CFE04F6EC10F5F705FF15
:1025F00038BD00BF307A0300E079030030AA030041
:102600004CAA030008B500F6EC10F5F7DAFE08BD99
:1026100008B5C06800F0CAFA0548064BC01AC008E1
:102620000004054940F00400FEF772FF08BD00BF3A
:10263000307A0300E079030050AA0300F8B50D4694
:102640004668284C284BE41AE408240444F00404A7
:1026500026492046FEF75CFF304600F099F9074610
:10266000E9B20D2939D8DFE801F0070C3811383804
:10267000161B24383829382E1D492046FEF748FFFE
:10268000F8BD1C492046FEF743FFF9E74168304694
:10269000F5F79FFEF4E718492046FEF739FFEFE70C
:1026A00016492046FEF734FF39683046F5F791FEAB
:1026B000E6E713492046FEF72BFFE1E711492046E4
:1026C000FEF726FFDCE710492046FEF721FF002237
:1026D00004210846F5F716FED2E70C495520FDF710
:1026E000E5FACDE7307A0300E07903007CAA030025
:1026F000B4AA0300D8AA0300F8AA03003CAB030065
:102700007CAB0300B8AB030000AC030040AC03009B
:1027100008B5C06800F062FA0548064BC01AC00848
:102720000004054940F00400FEF7F2FE08BD00BFBA
:10273000307A0300E0790300CCAC030008B5C06830
:1027400000F004FA0548064BC01AC0080004054909
:1027500040F00400FEF7DCFE08BD00BF307A030045
:10276000E0790300F8AC030070B50D4646681E4CD6
:102770001E4BE41AE408240444F004041C492046D7
:10278000FEF7C6FE304600F003F9E9B20D2926D85F
:10279000DFE801F0070C250B112516252525252539
:1027A000251B14492046FEF7B3FE70BD1249204692
:1027B000FEF7AEFEF9E701683046F5F70AFEF4E7EA
:1027C00081683046F5F705FEEFE70C492046FEF735
:1027D0009FFE002204210846F5F794FDE5E708492D
:1027E0004920FDF763FAE0E7307A0300E07903005F
:1027F0001CAD0300B4AA0300D8AA03004CAD03002B
:1028000084AD030008B5C06800F0B8F90548064B70
:10281000C01AC0080004054940F00400FEF778FE25
:1028200008BD00BF307A0300E079030004AE030066
:1028300008B50548054BC01AC0080004044940F01B
:102840000400FEF765FE08BD307A0300E07903005E
:1028500024AE030008B50548054BC01AC0080004A3
:10286000044940F00400FEF753FE08BD307A03002F
:10287000E079030044AE0300F8B505460F4646680C
:102880001C4C1D4BE41AE408240444F004041B49C6
:102890002046FEF73DFE304600F07AF8F9B20B29EB
:1028A00023D8DFE801F0060B10180A221D220A0ABD
:1028B000220A13492046FEF72BFEF8BD1149204697
:1028C000FEF726FEF9E7E86800F02AF90E492046EF
:1028D000FEF71EFEF1E741683046F5F77AFDECE7BA
:1028E00081683046F5F775FDE7E708495220FDF7A6
:1028F000DDF9E2E7307A0300E079030064AE03001B
:10290000B4AA0300D8AA03008CAE0300ACAE030047
:1029100038B504460346144A43F8142B4360002399
:102920008360C360114B0361114B0360114D45611E
:102930008061114BC361114B436100F04BF8206281
:102940006562A4620E4BE3620E4B636200F042F8D4
:1029500020636563A4630C4BE3630C4B636300F07B
:1029600039F82064204638BD74D503002CAF03002D
:102970008CD9030060D5030030AF030078D9030081
:1029800038AF030064D9030040AF030050D90300FF
:10299000034600F114020448026003F1240242607D
:1029A00034338360704700BF0060002010B50446D8
:1029B00014234360092383601523C3601623036136
:1029C0000A234361022383611C30F5F73FFE204652
:1029D00010BD000008B50A4B1B68BFF35B8F13F0F6
:1029E000010F01D0074808BD054804F09DFF0028ED
:1029F000F8D00448FFF7DAFF014804F0A9FFF1E737
:102A00000C600020106000202DE9F04399B00546CD
:102A10003C483D4BC01AC00800043C4940F004004B
:102A2000FEF776FD12AB00241294139414941594BF
:102A3000169417940127139714976A68129218AA8C
:102A400012E903008DE803000FCBF6F79FF921464A
:102A50006868F6F77AF90CAB0C940D940E940F9409
:102A6000109411940D970E97AA680C9210AA92E8F0
:102A700003008DE803000FCBF6F788F92146A8681C
:102A8000F6F763F9224BD3F80080ADF82C804FEABB
:102A900018498DF82E9003268DF82D601D4B0B9A4A
:102AA0003146E868F6F78FF9ADF828808DF82A905E
:102AB0008DF82960184B0A9A31462869F6F783F990
:102AC000ADF824808DF826908DF82560134B099A77
:102AD00031466869F6F777F903AB039404940594DB
:102AE00006940794089405970696AA69039207AA84
:102AF00092E803008DE803000FCBF6F747F919B011
:102B0000BDE8F083307A0300E079030054AF03009E
:102B100090D90300752C0300C92C0300112D03006C
:102B200010B50446064B074A9B1ADB081B040649EE
:102B300043F00400FEF7ECFC2046FFF765FF10BDF4
:102B4000307A0300E079030070AF030010B504464B
:102B5000074B084A9B1ADB081B04074943F0040093
:102B6000FEF7D6FC01216068F6F7EFF810BD00BF54
:102B7000307A0300E079030084AF030010B5044607
:102B8000074B084A9B1ADB081B04074943F0040063
:102B9000FEF7BEFC00216068F6F7D7F810BD00BF55
:102BA000307A0300E0790300A8AF030010B50446B3
:102BB000074B084A9B1ADB081B04074943F0040033
:102BC000FEF7A6FC0121A068F6F7BFF810BD00BF14
:102BD000307A0300E0790300CCAF030010B504465F
:102BE000074B084A9B1ADB081B04074943F0040003
:102BF000FEF78EFC0021A068F6F7A7F810BD00BF15
:102C0000307A0300E0790300F0AF030008B51C3010
:102C1000F5F762FD0548064BC01AC00800040549D7
:102C200040F00400FEF774FC08BD00BF307A0300DA
:102C3000E079030014B0030010B504460A4B0B4AB8
:102C40009B1ADB081B040A4943F00400FEF760FCF2
:102C5000E068F6F775F8012800D010BD00220B21BE
:102C60000420F5F74FFBF8E7307A0300E079030022
:102C700034B0030008B5FFF7ADFEFFF7DDFF08BD78
:102C800010B504460D4B0E4A9B1ADB081B040D4978
:102C900043F00400FEF73CFC2069F6F751F80128E8
:102CA00005D0002208210420F5F72CFB10BD0022DE
:102CB00007210420F5F726FBF8E700BF307A030070
:102CC000E079030068B0030008B5FFF783FEFFF763
:102CD000D7FF08BD10B504460A4B0B4A9B1ADB0808
:102CE0001B040A4943F00400FEF712FC6069F6F782
:102CF00027F800B110BD002209210420F5F702FBDE
:102D0000F8E700BF307A0300E079030094B00300D5
:102D100008B5FFF75FFEFFF7DDFF08BD38B50C46CD
:102D200015460848084BC01AC0080004074940F07F
:102D30000400FEF7EDFB00F023F82A46214600F0E0
:102D40004FF838BD307A0300E0790300C4B00300C7
:102D500010B50446F5F7BCFA014B2360204610BDC0
:102D60009CD9030010B50446FFF7F2FF04F15C00A4
:102D7000F5F7B3F904F6EC10FFF7CAFD204610BDD5
:102D800008B50A4B1B68BFF35B8F13F0010F01D02E
:102D9000074808BD054804F0C7FD0028F8D00448DE
:102DA000FFF7E0FF014804F0D3FDF1E79060002059
:102DB0009460002038B5044600F15C05074A012103
:102DC0002846F5F7B3F92A4604212046F5F788FA94
:102DD00004F6EC10F5F711FB38BD00BF2CAF030073
:102DE00008B500F6EC10F5F7ECFA08BDBFF34F8F0D
:102DF0000549CA6802F4E062044B1343CB60BFF399
:102E00004F8F00BFFDE700BF00ED00E00400FA05B2
:102E100041180BD2B0F1005F02D3064B994207D99B
:102E2000B1F5801F8CBF0020012070470020704743
:102E3000012070470000042010B5044690B1012124
:102E4000FFF7E6FF70B12046002302E0581C204443
:102E50000133FF2B06D8E25C22B12F2AF6D05C2A80
:102E6000F6D1F3E710BDC0B100B5864699B10AB1FD
:102E7000002306E0002303700DE00EF80C00013380
:102E8000DBB29C46581C884202D2D05C0028F4D1A8
:102E900000230EF80C305DF804FB7047064B1A68EF
:102EA000064B9A4203D0064B064A1A607047024A04
:102EB000936801339360F6E7E47F002047C0A5C71D
:102EC000F47F0020ED4AA5C7013806280FD8DFE8B7
:102ED00000F0041006080E0A0C0007487047074867
:102EE00070470748704707487047074870470748CA
:102EF00070470748704700BFDCB00300F4B0030020
:102F00000CB1030024B1030030B1030040B1030051
:102F1000E8B0030044F2010398420ED007D801281C
:102F20000DD041F2010398420BD10420704744F2C6
:102F30000203984207D10220704701207047032006
:102F400070470520704705207047000098B110F0C9
:102F5000010F12D110F0020F11D110F0040F10D197
:102F600010F0080F0FD110F4803F0ED110F4802F15
:102F70000DD108487047084870470848704708480E
:102F80007047084870470848704708487047084825
:102F9000704700BFC4B1030050B1030068B1030023
:102FA00074B1030080B1030090B103009CB1030031
:102FB000B4B10300EFF30882084B9A420DD9D31A3B
:102FC000B3F5807F09D9A2F58072044B03E04FF07E
:102FD000A53143F8041B9342F9D3704700F803204E
:102FE0000020064B01E001300433054A934203D22E
:102FF0001A68B2F1A53FF6D08000704700F80320B0
:103000000000042008B5094C094BE41AE408240424
:10301000084D6868FFF758FF0246AB68064944F060
:103020000100FEF785FAFFF7E1FE00BF307A0300EA
:10303000E0790300F47F0020CCB1030008B503F071
:1030400095FB012805D003F08BFB08B103F028F9AC
:1030500008BD0148FCE700BFF0B1030038B5124BD2
:103060001A68124B9A421CD004460F4D6022002170
:10307000284604F029FC6C600D4B1A680D4B9A42EF
:103080000CD00023084CE362FFF7D8FF0246102162
:1030900004F15000FFF7E7FE012038BD044BDB6868
:1030A000F0E70020F9E700BFF47F0020ED4AA5C754
:1030B000E47F002047C0A5C770B582B04FF08043C1
:1030C000D3F80064C3F800643E4B1A683E4B9A4242
:1030D00005D03C4B3C4A1A6000225A609A60394B3A
:1030E0005D6801355D600022DA60384C384BE41AC7
:1030F000E40824043046FFF729FF009033462A46AF
:10310000344944F00200FEF71EFA334B1A68334B81
:103110009A420AD02B4B9A68314944F00300FEF7DB
:10312000FDF9FFF747FF02B070BD44F001042A4DDE
:103130006868FFF7C9FE0246EB6A009305F1500389
:1031400028492046FEF7FFF96B68012B17D0022BA8
:1031500024D0214D2B690093EB68AA6822492046B0
:10316000FEF7F1F96B68062B20D0164B9A681F49C1
:103170002046FEF7D3F9184B00221A60D1E76E699A
:103180003046FDF7E1FD0346AA690192303500950E
:10319000324617492046FEF7E3F9DAE70E4A93690B
:1031A000303214492046FEF7C3F9D2E76B6AA96AA8
:1031B000019100932B6AEA690F492046FEF7D0F986
:1031C000D3E700BFE47F002047C0A5C7307A0300E3
:1031D000E0790300F8B10300F47F0020ED4AA5C7B1
:1031E0000CB303001CB2030094B20300ECB2030062
:1031F00058B2030074B20300B8B20300044B1A685B
:10320000044B9A4200D07047014BD860FBE700BFE7
:10321000E47F002047C0A5C7F8B5264F264BFF1A0C
:10322000FF083F0447F00307FFF7DAFE0246234991
:103230003846FEF773F900240DE003F031F8054637
:10324000304603F081FA83002A461D493846FEF7CE
:103250006FF90134E4B2F4F755FFA04206D92046D5
:10326000F4F756FF06460028E7D1F2E703F046FDE3
:10327000054603F029F8044665B1284603F010F826
:103280000646284603F060FA830032460C49384669
:10329000FEF74EF964B1204603F002F805462046D9
:1032A00003F052FA83002A4605493846FEF740F9F2
:1032B000F8BD00BF307A0300E07903003CB303009F
:1032C00058B3030070B506460C46154672B6FFF7B4
:1032D00021FEFFF7C3FE68B11B4B9C6044F2010363
:1032E0009E4209D044F202039E421AD0164B5D6101
:1032F000FFF7D4FDFFF786FE0C212846FFF788FD77
:103300000028F5D02B68104CA361AB686361686836
:10331000FFF792FD0246202104F13000FFF7A3FDE4
:10332000E6E708212846FFF773FD0028E0D02B6868
:10333000054CA3616868FFF77FFD0246202104F178
:103340003000FFF790FDD3E7F47F00201EF0040F5C
:103350000CBFEFF30880EFF3098000F001B8000024
:1033600008B5044672B60620FFF778FEB8B10D4ADC
:10337000916A0D4BD961D16A1962516B5962926B96
:103380009A6220212046FFF743FD30B1064B626967
:10339000DA60A2699A60E2691A61FFF77FFDFFF7C0
:1033A00031FE00BF00ED00E0F47F002008B50C46C0
:1033B00072B60720FFF752FE08B9FFF723FE224638
:1033C00010210348FFF74FFDFFF768FDF5E700BF49
:1033D0004480002000B583B0054B00930123642294
:1033E00004490548F5F720F803B05DF804FB00BF79
:1033F000853A030070B30300C46A002038B50E4854
:10340000F5F72CF80D4C0E4BE41AE408240444F0B4
:1034100002040C4D29462046FEF77AF80A49204658
:10342000FEF776F809492046FEF772F8294620464D
:10343000FEF76EF838BD00BFC46A0020307A030082
:10344000E07903007CB30300B4B30300E8B30300E6
:1034500008B50F4B1B787BB9002212210120F4F72D
:1034600051FF0C480C4BC01AC00800040B4940F037
:103470000200FEF74DF808BD0648074BC01AC00809
:103480000004074940F00200FEF742F8F3E700BFEE
:10349000006B0020307A0300E079030050B4030091
:1034A0002CB4030008B50F4B1B787BB1002203211D
:1034B0000120F4F727FF0C480C4BC01AC008000489
:1034C0000B4940F00200FEF723F808BD0648074B01
:1034D000C01AC0080004074940F00200FEF718F8BF
:1034E000F3E700BF006B0020307A0300E0790300AF
:1034F00094B4030074B4030010B500230A4A137097
:103500000A4A13600A4A13700A4C0B4BE41AE40887
:10351000240444F0020409492046FDF7F9FF084954
:103520002046FDF7F5FF10BD006B0020FC6A00206F
:10353000F86A0020307A0300E0790300B0B4030099
:10354000FCB4030038B5044601F020F9A04219D3B9
:10355000204601F0B1FD1448144BC01AC008000405
:1035600040F0020022460C2C1BD804EB840404EB30
:103570008404A3009BB203F5C8739BB20C49FDF70A
:10358000D7FF38BD05460848084BC01AC0080004DC
:103590002B462246074940F00200FDF7C9FF2C46A2
:1035A000D6E74FF4C863E9E7307A0300E079030017
:1035B00068B5030038B5030038B50446134B1D78D1
:1035C00001F0E4F8002C08DB002C01DD854211D26B
:1035D0002819C0B2FFF7B6FF38BD002DF4D10C4852
:1035E0000C4BC01AC00800040B4940F00200FDF764
:1035F0008FFFF1E7064B074A9B1ADB081B040246C4
:10360000064943F00200FDF789FFE5E7452B00205E
:10361000307A0300E079030088B50300B0B50300F9
:1036200010B5002203210420F4F76CFE00220321D0
:103630000220F4F767FE042210210220F4F762FE54
:103640000F4C22780E210220F4F75CFE0D480E4B41
:10365000C01AC008000440F0020022780C2A0BD8DF
:1036600002EB820101EB81018B0003F5C8739BB271
:103670000649FDF75DFF10BD4FF4C863F8E700BFD2
:10368000452B0020307A0300E0790300D8B5030011
:1036900008B504220F210220F4F734FE0548064B3A
:1036A000C01AC0080004054940F00200FDF730FFD1
:1036B00008BD00BF307A0300E07903000CB60300B8
:1036C00030B585B0124B1B68B3B11248124BC01A0B
:1036D000C0080004114A13799179947855790395BB
:1036E000029401910093537812780D4940F0020042
:1036F000FDF756FF05B030BD0648074BC01AC0089D
:103700000004084940F00200FDF702FFF2E700BFA5
:10371000A8550020307A0300E0790300AC55002062
:1037200060B603002CB6030010B50C4C0C4BE41A29
:10373000E408240444F002040A492046FDF7E8FEA8
:1037400009492046FDF7E4FE08492046FDF7E0FE62
:1037500007492046FDF7DCFE10BD00BF307A0300AC
:10376000E0790300C4B60300FCB6030038B70300D9
:1037700068B7030038B5134B01221A700023124AB0
:103780001360124A1370124C124BE41AE40824041A
:1037900044F00204104D29462046FDF7B9FE0F49BA
:1037A0002046FDF7B5FE0E492046FDF7B1FE0D4956
:1037B0002046FDF7ADFE29462046FDF7A9FEFFF79E
:1037C000B3FF38BD006B0020FC6A0020F86A0020BF
:1037D000307A0300E07903007CB30300A8B703004C
:1037E000CCB7030000B8030008B50848084BC01A5E
:1037F000C0080004074940F00200FDF789FE064AB0
:1038000040F251110320FBF73DFA08BD307A030066
:10381000E07903003CB8030074B8030008B507481A
:10382000074BC01AC0080004064940F00200FDF72B
:103830006FFE054BD3F8F03F08BD00BF307A0300A0
:10384000E0790300E4B8030000F0FFFF2DE9F04148
:1038500082B0364B1E78364B1F78364C364BE41A06
:10386000E408240444F0020434492046FDF750FEE5
:10387000334B1B78002B44D0324D334B1B78002B3D
:1038800041D0DFF8F880F4F71DFB00F6EC10F4F7F8
:10389000C7FD0190009743462A462C492046FDF774
:1038A0005FFE0C2E32D806EB860505EB8505AD00D4
:1038B00005F5C875ADB200F069FF00902B463246A1
:1038C00023492046FDF73FFE224B1B78224A12680F
:1038D00001920093214B1B78214A127821492046FE
:1038E000FDF73EFEFFF7ECFE154B1B78D3B11E4BE8
:1038F0001A681E4B9A420CD8C2F5122202F5F862E1
:1039000008E01B4DB9E7DFF87880BCE74FF4C865E5
:10391000D1E70022174BA3FB023292091649204639
:10392000FDF7FCFD02B0BDE8F08100BF452B002093
:10393000CD710020307A0300E079030010B9030054
:10394000006B00202CB90300CC71002044B90300A7
:1039500078B90300C6710020A8550020432B002031
:10396000442B0020A0B90300FC6A0020BF270900F7
:1039700034B90300D34D6210E4B903003CB903002D
:1039800040B9030008B56D280CD006D83F280CD0EC
:1039900068280DD1FFF7C8FE06E06E2808D1FFF7B2
:1039A00081FD01E0FFF754FD08BDFFF74FFFFBE786
:1039B0002F4B1B78C3B13D2822D8212839D3A0F141
:1039C00021031C2B35D8DFE803F02E343134343496
:1039D00034343434223426343434343434343434C7
:1039E0003434343434342200224B234A9B1ADB080B
:1039F0001B040246214943F00200FDF78FFDD3E787
:103A000073280DD0782814D1FFF742FECCE70120AF
:103A1000FFF7D2FDC8E74FF0FF30FFF7CDFDC3E75A
:103A2000FFF7FEFDC0E7FFF7DFFEBDE7FFF7F6FE9D
:103A3000BAE7A0F13003DBB2092B09D9A0F1610389
:103A4000DBB2022B08D85738C0B2FFF77BFDABE7DB
:103A50001846FFF777FDA7E7064B074A9B1ADB08D6
:103A60001B040246064943F00200FDF757FD9BE7A1
:103A7000006B0020307A0300E079030008BA0300ED
:103A800048BA030010B502E0E0B2FFF77BFFFEF793
:103A900013F8B8B1FDF7FEFF041E13DB194B00222B
:103AA0001A60194B1B78002BEED0174B1A70174871
:103AB000174BC01AC0080004164940F00200FDF779
:103AC00027FDE1E7144B1B784BB10F4B1B7833B943
:103AD0000C4A136864331360104A934200D810BD37
:103AE000094B01221A700948094BC01AC00800048A
:103AF0000B4A0C4940F00100FDF710FDFFF7C8FD2F
:103B0000EDE700BFFC6A0020F86A0020307A03006D
:103B1000E07903007CBA0300006B0020BF27090096
:103B2000C0270900C0BA030008B5FFF753FC08BD61
:103B300008B50548054BC01AC0080004044940F008
:103B40000400FDF7E5FC08BD307A0300E0790300CE
:103B500004BB030010B50446064B074A9B1ADB085A
:103B60001B04064943F00400FDF7D2FCE06800F0B6
:103B7000D3FD10BD307A0300E079030028BB0300B9
:103B80002DE9F0470546884616464768484C494B9C
:103B9000E41AE408240444F0040947494846FDF7C0
:103BA000B7FC384600F05CF982465FFA88F11129CB
:103BB0000ED8DFE801F0090F0D14190D1E27303A59
:103BC0000D473F4C565F69733C494846FDF7A0FCE2
:103BD000BDE8F0873A494846FDF79AFCF8E73949CD
:103BE0004846FDF795FCF3E737494846FDF790FC5A
:103BF000EEE7E86800F0D6FB002208210220F4F787
:103C000081FBE5E7E86800F041FEDAF8001038468D
:103C1000F4F7DFFBDCE72D494846FDF779FC00228D
:103C200007210220F4F76EFBD2E729494846FDF749
:103C30006FFCCDE727494846FDF76AFCE86800F0CD
:103C4000A9FEC5E724494846FDF762FCC0E72349C1
:103C50004846FDF75DFC002207210220F4F752FBE5
:103C6000B6E71F494846FDF753FCF1B2E86800F09B
:103C700039FDADE71B4944F00200FDF749FCF1B204
:103C8000E86800F023FBA3E7174944F00300FDF7C1
:103C90003FFCF1B2E86800F04DFB99E7E86800F0FE
:103CA0001FFEDAF800103846F4F793FB90E700BFE8
:103CB000307A0300E07903004CBB03007CBB0300B7
:103CC000A0BB0300C0BB0300E4BB030008BC0300AF
:103CD00044BC03006CBC0300B4BC0300F8BC03008C
:103CE00030BD030068BD0300A4BD030008B505484E
:103CF000054BC01AC0080004044940F00400FDF759
:103D000007FC08BD307A0300E0790300E0BD030042
:103D100008B50548054BC01AC0080004044940F026
:103D20000400FDF7F5FB08BD307A0300E0790300DD
:103D300000BE0300F8B505460F4646681D4C1E4BF5
:103D4000E41AE408240444F004041C492046FDF766
:103D5000DFFB304600F084F8F9B211290ED8DFE815
:103D600001F0090E131B0D0D0D0D0D0D0D0D200D88
:103D70000D0D0D2512492046FDF7CAFBF8BD11496E
:103D80002046FDF7C5FBF9E70F492046FDF7C0FBCC
:103D9000E86801F0A5FAF1E7C1683046F4F719FBCD
:103DA000ECE781683046F4F714FBE7E7E86800F0D9
:103DB00097FDE3E7307A0300E079030020BE0300BB
:103DC0007CBB0300A0BB030048BE030038B504461B
:103DD0000346174A43F8142B436000238360C360F3
:103DE000144B0361144B0360144D45618061144B07
:103DF000C361144B436100F001FA20626562A46262
:103E0000114BE362114B636225636463104BA36340
:103E1000104B236300F0F2F9E063256464640E4BF9
:103E2000A3640E4B236400F0E9F9E064204638BD3A
:103E300074D5030068BE0300D0D9030060D5030029
:103E400030AF0300BCD903006CBE0300F0D90300FF
:103E500074BE0300DCD9030080BE0300A8D90300B0
:103E6000034600F114020548026003F12402426097
:103E700003F1300282604033C3607047046B00205E
:103E800008B50548054BC01AC0080004044940F0B5
:103E90000400FDF73DFB08BD307A0300E079030024
:103EA0008CBE030010B50446064B074A9B1ADB087C
:103EB0001B04064943F00400FDF72AFBE06800F00C
:103EC0002BFC10BD307A0300E0790300B0BE030084
:103ED0002DE9F0470546884616464768434C444B53
:103EE000E41AE408240444F0040942494846FDF772
:103EF0000FFB3846FFF7B4FF82465FFA88F11129BD
:103F00000ED8DFE801F0090F0D141E0D282D430D0A
:103F10000D0D0D364D56606A37494846FDF7F8FAE3
:103F2000BDE8F08735494846FDF7F2FAF8E734492D
:103F30004846FDF7EDFADAF80C103846F4F749FA7E
:103F4000EEE730494846FDF7E3FADAF80C10384658
:103F5000F4F73FFAE4E72C494846FDF7D9FADFE7E2
:103F6000E86800F093FCDAF800103846F4F731FA0C
:103F7000D6E726494846FDF7CBFAE86800F0F0FAA4
:103F8000DAF800103846F4F724FAC9E72049484621
:103F9000FDF7BEFA002207210220F4F7B3F9BFE7CC
:103FA0001C494846FDF7B4FAF1B2E86800F09AFB04
:103FB000B6E7194944F00200FDF7AAFAF1B2E86841
:103FC00000F084F9ACE7154944F00300FDF7A0FACE
:103FD000F1B2E86800F0AEF9A2E7E86800F080FC12
:103FE000DAF800103846F4F7F4F999E7307A03006C
:103FF000E0790300B0BE0300D0BE030004BF03009D
:1040000034BF030068BF030098BF0300F8BC03007F
:1040100008BC030030BD0300CCBF03001CC003007C
:1040200008B50548054BC01AC0080004044940F013
:104030000400FDF76DFA08BD307A0300E079030053
:104040006CC0030008B50548054BC01AC008000441
:10405000044940F00400FDF75BFA08BD307A030024
:10406000E07903008CC0030070B50D4646681D4C16
:104070001D4BE41AE408240444F004041B492046C0
:10408000FDF746FA3046FFF7EBFEE9B208290AD8F9
:10409000DFE801F0050A090F1409191E230014496D
:1040A0002046FDF735FA70BD12492046FDF730FA7B
:1040B000F9E711492046FDF72BFAF4E70F492046AE
:1040C000FDF726FAEFE70E492046FDF721FAEAE769
:1040D0000C492046FDF71CFAE5E70B492046FDF7A1
:1040E00017FAE0E7307A0300E0790300ACC0030080
:1040F0007CBB0300A0BB0300C0BB0300E4BB030008
:10410000D4C00300F8C003001CC1030008B50A486E
:104110000A4BC01AC0080004094940F00400FDF72A
:10412000F7F9F5F737F9012800D008BD00220D2175
:104130000220F4F7FDF8F8E7307A0300E079030095
:1041400044C1030000B583B0174B009301234FF423
:10415000FA7216491648F4F767F9164B00930023D4
:1041600041F2883214491548F4F75EF9144B009374
:1041700001234FF4FA6213491348F4F755F9134B2E
:104180000093012342F2107211491248F4F74CF9DE
:10419000114B0093012347F2305210491048F4F7B5
:1041A00043F903B05DF804FB294403006CC103002C
:1041B000E86B00200D4103007CC10300B46B0020BC
:1041C0007D50030094C10300806B0020C1500300A8
:1041D000A4C103004C6B0020E1490300B4C10300FB
:1041E000186B002010B504460830F4F7B5FB04F551
:1041F0001870F5F711F9204610BD000008B50A4BFC
:104200001B68BFF35B8F13F0010F01D0074808BD97
:10421000054803F089FB0028F8D00448FFF7E2FFC7
:10422000014803F095FBF1E71C6C0020206C002096
:1042300010B582B01D4C1E4BE41AE408240444F06F
:1042400004041C492046FDF763F91B492046FDF78D
:104250005FF91A492046FDF75BF9194B03F110028B
:1042600092E803008DE803000FCBF4F78FFD0121E6
:104270002F20F4F76AFD134B03F1100292E80300BC
:104280008DE803000FCBF4F781FD01210520F4F741
:104290005CFD0D4B03F1100292E803008DE8030072
:1042A0000FCBF4F773FD02B010BD00BF307A0300EE
:1042B000E0790300C4C10300E0C103000CC20300A5
:1042C0002CDA030014DA0300FCD9030030B583B004
:1042D0000C46114B1D7845EA01021A708DB10F484A
:1042E0000F4BC01AC008000440F002000A4B1B78B4
:1042F0007DB90C4A009222460B49FDF724F903B020
:1043000030BD00F51870F4F7D5FF084B00221A7085
:10431000E5E7074AEEE700BFCD710020307A0300E1
:10432000E079030038C2030050C20300CC710020C2
:1043300044C2030010B50C46134A137823EA010364
:104340001370A3B900F51870F4F7AEFF0F4B0122FC
:104350001A700F480F4BC01AC00800040E4B1B7890
:1043600022460E4940F00300FDF7E2F810BD084870
:10437000084A801AC00800040A46094940F00200B1
:10438000FDF7D6F8F2E700BFCD710020CC71002018
:10439000307A0300E0790300452B002090C203002F
:1043A000DCC2030008B500F51870F4F789FF054872
:1043B000054BC01AC0080004044940F00400FDF792
:1043C000A7F808BD307A0300E079030030C303008A
:1043D00008B500F51870F4F7D9FF0548054BC01A69
:1043E000C0080004044940F00400FDF791F808BD3E
:1043F000307A0300E07903004CC3030010B5044693
:10440000F4F7C8FF20600548054BC01AC008000437
:10441000044940F00400FDF77BF810BD307A03003A
:10442000E07903006CC3030010B5084C2046FFF789
:10443000E5FF0748074BC01AC00800042268064978
:1044400040F00400FDF76AF810BD00BF146B0020B7
:10445000307A0300E07903008CC3030008B50748F5
:10446000074BC01AC0080004064940F00400FDF7DD
:104470004FF80548F3F7F2FF08BD00BF307A03009C
:10448000E0790300B0C30300B46B002008B507480F
:10449000074BC01AC0080004064940F00400FDF7AD
:1044A00037F80548F3F7DAFF08BD00BF307A03009C
:1044B000E0790300D8C30300E86B002008B5074883
:1044C000074BC01AC0080004064940F00400FDF77D
:1044D0001FF80548F3F7F8FF08BD00BF307A030066
:1044E000E0790300FCC30300E86B002008B50A482C
:1044F0000A4BC01AC0080004094940F00400FDF747
:1045000007F80848F3F7E0FF0748F3F7A7FF074865
:10451000F3F7A4FF08BD00BF307A0300E079030081
:1045200020C40300186B0020806B00204C6B00201F
:1045300008B50748074BC01AC0080004064940F0F8
:104540000300FCF7E5FF0548F3F788FF08BD00BF4F
:10455000307A0300E079030054C40300806B00202C
:1045600008B50848084BC01AC0080004074940F0C5
:104570000400FCF7CDFF0648F3F7A6FF0548F3F764
:10458000A3FF08BD307A0300E07903009CC4030058
:10459000806B00204C6B002050B159B162B1B1F575
:1045A000826F0BD991420BD988420BD901207047F9
:1045B000002070470020704700207047002070479F
:1045C000002070470020704710B52DED028B8A1A2D
:1045D00007EE902AF8EEE77A401A07EE100AB8EED6
:1045E000C77A9FED376AC7EE066A87EEA68A354C12
:1045F000354BE41AE4082404FDEEC87A17EE902A3D
:10460000324944F00300FCF789FFDFED317AB4EE64
:10461000E78AF1EE10FA4CDADFED2E7AB4EEE78A93
:10462000F1EE10FA48D9002300E00133032B36D80D
:10463000294A02EBC302526807EE902AB8EE677A65
:10464000B4EEC87AF1EE10FAEFDB581C224901EB08
:10465000C001496807EE901AF8EE677AF4EEC87A5E
:10466000F1EE10FAE1D81C4C14F9300014F9333093
:10467000C01A07EE900AF8EEE76A521A07EE902A7F
:10468000F8EE677A37EE487A06EE103AB8EEC60AC8
:1046900087EE276A66EE267A30EE270A06E00F4993
:1046A00044F00100FCF734FF9FED0D0ABDEC028BD6
:1046B00010BDB3EE040AF9E79FED090AF6E700BF63
:1046C00000EC4247307A0300E0790300CCC40300D9
:1046D00000E0F64700FE034744DA0300F8C4030095
:1046E0000000484238B504460D46084B084A9B1A5C
:1046F000DB081B04074943F00400FCF709FF2946C7
:1047000004F51870F4F75BFE38BD00BF307A030083
:10471000E079030050C5030010B50446144B1A7825
:10472000D2B11448144BC01AC0080004134940F019
:104730000200FCF7F3FE2046FFF790FE2046FFF74D
:10474000A5FE0C480C4BC01AC00800040C4940F0F0
:104750000400FCF7DDFE10BD0A4B1978FFF7C2FF1D
:1047600004F51870F4F7A0FD074B01221A70E2E778
:10477000CD710020307A0300E07903007CC503008E
:10478000BCC50300452B0020CC710020014B1878DC
:10479000704700BFCE71002010B500231F4A137070
:1047A0001F4A13801F4A138001221F490A701F49A4
:1047B0000B70FF211E4801701E4801701E480370D7
:1047C0001E4803701E4800681E4C20601E4C20606E
:1047D0001E4803701E4803701E4803701E48027076
:1047E0001E4802701E4803601E4803601E48037086
:1047F0001E4803601E4803801E4803701E48017057
:104800001E490B701E481F4BC01AC00800041E49E9
:1048100040F00300FCF782FE10BD00BFCD71002008
:10482000CA710020C8710020452B0020C6710020ED
:10483000442B0020432B0020C5710020C4710020B0
:10484000A8550020C0710020B8710020BC71002064
:10485000B1710020B0710020412B0020402B0020BE
:10486000AC710020A8710020A4710020A07100206C
:104870009E7100209D710020422B00209C71002021
:10488000307A0300E0790300D4C5030010B5044674
:1048900000F51870F4F70EFD0C4B00221A7020463C
:1048A000FFF70CFE2046FFF75BFE0948F3F70CFE0E
:1048B000FFF772FF0748084BC01AC00800040749F9
:1048C00040F00400FCF724FE10BD00BFCC710020B6
:1048D000186B0020307A0300E079030000C6030063
:1048E00010B50446FFF7D2FF2046FFF721FE064829
:1048F000064BC01AC0080004054B1A78054940F061
:104900000200FCF70BFE10BD307A0300E0790300D3
:10491000452B00201CC60300044B1B78FF2B01D045
:10492000834201D9014B1870704700BF442B00200F
:10493000094B1A78FF2A08D0084B1B78FF2B06D0AA
:104940000133934205DA00207047002070470020B1
:1049500070470120704700BF442B0020432B0020EC
:1049600008B5094B1A78824200D30246074B1A70E9
:10497000074B1B78934201D2054B1A700E2102207F
:10498000F3F7D6FC08BD00BFCE710020452B0020F8
:10499000412B002008B50C4B1A680C4B1A600C48D0
:1049A0000C4BC01AC008000447F2305301220A49D8
:1049B00040F00300FCF7BCFD0120FFF7D1FF0748E2
:1049C000F3F74CFD08BD00BFA8550020B8710020CA
:1049D000307A0300E079030064C60300186B0020FE
:1049E00008B5264B1B68264A12689A421BD1254BF4
:1049F0001A7842BB244B1878244B1B7898422DD24E
:104A00000130C0B2FFF7ACFF2148224BC01AC008EA
:104A1000000447F230531C4A12781F4940F002004C
:104A2000FCF786FD08BD1D48F3F74EFD1848194BED
:104A3000C01AC0080004144B1A78194940F003004A
:104A4000FCF76CFDEEE71248124BC01AC0080004D8
:104A5000144940F00200FCF761FDE3E70F48F3F76B
:104A600033FD0B480B4BC01AC0080004064B1A78E4
:104A70000D4940F00200FCF751FDD3E7A855002096
:104A8000B8710020CD710020452B0020CE71002090
:104A9000307A0300E0790300ACC70300186B0020F4
:104AA000C0C6030004C7030054C7030010B582B09A
:104AB00004461C4B186800231B4A13701B490A78D4
:104AC0000132D2B20A701A490C701A490B801A4B83
:104AD00018601A4B1A495B1ADB081B0443F00200EA
:104AE000C4B1184B18490978019100930423174960
:104AF000FCF736FD01220F210220F3F719FC3CB12F
:104B0000134B1B78FF2B03D00F4A1078834203D836
:104B100002B010BD0F4BE5E70130C0B2FFF720FF38
:104B2000F6E700BFA8550020A47100209D71002069
:104B30009C710020CA710020AC710020307A030003
:104B4000E079030014C80300452B002034C803009B
:104B5000422B002028C803002DE9F04F2DED028BD9
:104B600089B0A24B1E68002E00F08A800DF1080C5F
:104B70009F4C0FCCACE80F0094E803008CE80300D6
:104B80009C4B1D7815F0010503D09B4A1388013317
:104B900013809A4B1B784BB145B9994A138801335E
:104BA0009BB21380974A1268B24250D0BDF8107081
:104BB000BDF81280BDF814904A4641463846FFF7CA
:104BC000EBFC002849D04A4641463846FFF7FCFC3A
:104BD000B0EE408A8C4C8D4BE41AE408240444F077
:104BE000030AFDEEC08ADFED8A7A60EE277AFDEED9
:104BF000E77A17EE902A874981FB0231D317C3EB7E
:104C00006113642101FB132B5B4618EE902A824945
:104C10005046FCF78DFCCDF8009043463A467F495C
:104C20005046FCF790FC754B1B78002B3FD0002DB5
:104C300074D1724B00221A70DFED797AB4EEE78AF4
:104C4000F1EE10FA21DD1046FFF730FF18E0092BD6
:104C500016D90120FFF72AFF12E06B486B4BC01AF0
:104C6000C0080004CDF8009043463A466D4940F034
:104C70000200FCF768FC614B1B780BB1614B1E60B6
:104C800009B0BDEC028BBDE8F08F674B1B78019338
:104C9000272300935B4618EE902A64495046FCF7A0
:104CA0005FFC0023624A1370624A1370E8E7002D2C
:104CB00034D1DFED617AB4EEE78AF1EE10FADFDB92
:104CC0005E4B1B7853B1292300935B4618EE902A64
:104CD0005B4944F00200FCF736FCD1E7292300933E
:104CE0005B4618EE902A574944F00100FCF72BFC74
:104CF0000023414A1380544A16604E4A1370534BA6
:104D00001B78FF2B05D001220F210220F3F710FBA7
:104D1000B6E7454B1A784D4B1A70F4E7364B1B88B3
:104D20000E2BADD9DFED3E7AB4EEE78AF1EE10FA44
:104D300042DD454A1268B242A2D13D4A1278032AA6
:104D40002AD80F2191408B429ADB3A4B1B7813B93A
:104D5000354B1B785BBB00233D4A137001253D4A50
:104D60001570264A1570274A1660254A1380304B65
:104D70001B782D4A12780192042200922B441E4A7D
:104D80001288354944F00200FCF7EAFB2A4610215C
:104D90000220F3F7CDFA73E7304944F00100FCF745
:104DA000BDFB00220D210220F3F7C2FA68E7013BA8
:104DB000D8B2FFF7D5FDCEE70193272300935B46DA
:104DC00018EE902A26495046FCF7CAFB0023204AD9
:104DD000137001221F490A7015490B7015490B7099
:104DE00010210220F3F7A4FA4AE700BFA8550020DB
:104DF000AC550020CD710020CA710020A4710020A4
:104E00009E710020A0710020307A0300E079030039
:104E10000000C8421F85EB51FCC8030024C90300F1
:104E200000001C4284C80300452B002058C9030021
:104E30009D7100209C71002000002442006B002026
:104E4000BCC9030004CA0300AC710020422B00203F
:104E5000C6710020C5710020B4CA030064CA0300F3
:104E60000CCB03002DE9F04383B06D4B1B786D4AEA
:104E70001678B34200D91E466A4A13706A4B1978F5
:104E8000674B1970694B1C68002C00F0AB80684BB5
:104E9000D3F800901C60674B93F801801A79B2FA3E
:104EA00082F56D099B79B3FA83F77F09A1451DD07F
:104EB00061480078A8423AD00AB1002B3CD15F4843
:104EC000DFF88CC1A0EB0C00C0080004DFF864C15F
:104ED0009CF802C0CDF804C00091594940F002008E
:104EE000FCF73EFB544B1D70564B1F70564B1B7806
:104EF00013F0020F4FD1A14574D0B8F1000F71D15A
:104F00003046FFF709FD514B1B784BB34B48504BD4
:104F1000C01AC00800044F4B1B7800933346424A26
:104F200012784D4940F00200FCF70DFB5AE045486D
:104F30000078B842C0D1D9E74048DFF814C1A0EBEF
:104F40000C00C0080004DFF8ECC09CF802C0CDF8EB
:104F500004C00091414940F00300FCF701FBC1E7A8
:104F600036483B4BC01AC00800043A4B1B780093EC
:104F700033462D4A12783A4940F00100FCF7E3FA33
:104F8000384B00221A80384B1C6002220F21104639
:104F9000F3F7CEF926E0334B1A88013292B21A8029
:104FA000042A1FD9304B1B68A3421ED0B8F1000F52
:104FB00026D01D4B187870BB2C4B01221A701F484D
:104FC000234BC01AC0080004174B1B78254A1288CF
:104FD000274940F00300FCF7ABFA022210211046EB
:104FE000F3F7A6F903B0BDE8F0831448184BC01AD4
:104FF000C00800041F4940F00200FCF78FFAD8E710
:105000000E48134BC01AC00800041B4940F00200B0
:10501000FCF784FAE6E70138C0B2FFF7A1FCCBE762
:10502000412B0020402B0020452B0020A8550020BC
:10503000B4710020AC550020B1710020307A03001B
:105040007CCB0300B0710020CD710020006B0020EC
:10505000E0790300442B002074CC03000CCC030047
:10506000C8CC0300C8710020A8710020C5710020C1
:10507000B8CD030028CD030078CD030008B50A4859
:105080000A4BC01AC0080004094940F00400FCF7AC
:105090003FFAFFF7E7FEFFF75FFD064B1B7803B90A
:1050A00008BDFEF70DFBFBE7307A0300E079030053
:1050B0000CCE0300006B002008B5FFF751FC08BDC3
:1050C00070B584B06A4B1A78002A52D1694B1A78AD
:1050D000002A5AD1684B1B68684A12689A4262D00B
:1050E000664A1360664B1B78002B67D0654B9D7832
:1050F000654C664BE41AE408240444F00306644B50
:105100001B780293634B1B780193634B1B780093CE
:10511000012D14BF00230123604A127860493046F4
:10512000FCF72DFA012D59D05E4B1A780132D2B21C
:105130001A70012A75D95B4B00221A70574B1D78E3
:10514000534B1D70544B01221A70FFF7F1FB0028DE
:1051500071D1554B1B789D4280F08380681CC0B292
:10516000FFF7FEFB4D4B1A7850493046FCF7D6F955
:1051700009E04548454BC01AC00800044C4940F0BE
:105180000400FCF7CBF904B070BD013AD2B21A703A
:105190003D483E4BC01AC0080004464940F0040098
:1051A000FCF7BCF9EFE73848384BC01AC0080004D8
:1051B000414940F00200FCF7ABF9E4E7304B012233
:1051C0001A703148314BC01AC0080004334B1A78AA
:1051D0003A4940F00300FCF7A1F9D4E7314B002233
:1051E0001A702D4B1B786BB92C4B187888B101388D
:1051F000C0B2FFF7B5FB294B1A7831493046FCF7AE
:105200008DF9C0E7254B1A782E493046FCF786F910
:10521000B9E7214B01221A702B493046FCF778F987
:10522000B1E71E4B1B7800930223284944EA030090
:10523000FCF789F9A7E7174B1A7882B1561EF6B228
:1052400000962B46224944F00100FCF77CF9134BF1
:105250001B78B34297D03046FFF782FB93E71646A0
:10526000EEE72A461B4944F00200FCF757F98AE7AB
:10527000CD710020C5710020A8550020C07100200C
:10528000BC710020AC550020307A0300E0790300A7
:10529000432B0020442B0020C6710020452B00200A
:1052A00054CF0300C4710020CE71002038D1030018
:1052B0002CCE030074CE0300BCCE03000CCF030041
:1052C000D4CF0300B0CF030010D003004CD00300B4
:1052D00090D00300F0D0030008B5FEF733FF08BDFF
:1052E00010B504460E480F4BC01AC00800040E4902
:1052F00040F00400FCF70CF92046FEF799FF04F19A
:105300000800F3F763FB04F518742046F4F770F80F
:105310002046F3F7D6FF054B1870FFF73DFA10BD96
:10532000307A0300E07903006CD10300CE710020D5
:1053300070B505460C4616460A4B0B4A9B1ADB080D
:105340001B040A4943F00400FCF7E2F800F028F8D7
:105350003246214600F054F821462846F2F7FEFF77
:1053600070BD00BF307A0300E079030080D10300F4
:1053700010B50446F2F7ACFF014B2360204610BD88
:1053800074DA030010B50446FFF7F2FF04F15C0085
:10539000F2F7A3FE04F6EC10FEF718FD204610BD50
:1053A00008B50A4B1B68BFF35B8F13F0010F01D0E8
:1053B000074808BD054802F0B7FA0028F8D00448AD
:1053C000FFF7E0FF014802F0C3FAF1E7D0710020D7
:1053D000D471002038B5044600F15C05074A01216C
:1053E0002846F2F7A3FE2A4602212046F2F778FF6C
:1053F00004F6EC10F3F701F838BD00BF68BE0300F7
:1054000008B500F6EC10F2F7DCFF08BD28B108B5CE
:1054100002498320FAF74AFC08BD704798D103007F
:1054200000F1080343604FF0FF328260C360036104
:1054300000230360704700230361704743684B609B
:105440009A688A605160996008610368013303605B
:10545000704730B40D68B5F1FF3F11D000F108037B
:105460001C465B681A68AA42FAD963684B60996067
:105470008C606160086103680133036030BC704771
:105480000469F2E70369416882688A604168516093
:105490005A68824206D0002202611A68013A1A60F4
:1054A0001868704782685A60F5E70000074800688E
:1054B00080F3088862B661B6BFF34F8FBFF36F8F7A
:1054C0004FF4F07080F3118800DF00BF007002001D
:1054D000064B19680868B0E8F04F80F30988BFF3FD
:1054E0006F8F4FF0000080F311887047547D0020CB
:1054F000EFF30980BFF36F8F144B1A681EF0100F83
:1055000008BF20ED108A20E9F04F10604DF8043DEF
:105510004FF0400080F31188BFF34F8FBFF36F8FC0
:1055200000F0E0FF4FF0000080F3118808BC19681C
:105530000868B0E8F04F1EF0100F08BFB0EC108AFA
:1055400080F30988BFF36F8F704700BF547D002040
:10555000034AD2F8883043F47003C2F888307047A9
:1055600000ED00E008B5074B1B68B3F1FF3F03D126
:10557000402383F31188FEE703499E20FAF796FB48
:10558000F6E700BF187C002040D203004FF0807384
:1055900040F8043C40F8081C054B40F80C3C40F82F
:1055A000202C6FF0020340F8243C4438704700BFC1
:1055B0006555030010B582B0264B1A68264B9A42F7
:1055C00013D1264B1A78D2B20192FF221A701B789F
:1055D000DBB28DF803309DF8033003F00203204A5C
:1055E0001370204B07221A600EE01F49B020FAF713
:1055F0005DFBE6E71B4A1368013B13609DF803302F
:105600005B00DBB28DF803309DF8033013F0800FA0
:10561000F0D1144A136803F007031360019BDBB257
:105620000E4A13700B4CE02384F8223000F0BAF8D5
:105630000E4B00221A60FFF78BFF0D4A536B43F0AD
:1056400040435363236943F010032361FFF72EFFA8
:10565000FFF788FF00ED00E041C20F4100E400E0E9
:10566000147C0020107C002040D20300187C002015
:1056700000EF00E008B5402383F31188094A13685E
:1056800001331360012B00D008BD074B5B68C3F3E7
:105690000803002BF8D0054940F21110FAF706FB79
:1056A000F2E700BF187C002000ED00E040D20300CC
:1056B00008B5084B1B683BB1064A1368013B1360F1
:1056C0000BB983F3118808BD03494FF48C70FAF7C6
:1056D000EDFAF1E7187C002040D2030008B5EFF3A3
:1056E0000583C3F308030F2B09D903F1E023F0333B
:1056F00093F80033DBB20C4A12789A4208D80B4B6D
:10570000DB68C3F302230A4A12689A4206D308BD33
:1057100008494FF4A970FAF7C9FAF0E705494FF4C0
:10572000B170FAF7C3FAF2E7147C002000ED00E054
:10573000107C002040D20300F0B583B0EFF3118756
:10574000402383F31188154BD3F804450022C3F896
:105750000021D3F800310193019B00F093FD241A3E
:1057600024F07F4434F0010301D1002509E000F06A
:10577000FDFF0228F9D00124F7E700F0B7FD05434B
:105780003446661E002CF8D125B1054B4FF08052EF
:105790005A6040BF87F3118803B0F0BD001001408C
:1057A00000ED00E008B50020F7F70CFB094B1F22C5
:1057B000C3F808250122C3F804239A601A60022264
:1057C000C3F84423044BE02283F811234FF4003242
:1057D0001A6008BD0010014000E100E010B5044669
:1057E000FFF748FFA26BE36B9A4204D00024FFF757
:1057F0005FFF204610BD0124F9E710B50446FFF70E
:1058000039FFA36B23B90124FFF752FF204610BDD7
:105810000024F9E770B504461546866B026C5AB948
:1058200003681BB100200136A66370BD406800F01C
:10583000ADFF00236360F6E76DB9806802F012F8EF
:10584000A368226C1344A3606268934219D323684F
:10585000A3602846E7E7C06802F004F8E368226C1A
:1058600051429B1AE3602268934202D263680B4460
:10587000E360022D01D00020D5E726B1013E0020D3
:10588000D1E72846CFE70020CDE70346026C6AB196
:1058900010B50846D9681144D9605C68A14201D3AB
:1058A0001968D960D96801F0DDFF10BD704738B5BF
:1058B0000546FFF7DFFE95F8454064B201E0013C84
:1058C00064B2002C0ADD6B6A43B105F1240000F0DC
:1058D000A7FE0028F3D000F031FFF0E7FF2385F8A2
:1058E0004530FFF7E5FEFFF7C5FE95F8444064B28A
:1058F00001E0013C64B2002C0ADD2B6943B105F1E3
:10590000100000F08DFE0028F3D000F017FFF0E744
:10591000FF2385F84430FFF7CBFE38BD38B50D4680
:105920000446D0B1FFF7A6FE2368E26B216C01FBB1
:10593000023060600020A063A360013A02FB0133E3
:10594000E360FF2384F8443084F84530D5B92369F7
:1059500043B9FFF7ADFE012038BD0F49FC20FAF72F
:10596000A5F9DFE704F1100000F05AFE0028F0D09E
:105970000A4B4FF080525A6040BFBFF34F8FBFF3C6
:105980006F8FE6E704F11000FFF74AFD04F12400F1
:10599000FFF746FDDDE700BFE8D2030000ED00E0C1
:1059A00010B5034602980C4631B90060C363046425
:1059B0000121FFF7B3FF10BD0260F7E7F0B585B036
:1059C0000D4616461C460746B0B1DCB106B33DB3E2
:1059D00048230393039B482B28D154B1012384F817
:1059E000463000949DF82830324629463846FFF765
:1059F000D7FF204605B0F0BD0F4940F23310FAF74B
:105A000055F9E2E70C4940F23710FAF74FF9DDE7B4
:105A1000002DDDD008494FF49E70FAF747F9D7E71B
:105A2000054940F23B10FAF741F9D1E702494FF43A
:105A3000A270FAF73BF9D0E7E8D20300F0B585B0E1
:105A40000F4601921D46044648B177B1022D15D08C
:105A500000F08CFE08B9019BCBB9002659E05149F2
:105A60004FF43770FAF722F9EFE7236C002BEDD0F3
:105A70004C4940F2DD20FAF719F9E7E7E36B012B17
:105A8000E6D0484940F2DE20FAF710F9E0E7454950
:105A900040F2E120FAF70AF9DFE72A4639462046C4
:105AA000FFF7B8FE636A73B940B13F4B4FF08052C5
:105AB0005A6040BFBFF34F8FBFF36F8FFFF7F8FD02
:105AC000012005B0F0BD04F1240000F0A9FD00287C
:105AD000F4D0354B4FF080525A6040BFBFF34F8F28
:105AE000BFF36F8FEAE7FFF7E3FD0020E9E702A8C5
:105AF00000F0DAFD012619E0002384F8443021E0AB
:105B0000002384F8453023E02046FFF7D0FE00F064
:105B10006DFCFFF7AFFDA26BE36B9A42BDD3022D84
:105B2000BBD0019B002BDED0002EE0D0FFF7C0FDE4
:105B300000F0A0FBFFF79EFD94F8440040B2B0F1E6
:105B4000FF3FD9D094F8450040B2B0F1FF3FD7D025
:105B5000FFF7AEFD01A902A800F0B2FDD0B92046C2
:105B6000FFF73CFE0028CFD0019904F1100000F0AF
:105B70001FFD2046FFF79BFE00F038FC0028C8D12F
:105B8000094B4FF080525A6040BFBFF34F8FBFF3B5
:105B90006F8FBEE72046FFF78AFE00F027FC00204B
:105BA0008FE700BFE8D2030000ED00E02DE9F843E5
:105BB0000E4691461D460446A0B1CEB1022D20D01E
:105BC000FFF78CFDEFF31188402383F31188A26B5C
:105BD000E36B9A421ED3022D1CD0002088F311885B
:105BE000BDE8F8831E4940F2A230FAF75FF8E4E717
:105BF000236C002BE2D01A4940F2A330FAF756F892
:105C0000DCE7E36B012BDBD015494FF46970FAF741
:105C10004DF8D5E794F845707FB22A4631462046C4
:105C2000FFF7F8FDB7F1FF3F05D001377FB284F8E9
:105C300045700120D2E7636A0BB90120CEE704F179
:105C4000240000F0EDFC30B1B9F1000F05D00120C7
:105C5000C9F80000C2E70120C0E70120BEE700BF8D
:105C6000E8D20300F0B585B00F460192044638B182
:105C700067B100F07BFD08B9019B83B9002652E0B3
:105C8000494940F2DF40FAF711F8F1E7236C002BA5
:105C9000EFD0454940F2E340FAF708F8E9E7424916
:105CA0004FF49D60FAF702F8E8E739462046FFF71F
:105CB000ECFD013DA563236923B9FFF7F9FC012041
:105CC00005B0F0BD04F1100000F0AAFC0028F4D0EB
:105CD000364B4FF080525A6040BFBFF34F8FBFF337
:105CE0006F8FEAE7FFF7E4FC0020E9E702A800F085
:105CF000DBFC012621E0002384F8443029E0002366
:105D000084F845302BE02046FFF7D1FD00F06EFB14
:105D100009E02046FFF7CBFD00F068FB2046FFF7C7
:105D20006CFD00283ED1FFF7A5FCA56B002DBCD172
:105D3000019B002BD6D0002ED8D0FFF7B9FC00F085
:105D400099FAFFF797FC94F844305BB2B3F1FF3F48
:105D5000D1D094F845305BB2B3F1FF3FCFD0FFF71D
:105D6000A7FC01A902A800F0ABFC0028D1D1204675
:105D7000FFF743FD0028C6D0019904F1240000F08C
:105D800017FC2046FFF793FD00F030FB0028CAD136
:105D9000064B4FF080525A6040BFBFF34F8FBFF3A6
:105DA0006F8FC0E700208BE7E8D2030000ED00E032
:105DB0000023012B0CD8074A52F833200AB10133D3
:105DC000F7E7044A42F8331002EBC3025060704711
:105DD000704700BF1C7C002070B504460D46164677
:105DE000FFF748FC94F844305BB2B3F1FF3F0DD0AD
:105DF00094F845305BB2B3F1FF3F0BD0FFF758FC8E
:105E0000A36B5BB12046FFF752FD70BD002384F801
:105E10004430EDE7002384F84530EFE73246294669
:105E200004F1240000F0DEFBECE7002301E0013088
:105E300001330278A52AFAD0C3F38F00704700001F
:105E4000084B1B681B6823B9074B4FF0FF321A60E1
:105E50007047044B1B68DB68DB685A68024B1A60AA
:105E6000704700BF9C7C0020347C00202DE9F04767
:105E700080460D4617469946089EDDF824A00A9CE8
:105E80009200A521206B01F01FFD236B07F18042DA
:105E9000013A03EB820727F007074FF0000CBCF133
:105EA000090F09D815F80C3004EB0C0282F83430D5
:105EB00013B10CF1010CF2E7002384F83D30062EFB
:105EC00000D90626E662266400256564201DFFF7DA
:105ED000B2FA04F11800FFF7AEFA2461C6F1070622
:105EE000A6616462A56484F84C504A46414638462F
:105EF000FFF74CFB2060BAF1000F01D0CAF8004058
:105F0000BDE8F08738B5002407E004EB8402930075
:105F10000E481844FFF784FA0134062CF5D90C4DCD
:105F20002846FFF77DFA0B4C2046FFF779FA0A481E
:105F3000FFF776FA0948FFF773FA0948FFF770FA96
:105F4000084B1D60084B1C6038BD00BFC87C00209A
:105F5000B47C0020A07C0020847C0020707C002089
:105F6000587C00209C7C0020987C002010B50446C2
:105F7000FFF780FB214A136801331360204B1B6835
:105F80005BB1204B1B686BB91D4B1B68DA6AE36A77
:105F90009A4207D81A4B1C6004E0194B1C60136826
:105FA000012B27D0184A136801331360E06A0123DC
:105FB0008340164A11680B43136000EB8000211DDB
:105FC000134B03EB8000FFF739FAFFF771FB0D4B22
:105FD0001B6873B10A4B1B68DA6AE36A9A4208D2FB
:105FE0000C4B4FF080525A6040BFBFF34F8FBFF34E
:105FF0006F8F10BDFFF786FFD4E700BF547C0020F1
:10600000547D0020487C0020387C00204C7C0020FF
:10601000C87C002000ED00E010B5044690F84D303B
:106020004BB1012B0ED0022B0BD0084940F68860F3
:10603000F9F73CFE05E0006BFFF7E8F92046FFF7B3
:10604000E5F910BDFFF7E2F9FBE700BF7CD30300E1
:106050000F4B1B68D3B110B5FFF70CFB0D4BDB6882
:10606000DC68201DFFF70EFA0B4A1368013B136032
:10607000074A1368013B1360FFF71AFB2046FFF73E
:10608000CBFF034B1B68002BE6D110BD704700BF50
:106090006C7C0020707C0020547C002070B504468D
:1060A0000D461D4B1E681D4B18680430FFF7EAF9BA
:1060B00048B91A4B1B68DB6A01229A4018490B68E1
:1060C00023EA02030B60B4F1FF3F0DD03444134BBD
:1060D0001B685C60A64210D9124B18680F4B1968F8
:1060E0000431FFF7B6F970BD002DEFD00B4B1968E6
:1060F00004310D48FFF7A2F9F5E70C4B1868074B80
:1061000019680431FFF7A5F9094B1B68A342EAD9C6
:10611000074B1C60E7E700BF507C0020547D002047
:106120004C7C0020987C0020587C00209C7C002027
:10613000347C002008B50AE0084B4FF080525A60CA
:1061400040BFBFF34F8FBFF36F8FF2F751F8FFF7E8
:106150007FFF034B1B68012BEED8F6E700ED00E054
:10616000C87C00202DE9F04387B080460E461746D4
:1061700099460F9D109CE5B10CB350220492049AED
:10618000502A22D13CB335B32563022384F84D3025
:1061900000230393029405AB01930E9B00934B469F
:1061A0003A4631464046FFF761FE2046FFF7DEFEE5
:1061B00013E00C494FF41470F9F778FDDCE7094956
:1061C00040F25120F9F772FDD7E7064940F2592015
:1061D000F9F76CFDD6E700230593059807B0BDE8F5
:1061E000F08300BF7CD3030010B588B00024059471
:1061F000069407AA06A905A8F1F7FCFF059B0293E0
:10620000069B019300942346079A13491348FFF70E
:10621000A9FF134B186098B100F09AFB012810D128
:10622000402383F311880F4B4FF0FF321A600E4B5F
:1062300001221A600D4B00221A60FFF7BBF903E040
:106240000020B0F1FF3F01D008B010BD084940F276
:10625000DC70F9F72BFDF7E710D40300356103007C
:10626000307C0020347C0020487C0020507C0020C2
:106270007CD30300024A136801331360704700BFE8
:106280002C7C0020014B1868704700BF507C002018
:1062900008B5FFF723FA014B186808BD507C0020B1
:1062A00010B5044610B104F1340010BD044B1C6855
:1062B000002CF8D1034940F6E400F9F7F7FCF2E7C7
:1062C000547D00207CD3030008B5064B1B6813B136
:1062D000044B186808BD044940F6B710F9F7E6FC0E
:1062E000F6E700BF307C00207CD30300F8B5334BC9
:1062F0001B68002B56D1324B1E6801361E607EB9DA
:10630000304B1B681B688BB92E4A11682E4B1868DE
:10631000106019602D4A136801331360FFF790FD78
:106320002B4B1B68B34233D9002740E0294940F684
:106330003320F9F7BBFCE7E70127224B1B681B68FA
:1063400043B3204B1B68DB68DC6863689E4226D33E
:10635000251D2846FFF796F8A36A1BB104F1180023
:10636000FFF790F8E36A01229A401B49086802434C
:106370000A6003EB83039A00294618481044FFF78C
:106380005DF8E26A164B1B68DB6A9A42D4D2D4E706
:106390000027D2E70E4B4FF0FF321A6007E00C4A9D
:1063A000136004E00F4A13680133136000270E4B9B
:1063B0001B6803B101273846F8BD00BF2C7C0020C4
:1063C000507C00209C7C0020987C00203C7C00209D
:1063D000347C00207CD303004C7C0020C87C00204F
:1063E000547D0020447C0020407C002038B5334B95
:1063F0001B686BB1FFF73EF9304B1A68013A1A601F
:106400001B68002B54D12E4B1B683BB9002450E075
:106410002C494FF40460F9F749FCEBE700242A4BC0
:106420001B681BB3284BDB68DC6804F11800FFF71E
:1064300029F8251D2846FFF725F8E06A0123834047
:10644000224A11680B43136000EB80002946204B61
:1064500003EB8000FEF7F2FFE26A1E4B1B68DB6A6B
:106460009A42DCD31C4B01221A60D8E70CB1FFF72B
:10647000E7FC1A4B1C687CB9174B1C68CCB1184B55
:106480004FF080525A6040BFBFF34F8FBFF36F8F02
:1064900001240EE0013C07D0FFF728FF0028F9D0C7
:1064A0000D4B01221A60F5E70C4B00221A60E3E75E
:1064B0000024FFF7FDF8204638BD00BF2C7C0020EB
:1064C000547C00207CD30300847C00204C7C002082
:1064D000C87C0020547D0020407C0020447C0020AB
:1064E00000ED00E02C4B1B681BB12C4B01221A6005
:1064F000704710B5294B00221A60294B1B681B6B93
:106500001A68B2F1A53F03D15A68B2F1A53F2BD06A
:10651000234B186819683431FCF748FF214B1C687D
:106520005CB3B4FA84F4C4F11F0404EB8402930056
:106530001D4AD3581BB31C4904EB840293000B443F
:106540005A6852685A6004EB8400830008330B4495
:106550009A421AD004EB8404A200134B13445B68E4
:10656000DA680F4B1A6010BD9A68B2F1A53FCFD11F
:10657000DB68B3F1A53FCBD1D0E72024D3E70B49AB
:106580004FF43560F9F792FBD5E751688200064B6E
:1065900013445960DEE700BF2C7C0020407C0020C3
:1065A000547D00204C7C0020C87C00207CD303005C
:1065B00038B50C46054650B1084B196818312846C5
:1065C000FEF747FF01212046FFF768FD38BD04496B
:1065D0004FF43660F9F76AFBEEE700BF547D002008
:1065E0007CD3030070B50D461446064668B10A4BCD
:1065F000196818313046FEF721FF0CB14FF0FF3516
:1066000021462846FFF74AFD70BD044940F68B300D
:10661000F9F74CFBEBE700BF547D00207CD303006F
:1066200038B5C368DC6824B304F118052846FEF7C2
:1066300029FF164B1B6813BB251D2846FEF722FFBA
:10664000E06A01238340124A11680B43136000EB98
:10665000800029460F4B03EB8000FEF7EFFEE26A55
:106660000D4B1B68DB6A9A420ED901200B4B186058
:1066700038BD0B4940F6BB30F9F718FBD4E7294683
:106680000848FEF7DBFEEAE70020F1E72C7C00205B
:106690004C7C0020C87C0020547D0020407C0020E1
:1066A0007CD30300847C0020034B1B680360034BF6
:1066B0001B684360704700BF3C7C0020507C00207A
:1066C000F8B50C460546B8B1E4B1FEF7D3FF184B58
:1066D00019686B68C81A2268B2F1FF3F20D0154EC6
:1066E00036682F68B74201D08B421ED982420FD83C
:1066F00000232360012414E00F4940F62640F9F7F7
:10670000D5FAE1E70C4940F62740F9F7CFFADCE784
:106710005B1A134423602846FFF7C6FF002400E0FD
:106720000024FEF7C5FF2046F8BD0124F9E700BFAD
:10673000507C00203C7C00207CD30300014B0122D4
:106740001A607047407C002008B5034618B1186BEA
:10675000FFF76BFB08BD014B1B68F8E7547D002079
:10676000014B1868704700BF547D0020054B1B6823
:1067700033B1054B1B680BB10020704702207047F6
:1067800001207047487C00202C7C0020002846D047
:1067900038B50446244B1B68834204D0234940F695
:1067A0003B70F9F783FA636C4BB1636C013B636434
:1067B000E16A226C914234D03BB1002038BD1B49C4
:1067C00040F63C70F9F772FAEFE7251D2846FEF710
:1067D00059FE70B9E26A02EB82039B001449CB5860
:1067E0003BB9012303FA02F212490B6823EA0203C0
:1067F0000B60206CE062C0F10703A361012404FA7E
:1068000000F30C4A11680B43136000EB800029462B
:10681000074B03EB8000FEF711FE2046CEE7002079
:1068200070470020CAE700BF547D00207CD30300DE
:10683000C87C00204C7C0020064B1A681368B3FA11
:1068400083F35B09036013B9D368186870470020AD
:10685000704700BFB07F002008B5416000619142E1
:106860000CD8D21A83699A4201D3012008BD011DB8
:10687000094B1868FEF7EDFD0020F7E79A4201D2B8
:10688000994206D2011D054B1868FEF7E2FD002073
:10689000ECE70120EAE700BFAC7F0020B07F0020DA
:1068A00030B583B0FEF7E6FE114B1B681BB1FEF757
:1068B000FFFE03B030BD0F4D2846FEF7B1FD0E4C74
:1068C0002046FEF7ADFD0D4B1D600D4B1C600023F7
:1068D00000930C4B0C4A10212020FFF76FF8044B5B
:1068E00018600028E3D00949FFF762FADFE700BF2C
:1068F000A87F0020C87F0020B47F0020B07F002048
:10690000AC7F0020587D0020A07D002018D403001B
:106910002DE9F041074616461D46079C884671B191
:106920005CB1FFF7BDFF2760C4F81880E6612562FF
:10693000069B6362201DFEF77EFDBDE8F0810349E2
:1069400040F26910F9F7B2F9EAE700BF20D403007A
:1069500010B588B0FFF7A4FF114B1B68C3B100242A
:106960000594069407AA06A905A8F1F74FFC059B14
:106970000293069B0193022300932346079A094939
:106980000948FFF7EFFB094B186008B1012005E04B
:1069900007494FF48870F9F789F9002008B010BD55
:1069A000A87F0020B4D40300E56C0300A47F00207E
:1069B00020D403002DE9F04184B005460E469046F0
:1069C0001F460B9C2C230393039B2C2B10D1ACB1A3
:1069D00001940A9B00933B46424631462846FFF706
:1069E00097FF012384F82830204604B0BDE8F081E9
:1069F00005494FF4A370F9F759F9E8E7024940F265
:106A00004B10F9F753F9EFE720D40300F0B585B048
:106A10000C4615461E46074698B1154B186828B314
:106A2000009401950297052C19DCFFF79FFE0228C0
:106A30000DD000231A4669460D480068FEF7FEFF98
:106A400012E00C4940F28310F9F730F9E5E7002332
:106A50000A9A694606480068FEF7F0FF04E0002342
:106A600032466946FFF7A2F805B0F0BD0020FBE70B
:106A7000A87F002020D4030070B582B0194B1B689A
:106A80001A683AB3DB681E68DC68251D2846FEF7E5
:106A9000F9FC636A20469847E369012BEED1A369AC
:106AA00033449E4207D26360246129460D4B186827
:106AB000FEF7CFFCE2E7002100910B46324620466C
:106AC000FFF7A4FF0028D9D1074940F26F30F9F74A
:106AD000EDF8D3E7054A106802490860136002B078
:106AE00070BD00BFB07F002020D40300AC7F002029
:106AF00038B50546FFF7C6FB0446074B1B688342C3
:106B000005D800232B60044B1C60204638BDFFF7DE
:106B1000B3FF01232B60F6E7A07F002070B582B0A1
:106B200006460D4613490968C968CC68201DFEF762
:106B3000A9FCE169012904D0636A2046984702B0A4
:106B400070BDA16933462A4631442046FFF784FED2
:106B50000028F1D0002100910B4632462046FFF775
:106B600055FF0028E8D1044940F2E510F9F79EF8F6
:106B7000E2E700BFB07F002020D4030070B582B0F0
:106B800006460C46FFF776FB01A8FFF7B1FF019B15
:106B90001BBB054644B9B0420CD3FFF727FC29467E
:106BA0003046FFF7BBFF1AE00E4B1B681C68B4FAB7
:106BB00084F464092246711B0B4B1868FFF70CF92B
:106BC000FFF714FC58B9094B4FF080525A6040BF90
:106BD000BFF34F8FBFF36F8F01E0FFF707FC02B0E9
:106BE00070BD00BFAC7F0020A87F002000ED00E05A
:106BF00030B589B002E0049B002B0FDA002204A913
:106C0000364B1868FFF72EF8002864D0049B002B41
:106C1000F1DA07990698059B9847ECE7069C6369AB
:106C200013B1201DFEF72EFC03A8FFF761FF0546F8
:106C3000049B092BE2D801A252F823F0656C0300F3
:106C4000656C0300656C0300FD6B0300A56C03001D
:106C5000C76C0300656C0300656C0300FD6B0300EB
:106C6000A56C0300059BA169024619442046FFF765
:106C7000F3FD0028C2D0636A20469847E369012BE0
:106C8000BCD1A269002100910B4605980244204620
:106C9000FFF7BCFE0028B1D1114940F2FE20F9F700
:106CA00005F8ABE7059BA3613BB1A1692B462A46DA
:106CB00029442046FFF7D0FDA0E7094940F21530EE
:106CC000F8F7F4FFF1E794F82830002B96D120462E
:106CD000FEF79CFB92E709B030BD00BFA87F002003
:106CE00020D4030000B583B001A8FFF7A5FD0199EA
:106CF000FFF744FFFFF77CFFF6E7000008B5064BFF
:106D00001B6813B1044B186808BD044940F2AD106C
:106D1000F8F7CCFFF6E700BFA47F002020D40300E3
:106D2000BFF34F8F0549CA6802F4E062044B134376
:106D3000CB60BFF34F8F00BFFDE700BF00ED00E069
:106D40000400FA054FF08053D3F83021D3F83431E2
:106D5000082A01D000207047032B01D8002070477B
:106D60000120704708B5FFF7EDFF58B14FF0102331
:106D7000D3F80832B3F1FF3F05D04FF080435A22D9
:106D8000C3F8582508BD0F4B0122C3F804250D4B4D
:106D9000D3F80034002BFAD04FF010235A22C3F856
:106DA0000822084BD3F80034002BFAD0054B002200
:106DB000C3F80425034BD3F80034002BFAD0FFF7B7
:106DC000AFFF00BF00E0014008B54FF01023D3F83B
:106DD0000C3203B908BD0F4B0122C3F804250D4B3B
:106DE000D3F80034002BFAD04FF010230022C3F860
:106DF0000C22084BD3F80034002BFAD0054B0022AC
:106E0000C3F80425034BD3F80034002BFAD0FFF766
:106E100087FF00BF00E0014010B5FFF7A3FFFFF7B9
:106E2000D3FFF1F74FF80446F1F766F82046F1F783
:106E3000A7F8002010BD51EC102BC1F30A53002B12
:106E40001CBF40F2FF7C634500D170471844604589
:106E500006DB0020C7F6F07060F31E01002208E098
:106E60000028C7BF6FF31E5141EA005101F00041F5
:106E7000002241EC102B704752EC10CBC2F30A53A6
:106E800040F2FF718B4211BF002B0021016070475F
:106E9000A3F2FE31016040F2FE3060F31E5242EC7C
:106EA00010CB7047000000002DE9F84F2DED028B4C
:106EB00082B050EC101B4FF0FF3202EB105240F248
:106EC000FE739A4280F09F8001A8FFF7D5FF55EC32
:106ED000106B00245E4B30462946002200F090F9EA
:106EE00080460F464AF29E00C3F6E67043F6CE3166
:106EF000C6F27F61019A711A75EB00000092B8BF6B
:106F00000124002C284631461CBF3846414640EC3F
:106F1000101B4FF0FF30FFF78EFFB0EE408AF0EE0F
:106F2000608A4C4B30462946002200F069F905463C
:106F30000E46494B51EC180B002C1CBF3E464546F3
:106F4000002200F05DF902460B462846314600F06B
:106F50000FFB05460E4602460B4600F071FA8346CB
:106F60008A464DF67829C0F2030941EC180B4846D1
:106F70000221B0EE480AF0EE680A00F079F8374ACC
:106F8000374B51EC100B00F03BF980460F4609F1EE
:106F900010000321B0EE480AF0EE680A00F09CF8F9
:106FA00053EC102B4046394600F0E2FA5A4653465D
:106FB00000F046FA2A46334600F042FA2A463346A3
:106FC00000F01EF980460D46002C009818BF0138CD
:106FD00000F0D6FB06460F46224A234B00F030FA5B
:106FE00042462B4600F00CF980460D461F4B3046BA
:106FF0003946002200F024FA42462B4600F000F900
:1070000041EC100B1AE0420042EAD1720023CFF6A5
:10701000E0730027B7EB410773EB02020ED30022A7
:10702000C7F6F072104207D00028BCBF02F500205E
:10703000002140EC101B01E09FED030B02B0BDEC02
:10704000028BBDE8F88F00BF000000000000F0FFD9
:107050000000E0BF0000F0BF0000E03F9AB5B312AF
:10706000FF0750C0A80C615C10D02BBF0030E63F7A
:10707000F8B52DED028B00EBC1070E4657E9020172
:1070800017ED048B54EC105B2A46234600F0D8F928
:1070900053EC182B00F0B4F841EC100B032E10DB6E
:1070A000183F013E51EC100B2A46234600F0C8F968
:1070B00077E8022300F0A4F8013E41EC100B012E0A
:1070C000F0D851EC100B2A46234600F0B9F941ECF8
:1070D000100BBDEC028BF8BD2DE9F041804600EBB2
:1070E000C100022915DBA0F108074C1C56EC105B0F
:1070F00077E8022351EC100B00F082F82A46334661
:1071000000F09EF9013C41EC100B022CF0D808F184
:10711000080050E9022351EC100B00F071F841EC2B
:10712000100BBDE8F08184460020002918BF002A1A
:1071300000D17047097848B2002844BF6FF00100C1
:107140007047BCF1000F18BFCCF800100021C3E954
:107150000011002818BF012070477F298EBF6FF0F3
:10716000010001700120704747F6DC72C2F2000294
:107170001368002B02BF42F64833C2F200031360CB
:107180005A689268126810470921FFF7EDBF7F28FF
:1071900084BF002070474DF6B442C0F20302515C38
:1071A0004DF63442C0F20302105C08407047A0F173
:1071B00061011A2938BF20387047A0F141011A290E
:1071C00038BF203070477F2884BF002070474DF6BD
:1071D000B442C0F20302515C4DF63442C0F20302E5
:1071E000105C08407047A0F161011A2938BF2038AF
:1071F0007047A0F141011A2938BF203070470000C4
:1072000030B591EA030F00F18280841A71EB030C10
:1072100005D2121953EB0C03001B71EB0C0140F269
:10722000000CCFF6E07C1CEA430F52D0BCEB410FC0
:107230005FD90C0DA4EB135E5FF0010C6CF31F51D2
:107240006CF31F53DEF1200C2AD303FA0CF540191E
:1072500041F1000122FA0EF5401923FA0EF56941B9
:1072600012FA0CF2CD0208D349085FEA30005FEA57
:10727000320228BF42F001020134013C5FEA500CA7
:1072800072F1004250F1000051EB04514FF4001331
:1072900013EB410F38BF30BD6FF31301002030BD39
:1072A000BEF1200EBEF1200F1ED223FA0EF54019BA
:1072B00041F10001CEF1200C124218BF012203FA65
:1072C0000CF52A43CEE711EA5C0F04BF0020002131
:1072D00030BD1CEA410F04BF01F00041002030BD69
:1072E00001F00041002030BD21F4801101EB045178
:1072F00030BD004218BF41F00101BCEB410F08BF97
:1073000030BD4FF0FE4141F47801002030BD83F0E4
:107310000043841A71EB030E07D28EF0004E001B5F
:1073200071EB0E01121953EB0E0340F2000CCFF675
:10733000E07C1CEA430FC6D0BCEB410F72D90C0DA8
:10734000A4EB135EC90241EA5051C00241F0004172
:10735000DB0243EA5253D20243F00043DEF1200C39
:1073600041D312FA0CF522FA0EF203FA0CF542EAB6
:10737000050218BF42F0010223FA0EF3801A994168
:10738000E30AC4F30A0411F0404F03D418D0013CBF
:1073900040004941013C23D44205C00A40EA415023
:1073A000C90A51EAC3715FEA500C72F1004250F110
:1073B000000051EB045130BD01002FD00020203CD3
:1073C0000029F9D0B1FA81FCDCF1200E11FA0CF1A0
:1073D00030FA0EF510FA0CF02943A4EB0C04D9E7AF
:1073E0000020D90730BDAEF1200EBEF1200F0DD226
:1073F000CEF1200C03FA0CF533FA0EF32A4318BF32
:1074000043F00103C01A61F10001B9E721F0004126
:10741000C00A40EA4150C90A01EB045130BD0020C6
:10742000002130BD004218BF41F00101BCEB410F0B
:107430007FF467AFBCEB430F3FF463AF30BD00BFD9
:10744000F0B540F2FF7681EA030C16EA115E1EBF2A
:10745000B64516EA1355B54252D021EA465141F4D9
:107460008011A1FB024723EA465343F48013AE4444
:10747000A0FB03650CF0004C36197D41A1FB0347CE
:1074800047F10003A0FB0217F619654153F1000311
:10749000094218BF46F0010640F2FE74B3F5007FC2
:1074A00013D2AEF5806EA64523D24CEA03312803F1
:1074B00041EA155140EA16503203450872F1004284
:1074C00050F1000051EB0E51F0BDAEF2FF3EA6456B
:1074D0000FD24CEAC321E80241EA555140EA565026
:1074E000F202450872F1004250F1000051EB0E51DA
:1074F000F0BD1EEA0E0F2DD50CF000410020F0BDAE
:1075000016EA115F04BF01F000410020004218BFDD
:1075100041F0010116EA135F04BF03F000430022AB
:10752000124218BF43F0010306EA1354B44218BFD5
:10753000B64503D00CF000410020F0BD21F0004121
:1075400023F00043B1EB065F0CD8B3EB065F09D81C
:1075500041B13BB10CF0004141F0FE4141F47001FA
:107560000020F0BD40F20001C7F6F8710020F0BD28
:107570002DE9F04391EA030E0EF0004E40F20007B1
:10758000CFF6E07717EA41051EBFBD4217EA430573
:10759000BD4200F09F807F0D17EA135623EA475340
:1075A00043F4801317EA115521EA475141F4801141
:1075B000AD1B05F2FD354FEAD31C1CF1010C4FF059
:1075C0000047B7FBFCF77F01A2FB079C0024E3FB0D
:1075D00007C4D9F100096CEB4C0CA0FB076200203A
:1075E000E1FB072000275FEAC628E0FB0987760D4C
:1075F00046EAC226520DF61900277A41E0FB0C62DA
:107600005FEAC823E2FB09375FEA585848EAC62810
:10761000760D18EB070800214E41E2FB0C8602EBC9
:10762000C020DA02E6FB09215B0D43EAC8235FEACA
:1076300058585B18002758EB0708E6FB0C38D102B6
:10764000E8FB0917520D42EAC3225B0DD21900274D
:107650007B41E8FB0C2308EBC6265FEAC128E3FB6D
:107660000987490D41EAC221520DC91942F10002B0
:10767000E3FB0C12470019EB08095CEB010C72EB01
:10768000040453EBC62047EB56530026B3F5000F16
:107690007641AD190236D6F1200910FA09F4F0400E
:1076A00013FA09F21043F340E40F001943F1000309
:1076B000B3F5001F24BF5B08013540F2FE77BD42E1
:1076C00004D24EEA05511944BDE8F0832D4224D579
:1076D000714626E0004218BF41F00101124218BF76
:1076E00043F00103B7EB410F2CBFB7EB430F1BE097
:1076F000B7EB410F04BFB7EB430F15E017EA410F9B
:1077000004BF17EA430F0FE017EA410FE0D017EA72
:10771000430F02D0B7EB430FDAD04EF0FE4141F4F5
:1077200070010020BDE8F08340F20001C7F6F87157
:10773000F7E700BFC1F30A5340F21E42D21A0EDD32
:10774000202A0AD8CB0243EA505040F00040D040F3
:1077500090EAE170B0EBE1707047002070474B0099
:10776000004218BF43F0010313F5001F88BF21F04A
:10777000004111F0004058BF6FF00040704700BF5B
:1077800010F0004160B148BF40420A0D02F21D42B4
:10779000B0FA80F3D21A9840C30A400503EB0251B5
:1077A000704700BFC0F3C75191B142004FEA40702B
:1077B0004FEAD2014FEA310101F16051B2F17F4F3E
:1077C00038BF704701F1605118BF41F40021704784
:1077D00010F0004100207047082938BF7047002290
:1077E000C0E9002147F6E071C2F20001086070476D
:1077F000042A08D350F804CB0B689C4506D1043A00
:107800000431032AF6D8A2B1D0F800C0086880EA93
:107810000C0191FAA1F1B1FA81F1B2EBD10F08D9C3
:1078200001F038012CFA01F2C840C0B2D1B2081AF6
:107830007047002070470178002904BF002070477E
:1078400000214FF001324358C2FA53F30431002BA8
:10785000F9D093FAA3F0B0FA80F001EBD00004382D
:10786000704700005AB3844690EA01039B071FD17A
:10787000830707D011F8013B00F8013B013AF7D12B
:107880001CE08446203A09D32DE9F007B1E8F80757
:10789000A0E8F807203AF9D2BDE8F0071C3205D479
:1078A00051F8043B40F8043B043AF9D2043205D0C5
:1078B00011F8013B00F8013B013AF9D160467047ED
:1078C00000220B0011001A0084465AB3830704D02B
:1078D00000F8011B013AF9D124E0C9B241EA0121C3
:1078E00041EA0141202A11D3203A2DE9F0030B4649
:1078F0000C460D460E460F4688468946A0E8FA0318
:10790000203AFBD2BDE8F00320320BD0042A05D385
:1079100040F8041B043A05D0042AF9D200F8011BF0
:10792000013AFBD16046704708B50346007858B964
:107930005A78012A07D0920702D5044800F00CF8C3
:1079400002225A70012008BD0020FCE7C1DC0300C0
:1079500001230370437070470FB408B5FAF71EFC9B
:02796000FEE740
:1079640029CD020000000000190A030000000000F5
:10797400B19B0200000000005D80020000000000D6
:1079840041B1020074410020359A02000000000059
:1079940001BC020000000000198702000000000082
:0879A400590903000000000076
:1079AC00C1CE020000000000850A030000000000A8
:1079BC00891E0300000000003121030000000000BC
:1079CC0010520020D8520020E05200201852002003
:0479DC00180000008F
:1079E00068940300030300000C95030003030000E8
:1079F0001495030003030000B49503000303000083
:107A0000A0960300030300008C970300030300000B
:107A10002C980300030300003498030003030000C4
:107A20003C98030003030000449803000303000094
:107A3000B8A30300030304044C98030003030000ED
:107A4000DC890300030304047893030003030000AC
:107A50006089030003030404F89C03000303040487
:107A600084A5030000000404ACA803000000030385
:107A70006CA9030000000404EC8C03000000030365
:107A800054870300000003033C8903000000030344
:107A9000088E030000000303508903000000030365
:107AA000908C0300000003038C8A03000000030392
:107AB000CC920300000003033C9103000000030389
:107AC00078D8030000000000F0A20300342B00204F
:107AD0000000000000000000C5F9020000000000E6
:047AE00000000000A2
:107AE400619102002D250300293B0300D9520300B4
:107AF40041707000496E697469616C697A61746976
:107B04006F6E0000436861726765000057616974B5
:107B140000000000536C6F77204368617267652032
:107B2400416E64205363616E000000004D616E7508
:107B3400616C000053746174654D616368696E65BE
:107B44003A204E6577204950472064617461207261
:107B540065636569766564004368617267696E6729
:107B640020506172616D65746572733A00000000A3
:107B7400202056524543545F4445546E3A202564B0
:107B8400202830203D20636F696C20707265736516
:107B94006E742900202056524543545F4F56506E50
:107BA4003A202564202831203D204F4B2C203020C2
:107BB4003D204F56502900002020566368672072EC
:107BC40061696C20737570706C7920636972637578
:107BD400697420706F77657220676F6F643A20252F
:107BE4006400000020204348473120737461747599
:107BF400733A2025642C20434847315F4F56505F29
:107C04004552526E3A202564202831203D204F4BA6
:107C14002C2030203D204F5650290000202043487E
:107C24004732207374617475733A2025642C2043A1
:107C34004847325F4F56505F4552526E3A20256492
:107C4400202831203D204F4B2C2030203D204F5602
:107C540050290000546865726D616C205061726136
:107C64006D65746572733A002020546865726D20E6
:107C74007265666572656E63653A2025640000006E
:107C84002020546865726D206F757075743A2025D4
:107C9400640000002020546865726D206F6666736E
:107CA40065743A2025640000426174746572792019
:107CB400766F6C74616765206D6561737572656458
:107CC4003A2042617474413D2575206D562042610D
:107CD4007474423D2575206D56000000546573741C
:107CE40020496E666F726D6174696F6E3A000000B0
:107CF4002020485620537570706C7920456E61625F
:107D04006C653A20256400002020564444532053D7
:107D14007570706C7920456E61626C653A202564DB
:107D24000000000020205644444120537570706CBC
:107D34007920456E61626C653A202564000000007C
:107D440053746174654D616368696E653A20436874
:107D5400617267696E6720696E2070726F67726501
:107D640073732028434847313D25642043484732F4
:107D74003D25642050474F4F443D256420426174A3
:107D840074413D25752042617474423D2575206D12
:107D94005629000053746174654D616368696E65AA
:107DA4003A20416C6C206261747465726965732059
:107DB400636861726765642028434847313D2564E0
:107DC40020434847323D25642050474F4F443D25CA
:107DD400642042617474413D25752042617474428B
:107DE4003D2575206D5629004368617267652053EF
:107DF400746174653A20504D4320706F776572202A
:107E04006F6E0A00417070207374617465206D6137
:107E14006368696E653A20496E697469616C697A50
:107E24006174696F6E20537461746520456E747259
:107E3400790A00004D616E75616C2053746174653C
:107E44003A20564343207261696C204F4E2C2057D0
:107E540050542069646C652C20636F696C2048451C
:107E64004C44204F4646202D2070726573732027A2
:107E7400732720746F207472616E736D69740A00C5
:107E84004D616E75616C2053746174653A206D6147
:107E94006E75616C206D6F646520656E6465642C1D
:107EA400207368757474696E6720646F776E0A0056
:107EB4004D616E75616C2053746174653A2042752E
:107EC40074746F6E20312069676E6F726564206907
:107ED4006E206D616E75616C206D6F6465202D2060
:107EE40075736520276E272C206F72204275747479
:107EF4006F6E203220746F2072657365740A0000FF
:107F040052656365697665642053797374656D2081
:107F14006576656E7420256420696E207363616ED6
:107F240020737461746500004865617274626561F0
:107F3400742076616C75652025640A0057505420BE
:107F440043686172676572204E54432054656D70B6
:107F54006572617475726520256420430A0000000F
:107F64004261747465727920766F6C746167652000
:107F74006C6576656C202564206D560A000000004F
:107F840048656172746265617454696D657200005C
:107F940053797374656D4163746976654F626A657C
:107FA4006374000053797374656D20496E69746954
:107FB400616C697A6564202D2056657273696F6EF1
:107FC4002025642E25642E256420282573290A0083
:107FD40048542D49452D4649482D46570000000078
:107FE40053746172742073797374656D20696E695A
:107FF4007469616C697A6174696F6E200A000000AB
:1080040053797374656D20696E697469616C697AFA
:108014006174696F6E20646F6E65200A0000000051
:1080240053797374656D205374617274732045447D
:10803400410A000043616C6C6261636B2065786582
:10804400637574656420666F72206576656E74204E
:10805400256420696E20706F72742025640000000E
:108064004E6F2063616C6C6261636B20646566694A
:108074006E656420666F72206576656E7420256473
:1080840020696E20706F7274202564002F5573650B
:1080940072732F616C657862616C6477696E2F44CA
:1080A40065736B746F702F4F70656E4E6572766575
:1080B4002D436861726765722F4669726D776172CC
:1080C400652F536F757263652D436F64652F7372EB
:1080D400632F68616C5F6C617965722F68616C5F96
:1080E4006164632E637070004261747465727920F8
:1080F4006D6561737572656D656E742073746172FC
:108104007465640A000000005374617274696E67D8
:10811400207363616E2E00002F55736572732F6197
:108124006C657862616C6477696E2F4465736B74F7
:108134006F702F4F70656E4E657276652D43686162
:10814400726765722F4669726D776172652F536F1E
:10815400757263652D436F64652F7372632F686155
:108164006C5F6C617965722F68616C5F626C652EFF
:1081740063707000427574746F6E20257520707280
:1081840065737365640A0000427574746F6E20250C
:10819400752072656C65617365640A002F5573659B
:1081A40072732F616C657862616C6477696E2F44B9
:1081B40065736B746F702F4F70656E4E6572766564
:1081C4002D436861726765722F4669726D776172BB
:1081D400652F536F757263652D436F64652F7372DA
:1081E400632F68616C5F6C617965722F68616C5F85
:1081F400627574746F6E2E6370700000546F6F201C
:108204006D616E7920627574746F6E732E204D618A
:108214007820616C6C6F7765643A2025640A0000ED
:108224004572726F722077726974696E6720746F19
:1082340020444143207265676973746572000000CD
:108244005374617274204446552070726F63657371
:10825400732C207468652073797374656D20776955
:108264006C6C2072657365740D0A00004661696C5C
:10827400656420746F20636C6561722047505245B9
:10828400475245543A2025640D0A00004661696C42
:10829400656420746F207365742044465520666CB1
:1082A40061673A2025640D0A000000005379737455
:1082B400656D20726573657420666F72204446553F
:1082C400206D6F64650D0A002E2E2F2E2E2F636FE6
:1082D40072655F6C617965722F73646B2F6E726661
:1082E400352F6E5246355F53444B5F31372E312E56
:1082F400305F646464653536302F6D6F64756C650A
:10830400732F6E7266782F68616C2F6E72665F676A
:1083140070696F2E680000002F55736572732F61AA
:108324006C657862616C6477696E2F4465736B74F5
:108334006F702F4F70656E4E657276652D43686160
:10834400726765722F4669726D776172652F536F1C
:10835400757263652D436F64652F7372632F636F4A
:1083640072655F6C617965722F73646B2F6E7266D0
:10837400352F6E5246355F53444B5F31372E312EC5
:10838400305F646464653536302F636F6D706F6E73
:10839400656E74732F626C652F636F6D6D6F6E2FD6
:1083A400626C655F636F6E6E5F73746174652E6378
:1083B40000000000546865206C6F63616C20646188
:1083C40074616261736520686173206368616E67BC
:1083D40065642C20736F20736F6D652073756273F1
:1083E4006372697074696F6E7320746F206E6F743A
:1083F400696669636174696F6E7320616E64206974
:108404006E6469636174696F6E7320636F756C6405
:10841400206E6F7420626520726573746F72656478
:1084240020666F7220636F6E6E5F68616E646C6548
:10843400202564006773636D5F6C6F63616C5F64B8
:10844400625F63616368655F6170706C792829207D
:1084540072657475726E656420257320776869632C
:10846400682073686F756C64206E6F742068617027
:1084740070656E2E20636F6E6E5F68616E646C65EE
:108484003A202564000000002E2E2F2E2E2F636F1D
:1084940072655F6C617965722F73646B2F6E72669F
:1084A400352F6E5246355F53444B5F31372E312E94
:1084B400305F646464653536302F636F6D706F6E42
:1084C400656E74732F6C69627261726965732F6D66
:1084D400757465782F6E72665F6D74782E6800000F
:1084E4002F55736572732F616C657862616C647764
:1084F400696E2F4465736B746F702F4F70656E4E89
:10850400657276652D436861726765722F4669727C
:108514006D776172652F536F757263652D436F6458
:10852400652F7372632F636F72655F6C6179657217
:108534002F73646B2F6E7266352F6E5246355F5300
:10854400444B5F31372E312E305F646464653536B9
:10855400302F636F6D706F6E656E74732F626C6510
:108564002F706565725F6D616E616765722F6761FB
:1085740074745F63616368655F6D616E6167657282
:108584002E630000466C6173682066756C6C2E2047
:10859400436F756C64206E6F742073746F72652002
:1085A4006461746120666F7220636F6E6E5F6861D0
:1085B4006E646C653A202564000000006773636D87
:1085C4005F6C6F63616C5F64625F63616368655F66
:1085D40075706461746528292072657475726E659E
:1085E4006420257320666F7220636F6E6E5F68610E
:1085F4006E646C653A202564000000006773636D47
:108604005F736572766963655F6368616E676564ED
:108614005F696E645F73656E642829207265747582
:10862400726E656420257320666F7220636F6E6EB0
:108634005F68616E646C653A202564004341522092
:10864400636861722076616C756520636F756C6414
:108654006E27742062652073746F726564202865C8
:1086640072726F723A202573292E205265617474D8
:10867400656D70742077696C6C2068617070656ECC
:10868400206F6E20746865206E65787420636F6E49
:108694006E656374696F6E2E00000000556E657818
:1086A4007065637465642047415454207374617425
:1086B4007573207768696C652067657474696E6783
:1086C4002043415220636861722076616C75653A7B
:1086D40020307825780000004D756C7469706C65E5
:1086E4002028256429204341522063686172616314
:1086F40074657269737469637320666F756E642C34
:10870400207573696E672074686520666972737476
:108714002E000000556E65787065637465642043AF
:10872400415220636861726163746572697374692C
:10873400632076616C7565206C656E6774682028AB
:108744002564292C2073746F726520302E0000007C
:10875400706565725F6D616E616765725F67636D99
:10876400000000007064735F706565725F6461741B
:10877400615F73746F726528292072657475726EF7
:108784006564202573207768696C652073746F7243
:10879400696E672073657276696365206368616ECC
:1087A400676564737461746520666F7220706565B3
:1087B400722069642025642E000000007064625FEA
:1087C400706565725F646174615F7074725F676520
:1087D4007428292072657475726E6564202573206F
:1087E400666F7220636F6E6E5F68616E646C653A6B
:1087F4002025640044696420616E6F74686572208A
:10880400746872656164206D616E6970756C617401
:108814006520504D5F504545525F444154415F4986
:10882400445F474154545F4C4F43414C20666F7240
:1088340020706565725F696420256420617420740A
:1088440068652073616D652074696D653F2070648F
:10885400625F77726974655F6275665F72656C6585
:1088640061736528292072657475726E65642025AC
:10887400732E000073645F626C655F676174747368
:108884005F7379735F617474725F736574282920F0
:1088940072657475726E6564204E52465F4552521D
:1088A4004F525F494E56414C49445F444154412024
:1088B400666F72204E554C4C20706F696E746572F1
:1088C4002077686963682073686F756C64206E65CF
:1088D4007665722068617070656E2E20636F6E6EAF
:1088E4005F68616E646C653A2025640073645F623E
:1088F4006C655F67617474735F696E697469616CD8
:108904005F757365725F68616E646C655F676574DB
:1089140028292072657475726E656420257320772A
:10892400686963682073686F756C64206E6F742067
:1089340068617070656E2E00706565725F6D616E42
:10894400616765725F6773636D00000070656572CF
:108954005F6D616E616765725F696D006E72665FFF
:10896400626C655F6761747400000000424C455F8F
:108974004741505F5343414E5F54494D454F555411
:1089840000000000436F6E6E656374696E670000DB
:10899400436F6E6E656374696F6E20737461747572
:1089A400733A20256400000073645F626C655F673E
:1089B40061705F7363616E5F73746172742072655A
:1089C4007475726E65642030782578005363616E27
:1089D4006E696E6700000000626C655F7363616EB0
:1089E40000000000436F756C64206E6F7420646532
:1089F4006C657465207065657220646174612E20F5
:108A04006664735F66696C655F64656C657465282C
:108A1400292072657475726E65642030782578201B
:108A2400666F7220706565725F69643A2025640020
:108A3400436F756C64206E6F74207772697465205F
:108A44006461746120746F20666C6173682E2066A3
:108A540064735F7265636F72645F7B777269746558
:108A64007C7570646174657D2829207265747572E3
:108A74006E656420307825782E20706565725F6994
:108A8400643A202564000000706565725F6D616E54
:108A9400616765725F70647300000000706D5F62EF
:108AA40075666665725F7074725F676574282920E5
:108AB400636F756C64206E6F74207265747269657F
:108AC40076652052414D206275666665722E20627D
:108AD4006C6F636B5F69643A202564007064735F34
:108AE400706565725F646174615F73746F72652829
:108AF400292072657475726E65642025732E20704A
:108B04006565725F69643A2025640000536F6D6582
:108B14002070656572206461746120776173206ED2
:108B24006F742070726F7065726C792077726974DB
:108B340074656E20746F20666C6173682E20777282
:108B44006974655F6275665F73746F726528292046
:108B540072657475726E656420257320666F722069
:108B6400706565725F69643A2025640043616E6EC6
:108B74006F742073746F7265206461746120746F04
:108B840020666C617368206265636175736520702B
:108B94006D5F6275666665725F7074725F67657437
:108BA400282920636F756C64206E6F74207265745D
:108BB40072696576652052414D20627566666572FC
:108BC4002E20497320626C6F636B5F696420256497
:108BD400206E6F7420616C6C6F63617465643F0018
:108BE4007064625F77726974655F6275665F7265EF
:108BF4006C6561736528292072657475726E65648D
:108C04002025732077686963682073686F756C64C6
:108C1400206E6F742068617070656E2E20706565BB
:108C2400725F69643A2025642C20646174615F6911
:108C3400643A202564000000506565722049442090
:108C4400256420776173206E6F742070726F706575
:108C5400726C792072656C65617365642E20706432
:108C6400735F706565725F69645F66726565282904
:108C74002072657475726E65642025732E2070658C
:108C840065725F69643A202564000000706565724E
:108C94005F6D616E616765725F7064620000000001
:108CA400436F756C64206E6F7420726574726569AD
:108CB40076652072616E6B732E207064625F7065DE
:108CC40065725F646174615F6C6F616428292072EE
:108CD400657475726E65642025732E2070656572E7
:108CE4005F69643A20256400706565725F6D616E2A
:108CF400616765720000000055706461746500006E
:108D040044656C65746500004F75746461746564D2
:108D140020283029000000005365727669636520BD
:108D24006368616E6765642070656E64696E672050
:108D3400666C6167000000004F757464617465645B
:108D440020283229000000004F7574646174656442
:108D540020283329000000004170706C696361743D
:108D6400696F6E20646174610000000052656D6F6C
:108D74007465206461746162617365005065657235
:108D84002072616E6B000000426F6E64696E672032
:108D940064617461000000004C6F63616C20646165
:108DA400746162617365000043656E7472616C2066
:108DB40061646472657373207265736F6C75746932
:108DC4006F6E0000456E6372797074696F6E000097
:108DD400426F6E64696E670050616972696E670004
:108DE400496E76616C696420526F6C650000000006
:108DF4005065726970686572616C000043656E74D9
:108E040072616C00706565725F6D616E6167657239
:108E14005F68616E646C657200000000496E746581
:108E2400726E616C206572726F723A2025732072C3
:108E340065636569766564204E554C4C20666F7297
:108E440020705F7365635F6B65797365742E0000D2
:108E5400436F756C64206E6F7420726574726965FB
:108E640076652052414D2062756666657220666F94
:108E74007220696E636F6D696E6720626F6E642E17
:108E8400207064625F77726974655F6275665F679C
:108E9400657428292072657475726E656420257363
:108EA4002E20636F6E6E5F68616E646C653A202578
:108EB40064000000696D5F626C655F616464725F89
:108EC40067657428292072657475726E656420253F
:108ED400732E20636F6E6E5F68616E646C653A20FA
:108EE40025642E204C696E6B20776173206C696B4E
:108EF400656C7920646973636F6E6E656374656411
:108F04002E000000436F756C64206E6F7420636CD8
:108F140065616E2075702061667465722066616992
:108F24006C656420626F6E64696E672070726F6333
:108F340065647572652E207064625F77726974650A
:108F44005F6275665F72656C65617365282920725E
:108F5400657475726E65642025732E20636F6E6E62
:108F64005F68616E646C653A2025642E0000000021
:108F740073645F626C655F6761705F7365635F698B
:108F84006E666F5F7265706C7928292072657475DE
:108F9400726E6564204E52465F45524F525F494E91
:108FA40056414C49445F53544154452C20776869D9
:108FB400636820697320616E6572726F7220756ECA
:108FC4006C65737320746865206C696E6B206973BB
:108FD40020646973636F6E6E656374696E672E00D7
:108FE400436F756C64206E6F7420636F6D706C6575
:108FF400746520656E6372797074696F6E20707227
:109004006F6365647572652E2073645F626C655F5F
:109014006761705F7365635F696E666F5F726570C9
:109024006C7928292072657475726E6564202573C5
:109034002E20636F6E6E5F68616E646C653A2025E6
:10904400642C20706565725F69643A2025642E0083
:1090540052414D2062756666657220666F72206E9D
:10906400657720626F6E642077617320756E617618
:1090740061696C61626C652E207064625F777269ED
:1090840074655F6275665F6765742829207265740C
:1090940075726E65642025732E20636F6E6E5F6833
:1090A400616E646C653A2025642E0000436F756C14
:1090B40064206E6F7420616C6C6F63617465206EE4
:1090C400657720706565725F696420666F722069D8
:1090D4006E636F6D696E6720626F6E642E000000B0
:1090E400436F756C64206E6F742073746F726520A7
:1090F400626F6E642E207064625F77726974655F5C
:109104006275665F73746F72652829207265747561
:10911400726E65642025732E20636F6E6E5F6861C6
:109124006E646C653A2025642C20706565725F69F5
:10913400643A202564000000706565725F6D616E9D
:10914400616765725F736D640000000043616E6E59
:109154006F7420736563757265206C696E6B206231
:1091640065636175736520612070726576696F75DA
:10917400732073656375726974792070726F6365A7
:109184006475726520656E64656420696E20746917
:109194006D656F75742E20446973636F6E6E6563BD
:1091A4007420616E642072657472792E20736D640C
:1091B4005F706172616D735F7265706C79282920CC
:1091C4006F7220736D645F6C696E6B5F736563753A
:1091D400726528292072657475726E6564204E521A
:1091E400465F4552524F525F54494D454F55542E98
:1091F40020636F6E6E5F68616E646C653A202564EF
:1092040000000000436F756C64206E6F74207065FD
:1092140072666F726D2073656375726974792070FC
:10922400726F6365647572652E20736D645F70611F
:1092340072616D735F7265706C792829206F72207A
:10924400736D645F6C696E6B5F73656375726528BB
:10925400292072657475726E65642025732E2063EF
:109264006F6E6E5F68616E646C653A202564000001
:10927400436F756C64206E6F7420706572666F72D4
:109284006D2073656375726974792070726F63659C
:10929400647572652E20736D645F6C696E6B5F73A9
:1092A400656375726528292072657475726E6564CC
:1092B4002025732E20636F6E6E5F68616E646C652B
:1092C4003A20256400000000706565725F6D616E70
:1092D400616765725F736D002F55736572732F61DB
:1092E4006C657862616C6477696E2F4465736B7426
:1092F4006F702F4F70656E4E657276652D43686191
:10930400726765722F4669726D776172652F536F4C
:10931400757263652D436F64652F7372632F636F7A
:1093240072655F6C617965722F73646B2F6E726600
:10933400352F6E5246355F53444B5F31372E312EF5
:10934400305F646464653536302F696E74656772A6
:109354006174696F6E2F6E7266782F6C65676163D6
:10936400792F6E72665F6472765F636C6F636B2EC7
:1093740063000000636C6F636B0000002E2E2F2EC1
:109384002E2F636F72655F6C617965722F73646BE6
:109394002F6E7266352F6E5246355F53444B5F31E4
:1093A400372E312E305F646464653536302F696E34
:1093B400746567726174696F6E2F6E7266782F6E52
:1093C4007266785F676C75652E6800002F5573654B
:1093D40072732F616C657862616C6477696E2F4477
:1093E40065736B746F702F4F70656E4E6572766522
:1093F4002D436861726765722F4669726D77617279
:10940400652F536F757263652D436F64652F737297
:10941400632F636F72655F6C617965722F73646B20
:109424002F6E7266352F6E5246355F53444B5F3153
:10943400372E312E305F646464653536302F6D6F9E
:1094440064756C65732F6E7266782F6472697665C5
:1094540072732F7372632F6E7266785F636C6F63BF
:109464006B2E6300434C4F434B0000002F55736534
:1094740072732F616C657862616C6477696E2F44D6
:1094840065736B746F702F4F70656E4E6572766581
:109494002D436861726765722F4669726D776172D8
:1094A400652F536F757263652D436F64652F7372F7
:1094B400632F636F72655F6C617965722F73646B80
:1094C4002F6E7266352F6E5246355F53444B5F31B3
:1094D400372E312E305F646464653536302F6D6FFE
:1094E40064756C65732F6E7266782F647269766525
:1094F40072732F7372632F6E7266785F6770696F11
:1095040074652E63000000004750494F5445000025
:10951400505049002F55736572732F616C657862E2
:10952400616C6477696E2F4465736B746F702F4F31
:1095340070656E4E657276652D43686172676572FB
:109544002F4669726D776172652F536F757263650B
:109554002D436F64652F7372632F636F72655F6C45
:10956400617965722F73646B2F6E7266352F6E523C
:1095740046355F53444B5F31372E312E305F646480
:1095840064653536302F6D6F64756C65732F6E723C
:1095940066782F647269766572732F7372632F70A5
:1095A40072732F6E7266785F7072732E63000000A0
:1095B400505253002E2E2F2E2E2F636F72655F6C28
:1095C400617965722F73646B2F6E7266352F6E52DC
:1095D40046355F53444B5F31372E312E305F646420
:1095E40064653536302F6D6F64756C65732F6E72DC
:1095F40066782F68616C2F6E72665F70776D2E6867
:10960400000000002F55736572732F616C657862DA
:10961400616C6477696E2F4465736B746F702F4F40
:1096240070656E4E657276652D436861726765720A
:109634002F4669726D776172652F536F757263651A
:109644002D436F64652F7372632F636F72655F6C54
:10965400617965722F73646B2F6E7266352F6E524B
:1096640046355F53444B5F31372E312E305F64648F
:1096740064653536302F6D6F64756C65732F6E724B
:1096840066782F647269766572732F7372632F6EB6
:109694007266785F70776D2E6300000050574D003E
:1096A4002F55736572732F616C657862616C647792
:1096B400696E2F4465736B746F702F4F70656E4EB7
:1096C400657276652D436861726765722F466972AB
:1096D4006D776172652F536F757263652D436F6487
:1096E400652F7372632F636F72655F6C6179657246
:1096F4002F73646B2F6E7266352F6E5246355F532F
:10970400444B5F31372E312E305F646464653536E7
:10971400302F6D6F64756C65732F6E7266782F646D
:109724007269766572732F7372632F6E7266785FD7
:1097340073616164632E63002E2E2F2E2E2F636FB0
:1097440072655F6C617965722F73646B2F6E7266DC
:10975400352F6E5246355F53444B5F31372E312ED1
:10976400305F646464653536302F6D6F64756C6585
:10977400732F6E7266782F68616C2F6E72665F73DA
:10978400616164632E68000053414144430000005A
:109794002F55736572732F616C657862616C6477A1
:1097A400696E2F4465736B746F702F4F70656E4EC6
:1097B400657276652D436861726765722F466972BA
:1097C4006D776172652F536F757263652D436F6496
:1097D400652F7372632F636F72655F6C6179657255
:1097E4002F73646B2F6E7266352F6E5246355F533E
:1097F400444B5F31372E312E305F646464653536F7
:10980400302F6D6F64756C65732F6E7266782F647C
:109814007269766572732F7372632F6E7266785FE6
:109824007370696D2E6300005350494D00000000B1
:1098340054494D4552000000554152540000000067
:1098440055415254450000006170705F6275747434
:109854006F6E00002F55736572732F616C657862AB
:10986400616C6477696E2F4465736B746F702F4FEE
:1098740070656E4E657276652D43686172676572B8
:109884002F4669726D776172652F536F75726365C8
:109894002D436F64652F7372632F636F72655F6C02
:1098A400617965722F73646B2F6E7266352F6E52F9
:1098B40046355F53444B5F31372E312E305F64643D
:1098C40064653536302F636F6D706F6E656E7473BB
:1098D4002F6C69627261726965732F7574696C2F7C
:1098E4006170705F7574696C5F706C6174666F72BF
:1098F4006D2E63002F55736572732F616C657862EA
:10990400616C6477696E2F4465736B746F702F4F4D
:1099140070656E4E657276652D4368617267657217
:109924002F4669726D776172652F536F7572636527
:109934002D436F64652F7372632F636F72655F6C61
:10994400617965722F73646B2F6E7266352F6E5258
:1099540046355F53444B5F31372E312E305F64649C
:1099640064653536302F636F6D706F6E656E74731A
:109974002F6C69627261726965732F6664732F66F6
:1099840064732E63000000002F55736572732F619A
:109994006C657862616C6477696E2F4465736B746F
:1099A4006F702F4F70656E4E657276652D436861DA
:1099B400726765722F4669726D776172652F536F96
:1099C400757263652D436F64652F7372632F636FC4
:1099D40072655F6C617965722F73646B2F6E72664A
:1099E400352F6E5246355F53444B5F31372E312E3F
:1099F400305F646464653536302F636F6D706F6EED
:109A0400656E74732F6C69627261726965732F621B
:109A1400616C6C6F632F6E72665F62616C6C6F63F6
:109A24002E6300002F55736572732F616C65786225
:109A3400616C6477696E2F4465736B746F702F4F1C
:109A440070656E4E657276652D43686172676572E6
:109A54002F4669726D776172652F536F75726365F6
:109A64002D436F64652F7372632F636F72655F6C30
:109A7400617965722F73646B2F6E7266352F6E5227
:109A840046355F53444B5F31372E312E305F64646B
:109A940064653536302F65787465726E616C2F6637
:109AA4007072696E74662F6E72665F667072696E2C
:109AB40074662E63000000002F55736572732F6166
:109AC4006C657862616C6477696E2F4465736B743E
:109AD4006F702F4F70656E4E657276652D436861A9
:109AE400726765722F4669726D776172652F536F65
:109AF400757263652D436F64652F7372632F636F93
:109B040072655F6C617965722F73646B2F6E726618
:109B1400352F6E5246355F53444B5F31372E312E0D
:109B2400305F646464653536302F65787465726EB1
:109B3400616C2F667072696E74662F6E72665F66F2
:109B44007072696E74665F666F726D61742E630005
:109B5400705F667300000000257320636865636BA3
:109B6400206661696C656420696E2025732829204C
:109B7400776974682076616C756520307825782E55
:109B840000000000705F617069000000705F667320
:109B94002D3E705F61706900705F646573740000CE
:109BA4006C656E00616464725F69735F616C6967A0
:109BB4006E656433322873726329000061646472D1
:109BC4005F69735F77697468696E5F626F756E64ED
:109BD4007328705F66732C207372632C206C656E1F
:109BE40029000000705F73726300000021286C6517
:109BF4006E202520705F66732D3E705F666C617306
:109C0400685F696E666F2D3E70726F6772616D5F1B
:109C1400756E697429000000616464725F69735F22
:109C2400616C69676E6564333228646573742900F6
:109C3400616464725F69735F616C69676E656433E4
:109C440032282875696E7433325F7429705F7372B9
:109C540063290000616464725F69735F7769746883
:109C6400696E5F626F756E647328705F66732C2013
:109C7400646573742C206C656E29000061646472E1
:109C84005F69735F706167655F616C69676E656466
:109C940028705F66732C20706167655F616464720D
:109CA40029000000616464725F69735F7769746896
:109CB400696E5F626F756E647328705F66732C20C3
:109CC400706167655F616464722C20286C656E2026
:109CD4002A20705F66732D3E705F666C6173685FE7
:109CE400696E666F2D3E65726173655F756E69742A
:109CF400292900006E72665F6673746F726167650E
:109D0400000000002F55736572732F616C657862D3
:109D1400616C6477696E2F4465736B746F702F4F39
:109D240070656E4E657276652D4368617267657203
:109D34002F4669726D776172652F536F7572636513
:109D44002D436F64652F7372632F636F72655F6C4D
:109D5400617965722F73646B2F6E7266352F6E5244
:109D640046355F53444B5F31372E312E305F646488
:109D740064653536302F636F6D706F6E656E747306
:109D84002F6C69627261726965732F6D656D6F62A4
:109D94006A2F6E72665F6D656D6F626A2E63000076
:109DA4002F55736572732F616C657862616C64778B
:109DB400696E2F4465736B746F702F4F70656E4EB0
:109DC400657276652D436861726765722F466972A4
:109DD4006D776172652F536F757263652D436F6480
:109DE400652F7372632F636F72655F6C617965723F
:109DF4002F73646B2F6E7266352F6E5246355F5328
:109E0400444B5F31372E312E305F646464653536E0
:109E1400302F636F6D706F6E656E74732F6C696233
:109E24007261726965732F6578706572696D656EAC
:109E340074616C5F73656374696F6E5F766172736E
:109E44002F6E72665F73656374696F6E5F697465A4
:109E5400722E63004E52465F53554343455353009D
:109E64004E52465F4552524F525F5356435F4841EC
:109E74004E444C45525F4D495353494E47000000F0
:109E84004E52465F4552524F525F534F46544445DB
:109E9400564943455F4E4F545F454E41424C4544FD
:109EA400000000004E52465F4552524F525F494EE9
:109EB4005445524E414C00004E52465F4552524F5B
:109EC400525F4E4F5F4D454D000000004E52465FBD
:109ED4004552524F525F4E4F545F464F554E4400C9
:109EE4004E52465F4552524F525F4E4F545F535548
:109EF40050504F52544544004E52465F4552524FC3
:109F0400525F494E56414C49445F504152414D00C5
:109F14004E52465F4552524F525F494E56414C494C
:109F2400445F5354415445004E52465F4552524F8C
:109F3400525F494E56414C49445F4C454E47544844
:109F4400000000004E52465F4552524F525F494E48
:109F540056414C49445F464C414753004E52465F7C
:109F64004552524F525F494E56414C49445F444119
:109F7400544100004E52465F4552524F525F444195
:109F840054415F53495A45004E52465F4552524F21
:109F9400525F54494D454F55540000004E52465FA0
:109FA4004552524F525F4E554C4C00004E52465F44
:109FB4004552524F525F464F5242494444454E0027
:109FC4004E52465F4552524F525F494E56414C499C
:109FD400445F4144445200004E52465F4552524F42
:109FE400525F4255535900004E52465F4552524FFC
:109FF400525F434F4E4E5F434F554E540000000096
:10A004004E52465F4552524F525F5245534F55523E
:10A01400434553004E52465F4552524F525F4D4F97
:10A0240044554C455F4E4F545F494E495449414C49
:10A03400495A4544000000004E52465F4552524F73
:10A04400525F4D555445585F494E49545F46414906
:10A054004C4544004E52465F4552524F525F4D5557
:10A064005445585F4C4F434B5F4641494C4544006F
:10A074004E52465F4552524F525F4D555445585FBC
:10A08400554E4C4F434B5F4641494C4544000000FC
:10A094004E52465F4552524F525F4D555445585F9C
:10A0A400434F4E445F494E49545F4641494C4544F1
:10A0B400000000004E52465F4552524F525F4D4FD2
:10A0C40044554C455F414C52454144595F494E49C2
:10A0D4005449414C495A4544000000004E52465FE1
:10A0E4004552524F525F53544F524147455F465574
:10A0F4004C4C00004E52465F4552524F525F415005
:10A10400495F4E4F545F494D504C454D454E544563
:10A11400440000004E52465F4552524F525F46453E
:10A1240041545552455F4E4F545F454E41424C4554
:10A13400440000004E52465F4552524F525F494F11
:10A144005F50454E44494E47000000004E52465F62
:10A154004552524F525F4452565F5457495F4552DD
:10A16400525F4F56455252554E0000004E52465FC4
:10A174004552524F525F4452565F5457495F4552BD
:10A18400525F414E41434B004E52465F4552524F3F
:10A19400525F4452565F5457495F4552525F444E92
:10A1A40041434B004E52465F4552524F525F424C20
:10A1B400455F495053505F52585F504B545F54525F
:10A1C400554E4341544544004E52465F4552524F0A
:10A1D400525F424C455F495053505F4348414E4E95
:10A1E400454C5F414C52454144595F45584953548D
:10A1F400530000004E52465F4552524F525F424C4C
:10A20400455F495053505F4C494E4B5F444953435B
:10A214004F4E4E4543544544000000004E52465FA5
:10A224004552524F525F424C455F495053505F5024
:10A234004545525F52454A45435445440000000099
:10A244002F55736572732F616C657862616C6477E6
:10A25400696E2F4465736B746F702F4F70656E4E0B
:10A26400657276652D436861726765722F466972FF
:10A274006D776172652F536F757263652D436F64DB
:10A28400652F7372632F636F72655F6C617965729A
:10A294002F73646B2F6E7266352F6E5246355F5383
:10A2A400444B5F31372E312E305F6464646535363C
:10A2B400302F636F6D706F6E656E74732F6C69628F
:10A2C4007261726965732F6C6F672F7372632F6E7F
:10A2D40072665F6C6F675F64656661756C745F62FC
:10A2E40061636B656E64732E630000007274745F47
:10A2F4006C6F675F6261636B656E64002F55736595
:10A3040072732F616C657862616C6477696E2F4437
:10A3140065736B746F702F4F70656E4E65727665E2
:10A324002D436861726765722F4669726D77617239
:10A33400652F536F757263652D436F64652F737258
:10A34400632F636F72655F6C617965722F73646BE1
:10A354002F6E7266352F6E5246355F53444B5F3114
:10A36400372E312E305F646464653536302F636F69
:10A374006D706F6E656E74732F6C69627261726951
:10A3840065732F6C6F672F7372632F6E72665F6CC9
:10A394006F675F66726F6E74656E642E6300000093
:10A3A4004261636B656E647320666C757368656483
:10A3B40000000000617070001B5B313B33316D00A5
:10A3C40025734C6F67732064726F70706564202806
:10A3D40025642925730D0A001B5B306D0000000005
:10A3E400257300003C25733E2025733A20000000AD
:10A3F4002025303278000000202020007C0000005E
:10A4040025630000200000001B5B313B33306D00EE
:10A414001B5B313B33326D001B5B313B33336D00CF
:10A424001B5B313B33346D001B5B313B33356D00BB
:10A434001B5B313B33366D001B5B313B33376D00A7
:10A444007761726E696E6700696E666F0000000066
:10A4540064656275670000005465726D696E616CB5
:10A464000000000052545400534547474552000031
:10A47400537461746520726571756573743A203024
:10A4840078253038580000004E6F74696679206F63
:10A494006273657276657220307825303858203DB5
:10A4A4003E207265616479004E6F74696679206F2D
:10A4B4006273657276657220307825303858203D95
:10A4C4003E20626C6F636B696E6700005374617445
:10A4D40065206368616E67653A20307825303858A6
:10A4E400000000002F55736572732F616C657862EC
:10A4F400616C6477696E2F4465736B746F702F4F52
:10A5040070656E4E657276652D436861726765721B
:10A514002F4669726D776172652F536F757263652B
:10A524002D436F64652F7372632F636F72655F6C65
:10A53400617965722F73646B2F6E7266352F6E525C
:10A5440046355F53444B5F31372E312E305F6464A0
:10A5540064653536302F636F6D706F6E656E74731E
:10A564002F736F66746465766963652F636F6D6DB1
:10A574006F6E2F6E72665F7364682E630000000056
:10A584006E72665F736468002F55736572732F6112
:10A594006C657862616C6477696E2F4465736B7463
:10A5A4006F702F4F70656E4E657276652D436861CE
:10A5B400726765722F4669726D776172652F536F8A
:10A5C400757263652D436F64652F7372632F636FB8
:10A5D40072655F6C617965722F73646B2F6E72663E
:10A5E400352F6E5246355F53444B5F31372E312E33
:10A5F400305F646464653536302F636F6D706F6EE1
:10A60400656E74732F736F66746465766963652F02
:10A61400636F6D6D6F6E2F6E72665F7364685F62D9
:10A624006C652E630000000073645F626C655F6399
:10A6340066675F73657428292072657475726E6528
:10A6440064202573207768656E20617474656D706D
:10A6540074696E6720746F2073657420424C455F83
:10A66400434F4E4E5F4346475F4741502E00000024
:10A6740073645F626C655F6366675F7365742829E2
:10A684002072657475726E65642025732077686521
:10A694006E20617474656D7074696E6720746F20C8
:10A6A40073657420424C455F4741505F4346475FA2
:10A6B400524F4C455F434F554E542E0073645F62B6
:10A6C4006C655F6366675F736574282920726574BF
:10A6D40075726E6564202573207768656E206174D9
:10A6E40074656D7074696E6720746F20736574206F
:10A6F400424C455F434F4E4E5F4346475F4741548C
:10A70400542E000073645F626C655F6366675F73F9
:10A71400657428292072657475726E6564202573CA
:10A72400207768656E20617474656D7074696E67F6
:10A7340020746F2073657420424C455F434F4D4D28
:10A744004F4E5F4346475F56535F555549442E006D
:10A7540073645F626C655F6366675F736574282901
:10A764002072657475726E65642025732077686540
:10A774006E20617474656D7074696E6720746F20E7
:10A7840073657420424C455F47415454535F4346BC
:10A79400475F415454525F5441425F53495A452ED6
:10A7A4000000000073645F626C655F6366675F73DB
:10A7B400657428292072657475726E65642025732A
:10A7C400207768656E20617474656D7074696E6756
:10A7D40020746F2073657420424C455F4741545484
:10A7E400535F4346475F534552564943455F434889
:10A7F400414E4745442E0000496E73756666696391
:10A8040069656E742052414D20616C6C6F63617494
:10A81400656420666F722074686520536F667444A3
:10A8240065766963652E00004368616E6765207410
:10A8340068652052414D207374617274206C6F639B
:10A844006174696F6E2066726F6D20307825782090
:10A85400746F20307825782E000000004D617869EF
:10A864006D756D2052414D2073697A6520666F7253
:10A87400206170706C69636174696F6E2069732004
:10A88400307825782E00000073645F626C655F6524
:10A894006E61626C6528292072657475726E6564D8
:10A8A4002025732E000000006E72665F7364685F7B
:10A8B400626C6500536F43206576656E743A203090
:10A8C4007825782E000000002F55736572732F6170
:10A8D4006C657862616C6477696E2F4465736B7420
:10A8E4006F702F4F70656E4E657276652D4368618B
:10A8F400726765722F4669726D776172652F536F47
:10A90400757263652D436F64652F7372632F636F74
:10A9140072655F6C617965722F73646B2F6E7266FA
:10A92400352F6E5246355F53444B5F31372E312EEF
:10A93400305F646464653536302F636F6D706F6E9D
:10A94400656E74732F736F66746465766963652FBF
:10A95400636F6D6D6F6E2F6E72665F7364685F7385
:10A964006F632E63000000006E72665F7364685F3D
:10A97400736F6300426C6553746174654D61636801
:10A98400696E6500426C6549646C650054696D6567
:10A994006F75742074696D6572206578706972656D
:10A9A400642E0000426C6554696D656F757454695A
:10A9B4006D6572005374617274696E672074696D99
:10A9C400656F75742074696D65722E0053746F70B1
:10A9D40070696E672074696D656F75742074696D34
:10A9E40065722E0053746F7070696E6720736361B3
:10A9F4006E2E00005363616E2074696D6564206F70
:10AA040075742E0046696C746572206D6174636898
:10AA14002E00000057686974656C69737420616462
:10AA240076207265706F72742E000000426C65535C
:10AA34007562737974656D3A20496E697469616CE5
:10AA4400697A6564200A0000426C6500504D432019
:10AA54005374617465204D616368696E653A20437F
:10AA640068617267696E67204261747465727920E7
:10AA7400456E7472790A0000504D4320537461741A
:10AA840065204D616368696E653A5374617465202D
:10AA94004368617267696E67204261747465727994
:10AAA4002044697370617463684576656E740A0046
:10AAB400504D43205374617465204D616368696E21
:10AAC400653A20496E76616C6964204576656E74DA
:10AAD4000A000000504D43205374617465204D6199
:10AAE4006368696E653A2050696E6720506F7274AE
:10AAF4000A000000504D43205374617465204D6179
:10AB04006368696E65204368617267696E67204295
:10AB14006174746572792073746174653A2042615A
:10AB2400747465727920537461727420436861721D
:10AB340067696E670A000000504D432053746174C6
:10AB440065204D616368696E652043686172676959
:10AB54006E672042617474657279207374617465E0
:10AB64003A20426174746572792046756C6C204396
:10AB74006861726765640A00504D432053746174C0
:10AB840065204D616368696E652043686172676919
:10AB94006E672042617474657279207374617465A0
:10ABA4003A204261747465727920436861726769FE
:10ABB4006E670A00504D43205374617465204D61E3
:10ABC4006368696E65204368617267696E672042D5
:10ABD4006174746572792073746174653A2042619A
:10ABE40074746572792050726573656E7420496E51
:10ABF40064696361746F720A00000000504D432061
:10AC04005374617465204D616368696E652043689F
:10AC1400617267696E67204261747465727920732A
:10AC2400746174653A20504D43204661756C7420FC
:10AC3400436F6E646974696F6E0A00002F55736503
:10AC440072732F616C657862616C6477696E2F44EE
:10AC540065736B746F702F4F70656E4E6572766599
:10AC64002D436861726765722F4669726D776172F0
:10AC7400652F536F757263652D436F64652F73720F
:10AC8400632F736572766963655F6C617965722F92
:10AC9400706D632F73746174655F6D616368696E51
:10ACA400652F7376635F706D635F73746174655F42
:10ACB4006368617267696E675F62617474657279F3
:10ACC4002E63707000000000504D43205374617473
:10ACD40065204D616368696E653A204368617267F7
:10ACE400696E67204261747465727920457869746D
:10ACF4000A000000504D43205374617465204D6177
:10AD04006368696E653A20456E61626C6520456EC4
:10AD14007472790A00000000504D4320537461742A
:10AD240065204D616368696E653A53746174654565
:10AD34006E61626C65204469737061746368457602
:10AD4400656E740A00000000504D43205374617412
:10AD540065204D616368696E6520456E61626C654E
:10AD64002073746174653A20504D43204661756CBC
:10AD74007420436F6E646974696F6E0A000000008A
:10AD84002F55736572732F616C657862616C64779B
:10AD9400696E2F4465736B746F702F4F70656E4EC0
:10ADA400657276652D436861726765722F466972B4
:10ADB4006D776172652F536F757263652D436F6490
:10ADC400652F7372632F736572766963655F6C6157
:10ADD4007965722F706D632F73746174655F6D6133
:10ADE4006368696E652F7376635F706D635F7374F8
:10ADF4006174655F656E61626C652E6370700000DE
:10AE0400504D43205374617465204D616368696ECD
:10AE1400653A20456E61626C6520457869740A0064
:10AE2400504D43205374617465204D616368696EAD
:10AE3400653A2049646C6520456E7472790A000095
:10AE4400504D43205374617465204D616368696E8D
:10AE5400653A2049646C6520457869740A000000ED
:10AE6400504D43205374617465204D616368696E6D
:10AE7400653A2049646C6520446973706174636841
:10AE84004576656E740A0000504D43205374617416
:10AE940065204D616368696E653A20496E6974691D
:10AEA400616C697A650A00002F55736572732F61AE
:10AEB4006C657862616C6477696E2F4465736B743A
:10AEC4006F702F4F70656E4E657276652D436861A5
:10AED400726765722F4669726D776172652F536F61
:10AEE400757263652D436F64652F7372632F736589
:10AEF40072766963655F6C617965722F706D632F1B
:10AF040073746174655F6D616368696E652F7376D0
:10AF1400635F706D635F73746174655F69646C65AE
:10AF24002E63707000000000504D430049646C654E
:10AF340000000000456E61626C6500004368617248
:10AF440067696E672042617474657279000000005D
:10AF5400504D43204D616E616765723A20436F6EB8
:10AF64006669674770696F730A000000504D43209B
:10AF74004D616E616765723A20496E69740A00001A
:10AF8400504D43204D616E616765723A20456E6194
:10AF9400626C65566363526567756C61746F720A9F
:10AFA40000000000504D43204D616E616765723AA8
:10AFB4002044697361626C65566363526567756C9E
:10AFC40061746F720A000000504D43204D616E6140
:10AFD4006765723A20456E61626C6542617474659E
:10AFE4007279436861726765720A0000504D4320AC
:10AFF4004D616E616765723A2044697361626C6584
:10B0040042617474657279436861726765720A009B
:10B01400504D43204D616E616765723A20476574F7
:10B0240042617474657279566F6C746167650A0065
:10B03400504D43204D616E616765723A20526561DF
:10B0440064426174746572794368617267657250B1
:10B05400726573656E74496E64696361746F720AB4
:10B0640000000000504D43204D616E616765723AE7
:10B0740020526561644261747465727943686172D7
:10B084006765496E64696361746F7250696E0A0022
:10B09400504D43204D616E616765723A205265617F
:10B0A4006442617474657279466173744368617251
:10B0B4006765496E64696361746F720A0000000019
:10B0C400504D4320506F72743A204578656375740F
:10B0D400654576656E740A0053444B206572726F41
:10B0E40072000000617373657274696F6E00000012
:10B0F400536F667444657669636520617373657222
:10B1040074696F6E00000000696E76616C6964207A
:10B114006D656D6F72792061636365737300000000
:10B1240048415244204641554C54000073746163B5
:10B134006B206F766572666C6F770000756E6B6E50
:10B144006F776E206661756C74000000706F7765B0
:10B15400722D6F6E206F722062726F776E2D6F7515
:10B164007400000070696E207265736574000000DD
:10B174007761746368646F6700000000736F6674BE
:10B1840077617265207265736574000043505520C1
:10B194006C6F636B7570000077616B652066726F0E
:10B1A4006D2073797374656D204F4646000000006E
:10B1B400646562756720696E7465726661636500B3
:10B1C4006F7468657200000043524153483A202569
:10B1D4007320617420706320307825303858202D16
:10B1E40020726573657474696E670A00626F6F74A8
:10B1F40000000000426F6F742025643A207265736A
:10B20400657420726561736F6E203078253038580C
:10B2140020282573290A00004352415348205245EF
:10B22400434F52443A20257320696E207461736B36
:10B2340020272573272C2025642068656172746299
:10B244006561747320696E746F207468652072750B
:10B254006E0A000020206572726F72202564205BE4
:10B2640025735D2061742025733A25640A0000006B
:10B274002020617373657274696F6E206661696CF6
:10B2840065642061742025733A25640A0000000077
:10B294002020706320307825303858206C7220309C
:10B2A400782530385820707372203078253038581B
:10B2B4000A0000002020636673722030782530383D
:10B2C40058206866737220307825303858206D6DA8
:10B2D40066617220307825303858206266617220A9
:10B2E4003078253038580A0020206372617368650D
:10B2F400732073696E636520706F7765722D6F6E4E
:10B304003A2025640A0000004E6F2063726173685E
:10B31400207265636F726420286372617368657359
:10B324002073696E636520706F7765722D6F6E3A56
:10B33400202564290A000000537461636B2066723F
:10B3440065653A206D61696E2F495352202564204A
:10B35400420A0000537461636B20667265653A208B
:10B36400257320256420420A0000000044626743DC
:10B374006F6E736F6C6500003D3D3D3D3D3D3D3D51
:10B384003D3D3D3D3D3D3D3D3D3D3D3D3D3D3D3DE9
:10B394003D3D3D3D3D3D3D3D3D3D3D3D3D3D3D3DD9
:10B3A4003D3D3D3D3D3D3D3D3D3D3D3D3D0A000076
:10B3B4005B4D414E55414C5D20444542554720422A
:10B3C40055494C44202D206D616E75616C20636F6E
:10B3D4006E74726F6C20617661696C61626C650A6F
:10B3E400000000005B4D414E55414C5D2052756E8E
:10B3F4006E696E67206E6F726D616C206175746F1B
:10B404006D6174696320636F6E74726F6C2E20506B
:10B414007265737320276D2720746F2074616B65C8
:10B42400206F7665722E0A005B4D414E55414C5D8E
:10B4340020416C726561647920696E206D616E755E
:10B44400616C206D6F64650A000000005B4D414E25
:10B4540055414C5D204D616E75616C2074616B6566
:10B464006F766572207265717565737465640A0020
:10B474005B4D414E55414C5D204E6F7420696E20EA
:10B484006D616E75616C206D6F64650A000000006B
:10B494005B4D414E55414C5D204578697420726581
:10B4A400717565737465640A000000005B4D414E5C
:10B4B40055414C5D204D616E75616C20636F6E74F7
:10B4C400726F6C2044495341424C4544202D206303
:10B4D4006F696C206F66662C207261696C20646FE2
:10B4E400776E2C206261636B20746F2053746174D7
:10B4F40065576169740A00005B4D414E55414C5DCE
:10B5040020507265737320427574746F6E203120FD
:10B51400666F722061206E6F726D616C206175744C
:10B524006F6D617469632073657373696F6E2E0A3E
:10B53400000000005B4D414E55414C5D204C65764A
:10B54400656C2025642061626F7665206D61786981
:10B554006D756D2025642C20636C616D70696E6758
:10B564000A0000005B4D414E55414C5D205054484B
:10B57400206C6576656C20256420282564206D5632
:10B58400290A00005B4D414E55414C5D20416C72CF
:10B5940065616479206174206D696E696D756D20D3
:10B5A4006C6576656C20300A000000005B4D414EEE
:10B5B40055414C5D20416C72656164792061742051
:10B5C4006D6178696D756D206C6576656C20256498
:10B5D4000A0000005B4D414E55414C5D20436F69AC
:10B5E4006C205354415254207265717565737465AF
:10B5F40064206174206C6576656C202564202825A0
:10B6040064206D56290A00005B4D414E55414C5D46
:10B6140020436F696C2053544F50207265717565D7
:10B62400737465640A0000005B4D414E55414C5DE6
:10B634002049504720626974733A206E6F20616418
:10B64400766572746973656D656E74207265636581
:10B6540069766564207965740A0000005B4D414E8B
:10B6640055414C5D2049504720626974733A205615
:10B67400524543545F4445546E3D2564205652451B
:10B6840043545F4F56506E3D256420434847315F15
:10B694004F56505F4552526E3D2564204348473211
:10B6A4005F4F56505F4552526E3D25642050474FC0
:10B6B4004F443D256420434847323D25640A000039
:10B6C4005B4D414E55414C5D206D2F6E20656E746F
:10B6D40065722F65786974206D616E75616C2020C8
:10B6E40020732F7820636F696C2073746172742FD8
:10B6F40073746F700A0000005B4D414E55414C5D00
:10B70400202B2F2D20737465702050544820202046
:10B71400202020202020202020302D392C612C6254
:10B724002C63207365742050544820302D31320A24
:10B73400000000005B4D414E55414C5D203F2020F0
:10B744002073746174757320202020202020202011
:10B7540020202020206820202074686973206865D8
:10B764006C700A005B4D414E55414C5D20212020F8
:10B774002063726173682074657374202865727223
:10B784006F72292020232020206372617368207443
:10B79400657374202868617264206661756C74290D
:10B7A4000A0000005B4D414E55414C5D204D414E19
:10B7B40055414C20434F4E54524F4C20454E41422C
:10B7C4004C45440A000000005B4D414E55414C5D20
:10B7D40020416E79206368617267696E67207374B3
:10B7E4006F707065642E20436F696C204F4646204D
:10B7F400756E74696C202773272E0A005B4D414EC9
:10B8040055414C5D20546865726D616C20616E64B5
:10B81400204F565020617265205741524E2D4F4E95
:10B824004C592E20427574746F6E203120646973F4
:10B8340061626C65642E0A005B4D414E55414C5D5E
:10B8440020437261736820746573743A20666F7262
:10B8540063696E6720616E204150505F4552524FBC
:10B86400525F434845434B206661756C740A00007F
:10B874002F55736572732F616C657862616C6477A0
:10B88400696E2F4465736B746F702F4F70656E4EC5
:10B89400657276652D436861726765722F466972B9
:10B8A4006D776172652F536F757263652D436F6495
:10B8B400652F7372632F736572766963655F6C615C
:10B8C4007965722F64656275672F7376635F64654B
:10B8D4006275675F636F6E736F6C652E6370700063
:10B8E4005B4D414E55414C5D204372617368207439
:10B8F4006573743A20666F7263696E6720612068AD
:10B90400617264206661756C740A00005B4D414E7F
:10B9140055414C5D202D2D2D207374617475732059
:10B924002D2D2D0A000000004D414E55414C0000C4
:10B934004155544F000000004F4E00004F46460052
:10B944005B4D414E55414C5D206D6F64653D2573E3
:10B9540020636F696C3D25732070617573655F6D3D
:10B9640061736B3D307825303258206170703D250D
:10B97400730A00005B4D414E55414C5D20505448C4
:10B98400206C6576656C3D256420282564206D5601
:10B9940029206D61783D25640A0000005B4D414E0D
:10B9A40055414C5D206F76705F6365696C696E67A5
:10B9B4003D25642070676F6F645F666C6F6F723DC6
:10B9C400256420666C6F6F725F666F756E643D25CB
:10B9D40064206164765F636F756E743D25640A004C
:10B9E4005B4D414E55414C5D20646561642D6D6134
:10B9F4006E3A20256420732072656D61696E696EEC
:10BA0400670A00005B4D414E55414C5D2049676E0D
:10BA14006F72696E672027256327202D206E6F744F
:10BA240020696E206D616E75616C206D6F64652E8A
:10BA340020507265737320276D27206669727374B2
:10BA44002E0A00005B4D414E55414C5D20556E6BF6
:10BA54006E6F776E20636F6D6D616E642027256352
:10BA6400272E2050726573732027682720666F7213
:10BA74002068656C702E0A005B4D414E55414C5D4B
:10BA840020446561642D6D616E20636C656172652F
:10BA9400642E20436F696C207374696C6C206F662C
:10BAA40066202D2070726573732027732720746FAE
:10BAB40020726573746F72652E0A00005B4D414EEF
:10BAC40055414C5D20446561642D6D616E2074693F
:10BAD4006D656F7574206166746572202564206DD0
:10BAE400732077697468206E6F20696E7075742096
:10BAF4002D2070617573696E6720636F696C0A002D
:10BB0400575054205374617465204D616368696EA5
:10BB1400653A204368617267696E67204578697485
:10BB24000A000000575054205374617465204D611D
:10BB34006368696E653A204368617267696E67205D
:10BB4400456E7472790A000057505420537461741E
:10BB540065204D616368696E653A53746174654329
:10BB640068617267696E67204469737061746368A1
:10BB74004576656E740A00005750542053746174FE
:10BB840065204D616368696E653A20496E76616C23
:10BB94006964204576656E740A000000575054208D
:10BBA4005374617465204D616368696E653A205011
:10BBB400696E6720506F72740A0000005750542059
:10BBC4005374617465204D616368696E653A2057EA
:10BBD400505420506F776572204F6E0A00000000A9
:10BBE400575054205374617465204D616368696EC5
:10BBF400653A205750542053746172742053636122
:10BC04006E0A0000575054205374617465204D61CE
:10BC14006368696E6520536C6F774368617267650A
:10BC24002073746174653A20575054204661756CD2
:10BC34007420436F6E646974696F6E0A00000000BB
:10BC4400575054205374617465204D616368696E64
:10BC5400653A204261747465727920436861726741
:10BC6400696E670A000000005750542053746174D1
:10BC740065204D616368696E652043686172676918
:10BC84006E672073746174653A2057505420536C66
:10BC94006F7720436861726765202D20636F6C6441
:10BCA4002073746172742072616D700A0000000068
:10BCB400575054205374617465204D616368696EF4
:10BCC400653A2042617474657279204368617267D1
:10BCD400656420285750542073687574646F776EB8
:10BCE4002076696120617070206C61796572290A1F
:10BCF40000000000575054205374617465204D6156
:10BD04006368696E6520536C6F7743686172676519
:10BD14002073746174653A20575054205363616EE4
:10BD24002054696D656F75740A00000057505420E3
:10BD34005374617465204D616368696E6520536C4A
:10BD44006F774368617267652073746174653A2024
:10BD54005750542041646A75737420506F7765722C
:10BD64000A000000575054205374617465204D61DB
:10BD74006368696E653A204661756C7420706175FC
:10BD84007365202D2073757370656E64696E67200A
:10BD9400706F776572207472616E736665720A00E3
:10BDA400575054205374617465204D616368696E03
:10BDB400653A204661756C7420726573756D6520F3
:10BDC4002D20726573746F72696E6720706F77656A
:10BDD40072207472616E736665720A005750542043
:10BDE4005374617465204D616368696E653A2049D6
:10BDF400646C6520456E7472790A000057505420B3
:10BE04005374617465204D616368696E653A2049B5
:10BE1400646C6520457869740A000000575054200A
:10BE24005374617465204D616368696E653A204995
:10BE3400646C652044697370617463684576656EEB
:10BE4400740A0000575054205374617465204D6186
:10BE54006368696E653A20496E697469616C697AD0
:10BE6400650A0000575054005465737400000000C4
:10BE7400536C6F7720436861726765004368617231
:10BE840067696E6700000000575054205374617452
:10BE940065204D616368696E653A20536C6F772045
:10BEA400436861726765200A0000000057505420FF
:10BEB4005374617465204D616368696E653A2053FB
:10BEC4006C6F77204368617267650A00575054208D
:10BED4005374617465204D616368696E6520536CA9
:10BEE4006F774368617267652073746174653A2083
:10BEF400496E76616C6964204576656E740A00004B
:10BF0400575054205374617465204D616368696EA1
:10BF14006520536C6F774368617267652073746141
:10BF240074653A2050696E6720506F72740A00007D
:10BF3400575054205374617465204D616368696E71
:10BF44006520536C6F774368617267652073746111
:10BF540074653A2057505420506F776572204F6EA5
:10BF64000A000000575054205374617465204D61D9
:10BF74006368696E6520536C6F77436861726765A7
:10BF84002073746174653A20575054205363616E72
:10BF94000A000000575054205374617465204D61A9
:10BFA4006368696E6520536C6F7743686172676577
:10BFB4002073746174653A205750542053746F7021
:10BFC400205363616E0A0000575054205374617407
:10BFD40065204D616368696E6520536C6F774368B3
:10BFE400617267652073746174653A204661756C8B
:10BFF40074207061757365202D2073757370656E80
:10C0040064696E6720706F776572207472616E73F5
:10C014006665720A0000000057505420537461741E
:10C0240065204D616368696E6520536C6F77436862
:10C03400617267652073746174653A204661756C3A
:10C044007420726573756D65202D20726573746F2D
:10C0540072696E6720706F776572207472616E7397
:10C064006665720A000000005750542053746174CE
:10C0740065204D616368696E653A20546573742068
:10C08400456E7472790A00005750542053746174D9
:10C0940065204D616368696E653A20546573742048
:10C0A400457869740A000000575054205374617431
:10C0B40065204D616368696E653A20546573742028
:10C0C40044697370617463684576656E740A000030
:10C0D400575054205374617465204D616368696ED0
:10C0E400653A205750542053746F70205363616E27
:10C0F4000A000000575054205374617465204D6148
:10C104006368696E653A2057505420506F776572A2
:10C11400204F66660A00000057505420537461741F
:10C1240065204D616368696E653A20575054204616
:10C1340061756C7420436F6E646974696F6E0A0074
:10C14400575054204D616E616765723A2053746193
:10C1540074757354696D656F75744D6F6E69746F22
:10C1640072696E670A0000005770745374617475C5
:10C174007354696D657200005770745374617475FB
:10C184007354696D656F757454696D657200000050
:10C194005770744661756C744D6F6E69746F72007C
:10C1A400577074506F7765724374726C00000000AE
:10C1B400577074436F6C64537461727400000000B0
:10C1C400575054204D616E616765723A20436F6E1B
:10C1D4006669674770696F730A00000043616C6C9D
:10C1E40020612068616C5F646163206D6574686FB1
:10C1F40064207468617420636F6E66696720677079
:10C20400696F730A0000000043616C6C2061206850
:10C21400616C5F777074206D6574686F64207468F6
:10C22400617420636F6E666967206770696F730A53
:10C234000000000064697361626C656400000000C2
:10C24400616C7265616479206F6666005750542092
:10C254004D616E616765723A205061757365577000
:10C264007420726561736F6E203078253032582CDB
:10C27400206D61736B206E6F7720307825303258D3
:10C284002C20636F696C2025730A000057505420DA
:10C294004D616E616765723A20526573756D6557BD
:10C2A400707420726561736F6E2030782530325857
:10C2B40020636C65617265642C20636F696C207205
:10C2C400652D656E61626C6564206174206C6576B1
:10C2D400656C2025640A0000575054204D616E613E
:10C2E4006765723A20526573756D65577074207274
:10C2F4006561736F6E2030782530325820636C6529
:10C304006172656420627574206D61736B2073744F
:10C31400696C6C203078253032582C20636F696C3E
:10C32400207374617973206F66660A005750542035
:10C334004D616E616765723A2053746F7057707403
:10C344005363616E0A000000575054204D616E61C2
:10C354006765723A2047657454656D7065726174DF
:10C364007572650A00000000575054204D616E61DB
:10C374006765723A204765744368617267655374F0
:10C38400617475730A000000575054204D616E614A
:10C394006765723A205374617475732070696E20F6
:10C3A40076616C75653A202564200A005750542044
:10C3B4004D616E616765723A20537461727453748F
:10C3C4006174757354696D656F757454696D6572C4
:10C3D4000A000000575054204D616E616765723A3F
:10C3E4002053746172745374617475734D6F6E6904
:10C3F400746F72696E670A00575054204D616E6104
:10C404006765723A2053746F705374617475734D19
:10C414006F6E69746F72696E670A0000575054201A
:10C424004D616E616765723A20537461727449702C
:10C434006754656D70657261747572654D6F6E6970
:10C44400746F72696E6754696D65720A000000004A
:10C45400575054204D616E616765723A204661758C
:10C464006C74206D6F6E69746F72696E67206F6E85
:10C474006C792028706F77657220636F6E74726FA9
:10C484006C2074696D6572206E6F742073746172B0
:10C49400746564290A000000575054204D616E6190
:10C4A4006765723A2053746F7049706754656D7094
:10C4B400657261747572654D6F6E69746F72696EC1
:10C4C4006754696D65720A00575054204D616E615E
:10C4D4006765723A2049504720746865726D6973C4
:10C4E400746F7220726573697374616E63653A2048
:10C4F40025640000575054204D616E616765723A9F
:10C504002054656D706572617475726520696E740E
:10C514006572706F6C6174696F6E206661696C65B9
:10C5240064202D20706F737369626C65206C6F6F6B
:10C534006B7570207461626C65206F7264657269DA
:10C544006E672069737375650000000057505420AE
:10C554004D616E616765723A2053657450756C73F2
:10C564006557696474685468726573686F6C645362
:10C574007465700A00000000575054204D616E61CC
:10C584006765723A20456E61626C655770742073FA
:10C594007570707265737365642C206661756C7454
:10C5A400206D61736B2030782530325820737469A4
:10C5B4006C6C207365740A00575054204D616E6191
:10C5C4006765723A20456E61626C655770740A0043
:10C5D400575054204D616E616765723A20506F77F1
:10C5E400657220636F6E74726F6C2072657365740C
:10C5F4002C206C6576656C2025640A005750542005
:10C604004D616E616765723A2044697361626C655D
:10C614005770740A00000000575054204D616E6139
:10C624006765723A204D616E75616C2069646C6552
:10C63400202D20636F696C206F66662C206C6576F4
:10C64400656C2025642C206661756C74206D6F6E9A
:10C6540069746F72696E67206F6E6C790A000000EE
:10C66400575054204D616E616765723A20436F6C78
:10C6740064207374617274206174206C6576656CD7
:10C684002025642C207374657070696E6720757042
:10C69400206576657279202564206D7320756E742B
:10C6A400696C20616E20495047206164766572741C
:10C6B4006973656D656E740A00000000575054205C
:10C6C4004D616E616765723A20436F6C64207374C8
:10C6D4006172742072616D7020656E64656420619E
:10C6E40074206C6576656C2025642C2049504720A5
:10C6F4006164766572746973696E670A000000008C
:10C70400575054204D616E616765723A20436F6CD7
:10C71400642073746172742072616D702073746527
:10C724007020736B69707065642C206661756C741D
:10C73400206D61736B20307825303258206F776E0E
:10C744007320746865206C6576656C0A00000000CF
:10C75400575054204D616E616765723A20436F6C87
:10C76400642073746172742072616D7020686F6CE0
:10C7740064696E67206174206D6178696D756D20E0
:10C784006C6576656C2025642C207374696C6C2050
:10C794006E6F2049504720616476657274697365D1
:10C7A4006D656E740A000000575054204D616E612F
:10C7B4006765723A20436F6C6420737461727420ED
:10C7C40072616D70207374657070696E6720757026
:10C7D40020746F206C6576656C2025642C206E6F48
:10C7E40020495047206164766572746973656D658C
:10C7F4006E742079657420286E657874207374656E
:10C804007020696E202564206D73290A00000000E1
:10C814006E6F206164766572746973656D656E749C
:10C82400000000007374696C6C20686F7400000071
:10C83400575054204D616E616765723A20426C69AD
:10C844006E6420746865726D616C207265747279AF
:10C854002025642F2564206661696C656420282581
:10C864007329206174206C6576656C2025642C2006
:10C8740070617573696E6720616761696E0A000093
:10C88400575054204D616E616765723A2049504794
:10C8940020746865726D6973746F72207265616467
:10C8A400696E6720696D706C61757369626C65206F
:10C8B400287265663D2564206F75743D2564206F7C
:10C8C4006673743D2564206D56292C2069676E6F4C
:10C8D400726564202D206E6F20746865726D616CC2
:10C8E400206465636973696F6E207468697320746A
:10C8F40069636B0A00000000575054204D616E615B
:10C904006765723A204950472054656D70657261BD
:10C91400747572652025642E2530326420430A0024
:10C92400575054204D616E616765723A2074686592
:10C93400726D20726177207265663D2564206F7583
:10C94400743D2564206F6673743D2564206D560A1A
:10C9540000000000575054204D616E616765723AC3
:10C9640020426C696E6420746865726D616C20721B
:10C974006574727920636F6E6669726D65642C20CC
:10C984004950472025642E253032642043206174A9
:10C994002F62656C6F7720256420432C20636F6EB3
:10C9A40074696E75696E67206174206C6576656C58
:10C9B4002025640A000000005B4D414E55414C5D4A
:10C9C400205741524E20746865726D616C3A20495B
:10C9D40050472025642E253032642043203E3D20DC
:10C9E40025642043207061757365207468726573D3
:10C9F400686F6C64202869676E6F726564290A0029
:10CA0400575054204D616E616765723A2049504712
:10CA14002074656D70657261747572652025642E6D
:10CA24002530326420432072656163686564207038
:10CA340061757365207468726573686F6C6420280F
:10CA440025642043292C2070617573696E672070FA
:10CA54006F776572207472616E7366657200000090
:10CA6400575054204D616E616765723A20495047B2
:10CA74002073696C656E7420616674657220256428
:10CA840020626C696E6420746865726D616C2072DA
:10CA94006574726965732C20656E64696E672063C2
:10CAA40068617267652073657373696F6E00000057
:10CAB400575054204D616E616765723A2049504762
:10CAC4002073696C656E7420666F7220256420740F
:10CAD40069636B7320696E20746865726D616C2084
:10CAE40070617573652C20626C696E642072657464
:10CAF40072792025642F2564206174206C65766525
:10CB04006C2025640A000000575054204D616E616A
:10CB14006765723A204950472074656D706572618B
:10CB2400747572652025642E25303264204320619B
:10CB3400742F62656C6F7720726573756D652074F0
:10CB440068726573686F6C6420282564204329200B
:10CB54006166746572202564207469636B732C208C
:10CB6400726573756D696E6720706F776572207476
:10CB740072616E7366657200575054204D616E6128
:10CB84006765723A2049504720626174746572790E
:10CB9400204F565020666C61672061737365727410
:10CBA40065642028434847315F4F56505F455252D1
:10CBB4006E3D256420434847325F4F56505F4552CF
:10CBC400526E3D25642C2030203D206661756C74C6
:10CBD40029206174206C6576656C2025642C2050B6
:10CBE400474F4F443D2564202D206C6F6767656473
:10CBF400206F6E6C792C20636F696C20756E616692
:10CC04006665637465640A00575054204D616E6113
:10CC14006765723A2049504720626174746572797D
:10CC2400204F565020666C61677320636C65617297
:10CC340065642028434847315F4F56505F45525240
:10CC44006E3D256420434847325F4F56505F45523E
:10CC5400526E3D256429206174206C6576656C20D4
:10CC640025642C2050474F4F443D25640A000000A2
:10CC74005B4D414E55414C5D205741524E206F76DD
:10CC8400703A2056524543545F4F56506E3D302003
:10CC94006174206C6576656C2025642C2063686162
:10CCA4007267656420746F2025642C206365696C49
:10CCB400696E672025642C2069676E6F7265640A4B
:10CCC40000000000575054204D616E616765723A50
:10CCD4002049504720726563746966696572204F04
:10CCE4005650202856524543545F4F56506E3D309F
:10CCF40029206174206C6576656C2025642C206382
:10CD040068617267656420746F2025642C206365F4
:10CD1400696C696E672025642C2070617573696E77
:10CD240067000000575054204D616E616765723A88
:10CD3400204950472073696C656E7420666F7220B9
:10CD44002564207469636B7320696E204F565020EC
:10CD540070617573652C207472656174696E6720E7
:10CD64006661756C7420617320636C6561726564BF
:10CD74000A000000575054204D616E616765723A95
:10CD84002056524543545F4F56506E207374696C5D
:10CD94006C20302061667465722025642074696398
:10CDA4006B732C2073746179696E6720706175737D
:10CDB40065640A00575054204D616E616765723A8C
:10CDC4002056524543545F4F56506E20636C656144
:10CDD40072656420616674657220256420746963D9
:10CDE4006B732C20726573756D696E67206F6E6549
:10CDF400207374657020646F776E206174206C6595
:10CE040076656C2025640A00575054204D616E618C
:10CE14006765723A204661756C744D6F6E69746F04
:10CE240072696E670A000000575054204D616E61AC
:10CE34006765723A20506F77657220636F6E747203
:10CE44006F6C20736B69707065642C206661756CFF
:10CE540074206D61736B20307825303258206F77E1
:10CE64006E7320746865206C6576656C0A0000003A
:10CE7400575054204D616E616765723A20506F7748
:10CE8400657220636F6E74726F6C20626C616E6B7E
:10CE94006564206166746572206661756C742072C5
:10CEA4006573756D652C202564206379636C6573E7
:10CEB400206C6566740A0000575054204D616E6101
:10CEC4006765723A20506F77657220636F6E747273
:10CED4006F6C20736B69707065642C206E6F206EAC
:10CEE400657720495047206164766572746973657B
:10CEF4006D656E742073696E6365206C6173742054
:10CF0400737465700A000000575054204D616E61BF
:10CF14006765723A20436C6F736564206C6F6F7041
:10CF2400207374617274696E67206174206C657615
:10CF3400656C2025642028636F6C642D73746172A2
:10CF440074206C6576656C206B657074290A00002A
:10CF5400575054204D616E616765723A20506F7767
:10CF6400657220636F6E74726F6C206C6576656C8D
:10CF74003D25642070676F6F643D256420666C6F87
:10CF84006F725F666F756E643D2564206F76705FA7
:10CF94006365696C696E673D25642070676F6F64B3
:10CFA4005F666C6F6F723D2564000000575054201B
:10CFB4004D616E616765723A20486F6C64696E6793
:10CFC400206174206C6576656C2025640A0000007D
:10CFD400575054204D616E616765723A2050474F37
:10CFE4004F44207361746973666965642C2073749B
:10CFF400657070696E6720646F776E20746F206C43
:10D004006576656C2025640A0000000057505420A2
:10D014004D616E616765723A2050474F4F442073EB
:10D024006174697366696564206174206D696E69F1
:10D034006D756D206C6576656C2C20666C6F6F72F7
:10D0440020666F756E640A00575054204D616E61FE
:10D054006765723A2050474F4F44206C6F77202504
:10D06400642F2564206174206C6576656C202564CA
:10D074002C2077616974696E6720666F7220636F14
:10D084006E6669726D6174696F6E0A005750542040
:10D094004D616E616765723A204E6F2076696162F8
:10D0A4006C6520706F776572206C6576656C202DD9
:10D0B400204F5650206365696C696E672025642093
:10D0C4006174206F722062656C6F772050474F4FF8
:10D0D4004420666C6F6F722025642E20436C616D52
:10D0E40070696E6720746F202564000057505420C7
:10D0F4004D616E616765723A2050474F4F44206C12
:10D104006F77206174206D6178696D756D206C6531
:10D1140076656C2025642C206E6F7468696E6720B8
:10D124006675727468657220746F20676976650A23
:10D1340000000000575054204D616E616765723ADB
:10D144002050474F4F44206C6F772C2073746570C8
:10D1540070696E6720757020746F206C6576656CDD
:10D164002025640A00000000575054204D616E6170
:10D174006765723A20496E69740A0000575054205A
:10D18400506F72743A2045786563757465457665A9
:10D194006E740A002F55736572732F616C65786223
:10D1A400616C6477696E2F4465736B746F702F4F75
:10D1B40070656E4E657276652D436861726765723F
:10D1C4002F4669726D776172652F536F757263654F
:10D1D4002D436F64652F7372632F636F72655F6C89
:10D1E400617965722F73646B2F6E7266352F6E5280
:10D1F40046355F53444B5F31372E312E305F6464C4
:10D2040064653536302F65787465726E616C2F668F
:10D2140072656572746F732F736F757263652F70A7
:10D224006F727461626C652F4D656D4D616E672F11
:10D23400686561705F312E63000000002F557365CF
:10D2440072732F616C657862616C6477696E2F44C8
:10D2540065736B746F702F4F70656E4E6572766573
:10D264002D436861726765722F4669726D776172CA
:10D27400652F536F757263652D436F64652F7372E9
:10D28400632F636F72655F6C617965722F73646B72
:10D294002F6E7266352F6E5246355F53444B5F31A5
:10D2A400372E312E305F646464653536302F6578EF
:10D2B4007465726E616C2F6672656572746F732F1C
:10D2C400706F727461626C652F434D5349532F6EB6
:10D2D400726635322F706F72745F636D7369732E6B
:10D2E400630000002F55736572732F616C6578625B
:10D2F400616C6477696E2F4465736B746F702F4F24
:10D3040070656E4E657276652D43686172676572ED
:10D314002F4669726D776172652F536F75726365FD
:10D324002D436F64652F7372632F636F72655F6C37
:10D33400617965722F73646B2F6E7266352F6E522E
:10D3440046355F53444B5F31372E312E305F646472
:10D3540064653536302F65787465726E616C2F663E
:10D3640072656572746F732F736F757263652F7155
:10D37400756575652E6300002F55736572732F6193
:10D384006C657862616C6477696E2F4465736B7445
:10D394006F702F4F70656E4E657276652D436861B0
:10D3A400726765722F4669726D776172652F536F6C
:10D3B400757263652D436F64652F7372632F636F9A
:10D3C40072655F6C617965722F73646B2F6E726620
:10D3D400352F6E5246355F53444B5F31372E312E15
:10D3E400305F646464653536302F65787465726EB9
:10D3F400616C2F6672656572746F732F736F7572CB
:10D4040063652F7461736B732E63000049444C454C
:10D4140000000000546D7251000000002F55736528
:10D4240072732F616C657862616C6477696E2F44E6
:10D4340065736B746F702F4F70656E4E6572766591
:10D444002D436861726765722F4669726D776172E8
:10D45400652F536F757263652D436F64652F737207
:10D46400632F636F72655F6C617965722F73646B90
:10D474002F6E7266352F6E5246355F53444B5F31C3
:10D48400372E312E305F646464653536302F65780D
:10D494007465726E616C2F6672656572746F732F3A
:10D4A400736F757263652F74696D6572732E630093
:10D4B400546D7220537663000000000000000000E9
:10D4C400F97702000000000000000000C1780200AB
:10D4D400157902003F7902000000000000000000FE
:10D4E400CD790200CB7902001D7A02000000000011
:10D4F40000000000517A0200617B0200BD7A020044
:10D504000000000000000000A57B02004D7C02002A
:10D51400C17B02000000000000000000817C0200CA
:10D52400697C0200C57C02000000000000000000CD
:10D534007D7D0200C37D02007F7D020000000000AB
:10D5440000000000D17D0200000000000000000087
:10D55400000000000000000000000000BD83020085
:10D56400BF83020000000000000000000000000073
:10D57400C1830200010006005A620200010100009A
:10D584000300020000000000000000000000000092
:10D59400000000000000000000000000CD8902002F
:10D5A400278A02000F000001000102030405060897
:10D5B400090A0B0000000002010000000B0000003B
:10D5C40000000000290000002800000008000000FE
:10D5D4000000000000000000000000000338FDD837
:10D5E400704700000E000000010000000100000070
:10D5F4000000000000000000000000000EFFFFFF1C
:10D6040006000000140000000001020304050600E7
:10D614000000000000300040000000000100000095
:10D624000100000000400040010000000100000073
:10D63400008000400004000000900040010400004D
:10D6440000A000400204000000A001400306000006
:10D6540000B00140040600000000030600000000C2
:10D664002E310100010200002E31010001010000F1
:10D6740000000000010000000100FFFF00000000A6
:10D68400010000000100010084D603000100010034
:10D6940080D6030049BC0200C1A2020089BD020079
:10D6A40049CC020091A60200E5A202007365635F03
:10D6B4006B65797365745F66696C6C00FFFFFFFFCF
:10D6C4000006FF00000000400000000000000050C1
:10D6D4000003005025E9020039E902004DE9020087
:10D6E4000000FFFFDEC0ADDEFE011EF1DEC0ADDED8
:10D6F400FF011EF130313233343536373839414287
:10D70400434445466E72665F6673746F7261676503
:10D714005F657261736500006E72665F6673746F35
:10D72400726167655F7772697465000000000000CC
:10D73400589E030001000000649E030002000000E4
:10D74400849E030003000000A89E03000400000060
:10D75400BC9E030005000000D09E030006000000EC
:10D76400E49E030007000000FC9E03000800000084
:10D77400149F0300090000002C9F03000A0000000E
:10D78400489F03000B000000609F03000C00000092
:10D79400789F03000D0000008C9F03000E00000022
:10D7A400A09F03000F000000B09F030010000000C2
:10D7B400C49F030011000000DC9F0300120000005E
:10D7C400EC9F03001300000004A00300800000008D
:10D7D40018A00300810000003CA0030082000000A8
:10D7E40058A003008300000074A00300840000001C
:10D7F40094A0030085000000B8A003008600000088
:10D80400E0A0030090000000F8A0030091000000D5
:10D8140018A103009200000038A103000082000058
:10D8240050A103000182000070A1030002820000E5
:10D834008CA1030000840000A8A10300018400005F
:10D84400CCA1030002840000F8A1030003840000BB
:10D8540020A20300556E6B6E6F776E206572726F37
:10D864007220636F64650000000000000338FDD877
:10D8740070470000610D03005F0D03005D0D0300A0
:10D88400905100207F00000078510020DCA30300A9
:10D894000CA40300BCA3030014A403001CA40300F1
:10D8A40024A403002CA4030034A403003CA4030018
:10D8B40000000000E0B0030044A403004CA40300F3
:10D8C40054A40300BC790300CC79030008000000D1
:10D8D400AC790300BC79030008000000A4790300BC
:10D8E400AC7903000800000001000007747903000C
:10D8F400A47903000800000064790300747903002C
:10D904000800000000000000000000009F21030048
:10D91400A1210300A3210300000000000000000077
:10D92400D321030005220300DB21030000000000D3
:10D9340000000000C183020000000000000000009D
:10D94400352503000000000000000000112603003C
:10D95400112703003D260300000000000000000022
:10D964003D27030005280300692703000000000089
:10D974000000000031280300552803007928030023
:10D984000000000000000000C18302000300020048
:10D9940000000000000000001D2D03000000000036
:10D9A40000000000553B0300313B0300813B0300B2
:10D9B4000000000000000000ED3C0300113D0300E6
:10D9C400353D03000000000000000000C183020098
:10D9D4000000000000000000A53E0300813E03009B
:10D9E400D13E0300000000000000000021400300BD
:10D9F40045400300694003000700000000000000E8
:10DA0400000000000300000000000000000000000F
:10DA140005000000010000000100000001000000FA
:10DA240000000000000000002F00000001000000C2
:10DA340001000000030000000000000000000000DE
:10DA440014000000C0ED010019000000A0860100D0
:10DA54001E000000E63601002800000078C800001F
:10DA640032000000FE8300000000000000000000FF
:10DA740031530300EDAF16204A62304029BD56B33E
:10DA84001544E9BF77900D9CFE0B88C07E2615FADD
:10DA9400838073400FCE674B80D541C0ACDA03005E
:10DAA400DCDB0300B0DA0300430000008F710300E5
:10DAB400AF710300BB710300C7710300E77103007A
:10DAC400F37103005B7103002771030053756E004B
:10DAD4004D6F6E0054756500576564005468750099
:10DAE4004672690053617400004A616E00466562C3
:10DAF400004D617200417072004D6179004A756E8B
:10DB0400004A756C0041756700536570004F63747B
:10DB1400004E6F760044656300002E000053756E5E
:10DB2400646179004D6F6E64617900547565736446
:10DB34006179005765646E65736461790054687532
:10DB44007273646179004672696461790053617427
:10DB5400757264617900004A616E7561727900467C
:10DB640065627275617279004D617263680041701B
:10DB740072696C004D6179004A756E65004A756C76
:10DB840079004175677573740053657074656D62CF
:10DB94006572004F63746F626572004E6F76656DD7
:10DBA40062657200446563656D6265720000414D93
:10DBB40000504D0000256D2F25642F257900254840
:10DBC4003A254D3A255300256120256220256520FC
:10DBD40025542025590000001EDB030020DB030030
:10DBE40020DB030020DB030020DB030020DB030039
:10DBF40020DB030020DB030020DB030020DB030029
:10DC0400FFFFFFFFFFFFFFFFFFFFFFFFFFFF00001E
:10DC140021DB0300D0DA03005BDB0300EDDA030051
:10DC2400B2DB0300B9DB0300C2DB0300CBDB030080
:10DC34002020202020202020206828282828202078
:10DC440020202020202020202020202020202020D0
:10DC54004810101010101010101010101010101088
:10DC64008484848484848484848410101010101028
:10DC74001081818181818101010101010101010181
:10DC84000101010101010101010101101010101035
:10DC94001082828282828202020202020202020252
:10DCA40002020202020202020202021010101020FA
:10DCB400000703200417020108571040805F5F63C8
:10DCC40078615F67756172645F61637175697265BC
:10DCD400206465746563746564207265637572732A
:10DCE40069766520696E697469616C697A617469C1
:03DCF4006F6E0050
:10DCF80005010000070000000090D003181818184C
:10DD0800181818181800000000000000FF00000094
:10DD1800102700000101FFFFFF010000A0DA030047
:10DD2800A0DA0300A0DA0300A0DA0300A0DA0300F7
:04000003200072194E
:00000001FF
