:020000022000DC
:107000000000042019720200017202009DFB0200C0
:1070100005720200077202000972020000000000FF
:107020000000000000000000000000006D420300AE
:107030000D720200000000008D4203001172020078
:1070400009CF020013720200C5D50200A5E60200B6
:10705000B9E6020013720200E9D4020075DD0200F5
:107060008DE90200A5E90200BDE9020013720200E9
:1070700013720200137202001372020013720200F4
:1070800013720200D544030013720200137202004F
:107090001372020013720200C91D03001372020072
:1070A0001372020013720200D5E90200EDE902003A
:1070B00061DC02001372020000000000000000000A
:1070C000137202001372020013720200CDE6020076
:1070D0001372020013720200137202001372020094
:1070E000137202001372020013720200000000000B
:1070F0000000000013720200000000001372020082
:10710000000000000000000000000000000000007F
:10711000000000000000000000000000000000006F
:10712000000000000000000000000000000000005F
:10713000000000000000000000000000000000004F
:10714000000000000000000000000000000000003F
:10715000000000000000000000000000000000002F
:10716000000000000000000000000000000000001F
:10717000000000000000000000000000000000000F
:1071800000000000000000000000000000000000FF
:1071900000000000000000000000000000000000EF
:1071A00000000000000000000000000000000000DF
:1071B00000000000000000000000000000000000CF
:1071C00000000000000000000000000000000000BF
:1071D00000000000000000000000000000000000AF
:1071E000000000000000000000000000000000009F
:1071F000000000000000000000000000000000008F
:10720000FEE7FEE7FEE7FEE7FEE7FEE7FEE7FEE756
:10721000FEE7FEE700F002B8FFF7FCBF0F484FF0B3
:107220000701884385460E4880470E48016841F4AF
:1072300070010160BFF34F8FBFF36F8F00F01AB87A
:1072400009480A490A4A884207D0521A05D00378E9
:1072500001300B700131013AF9D170470000042070
:107260006993020088ED00E010670300082B0020FE
:107270001C2B00203A493B480A1A02D007229143AE
:107280008D46394939480A1A06D00722914381F3BD
:107290000988022282F3148835483649364A00F0BC
:1072A00041F836483649374A00F03CF83648374905
:1072B000374A00F037F837483749384A00F032F893
:1072C00037483849384A00F02DF838483849394AA3
:1072D00000F028F838483949394A00F023F839488D
:1072E0003949002200F036F838483949002200F0C8
:1072F00031F838483849091A0FF08AF8374A904768
:1073000025482649884205D00268043003B49047D6
:1073100003BCF7E700208646EC4600200021304AF7
:107320009047FEE7884214D0521A12D003460B430E
:1073300013430324234206D1036804300B60043155
:10734000043AF9D17047037801300B700131013AEA
:10735000F9D17047884202D002700130FAE77047D5
:107360000000042000F80320000004200000042096
:10737000E8C003001C2B0020602B0020E4730200F7
:10738000E47302009A650300E8C003001C2B002090
:107390001C2B0020246703002467030030670300D0
:1073A0002467030024670300246703003067030099
:1073B00030670300E7C003002CC10300602B0020EE
:1073C000602B0020602B0020787F0020787F002039
:1073D000787F0020787F00207883002041720200AF
:0473E000555A0300F7
:1073E400BFF34F8F0549CA6802F4E062044B1343AC
:1073F400CB60BFF34F8F00BFFDE700BF00ED00E09F
:107404000400FA0510B5044600F046FC22460D219E
:10741400012000F049FE10BD10B5044600F03CFC0C
:1074240022460821012000F03FFE10BD10B504469D
:1074340000F032FC22460F21012000F035FE10BD81
:1074440010B5044600F028FC22460E21012000F06D
:107454002BFE10BD08B500F01FFC002210210120F6
:1074640000F038FE08BD08B500F016FC002211211A
:10747400012000F02FFE08BD08B501212F2001F0E6
:1074840022FB0021142001F01EFBFFF7A9FF0000DE
:1074940038B5044603461A4A43F8142B43600023C4
:1074A4008360C360174B0361174B0360174D45613D
:1074B4008061174BC361174B436105624062164BF1
:1074C4008362164B03620BF08FFFE06225636463F3
:1074D400134BA363134B23630BF086FFE063256414
:1074E4006464114BA364114B2364E5642465104B5D
:1074F4006365104BE3640BF077FFA065204638BD4D
:10750400F4B803003067030058B80300E0B8030080
:107514003467030078B803004467030064B80300C9
:10752400646703008CB803004C670300B4B803001D
:1075340054670300A0B80300034600F1140207488F
:10754400026003F12002426003F13002826003F121
:107554004002C2604C330361704700BF602B0020BF
:107564002DE9F04389B0064600F096FB02AC524D7B
:107574000FCD0FC495E8030084E803004F4C504B33
:10758400E41AE408240444F003044E49204609F0B4
:10759400FBFF4D49204609F0F7FF9DF808204B49B1
:1075A400204609F0F7FF9DF809204949204609F0D3
:1075B400F1FF9DF80A904A464649204609F0EAFF41
:1075C4009DF80B709DF80C303A464349204609F06B
:1075D400EBFF9DF80D809DF80E3042463F49204652
:1075E40009F0E2FF3E49204609F0CEFFBDF8102025
:1075F4003C49204609F0CEFFBDF812203A49204606
:1076040009F0C8FFBDF814203849204609F0C2FF2C
:10761400069A3749204609F0BDFF3649204609F04D
:10762400B3FF079DEAB23449204609F0B3FFC5F31E
:1076340007223249204609F0ADFFC5F3074230491D
:10764400204609F0A7FFB9F1010F14BF002301235D
:107654002FB1B8F1000F02D0B9F1010F10D000938F
:1076640043463A462749204609F0A9FF0CF064FD39
:1076740032460921022000F017FD09B0BDE8F0836D
:10768400009343463A462049204609F098FF0CF0FF
:1076940053FD32460B21022000F006FD0AF022FFC2
:1076A40032460621032000F0FFFC32460C21012063
:1076B40000F0FAFCE1E700BF98550020686603007B
:1076C400186603006C67030090670300A867030053
:1076D400CC670300F06703001C68030054680300D0
:1076E4008C680300A0680300B8680300CC6803003A
:1076F400E0680300046903001869030030690300AB
:107704004C690300A86903006869030010B50446C6
:1077140000F0C2FA2046FFF723FF22460921012088
:1077240000F0C2FC10BD000010B50AF0DBFE0446F8
:10773400074A032100F0B2FC064A0821204600F063
:10774400ADFC054A0721204600F0A8FC10BD00BF8F
:1077540009740200117702001D74020010B50CF0C8
:10776400EBFC0446044A052100F098FC034A0D2171
:10777400204600F093FC10BD3174020045740200F1
:1077840008B5FFF7D1FFFFF7E9FF00F09FFF254B96
:107794001B68BFF35B8F13F0010F15D0224B1B68DE
:1077A400BFF35B8F13F0010F1DD0204B1B68BFF399
:1077B4005B8F13F0010F25D001F018FA01F0DAF90C
:1077C400014601F01EFB08BD16480EF0C7FE002856
:1077D400E4D00023164A1321164800F02DFF114867
:1077E4000EF0D0FEDAE710480EF0B8FE0028DCD028
:1077F4000023114A0D21114800F01EFF0A480EF023
:10780400C1FED2E709480EF0A9FE0028D4D0002317
:107814000B4A11210B4800F00FFF04480EF0B2FE92
:10782400CAE700BF942B0020842B0020742B002077
:1078340059740200982B00206B740200882B0020DE
:107844007D740200782B002010B504460BF048FA32
:1078540000220321042000F027FC0D4B0D4A9B1A43
:10786400DB081B040C4943F0030009F08DFE01F012
:1078740081F9012101F0EDFA0CF05EFC00220321F4
:10788400022000F011FCE0680BF05AFF10BD00BFAD
:107894006866030018660300E869030008B50AF087
:1078A40021FE00220621032000F0FEFB0CF044FC24
:1078B40000220721022000F0F7FB01F05BF9002110
:1078C40001F0C7FA08BD70B50C4646683046FFF7AC
:1078D40033FE0546A1B203390E290DD8DFE801F0C5
:1078E400170C0C0C0C1C0C0C0C0D0C240C08290093
:1078F400C168304600F03FFC70BD01F03BF9012146
:1079040001F0D0FAE968304600F035FCF4E7C168CC
:10791400304600F030FCEFE70AF0E4FD00220421D9
:10792400032000F0C1FBE7E7C168304600F023FC08
:10793400E2E700F0D5FF00F0EDFF0028DCD100F015
:10794400CFFF00F0E9FFD7E77047000008B5104803
:10795400104BC01AC00800040F4940F0030009F09E
:1079640013FE0AF0BFFD00220221032000F09CFB5D
:107974000CF0E2FB00220221084600F095FB0BF01C
:10798400AFF900220221042000F08EFB08BD00BFE5
:107994006866030018660300046A030038B50C46E1
:1079A40045682846FFF7C8FDA1B20D290BD011295F
:1079B4000DD100F095FF00F0ADFF40B900F090FF4D
:1079C40000F0AAFF03E0C168284600F0D4FB38BDEC
:1079D40008B50AF087FD00220421032000F064FBAF
:1079E40001F0C8F8012101F020FA08BDF8B50446F9
:1079F4000F4646683046FFF79FFD0546164B174A6B
:107A04009B1ADB081B043A46154943F0030009F0AE
:107A1400C1FDB9B209290BD0112911D0082906D109
:107A2400E0680BF0A9FE2969304600F0A4FBF8BD1C
:107A3400E0680BF085FE6968304600F09CFBF6E7D1
:107A440000F04EFF00F066FF0028F0D100F048FF80
:107A540000F062FFEBE700BF6866030018660300EE
:107A6400346A030008B50CF067FB002203210220EE
:107A740000F01AFB01F07EF8002101F0D6F908BDF0
:107A840008B542F210700AF0DDFB01F073F8002132
:107A940001F0F3F908BD08B542F210700AF0D2FB08
:107AA4000AF020FD00220421032000F0FDFA0CF06E
:107AB40043FB00220C21022000F0F6FA0BF010F92F
:107AC40000220321042000F0EFFA01F053F8012111
:107AD40001F0D3F908BDF8B505460C4647683846A9
:107AE400FFF72AFD0646A1B20839092922D8DFE8A2
:107AF40001F00522212121212A21213D0AF0F2FC55
:107B040000220621032000F0CFFAE8680BF034FECF
:107B14000CF012FB00220721022000F0C5FA0BF042
:107B2400DFF800220421084600F0BEFAF168384666
:107B340000F021FBF8BDE8680BF002FE71683846DE
:107B440000F019FBF6E70CF0F7FA002207210220F7
:107B540000F0AAFA0BF0C4F800220421084600F051
:107B6400A3FAF168384600F006FBE3E700F0B8FE3C
:107B740000F0D0FE0028DDD100F0B2FE00F0CCFE13
:107B8400D8E7704738B50C4645682846FFF7D4FC5B
:107B9400A1B210290BD011290DD100F0A1FE00F0E3
:107BA400B9FE40B900F09CFE00F0B6FE03E0816827
:107BB400284600F0E0FA38BD08B500F0DBFF0146C6
:107BC40001F01FF908BD38B50C46154600F064F8FD
:107BD4002A46214600F6EC1000F0C5FA38BD000034
:107BE40010B5044600F046FA014B2360204610BD50
:107BF400C8B8030038B5134B1A6801321A60124C26
:107C0400124BE41AE408240444F003041049204607
:107C140009F0C0FC0BF0E8FB05460BF0CFFCB5F90E
:107C240004200C49204609F0B5FC0AF083FE054601
:107C34000AF09CFFB5F900200749204609F0AAFC88
:107C440038BD00BFA42B002068660300186603003B
:107C54005C6A0300706A0300946A030010B582B082
:107C6400044600F020F904F51960FFF7B9FF04F6A3
:107C7400EC10FFF70DFC064B0093012341F2883210
:107C8400044904F6482000F09DFA204602B010BDD5
:107C9400F97B0200B46A030008B50A4B1B68BFF302
:107CA4005B8F13F0010F01D0074808BD05480EF0A3
:107CB40055FC0028F8D00448FFF7D0FF01480EF027
:107CC40061FCF1E7A82B0020AC2B002010B582B09A
:107CD400044600F0A9F9184A0421204600F0F8F8F7
:107CE4002246012104F5196000F0CCF90AF0F8FFEE
:107CF4000BF010F80CF020FA0CF038FA0AF0F2FB52
:107D04000AF00AFC04F6EC1000F049FA04F64820E4
:107D140000F072FA09480A4BC01AC0080004094B63
:107D24000193002200920123074940F0030009F067
:107D340053FC02B010BD00BFC46A030068660300B0
:107D440018660300046B0300D86A030008B500F04A
:107D540029F908BD032824D8012A06D001290CD00A
:107D6400022910D0B1B107207047012901D00022A7
:107D7400F4E700F10E02D2B2F0E700EB40000A4B48
:107D84001A540020704700EB4000074B03445A701C
:107D94000020704700EB4000034B03449A7000201E
:107DA40070470720704700BF2836002008B501221D
:107DB40000210846FFF7CEFF10B10346072812D171
:107DC400072202210120FFF7C5FF034608B1072857
:107DD40009D1042202210020FFF7BCFF034610B1A1
:107DE400072800D10023184608BD08B50122022146
:107DF4000020FFF7AFFF10B10346072812D1072276
:107E040002210120FFF7A6FF034608B1072809D184
:107E14000A2200210846FFF79DFF034610B10728F8
:107E240000D10023184608BD08B50388102B0ED0D6
:107E3400112B13D10F4A1368013B136073B9FFF779
:107E4400D4FF58B10C4B1B6843B1984706E0094B6B
:107E54001B6823B1074A13680133136008BDFFF799
:107E6400A5FF0028F6D0044B1B68002BF2D09847DE
:107E7400F0E700BF343600203836002010B584B057
:107E840004464FF0FF3201A9D4F8F4080CF0B6FD13
:107E94000128F6D101980028F3D003681B68039ADF
:107EA40002999847EDE738B504460025C0F8F05824
:107EB400C0F8F4585022294600F6F8000EF01EFBD4
:107EC4004822294604F648100EF018FB204638BD17
:107ED40010B584B004460B46114600F1F00200F6DA
:107EE400F80002900192009323464FF4007209486F
:107EF4000CF0FAFFC4F8F0080023009304F64813CA
:107F040022460C2114200CF025FCC4F8F40804B01B
:107F140010BD00BF817E020000B585B001910292C0
:107F2400039300231A4601A9D0F8F4080CF052FC7C
:107F340005B05DF804FB000000B585B00191029224
:107F44000393002300936A4601A9D0F8F4080CF0C7
:107F5400F9FC009B43B1064B4FF080525A6040BF7E
:107F6400BFF34F8FBFF36F8F05B05DF804FB00BF05
:107F740000ED00E0034B0360034B0B6080231360B0
:107F8400704700BF8C4000208C3E0020034B0360F0
:107F9400034B0B604FF40073136070473C3E0020AA
:107FA4003C36002008B50CF0E1FFFEE710B50E4C9E
:107FB4000E4BE41AE40824040D4944F0020009F0CD
:107FC400E3FA4FF40041002009F0C2F808F0BAFFC8
:107FD40044F003040749204609F0D6FA064920462E
:107FE40009F0D2FA10BD00BF6866030018660300EA
:107FF400146B0300346B0300546B030008B503E0F7
:1080040009F058F9034B1870024B1B78002BF7D179
:1080140008BD00BF1C2B002008B5FFF7EFFF08BD0B
:1080240008B504F065FD08BD30B589B0FFF7F8FF69
:10803400FFF7BCFF0024DCB109B030BD04F01F031E
:1080440043EA451302930023039301220492059308
:108054000693079308AB13E903008DE8030002AB12
:108064000FCB00F051FD0135002DE7D00134E2E7DC
:108074002546F9E7024A02600022027182607047D5
:10808400D4B803004B1EDBB2092B04D80171024B98
:1080940043F8210082607047DC400020023100EB8D
:1080A400810042607047000000F1FF3C5FFA8CFCE5
:1080B400BCF1090F00D9704708B5054B53F82000EF
:1080C40013460A4601468068FFF726FF08BD00BF35
:1080D400DC40002000F1FF3C5FFA8CFCBCF1090F8E
:1080E40000D9704708B5054B53F8200013460A46DB
:1080F40001468068FFF720FF08BD00BFDC40002078
:1081040038B505460C468B1C00EB83035B688BB1CA
:10811400002098470E4B0F4AA3EB020C4FEADC0CED
:108124004FEA0C4C2B7922460B494CF0040009F021
:108134003BFA38BD0648074BC01AC00800042B7927
:108144000A46064940F0040009F02EFAF1E700BFA0
:108154006866030018660300686B0300946B0300F1
:10816400704770477047406820B108B503689B6842
:10817400984708BD704738B504460D464068036803
:108184005B6898476368A36065602B681B68284632
:10819400984738BDC068003818BF0120704710B533
:1081A400044603681B6898472046FFF7F3FF20B195
:1081B400E368A36063600023E360606803681B688E
:1081C400984710BD30B583B00446084611461A4698
:1081D400069B63608902074DA5FB015104F1080564
:1081E40001950093002389090DF054FA206020467C
:1081F40003B030BDD34D621030B583B0056865B1AE
:108204000CF002FF02460024009423460121284674
:108214000DF06CFA204603B030BD0120FBE730B509
:1082240083B00546006898B10A46002400942346AA
:1082340004210DF05BFA2D680CF0E6FE0246009472
:108244002346012128460DF051FA204603B030BDE3
:108254000120FBE7006850B100B583B00022009212
:10826400134603210DF042FA03B05DF804FB704796
:1082740030B583B00546006898B10A4600240094DE
:10828400234609210DF032FA2D680CF0C3FE024694
:1082940000942346062128460DF028FA204603B010
:1082A40030BD0120FBE7006850B100B583B0002267
:1082B4000092134608210DF019FA03B05DF804FB8F
:1082C4007047704710B503681B681878044C013870
:1082D4002146C0B205F0EAFEB4F9000010BD00BFAB
:1082E4000E41002030B589B001900C460178254B31
:1082F40000221A705A709A70DA70022018715A713A
:108304009A71D9711A722049204805F009FE58B9AA
:10831400019B187801381B49C0B205F063FE40B9CF
:1083240001AB029303AD0EE0194A262106F098FB37
:10833400EEE7174A272106F093FBF1E702A8FFF7BF
:10834400C1FF25F8020B08AB9D42F7D1002303AA15
:1083540002E032F9021B0B4408A98A42F9D10D4A02
:1083640082FB0312DB17C3EBA2031BB2C3EB0313A1
:10837400C3EB03139B09238005F0F6FF002009B02B
:1083840030BD00BF04410020C7820200F8B80300DA
:10839400C06B03006766666608B5094B1B68BFF3CC
:1083A4005B8F13F0010F01D0064808BD04480EF09E
:1083B400D5F80028F8D002480EF0E4F8F4E700BF3E
:1083C400144100201841002030B583B00446002534
:1083D40040F8045B074A00942B4606CA00F0F6FDF9
:1083E4002022294604F144000EF088F8204603B008
:1083F40030BD00BFFCB8030010B51048104BC01AC4
:10840400C00800040F4940F0030009F0BDF8FFF76D
:10841400C3FF0D4C21460D48FFF764FF0AF08AFAAA
:10842400B4F9003040F2145202FB03F3084A82FB11
:108434000312DB17C3EBA213038010BD68660300AD
:10844400186603001C6C030010410020202B002040
:10845400D34D621008B5FFF7CFFF08BD08B5027809
:10846400094B1A70094A5A60436843B1996911600B
:108474009B8B9380064B1B680348984708BD034BAE
:1084840000221A609A80F5E7244100201C41002054
:108494003C4100207047000008B50A480A4BC01A46
:1084A400C0080004094940F0030009F06DF80848C9
:1084B40002F0BEFC00B908BD064A2E2106F0D0FA2F
:1084C400F9E700BF68660300186603003C6C03000C
:1084D400404100204C6C030008B502F0C1FB08BD0C
:1084E40000B583B009F0C8FB68B90023019301A962
:1084F400012009F0B7FC58B901A809F081FD60B961
:1085040003B05DF804FB074A3B2106F0A9FAECE747
:10851400044A3F2106F0A4FAEEE7024A422106F09B
:108524009FFAEDE74C6C0300084B4FF4FA725A8043
:108534004FF47A729A800022DA80197862F3820109
:108544001970C9B262F3C401197070472C4100203C
:1085540000B585B000230093019302930393084B65
:108564000093084A6946084802F021FC10B905B096
:108574005DF804FB054A5C2106F072FAF7E700BFD8
:108584002C41002061840200404100204C6C030017
:1085940008B5044B1860FFF7A3FFFFF7C5FFFFF70B
:1085A400D7FF08BD3C41002038B50446002313E042
:1085B4001B4B53F825309B6803B1984719481A4B55
:1085C400C01AC00800042246184940F0030008F00D
:1085D400E1FF24E00133DBB2154A12789A421ED936
:1085E4001D460F4A52F82320002AF3D01268A242F3
:1085F400F0D1204604F062FF0028D9D1084B53F88B
:1086040025305B6803B198470648074BC01AC00879
:1086140000042246074940F0030008F0BBFF38BDC0
:10862400AC4100206866030018660300BC6C0300BC
:10863400A8410020A86C030030B583B00446016053
:1086440042608360194B1B78022B23D80D46184BCC
:108654001B68ADF804301B0C8DF8063003238DF82D
:108664000530144A01A9284604F06AFE68B90121BC
:10867400284604F0BDFE0D4A1378591C11700E4AA9
:1086840042F82340204603B030BD0C4A242106F0B2
:10869400E7F9ECE70A480B4BC01AC00800040322B0
:1086A400094940F0010008F075FFEBE7A8410020FC
:1086B40004B90300AD850200AC410020D06C030076
:1086C4006866030018660300306D030008B500F007
:1086D400E7F908BD10B50446054B0360054B03607C
:1086E400054B1B684360083000F068F8204610BD55
:1086F40010B9030020B9030028B903000804034B90
:10870400A3FB0030C0F30F30704700BF5917B7D137
:1087140008B50A430221083000F098F808BD08B5EE
:1087240000220321083000F091F808BD08B50A437F
:108734000421083000F08AF808BD08B50A22052192
:10874400083000F083F808BD10B50446FFF7F5FFC4
:108754004FF4704211462046FFF7DAFF2046FFF738
:10876400DEFF0F2200212046FFF7E0FF10BD0229A3
:1087740005D0032905D0012905D108207047092017
:1087840070470A2070470720704738B504461546DD
:10879400FFF7EDFF01462A4604F1080000F056F801
:1087A40038BD38B504460D461146FFF7A7FF02460B
:1087B40029462046FFF7E9FF38BD000030B58FB0E9
:1087C4000446174B844693E80700ACE803002CF8F2
:1087D400022B120C8CF80020012284F84C220DF19B
:1087E4001C0E03F10C0CBCE80F00AEE80F009CE873
:1087F40007008EE8070004F10C05002304930EAB78
:1088040013E90F008DE80F0007AB0ECB284600F0EC
:1088140075FB284600F066FB20460FB030BD00BF54
:108824002CB9030023B90170130A43708270704796
:10883400012BF9D141F080010170F5E703780B7049
:1088440043784B7083788B707047000010B582B00A
:1088540004460023415C01A8FFF7E4FF694601A830
:10886400FFF7ECFF00210B2000F02DF903226946ED
:1088740004F10C0000F08EFB044601210B2000F0F3
:1088840022F90CB902B010BD0548064BC01AC00845
:108894000004054940F0010008F076FEF2E700BF4D
:1088A4006866030018660300546D0300BFF34F8F1E
:1088B4000549CA6802F4E062044B1343CB60BFF37A
:1088C4004F8F00BFFDE700BF00ED00E00400FA0594
:1088D4003CDF70473DDF70470022027070470000A4
:1088E40008B50A4B1B68BFF35B8F13F0010F01D06F
:1088F400074808BD05480DF031FE0028F8D00448AB
:10890400FFF7EAFF01480DF03DFEF1E7B841002012
:10891400BC4100200078704770B50646164C174BD2
:10892400E41AE408240444F002051549284608F032
:108934002BFE4FF0FF310020FFF7CCFF60B9B121CF
:108944000020FFF7C5FF024668B10E4944F001005C
:1089540008F020FE002070BD02460B4944F00100DF
:1089640008F018FEF6E7012333700849284608F09A
:108974000BFEFFF79BFF00BF686603001866030049
:10898400746D0300C06D0300A06D0300E06D03006F
:1089940010B5044603685A0904D0012A13D14FF6CE
:1089A400FF7201E04FF0FF3203F01F0322FA03F3DA
:1089B40013F0010F09D023681F2B0CD903F01F03F8
:1089C4002360064810BD0022EEE705494FF4F67017
:1089D40007F0B4F9EFE74FF0A040F3E700030050CD
:1089E400FC6D030000B583B0019001A8FFF7D0FF30
:1089F400D0F81005019BD84000F0010003B05DF8E9
:108A040004FB00B583B0019001A8FFF7C1FF012367
:108A1400019A9340C0F80C3503B05DF804FB00B52F
:108A240083B0019001A8FFF7B3FF0123019A93409B
:108A3400C0F8083503B05DF804FB08B511B9FFF7B9
:108A4400E0FF08BDFFF7EBFFFBE770B582B00190D4
:108A54000C4616461D4601A8FFF79AFF44EA460451
:108A640044EA85049DF8183044EA03249DF81C3038
:108A740044EA0344019B03F5E07340F8234002B049
:108A840070BD00B583B0019001A8FFF781FF019B81
:108A940003F5E073022240F8232003B05DF804FBE1
:108AA40008B5054B1B7803B908BD04F007FC024B5D
:108AB40000221A70F8E700BF212B002008B5FFF749
:108AC40091FFC0B208BD08B5FFF7B7FF08BD0000AD
:108AD40000B5064B01EB410C03EB8C0E43F82C0064
:108AE400CEF804108EF808205DF804FBC041002085
:108AF40008B500EB4000034B53F8203098470020A2
:108B040008BD00BFC041002084B010B582B004ACE1
:108B140084E80F000446FFF7B4FF9DF820309DF869
:108B24002420019200939DF81C309DF818209DF894
:108B340014102046FFF789FF02B0BDE8104004B0CE
:108B4400704730B583B004460D4601920A4601468B
:108B54001846FFF7BDFF29462046FFF7C9FF024626
:108B640001A9204604F0ECFB0121204604F040FC5E
:108B740003B030BD00487047A44300206422427013
:108B840000228270014941600272704700C00140B6
:108B940008B50248FFF7F2FF08BD00BFA443002058
:108BA40030B58DB00546104C0DF1180CA646BEE844
:108BB4000F00ACE80F009EE803008CE803008DE88A
:108BC400030006AB0FCBFFF79FFF0DF10C0C04F174
:108BD400180393E807008CE8070000226146281D6B
:108BE40004F016FF0DB030BD68B9030008B5064B9C
:108BF4001B7803B108BDFFF7BDFFFFF7D1FF024BA0
:108C040001221A70F6E700BFA0430020F0B583B03C
:108C140007EE903A4B7806EE903AF8EE666A9FEDCE
:108C2400326A86EE867AF8EEE77A67EE877AFCEEA9
:108C3400E77ACDED017A9DF804509DF8203007EED7
:108C4400903AF8EEE77A67EE877AFCEEE77ACDEDB4
:108C5400017A9DF804409DF8243007EE903AF8EE2E
:108C6400E77A67EE877AFCEEE77ACDED017A9DF834
:108C740004E000210EE048F2070715E048F2070778
:108C840022E048F2070C10331844184B23F810C0A4
:108C94000131C9B2072925D80B4604FA01F010F0B6
:108CA400800FE8D048F20D0702EB420C4FEACC00EB
:108CB40003EBCC0C0D4E26F81C7005FA03F616F0E7
:108CC400800FDBD048F20D0703F1080C8444074EF3
:108CD40026F81C700EFA03FC1CF0800FD1D048F269
:108CE4000D0CD0E703B0F0BD0000C842B043002033
:108CF40010B582B0062B0BD8DFE803F0040C131A6E
:108D040021282F000023019300936423FFF77EFFA3
:108D140002B010BD0023019364240094FFF776FF92
:108D2400F6E76423019300230093FFF76FFFEFE757
:108D34000023019364230093FFF768FFE8E76423AB
:108D4400019300240094FFF761FFE1E7642301939A
:108D540000930023FFF75AFFDAE76423019300939B
:108D6400FFF754FFD4E7000030B585B00546002373
:108D740000930193029303930E4B00934823ADF8A1
:108D8400043003E00121204604F03EFF2C1D204660
:108D940004F014FF0028F5D001231A466946204642
:108DA40004F0B6FE4FF49650034B43F0010398478A
:108DB40005B030BDB043002060B9030008B50123FD
:108DC4008B70FFF7D1FF08BD70B582B005460E4623
:108DD40000240194009423462246FFF717FF0194D0
:108DE40000942346012231462846FFF70FFF0194E1
:108DF40000942346022231462846FFF707FF02B0BB
:108E040070BD10B5044600228A70FFF7DDFF2046CE
:108E1400FFF7AAFF10BD00B583B0002301930093B0
:108E2400FFF7F4FE03B05DF804FB10B504466423B9
:108E3400437049B1022300220146FFF759FF21463E
:108E44002046FFF7BBFF10BD00220146FFF7E3FFFA
:108E5400F5E710B504466423437049B103230022A7
:108E64000146FFF745FF21462046FFF7A7FF10BD47
:108E740000220146FFF7CFFFF5E710B5044664234F
:108E8400437049B1062300220146FFF731FF214612
:108E94002046FFF793FF10BD00220146FFF7BBFFFA
:108EA400F5E7000010B504466423437079B101234B
:108EB4001A460146FFF71CFF21462046FFF77EFFB6
:108EC4004FF4C850044B43F00103984710BD0122EE
:108ED4000146FFF7A0FFEFE760B9030008B5FFF70D
:108EE40057FE08BD08B500231A4600F12C011C30BA
:108EF40003F000FF00B908BD0120FCE784B070B4A2
:108F0400844604A880E80E000B9B43B1012B0CD1CE
:108F14000CF11C041D4B0FCB84E80F0005E01C4B27
:108F24000CF11C040FCB84E80F00079ECCF80C60F6
:108F3400049DCCF800509DF818308CF80830059C3E
:108F4400CCF804400998CCF81400089ACCF8102006
:108F54000A99CCF818108CF83960CCF834508CF895
:108F640038408CF82D008CF82E108CF82C208CF8BE
:108F74002F30FF238CF8313006238CF83030012356
:108F84008CF84032002070BC04B07047A4B90300D0
:108F940094B9030070B584B00546144600F59F7675
:108FA40030460DF079FAE4B205F13C0300960194E1
:108FB400029303940022694605F1200005F048FC61
:108FC40008B904B070BD0120FBE7000010B582B001
:108FD4008646684680E8060003C88EE80500CEF899
:108FE40008300EF1180C0E4C0FCCACE80F000FCC6F
:108FF400ACE80F0094E803008CE80300049BCEF86F
:1090040014309DF8053003330EF10C020EEBC3034C
:1090140093E8030082E80300704602B010BD00BF6D
:10902400B4B9030008B500212F20FFF74CFD08BD9B
:1090340008B501212F20FFF746FD08BD70470C201D
:109044007047000008B541F28733994234DC41F29D
:10905400883303FB01F05B1A90FBF3F007EE900AF0
:10906400F8EEE77A17EE900A0DF0B6F918A3D3E9F3
:1090740000230DF097F841EC100B0CF02FFD51EC90
:10908400100B0DF071F90F4B03FB00F00E4A82FB3D
:109094000031C317C3EBA11303F698530B4890FB9D
:1090A400F3F0A0F58520A0F2FE2082FB0032C01769
:1090B400C0EBA21000B208BD6FF48870FBE700BFDC
:1090C400AFF30080A68C0400D34D621090F0D73D1E
:1090D400000000000088B34070B50546FFF75CF956
:1090E400074E31460748FFF7FDF80AF07DF90446BC
:1090F400B6F9001041802846FFF7A4FFA08070BD98
:1091040040440020242B002008B5FFF7E5FF08BDEC
:109114000020704708B540F2DC520321FFF741FB01
:1091240008BD08B500220221FFF73BFB08BD08B5C6
:109134000A460121FFF735FB08BD08B50C2904D9FF
:109144004FF4C861FFF7F3FF08BD01EB810101EBA8
:109154008101890001F5C87189B2FFF7E8FFF3E7DF
:1091640008B564220021FFF71CFB08BD10B50446B6
:10917400FFF7D0FF2046FFF7D4FF4FF4C871204615
:10918400FFF7D5FF2046FFF7EBFF10BD08B5FFF74B
:10919400DBFA08BD30B583B00446FFF79BFA2025FF
:1091A4002A46002104F516700DF0A8F92A4600217C
:1091B40004F51E700DF0A2F90025A4F89852A4F845
:1091C4009A520C4A00942B4606CA04F52770FFF7FE
:1091D400FDFE094A00942B4606CA04F53770FFF7D2
:1091E400F5FE2046FFF7D2FF2046FFF7BFFF2046DB
:1091F40003B030BDECB90300E4B90300BFF34F8FF3
:109204000549CA6802F4E062044B1343CB60BFF320
:109214004F8F00BFFDE700BF00ED00E00400FA053A
:109224004FF08053D3F83031082B01D00020704721
:10923400012070474FF08053D3F83031082B01D010
:1092440000207047012070474FF08053D3F830213D
:10925400D3F83431082A01D000207047002B04D8F9
:10926400DFE803F0010001207047002070474FF051
:109274008053D3F83021D3F83431082A01D00020A8
:109284007047002B04D8DFE803F001000120704789
:10929400002070474FF08053D3F83021D3F8343195
:1092A400082A01D000207047002B04D8DFE803F01F
:1092B400010001207047002070474FF08053D3F81D
:1092C4003021D3F83431082A01D000207047002B14
:1092D40004D8DFE803F00100012070470020704744
:1092E4004FF08053D3F83031082B01D00020704761
:1092F400012070474FF08053D3F83021D3F8343134
:10930400082A01D000207047032B01D800207047A1
:109314000120704708B5FFF7EDFF38B14FF0102377
:10932400D3F808224FF08043C3F8582508BD000045
:10933400024BD3F80034002BFAD0704700E0014010
:1093440008B5034BC3F80405FFF7F2FF08BD00BFDF
:1093540000E00140014B024A1A607047282B0020AC
:109364000090D00338B5FFF75BFF40B14FF0804366
:109374000022C3F80C21C3F81021C3F83825FFF7E5
:1093840059FF002846D04FF08052D2F80414554BB0
:10939400C3F82015D2F80814C3F82415D2F80C1415
:1093A400C3F82815D2F81014C3F82C15D2F81414E5
:1093B400C3F83015D2F81814C3F83415D2F81C14B5
:1093C400C3F84015D2F82014C3F84415D2F8241475
:1093D400C3F84815D2F82814C3F84C15D2F82C1445
:1093E400C3F85015D2F83014C3F85415D2F8341415
:1093F400C3F86015D2F83814C3F86415D2F83C14D5
:10940400C3F86815D2F84014C3F86C15D2F8442494
:10941400C3F87025FFF718FF18B1334B334AC3F86C
:109424008C26FFF724FF18B1314BFB22C3F8182513
:10943400FFF730FF70B14FF08041D1F8E43E23F0E4
:109444000F034FF08052D2F8582202F00F02134358
:10945400C1F8E43EFFF731FF20B1264B4FF4007210
:10946400C3F84026FFF73CFF60B14FF08043D3F8C8
:10947400003413F0010F05D04FF080436FF0010268
:10948400C3F800241C4AD2F8883043F47003C2F8AD
:109494008830BFF34F8FBFF36F8FFFF73BFF4FF061
:1094A4001023D3F80032002B08DB4FF01023D3F83D
:1094B4000432002B02DBFFF74DFF38BD0120FFF71C
:1094C4003FFF4FF010241225C4F80052FFF730FF7D
:1094D400C4F80452FFF72CFF0020FFF731FFFFF719
:1094E4008DFE00BF00C000400050004048810300D2
:1094F40000F000400090024000ED00E048B300B5E9
:10950400864642B34FF0000C06E01EF80C0060449F
:1095140080B201301FFA80FC0CF10100884207DAA6
:1095240010886045F1D80EEB0C0040789842ECD1DD
:109534008C4512D20CF102039BB21EF80C0078B1D8
:10954400013880B250B103EB000C61450ADB138093
:1095540004E000207047002000E000205DF804FBD8
:109564000020FBE70020F9E770B582B00023ADF8D6
:109574000630DAB10446164609230DF10602FFF758
:10958400BDFF0546BDF806301C448BB198B130468A
:109594000CF06BFFA84201D000200AE02A462146C5
:1095A40030460CF03FFF40B1002002E0002000E014
:1095B400002002B070BD0020FBE70120F9E70000A5
:1095C40000230BB10020704703EB8302054931F8F7
:1095D4002220824201D00133F3E703EB830301EB42
:1095E400830070476844002030B5B0F804C002EB33
:1095F4000C04944594BFACEB0C0CACEB020CC2888D
:109604009D189A4294BF921AD21A4B88B0F800E07F
:1096140073450ED3408883420DD88B8863450CD3A1
:10962400A3420CD8CB8893420BD3AB420BD8012076
:1096340000E0002030BD0020FCE70020FAE7002015
:10964400F8E70020F6E70020F4E7000008B5024B35
:109654009B6903B1984708BD4C44002010B580882D
:10966400FFF7AEFF38B10446406805F0E7FA18B9D1
:109674004FF6FF73238010BDFFF7E8FFF8E7000003
:1096840000B583B002460B46497A69B9197A41B9E3
:109694000D494968586805F079FA88B1FFF7D6FF93
:1096A4000EE009498968F5E700211972064B5B69E8
:1096B40033B101218DF80410ADF8060001A89847D4
:1096C40003B05DF804FB00BF4C44002070B5C37BBD
:1096D4008688012B1DD104464FF6FF70FFF770FFFB
:1096E4000546B8B10680002303720F4B03CBC5F8BF
:1096F4000A00C5F80E104FF6FF7340F2F31204F19E
:10970400100105F10A00FFF76FFF6872074BDB8950
:1097140023B170BD0420FFF799FFFAE729463046CC
:10972400FFF7AEFFF5E700BF444400204C4400209F
:1097340070B5044686883046FFF742FF70B105468F
:109744004FF6FF7340F2F31204F108010A30FFF7F9
:109754004BFF687229463046FFF792FF70BD000048
:10976400C288124BDB899A4200D0704770B5044618
:10977400038A022B00D070BD85882846FFF720FF9E
:1097840006460028F7D004F1120000F0C9F920B110
:1097940031462846FFF774FFEDE7706805F04EFA8E
:1097A4000028E8D0FFF752FFE5E700BF4C44002053
:1097B40008B50388122B0FD006D8102B09D0112B13
:1097C40009D1FFF74BFF06E0502B04D1FFF7C8FF88
:1097D40001E0FFF77BFF08BDFFF7AAFFFBE70000EE
:1097E40008B50146014806F065FB08BD7C4400202D
:1097F400F0B583B00190B9B116460F46019D85B905
:10980400284603B0F0BD0134132CF9D8214601A831
:1098140006F050FB0028F6D03146A0B2B847013517
:10982400F1E700242546EFE70025E9E7132801D9ED
:109834000020704738B50446054D0146284606F019
:1098440012FB2146281F06F00EFB012038BD00BF85
:109854008444002038B50546002407E0054800EBA1
:1098640084002946043006F018FB01341D2CF5D978
:1098740038BD00BF7C44002008B50146014806F00D
:109884000CFB08BD8444002008B512B106F0EBFAC5
:1098940008BD06F002FBFBE730B583B00546019135
:1098A40000230360019B93B9284603B030BD013403
:1098B400132CF9D8214601A806F0FCFA0028F6D0AA
:1098C4002B685A1C2A6005EB43039C80EFE70024B5
:1098D400EEE7000010B598B0134A9368DB43179382
:1098E400516817A806F04EFB17996846FFF7D4FF96
:1098F4000DF1300C6C460FCCACE80F000FCCACE88B
:109904000F0094E807008CE80700002407E018AB78
:1099140003EB440333F82C0CFFF79CFF01340C9B3E
:10992400A342F4D818B010BD7C44002070B504469E
:1099340085880388103B0A2B1ED8DFE803F0061A3B
:109944001D1D1D1D1D1D1D3B1E00FFF7C3FF2846C9
:10995400FFF76CFF38B1E37B022B0DD129461B487E
:1099640006F081FA08E01A4AF021042005F078F89C
:1099740002E02846FFF780FF70BD027A1609154CF5
:109984003F2A94BF0022012229462046FFF77CFF8C
:10999400022E94BF002201222946201FFFF774FFE4
:1099A400012E94BF002201222946A4F10800FFF7EA
:1099B4006BFFE1E7037A002BDED1427AC2F3C002E7
:1099C40029460448FFF760FFD6E700BF884400201B
:1099D4004C6E030094440020132801D900207047E2
:1099E40008B50146014806F065FA08BD8044002028
:1099F40010B50446FFF7F0FF08B9002010BD21465A
:109A0400034806F057FA08B90120F7E70220F5E702
:109A14008844002010B50446FFF7DEFF08B9002093
:109A240010BD2146034806F045FA08B90120F7E7BE
:109A34000220F5E78444002010B50446FFF7CCFF6C
:109A440000B910BD2146024806F034FAF9E700BF18
:109A54008C44002010B50446FFF7BEFF00B910BDCA
:109A64002146024806F026FAF9E700BF9044002098
:109A740010B50446FFF7B0FF00B910BD21460248F7
:109A840006F018FAF9E700BF9444002038B50546FB
:109A94000C460846FFF7A4FE08B9002038BD284646
:109AA400FFF79AFF0028F8D00634044800EB84003E
:109AB4002946043006F0FEF9F0E700BF7C4400209C
:109AC40070B506460C4615460846FFF789FE00B9F0
:109AD40070BD3046FFF780FF0028F9D006340448F3
:109AE40000EB84002A4631460430FFF7CDFEEFE751
:109AF4007C44002070B504460E461546FFF770FE00
:109B040008B9002070BDA01D044B03EB8003586806
:109B14002A463146FFF76CFEF4E700BF7C44002080
:109B2400007800F001007047A0DF7047A1DF7047A4
:109B3400ADDF7047B3DF7047B4DF70478379012B23
:109B440001D0002070470379012B01D00020704719
:109B5400428842F602139A4201D000207047012045
:109B6400704738B50446408800F050FEA0800025B8
:109B740005B138BD204601F01DFF0135F8E700B5F9
:109B840087B000230193029303930493059308235E
:109B94008DF80430ADF80600039101A8FFF7E1FF4A
:109BA40007B05DF804FB000070B586B00023019394
:109BB4000293039304930593ADF806004FF6FF73E5
:109BC40098422ED0044600F0CFFC054611283FD021
:109BD40015D8D0B10B2826D110238DF804301D4898
:109BE4001D4BC01AC008000422461C4940F0020064
:109BF40007F0D0FC01A8FFF7B4FF00220CE043F209
:109C0400020398420FD1002206E00F238DF804309E
:109C140001A8FFF7A6FF0022114B19782046FFF791
:109C24004FFF06B070BD0B4E0B4BF61AF608360408
:109C3400284607F0D1F8024623460A4946F00100B7
:109C440007F0B2FC29462046FFF799FF0022E3E71C
:109C54000122E1E7C066030018660300E86E030012
:109C6400FD440020686F030008B5FFF79DFF08BDA1
:109C740010B5044600F0DAFC00B910BD0122034B14
:109C840019782046FFF71CFFF7E700BFFC440020CB
:109C940010B582B0044600F0B9FD00236A460921DC
:109CA40001F0CAF9052801D002B010BD0122034B0E
:109CB40019782046FFF704FFF6E700BFFA440020B6
:109CC40008B500220649074B1878FFF713FF00B1C7
:109CD40008BD00220449054B1878FFF70BFFF7E78E
:109CE4000D9F0200FE440020259D0200FA4400203E
:109CF40008B500220249034B1878FFF7FBFE08BDA4
:109D040025A00200FC44002008B500220249034BB0
:109D14001878FFF7EFFE08BD6D9C0200FD4400209B
:109D240010B582B004460023019342F6A623ADF891
:109D3400043001238DF80630084B1B6800936A46F3
:109D440001A9FFF7F1FE08B102B010BD0122044BD6
:109D540019782046FFF7B4FEF6E700BFFCB903000C
:109D6400F944002010B5044638B12368012B09D109
:109D7400BFF35F8F0023236010BD0549922005F0D7
:109D8400DDFFF2E70249932005F0D8FFF0E700BFBA
:109D9400BC6F0300F0B585B006460F460DF10E000A
:109DA400FFF7C8FE10B9012400250DE01A494FF44D
:109DB400997005F0C3FFF6E7BDF8002042F60213E0
:109DC4009A421DD00134A4B2BDF80E30A3421FD96B
:109DD4000223ADF804300022ADF80620CDF808D0F7
:109DE40069462046FFF7A8FE034690B9002DE3D14B
:109DF400BDF8002042F605239A42E3D10125E1E7AC
:109E0400029701AA21463046FFF792FE034600E07E
:109E14000523184605B0F0BD1470030010B50446C0
:109E240048B10121204606F082F8BFF35F8FB0FAF3
:109E340080F0400910BD0249852005F07FFFF0E75E
:109E4400BC6F030070B586B0054600F0EDFA11282A
:109E540047D0044619D8002846D00B2847D0254EB1
:109E6400254BF61AF6083604204606F0B5FF0246DE
:109E74002B46224946F0010007F096FB214628466E
:109E8400FFF77DFE0024224623E0862806D043F215
:109E940002039842E3D1002422461AE000260196E8
:109EA400029603960496059607238DF80430ADF8C0
:109EB40006501048104BC01AC00800042A46104926
:109EC40040F0020007F066FB01A8FFF74AFE3446A3
:109ED40032460C4909782846FFF7F2FD204606B0C1
:109EE40070BD00240122F4E701240022F1E70024DC
:109EF4002246EEE7C066030018660300F070030014
:109F0400B8700300FE44002010B504460648FFF76D
:109F140085FF00B910BD2046FFF794FF0028F9D152
:109F24000148FFF71FFFF5E70045002070B586B034
:109F3400044600F08FFB054611280CD8112848D898
:109F4400DFE800F017474747474733472847474765
:109F540047474747475D43F20203984252D043F2D2
:109F64000143984235D12046FFF71EFE0025012209
:109F740022E0002301930293039304930593112396
:109F84008DF80430ADF8064001A8FFF7EAFD01257D
:109F94002A4611E001A92046FFF7FCFE28B9BDF8C6
:109FA400043013B10025012206E0204600F02EFC07
:109FB40000F082FB00252A46144B19782046FFF74F
:109FC4007FFD2A46124B19782046FFF779FD06B02B
:109FD40070BD104E104BF61AF6083604284606F0EB
:109FE400FBFE024623460D4946F0010007F0DCFA69
:109FF40029462046FFF7C3FD00250122DCE70025A2
:10A004000122D9E700250122D6E700BFFC44002045
:10A01400FB440020C066030018660300307103008F
:10A0240010B50446044B1978FFF730FD00B110BD9C
:10A034002046FFF77BFFFAE7FB440020037803B1D7
:10A04400704710B504464088FFF7AEFD6088FFF7FF
:10A054000FFE6088FFF71CFEFFF732FE10BD000004
:10A0640010B582B00378092B03D0FFF729FE02B0A4
:10A0740010BD0446437A002BF7D1037A072B1DD079
:10A08400082B2CD0012BF0D16A460121808801F0E5
:10A094009DFA0028E9D1019B1B78002BE5D0A0880C
:10A0A40000F0E8FB4FF6FF739842DED00122104B1C
:10A0B4001978FFF705FDFFF71BFED6E7808800F04F
:10A0C400D9FB04464FF6FF739842CED00122094BC8
:10A0D4001978FFF7F5FC2046FFF7DAFDC5E7064BD4
:10A0E4001B68012BC1D10448FFF73CFEBDE700BF4C
:10A0F400FC440020FE4400200045002030B583B01D
:10A1040004460D460022009201920123ADF800306E
:10A1140009238DF80230104B1978FFF7D1FC5DB19B
:10A124000E4B0193204600F071FB0022694600F0BB
:10A13400F5FF18B903B030BD094BF2E7094C0A4AE0
:10A14400A41AE408240406F047FE0246074944F032
:10A15400020007F01FFAEDE7FA440020F8B9030003
:10A16400F4B90300C06603001866030070710300AD
:10A1740030B587B0044685880388353B1F2B14D837
:10A18400DFE803F049941313131313131313131376
:10A194001313131313131313131313131313133B63
:10A1A400131013192846FFF7FFFCFFF7ADFDFFF767
:10A1B4009FFD07B030BD00240194029403940494DD
:10A1C400059412238DF80430ADF80650284600F0AB
:10A1D4001DFBADF8080000F06FFA22464D4B1978CC
:10A1E4002846FFF76DFC22464B4B19782846FFF7AB
:10A1F40067FC01A8FFF7B5FCD7E70630FFF79EFC24
:10A204000028D2D00122454B19782846FFF758FC84
:10A21400FFF756FDC9E7424B19782846FFF736FC8D
:10A224000028C2D000223E4B19782846FFF748FC8C
:10A23400E288B2F5857F10D0A2B96289012A1CD1C7
:10A24400A289012A24D03748374BC01AC008000419
:10A25400364940F0020007F09DF900212846FFF737
:10A264004DFFA2E72F48304BC01AC0080004304904
:10A2740040F0020007F08EF9EFE72A482A4BC01A93
:10A28400C00800042B4940F0020007F083F9D7E727
:10A294000022E1892846FFF749FC0028DDD101228C
:10A2A400254B19782846FFF70BFC7EE7224B1978DB
:10A2B4002846FFF7EBFB00283FF477AF00221E4B44
:10A2C40019782846FFF7FCFBE28852B9E289012A93
:10A2D40013D1217C003918BF01212846FFF70EFF56
:10A2E40063E71048104BC01AC0080004104940F03E
:10A2F400020007F04FF90021EFE70A480A4BC01AA1
:10A30400C0080004094940F0020007F043F90021A5
:10A31400E3E700BFFB440020FC440020FE4400208F
:10A32400F9440020C0660300186603004872030065
:10A33400D07103000C720300F8440020AFDF7047B3
:10A34400B1DF7047B2DF7047B3DF704738B50446FA
:10A35400808800F08FFA6080002505B138BD204662
:10A3640001F02CFB0135F8E730B589B0224B93E8B6
:10A37400030008AB03E903000BE007238DF8043066
:10A3840001A8FFF7E3FF35E01C4C208800F045FFEF
:10A3940020801A4B18884FF6FF7398422AD0002267
:10A3A40006A900F0BBFE04460028EDD0002301936B
:10A3B4000293039304930593104B1B88ADF8083064
:10A3C400112817D08628D8D00D4D0E4BED1AED0864
:10A3D4002D0406F001FD0246084B1B880A4945F08E
:10A3E400010007F0E1F808238DF80430039401A874
:10A3F400FFF7ACFF09B030BD08BA030006450020E2
:10A40400C8660300186603009872030008B5054B7C
:10A414001A884FF6FF739A4200D108BDFFF7A4FFD4
:10A42400FBE700BF064500202DE9F04784B08246D3
:10A4340000F0ECF94FF6FF73984200F0878007466E
:10A44400012449E002AA0821384601F0BFF888B97E
:10A45400B8F8042003998B889A420DD10631284616
:10A464000BF0E0FF40B90821384601F025F9D8B9CE
:10A474000B2607E0052807D13A460821384601F0A3
:10A4840073F90646002525E0334C344AA41AE4083F
:10A49400240406F0A1FC02465346314944F001006D
:10A4A40007F082F8032653E02B4D2C4AAD1AED0831
:10A4B4002D0406F091FC03463A462A4945F0010072
:10A4C40007F072F80326DDE701250821384601F07C
:10A4D400F3F818BB002D3BD022460134A4B26B46DE
:10A4E4000821384601F078F8814638BBDDF804804D
:10A4F4000323454645F8063B08F104022946504625
:10A50400FFF720FF064600289CD00C28DCD0052845
:10A5140001D00025D9E74E460025D6E70E4E0F4A56
:10A52400B61AF608360406F057FC03463A460D49B7
:10A5340046F0010007F038F80326CBE7072802D1DC
:10A5440000250C26C6E706460025C3E743F20206AB
:10A55400304604B0BDE8F087C866030018660300FF
:10A56400F0720300287303002DE9F04182B0054620
:10A5740000F04CF94FF6FF73984205D103240026EE
:10A5840037464FF0010825E06A46082101F01EF81D
:10A5940020B9019B9F1D9E881C68F2E703240026B6
:10A5A4003746EEE726B14FF00008032446460FE095
:10A5B4001B481C4BC01AC00800042A461A4940F024
:10A5C400010006F0E7FF4FF00008032000E011202F
:10A5D4000B281CD12346324639462846FFF7B0FEE5
:10A5E4000428F4D008280CD00B28F1D114F0020F61
:10A5F40009D1002FD6D04FF0000803244646474621
:10A60400E6E70020E4E74FF000080124E0E7B8F1B2
:10A61400000F02D002B0BDE8F0810B20FAE700BFC2
:10A62400C866030018660300A873030000B585B06C
:10A634000DF10F03029300F0E9F801AA012100F0E3
:10A64400C5FF20B9029B187805B05DF804FB002013
:10A65400FAE7000010B504461348FFF775FE90B101
:10A66400124C134AA41AE408240406F0B5FB02466B
:10A67400104944F0010006F08DFF032010BD43F2A1
:10A6840003039842FAD14FF6FF72074B198820460C
:10A69400FFF754FE43F203039842F0D1024A1388B1
:10A6A40001331380EBE700BF04450020C8660300B4
:10A6B400186603002074030000B583B084466B461B
:10A6C400064A92E8030083E8030000221946604624
:10A6D40000F024FD03B05DF804FB00BF10BA0300D2
:10A6E40046DF704738B50546002405E0044B53F8AF
:10A6F4002430284698470134012CF7D938BD00BFCF
:10A7040018BA030000230F2B03D8C25C1AB9013313
:10A71400F9E7002070470120704778B181B108B58E
:10A7240003780A785340012B0CD8062201310130FA
:10A734000BF078FEB0FA80F0400908BD00207047A5
:10A74400002070470020F8E72DE9F04104460D464B
:10A7540000F1110701F111081022013101300BF051
:10A7640061FE50B90646601CFFF7CCFF30B1681C8F
:10A77400FFF7C8FF10B1012600E0002606F001062D
:10A7840041463846FFF7C9FF637C03F0FE03042B00
:10A794000CD0062B11D06B7C03F0FE03042B0ED0DF
:10A7A400062B01D0012302E0002300E0002300B1C6
:10A7B4003BB946B153B1002006E00023F7E700237C
:10A7C400F5E7012000E00020BDE8F0810120FBE76F
:10A7D40070B584B006460D4600F06AFC01AA0DF17E
:10A7E4000E01072000F06CFC50B1BDF80E40AC42E5
:10A7F400F4D002993046FFF7A7FF0028EED001E01D
:10A804004FF6FF74204604B070BD000013280DD825
:10A8140010B50446FFF7E0F828B104EB8404054BB7
:10A8240033F8140010BD4FF6FF70FBE74FF6FF70CE
:10A83400704700BF08450020132816D838B50446D1
:10A844000D46FFF7C9F868B104EB8404084B03EB29
:10A854004403D3F802202A60DA881B7AAA80AB71F9
:10A86400002038BD43F20200FBE743F202007047C8
:10A874000845002038B505464FF6FF73984216D0B8
:10A88400002401E00134A4B2132C0CD804EB84039B
:10A89400084A32F81330AB42F4D12046FFF79CF853
:10A8A4000028EFD001E04FF6FF74204638BD04467F
:10A8B400FBE700BF08450020038843B9072B04D8F1
:10A8C400C21892782AB90133F8E7002070470120B2
:10A8D40070470120704738B504460D46FFF7ECFF7A
:10A8E40068B122882B889A4208D10822A91CA01C8E
:10A8F4000BF098FDB0FA80F0400900E0002038BD6C
:10A9040030B585B0054600F0D3FB01AA0DF10E0168
:10A91400072000F0D5FB88B1029C04F146012846CB
:10A92400FFF7D9FF30B904F12A012846FFF7D3FF16
:10A934000028EAD0BDF80E0005B030BD4FF6FF7018
:10A94400FAE70000132804D800EB8000014B23F839
:10A95400101070470845002038B50546FFF78AFFF8
:10A964000446284600F0B2FE40B9132C06D804EB86
:10A974008404034B4FF6FF7223F8142038BD00BF44
:10A984000845002010B58CB0144600230AE0C3F13A
:10A994000F0C10F80CE003F130020DEB020C0CF874
:10A9A40030EC01330F2BF2D9002304930593069363
:10A9B4008DF81C3007E0C3F10F02C85C30326A44E2
:10A9C40002F8200C0133022BF5D96846FFF788FE04
:10A9D400002307E0C3F10F0230326A4412F8102C4E
:10A9E400E2540133022BF5D90CB010BD03460278B2
:10A9F40002F0FE02042A01D00020704700B585B0A1
:10AA04000846B3F80110DA78ADF80C108DF80E2072
:10AA14009A889B79ADF804208DF8063002AA01A922
:10AA2400FFF7B0FF032202A903A80BF0FBFCB0FA66
:10AA340080F0400905B05DF804FB00000388102B8A
:10AA440072D100B593B00DF11C0E00F1040CBCE8FA
:10AA54000F00AEE80F00BCE80F00AEE80F009CE862
:10AA640007008EE807009DF8203003F0FE03062B54
:10AA74001BD14FF6FF71BDF81C202C4B02EB82005A
:10AA840023F8101003EB40030898C3F80200BDF844
:10AA940024C09DF82600A3F806C018724FF6FF7371
:10AAA400994236D113B05DF804FB00F001FB9DF828
:10AAB40020305A08032B15D9022A10D102AA0DF10D
:10AAC4000601072000F0FCFA00B30399013108A83D
:10AAD400FFF78CFF0028F1D0BDF80610CBE74FF646
:10AAE400FF71C8E702AA0DF10601072000F0E8FA99
:10AAF40048B10399113108A8FFF70FFE0028F1D0DF
:10AB0400BDF80610B7E74FF6FF71B4E74FF6FF71D3
:10AB1400B1E7ADF80A20ADF80C1000238DF8083029
:10AB240002A8FFF7DFFDBDE7704700BF084500201E
:10AB34008ADF70478BDF70478CDF704790F82E30C8
:10AB440043F0040380F82E30A02303865023438669
:10AB54000022828690F82E3062F3C40380F82E30EF
:10AB6400012380F82F3070474FF4C87343850623C0
:10AB740083841823C38400230385704700B587B0FA
:10AB840000230193029303930493059306238DF802
:10AB940004300B1D02930B88ADF80C3000F12E032A
:10ABA4000593C36B0BB101A8984707B05DF804FB8C
:10ABB40030B587B000230193029303930493059364
:10ABC4000B79012B01D007B030BD05460C460C486B
:10ABD4000C4BC01AC00800040B4940F0040006F0F6
:10ABE400D3FCEB6B002BEED004228DF804202E3521
:10ABF400059522798DF8082001A89847E3E700BF5E
:10AC04007866030018660300A07403002DE9F04180
:10AC140005460E4691F82070B0F81C80002401E02F
:10AC24000134E4B2BC4209D206EB44124146A8699D
:10AC3400FEF79AFC03460028F2D000E000231846F1
:10AC4400BDE8F08190F82E3003F01803082B03D0F0
:10AC5400182B03D000207047012070470120704753
:10AC640008B5FFF767FF08BD2DE9F04186B090F8FD
:10AC74002C8090F8233013B906B0BDE8F081044667
:10AC84008D1C00F12E0600F12407FFF7E9FF0023D5
:10AC94000193029303930493059343463A46314642
:10ACA4002846FFF749FF06460D4D0E4BED1AED08F9
:10ACB4002D0445F004050C49284606F065FC0523DF
:10ACC4008DF80430029632460849284606F062FCA4
:10ACD400002ED1D0E36B002BCED001A89847CBE750
:10ACE4007866030018660300B8740300C474030094
:10ACF40070B586B004460D46002301930293039376
:10AD04000493059300F12E030593FFF79BFFC8B945
:10AD140094F8226094F821302BBB0022114602954E
:10AD2400002E3AD0914230D003238DF80430E36BE7
:10AD34000BB101A8984704F160010020FFF7F8FE69
:10AD440006B070BD02238DF804300295E36B01A8B0
:10AD5400984704F160010020FFF7EAFE29462046E7
:10AD6400FFF782FFECE721462846FFF74FFF034633
:10AD740040B19DF80C2042F001028DF80C20012214
:10AD84001146CCE700220121C9E700238DF80430E5
:10AD940029462046FFF768FFC9E7002BC4D00023EB
:10ADA4008DF8043029462046FFF75EFFBFE70028F0
:10ADB4003CD038B50D460446C263232200210BF073
:10ADC4009DFB4DB32B7984F823302B7B84F82C30F6
:10ADD4002B68CBB1186859689A68C4F82E00C4F877
:10ADE4003210C4F836209B896387AA6882B104F1C3
:10ADF40024031068516803C304F1400323661F232E
:10AE0400A4F86430002038BD2046FFF797FEECE735
:10AE14002046FFF7A9FEEFE72046FFF78FFE204606
:10AE2400FFF7A2FE002384F82330E5E70E207047E5
:10AE340010B586B0002837D004460023019302934E
:10AE4400039304930593FFF70BFF2046FFF7FAFEE5
:10AE540030B1E36B23B101228DF8042001A8984797
:10AE640004F1600104F12E00FFF762FE0446082895
:10AE740000D068B90D480E4BC01AC00800040D4933
:10AE840040F0040006F080FB0024204606B010BD0C
:10AE94000648074BC01AC00800042246064940F081
:10AEA400010006F077FBF0E70E24EEE77866030076
:10AEB4001866030000750300DC74030008B503463C
:10AEC400084603F10802194631F8043B1B2B0AD04B
:10AED4001D2B04D0102B05D1FFF750FE02E01146C4
:10AEE400FFF706FF08BDFFF763FEFBE7A0F5804010
:10AEF40080B2704700F5804080B27047A0F5804072
:10AF040080B270470138082806D8DFE800F007054A
:10AF1400050707070707070000207047012070474F
:10AF240038B505464FF6FF734380002404B138BD9D
:10AF3400284600F017FB0134F8E700B587B000237A
:10AF44000193029303930493059308238DF804302B
:10AF5400ADF80800039101A8FFF7E2FF07B05DF820
:10AF640004FB000030B587B00023234A137001931B
:10AF740002934FF6FF7000F0B3FC044606E020464F
:10AF840000F056FC204600F0ABFC04464FF6FF737D
:10AF94009C420AD02046FFF7A9FF01AA03A904F0A6
:10AFA400E1FD48F209639842E9D04FF6FF739C42F1
:10AFB40001D107B030BD2046FFF798FF04F090FDA3
:10AFC400054648F20763984212D00028F1D00B4896
:10AFD4000B4BC01AC008000423462A46094940F016
:10AFE400010006F0E1FA29462046FFF7A6FFE0E754
:10AFF400014B01221A70DCE7D8450020E866030003
:10B00400186603001875030070B582B00E46154625
:10B01400002300930193FFF769FF04463046FFF7CE
:10B024006DFF01466B462A46204604F07FFD08B9B1
:10B0340002B070BD0520FBE7F0B587B0FF282DD81E
:10B0440005460C4617461E460846FFF75BFF38B315
:10B0540003AA21462846FFF7D7FF28BB01A903A866
:10B0640004F0D2FC054608BBBC70019B5B883B80A6
:10B0740076B19C003368A34228BF23461E461A4675
:10B08400029978680BF008FAB44203D90C2508E059
:10B09400029B7B6003A804F0E3FC02E0072500E0C8
:10B0A4000725284607B0F0BD0525FAE70525F8E78A
:10B0B400024B00221A605A60704700BFD04500203E
:10B0C400F0B587B007460E461446FFF71BFF18B9C4
:10B0D4000125284607B0F0BD05463846FFF70EFFA8
:10B0E4000D4A03A904F030FD08B10025F1E701A9D8
:10B0F40003A804F089FC08B10025EAE7A770019BC6
:10B104005A882280029A62609888FFF7F3FE3080A2
:10B1140003A804F0A5FCDCE7D0450020F0B587B017
:10B12400FF2856D806460C4617468D782846FFF762
:10B13400E9FE00284FD03046FFF7D8FEADF80C00EA
:10B144002846FFF7DBFEADF80E00636804932388FE
:10B1540005936A46A1783046FFF756FF05281AD0B2
:10B1640003A9684604F0B2FC0446E4B148F20D6356
:10B174009C4220D848F202639C421CD3A4F50643A7
:10B18400023B0B2B17D8DFE803F0141616162A0C13
:10B1940016161616160C03A9684604F091FC04460C
:10B1A400E3E7112418E0BFB13946684604F0E8FC2F
:10B1B40012E0102410E00B480B4BC01AC008000426
:10B1C40033462246094940F0010006F0EDF9032414
:10B1D40002E0072400E00724204607B0F0BD8624DF
:10B1E400FAE700BFE866030018660300647503000D
:10B1F40008B54FF6FF7000F001FB08BDFF2806D824
:10B2040008B500F003FBFFF7ADFE002008BD0720E2
:10B21400704708B500F01AFB08BD08B500F048FBFC
:10B2240008BD08B500F05CFB08BD4FF6FF73038052
:10B234008370FF234372837A23F002038372DBB2A9
:10B2440023F00103837200230372436070470000FC
:10B254000B68032B14D810B403EB4302094C34F8E5
:10B264002220824204D00133032BF5D9002004E0CC
:10B274000B6003EB430304EB83005DF8044B70475E
:10B2840000207047DC45002030B583B005460C46ED
:10B294000023019301A9FFF7DBFF06E0019B0133C3
:10B2A400019301A92846FFF7D3FF48B18378A3424D
:10B2B400F4D1837A13F0030FF0D14368002BEDD15E
:10B2C40003B030BD0023032B0DDC03EB4301074A1D
:10B2D40002EB81025268824201D00133F3E7034852
:10B2E40000EB810070470020704700BFDC45002060
:10B2F40008B5FF214FF6FF70FFF7C6FF08BD58B130
:10B3040070B50D4614460646FFF7F2FF306010B1E3
:10B31400058033689C7070BD7047000038B50546E1
:10B32400002405E0044B53F82430284698470134A0
:10B33400032CF7D938BD00BF20BA030003EB830305
:10B344001B019BB2817042609B080380704708B563
:10B354009BB2FFF7F3FF08BD8378013B072B13D89B
:10B36400DFE803F007121212120A040D14230380FB
:10B3740070470123038070470123038070474368AB
:10B384009B8809339B0803807047000038B5054645
:10B39400002406E0697A2144C9B2054800F093FC10
:10B3A40001342B7AA342F5D82846FFF73EFF38BD77
:10B3B4000C46002030B583B004460023009301936B
:10B3C40083788DF80230417A2D4800F068FC20B370
:10B3D4000246237AA1786846FFF7B9FF6846FFF76B
:10B3E400BBFF224632F8040B6946FFF797FE11288B
:10B3F40038D01FD860B3072832D0224D224BED1A23
:10B40400ED082D0405F0E8FC024623881F4945F0A9
:10B41400010006F0C9F8032022E01A481A4BC01AAA
:10B42400C0080004627A1A4940F0010006F0B2F83C
:10B43400032015E08628E0D1A37A23F00203A37247
:10B44400DBB243F00103A372124B01221A7007E02E
:10B45400A37A23F00203A372DBB223F00103A372E5
:10B4640003B030BDA37A43F00203A372DBB223F02E
:10B474000103A372074B01221A700020F0E700BFFA
:10B484000C460020E06603001866030010760300F3
:10B49400D0750300D945002030B587B00446FFF7C6
:10B4A40089FF10B9012007B030BD4FF6FF72ADF827
:10B4B40006202288ADF80820862807D107238DF8B6
:10B4C400043001A8FFF72AFF0020ECE708228DF8DA
:10B4D40004200390074D084AAD1AED082D0405F029
:10B4E4007BFC02462388054945F0010006F05CF820
:10B4F400E7E700BFE0660300186603004076030038
:10B5040038B5164B1B783BB305460024134B1C700F
:10B514000DE0124B01221A7001B93DB104EB440055
:10B524000F4B03EB8000FFF7B7FFA8B10134032CE6
:10B5340012D804EB44020A4B03EB82039B7AC3F355
:10B54400400113F0020FE4D1054B03EB82039B7A15
:10B5540013F0010FEAD0DCE738BD00BFD945002065
:10B56400DC45002038B50446C068FFF7ABFE2378FD
:10B574000A2B0AD0142B15D0092B1BD1637ADBB903
:10B58400E0B1FFF703FF00250DE0637AC3B9C8B14A
:10B5940000254560837A43F0020383720A4B01223B
:10B5A4001A7003E001252046FFF7B8FE2846FFF78E
:10B5B400A7FF38BD0025F6E70025F4E70025F2E7EC
:10B5C4000025F0E70025EEE7D945002008B5002363
:10B5D400FFF732FD08BD0000002B59D0F0B583B051
:10B5E40006460C4615461F46CB1FDBB2012B51D82D
:10B5F400531E032B51D8FFF747FE0190D0B1037AB5
:10B60400AB424CD1019E737AFF2B1DD00026019BC7
:10B614001D72597A244800F042FB024618B3ABB2BB
:10B6240021463846FFF78AFE002E3AD0082C28D04F
:10B63400002030E02246314601A8FFF760FE019B5E
:10B64400002BDFD1112026E02946174800F050FBDB
:10B6540070720198437AFF2B01D00126D7E7FFF7D8
:10B66400E4FD112017E01148114BC01AC008000472
:10B67400019B5A7A0F4940F0010005F08BFF03202B
:10B6840009E03B887A689B00063B9380002002E037
:10B694000E207047072003B0F0BD0720FBE70F2002
:10B6A400F9E70020F7E700BF0C460020E06603003E
:10B6B40018660300A076030008B5FFF7E5FD18B18E
:10B6C400FFF764FE002008BD0520FCE770B584B0D8
:10B6D40005460023039303A9FFF7BAFD044607E0D8
:10B6E400039B0133039303A92846FFF7B1FD0446E6
:10B6F400D4B1A1782846FFF7DFFF0028F0D0052851
:10B70400EED0154E154AB61AF608360405F064FB59
:10B714000246A37800932B46114946F0010005F038
:10B724004EFF032004B070BD2846FFF767FD0028D4
:10B73400F8D00728F6D0084C084BE41AE40824048F
:10B7440005F04AFB03462A46064944F0010005F089
:10B754002BFF0320E6E700BFE06603001866030042
:10B76400147703006C770300CB1FDBB2012B11D8D5
:10B7740070B506460C4615461046FFF74AFD58B10B
:10B7840021463046FFF780FD40B105808470FFF705
:10B7940011FE70BD072070470720FAE70520F8E77F
:10B7A40010B5044608464FF6FF739C4204D0FF2CA4
:10B7B4000CD94FF6FF7010BD4FF4807104F083FB79
:10B7C40080B2B0F5807FF6D12046F4E7214604F03C
:10B7D40056FB80F0010010F0FF0F01D02046EAE78D
:10B7E4004FF6FF70E7E708B50346FF2800D908BD08
:10B7F4000846194604F051FBF9E7000008B5024970
:10B80400FFF7CEFF08BD00BF1C4600204FF6FF73B4
:10B81400984209D010B504460449FFF7C1FF844299
:10B8240014BF0020012010BD002070473C460020BA
:10B8340038B50446044D2946FFF7D5FF05F120012C
:10B844002046FFF7D0FF38BD1C460020FF2801D951
:10B854000020704708B50146014804F02BFB08BDE1
:10B864001C460020FF2801D90020704708B5014676
:10B87400014804F01FFB08BD3C46002038B50D46C6
:10B884004FF6FF73984202D0441CA4B203E0002494
:10B8940001E00134A4B2FF2C06D82146284604F066
:10B8A40009FB0028F5D001E04FF6FF74204638BDAF
:10B8B40010B50A49FFF7E2FF044604E007492046B1
:10B8C400FFF7DCFF04464FF6FF739C4204D020468A
:10B8D400FFF7C8FF0028F1D1204610BD1C46002008
:10B8E40008B50249FFF7CAFF08BD00BF3C46002067
:10B8F40038B50546002405E0054B53F824302846A6
:10B9040098470134034B1B78A342F5DC38BD00BFD4
:10B91400604600205C46002010B586B08488038809
:10B92400102B06D0144B19782046FEF7AFF806B05A
:10B9340010BD00238DF80330019302930393049305
:10B94400059301238DF804304FF6FF73ADF80830EA
:10B95400ADF80640083003900DF10303049301A8E9
:10B96400FFF7C6FF9DF80320034B19782046FEF726
:10B97400A7F89DF80300DAE72C2B0020094B1B786D
:10B9840003B9704710B50446FFF7C6FF00B110BDF8
:10B994002046FFF753F8204601F032F82046FEF720
:10B9A400E7FBF4E77A46002018B108B5FFF7A0FFDB
:10B9B40008BD704708B5FFF79BFF08BD08B5FFF742
:10B9C40097FF08BD08B5FFF793FF08BD2DE9F04FB9
:10B9D40087B00193364B1B78002B63D083468A468D
:10B9E40091464FF6FF70FFF718FC044600230593B9
:10B9F400042204920293039305AB039304AB02AABB
:10BA04000621FFF719FB072850D04FF6FF77B846F9
:10BA14004FF0FF35002611E0059BB34201D3A04649
:10BA24001E46AB4201D227461D462046FFF7F5FBD2
:10BA3400044604AB02AA0621FFF7FEFA0028EBD065
:10BA44000528F2D04FF6FF739C421BD1984517D0BE
:10BA54009F4213D00020BBF1000F01D0ABF800804F
:10BA6400BAF1000F01D0CAF80060B9F1000F01D09B
:10BA7400A9F80070019BB3B11D6014E00520EAE74A
:10BA84000520E8E70B4D0C4BED1AED082D0405F0ED
:10BA9400A3F902462346094945F0010005F084FD57
:10BAA400032000E0082007B0BDE8F08F0520FAE786
:10BAB4007A460020B866030018660300D4770300B2
:10BAC40008B500231A460C490C48FFF77FFF0528E8
:10BAD40004D068B1052809D000220AE0074B4FF6CC
:10BAE400FF721A80044B00221A60F2E7012200E080
:10BAF4000122034B1A7008BD704600206C460020DA
:10BB04007946002030B587B004468088FEF7B2FE3F
:10BB140060802378093B032B00F28280DFE803F086
:10BB24000232457D637AE3B94D4B1B6813B1E26879
:10BB340093420ED04B4B1B78002B71D0A2884A4BFA
:10BB44001B889A426CD1237A062B69D1FFF7B8FF80
:10BB540066E00023424A1360A188434A1180E360EF
:10BB64005EE0012B5CD13F4B1B78002B58D0A288A0
:10BB74003D4B1B889A4253D1237A062B50D1FFF7B1
:10BB84009FFF4DE0637A002B4AD1354B1B68002B95
:10BB940046D0E268934243D10022314B1A603349C4
:10BBA4000B68013B0B60E2603AE0314B1D7855B9FC
:10BBB40001252C4B1B7823B1A2882B4B1B889A425E
:10BBC40028D085B32CE04FF6FF70FFF726FB4FF625
:10BBD400FF739842EDD11846FFF723FB4FF6FF732E
:10BBE4009842E6D10025224B1D70019502950395DC
:10BBF400049505950D238DF804304FF6FF73ADF8C9
:10BC04000830ADF806302046FFF772FE01A8FFF7B2
:10BC14006FFECEE7FFF754FFD3E7154B1B7823B92C
:10BC24002046FFF765FE07B030BD0023104A1370AD
:10BC3400019302930393049305930E238DF8043028
:10BC44004FF6FF73ADF80830ADF80630A3680393E0
:10BC54002046FFF74DFE01A8FFF74AFEE3E700BFC9
:10BC640074460020794600206C460020704600206F
:10BC74007846002008B504F002F980F00100C0B253
:10BC8400BFF35F8F08BD08B5BFF35F8F04F012F9EF
:10BC940008BD08B5BFF35F8F04F0FFF808BD38B5E1
:10BCA400054668B10C46006850B1686840B1FF2988
:10BCB40007D0FFF7E8FF20B12868EB6803FB040016
:10BCC40038BD0020FCE790B138B50C460546036842
:10BCD4001BB1406808B1FF2900D138BDFFF7D3FF7D
:10BCE4000028FAD021466868FFF7D3FFF5E77047CC
:10BCF400F8B550B30F460646036843B3436843B3ED
:10BD04000025FF2405E02B1B0133BB421BD001356A
:10BD1400EDB2B3689D4215D229467068FFF7AAFFB9
:10BD240018B1FF2CEFD12C46EDE7FF2CEFD005E046
:10BD340021463046FFF7C7FF0134E4B2A542F7D8E5
:10BD4400FF24E4E7FF242046F8BDFF24FBE7FF249B
:10BD5400F9E7FF24F7E77EDF70477FDF704786DF70
:10BD6400704708B5FFF7F7FF042800D008BD11207D
:10BD7400FCE719B108B5FFF7F4FF08BD00207047D0
:10BD840038B504464088FEF741FDA080002505B182
:10BD940038BD204600F004FE0135F8E700B587B051
:10BDA40000230193029303930493059305238DF8D1
:10BDB4000430ADF8060001A8FFF7E2FF07B05DF814
:10BDC40004FB00B587B0002301930293039304930B
:10BDD400059308238DF80430ADF80600039101A8FB
:10BDE400FFF7CEFF07B05DF804FB000000B587B095
:10BDF40094460022019202920392049205924FF01B
:10BE0400040E8DF804E0ADF806008DF80C10ADF8C2
:10BE14000EC08DF81030054B1978FDF751FE01A8BE
:10BE2400FFF7AEFF07B05DF804FB00BF302B002026
:10BE340000B587B000230193029303930493059301
:10BE440002238DF80430ADF806008DF80C1001A81B
:10BE5400FFF796FF07B05DF804FB000070B50546D8
:10BE64000C4616460A460E4B1978FDF729FE04B90E
:10BE740070BD321E18BF01220A4B19782846FDF7FF
:10BE84001FFE012E14BF00220122074B19782846F9
:10BE9400FDF716FE31462846FFF7CAFFE8E700BF64
:10BEA400302B00202F2B00202E2B002000B587B034
:10BEB40000230193029303930493059306238DF8BF
:10BEC4000430ADF80600039101A8FFF759FF07B04D
:10BED4005DF804FB10B504460088FDF789FD0128D0
:10BEE40005D0214631F8040BFFF7E0FF10BD0246F0
:10BEF4002088237913F0010F00D102220121FFF7DA
:10BF0400ADFFEEE700B587B00023019302930393DE
:10BF14000493059307238DF80430ADF8060001A8B7
:10BF2400FFF72EFF07B05DF804FB00B587B00323CD
:10BF34008DF804300388ADF80630437913F0040F0C
:10BF44000AD001238DF80C308DF80D1001A8FFF7ED
:10BF540017FF07B05DF804FB0223F3E7F0B583B0E5
:10BF640043B304460E4617461D4600F580706B46E3
:10BF74000122072180B2FFF72FFB112818D030BB14
:10BF84005022002101980AF0B9FA019B1E70019910
:10BF940001F134032B60EF6001F118032B614B1C9A
:10BFA4006B611B4BEB6111312046FEF745FCF0B988
:10BFB40003B0F0BD1748184BC01AC0080004174A54
:10BFC400174940F0010005F0E5FA0320F0E7114DB0
:10BFD400114BED1AED082D0404F0FEFE0246234633
:10BFE400104945F0010005F0DFFA0320E0E7094DB0
:10BFF400094BED1AED082D0404F0EEFE024623462B
:10C00400094945F0020005F0CFFA0820D0E700BF47
:10C014007C460020F86603001866030030BA03006B
:10C024005079030084790300E87903002DE9F8438B
:10C0340004460D461646184B1978FDF727FD90B1B6
:10C04400012704F58070072180B2FFF735FB804695
:10C0540008B1052809D133462A4639462046FFF758
:10C06400C5FEBDE8F8830227EBE70C4B0C4AA3EBB3
:10C0740002094FEAD9094FEA094904F0ADFE024624
:10C084002346084949F0010005F08EFA414620464E
:10C09400FFF797FEDFE700BF2E2B0020F8660300B2
:10C0A40018660300387A030070B506460C46154638
:10C0B4000C4B1978FDF7EAFC00B970BD0A4B1978EE
:10C0C4003046FDF7E3FC28B12A4621463046FFF707
:10C0D400ADFFF2E72B46224600213046FFF786FEED
:10C0E400EBE700BF302B00202F2B002008B503798D
:10C0F4003D2B06D04FF4885100220088FFF7D4FF6F
:10C1040008BD41F23D01F7E708B5427902F00302A8
:10C1140001790088FFF7C8FF08BD0000F0B585B0BD
:10C12400044600F10C063046FEF7EAFB4FF6FF73B7
:10C13400984227D0054601462088FEF703FC0022DA
:10C1440001212088FFF78AFE4FF6FF739D421ED11E
:10C15400002700231A4639462088FFF700FE0646CA
:10C16400082833D000283CD1A37D13F0010F4BD015
:10C17400002F49D1002341F2060219462088FFF717
:10C1840035FE41E02088FEF741FB0546D7E702AAC9
:10C1940007212846FFF71AFAA0B9039FA37D13F0DD
:10C1A400010F11D097F8443013F0010F01D0343748
:10C1B400CFE7314607F14600FEF78DFB0028F6D1A4
:10C1C4000027C6E70027C4E70027C2E70F48104B43
:10C1D400C01AC00800040F4940F0020005F0D4F969
:10C1E40012E00A4F0A4BFF1AFF083F0404F0F4FD63
:10C1F400024600952388084947F0010005F0DFF95D
:10C2040031462088FFF7DDFD05B0F0BDF866030078
:10C2140018660300A47A0300147B03002DE9F0439D
:10C2240085B00446078800225D4B19783846FDF72F
:10C2340047FC637913F0040F3FD007F58076B6B25C
:10C2440002AB012207213046FFF7C6F980460028D9
:10C254003AD13846FEF7DAFA05464FF6FF739842AC
:10C2640049D04FF000082A4607213046FFF77CFAF0
:10C274008146002800F08680862800F08880494E98
:10C28400494BF61AF608360404F0A6FD024600955A
:10C294003B46464946F0010005F091F949463846C7
:10C2A400FFF78FFD00212046FFF73FFEB8F1000F96
:10C2B40007D02846FEF750FB03E000212046FFF795
:10C2C40034FE05B0BDE8F083364D374BED1AED086A
:10C2D4002D0404F081FD02463B46354945F001003A
:10C2E40005F062F941463846FFF76BFD0021204610
:10C2F400FFF71BFEE5E719460398FEF769FA0546C2
:10C304004FF6FF7398421CD001463846FEF71AFBDD
:10C31400284B19783846FDF7B9FB804610B14FF029
:10C324000008A0E73846FFF739FD224B1978384654
:10C33400FDF7ACFB002896D100212046FFF7F5FD60
:10C34400BFE7FEF755FF05464FF6FF73984206D048
:10C3540001463846FEF7F6FA4FF0010883E7114824
:10C36400114BC01AC0080004134940F0010005F045
:10C374000BF904213846FFF724FD00212046FFF77E
:10C38400D4FD9EE701212046FFF7CFFD99E738460B
:10C39400FFF7B8FD01212046FFF7C7FD91E700BF75
:10C3A400302B0020F866030018660300147C030099
:10C3B400847B03002D2B0020E07B030008B5037968
:10C3C40013B9FFF72BFF08BDFFF79EFEFBE7000044
:10C3D40010B586B00446144B19780088FDF756FB57
:10C3E40008B106B010BD2088FDF726FB38B901233B
:10C3F40041F2060200212088FFF7F8FCF1E7002251
:10C404000A4B19782088FDF75BFB03238DF8043071
:10C414002388ADF8063000238DF80C308DF80D30EC
:10C4240001A8FFF7ADFCDCE72F2B0020302B002008
:10C434002DE9F04188B007460D461646FDF7D8FAB7
:10C4440004462022002168460AF058F8012C16D030
:10C45400002C4FD0002D3FD03846FEF7D7F94FF6C9
:10C46400FF73984227D0012C10D04FF000082B788E
:10C4740013F0010F25D10396204B07932EE00022E1
:10C484001F4B19783846FDF71BFBE1E71C4B197865
:10C494003846FDF7FBFA10B14FF00008E7E73846DD
:10C4A400FFF77CFC164B19783846FDF7EFFA28B1F4
:10C4B4004FF00008DBE74FF00008D8E74FF085089D
:10C4C400D5E7B8F1850F09D06B4632462146384688
:10C4D400FFF744FD58B901E04FF08508012C00D066
:10C4E40000256B462A4641463846FFF736FC08B01D
:10C4F400BDE8F08143F20200F9E700BF7C4600206A
:10C504002D2B002038B504460D46FDF771FA01289D
:10C5140002D043F2020038BD29462046FFF729FC29
:10C52400F9E708B50388113B092B09D8DFE803F0C4
:10C534000508090D0808080811150430FFF7D6FD91
:10C5440008BD0430FFF7C6FCFAE70430FFF7E6FD48
:10C55400F6E70430FFF732FFF2E70430FFF738FF65
:10C56400EEE700000022026042608260014A126825
:10C5740002607047C446002010B5044610460023EC
:10C5840023606360A360E360236121706280FEF72F
:10C594003DF9A080204610BD00B583B06A4607214E
:10C5A400FFF714F838B9019B93F8443013F0010FE6
:10C5B40002D0012000E0002003B05DF804FB38B590
:10C5C4000546002404B138BD2846FFF7EDF90134CF
:10C5D400F8E708B5FFF7F3FF08BD30B587B00D469F
:10C5E40014460246062101A8FFF7C6FF03950494EA
:10C5F40001A8FFF7E4FF07B030BD10B586B00246CE
:10C604000C46082101A8FFF7B7FF039401A8FFF720
:10C61400D6FF06B010BD000010B50446134611291C
:10C624000DD000226BB10A4B19782046FDF748FA69
:10C634000022084B19782046FDF742FA10BD01226A
:10C64400F0E7044B19782046FDF73AFAF6E700BF05
:10C65400312B0020342B002070B586B005461129FB
:10C6640034D8DFE801F02D333333333333332D3310
:10C67400333333093333332D16461F481F4BC01A47
:10C68400C00800042A461E4940F0020004F082FF5C
:10C694002A4604210DEB0100FFF76EFF96B13378B3
:10C6A40013F0010F10D102238DF80C3000238DF804
:10C6B400103041F20113ADF80E3001A8FFF77FFFEF
:10C6C40006B070BD0223EFE70123EDE70C460A4EE6
:10C6D4000A4BF61AF6083604084604F07DFB0246B7
:10C6E4002B46084946F0010004F05EFF2146284627
:10C6F400FFF783FFE4E700BFF0660300186603005A
:10C70400807C0300387D030030B585B004460D46B7
:10C7140001A8FFF727FF01AA29462046FFF75DFF7E
:10C72400094B1A6801992046FFF782FE054601224B
:10C7340001462046FFF770FF019A29462046FFF77D
:10C744008BFF05B030BD00BFBC46002008B50021FA
:10C75400FFF7DAFF08BD00002DE9F04385B0044679
:10C7640016461F46884689B901A8FFF7FBFE01AAB1
:10C7740000212046FFF731FFDDF80490284B1B7899
:10C7840033B99DF80D301BB9052625E04FF000099B
:10C79400324649462046FFF7B5FE054600220146CB
:10C7A4002046FFF739FF112D1AD80123AB4042F67A
:10C7B4000112134229D113F4003F15D04246194BFC
:10C7C40019782046FDF77CF93246174B1978204634
:10C7D400FDF776F90026E7B9304605B0BDE8F083E9
:10C7E40043F202039D4212D0104E114BF61AF60882
:10C7F4003604284604F0F0FA024623460D4946F072
:10C80400010004F0D1FE0326E5E72E46E3E72E46B9
:10C81400E1E74A4629462046FFF71EFFDCE700BF52
:10C82400C0460020322B0020332B0020F06603008A
:10C8340018660300A47D030038B50446084B197834
:10C84400FDF724F90546074B19782046FDF71EF934
:10C85400014601232A462046FFF77EFF38BD00BF6C
:10C86400332B0020322B0020002943D0F8B5054695
:10C874000C46FDF7CFF8064600283DD02846FDF7C4
:10C88400C5FF0746022E14BF00260126237866F34F
:10C89400000323704FF6FF73C31A18BF01232278D5
:10C8A40063F3C30222702846FDF7C6F8237860F3C9
:10C8B400410323702846FDF7CDF8237860F3820303
:10C8C40023702846FDF7D4F830B10122237862F3AF
:10C8D400041323700020F8BD2846FDF7ADF808B90D
:10C8E4000022F3E73846FFF757FE08B90022EDE7C8
:10C8F4000122EBE70E20704743F20200EBE710B58C
:10C9040082B00C4600238DF80430E0238DF8043007
:10C9140001A9FFF7A9FF9DF80430DB435BB222783D
:10C924001A4010B912B9012000E0002002B010BD75
:10C9340030B583B00446194B1B6833B34088FDF708
:10C944007BF8014608B9024621E000258DF8045021
:10C95400237AC3F340012A4661F382028DF804204E
:10C96400D2B263F3C3028DF80420C3F38003D2B2BE
:10C9740063F304128DF8042001A96088FFF7BFFF58
:10C9840080F00102D2B2294601E0002201210123F4
:10C994006088FFF7E1FE03B030BD00BFC44600204D
:10C9A40010B504460378062B07D0132B01D1FFF7EB
:10C9B400BFFF2046FFF70DFE10BD81684088FFF7DA
:10C9C400A3FEF9E708B503780C2B02D8092B02D291
:10C9D40008BD142BFCD100220549064B1878FDF73D
:10C9E40089F800220449054B1878FDF783F8EFE72E
:10C9F40051C70200312B00203DC80200342B002017
:10CA040008B5FFF78EFD00220549064B1878FDF79F
:10CA140071F800220449054B1878FDF76BF808BD3E
:10CA240051C70200312B00203DC80200342B0020E6
:10CA34000268134600E01B6813B18B42FBD101E08E
:10CA44000A60016070470346006808B102681A6012
:10CA54007047000038B5054608B9064C04E0064C9A
:10CA640002E04368284698472046FFF7ECFF002879
:10CA7400F7D138BDD0460020D846002010B5044672
:10CA840010B1012C06D010BD054B01225A70FFF7DE
:10CA9400E1FFF6E70120024B9870FFF7DBFFF2E7B6
:10CAA400C846002000B1704708B5034B01225A70F4
:10CAB400FFF7D0FF08BD00BFC846002008B505F049
:10CAC40065F920B9074BD3F800342BB108BD0649EA
:10CAD4007B2003F033F9F5E700F0EEF9034B002275
:10CAE4009A70F3E7000001400C7E0300C846002062
:10CAF40010B5104B1B784BB185240F4BD3F8003481
:10CB040013B10C4B01229A70204610BD094B002230
:10CB14009A605A601A61DA60084800F07FF90446A6
:10CB240005F034F918B1034B01221A70E5E700F05F
:10CB34008DF9F8E7C84600200000014081CA0200D0
:10CB440010B582B00446224B1B78D3B1204B9B789E
:10CB5400E3B114B163680120984700238DF80730CE
:10CB64000DF1070002F0F0F8194AD3680133D360DD
:10CB74009DF8070002F0FAF8154BDB680BB302B01E
:10CB840010BD1449F62003F0D9F8DFE700238DF82F
:10CB940007300DF1070002F0D7F81CB121460E480A
:10CBA400FFF746FF0A4BDB6843B1094AD3680133F8
:10CBB400D3609DF8070002F0D9F8DDE700F05CF9D6
:10CBC400F3E704494FF4897003F0B8F8D7E700BFDE
:10CBD400C84600200C7E0300D846002000B583B070
:10CBE400144B1B78B3B1134BDB68CBB100238DF826
:10CBF40007300DF1070002F0A7F80E4BDA68013A8E
:10CC0400DA60DB6893B19DF8070002F0AFF803B077
:10CC14005DF804FB084940F2171003F08FF8E2E7CF
:10CC240005494FF48C7003F089F8DFE7FFF746FFFE
:10CC3400E9E700BFC84600200C7E030000B583B0BE
:10CC440001280DD0032823D038B9184B0122C3F88A
:10CC54008020BFF34F8FBFF36F8F03B05DF804FBE9
:10CC640000238DF807300DF1070002F06DF8104B2A
:10CC74001B7853B10E4BDA680132DA6001229A70E4
:10CC84009DF8070002F072F8E7E7FFF731FFF1E7DC
:10CC9400074B1B7823B100F0D9F8FFF79FFFDCE7BF
:10CCA400044940F2522003F049F8F4E700E100E0BF
:10CCB400C84600200C7E030000B587B003788DF8C9
:10CCC40004304368029383688DF80C30C36804937E
:10CCD40003698DF81430054B53F82130044A52F897
:10CCE400211001A8984707B05DF804FBEC4600202A
:10CCF400DC46002070B584B08C46144686461EF887
:10CD0400045B1C4A42F825401B4A42F825301B4B61
:10CD14000FCB04AE06E90F009CF800308DF800300C
:10CD24009CF801308DF801309CF802308DF8023007
:10CD34009CF803308DF803309CF804308DF80530EE
:10CD44009CF805308DF80630DCF8083002939CF826
:10CD54000C308DF80C309CF80D308DF80D3004B18A
:10CD6400074C2B4622466946704601F0B7FC04B0D6
:10CD740070BD00BFEC460020DC46002040BA030032
:10CD8400BDCC0200002807DB00F01F02400901238C
:10CD94009340024A42F82030704700BF00E100E0AF
:10CDA400002808DB4901C9B200F1604000F5614088
:10CDB40080F80013704700F00F004901C9B2014B1D
:10CDC4001954704714ED00E038B505460C468B1E27
:10CDD400DBB2012B03D94B1FDBB2022B04D8214653
:10CDE4002846FFF7DDFF38BD02496B2002F0A6FF9D
:10CDF400F5E700BFB07E030008B5074B1B6813F0CE
:10CE0400010F00D008BD06210020FFF7DDFF002040
:10CE1400FFF7B8FFF6E700BF00E100E010B50446F5
:10CE240048B1084B1B795BB9064B1C6001221A718F
:10CE34000020587110BD0449A42002F07FFFF0E7E0
:10CE44008520F7E7FC460020007F030008B5084B67
:10CE54001B793BB1FFF7D0FF4FF080430122C3F8A9
:10CE6400182508BD0349BD2002F068FFF2E700BFA2
:10CE7400FC460020007F030000B583B00C4B1B79F7
:10CE840083B14FF080430022C3F80421D3F8042176
:10CE94000192019A0222C3F8042301229A6003B08A
:10CEA4005DF804FB0349EA2002F048FFE9E700BF0C
:10CEB400FC460020007F030000B583B00F4B1B79B4
:10CEC400BBB14FF080430222C3F808230022C3F809
:10CED4000421D3F804210192019A0122DA604FF06F
:10CEE4008043D3F8183413F4803FF8D103B05DF8CD
:10CEF40004FB0349F72002F021FFE2E7FC4600208F
:10CF0400007F030000B583B04FF08043D3F80031B5
:10CF14009BB14FF080430022C3F80021D3F80021D5
:10CF24000092009A0122C3F80823104B5B7923B9BD
:10CF34000E4B5A711B68002098474FF08043D3F87A
:10CF440004317BB14FF080430022C3F80421D3F8AD
:10CF540004210192019A0222C3F80823034B1B689F
:10CF64000120984703B05DF804FB00BFFC46002095
:10CF7400002807DB00F01F02400901239340024A06
:10CF840042F82030704700BF00E100E0002808DBD1
:10CF94004901C9B200F1604000F5614080F8001316
:10CFA400704700F00F004901C9B2014B1954704792
:10CFB40014ED00E010B40D4C00F5A27054F82030CC
:10CFC40023F44F3323F4407344F8203054F82030D2
:10CFD400090201F47C51120402F4403211430B4360
:10CFE40044F820305DF8044B704700BF00600040F7
:10CFF40000B583B084468E460D4B93E8030002AB24
:10D0040003E9030063460BE002A901EB830151F835
:10D01400081CD1F8200542F8040BC1F8200501339F
:10D024000CEB0E009842EFD803B05DF804FB00BF90
:10D0340050BA0300430904D0012B0BD14FF6FF7300
:10D0440001E04FF0FF3300F01F0023FA00F000F07E
:10D05400010070470023F6E7034B034493F9600093
:10D0640000F03F00704700BF04470020034B034417
:10D0740093F96000C0F38110704700BF044700209B
:10D0840010B5864614461AB100234FF0080C04E08C
:10D0940008234FF00C0C00E00133634513D20B4A14
:10D0A40052F82320B2F1FF3FF6D158B2074A02EBFF
:10D0B4000E0C8CF8300042F8231034B9083B1344AA
:10D0C40083F860E001E04FF0FF3010BD044700201A
:10D0D400064B4FF0FF3243F82020072804D90838C4
:10D0E4000344FF2283F86020704700BF04470020F8
:10D0F40010B50446024602210020FFF779FF002301
:10D10400012B04D854F823201AB90133F8E700207E
:10D1140010BD0120FCE7000010B504460068FFF7CD
:10D1240089FF38B123681F2B0AD903F01F0323603A
:10D13400054810BD05494FF4F67002F0FFFDF1E714
:10D144004FF0A040F5E700BF00030050FC6D030062
:10D1540010B582B00C46019001A8FFF7DDFFA400D2
:10D16400019B03F5E07340F8234002B010BD00B505
:10D1740083B0019001A8FFF7CFFF019B03F5E07393
:10D1840050F8232022F0020240F8232003B05DF877
:10D1940004FB00B583B0019001A8FFF7BDFFD0F8F0
:10D1A4001005019BD84000F0010003B05DF804FBBA
:10D1B40010B582B001900C4601A8FFF7ADFF019BAA
:10D1C40003F5E07350F8232022F4403240F8232082
:10D1D40050F8232042EA044240F8232002B010BD54
:10D1E40000B583B0019001A8FFF796FF019B03F5FA
:10D1F400E07350F82300C0F3014003B05DF804FB72
:10D2040000B583B0019001A8FFF786FF0123019ABE
:10D214009340C0F8203503B05DF804FB2DE9F041DC
:10D22400064645E0032126E0B8F1010F36D1414618
:10D23400284698470134032C36D81F4B234493F9CE
:10D244006030B3F1FF3FF5D02046FFF705FF0546F8
:10D25400C20800F0070101238B40B25C1342E9D0FD
:10D264002046FFF703FF80462846FFF7B9FF07462D
:10D274000228D7D002212846FFF79AFF2846FFF755
:10D28400BFFF0D4B5A1992F9302053F82230002B6E
:10D29400D0D0B8F1030FCAD0022FC5D0032FC9D103
:10D2A400B8F1020FC6D1C2E73046FFF721FF08B13B
:10D2B4000024C0E7BDE8F0810447002030B583B006
:10D2C4001C4B93F86A5095BB2C4601E00134E4B240
:10D2D4002F2C0FD82046FFF7ADFE0028F6D0154BB3
:10D2E4002344FF2283F83020F0E72846FFF7F0FEBE
:10D2F4000135EDB20B2DF8D90F4D00242C60AC8014
:10D3040006210846FFF742FE0620FFF731FE0B4BCD
:10D31400C3F87C41D3F87C210192019A4FF000427A
:10D32400C3F804230123AB71204603B030BD0820A9
:10D33400FBE700BF0447002068470020006000406E
:10D3440070B504460D461646FFF774FE38B1254BFA
:10D35400234493F93030002B07DB082070BD2249A9
:10D364004FF40C7002F0EAFCF1E7AA78C2F3400231
:10D3740031462046FFF784FE0646B0F1FF3F2FD02A
:10D38400AB7813F0040F0FD113F0010F1CD020461B
:10D39400FFF7EDFEE30804F0070C1448C25C01211A
:10D3A40001FA0CF10A43C254AB7813F0020F10D106
:10D3B400083E0C4B334493F96020297842EA8112E9
:10D3C40083F860200020C9E769782046FFF7C0FE93
:10D3D400E0E72A7821463046FFF7ECFD0020BDE760
:10D3E4000420BBE704470020A07F03006847002017
:10D3F40030B583B004460D46FFF71CFED0B12C4B6C
:10D40400234493F93030002B1ADB294B234493F93E
:10D414003000072823DD0838FFF728FE05460328D7
:10D4240014D0012819D0032529462046FFF7C0FE51
:10D4340003B030BD1F494FF4187002F07FFCDEE7E3
:10D444001C4940F2612002F079FCDEE72046FFF738
:10D45400A0FE0028E8D10225E6E70225E4E7C3B2EE
:10D46400072BE5D800F140039BB29B009BB2124905
:10D4740000F5A27C51F82C2042F0010241F82C2046
:10D4840003F1804303F5C04300221A601B68019333
:10D49400019B002DCCD0064B1C4494F9302053F84A
:10D4A4002230002BC4D001238340C1F80433BFE7EA
:10D4B40004470020A07F03000060004010B504462C
:10D4C400FFF7B8FD30B12046FFF763FE003818BF00
:10D4D400012010BD024940F2B22002F02FFCF2E715
:10D4E400A07F030070B584B0002502950395012048
:10D4F4004FF48073294603E0400004339BB20131AA
:10D50400072912D803F1804202F5C0421468012CA5
:10D51400F2D1234CD4F804432042EDD0002414600B
:10D5240012680092009A0543E6E71D4BD3F87C315C
:10D53400012B06D015F0FF0F2AD1002D2BDB04B0F0
:10D5440070BD174B0020C3F87C01D3F87C310193E4
:10D55400019B45F0004502AA0221FFF749FDE9E7D6
:10D5640076000134072CE8D82E42F9D00C4B04F590
:10D57400A27253F82200C0F3052053F82210C1F31D
:10D584000141084B53F82430002BE9D09847E7E7D2
:10D5940001260024E6E702A8FFF740FECFE700BF1C
:10D5A4000060004004470020034B984201D1034827
:10D5B40070470020704700BF0020004070470020E3
:10D5C40008B5064B1B681BB1044B1B68984708BD84
:10D5D4000349512002F0B2FBF6E700BF7047002078
:10D5E4004880030070B582B00C460546B8B12846A1
:10D5F400FFF7DAFF0546B8B100238DF807300DF1C7
:10D60400070001F0A1FB2E7916B92C6001232B71C0
:10D614009DF8070001F0AAFB4EB9002005E005497A
:10D62400772002F08BFBE2E7002002B070BD1120EE
:10D63400FBE700BF48800300002807DB00F01F025F
:10D64400400901239340024A42F82030704700BF4A
:10D6540000E100E0002808DB4901C9B200F16040A4
:10D6640000F5614080F80013704700F00F00490195
:10D67400C9B2014B1954704714ED00E0430904D0BA
:10D68400012B0BD14FF6FF7301E04FF0FF3300F095
:10D694001F0023FA00F000F0010070470023F6E7B2
:10D6A40010B483B0844602240C714A71096889B1AC
:10D6B40012F0040F23D1822112F0080F01D041F09F
:10D6C400200112F0100F01D021F08001DCF80000DD
:10D6D400C0F80013DCF800100024C1F80441D1F8AC
:10D6E40004110191019912F0800F0AD1DCF8002095
:10D6F4000121D150002003B05DF8044B7047922102
:10D70400DAE7DCF800001844F5E730B585B00446E4
:10D714000D46D0F8103173B10023C0F81031D0F8A1
:10D7240010310093009B4B7913F0040F03D00B6866
:10D734000BB101209847D4F8143173B10023C4F815
:10D744001431D4F814310193019B6B7913F0080F51
:10D7540003D02B680BB102209847D4F81C3173B165
:10D764000023C4F81C31D4F81C310293029B6B795A
:10D7740013F0100F03D12B680BB100209847D4F895
:10D78400043163B10023C4F80431D4F804310393A1
:10D79400039B01232B712B680BB10320984705B021
:10D7A40030BD000010B504460068FFF767FF38B1CC
:10D7B40023681F2B0AD903F01F032360054810BDFB
:10D7C40005494FF4F67002F0B9FAF1E74FF0A040C2
:10D7D400F5E700BF00030050FC6D030000B583B003
:10D7E400019001A8FFF7DEFF0123019A9340C0F8DE
:10D7F400083503B05DF804FB00B583B0019001A8BF
:10D80400FFF7D0FF0123019A9340C0F80C3503B011
:10D814005DF804FB00B583B0019001A8FFF7C2FFD7
:10D82400019B03F5E073032240F8232003B05DF865
:10D8340004FBF0B585B007460E4600240AE0FFF766
:10D84400CDFF04AB03EB850555F8100CFFF7E2FFA1
:10D854000134E4B2032C18D82546335DFF2B0CD0D9
:10D8640023F0800004AA02EB840242F8100C13F0A7
:10D87400800FE4D1FFF7C0FFE3E74FF0FF3204ABC2
:10D8840003EB840343F8102CE2E7386800230AE032
:10D8940004AA02EB830252F8101C03F5AC7240F8A0
:10D8A40022100133DBB2032BF2D905B0F0BD000026
:10D8B40038B505460C468B1EDBB2012B03D94B1F32
:10D8C400DBB2022B04D821462846FFF7C3FE38BD3D
:10D8D40002496B2002F032FAF5E700BFB07E030084
:10D8E40070B506460C461546012904D84DB12934B5
:10D8F4006401355170BD064940F2B72002F01EFAAA
:10D90400F4E703494FF42E7002F018FAEFE700BF72
:10D91400E880030070B505460C461646012908D870
:10D924006EB116F4004F10D1293405EB44156E6026
:10D9340070BD09494FF4307002F000FAF0E706496F
:10D9440040F2C12002F0FAF9EBE7034940F2C220A9
:10D9540002F0F4F9E8E700BFE880030070B504467C
:10D964000E461546012907D8B5F1807F0AD204EB8B
:10D974004614C4F8285570BD054940F2CA2002F087
:10D98400DDF9F1E7024940F2CB2002F0D7F9EEE7E6
:10D99400E880030070B504460E461546012907D8F1
:10D9A400B5F1807F0AD204EB4614C4F82C5570BD3F
:10D9B400054940F2D32002F0C1F9F1E702494FF4DE
:10D9C400357002F0BBF9EEE7E880030070B5044659
:10D9D4000D461646A2B1326829462046FFF780FF5D
:10D9E400B28829462046FFF795FFB26829462046AB
:10D9F400FFF7B4FFF26829462046FFF7CBFF70BD5E
:10DA0400024940F2AB2002F099F9E4E7E880030010
:10DA14002DE9F04784B0044617460D46002964D02A
:10DA24002679384B03EBC6031B79002B68D1354BA1
:10DA340043F8367029462046FFF7FBFE236801228F
:10DA4400C3F80025276895F805A095F80690B5F861
:10DA54000880B5F90830002B4CDBC7F80CA5C7F8D3
:10DA64000495C7F808852268AB7AE97A43EA01236A
:10DA7400C2F8103522680023C2F800322268C2F8C6
:10DA840000332268C2F81C31D2F81C210392039A95
:10DA94002268C2F81031D2F810210292029A226848
:10DAA400C2F81431D2F814210192019A2268C2F802
:10DAB4000431D2F804310093009B124B53F83630F2
:10DAC40053B12068297940F30730FFF7F1FE20684D
:10DAD40040F30730FFF7B0FD0A4B03EBC603012206
:10DAE4001A71002004B0BDE8F0870749802002F0D5
:10DAF40025F995E705494FF4287002F01FF9ACE7C2
:10DB04000820EFE77847002038810300E88003000D
:10DB14002DE9F04104460F4616461D460279254B71
:10DB240003EBC20898F8043003B32EB33B6803F048
:10DB34006043B3F1005F25D13A4600212068FFF726
:10DB440045FF3A4601212068FFF740FF06F0010136
:10DB5400226801EB5603C2F8143515F0010F17D1F2
:10DB640015F0020315D001B3082312E012494FF453
:10DB74008D7002F0E3F8D8E70F4940F21B1002F071
:10DB8400DDF8D3E70C494FF48E7002F0D7F8D3E7F1
:10DB940010232268C2F80032EAB241B10C23414694
:10DBA4002046FFF77DFDBDE8F0810423F1E708235B
:10DBB400F5E700BF784700203881030038B50446F4
:10DBC40005790F4B03EBC5031B798BB10C4B03EBAE
:10DBD400C5031B79DBB2022B10D001202368D3F8D4
:10DBE400043123B1064B03EBC5030120187138BD82
:10DBF40004494FF4CC7002F0A1F8E7E70020EDE708
:10DC0400784700203881030038B504460D46027970
:10DC1400104B03EBC2031B79ABB123680022C3F89A
:10DC24000022236801225A602046FFF7C7FF0346FB
:10DC340038B92046FFF7C2FF034610B9002DF8D1CA
:10DC44002B46184638BD044940F2731002F076F8AA
:10DC5400E3E700BF784700203881030008B5024994
:10DC64000248FFF752FD08BD7847002000C001407C
:10DC7400002807DB00F01F02400901239340024AF9
:10DC840042F82030704700BF00E100E000280CDBC0
:10DC940000F01F024009012393402030034A42F858
:10DCA4002030BFF34F8FBFF36F8F704700E100E068
:10DCB400002808DB4901C9B200F1604000F5614069
:10DCC40080F80013704700F00F004901C9B2014BFE
:10DCD4001954704714ED00E010B40B7803F00303FB
:10DCE4004A78120102F0300213438A78120202F4D5
:10DCF400E0621343CA78120302F4805213430A7990
:10DD0400120402F4E02213434A79120502F4801249
:10DD140013438A79120602F080721343074A02EB16
:10DD24000014C4F81835CC79097A5130030102EB98
:10DD340000104160D4505DF8044B704700700040FF
:10DD440038B505460C468B1EDBB2012B03D94B1F9D
:10DD5400DBB2022B04D821462846FFF7A9FF38BDC1
:10DD640002496B2001F0EAFFF5E700BFB07E030033
:10DD740010B588B0684BD3F80431002B2CD0664B17
:10DD84000022C3F80421D3F804310093009B634BB1
:10DD940093F82E2012B193F82F30EBB100238DF8B5
:10DDA40014305E4B596806911989ADF81C10D96876
:10DDB400002964D0594B188B58835960188100216D
:10DDC400D96012B9544B01221A60544C236805A837
:10DDD4009847002384F82F30504B93F82E3053B3D8
:10DDE4004D4BD3F8003133B34B4B0022C3F8002121
:10DDF400D3F800310193019B484A538B92F82D20AC
:10DE040093423FD99B1A9BB244494B834868098982
:10DE140089B2CB1A00EB43033F49C1F82C36C1F851
:10DE240030263D4B0022C3F80421D3F8042102928A
:10DE3400029A01225A60384BD3F810317BB1364B29
:10DE44000022C3F81021D3F810310393039B334B02
:10DE54001A7402228DF814201B6805A898472E4BCB
:10DE6400D3F814314BB32C4A0023C2F81431D2F83E
:10DE740014210592059A294A137408B010BD002292
:10DE84001A74A2E7934208D09342CAD1234B0122C9
:10DE940083F82F2000225A83C3E72049C968002948
:10DEA400F2D01E4B012083F82F00002058831A4B18
:10DEB400C3F82C16C3F83026B3E7184B5C69002C62
:10DEC400DBD0B4FA84F34FF00042DA4024EA0204CF
:10DED40046339B0003F1804202F5E04211680029B9
:10DEE400EDD00021116012680492049A01228DF889
:10DEF4001420A3F58C73C3F3C7028DF8182013F014
:10DF0400040F0CBF01230B468DF81930034B1B681B
:10DF140005A89847D3E700BF007000408047002061
:10DF240070B584B00C460646002849D0002C4CD06D
:10DF3400294B93F82C30002B4CD1274D2C6033788F
:10DF4400264CC4F8F0357378C4F8F435F37885F8C2
:10DF54002E30012385F82C3000232B7485F82D30C6
:10DF64006B6185F82F306FF00042C4F80823C4F8C1
:10DF74000431D4F804210392039AC4F80031D4F88C
:10DF840000210292029AC4F81431D4F81431019396
:10DF9400019BB1780720FFF7D3FE0720FFF768FE47
:10DFA4000223C4F8043395F82E3013B10122C4F8C7
:10DFB40004230A4B0122C3F80025002004B070BDDD
:10DFC4000749D82001F0BAFEB0E70549D92001F08D
:10DFD400B5FEADE70820F1E780470020007000405F
:10DFE400D481030038B505460C462D4B93F82C30EC
:10DFF400002B34D0072D38D82A4BD3F8F43513F03E
:10E00400FF0F04D0264B93F82D30002B33D1E37946
:10E01400013BDBB20C2B34D8237A0D2B37D8204BA1
:10E024001B7C002B39D105F10C021D4B03EB420381
:10E034001B792BB91A4A92F82D30013382F82D300E
:10E04400E27905F10C01164B03EB41031A71227AB4
:10E054005A7121462846FFF73FFE002038BD124979
:10E0640040F2251001F06AFEC4E70F494FF49370A3
:10E0740001F064FEC0E70C494FF4947001F05EFEB9
:10E08400C5E709494FF4967001F058FEC4E7064904
:10E094004FF4977001F052FEC1E71120DEE700BF94
:10E0A4008047002000700040D4810300404B1B7C5B
:10E0B400002B7AD130B583B03D4A012414743D4B12
:10E0C4000325C3F80853C3F82C16C3F8304692F856
:10E0D4002D30A3420DD9002209E0D3B23549513382
:10E0E4001D0101EB031300245C604C510132072A2B
:10E0F400F3D900F10C022E4B03EB420319795C793E
:10E104002C4B5130020103EB001044609950012262
:10E114001A605A6042F21073264AD2F804211AB9DE
:10E12400013BF9D1002300E00123A3B1214B0022DC
:10E13400C3F80021D3F8001101910199C3F8042117
:10E14400D3F804310093009B194B93F82D30012B25
:10E1540019D9002215E018494FF4D27001F0EEFDF0
:10E16400E4E702F10C01124B03EB41031C795D79E6
:10E17400D3B210495133180101EB03135D600C5005
:10E184000132072AEDD90A4B93F82E3043B1094BDB
:10E194000322C3F804230020054B187403B030BDD8
:10E1A400044B0222C3F80423F5E71120704700BF93
:10E1B4008047002000700040D4810300F8B5054674
:10E1C4000E461446414B93F82C30002B3BD03F4B6A
:10E1D4001B68002B3DD016F5006F40DBB4F5006FD3
:10E1E40043DAA64247DAB2B242EA04422B0103F10F
:10E1F400804303F5E043C3F81C25072D41D86F0085
:10E204008021B94016F5006F41D0304843697E1C27
:10E214004FF00042F240134343612D4BC3F8041303
:10E22400072D41D84023BB4040F2FF72944241D0B5
:10E23400264842694FF00041F9400A434261244AAA
:10E24400C2F80433F8BD234940F2692001F076FD99
:10E25400BDE7204940F26A2001F070FDBBE71D498B
:10E2640040F26B2001F06AFDB8E71A494FF41B70C5
:10E2740001F064FDB5E7174940F26D2001F05EFD41
:10E28400B1E7154940F2D62001F058FDB7E70F4831
:10E2940043697E1C4FF00042F24023EA02034361CB
:10E2A4000B4BC3F80813BBE70B4940F2D62001F02F
:10E2B40045FDB7E7054842694FF00041F94022EABD
:10E2C40001024261024AC2F80833BBE780470020DA
:10E2D40000700040D48103006C82030038B504460A
:10E2E40007282BD81C4B93F82C306BB31A4B1B7C90
:10E2F40083BB04F10C02184B03EB42031B792BB1D3
:10E30400154A92F82D30013B82F82D3004F10C02AD
:10E31400114B03EB420300251D715D710F4A04F19B
:10E324005103190102EB03135D60555040F2FF7273
:10E334000B492046FFF742FF284638BD09494FF4F0
:10E34400B17001F0FBFCCDE7064940F2631001F027
:10E35400F5FCCBE71120F0E7804700200070004077
:10E3640000F8FFFFD481030010B5244B93F82C3040
:10E374009BB1234C6FF00043C4F808330720FFF728
:10E3840085FC0123A36042F210731D4AD2F81421C4
:10E394004AB9013BF9D1002306E01A4940F20710BB
:10E3A40001F0CCFCE5E7012333B10024144BC3F89E
:10E3B4000045124B1C7406E012494FF4887001F0BA
:10E3C400BDFCF2E70134072C12D804F10C020B4B0C
:10E3D40003EB42031B79002BF4D0E0B2FFF77EFF7E
:10E3E4000028EFD007494FF48D7001F0A7FCE9E74E
:10E3F400024B002283F82C2010BD00BF8047002070
:10E4040000700040D4810300002807DB00F01F02E5
:10E41400400901239340024A42F82030704700BF6C
:10E4240000E100E0002808DB4901C9B200F16040C6
:10E4340000F5614080F80013704700F00F004901B7
:10E44400C9B2014B1954704714ED00E0003A18BFEB
:10E454000122022908D0032909D0012901D142F05F
:10E464000202C0F85425704742F00402F9E742F072
:10E474000602F6E7430904D0012B0BD14FF6FF73D4
:10E4840001E04FF0FF3300F01F0023FA00F000F02A
:10E49400010070470023F6E710B504460068FFF753
:10E4A400E9FF38B123681F2B0AD903F01F03236047
:10E4B400054810BD05494FF4F67001F03FFCF1E743
:10E4C4004FF0A040F5E700BF00030050FC6D0300CF
:10E4D40010B582B00C46019001A8FFF7DDFFA4003F
:10E4E400019B03F5E07340F8234002B010BD00B572
:10E4F40083B0019001A8FFF7CFFF019B03F5E07300
:10E50400032240F8232003B05DF804FB00B583B078
:10E51400019001A8FFF7C0FF0123019A9340C0F8BE
:10E524000C3503B05DF804FB00B583B0019001A87D
:10E53400FFF7B2FF0123019A9340C0F8083503B0F6
:10E544005DF804FB10B582B08446106820B100F079
:10E554006044B4F1005F34D1946824B104F06044A1
:10E56400B4F1005F2DD15468CCF84405CCF848458B
:10E574009068D268CCF83405CCF838250022CCF861
:10E584001821DCF818210192019A13F0010F1DD013
:10E594000122CCF8502513F0020F1BD00122CCF835
:10E5A400402513F0080F02D10122CCF810200A688C
:10E5B400A2B113F0040022D04023CCF80833002089
:10E5C40002E000234B77102002B010BD0022CCF8EB
:10E5D4005025E0E70022CCF84025E2E7DCF81831CA
:10E5E400002BFBD0C87FFF280DD08B7F1BB1FFF71A
:10E5F4008DFF0020E8E7FFF797FF0020E4E74023C2
:10E60400CCF80433E0E70020DEE710B50446C07F11
:10E61400FF2803D0A37F53B1FFF778FF002363776C
:10E624002372204650F8083B6168984710BDFFF7F5
:10E634007BFFF3E738B505460C468B1EDBB2012B96
:10E6440003D94B1FDBB2022B04D821462846FFF71F
:10E65400E9FE38BD02496B2001F070FBF5E700BF0D
:10E66400B07E0300D0F81831B3B110B582B00C46B7
:10E674000023C0F81831D0F818310193019B0B68BE
:10E6840023B12046FFF7C1FF02B010BD034940F299
:10E69400972001F053FBF4E7704700BFC4820300E6
:10E6A40008B502490248FFF7DDFF08BDB047002066
:10E6B4000030004008B503494FF04020FFF7D2FF77
:10E6C40008BD00BFD447002008B502490248FFF73F
:10E6D400C9FF08BDF8470020003002402DE9F0478B
:10E6E40082B00646914698460D46002900F08A807D
:10E6F400347904EBC403534901EB83010B7F002BF2
:10E7040040F099803768504B53F824103846FEF790
:10E7140069FF8246002840F091804A4B04EBC40212
:10E7240003EB820143F82290C1F804802B7B012B78
:10E734006DD92878FFF7F8FE2B78019301A8FFF72D
:10E74400ABFE019B03F5E073012240F8232095F80A
:10E754000180B8F1FF0F5ED14FF0FF39A878FF2890
:10E7640061D14FF0FF38A97804EBC402354B03EBB9
:10E77400820383F82010E878D877FF280ED02B790D
:10E78400002B55D0FFF7C2FEE878FFF7B0FE2979D9
:10E7940004EBC4022B4B03EB820399772B78C7F865
:10E7A4000835C7F80C95C7F81085AB68C7F8243549
:10E7B4006A7B297B3846FFF749FEAB79C7F8C03539
:10E7C4000723C7F8003504EBC4031E4A52F823306C
:10E7D40053B13068697940F30730FFF72BFF306895
:10E7E40040F30730FFF710FE164B04EBC40203EBB3
:10E7F400820200215177134601221A77504602B053
:10E80400BDE8F0871149AD2001F098FA70E7287847
:10E81400FFF77CFE90E7C1464046FFF777FE40468F
:10E82400FFF765FE9AE780460121FFF751FE9AE75C
:10E83400FFF77AFEA8E74FF0080ADFE74FF0110A66
:10E84400DCE700BFB047002058BA0300C4820300CD
:10E854002DE9F04106460D469046047904EBC403C5
:10E86400354F07EB83073B7F002B48D02B68002BE9
:10E874004BD0AB68002B51D03379022B07D8EB680F
:10E88400B3F5803F03D26B68B3F5803F04D32B49C3
:10E894004FF40C7001F052FA04EBC402264B03EB64
:10E8A40082035B7F002B45D11346234A52F8233061
:10E8B4004BB118F0140F06D104EBC4021E4B03EB4A
:10E8C400820301225A7704EBC4021B4B03EB820C34
:10E8D4000CF10C0E95E80F008EE80F009CF81F0059
:10E8E400FF2804D09CF81E300BB3FFF71DFE4346EF
:10E8F4002A4639463068FFF725FEBDE8F0810F4906
:10E9040040F22D2001F01AFAB0E76B68002BB0D06A
:10E914000A4940F22E2001F011FAAAE7EB68002B15
:10E92400AAD0064940F22F2001F008FAA4E7FFF725
:10E93400EDFDDCE71120E0E7B0470020C4820300CE
:10E94400F0B583B005460F461646002401E00134B5
:10E95400E4B2B44215D2A00000F5A0704FF48033A5
:10E96400A3402A58002AF2D0D5F804231342EED04B
:10E9740000232B502B580193019B3B6879689847DF
:10E98400E5E703B0F0BD000008B5042202490348DE
:10E99400FFF7D6FF08BD00BF1C48002000800040E0
:10E9A40008B5042202490348FFF7CAFF08BD00BFA7
:10E9B400284800200090004008B50422024903487A
:10E9C400FFF7BEFF08BD00BF3448002000A0004090
:10E9D40008B5062202490348FFF7B2FF08BD00BF8D
:10E9E4004048002000A0014008B50622024903481F
:10E9F400FFF7A6FF08BD00BF4C48002000B001404F
:10EA040082B001238DF807309DF80730134B18604E
:10EA140059609A6044F20103984213D044F202030D
:10EA2400984207D10D4BDA60DA6812689A61DA68A5
:10EA34005268DA6172B69DF80730002BFBD162B6DA
:10EA440002B07047054B1A611A6992685A611A69D3
:10EA540012689A611A695268DA61EBE75848002033
:10EA640000B583B002900091019244F20100714616
:10EA74006A4600F003F803B000BD00002DE9F04140
:10EA840084B004460E46154672B602F0E5FD02F067
:10EA940011FC0028FBD144F201039C423BD010D866
:10EAA400012C1FD041F201039C4250D12E482F4B20
:10EAB400C01AC00800042E4940F0010002F064FDB1
:10EAC4001AE044F202039C4241D12748274BC01A62
:10EAD400C00800042B686A68264940F0010002F06F
:10EAE40063FD09E02048214BC01AC00800042249F4
:10EAF40040F0010002F048FD204BD3F8F03013F051
:10EB0400010F00D000BE2A4631462046FFF778FFA9
:10EB140004B0BDE8F081144F144BFF1AFF083F0402
:10EB240047F00107D5F80880404602F055F903463E
:10EB34006A68296802960191009242461049384653
:10EB440002F059FD0F49384602F01EFDD4E706488D
:10EB5400064BC01AC008000432460B4940F00100BD
:10EB640002F018FDC8E700BF6866030018660300DA
:10EB7400A8830300CC8303008883030000ED00E036
:10EB8400E8830300108403002484030030B585B0B7
:10EB94004568002D48D00446037B002B46D1026013
:10EBA400EFF3058323B300230393009303AB0A46D7
:10EBB4000921284606F09AFD012801D0042036E0F8
:10EBC40006F028FA02460023009303AB06212846E8
:10EBD40006F08CFD0128F1D1039B0BB3164B4FF0CB
:10EBE40080525A6040BFBFF34F8FBFF36F8F17E05F
:10EBF4000223009300230A460421284606F076FDEA
:10EC0400012801D0042012E006F0FEF90246022396
:10EC1400009300230121284606F068FD012808D14D
:10EC240001232373002002E0082000E0002005B047
:10EC340030BD0420FBE700BF00ED00E010B584B058
:10EC44000446406830B3EFF30583B3B10022039266
:10EC5400009203AB082106F049FD01280BD1039B68
:10EC6400A3B10E4B4FF080525A6040BFBFF34F8F99
:10EC7400BFF36F8F0AE004200AE00223009300230D
:10EC84001A46032106F032FD012805D10020207325
:10EC940004B010BD0820FBE70420F9E700ED00E014
:10ECA400EFF3108272B6114B9B68CBB930B40F49A5
:10ECB40001238B600E4BD3F880400E4D2C400C602A
:10ECC400C3F88050D3F884404C604FF0FF31C3F850
:10ECD40084100023037002B962B6002030BC704770
:10ECE4000123037002B962B60020704778480020FF
:10ECF40000E100E0FC06FFBD094B9B686BB160B905
:10ED0400EFF3108172B6064B1868064A1060586813
:10ED1400506000229A6001B962B60020704700BFBB
:10ED24007848002000E100E0EFF30583C3F3080313
:10ED34003BB9EFF3148313F0010F0CBF0120002043
:10ED4400704701207047000010B50446FFF7ECFF40
:10ED5400012803D12046FFF7A3FF10BD0249432039
:10ED640000F0ECFFF6E700BF3C84030010B5044656
:10ED7400FFF7DAFF012803D12046FFF7BDFF10BDDE
:10ED84000249512000F0DAFFF6E700BF3C8403009B
:10ED940038B50546002402E0284698470134032C80
:10EDA40005D8034B53F82430002BF5D1F6E738BDD2
:10EDB400F84800200378013B052B34D8DFE803F042
:10EDC40003061120293100230B70704701230B70B7
:10EDD40003898B818388CB81C3688B6000230B7488
:10EDE400704702230B7003898B818388CB81C368AE
:10EDF4008B60837D062B14BF002301230B747047A3
:10EE040003230B70C3888B810389CB81C3688B6018
:10EE1400704704230B70C3888B810023CB818B60E4
:10EE2400704705230B707047884207D20368B3F11B
:10EE3400FF3F01D001207047002070470020704739
:10EE44004388033300EB8300704738B504460D460E
:10EE5400FFF7F6FF85420CD3A2884FF6FF739A4260
:10EE640009D023884BB1A368B3F1FF3F07D000203A
:10EE740038BD0220FCE70120FAE70120F8E7012071
:10EE8400F6E7000060B10A4AD26882420AD8084A0A
:10EE94001269824208D310F0030F07D10120704792
:10EEA4000020704700207047002070470020704702
:10EEB400082B00200A4A00EB800302EB83031B8922
:10EEC4000B4400EB800002EB8002528912FA83F0BB
:10EED40080B2B0F5806F8CBF00200120704700BF66
:10EEE400BC480020002301E001339BB2012B0ED863
:10EEF40003EB830C074A02EB8C0252688A42F3D27A
:10EF040002F580528A42EFD903800020704748F20C
:10EF140009607047BC4800208B7D022B04D903890B
:10EF2400CA881344033303814389CA889B1A033B69
:10EF340043817047F8B5033086B240F2FE339E42F7
:10EF440025D80D46002401E00134A4B2012C1BD8BD
:10EF540004EB84030F4A12F82330002BF4D131461A
:10EF64002046FFF7A7FF0028EED02C80094B04EBC6
:10EF7400840203EB8202528904EB840703EB8703C8
:10EF840032445A81002001E048F20660F8BD48F29C
:10EF94000860FBE7BC480020064A01EB810302EB52
:10EFA40083035B8901EB810102EB81021B1A033BA2
:10EFB40053817047BC480020F8B50E4600EB800032
:10EFC400134B03EB80035C6804F580550868A0B11B
:10EFD400FFF736FF044629462046FFF725FF07467C
:10EFE40098B129462046FFF730FF012807D00228B0
:10EFF4000AD00028EFD1346007E00834EBE720465C
:10F00400FFF71EFF0446E6E700273846F8BD00BFB9
:10F01400BC48002030B583B005460C464068FFF775
:10F0240031FF20B12A89174B1B899A4218D000233B
:10F0340023802388012B23D80023019301A920884E
:10F04400FFF7BAFF0146B8B1019B2A68986890425D
:10F05400F4D16B600B4B1B892B81084603B030BD88
:10F064002A6869688B689A42E1D12046FFF73AFF23
:10F07400B0FA80F14909F0E7238801332380D8E707
:10F084000021EAE7A4480020F8B51C461F4B1B7872
:10F09400002B34D005460F461646002A32D03CB920
:10F0A40048F2046027E000232360A3880133A3808F
:10F0B400A388012B20D803EB8303154A12F82330CD
:10F0C400002BF2D12146A088FFF776FF0028EAD072
:10F0D40023681DB199882A889142F3D11FB11988F8
:10F0E4003A889142EED19B68336023687360094B80
:10F0F4001B8933810020F8BD48F20960FBE748F220
:10F104000160F8E748F20460F5E700BF0C4900200D
:10F11400BC480020A44800200B4A13890133138102
:10F124000023538013730CE003EB83018A00074927
:10F134008A5CB2FA82F25209034919448A72013391
:10F144009BB2012BF0D97047A4480020BC48002092
:10F1540000B58646002301E001339BB2012B19D888
:10F164000E4A1A44927A002AF6D00C4A1A44002114
:10F17400917203EB83010A4A02EB8102D268002AEE
:10F18400EAD1074A02EB8102107C0028E4D0AEF8F1
:10F19400003000E000205DF804FB00BFA44800201C
:10F1A400BC480020044B5B685B880333034A9188A6
:10F1B40011FA83F393807047A4480020B4480020D8
:10F1C40030B40E4804680E4B5B880E4903EB830C85
:10F1D4004FEA8C020A44556805605460B0F804C0D4
:10F1E400A2F808C00222828003EB830303FA02F22E
:10F1F400114400230B7430BC704700BFB448002096
:10F20400A4480020BC48002008B5124B1B78072BEB
:10F214000AD8DFE803F00409090A1016161AFFF7E2
:10F224007BFF0C4B01221A7008BDFFF7BBFF094B93
:10F2340002221A70F8E7FFF7C3FF064B06221A7082
:10F24400F2E7044B07221A70EEE7024B01221A7010
:10F25400EAE700BFA448002008B50146014800F0D1
:10F26400EBFD08BDE448002008B5064B05221A70E2
:10F27400054902238B80002301220968034801F019
:10F28400A9FA08BDA4480020B4480020082B002097
:10F2940008B50D4B5B8803EB83010C4A02EB81023A
:10F2A400D26872B9084A0421117003EB8303074939
:10F2B40001EB8301002301224968054801F08AFA21
:10F2C40008BDFFF7D1FFFBE7A4480020BC4800209D
:10F2D400082B002000B583B0002300930823044AC0
:10F2E40004490968044801F0A5F903B05DF804FB7A
:10F2F40070BA0300B4480020082B002008B5044B62
:10F3040007221A7000225A60FFF7E4FF08BD00BF0D
:10F31400A448002000B583B00146002300930823CD
:10F32400034A044801F086F903B05DF804FB00BF0A
:10F3340068BA0300082B002038B530B90B79032BC9
:10F3440062D8DFE803F0081E3843324B00225A60CB
:10F354004FF4064005E001230B71FFF7BBFF0028C3
:10F3640052D138BD0A4603EB830189000020505472
:10F3740003EB830302EB83025068FFF7CBFF012307
:10F384000FE00023012B09D803EB8302224911F873
:10F394002220022AE6D001339BB2F3E7002348F28D
:10F3A4000E60002BDBD11B4B01221A7000225A6025
:10F3B40041F61D50D5E700230B71184902228A80BB
:10F3C40001220968164801F005FAC8E74FF0000C5D
:10F3D40081F804C0134B5B88104908680E4C03EB9A
:10F3E400830204EB820255680D605060B1F804E0BA
:10F3F400A2F808E002228A8003EB8303934004F816
:10F4040003C0FFF787FFAAE7024B00225A6048F2C5
:10F414000D60A6E70C490020BC480020B448002039
:10F42400082B0020A448002008B5064B06221A70B9
:10F434005B8803EB83039A00034B13445868FFF77C
:10F4440069FF08BDA4480020BC48002000B583B073
:10F4540002238375002300930423C218044801F097
:10F46400E9F810B903B05DF804FB48F20D60F9E760
:10F47400082B002000B583B0036973B1032383759F
:10F4840000230093042300F10C020831054801F025
:10F49400D1F820B903B05DF804FB0123EFE748F28B
:10F4A4000D60F7E7082B002000B583B001238375B6
:10F4B400C388002200929B0002690C31044801F0C9
:10F4C400B9F810B903B05DF804FB48F20D60F9E730
:10F4D400082B002000B583B00378032B0ED006233D
:10F4E400837500230093042300F10802194406489D
:10F4F40001F0A0F820B903B05DF804FB0523EFE7A1
:10F5040048F20D60F7E700BF082B002010B582B069
:10F514000C46002300930423084A0146084801F0DE
:10F5240089F840B904EB8404064B03EB84030122FD
:10F534001A7402B010BD48F20D60FAE764BA030011
:10F54400082B0020BC48002070B50C468B8A03EBC6
:10F5540083022B4E06EB820688B9294A03EB83010A
:10F5640002EB81014D680B8905EB8305A37D062B16
:10F574000BD8DFE803F0162E22280D343E00304667
:10F58400FFF7CAFC4FF4064515E048F20E650EE09D
:10F594001C4800234360A36903601B49FFF73AFD3D
:10F5A40050B329462046FFF751FF05461DB12146B9
:10F5B4003046FFF7B1FC284670BD29462046FFF7C8
:10F5C40059FF0546F2E729462046FFF76DFF054639
:10F5D400ECE729462046FFF77DFF0546E6E70623CC
:10F5E400A375094B1988074B5868FFF78FFF054629
:10F5F400DCE741F61D55DAE748F20965DBE700BFB1
:10F60400BC480020904800208C48002010B584B0ED
:10F6140004460023009301930293C36800930DF101
:10F624000E016846FFF7F6FC18B948F2096004B009
:10F6340010BD01988388E38003882381BDF80E10F0
:10F64400FFF764FFF3E7000000B583B00B4842689E
:10F654000B4B1968B3F804C0538803339BB24FF0C3
:10F66400030E80F800E0002000909B0001EB8C0169
:10F67400044800F0DFFF03B05DF804FBA448002059
:10F68400B4480020082B002008B5064931F8020CC4
:10F69400FFF792FC10B1FFF7D7FF08BDFFF7F8FDA5
:10F6A400FBE700BFA848002008B50748FFF750FD56
:10F6B40010B1FFF7E9FF08BD044B00221A705A800D
:10F6C4005A6041F61D50F6E7A6480020A4480020E1
:10F6D40030BB08B5154B1B7B6BB1144B00221A735E
:10F6E400124B1B78013B062B1DD8DFE803F0070AF9
:10F6F4000D101C131600FFF787FDF1E7FFF7D4FF89
:10F7040008BDFFF7C1FFFBE7FFF79EFFF8E7FFF730
:10F71400BFFDF5E7FFF788FEF2E7FFF7EFFDEFE740
:10F724004FF40640704748F20E60E9E7A448002011
:10F7340000B585B0094B01AA00210630FFF7A4FCEF
:10F7440038B9064B99880298FFF7E0FE05B05DF8DA
:10F7540004FB024B00221A605A60F7E78448002039
:10F76400B0B908B50B79012B08D0022B13D0ABB973
:10F7740002230B710846FFF749FF0EE00846FFF726
:10F78400D7FF48F20963984207D141F61D5004E0BF
:10F794004FF40640704741F61D5008BD48F20E6014
:10F7A400FBE7000008B50146014800F051FB08BD25
:10F7B400E448002008B5084B1B683BB1012106480A
:10F7C40000F001FC003818BF012008BD03494FF4C4
:10F7D400247000F0B3FAF1E708490020DC84030048
:10F7E40010B586B004462CE02E48FFF735FD2E4BAD
:10F7F40018602AE02D494FF4B46000F09FFA28E025
:10F804002046FFF799FD002849D000230193029375
:10F8140003930493059341F61D5398423DD00290FF
:10F82400214C01A92068FFF7C5FA01A8FFF7B0FA37
:10F83400002323601B48FFF7B5FFFFF7BBFF70B33E
:10F844000024194B1B68002BCED0174B1B68002BD0
:10F85400D0D0154B19680B78013B052B1AD801A29F
:10F8640052F823F005F8020081F8020081F8020042
:10F8740089F8020089F8020091F802002046FFF797
:10F8840063FEC0E72046FFF76BFFBCE72046FFF7A7
:10F894001FFFB8E748F20E60B7E70020BFE706B0E5
:10F8A40010BD00BF9C480020A0480020DC84030059
:10F8B40008B54068FFF794FF08BD000008B50121B2
:10F8C400014800F075FB08BDF448002008B5014666
:10F8D400054800F09AFA0022026042608260C26029
:10F8E40002614261826108BDE448002008B5014616
:10F8F400014800F096FA08BDE448002008B501214B
:10F90400034800F04AFB00B108BDFFF769FFFBE7BD
:10F91400084900202DE9F04383B00C4638490978A2
:10F9240000295DD005469846002C5CD021884FF60E
:10F93400FF7399425AD06388002B5AD0676817F036
:10F94400030759D1002A33D01388ADF80630B2F832
:10F9540002906846FFF7BAFF0646002833D080F8C5
:10F96400008000238375BDF80630838263680361D9
:10F97400FFF7A4FFF060238833816388B380A6F87F
:10F984000690B8F1030F26D0002373816846FFF771
:10F99400ADFF3DB100236B60F2682A60AB72194B76
:10F9A4001B892B81FFF7AAFF384603B0BDE8F0831B
:10F9B400B4F808900DF106014846FFF7BBFA002899
:10F9C400C7D00746F0E7BDF806104846FFF7E4FA4B
:10F9D40048F20767E8E70423B3752B68B361D3E7FC
:10F9E40048F20167E0E748F20467DDE748F203679D
:10F9F400DAE748F20367D7E748F20267D4E700BFC3
:10FA04000C490020A448002010B370B582B00C4605
:10FA1400054601B30DF10601FFF7FCFA18B948F2E7
:10FA2400096002B070BD6E68BDF8063003EB830058
:10FA340080000830094B18440121043000F0B8FA62
:10FA440026606B680C3363600123AB720020E8E727
:10FA540048F20460704748F20460E2E7BC480020C2
:10FA6400F8B110B582B004460DF10601FFF7D2FAE1
:10FA7400D0B1BDF8063003EB8301104A02EB8102DA
:10FA8400D268AAB1A27AB2B10C4A02EB8101C96868
:10FA9400013903EB830302EB8302D1600020A072DF
:10FAA40004E048F20460704748F2096002B010BDF7
:10FAB40048F20560FAE748F20560F7E7BC48002021
:10FAC40008B502230022FFF725FF08BD28B108B5B9
:10FAD40003230022FFF71EFF08BD48F204607047AD
:10FAE400114B1B78BBB110B582B004464FF6FF73BF
:10FAF400984213D001A8FFF7E9FE90B105220270E5
:10FB040001220271C48001A8FFF7F0FEFFF7F6FEA0
:10FB1400002002B010BD48F20160704748F2036053
:10FB2400F7E748F20760F4E70C49002000B583B01A
:10FB3400ADF80600ADF8041001A90DF10600FFF7B9
:10FB4400A3FA03B05DF804FB00B583B01346ADF827
:10FB540006000A460DF106010020FFF795FA03B0EE
:10FB64005DF804FB00B583B01346ADF806000A4601
:10FB740000210DF10600FFF787FA03B05DF804FBDE
:10FB840020B131B103680B600020704748F2046073
:10FB9400704748F2046070471EF0040F1CBFEFF377
:10FBA40009800AE0EFF308800549064A884201D833
:10FBB400904202D88D464FF00000034B18470000D6
:10FBC4000000042000F80320FDFB0200BFF34F8F68
:10FBD4000549CA6802F4E062044B1343CB60BFF3E7
:10FBE4004F8F00BFFDE700BF00ED00E00400FA0501
:10FBF40008B5FFF7EBFF000070B582B0064601F0D0
:10FC04002BFD01F057FB0028FBD1404B9D6A26B326
:10FC14003F4C404BE41AE408240444F00104B26964
:10FC24003D49204601F0B6FCB368F26801920093A6
:10FC3400736832683949204601F0CEFCF3690093B9
:10FC4400736932693649204601F0B9FC2F4BDB6AEF
:10FC540013F0020F0CD1002420E02D482D4BC01AC4
:10FC6400C00800042F4940F0010001F08DFCEDE7CD
:10FC74002748284BC01AC00800042B4940F0010053
:10FC840001F082FCE7E72248224BC01AC0080004B6
:10FC9400264940F0010001F07DFC0134192C09D8FB
:10FCA4000123A3402B42F8D0214B53F82420002AEF
:10FCB400E9D1F2E715F0800F0ED115F4004F18D1F9
:10FCC400124BD3F8F03013F0010F00D000BE3046D1
:10FCD400FFF78EFF02B070BD0D480E4BC01AC0086E
:10FCE40000040A4B5A6B134940F0010001F052FC26
:10FCF400E3E70748074BC01AC0080004034B9A6B9C
:10FD04000D4940F0010001F045FCD9E700ED00E0A9
:10FD14008866030018660300708503008885030065
:10FD2400C0850300E88503001C8603006086030089
:10FD340078BA03006C8603008C86030000B583B098
:10FD4400009001916A46002144F20200FEF796FEFB
:10FD540003B05DF804FB82B050E8013F1FFA83FC56
:10FD6400C28994448289944528BFACEB020C028971
:10FD7400944502BFBFF32F8F002007E0CCEA030CA9
:10FD840040E801C2002AE7D14FF001008DF80700D6
:10FD94000093009B0B609DF8070002B0704750E889
:10FDA400012FC2EA024240E80123002BF7D1704739
:10FDB40082B050E8023F1FFAA3FCC288944502BFF8
:10FDC400BFF32F8F00200EE0C289944482899445AA
:10FDD40028BFACEB020CC3EA0C4C40E802C2002A78
:10FDE400E7D14FF001008DF807000093009B0B60F2
:10FDF4009DF8070002B0704750E8022FC2EA224281
:10FE040040E80223002BF7D1704738B505460C466D
:10FE1400FFF7A1FF18B128682388184438BD0020D3
:10FE2400FCE708B50A884B889A4201D0002008BD37
:10FE3400FFF7B5FF0120FAE738B505460C46FFF792
:10FE4400B7FF18B128686388184438BD0020FCE760
:10FE540008B50A884B889A4201D0002008BDFFF7F4
:10FE6400CBFF0120FAE708B54B0901F01F0101227D
:10FE740002FA01F100EB830000F06EF808BD10B542
:10FE84004B0901F01F040121A14000EB830000F0A5
:10FE940058F8E04000F0010010BD08B54A0901F02F
:10FEA4001F01012303FA01F1C94300EB820000F0B2
:10FEB40069F808BD4B0950F8230001F01F01C84040
:10FEC40000F0010070472DE9F04106460F46002579
:10FED40018E0202300E020231F2B12D803EB451445
:10FEE400A7420ED921463046FFF7C9FFE0B1D8F842
:10FEF4000030DB4393FAA3F3002BECD0B3FA83F383
:10FF0400EAE701357B1E5B090133AB420BD906EBF3
:10FF1400850856F82530DB4393FAA3F3002BD8D099
:10FF2400B3FA83F3D8E73C462046BDE8F0810346A4
:10FF340053E8000F0A4643E8002C9CF0000FF7D169
:10FF44007047034653E8000F40EA010243E8002CDF
:10FF54009CF0000FF6D17047034653E8002F42EAA5
:10FF6400010043E8000C9CF0000FF6D170470346F3
:10FF740053E8000F00EA010243E8002C9CF0000F54
:10FF8400F6D17047034653E8002F02EA010043E824
:10FF9400000C9CF0000FF6D17047034653E8000FA5
:10FFA40000EB010243E8002C9CF0000FF6D17047EF
:10FFB400034653E8002F02EB010043E8000C9CF0D9
:10FFC400000FF6D17047034653E8002FA2EB01005F
:10FFD40043E8000C9CF0000FF6D1704708B50121EE
:10FFE400FFF7BAFF08BD08B50021FFF7C0FF08BD41
:0CFFF40038B50C46054620B1EB68288AA1
:020000023000CC
:1000000000FB043038BD0249E820FFF799FEF5E710
:10001000888B030038B50C46054630B1EB68E01A12
:100020002B8AB0FBF3F0C0B238BD0249F520FFF7D0
:1000300087FEF3E7888B030000283DD010B5044607
:10004000036873B163688BB1A368ABB1E368CBB1EC
:10005000238AEBB1A2686368D21AD2B221680B601E
:1000600022E01649FF20FFF76BFEEBE713494FF440
:100070008070FFF765FEE7E7104940F20110FFF7D7
:100080005FFEE3E70D494FF48170FFF759FEDFE7AC
:100090000A4940F20310FFF753FEDBE721680A68C4
:1000A000501C086013701A46531EDBB2002AF5D1AB
:1000B00023680020187110BD0E207047888B030044
:1000C00030B583B00446E8B100238DF807300DF158
:1000D0000700FEF73BFE2268136861688B4217D960
:1000E000591E116013F8011C2046FFF783FF0546D7
:1000F000A368226811685B1ADBB21179994208D2B1
:10010000137106E006494FF49270FFF719FEDBE722
:1001100000259DF80700FEF72BFE284603B030BDF2
:10012000888B030070B582B00C460646B0B1DCB1D6
:1001300000238DF807300DF10700FEF707FE336846
:100140001D686A1C1A6021463046FFF763FF28705D
:100150009DF80700FEF70CFE02B070BD054940F2A5
:100160004710FFF7EDFDE2E702494FF4A470FFF7F7
:10017000E7FDDDE7888B030010B5044640B1A268B7
:100180002AB163692168206998470023A36010BDE4
:1001900002493120FFF7D4FDF1E700BF248C0300B2
:1001A0000EB430B582B0059D0446A0B16369BBB101
:1001B0002368D3B16368EBB145B10023019306AB6B
:1001C000019301AA2946204600F026F902B0BDE8B5
:1001D000304003B070470A494220FFF7B1FDE5E720
:1001E00007494320FFF7ACFDE2E705494420FFF74C
:1001F000A7FDDFE702494520FFF7A2FDDCE700BFCE
:10020000248C030038B504460D460A2909D022681B
:10021000A368591CA160D554A26863689A4204D2AD
:1002200038BD0D21FFF7EEFFF1E72046FFF7A4FFF1
:10023000F6E700002DE9F84F82460F4615461E46A8
:10024000DDF828900B9A0B464FF0010803E0B3FB52
:10025000F5F308F10108AB42F9D2B04500D2B0463F
:1002600012F0010B13D1B9F1000F10D012F0020FF0
:100270000FD086B1202405E009F1FF392146504610
:10028000FFF7C0FFB9F1000F01D0C145F4D8012438
:1002900006E02024F6E73024F4E7013E05FB04F4F1
:1002A000012EFAD8B7FBF4F39D42F7D9B7FBF4F36C
:1002B00004FB13770E4AD15C5046FFF7A3FF234699
:1002C000B4FBF5F4AB42F1D2BBF1000F02D0B9F1AF
:1002D000000F07D1BDE8F88F09F1FF392021504602
:1002E000FFF790FFB9F1000FF4D0C145F4D8F1E762
:1002F000E0BA03002DE9F04782B080460F4614466D
:1003000099460A9EDDF82CA081EAE17CACEBE17C09
:10031000012502E09CFBF4FC01356445FADD4D4506
:1003200000D24D462EB1002F02DB1AF0040F00D090
:10033000013E1AF0020F02D0B9F1000F03D01AF0FB
:10034000010F00D1CEB9002F1CDB1AF0040F1FD112
:100350000AF00303022B20D0CDF804A000964B46F0
:10036000224639464046FFF765FF02B0BDE8F087F8
:10037000013E20214046FFF745FF002EE3D0AE426C
:10038000F6D8E0E77F422D214046FFF73BFFDFE74D
:100390002B214046FFF736FFDAE7B9F1000FDBD13A
:1003A0002EB9D9E7013E30214046FFF72BFF002E42
:1003B000D2D0AE42F6D8CFE7F8B506460C46154681
:1003C00013F001070ED1E1B1084606F050F80746D8
:1003D00017E0013401373046FFF714FF2178002978
:1003E000F7D106E00027F9E7013D20213046FFF76D
:1003F00009FFBD42F8D8F8BD013D20213046FFF786
:1004000001FFBD42F8D803E001343046FFF7FAFEA1
:1004100021780029F8D1EEE7F0B583B00C461646F6
:10042000054648B16B696BB12B688BB16B68ABB19A
:10043000002C40F08B80DAE0704940F25220FFF748
:100440007FFCEFE76D494FF41570FFF779FCEBE7A0
:100450006A4940F25520FFF773FCE7E7674940F22D
:100460005620FFF76DFCE3E70027012303E047F088
:100470000107013483B121782D29F8D0302903D028
:100480002B2905D00023F5E747F002070134F1E7F7
:1004900047F004070134EDE700222A290CD0217827
:1004A000A1F13000C0B209280CD8013402EB82025D
:1004B00001EB4202303AF0E73368191D31601B68E6
:1004C0001A44013423782E2B02D00023217811E026
:1004D000013400232178A1F13000C0B20928F5D8F9
:1004E000013403EB830301EB4301A1F13003F1E796
:1004F00014F8011F6C29FBD06829F9D025296FD089
:1005000020D378291ED858291CD35839202919D826
:10051000DFE801F03C1818181818181818181811E6
:1005200026181818182618181818181850181847C8
:10053000183118183C0033681A1D326019782846A3
:10054000FFF760FE01342378002B4ED014F8011B16
:1005500000294AD0252987D02846FFF753FEF2E725
:100560003168081D30600968019700920A22284608
:10057000FFF7C0FEE6E73168081D306009680197A3
:1005800000920A222846FFF755FEDBE73168081D76
:10059000306009680197009210222846FFF74AFE52
:1005A000D0E731680B1D33603B4609682846FFF7EA
:1005B00003FFC7E733681A1D32601F6830212846E1
:1005C000FFF720FE78212846FFF71CFE0023019349
:1005D00008230093102239462846FFF72BFEB1E787
:1005E00025212846FFF70EFEACE72B7B0BB903B0A5
:1005F000F0BD2846FFF7C0FDF9E700BFB88C030047
:10060000C3688B4206D8114401390369994203D962
:1006100000207047002070470120704710F0030F42
:100620000CBF01200020704743681B68013B0B4250
:100630000CBF0120002070472DE9F04182B0002856
:1006400031D00E4615461C460746002A3BD0D0F84E
:100650000080B8F1000F46D0002B54D043685A6890
:10066000B4FBF2F302FB1343002B5CD10846FFF707
:10067000D5FF002867D02846FFF7D0FF002872D0AA
:10068000224631463846FFF7BBFF00287BD0D8F81A
:100690000C80089B009323462A4631463846C047C3
:1006A00002B0BDE8F0814048404BC01AC0080004C9
:1006B0000E2400943E4B3F4A3F4940F0010000F0B9
:1006C00080FF2046ECE73848384BC01AC0080004C9
:1006D0000E240094364B394A374940F0010000F0AF
:1006E00070FF2046DCE73048304BC01AC0080004D9
:1006F000082400942E4B324A2F4940F0010000F0AC
:1007000060FF2046CCE72848284BC01AC0080004E8
:1007100009240094264B2B4A274940F0010000F0A1
:1007200050FF2046BCE72048204BC01AC0080004F8
:10073000092400941E4B244A1F4940F0010000F098
:1007400040FF2046ACE71848184BC01AC008000408
:1007500010240094164B1D4A174940F0010000F088
:1007600030FF20469CE71048104BC01AC008000418
:10077000102400940E4B164A0F4940F0010000F07F
:1007800020FF20468CE70848084BC01AC008000428
:1007900010240094064B0F4A074940F0010000F076
:1007A00010FF20467CE700BF986603001866030030
:1007B00004BB0300508D0300588D0300E48D03003B
:1007C0008C8D0300A08D0300EC8D0300188E0300B8
:1007D000308E0300548E03002DE9F04182B0F0B159
:1007E000884614461F460546066846B3002A36D09A
:1007F000FFF71AFF002842D06B681A6804FB02F268
:1008000041462846FFF7FCFE002848D036693B46A3
:10081000224641462846B04702B0BDE8F08128484C
:10082000284BC01AC00800040E240094264B274A07
:10083000274940F0010000F0C4FE2046ECE72048C4
:10084000204BC01AC0080004082400941E4B214A03
:100850001F4940F0010000F0B4FE2046DCE71848D4
:10086000184BC01AC008000409240094164B1A4AF9
:10087000174940F0010000F0A4FE2046CCE71048E4
:10088000104BC01AC0080004102400940E4B134AE9
:100890000F4940F0010000F094FE2046BCE70848F4
:1008A000084BC01AC008000410240094064B0C4AE0
:1008B000074940F0010000F084FE2046ACE700BF8D
:1008C0009866030018660300F0BA0300508D030019
:1008D000588D03008C8D0300A08D03007C8E0300D7
:1008E000A48E030029DF704728DF704703689B68E8
:1008F000002B28D000B587B000230093019302930A
:10090000039304930593019183680593037953B18D
:10091000012B11D102238DF80030C3681B03029311
:100920004369049308E001238DF8003003690293C2
:10093000C36803934369049303689B6868469847B8
:1009400007B05DF804FB704710B542698369D21A9D
:10095000B2F5805F28BF4FF4805292080469C168E5
:10096000012A38BF012219441819FFF7BBFF10BD37
:1009700008B5C26800691044FFF7B6FF08BD000063
:10098000114B0022DA6003791BB1012B0FD0104606
:10099000704742698369D11AB1F5805F94BF5B18D3
:1009A00003F5805383619A4209D0002070470369A0
:1009B000013303614269934203D000207047012054
:1009C00070470120704700BF1C490020064AD368C9
:1009D0000133D360082B01D8002070471346002252
:1009E000DA600120704700BF1C490020034B012240
:1009F0005A74187AB0FA80F0400970471C490020F8
:100A000008B502490248FFF725FA08BD144900203D
:100A10003049002008B505490548FFF70FFA054B96
:100A20001860003818BF012008BD00BF144900201D
:100A3000304900201849002008B51A4B1B7AA3B191
:100A4000184B02221A72184B18680379ABB1012BAC
:100A50001CD00321144B1868FFF748FF114B0022EC
:100A60001A725A60FFF7CCFF08BDFFF7D3FF0028CA
:100A7000E6D10C4B00225A60F6E7FFF765FF40B164
:100A80001128E6D1074B01221A72EDE7FFF770FF3C
:100A9000F5E7044B1B7C002BE6D10021022000F07F
:100AA00005F8E1E71C49002018490020831E012BAE
:100AB0002DD810B50446164B1B7A53B1022B03D127
:100AC000022807D0032818D0114B5B7CE3B9FFF74D
:100AD000B3FF10BD0F4B1868FFF752FF0028F3D08B
:100AE0000B4B00221A720B4B1868022C0AD00D21F6
:100AF000FFF7FCFEFFF784FFE6E7064B1868FFF7F9
:100B000065FFEBE71146F3E701F02EF9E1E77047E7
:100B10001C49002018490020012802D0032800D0D9
:100B2000704708B5054B00225A74012814BF0020F5
:100B300001201874FFF780FF08BD00BF1C4900208A
:100B40002DE9F04F83B0884601929B469DF8309086
:100B50000446D0B1B4F806A0637903FB0AFAAAF1FF
:100B6000040ADA4516D9E7880BF10403B3FBF7F65C
:100B700007FB1633019A156805EB0B02524501D9A4
:100B8000AAEB0B05019A15600BE01949B620FFF797
:100B9000D7F8DFE71649C420FFF7D2F8E3E7246867
:100BA000013E002EFBD1A7EB030AAA4528BFAA46A7
:100BB000B3460DE052460146184605F06FFC246826
:100BC000A5EB0A05D344BA46AF4228BFAA4633462E
:100BD0005DB108EB0B0023440433B9F1000FE9D0F9
:100BE0005246194605F05AFCE9E703B0BDE8F08F1C
:100BF000048F030008B5FFF71FFA08BDF8B50146DA
:100C00004679701E0A46002301E0126801338342D0
:100C1000FBD31768002405E00D683846FFF782FA19
:100C200001342946A642F7D8F8BD2DE9F843074616
:100C3000048A231F19440331B1FBF3F8FFF740FA8C
:100C40000646F8B10025057101234371043CC480B8
:100C50005FFA88F808F1FF3807608146454511D2F0
:100C60003846FFF72DFA044640B1737901337371AA
:100C7000C9F80000076001358146EFE73046FFF70D
:100C8000BDFF26463046BDE8F88308B50121043093
:100C9000FFF790F908BD10B5044601210430FFF7B5
:100CA00094F910F0FF0F00D010BD2046FFF7A6FF0B
:100CB000FAE7000010B584B01446039200220092B7
:100CC00003AAFFF73DFF039BA34201D104B010BD6F
:100CD0000249F620FFF734F8F8E700BF048F03005D
:100CE00010B584B0144603920122009203AAFFF7C4
:100CF00027FF039BA34201D104B010BD02494FF46A
:100D00008070FFF71DF8F7E7048F03008268002367
:100D1000936082681361826853618268D3608268DD
:100D2000536082681360704738B50C46054638B189
:100D30005CB12C6023686B60626893420AD038BD56
:100D400006495020FEF7FCFFF2E704495120FEF768
:100D5000F7FFEEE700236B60F1E700BFA08F030011
:100D600010B5044658B1236873B1636833B1226883
:100D700091680B446360526893420AD010BD0649E3
:100D80006320FEF7DDFFEEE703496420FEF7D8FF9E
:100D9000EBE700236360F1E7A08F03000E49A1F5A4
:100DA0009472914215D9A1EB020C4FEADC7303EB6C
:100DB000EC035B1002EBC30C52F83330834201D9D1
:100DC0006146EEE702D20CF10802EAE7DCF8040023
:100DD00070470020704700BF40BC030008B5FFF714
:100DE000DDFF00B108BD0148FCE700BF40BC0300C7
:100DF0007047704700B583B0044B00934FF4806395
:100E0000034A00F033F803B05DF804FB150E03004D
:100E1000404900200AB3F8B50F46144603260025C2
:100E200003E00E4B01221A70B4B12246791900205A
:100E300000F0D0FD0544241A0028F2D1074B1B789E
:100E400053B1074B4FF47A4043F001039847013EFA
:100E5000E7D1024B00221A70F8BD7047404D0020C8
:100E600060BC030008B500F0EBFD08BDF0B595B01F
:100E70000E4615461C460846FFF707FF0E950F94D1
:100E8000002310938DF8443012931A9A139208227B
:100E900008A93046FFF724FF0A9B0B93BDF82430C6
:100EA000ADF83030BDF82630ADF8323001238DF882
:100EB00035309DF8203003F00303012B06D0022BC0
:100EC00021D03046FFF7E7FE15B0F0BD089DC5F311
:100ED00095259DF82030C3F3C2038DF83430BDF85A
:100EE0002040C4F383140823A2000DEB0301304615
:100EF000FFF7F6FE0EAB00930BAB224602A9284685
:100F000000F020FCDDE7BDF82250C5F389159DF8FF
:100F10002030C3F3C2038DF8343008272C46082D47
:100F200028BF08243B46224602A93046FFF7D8FED8
:100F300027442D1B0EAB0BAA214602A800F064FC2F
:100F4000002DEBD1BDE7000008B5FFF78BFF0421B2
:100F5000064800F063FB002803DB054B01225A71B1
:100F600008BD04494120FEF7EBFEF6E700670300E9
:100F7000382B002040940300037813F0040F19D09D
:100F800003F00303012B03D0022B0AD0012070478A
:100F90000388C3F383130A68134402330B600120F0
:100FA00070474388C3F389130A68134402330B6004
:100FB0000120704700207047002002E001238BB918
:100FC000013009280CDC084BD3F81034002BF5D085
:100FD000DB681A79824201D01B68F7E70023EEE74D
:100FE0004FF0FF30704700BF444D002010B584B073
:100FF0002D4C2046FEF7F4FF201FFEF7F1FFA4F56D
:101000008364A3680393DBB2023304EB8304201DE3
:1010100006E09DF80C300233244800EB83000430D6
:1010200003A9FFF7A9FF0028F3D100220BE0039BDF
:10103000591C0391DBB202331C4901EB83035B684B
:101040004DF822300132012AF1D99DF8003003F029
:101050000303012B16D0022B1ED1BDF80640BDF8AC
:101060000230C3F389130333039A02EB9302039212
:101070000F48FEF7BAFF10B10C4B039A9A60204656
:1010800004B010BDBDF80640BDF80020C2F38312C5
:10109000039B13440393EBE706494FF4C270FEF73A
:1010A0004FFE0024E4E700BF5C510020444D0020C7
:1010B00058510020FC940300F0B583B006460C465E
:1010C0001746851C00238DF807300DF10700FDF74A
:1010D0003DFE1E4B5A6822609B689B1A03F5807385
:1010E00011E01B4C01212046FEF764FFFFF77EFF55
:1010F00001462046FEF75EFFA4F21C44A368626826
:101100009B1A03F58073AB42EBD30022B7B10123E6
:1011100063F3010242F0040266F389120B4841684E
:10112000CBB2023300EB83035A60294441609DF83F
:101130000700FDF71DFE012003B0F0BD022363F39D
:10114000010242F0040266F39F52E7E7444D00209B
:101150006051002010B5074B01221A700648FFF7B6
:1011600049FD044608B1204610BD0448FFF7CEFDF6
:10117000F9E700BF444D00200466030074BC03007F
:101180000248034BC01AC008704700BF0067030045
:101190001866030099B110B50446FFF7F1FF00236C
:1011A00083420AD2074A32F823102268914201D0C2
:1011B0000133F5E72360002000E0052010BD00208A
:1011C000704700BF1C2B00202DE9F04706460F4654
:1011D00090461D46DDF82090040C00211A48FEF7C9
:1011E000A8FE80F3100AFFF7CBFFA04225D96B1CA5
:1011F00003EA090344EA0A42144C023304EB830372
:101200005A6005EA0905023504EB85031A7966F38D
:10121000C5021A719A8868F389129A805A6867F32E
:101220009F225A601A79012161F301021A71D2B228
:1012300022F004021A71BDE8F087054940F2A910B6
:10124000FEF77EFDD3E700BF60510020444D002033
:10125000FC94030000B583B0019001A8FFF79AFF4A
:1012600030B9019A034B53F8320003B05DF804FB28
:101270000020FAE718660300094B03EBC0030139AD
:10128000032909D8DFE801F0020A040602207047AA
:1012900018797047587970470020704704207047CC
:1012A00018660300034B98685B68984214BF0020DF
:1012B00001207047444D00202DE9F04186B0FFF732
:1012C000F1FF002840F01F81044690480023C0F839
:1012D0001834BFF34F8F83680593DBB2023300EB02
:1012E0008300043005E0DBB20233884800EB830062
:1012F000043005A9FFF740FE30B3844BD3F818340F
:1013000023BB824B5A68059B9A42ECD87F4B9A606C
:10131000F5E0059B591C0591DBB202337B4901EBDB
:101320008303596802AB43F822100132012AF0D935
:101330009DF8083003F00303022B09D0012B6DD078
:10134000724BD3F81044C9E00022EFE70022EDE72A
:10135000BDF80A30C3F38916B046502E28BF4FF0AF
:10136000500868F38F13ADF80A3008F10801684897
:10137000FFF75BFC05460028E2D0FFF786FC002360
:1013800008220DEB02012846FFF794FC0599CB4398
:10139000DBB201339F00B8EB830F33D91FBB5FFA79
:1013A00088F700245B49A04608233A462846FFF701
:1013B00081FC07F1080324B1424621462846FFF785
:1013C00079FC0336059B03EB96030593002DB7D0FC
:1013D0004E4BD3F81044D3F81834002B57D028467E
:1013E000FFF759FC86E0C9B20231484C04EB810199
:1013F0000431FFB25FFA88F8A8EB07085FFA88F8B3
:101400000C34D1E7CBB20233404901EB830108230E
:10141000424604312846FFF74DFCD2E7BDF80820CC
:10142000C2F38313062B28BF062363F38912ADF89A
:101430000820023399003648FFF7F7FB05460028DD
:101440003FF47EAFFFF721FC002308220DEB0201E1
:101450002846FFF72FFC002408260FE0059B5A1CA6
:101460000592DBB20233294901EB830133460422A2
:1014700011442846FFF71EFC04360134BDF808303D
:10148000C3F38313A342E9D8A0E7E3681C684CB117
:10149000E3685B79002BF8D023681B682946204657
:1014A0009847F2E72846FFF7F6FB00238DF8073050
:1014B0000DF10700FDF74AFC144BD3F8183413B9AB
:1014C000124B059A9A609DF80700FDF751FC11E058
:1014D00023689B6820469847E3681C68002CF7D176
:1014E0000D480E4BC01AC00800040D4940F0020020
:1014F00000F04CF8FFF7D6FE80F00104E4B220467D
:1015000006B0BDE8F0810024F9E700BF444D00209B
:1015100004660300504D002068660300186603004F
:10152000A09503002DE9F04184B007468846164691
:101530001D46012203A91846FFF7BEFDC8B1039B53
:10154000991C4FF0000C0BE0CAB202320E4C04EBB7
:10155000820E56F82C20CEF804200CF1010C01313B
:10156000AC45F1D3FF2200922A4641463846FFF7A8
:101570002BFE054B1B781BB1FFF79EFE0028FBD10D
:1015800004B0BDE8F08100BF444D002008B5002341
:101590001A46FFF7C7FF08BD00B583B001920123CB
:1015A00001AAFFF7BFFF03B05DF804FB00B583B0ED
:1015B0000092019302236A46FFF7B4FF03B05DF87F
:1015C00004FB00B585B001920293069B03930323AD
:1015D00001AAFFF7A7FF05B05DF804FB00B585B0D1
:1015E00000920193069B0293079B039304236A4690
:1015F000FFF798FF05B05DF804FB00B587B00192D6
:101600000293089B0393099B04930A9B059305236C
:1016100001AAFFF787FF07B05DF804FB10B5044689
:10162000FFF7CAFCB0F1FF3F0ED0E36818710A4B18
:10163000D3F810344BB1DA68E36812681A60064BCD
:10164000D3F81034DB681C6010BD034BC3F81044A2
:10165000E36800221A60F7E7444D002010B5094BFB
:10166000D3F8104401221A7008E0E36801225A718D
:1016700023685B6820469847E3681C68002CF4D117
:1016800010BD00BF444D002070B582B004460D4629
:10169000C388A3B9217A05290FD0637ABBB9227A0E
:1016A000104B53F822600021A088FFF7D3FD0346BA
:1016B00032460D492846FEF773FD02B070BD0B4A55
:1016C00000920B4A0B492846FEF76AFDE2E7A08824
:1016D000FFF7D2FD084B53F8202008492846FEF7B3
:1016E0005FFDDCE7A4BC0300E4950300D89503008C
:1016F000B8950300C095030080BC0300E09503008B
:1017000010B50C46037A052B0FD0437A3BB90A4932
:101710002046FEF745FD2046FEF72EFD10BD074A88
:1017200007492046FEF73CFDF1E7002AF3D00249C5
:101730002046FEF735FDEEE7BC6D0300D8950300AB
:10174000E09503002DE9F04385B081460D469046B3
:101750001E460C9C277B0023237321463046FFF74F
:1017600093FFB8F1060F09D8DFE808F00411171E3F
:1017700027323F0049462046FEF712FD002221464F
:101780003046FFF7BDFF277305B0BDE8F0832A6838
:1017900049462046FEF704FDF0E76B682A68494693
:1017A0002046FEF7FDFCE9E7AB6800936B682A680A
:1017B00049462046FEF7F4FCE0E7EB680193AB688E
:1017C00000936B682A6849462046FEF7E9FCD5E796
:1017D0002B690293EB680193AB6800936B682A68EE
:1017E00049462046FEF7DCFCC8E76B6903932B698A
:1017F0000293EB680193AB6800936B682A684946D3
:101800002046FEF7CDFCB9E7082900D970472DE93D
:10181000F04707460E4690461D4693F80C9000246C
:101820001C7319461046FFF72FFF04E01C49284699
:10183000FEF7B6FC0134072C07D8B442F6D23A5D65
:1018400018492846FEF7ACFCF4E717492846FEF78E
:10185000A7FC002407E04FF02E0A52461349284601
:10186000FEF79EFC0134072C11D8B4420AD2385D31
:101870007E28F0D8824604F0A3FA0028EDD14FF07C
:101880002E0AEAE70A492846FEF78AFCEAE701221F
:1018900029464046FFF734FF85F80C90BDE8F087F5
:1018A000F8950300F0950300FC95030000960300F3
:1018B000049603000369C268934204D881688A1AB7
:1018C0001344581E7047981A013870472DE9F843A1
:1018D000044688461646C5688768A7EB0509914502
:1018E00007D94068284404F0D9FD3544E560BDE8D7
:1018F000F88340684A46284404F0D0FDED1B354487
:101900002A4608EB0901606804F0C8FDE560EEE7CF
:101910002DE9F843064688461746C5684FF000098A
:1019200018E05B1B5A1EB3685C1B944228BF144628
:10193000BC4228BF3C46706822464146284404F019
:10194000ADFDA144A0443F1B2544B368AB4209D080
:10195000F5604FB133699D42E3D3B2685B1B1A4413
:10196000013AE0E70025F3E74846BDE8F8830000C8
:10197000124B02221A615A6111499961114ADA61C6
:101980004FF400721A6200229A625A62DA62996413
:101990000D49D964102119659A655A65DA650B4AB3
:1019A0001068C3F807000A4A92E80300186099809B
:1019B000090C997120229A71704700BFDC540020F5
:1019C00058960300DC520020CC520020649603009D
:1019D00068960300F8B50F461646441C04EB440411
:1019E000164B03EBC40400EB400003EBC003DD6ABD
:1019F000012D0ED0022D1AD0F5B92046FFF75AFF5F
:101A0000864212D8324639462046FFF75FFF3546F8
:101A10000BE02046FFF74EFF3546864228BF0546BD
:101A20002A4639462046FFF751FF2846F8BD204692
:101A3000FFF76EFF0546F8E70025F6E7DC540020C7
:101A400008B5FFF795FF08BD002807DB00F01F026F
:101A5000400901239340024A42F82030704700BFFA
:101A600000E100E000280CDB00F01F024009012328
:101A700093402030034A42F82030BFF34F8FBFF32A
:101A80006F8F704700E100E0002807DB00F1604045
:101A900000F5614090F800034009704700F00F0026
:101AA000014B185C4009704714ED00E010DF7047EF
:101AB00011DF70471F2808DD3F280CDC2038012388
:101AC000834014BF012000207047044B23FA00F02C
:101AD00000F0010070470120704700BFFC06FFBD09
:101AE00038B50446FFF7E6FFE8B12046FFF7CCFF24
:101AF00007281CD8EC23034113F0010F1AD00F4B19
:101B00009D6865B16009194653F8203004F01F0440
:101B10000122A240134341F82030002505E0204671
:101B2000FFF792FF01E042F20105284638BD42F27C
:101B30000205FAE742F20205F7E700BF7848002005
:101B400038B50446FFF7B6FFA8B10C4B9D6875B1D8
:101B50006009194653F8203004F01F040122A24006
:101B600023EA020341F820300025284638BD2046EC
:101B7000FFF778FFF9E742F20105F6E77848002021
:101B800070B582B00646154D154BED1AED082D04C3
:101B900045F00405024613492846FFF7FDFC1249AB
:101BA0006846FFF7C1F807E0224610492846FFF7CC
:101BB000F3FC6846FFF7D4F8019C64B123686168C0
:101BC000304698470028EFD1224609492846FFF7BA
:101BD000E3FC112000E0002002B070BDA06603000D
:101BE0001866030070960300D0BC030088960300BB
:101BF000A896030010B582B004460E480E4BC01ADA
:101C0000C008000422460D4940F00400FFF7C4FC60
:101C10000B496846FFF788F806E01A6859682046BD
:101C200090476846FFF79CF8019B002BF5D102B066
:101C300010BD00BFA066030018660300CC96030029
:101C4000C4BC030008B51620FFF74AFF00B908BD61
:101C5000024AA121FCF706FFF9E700BFE496030062
:101C600008B51620FFF76CFF00B908BD024AAD2188
:101C7000FCF7F8FEF9E700BFE496030010B582B068
:101C80001B4B1B7873BB1B4B01221A700020FFF704
:101C900077FF11282AD00020FFF7ACFF164B1B68F6
:101CA000019300238DF803300DF10300FDF74EF88A
:101CB000124901A8FFF7FAFE0446B0FA80F0400985
:101CC0000B4B18709DF80300FDF752F85CB9002328
:101CD000084A13700A4A1370FFF7B4FF0120FFF798
:101CE00089FF00E00824204602B010BD0024FAE776
:101CF0005655002054550020DCBC030081EA020048
:101D00005555002030B583B0154B1B7813B3012017
:101D1000144B1870FFF734FF11281FD00220FFF773
:101D200069FF00258DF807500DF10700FDF70EF84B
:101D3000FFF7BEFE04460A4B1D709DF80700FDF735
:101D400017F844B9074B1D70FFF78AFF0320FFF710
:101D500051FF00E00824204603B030BD0024FAE71C
:101D6000565500205455002008B5074B1B7843B149
:101D7000064B1B7813B1FFF7C5FF08BDFFF77EFFC9
:101D8000FBE70820F9E700BF545500205655002016
:101D9000014B1878704700BF5655002000B583B03E
:101DA00008496846FEF7C0FF05E01A685868904782
:101DB0006846FEF7D5FF019B002BF6D103B05DF816
:101DC00004FB00BFB8BC030008B5FFF7E7FF08BD80
:101DD00060DF704769DF704761DF70474FF0805305
:101DE000D3F80C01800200F100507047164B1B78AD
:101DF00043B300B5ADF5017D09E01A68596803A841
:101E0000904701A8FEF7ACFF029B002BF5D14FF4E1
:101E1000FA73ADF802300DF1020103A8FFF7DCFF01
:101E200020B90A4901A8FEF77FFFEDE7052803D195
:101E30000DF5017D5DF804FB054A40F23B11FCF70E
:101E400011FEF5E7704700BF57550020E0BC0300C6
:101E50008897030018B1034A0260002070470E20E3
:101E6000704700BF082B0020F0B585B005460C4632
:101E70000846FFF7EFFF064610B1304605B0F0BD4B
:101E800000230193029303938DF8045001238DF8EE
:101E900006300623ADF80830226801A92020FFF79C
:101EA00099FF002858D10023019302930393012343
:101EB0008DF80530226801A94020FFF78BFF00282C
:101EC00058D100230193029303938DF80450F72314
:101ED000ADF80630226801A92320FFF77BFF002818
:101EE00056D1002301930293039303238DF804300A
:101EF000226801A90120FFF76DFF002856D10023B9
:101F00000193029303934FF4B0630193226801A9F4
:101F1000A120FFF75FFF002856D100230193029311
:101F200003939DF8043043F001038DF804302268D8
:101F300001A9A020FFF74EFF00289ED0294C2A4A75
:101F4000A41AE4082404FEF749FF0246274944F096
:101F50000100FFF721FB90E7224F234ABF1AFF0839
:101F60003F04FEF73BFF0246214947F00100FFF71F
:101F700013FB98E71B4F1C4ABF1AFF083F04FEF7EC
:101F80002DFF02461B4947F00100FFF705FB98E7CC
:101F9000144D154AAD1AED082D04FEF71FFF024639
:101FA000154945F00100FFF7F7FA9AE70D4D0E4A83
:101FB000AD1AED082D04FEF711FF02460F4945F05A
:101FC0000100FFF7E9FA9AE7064D074AAD1AED0856
:101FD0002D04FEF703FF0246094945F00100FFF713
:101FE000DBFA9AE7A866030018660300A4990300C9
:101FF0002898030070980300BC980300049903001C
:1020000050990300F8B504460768FFF7E1FE05465E
:102010002368BB4205D8F5B9164B01221A70284631
:10202000F8BD154E154BF61AF608360446F00206B2
:1020300013493046FFF7AAFA23683A461149304659
:10204000FFF7B4FAFFF7CAFE2268821A0E4930463B
:10205000FFF7A2FADFE7084C084BE41AE40824046F
:102060002846FEF7BBFE0246084944F00100FFF790
:1020700093FAD4E757550020A866030018660300BA
:10208000F8990300289A03005C9A0300889A0300D9
:102090004BDF704700B585B009E01A6859680198B0
:1020A000904702A8FEF75CFE039B002BF5D101A828
:1020B000FFF7EEFF78B90D480D4BC01AC0080004B9
:1020C000019A0C4940F00400FFF766FA0A4902A899
:1020D000FEF72AFEE8E7052802D105B05DF804FB0B
:1020E000064A6B21FCF7BEFCF7E700BFB0660300B1
:1020F00018660300B49A0300ECBC0300C89A0300FE
:10210000FEE77047704738B50C464568284600F032
:1021100059F8E1B2022906D004290BD141682846BA
:10212000F6F72BF806E000F087F8002203210846B6
:10213000F5F7BCFF38BD08B500F0A8F808BD38B504
:102140000C464568284600F03DF8E1B2062906D065
:10215000072908D101682846F6F70FF803E001685F
:102160002846F6F70AF838BD08B500F0BDF808BDF6
:1021700002460C4942F8141B426000228260C26091
:10218000094A0261094A0260094A426180610949BB
:10219000C1610949416102624062084A8262084A9B
:1021A00002627047F4B80300749B030028BD03006B
:1021B000E0B80300849B030000BD0300007503002A
:1021C00014BD0300034600F11402024802602033EC
:1021D000436070475855002008B50948094BC01A9C
:1021E000C0080004084940F00400FFF7CFF9074891
:1021F000F6F75BF8002207210320F5F757FF08BD2B
:1022000068660300186603008C9B0300605500207D
:1022100000B583B0054B0093002342F210720449CD
:102220000448F5F7D1FF03B05DF804FBD9210300A2
:10223000A49B03006055002008B50248F6F7AAF9F0
:1022400008BD00BF15240300014B1860704700BF94
:10225000402B002008B50848084BC01AC0080004ED
:10226000074940F00400FFF791F9064B196806484A
:10227000F5F7D7FF08BD00BF6866030018660300C6
:10228000B49B0300402B00206055002008B5074890
:10229000074BC01AC0080004064940F00400FFF7CD
:1022A00075F9F6F7FBF8FFF7D5FF08BD6866030080
:1022B000186603003C6C030008B50748074BC01ABA
:1022C000C0080004064940F00400FFF75FF9054824
:1022D000F5F7C2FF08BD00BF68660300186603007B
:1022E000CC9B03006055002008B50748074BC01A77
:1022F000C0080004064940F00400FFF747F9F6F76C
:10230000EDF8FFF7D9FF08BD686603001866030003
:10231000E49B030008B5114682189378D27843EA0B
:1023200002231BB213F5716F00D008BD01F10C033D
:10233000C35C03F0010C224A82F800C0C3F3400CD6
:1023400082F801C0C3F3800C82F802C0C3F3C00C52
:1023500082F803C0C3F3001C82F804C0C3F3401C1E
:1023600082F805C0C3F3801393710844437A03EBEA
:1023700083035B001381837A03EB83035B00538148
:10238000C37A03EB83035B00938143794FF0640CC2
:102390000CFB03F381790CFB01F143EA0143136168
:1023A0000023536107490B6801330B6008210320A8
:1023B000F5F792FE044B19680448F5F75BFFB4E7A4
:1023C0009855002094550020402B00206055002097
:1023D000F8B507460E46002503E02C44A4B20134AC
:1023E000A5B2B5420FD22B467C5D64B12A19B24228
:1023F00009DA0133FB5CFF2BEFD12A463146384620
:10240000FFF788FFE9E7F8BD08B501790068FFF735
:10241000DFFF08BD08B50378042B13D8DFE803F00D
:1024200013121E2903001548154BC01AC0080004DA
:10243000144940F00400FFF7A9F800220721032007
:10244000F5F734FE08BD0D480D4BC01AC008000456
:102450000D4940F00400FFF799F8F3E70748084BEF
:10246000C01AC0080004094940F00400FFF78EF8C4
:10247000E8E74068FFF7C8FFE4E700BF68660300CD
:1024800018660300F49B0300049C0300149C0300E3
:1024900008B5FFF7BDFE08BD70B505460C461646EB
:1024A00000F022F83246214600F05EF82146284628
:1024B000F5F728FE70BD000010B50446F5F7DCFD09
:1024C000014B2360204610BD34BD030010B5044607
:1024D000FFF7F2FF04F15C00F5F7E7FC04F6EC10FF
:1024E000FFF746FE204610BD08B50A4B1B68BFF338
:1024F0005B8F13F0010F01D0074808BD054804F0B9
:102500002FF80028F8D00448FFF7E0FF014804F056
:102510003BF8F1E7D0550020D455002038B50446EB
:102520000D4B0E4A9B1ADB081B040D4943F00300B8
:10253000FFF72CF804F15C050A4A05212846F5F757
:10254000C9FC2A4603212046F5F79EFD04F6EC104F
:10255000F5F727FE38BD00BF686603001866030064
:102560002C9C0300489C030008B500F6EC10F5F71E
:10257000FCFD08BD08B5C06800F0CAFA0548064B66
:10258000C01AC0080004054940F00400FEF7FEFF31
:1025900008BD00BF68660300186603004C9C03007A
:1025A000F8B50D464668284C284BE41AE408240484
:1025B00044F0040426492046FEF7E8FF304600F0C8
:1025C00099F90746E9B20D2939D8DFE801F0070C7F
:1025D00038113838161B24383829382E1D49204622
:1025E000FEF7D4FFF8BD1C492046FEF7CFFFF9E700
:1025F00041683046F5F7C1FDF4E718492046FEF77B
:10260000C5FFEFE716492046FEF7C0FF39683046A0
:10261000F5F7B3FDE6E713492046FEF7B7FFE1E71C
:1026200011492046FEF7B2FFDCE710492046FEF7CD
:10263000ADFF002204210846F5F738FDD2E70C492A
:102640005520FDF77DFBCDE76866030018660300A3
:10265000789C0300B09C0300D49C0300F49C03000E
:10266000389D0300789D0300B49D0300FC9D03008A
:102670003C9E030008B5C06800F062FA0548064BAE
:10268000C01AC0080004054940F00400FEF77EFFB0
:1026900008BD00BF6866030018660300C89E0300FB
:1026A00008B5C06800F004FA0548064BC01AC00817
:1026B0000004054940F00400FEF768FF08BD00BFB4
:1026C0006866030018660300F49E030070B50D46AB
:1026D00046681E4C1E4BE41AE408240444F004042B
:1026E0001C492046FEF752FF304600F003F9E9B2DC
:1026F0000D2926D8DFE801F0070C250B112516253A
:1027000025252525251B14492046FEF73FFF70BDD2
:1027100012492046FEF73AFFF9E701683046F5F71F
:102720002CFDF4E781683046F5F727FDEFE70C490B
:102730002046FEF72BFF002204210846F5F7B6FCE1
:10274000E5E708494920FDF7FBFAE0E76866030082
:1027500018660300189F0300B09C0300D49C03007C
:10276000489F0300809F030008B5C06800F0B8F9D7
:102770000548064BC01AC0080004054940F0040093
:10278000FEF704FF08BD00BF68660300186603007B
:1027900000A0030008B50548054BC01AC008000496
:1027A000044940F00400FEF7F1FE08BD686603002E
:1027B0001866030020A0030008B50548054BC01AA1
:1027C000C0080004044940F00400FEF7DFFE08BD25
:1027D000686603001866030040A00300F8B50546CC
:1027E0000F4646681C4C1D4BE41AE408240444F0D0
:1027F00004041B492046FEF7C9FE304600F07AF873
:10280000F9B20B2923D8DFE801F0060B10180A22D1
:102810001D220A0A220A13492046FEF7B7FEF8BD18
:1028200011492046FEF7B2FEF9E7E86800F02AF900
:102830000E492046FEF7AAFEF1E741683046F5F75B
:102840009CFCECE781683046F5F797FCE7E7084920
:102850005220FDF775FAE2E7686603001866030088
:1028600060A00300B09C0300D49C030088A0030078
:10287000A8A0030038B504460346144A43F8142BB5
:10288000436000238360C360114B0361114B0360FD
:10289000114D45618061114BC361114B436100F0E3
:1028A0004BF820626562A4620E4BE3620E4B6362DA
:1028B00000F042F820636563A4630C4BE3630C4BA8
:1028C000636300F039F82064204638BDF4B8030093
:1028D00028A103007CBD0300E0B803002CA1030085
:1028E00068BD030034A1030054BD03003CA10300F4
:1028F00040BD0300034600F114020448026003F1E6
:102900002402426034338360704700BFEC5F0020D4
:1029100010B5044614234360092383601523C36064
:10292000162303610A234361022383611C30F5F7F8
:102930004DFD204610BD000008B50A4B1B68BFF3D3
:102940005B8F13F0010F01D0074808BD054803F065
:1029500007FE0028F8D00448FFF7DAFF014803F02B
:1029600013FEF1E7F85F0020FC5F00202DE9F04343
:1029700099B005463C483D4BC01AC00800043C498C
:1029800040F00400FEF702FE12AB002412941394F0
:1029900014941594169417940127139714976A6842
:1029A000129218AA12E903008DE803000FCBF6F784
:1029B000ADF821466868F6F788F80CAB0C940D94D6
:1029C0000E940F94109411940D970E97AA680C9280
:1029D00010AA92E803008DE803000FCBF6F796F8F3
:1029E0002146A868F6F771F8224BD3F80080ADF8BD
:1029F0002C804FEA18498DF82E9003268DF82D6013
:102A00001D4B0B9A3146E868F6F79DF8ADF8288023
:102A10008DF82A908DF82960184B0A9A314628695A
:102A2000F6F791F8ADF824808DF826908DF82560A2
:102A3000134B099A31466869F6F785F803AB03949E
:102A40000494059406940794089405970696AA6939
:102A5000039207AA92E803008DE803000FCBF6F774
:102A600055F819B0BDE8F0836866030018660300E6
:102A700050A1030080BD0300D92B03002D2C0300BF
:102A8000752C030010B50446064B074A9B1ADB0859
:102A90001B04064943F00400FEF778FD2046FFF7CB
:102AA00065FF10BD68660300186603006CA1030093
:102AB00010B50446074B084A9B1ADB081B0407495C
:102AC00043F00400FEF762FD01216068F5F7FDFFA9
:102AD00010BD00BF686603001866030080A10300F4
:102AE00010B50446074B084A9B1ADB081B0407492C
:102AF00043F00400FEF74AFD00216068F5F7E5FFAA
:102B000010BD00BF6866030018660300A4A103009F
:102B100010B50446074B084A9B1ADB081B040749FB
:102B200043F00400FEF732FD0121A068F5F7CDFF68
:102B300010BD00BF6866030018660300C8A103004B
:102B400010B50446074B084A9B1ADB081B040749CB
:102B500043F00400FEF71AFD0021A068F5F7B5FF69
:102B600010BD00BF6866030018660300ECA10300F7
:102B700008B51C30F5F770FC0548064BC01AC008B4
:102B80000004054940F00400FEF700FD08BD00BF49
:102B9000686603001866030010A2030010B504461F
:102BA0000A4B0B4A9B1ADB081B040A4943F004003A
:102BB000FEF7ECFCE068F5F783FF012800D010BDBC
:102BC00000220B210420F5F771FAF8E7686603008C
:102BD0001866030030A2030008B5FFF7ADFEFFF74B
:102BE000DDFF08BD10B504460D4B0E4A9B1ADB08ED
:102BF0001B040D4943F00400FEF7C8FC2069F5F7FB
:102C00005FFF012805D0002208210420F5F74EFAC5
:102C100010BD002207210420F5F748FAF8E700BFAD
:102C2000686603001866030064A2030008B5FFF796
:102C300083FEFFF7D7FF08BD10B504460A4B0B4AC9
:102C40009B1ADB081B040A4943F00400FEF79EFCB4
:102C50006069F5F735FF00B110BD0022092104209D
:102C6000F5F724FAF8E700BF68660300186603006A
:102C700090A2030008B5FFF75FFEFFF7DDFF08BD78
:102C800038B50C4615460848084BC01AC008000461
:102C9000074940F00400FEF779FC00F023F82A46CB
:102CA000214600F04FF838BD68660300186603003F
:102CB000C0A2030010B50446F5F7DEF9014B23600E
:102CC000204610BD8CBD030010B50446FFF7F2FF8F
:102CD00004F15C00F5F7E9F804F6EC10FFF7CAFD23
:102CE000204610BD08B50A4B1B68BFF35B8F13F07D
:102CF000010F01D0074808BD054803F031FC00284A
:102D0000F8D00448FFF7E0FF014803F03DFCF1E78D
:102D10007C6000208060002038B5044600F15C052E
:102D2000074A01212846F5F7D5F82A46042120460E
:102D3000F5F7AAF904F6EC10F5F733FA38BD00BF41
:102D400028A1030008B500F6EC10F5F70EFA08BD4F
:102D500008B50548054BC01AC0080004044940F0F6
:102D60000400FEF713FC08BD686603001866030044
:102D7000D8A2030010B50446064B074A9B1ADB088D
:102D80001B04064943F00400FEF700FCE06800F075
:102D90008DFC10BD6866030018660300FCA20300EA
:102DA0002DE9F0470546884616464768434C444B94
:102DB000E41AE408240444F0040942494846FEF7B2
:102DC000E5FB384600F04CF95FFA88F110290ED87F
:102DD000DFE801F0090F0D14190D1E27313B0D48D6
:102DE000404D57606A0038494846FEF7CFFBBDE8C2
:102DF000F08736494846FEF7C9FBF8E734494846AC
:102E0000FEF7C4FBF3E733494846FEF7BFFBEEE7A6
:102E1000E86800F0BFFB002208210220F5F746F920
:102E2000E5E78246E86800F06FFEDAF80010384601
:102E3000F5F7A3F9DBE728494846FEF7A7FB002290
:102E400007210220F5F732F9D1E724494846FEF779
:102E50009DFBCCE722494846FEF798FBE86800F066
:102E6000BBFEC4E71F494846FEF790FBBFE71E497B
:102E70004846FEF78BFB002207210220F5F716F9E2
:102E8000B5E71A494846FEF781FBF1B2E86800F061
:102E9000CFFDACE7164944F00200FEF777FBF1B234
:102EA000E86800F00BFBA2E7124944F00300FEF7CC
:102EB0006DFBF1B2E86800F035FB98E76866030047
:102EC0001866030020A3030050A3030074A30300AB
:102ED00094A30300B8A30300DCA3030018A4030019
:102EE00040A4030088A40300CCA4030004A50300AD
:102EF0003CA5030078A5030008B50548054BC01A9A
:102F0000C0080004044940F00400FEF73FFB08BD80
:102F10006866030018660300B4A5030008B50548F9
:102F2000054BC01AC0080004044940F00400FEF735
:102F30002DFB08BD6866030018660300D4A50300D6
:102F4000F8B505460F4646681A4C1B4BE41AE408D0
:102F5000240444F0040419492046FEF717FB3046C8
:102F600000F07EF8F9B20C290CD8DFE801F0070C6C
:102F700011190B0B0B0B0B0B0B0B1E0010492046F2
:102F8000FEF704FBF8BD0F492046FEF7FFFAF9E70C
:102F90000D492046FEF7FAFAE86801F06FF8F1E70C
:102FA000C1683046F5F7E9F8ECE781683046F5F797
:102FB000E4F8E7E76866030018660300F4A5030079
:102FC00050A3030074A303001CA6030038B50446F5
:102FD0000346174A43F8142B436000238360C36001
:102FE000144B0361144B0360144D45618061144B15
:102FF000C361144B436100F0F9F920626562A46279
:10300000114BE362114B636225636463104BA3634E
:10301000104B236300F0EAF9E063256464640E4B0F
:10302000A3640E4B236400F0E1F9E064204638BD50
:10303000F4B803003CA60300C0BD0300E0B80300E1
:103040002CA10300ACBD030040A60300E0BD0300BB
:1030500048A60300CCBD030054A6030098BD03009E
:10306000034600F114020548026003F124024260A5
:1030700003F1300282604033C3607047B06A0020C1
:1030800008B50548054BC01AC0080004044940F0C3
:103090000400FEF77BFA08BD6866030018660300AB
:1030A00060A6030010B50446064B074A9B1ADB08CE
:1030B0001B04064943F00400FEF768FAE06800F0DC
:1030C000F5FA10BD686603001866030084A60300C5
:1030D0002DE9F04705468846164647683F4C404B69
:1030E000E41AE408240444F004093E494846FEF783
:1030F0004DFA3846FFF7B4FF82465FFA88F110298F
:103100000ED8DFE801F0090F0D141E0D282D430D18
:103110000D0D0D364D56600033494846FEF736FA20
:10312000BDE8F08731494846FEF730FAF8E7304904
:103130004846FEF72BFADAF80C103846F5F71DF87A
:10314000EEE72C494846FEF721FADAF80C1038462B
:10315000F5F713F8E4E728494846FEF717FADFE7E2
:10316000E86800F0D1FCDAF800103846F5F705F809
:10317000D6E722494846FEF709FAE86800F0FEFA69
:10318000DAF800103846F4F7F8FFC9E71C4948465A
:10319000FEF7FCF9002207210220F4F787FFBFE7C2
:1031A00018494846FEF7F2F9F1B2E86800F040FC31
:1031B000B6E7154944F00200FEF7E8F9F1B2E86815
:1031C00000F07CF9ACE7114944F00300FEF7DEF9AA
:1031D000F1B2E86800F0A6F9A2E700BF6866030054
:1031E0001866030084A60300A4A60300D8A6030063
:1031F00008A703003CA703006CA70300CCA40300AE
:10320000DCA3030004A50300A0A70300F0A70300AC
:1032100008B50548054BC01AC0080004044940F031
:103220000400FEF7B3F908BD6866030018660300E2
:1032300040A8030008B50548054BC01AC0080004A3
:10324000044940F00400FEF7A1F908BD68660300D8
:103250001866030060A8030070B50D4646681D4C53
:103260001D4BE41AE408240444F004041B492046DE
:10327000FEF78CF93046FFF7F3FEE9B208290AD8C9
:10328000DFE801F0050A090F1409191E230014498B
:103290002046FEF77BF970BD12492046FEF776F90D
:1032A000F9E711492046FEF771F9F4E70F49204686
:1032B000FEF76CF9EFE70E492046FEF767F9EAE7FB
:1032C0000C492046FEF762F9E5E70B492046FEF778
:1032D0005DF9E0E7686603001866030080A8030054
:1032E00050A3030074A3030094A30300B8A3030036
:1032F000A8A80300CCA80300F0A8030008B50A485A
:103300000A4BC01AC0080004094940F00400FEF747
:103310003DF9F5F7FFFE012800D008BD00220D2180
:103320000220F4F7D9FEF8E7686603001866030088
:1033300018A9030000B583B0174B009301234FF485
:10334000FA7216491648F4F73FFF164B0093002314
:1033500041F2883214491548F4F736FF144B0093B4
:1033600001234FF4FA6213491348F4F72DFF134B6E
:103370000093012342F2107211491248F4F724FF1E
:10338000114B0093002341F2883210491048F4F7A2
:103390001BFF03B05DF804FB1936030040A90300CE
:1033A000946B0020FD32030050A90300606B0020E5
:1033B000213E030068A903002C6B0020553E03004A
:1033C00078A90300F86A0020153C030088A90300CF
:1033D000C46A002010B504460830F5F77DF904F5FD
:1033E0001870F5F7D9FE204610BD000008B50A4B4D
:1033F0001B68BFF35B8F13F0010F01D0074808BDB6
:10340000054803F0ADF80028F8D00448FFF7E2FFC4
:10341000014803F0B9F8F1E7C86B0020CC6B00203D
:1034200010B582B01D4C1E4BE41AE408240444F08D
:1034300004041C492046FEF7A9F81B492046FEF764
:10344000A5F81A492046FEF7A1F8194B03F110021E
:1034500092E803008DE803000FCBF5F757FB01213D
:103460002F20F5F732FB134B03F1100292E8030013
:103470008DE803000FCBF5F749FB01210520F5F797
:1034800024FB0D4B03F1100292E803008DE80300CA
:103490000FCBF5F73BFB02B010BD00BF6866030021
:1034A0001866030098A90300B4A90300E0A903006B
:1034B0001CBE030004BE0300ECBD030030B583B0A6
:1034C0000C46114B1D7845EA01021A708DB10F4868
:1034D0000F4BC01AC008000440F002000A4B1B78D2
:1034E0007DB90C4A009222460B49FEF76AF803B0F8
:1034F00030BD00F51870F5F79DFD084B00221A70DD
:10350000E5E7074AEEE700BF617100206866030047
:10351000186603000CAA030024AA030060710020AF
:1035200018AA030010B50C46134A137823EA0103C6
:103530001370A3B900F51870F5F776FD0F4B012253
:103540001A700F480F4BC01AC00800040E4B1B78AE
:1035500022460E4940F00300FEF728F810BD084847
:10356000084A801AC00800040A46094940F00200CF
:10357000FEF71CF8F2E700BF6171002060710020C7
:103580006866030018660300482B002064AA030045
:10359000B0AA030008B500F51870F5F751FD05480D
:1035A000054BC01AC0080004044940F00400FDF7B0
:1035B000EDFF08BD686603001866030004AB030056
:1035C00008B500F51870F5F7A1FD0548054BC01AC0
:1035D000C0080004044940F00400FDF7D7FF08BD0F
:1035E000686603001866030020AB030010B50446AC
:1035F000F5F790FD20600548054BC01AC00800048F
:10360000044940F00400FDF7C1FF10BD68660300E7
:103610001866030040AB030010B5084C2046FFF7C6
:10362000E5FF0748074BC01AC00800042268064996
:1036300040F00400FDF7B0FF10BD00BFC06A0020DD
:10364000686603001866030060AB030008B507480E
:10365000074BC01AC0080004064940F00400FDF7FB
:1036600095FF0548F4F7CAFD08BD00BF6866030072
:103670001866030084AB0300606B002008B50748A0
:10368000074BC01AC0080004064940F00400FDF7CB
:103690007DFF0548F4F7B2FD08BD00BF6866030072
:1036A00018660300ACAB0300946B002010B5044611
:1036B000124B1A78D2B11248124BC01AC00800043B
:1036C000114940F00200FDF767FF2046FFF7BEFFFB
:1036D0002046FFF7D3FF0A480A4BC01AC00800046F
:1036E0000A4940F00400FDF751FF10BD00F51870C5
:1036F000F5F79AFC064B01221A70E6E7617100208B
:103700006866030018660300D0AB030010AC03002A
:103710006071002008B50748074BC01AC0080004B4
:10372000064940F00400FDF731FF0548F4F794FD29
:1037300008BD00BF686603001866030028AC0300DC
:10374000946B002008B50848084BC01AC008000454
:10375000074940F00400FDF719FF0648F4F74EFD55
:103760000548F4F74BFD08BD6866030018660300C2
:103770004CAC03002C6B0020F86A002008B5084808
:10378000084BC01AC0080004074940F00400FDF7C8
:10379000FDFE0648F4F760FD0548F4F75DFD08BD41
:1037A000686603001866030080AC03002C6B0020E1
:1037B000F86A002010B52DED028B8A1A07EE902AC8
:1037C000F8EEE77A401A07EE100AB8EEC77A9FEDD6
:1037D000376AC7EE066A87EEA68A354C354BE41A7F
:1037E000E4082404FCEEC87A17EE902A324944F02B
:1037F0000300FDF7D1FEDFED317AB4EEE78AF1EE9A
:1038000010FA4CDADFED2E7AB4EEE78AF1EE10FA18
:1038100048D9002300E00133032B36D8294A02EBB4
:10382000C302526807EE902AB8EE677AB4EEC87AFF
:10383000F1EE10FAEFDB581C224901EBC001496898
:1038400007EE901AF8EE677AF4EEC87AF1EE10FA05
:10385000E1D81C4C14F9300014F93330C01A07EECB
:10386000900AF8EEE76A521A07EE902AF8EE677AA5
:1038700037EE487A06EE103AB8EEC60A87EE276AA7
:1038800066EE267A30EE270A06E00F4944F0010082
:10389000FDF77CFE9FED0D0ABDEC028B10BDB3EE73
:1038A000040AF9E79FED090AF6E700BF00EC42477A
:1038B0006866030018660300B0AC030000E0F6473A
:1038C00000FE034734BE0300DCAC030000004842A6
:1038D000474B1B6803B970472DE9F0472DED028B6C
:1038E00088B00DF1080C434C0FCCACE80F0094E805
:1038F00003008CE80300BDF81060BDF81270BDF83D
:103900001480424639463046FFF754FFB0EE408AF5
:10391000394C3A4BE41AE408240444F00309FDEE60
:10392000C07A17EE90AADFED367A60EE277AFDEEC8
:10393000E77A17EE902A334981FB0231D317C3EBA4
:103940006113642101FB13252B4652462E4948463C
:10395000FDF72CFECDF800803B4632462B49484609
:10396000FDF72FFE2A4B1B7813F0010F21D0294AB7
:10397000138801339BB213800E2B21D9DFED267AF9
:10398000B4EEE78AF1EE10FA1ADC019327230093D4
:103990002B46524621494846FDF720FE204B002287
:1039A0001A7001221F4B1A7010210220F4F794FBA9
:1039B00006E0DFED1D7AB4EEE78AF1EE10FA04DAE4
:1039C00008B0BDEC028BBDE8F087292300932B469D
:1039D0005246164944F00100FDF7F3FD0D4B00225D
:1039E0001A8001220F210220F4F776FBE8E700BFDE
:1039F000945500209855002068660300186603005F
:103A00000000C8421F85EB5134AD03005CAD0300DC
:103A1000617100205E71002000001C42F0AD0300C7
:103A20005A710020597100200000244290AD03001B
:103A300038B504460D46084B084A9B1ADB081B04A0
:103A4000074943F00400FDF7A1FD294604F518706D
:103A5000F5F775FB38BD00BF686603001866030004
:103A600060AE030008B50023154A1370154A138091
:103A7000154A1380072215490A7015490B70FF215A
:103A8000144801701448017014490B7014490B70EC
:103A900014490B6014490B7014490B7014490B70D6
:103AA000144B1A70144B1A701448154BC01AC008E6
:103AB0000004144940F00300FDF76EFD08BD00BF8F
:103AC000617100205E7100205C710020482B002095
:103AD0005A710020472B0020462B002059710020EE
:103AE000587100205471002050710020497100204D
:103AF00048710020452B0020442B002068660300FD
:103B0000186603008CAE030010B5044600F518706B
:103B1000F5F790FA0C4B00221A702046FFF7FAFDD9
:103B20002046FFF72BFE0948F4F796FBFFF79AFFB4
:103B30000748084BC01AC0080004074940F00400B9
:103B4000FDF724FD10BD00BF60710020C46A002095
:103B50006866030018660300B8AE0300044B1B78C8
:103B6000FF2B01D0834201D9014B1870704700BF71
:103B7000472B0020094B1A78FF2A08D0084B1B78E6
:103B8000FF2B06D00133934205DA00207047002056
:103B90007047002070470120704700BF472B00206E
:103BA000462B002008B5094B1A78824200D3024602
:103BB000074B1A70074B1B78934201D2054B1A70C2
:103BC0000E210220F4F788FA08BD00BF62710020C0
:103BD000482B0020452B002008B50A480A4BC01A84
:103BE000C008000441F288330722084940F003006E
:103BF000FDF7DCFC0720FFF7D5FF0548F4F7FEFAD8
:103C000008BD00BF6866030018660300D4AE030059
:103C1000C46A002008B50E4B1B686BB90D480E4BEB
:103C2000C01AC00800040D4940F00200FDF7AEFCC8
:103C3000FE20FFF7B7FF08BD0648074BC01AC008B3
:103C40000004074940F00300FDF7A0FCF3E700BFC4
:103C500094550020686603001866030078AF0300DF
:103C600030AF03002DE9F04383B05A4B1B785A4A1A
:103C70001678B34200D91E46574A1370574B19782D
:103C8000544B1970564B1C68002C37D0554BD3F849
:103C900000901C60544B93F801801A79B2FA82F5B7
:103CA0006D099B79B3FA83F77F09A1451CD04F4872
:103CB0000078A84225D002B143BB4D48DFF844C18B
:103CC000A0EB0C00C0080004DFF81CC19CF802C087
:103CD000CDF804C00091474940F00200FDF77EFC9A
:103CE000424B1D70444B1F70444B1B7813F0020F66
:103CF0003CD1A14502D0B8F1000F1BD003B0BDE804
:103D0000F0833D480078B842D5D1EDE73848DFF878
:103D1000F4C0A0EB0C00C0080004DFF8CCC09CF895
:103D200002C0CDF804C00091354940F00300FDF712
:103D300055FCD5E73046FFF711FF2D48314BC01A2F
:103D4000C0080004304B1B7800933346234A127896
:103D50002E4940F00100FDF734FC2D4B00221A8063
:103D600002220F211046F4F7B7F9C7E7284B1A884B
:103D7000013292B21A80042AC0D9B8F1000F19D0CA
:103D8000164B187808BB234B01221A7018481D4B9C
:103D9000C01AC0080004114B1B781D4A12881E4926
:103DA00040F00300FDF702FC022210211046F4F758
:103DB00093F9A3E70E48134BC01AC0080004174933
:103DC00040F00200FDF7E8FB98E70138C0B2FFF7CA
:103DD000E9FED8E7452B0020442B0020482B00208B
:103DE000945500204C710020985500204971002006
:103DF00068660300CCAF03004871002061710020A9
:103E00005CB0030018660300472B0020C4B0030019
:103E10005C7100205971002064B1030024B10300DB
:103E200008B50948094BC01AC0080004084940F009
:103E30000400FDF7ABFBFFF715FFFFF749FDFDF7AA
:103E40003BFA0028FBD108BD686603001866030032
:103E5000B8B1030070B584B06C4B1A78002A52D107
:103E60006B4B1A78002A5AD16A4B1B686A4A12684F
:103E70009A4262D0684A1360684B1B78002B67D067
:103E8000674B9D78674C684BE41AE408240444F0BF
:103E90000306664B1B780293654B1B780193654BB9
:103EA0001B780093012D14BF00230123624A12786E
:103EB00062493046FDF7A1FB012D5CD0604B1A78BA
:103EC0000132D2B21A70012A78D95D4B00221A70E1
:103ED000594B1D78554B1D70564B01221A70FFF738
:103EE00049FE002874D1574B1B789D4280F0868094
:103EF000681CC0B2FFF756FE4F4B1A785249304645
:103F0000FDF74AFB09E04748474BC01AC0080004C8
:103F10004E4940F00400FDF73FFB04B070BD013A8C
:103F2000D2B21A703F48404BC01AC008000448493A
:103F300040F00400FDF730FBEFE73A483A4BC01A77
:103F4000C0080004434940F00200FDF71FFBE4E70E
:103F5000324B01221A700720FFF724FE3148324B02
:103F6000C01AC0080004344B1A783B4940F00300E3
:103F7000FDF712FBD1E7324B00221A702D4B1B7854
:103F80006BB92D4B187888B10138C0B2FFF70AFE23
:103F9000294B1A7831493046FDF7FEFABDE7264B2A
:103FA0001A782F493046FDF7F7FAB6E7214B012280
:103FB0001A702C493046FDF7E9FAAEE71E4B1B7824
:103FC00000930223284944EA0300FDF7FAFAA4E724
:103FD000174B1A7882B1561EF6B200962B4623492B
:103FE00044F00100FDF7EDFA134B1B78B34294D077
:103FF0003046FFF7D7FD90E71646EEE72A461C4904
:1040000044F00200FDF7C8FA87E700BF61710020A5
:1040100059710020945500205471002050710020E7
:10402000985500206866030018660300462B0020A0
:10403000472B00205A710020482B0020E8B20300D3
:104040005871002062710020CCB40300D8B1030085
:1040500020B2030068B20300B8B2030068B30300E3
:1040600044B30300A4B30300E0B3030024B403008B
:1040700084B4030008B5FFF75DF908BD10B5044628
:104080000E480F4BC01AC00800040E4940F004004F
:10409000FDF77CFA2046FFF7C3F904F10800F4F7B6
:1040A00055FB04F518742046F5F762F82046F4F73E
:1040B000C8FF054B1870FFF7D5FC10BD68660300FC
:1040C0001866030000B503006271002070B5054654
:1040D0000C4616460A4B0B4A9B1ADB081B040A497E
:1040E00043F00400FDF752FA00F028F8324621466A
:1040F00000F054F821462846F4F704F870BD00BFDC
:10410000686603001866030014B5030010B5044682
:10411000F3F7B2FF014B2360204610BD64BE0300DD
:1041200010B50446FFF7F2FF04F15C00F3F7BDFEA3
:1041300004F6EC10FEF74AFF204610BD08B50A4B06
:104140001B68BFF35B8F13F0010F01D0074808BD58
:10415000054802F005FA0028F8D00448FFF7E0FF10
:10416000014802F011FAF1E7647100206871002043
:1041700038B5044600F15C05074A01212846F3F7EB
:10418000A9FE2A4602212046F3F77EFF04F6EC1032
:10419000F4F707F838BD00BF3CA6030008B500F6E9
:1041A000EC10F3F7E2FF08BD28B108B502498320FF
:1041B000FBF7C6FD08BD70472CB5030000F10803EE
:1041C00043604FF0FF328260C360036100230360ED
:1041D000704700230361704743684B609A688A60A8
:1041E000516099600861036801330360704730B41F
:1041F0000D68B5F1FF3F11D000F108031C465B6864
:104200001A68AA42FAD963684B6099608C60616051
:10421000086103680133036030BC70470469F2E74A
:104220000369416882688A60416851605A688242C5
:1042300006D0002202611A68013A1A6018687047B5
:1042400082685A60F5E700000748006880F3088834
:1042500062B661B6BFF34F8FBFF36F8F4FF4F0704C
:1042600080F3118800DF00BF00700200064B196860
:104270000868B0E8F04F80F30988BFF36F8F4FF004
:10428000000080F311887047E87C0020EFF309807C
:10429000BFF36F8F144B1A681EF0100F08BF20ED8C
:1042A000108A20E9F04F10604DF8043D4FF04000B7
:1042B00080F31188BFF34F8FBFF36F8F00F0B0FF13
:1042C0004FF0000080F3118808BC19680868B0E856
:1042D000F04F1EF0100F08BFB0EC108A80F3098871
:1042E000BFF36F8F704700BFE87C0020034AD2F80D
:1042F000883043F47003C2F88830704700ED00E066
:1043000008B5074B1B68B3F1FF3F03D1402383F38C
:104310001188FEE703499E20FBF712FDF6E700BF78
:10432000AC7B0020D4B503004FF0807340F8043C10
:1043300040F8081C054B40F80C3C40F8202C6FF06E
:10434000020340F8243C4438704700BF0143030097
:1043500010B582B0264B1A68264B9A4213D1264BD1
:104360001A78D2B20192FF221A701B78DBB28DF854
:1043700003309DF8033003F00203204A1370204BF2
:1043800007221A600EE01F49B020FBF7D9FCE6E7D0
:104390001B4A1368013B13609DF803305B00DBB2DE
:1043A0008DF803309DF8033013F0800FF0D1144ADC
:1043B000136803F007031360019BDBB20E4A13700E
:1043C0000B4CE02384F8223000F0BAF80E4B0022A8
:1043D0001A60FFF78BFF0D4A536B43F04043536362
:1043E000236943F010032361FFF72EFFFFF788FFD7
:1043F00000ED00E041C20F4100E400E0A87B002096
:10440000A47B0020D4B50300AC7B002000EF00E0CB
:1044100008B5402383F31188094A136801331360F8
:10442000012B00D008BD074B5B68C3F30803002BCA
:10443000F8D0054940F21110FBF782FCF2E700BF0B
:10444000AC7B002000ED00E0D4B5030008B5084BBC
:104450001B683BB1064A1368013B13600BB983F339
:10446000118808BD03494FF48C70FBF769FCF1E734
:10447000AC7B0020D4B5030008B5EFF30583C3F38C
:1044800008030F2B09D903F1E023F03393F800332D
:10449000DBB20C4A12789A4208D80B4BDB68C3F3A4
:1044A00002230A4A12689A4206D308BD08494FF40B
:1044B000A970FBF745FCF0E705494FF4B170FBF735
:1044C0003FFCF2E7A87B002000ED00E0A47B002089
:1044D000D4B50300F0B583B0EFF31187402383F325
:1044E0001188154BD3F804450022C3F80021D3F8F6
:1044F00000310193019B00F089FD241A24F07F44D0
:1045000034F0010301D1002509E000F0A1FF0228E9
:10451000F9D00124F7E700F087FD05433446661E15
:10452000002CF8D125B1054B4FF080525A6040BFA6
:1045300087F3118803B0F0BD0010014000ED00E0EA
:1045400008B50020F8F7FEFA094B1F22C3F808252A
:104550000122C3F804239A601A600222C3F844239C
:10456000044BE02283F811234FF400321A6008BD97
:104570000010014000E100E010B50446FFF748FFDD
:10458000A26BE36B9A4204D00024FFF75FFF204642
:1045900010BD0124F9E710B50446FFF739FFA36BFE
:1045A00023B90124FFF752FF204610BD0024F9E78C
:1045B00070B504461546866B026C5AB903681BB188
:1045C00000200136A66370BD406800F051FF002353
:1045D0006360F6E76DB9806801F060FFA368226C44
:1045E0001344A3606268934219D32368A3602846EA
:1045F000E7E7C06801F052FFE368226C51429B1A62
:10460000E3602268934202D263680B44E360022DA8
:1046100001D00020D5E726B1013E0020D1E7284691
:10462000CFE70020CDE70346026C6AB110B508461B
:10463000D9681144D9605C68A14201D31968D96076
:10464000D96801F02BFF10BD704738B50546FFF75C
:10465000DFFE95F8454064B201E0013C64B2002CF5
:104660000ADD6B6A43B105F1240000F05DFE00280D
:10467000F3D000F0E7FEF0E7FF2385F84530FFF7C1
:10468000E5FEFFF7C5FE95F8444064B201E0013C49
:1046900064B2002C0ADD2B6943B105F1100000F073
:1046A00043FE0028F3D000F0CDFEF0E7FF2385F8AD
:1046B0004430FFF7CBFE38BD38B50D460446D0B1C7
:1046C000FFF7A6FE2368E26B216C01FB02306060FD
:1046D0000020A063A360013A02FB0133E360FF23E3
:1046E00084F8443084F84530D5B9236943B9FFF7DD
:1046F000ADFE012038BD0F49FC20FBF721FBDFE7B1
:1047000004F1100000F010FE0028F0D00A4B4FF02A
:1047100080525A6040BFBFF34F8FBFF36F8FE6E701
:1047200004F11000FFF74AFD04F12400FFF746FDF5
:10473000DDE700BF7CB6030000ED00E010B50346E6
:1047400002980C4631B90060C36304640121FFF78D
:10475000B3FF10BD0260F7E7F0B585B00D46164611
:104760001C460746B0B1DCB106B33DB34823039302
:10477000039B482B28D154B1012384F84630009480
:104780009DF82830324629463846FFF7D7FF2046A5
:1047900005B0F0BD0F4940F23310FBF7D1FAE2E764
:1047A0000C4940F23710FBF7CBFADDE7002DDDD0E6
:1047B00008494FF49E70FBF7C3FAD7E7054940F26A
:1047C0003B10FBF7BDFAD1E702494FF4A270FBF7AB
:1047D000B7FAD0E77CB60300F0B585B00F4601927A
:1047E0001D46044648B177B1022D15D000F030FEC9
:1047F00008B9019BCBB9002659E051494FF43770F5
:10480000FBF79EFAEFE7236C002BEDD04C4940F20A
:10481000DD20FBF795FAE7E7E36B012BE6D048498B
:1048200040F2DE20FBF78CFAE0E7454940F2E12058
:10483000FBF786FADFE72A4639462046FFF7B8FE3F
:10484000636A73B940B13F4B4FF080525A6040BF2A
:10485000BFF34F8FBFF36F8FFFF7F8FD012005B057
:10486000F0BD04F1240000F05FFD0028F4D0354BCA
:104870004FF080525A6040BFBFF34F8FBFF36F8F2E
:10488000EAE7FFF7E3FD0020E9E702A800F090FD6A
:10489000012619E0002384F8443021E0002384F845
:1048A000453023E02046FFF7D0FE00F03DFCFFF747
:1048B000AFFDA26BE36B9A42BDD3022DBBD0019B2F
:1048C000002BDED0002EE0D0FFF7C0FD00F096FBFD
:1048D000FFF79EFD94F8440040B2B0F1FF3FD9D0FD
:1048E00094F8450040B2B0F1FF3FD7D0FFF7AEFDDE
:1048F00001A902A800F068FDD0B92046FFF73CFEF0
:104900000028CFD0019904F1100000F0D5FC20461A
:10491000FFF79BFE00F008FC0028C8D1094B4FF0C0
:1049200080525A6040BFBFF34F8FBFF36F8FBEE717
:104930002046FFF78AFE00F0F7FB00208FE700BF5C
:104940007CB6030000ED00E02DE9F8430E469146E9
:104950001D460446A0B1CEB1022D20D0FFF78CFD3C
:10496000EFF31188402383F31188A26BE36B9A4223
:104970001ED3022D1CD0002088F31188BDE8F883D7
:104980001E4940F2A230FBF7DBF9E4E7236C002B71
:10499000E2D01A4940F2A330FBF7D2F9DCE7E36B2F
:1049A000012BDBD015494FF46970FBF7C9F9D5E746
:1049B00094F845707FB22A4631462046FFF7F8FD4D
:1049C000B7F1FF3F05D001377FB284F84570012071
:1049D000D2E7636A0BB90120CEE704F1240000F0AE
:1049E000A3FC30B1B9F1000F05D00120C9F80000D7
:1049F000C2E70120C0E70120BEE700BF7CB603008C
:104A0000F0B585B00F460192044638B167B100F0A9
:104A10001FFD08B9019B83B9002652E0494940F2C5
:104A2000DF40FBF78DF9F1E7236C002BEFD0454910
:104A300040F2E340FBF784F9E9E742494FF49D6017
:104A4000FBF77EF9E8E739462046FFF7ECFD013D2C
:104A5000A563236923B9FFF7F9FC012005B0F0BD78
:104A600004F1100000F060FC0028F4D0364B4FF049
:104A700080525A6040BFBFF34F8FBFF36F8FEAE79A
:104A8000FFF7E4FC0020E9E702A800F091FC012612
:104A900021E0002384F8443029E0002384F84530E5
:104AA0002BE02046FFF7D1FD00F03EFB09E0204659
:104AB000FFF7CBFD00F038FB2046FFF76CFD002828
:104AC0003ED1FFF7A5FCA56B002DBCD1019B002BAF
:104AD000D6D0002ED8D0FFF7B9FC00F08FFAFFF740
:104AE00097FC94F844305BB2B3F1FF3FD1D094F817
:104AF00045305BB2B3F1FF3FCFD0FFF7A7FC01A970
:104B000002A800F061FC0028D1D12046FFF743FD48
:104B10000028C6D0019904F1240000F0CDFB204606
:104B2000FFF793FD00F000FB0028CAD1064B4FF0C1
:104B300080525A6040BFBFF34F8FBFF36F8FC0E703
:104B400000208BE77CB6030000ED00E00023012B82
:104B50000CD8074A52F833200AB10133F7E7044A68
:104B600042F8331002EBC30250607047704700BF39
:104B7000B07B002070B504460D461646FFF748FC92
:104B800094F844305BB2B3F1FF3F0DD094F8453058
:104B90005BB2B3F1FF3F0BD0FFF758FCA36B5BB1E7
:104BA0002046FFF752FD70BD002384F84430EDE746
:104BB000002384F84530EFE73246294604F124000B
:104BC00000F094FBECE70000084B1B681B6823B95E
:104BD000074B4FF0FF321A607047044B1B68DB68CD
:104BE000DB685A68024B1A60704700BF307C0020B7
:104BF000C87B00202DE9F04780460D4617469946B0
:104C0000089EDDF824A00A9C9200A521206B01F0EB
:104C100077FC236B07F18042013A03EB820727F010
:104C200007074FF0000CBCF1090F09D815F80C303C
:104C300004EB0C0282F8343013B10CF1010CF2E7F2
:104C4000002384F83D30062E00D90626E66226644D
:104C500000256564201DFFF7BCFA04F11800FFF77A
:104C6000B8FA2461C6F10706A6616462A56484F8F7
:104C70004C504A4641463846FFF756FB2060BAF191
:104C8000000F01D0CAF80040BDE8F08738B5002415
:104C900007E004EB840293000E481844FFF78EFAF5
:104CA0000134062CF5D90C4D2846FFF787FA0B4C3A
:104CB0002046FFF783FA0A48FFF780FA0948FFF712
:104CC0007DFA0948FFF77AFA084B1D60084B1C6013
:104CD00038BD00BF5C7C0020487C0020347C002074
:104CE000187C0020047C0020EC7B0020307C00201D
:104CF0002C7C002010B50446FFF78AFB214A13687C
:104D000001331360204B1B685BB1204B1B686BB9F0
:104D10001D4B1B68DA6AE36A9A4207D81A4B1C607B
:104D200004E0194B1C601368012B27D0184A136844
:104D300001331360E06A01238340164A11680B4374
:104D4000136000EB8000211D134B03EB8000FFF785
:104D500043FAFFF77BFB0D4B1B6873B10A4B1B68D3
:104D6000DA6AE36A9A4208D20C4B4FF080525A60DA
:104D700040BFBFF34F8FBFF36F8F10BDFFF786FFAC
:104D8000D4E700BFE87B0020E87C0020DC7B00202B
:104D9000CC7B0020E07B00205C7C002000ED00E06C
:104DA00010B5044690F84D304BB1012B0ED0022BBC
:104DB0000BD0084940F68860FAF7C2FF05E0006BA7
:104DC000FFF7F2F92046FFF7EFF910BDFFF7ECF916
:104DD000FBE700BF10B703000F4B1B68D3B110B542
:104DE000FFF716FB0D4BDB68DC68201DFFF718FA98
:104DF0000B4A1368013B1360074A1368013B1360B9
:104E0000FFF724FB2046FFF7CBFF034B1B68002B6B
:104E1000E6D110BD704700BF007C0020047C00205C
:104E2000E87B002070B504460D461D4B1E681D4BE7
:104E300018680430FFF7F4F948B91A4B1B68DB6AAD
:104E400001229A4018490B6823EA02030B60B4F16F
:104E5000FF3F0DD03444134B1B685C60A64210D951
:104E6000124B18680F4B19680431FFF7C0F970BD79
:104E7000002DEFD00B4B196804310D48FFF7ACF94A
:104E8000F5E70C4B1868074B19680431FFF7AFF9C9
:104E9000094B1B68A342EAD9074B1C60E7E700BF38
:104EA000E47B0020E87C0020E07B00202C7C0020BC
:104EB000EC7B0020307C0020C87B002008B50AE095
:104EC000084B4FF080525A6040BFBFF34F8FBFF383
:104ED0006F8FF3F7A3F8FFF77FFF034B1B68012BDE
:104EE000EED8F6E700ED00E05C7C00202DE9F04311
:104EF00087B080460E46174699460F9D109CE5B137
:104F00000CB350220492049A502A22D13CB335B3F8
:104F10002563022384F84D3000230393029405ABEC
:104F200001930E9B00934B463A4631464046FFF7AD
:104F300061FE2046FFF7DEFE13E00C494FF41470CB
:104F4000FAF7FEFEDCE7094940F25120FAF7F8FED5
:104F5000D7E7064940F25920FAF7F2FED6E70023D8
:104F60000593059807B0BDE8F08300BF10B70300B4
:104F700010B588B000240594069407AA06A905A8D0
:104F8000F2F7FAFF059B0293069B019300942346D8
:104F9000079A13491348FFF7A9FF134B186098B1FC
:104FA00000F048FB012810D1402383F311880F4BF8
:104FB0004FF0FF321A600E4B01221A600D4B002297
:104FC0001A60FFF7C5F903E00020B0F1FF3F01D000
:104FD00008B010BD084940F2DC70FAF7B1FEF7E7FF
:104FE000A4B70300BD4E0300C47B0020C87B002093
:104FF000DC7B0020E47B002010B70300024A13682A
:1050000001331360704700BFC07B0020014B18685C
:10501000704700BFE47B002008B5FFF72DFA014B75
:10502000186808BDE47B0020F8B5334B1B68002BE3
:1050300056D1324B1E6801361E607EB9304B1B685C
:105040001B688BB92E4A11682E4B186810601960C6
:105050002D4A136801331360FFF7B6FD2B4B1B6815
:10506000B34233D9002740E0294940F63320FAF70C
:1050700067FEE7E70127224B1B681B6843B3204B01
:105080001B68DB68DC6863689E4226D3251D2846C2
:10509000FFF7C6F8A36A1BB104F11800FFF7C0F8C8
:1050A000E36A01229A401B49086802430A6003EB45
:1050B00083039A00294618481044FFF78DF8E26AE6
:1050C000164B1B68DB6A9A42D4D2D4E70027D2E79A
:1050D0000E4B4FF0FF321A6007E00C4A136004E0F9
:1050E0000F4A13680133136000270E4B1B6803B18E
:1050F00001273846F8BD00BFC07B0020E47B0020BC
:10510000307C00202C7C0020D07B0020C87B00203D
:1051100010B70300E07B00205C7C0020E87C0020CE
:10512000D87B0020D47B002038B5334B1B686BB193
:10513000FFF76EF9304B1A68013A1A601B68002BB2
:1051400054D12E4B1B683BB9002450E02C494FF43E
:105150000460FAF7F5FDEBE700242A4B1B681BB34C
:10516000284BDB68DC6804F11800FFF759F8251DAF
:105170002846FFF755F8E06A01238340224A116868
:105180000B43136000EB80002946204B03EB8000AB
:10519000FFF722F8E26A1E4B1B68DB6A9A42DCD3F7
:1051A0001C4B01221A60D8E70CB1FFF70DFD1A4B1A
:1051B0001C687CB9174B1C68CCB1184B4FF080525F
:1051C0005A6040BFBFF34F8FBFF36F8F01240EE0D3
:1051D000013C07D0FFF728FF0028F9D00D4B012232
:1051E0001A60F5E70C4B00221A60E3E70024FFF792
:1051F0002DF9204638BD00BFC07B0020E87B002091
:1052000010B70300187C0020E07B00205C7C0020AD
:10521000E87C0020D47B0020D87B002000ED00E05B
:105220001F4B1B681BB11F4B01221A60704710B542
:105230001C4B00221A601C4B1C6814B3B4FA84F493
:10524000C4F11F0404EB84029300184AD358D3B16D
:10525000164904EB840293000B445A6852685A6062
:1052600004EB8400830008330B449A4211D004EB12
:105270008404A2000D4B13445B68DA680C4B1A607F
:1052800010BD2024DCE70B494FF43560FAF758FDD8
:10529000DEE751688200054B13445960E7E700BF21
:1052A000C07B0020D47B0020E07B00205C7C0020C1
:1052B000E87C002010B7030038B50C46054650B115
:1052C000084B196818312846FEF791FF0121204646
:1052D000FFF7A8FD38BD04494FF43660FAF730FDFA
:1052E000EEE700BFE87C002010B7030070B50D4664
:1052F0001446064668B10A4B196818313046FEF765
:105300006BFF0CB14FF0FF3521462846FFF78AFDB1
:1053100070BD044940F68B30FAF712FDEBE700BF91
:10532000E87C002010B7030038B5C368DC6824B3FC
:1053300004F118052846FEF773FF164B1B6813BBD4
:10534000251D2846FEF76CFFE06A01238340124AC0
:1053500011680B43136000EB800029460F4B03EBF1
:105360008000FEF739FFE26A0D4B1B68DB6A9A4248
:105370000ED901200B4B186038BD0B4940F6BB30ED
:10538000FAF7DEFCD4E729460848FEF725FFEAE7EE
:105390000020F1E7C07B0020E07B00205C7C002047
:1053A000E87C0020D47B002010B70300187C00208C
:1053B000034B1B680360034B1B684360704700BFCF
:1053C000D07B0020E47B0020F8B50C460546B8B140
:1053D000E4B1FFF71DF8184B19686B68C81A22680A
:1053E000B2F1FF3F20D0154E36682F68B74201D08A
:1053F0008B421ED982420FD800232360012414E07F
:105400000F4940F62640FAF79BFCE1E70C4940F6CD
:105410002740FAF795FCDCE75B1A13442360284623
:10542000FFF7C6FF002400E00024FFF70FF8204636
:10543000F8BD0124F9E700BFE47B0020D07B002009
:1054400010B70300014B01221A607047D47B002083
:10545000054B1B6833B1054B1B680BB1002070472F
:105460000220704701207047DC7B0020C07B0020B9
:10547000002846D038B50446244B1B68834204D02C
:10548000234940F63B70FAF75BFC636C4BB1636CED
:10549000013B6364E16A226C914234D03BB100204D
:1054A00038BD1B4940F63C70FAF74AFCEFE7251D72
:1054B0002846FEF7B5FE70B9E26A02EB82039B0054
:1054C0001449CB583BB9012303FA02F212490B6885
:1054D00023EA02030B60206CE062C0F10703A361C2
:1054E000012404FA00F30C4A11680B43136000EB2B
:1054F00080002946074B03EB8000FEF76DFE204637
:10550000CEE7002070470020CAE700BFE87C0020FB
:1055100010B703005C7C0020E07B0020064B1A687B
:105520001368B3FA83F35B09036013B9D36818688F
:1055300070470020704700BF447F002008B54160DD
:10554000006191420CD8D21A83699A4201D301209A
:1055500008BD011D094B1868FEF749FE0020F7E75A
:105560009A4201D2994206D2011D054B1868FEF7F6
:105570003EFE0020ECE70120EAE700BF407F00206C
:10558000447F002030B583B0FEF742FF114B1B680B
:105590001BB1FEF75BFF03B030BD0F4D2846FEF791
:1055A0000DFE0E4C2046FEF709FE0D4B1D600D4B07
:1055B0001C60002300930C4B0C4A10212020FFF7A5
:1055C000CBF8044B18600028E3D00949FFF7BEFA76
:1055D000DFE700BF3C7F00205C7F0020487F002089
:1055E000447F0020407F0020EC7C0020347D0020A0
:1055F000ACB703002DE9F041074616461D46079C4F
:10560000884671B15CB1FFF7BDFF2760C4F8188010
:10561000E6612562069B6362201DFEF7DAFDBDE8A8
:10562000F081034940F26910FAF78AFBEAE700BF0C
:10563000B4B7030010B588B0FFF7A4FF114B1B6887
:10564000C3B100240594069407AA06A905A8F2F799
:105650009FFC059B0293069B019302230093234624
:10566000079A09490948FFF741FC094B186008B13E
:10567000012005E007494FF48870FAF761FB00202C
:1056800008B010BD3C7F002048B80300C959030092
:10569000387F0020B4B703002DE9F04184B00546FF
:1056A0000E4690461F460B9C2C230393039B2C2BEA
:1056B00010D1ACB101940A9B00933B46424631465F
:1056C0002846FFF797FF012384F82830204604B0CE
:1056D000BDE8F08105494FF4A370FAF731FBE8E724
:1056E000024940F24B10FAF72BFBEFE7B4B7030087
:1056F000F0B585B00C4615461E46074698B1154BC9
:10570000186828B3009401950297052C19DCFFF75F
:105710009FFE02280DD000231A4669460D480068F6
:10572000FFF75AF812E00C4940F28310FAF708FB31
:10573000E5E700230A9A694606480068FFF74CF837
:1057400004E0002332466946FFF7FEF805B0F0BDDD
:105750000020FBE73C7F0020B4B7030070B582B0A7
:10576000194B1B681A683AB3DB681E68DC68251D94
:105770002846FEF755FD636A20469847E369012BEA
:10578000EED1A36933449E4207D263602461294667
:105790000D4B1868FEF72BFDE2E7002100910B4648
:1057A00032462046FFF7A4FF0028D9D1074940F22E
:1057B0006F30FAF7C5FAD3E7054A10680249086066
:1057C000136002B070BD00BF447F0020B4B7030077
:1057D000407F002038B50546FFF718FC0446074B0C
:1057E0001B68834205D800232B60044B1C602046B5
:1057F00038BDFFF7B3FF01232B60F6E7347F0020AD
:1058000070B582B006460D4613490968C968CC6870
:10581000201DFEF705FDE169012904D0636A2046D9
:10582000984702B070BDA16933462A4631442046EC
:10583000FFF784FE0028F1D0002100910B4632468C
:105840002046FFF755FF0028E8D1044940F2E51053
:10585000FAF776FAE2E700BF447F0020B4B703000E
:1058600070B582B006460C46FFF7C8FB01A8FFF7EB
:10587000B1FF019B1BBB054644B9B0420CD3FFF7F7
:1058800053FC29463046FFF7BBFF1AE00E4B1B685E
:105890001C68B4FA84F464092246711B0B4B186827
:1058A000FFF768F9FFF740FC58B9094B4FF08052F9
:1058B0005A6040BFBFF34F8FBFF36F8F01E0FFF718
:1058C00033FC02B070BD00BF407F00203C7F002051
:1058D00000ED00E030B589B002E0049B002B0FDA48
:1058E000002204A9364B1868FFF78AF8002864D014
:1058F000049B002BF1DA07990698059B9847ECE783
:10590000069C636913B1201DFEF78AFC03A8FFF70C
:1059100061FF0546049B092BE2D801A252F823F04F
:10592000495903004959030049590300E15803004C
:1059300089590300AB590300495903004959030031
:10594000E158030089590300059BA16902461944E7
:105950002046FFF7F3FD0028C2D0636A204698472F
:10596000E369012BBCD1A269002100910B46059887
:1059700002442046FFF7BCFE0028B1D1114940F295
:10598000FE20FAF7DDF9ABE7059BA3613BB1A16906
:105990002B462A4629442046FFF7D0FDA0E70949B7
:1059A00040F21530FAF7CCF9F1E794F82830002BE3
:1059B00096D12046FEF7F8FB92E709B030BD00BF54
:1059C0003C7F0020B4B7030000B583B001A8FFF707
:1059D000A5FD0199FFF744FFFFF77CFFF6E7000004
:1059E000BFF34F8F0549CA6802F4E062044B1343CA
:1059F000CB60BFF34F8F00BFFDE700BF00ED00E0BD
:105A00000400FA0508B54FF01023D3F80C3203B99F
:105A100008BD0F4B0122C3F804250D4BD3F8003409
:105A2000002BFAD04FF010230022C3F80C22084BB1
:105A3000D3F80034002BFAD0054B0022C3F804251C
:105A4000034BD3F80034002BFAD0FFF7C9FF00BF97
:105A500000E0014010B5FFF7D5FFF2F71FF904464B
:105A6000F2F736F92046F2F773F9002010BD51EC39
:105A7000102BC1F30A53002B1CBF40F2FF7C63457F
:105A800000D170471844604506DB0020C7F6F0706F
:105A900060F31E01002208E00028C7BF6FF31E510B
:105AA00041EA005101F00041002241EC102B704707
:105AB00052EC10CBC2F30A5340F2FF718B4211BF7C
:105AC000002B002101607047A3F2FE31016040F21B
:105AD000FE3060F31E5242EC10CB70470000000015
:105AE0002DE9F84F2DED028B82B050EC101B4FF0DA
:105AF000FF3202EB105240F2FE739A4280F09F8018
:105B000001A8FFF7D5FF55EC106B00245E4B304623
:105B10002946002200F090F980460F464AF29E0086
:105B2000C3F6E67043F6CE31C6F27F61019A711A70
:105B300075EB00000092B8BF0124002C28463146C6
:105B40001CBF3846414640EC101B4FF0FF30FFF7BA
:105B50008EFFB0EE408AF0EE608A4C4B304629460C
:105B6000002200F069F905460E46494B51EC180B2E
:105B7000002C1CBF3E464546002200F05DF902465F
:105B80000B462846314600F00FFB05460E460246FE
:105B90000B4600F071FA83468A464BF66869C0F2FC
:105BA000030941EC180B48460221B0EE480AF0EE1A
:105BB000680A00F079F8374A374B51EC100B00F0C7
:105BC0003BF980460F4609F110000321B0EE480A68
:105BD000F0EE680A00F09CF853EC102B4046394672
:105BE00000F0E2FA5A46534600F046FA2A46334697
:105BF00000F042FA2A46334600F01EF980460D4670
:105C0000002C009818BF013800F0D6FB06460F465E
:105C1000224A234B00F030FA42462B4600F00CF9A2
:105C200080460D461F4B30463946002200F024FACC
:105C300042462B4600F000F941EC100B1AE04200FE
:105C400042EAD1720023CFF6E0730027B7EB410799
:105C500073EB02020ED30022C7F6F072104207D097
:105C60000028BCBF02F50020002140EC101B01E021
:105C70009FED030B02B0BDEC028BBDE8F88F00BFB7
:105C8000000000000000F0FF0000E0BF0000F0BFD7
:105C90000000E03F9AB5B312FF0750C0A80C615C4A
:105CA00010D02BBF0030E63FF8B52DED028B00EB96
:105CB000C1070E4657E9020117ED048B54EC105B47
:105CC0002A46234600F0D8F953EC182B00F0B4F81C
:105CD00041EC100B032E10DB183F013E51EC100B72
:105CE0002A46234600F0C8F977E8022300F0A4F81A
:105CF000013E41EC100B012EF0D851EC100B2A465E
:105D0000234600F0B9F941EC100BBDEC028BF8BD55
:105D10002DE9F041804600EBC100022915DBA0F11E
:105D200008074C1C56EC105B77E8022351EC100B73
:105D300000F082F82A46334600F09EF9013C41EC1F
:105D4000100B022CF0D808F1080050E9022351ECA6
:105D5000100B00F071F841EC100BBDE8F0818446A7
:105D60000020002918BF002A00D17047097848B2E6
:105D7000002844BF6FF001007047BCF1000F18BF4E
:105D8000CCF800100021C3E90011002818BF012041
:105D900070477F298EBF6FF00100017001207047AE
:105DA00047F67072C2F200021368002B02BF42F67F
:105DB0004C33C2F2000313605A68926812681047AD
:105DC0000921FFF7EDBF7F2884BF002070474CF208
:105DD000A402C0F20302515C4CF22402C0F203029E
:105DE000105C08407047A0F161011A2938BF2038C3
:105DF0007047A0F141011A2938BF203070477F2831
:105E000084BF002070474CF2A402C0F20302515C30
:105E10004CF22402C0F20302105C08407047A0F16B
:105E200061011A2938BF20387047A0F141011A29B1
:105E300038BF20307047000030B591EA030F00F101
:105E40008280841A71EB030C05D2121953EB0C03F8
:105E5000001B71EB0C0140F2000CCFF6E07C1CEA59
:105E6000430F52D0BCEB410F5FD90C0DA4EB135E76
:105E70005FF0010C6CF31F516CF31F53DEF1200C2B
:105E80002AD303FA0CF5401941F1000122FA0EF56C
:105E9000401923FA0EF5694112FA0CF2CD0208D32B
:105EA00049085FEA30005FEA320228BF42F001028F
:105EB0000134013C5FEA500C72F1004250F10000E5
:105EC00051EB04514FF4001313EB410F38BF30BDB9
:105ED0006FF31301002030BDBEF1200EBEF1200F84
:105EE0001ED223FA0EF5401941F10001CEF1200C2B
:105EF000124218BF012203FA0CF52A43CEE711EA39
:105F00005C0F04BF0020002130BD1CEA410F04BF1C
:105F100001F00041002030BD01F00041002030BD03
:105F200021F4801101EB045130BD004218BF41F053
:105F30000101BCEB410F08BF30BD4FF0FE4141F401
:105F40007801002030BD83F00043841A71EB030E0A
:105F500007D28EF0004E001B71EB0E01121953EBAD
:105F60000E0340F2000CCFF6E07C1CEA430FC6D0D3
:105F7000BCEB410F72D90C0DA4EB135EC90241EAD0
:105F80005051C00241F00041DB0243EA5253D202B9
:105F900043F00043DEF1200C41D312FA0CF522FA53
:105FA0000EF203FA0CF542EA050218BF42F00102B4
:105FB00023FA0EF3801A9941E30AC4F30A0411F09C
:105FC000404F03D418D0013C40004941013C23D448
:105FD0004205C00A40EA4150C90A51EAC3715FEA6A
:105FE000500C72F1004250F1000051EB045130BDF1
:105FF00001002FD00020203C0029F9D0B1FA81FC0B
:10600000DCF1200E11FA0CF130FA0EF510FA0CF05A
:106010002943A4EB0C04D9E70020D90730BDAEF129
:10602000200EBEF1200F0DD2CEF1200C03FA0CF59C
:1060300033FA0EF32A4318BF43F00103C01A61F18B
:106040000001B9E721F00041C00A40EA4150C90A05
:1060500001EB045130BD0020002130BD004218BFCB
:1060600041F00101BCEB410F7FF467AFBCEB430F84
:106070003FF463AF30BD00BFF0B540F2FF7681EA78
:10608000030C16EA115E1EBFB64516EA1355B5425B
:1060900052D021EA465141F48011A1FB024723EA84
:1060A000465343F48013AE44A0FB03650CF0004C50
:1060B00036197D41A1FB034747F10003A0FB0217FE
:1060C000F619654153F10003094218BF46F0010675
:1060D00040F2FE74B3F5007F13D2AEF5806EA64594
:1060E00023D24CEA0331280341EA155140EA165005
:1060F0003203450872F1004250F1000051EB0E519D
:10610000F0BDAEF2FF3EA6450FD24CEAC321E80235
:1061100041EA555140EA5650F202450872F10042F8
:1061200050F1000051EB0E51F0BD1EEA0E0F2DD5BF
:106130000CF000410020F0BD16EA115F04BF01F031
:1061400000410020004218BF41F0010116EA135F30
:1061500004BF03F000430022124218BF43F00103C2
:1061600006EA1354B44218BFB64503D00CF0004100
:106170000020F0BD21F0004123F00043B1EB065FA9
:106180000CD8B3EB065F09D841B13BB10CF000412C
:1061900041F0FE4141F470010020F0BD40F20001E9
:1061A000C7F6F8710020F0BD2DE9F04391EA030E27
:1061B0000EF0004E40F20007CFF6E07717EA4105F7
:1061C0001EBFBD4217EA4305BD4200F09F807F0D10
:1061D00017EA135623EA475343F4801317EA11557D
:1061E00021EA475141F48011AD1B05F2FD354FEA1C
:1061F000D31C1CF1010C4FF00047B7FBFCF77F01EB
:10620000A2FB079C0024E3FB07C4D9F100096CEB57
:106210004C0CA0FB07620020E1FB072000275FEA8F
:10622000C628E0FB0987760D46EAC226520DF6190C
:1062300000277A41E0FB0C625FEAC823E2FB0937E2
:106240005FEA585848EAC628760D18EB070800217F
:106250004E41E2FB0C8602EBC020DA02E6FB09218C
:106260005B0D43EAC8235FEA58585B18002758EBD8
:106270000708E6FB0C38D102E8FB0917520D42EA89
:10628000C3225B0DD21900277B41E8FB0C2308EBEE
:10629000C6265FEAC128E3FB0987490D41EAC2210E
:1062A000520DC91942F10002E3FB0C12470019EB31
:1062B00008095CEB010C72EB040453EBC62047EBBE
:1062C00056530026B3F5000F7641AD190236D6F1CC
:1062D000200910FA09F4F04013FA09F21043F340D0
:1062E000E40F001943F10003B3F5001F24BF5B085E
:1062F000013540F2FE77BD4204D24EEA0551194401
:10630000BDE8F0832D4224D5714626E0004218BF37
:1063100041F00101124218BF43F00103B7EB410FF6
:106320002CBFB7EB430F1BE0B7EB410F04BFB7EB3C
:10633000430F15E017EA410F04BF17EA430F0FE0C0
:1063400017EA410FE0D017EA430F02D0B7EB430F33
:10635000DAD04EF0FE4141F470010020BDE8F08338
:1063600040F20001C7F6F871F7E700BFC1F30A5326
:1063700040F21E42D21A0EDD202A0AD8CB0243EA8E
:10638000505040F00040D04090EAE170B0EBE17036
:106390007047002070474B00004218BF43F00103D4
:1063A00013F5001F88BF21F0004111F0004058BFD5
:1063B0006FF00040704700BF10F0004160B148BF6F
:1063C00040420A0D02F21D42B0FA80F3D21A984000
:1063D000C30A400503EB0251704700BFC0F3C75129
:1063E00091B142004FEA40704FEAD2014FEA3101C9
:1063F00001F16051B2F17F4F38BF704701F1605138
:1064000018BF41F40021704710F000410020704790
:10641000082938BF70470022C0E9002147F674718F
:10642000C2F2000108607047042A08D350F804CB78
:106430000B689C4506D1043A0431032AF6D8A2B170
:10644000D0F800C0086880EA0C0191FAA1F1B1FA15
:1064500081F1B2EBD10F08D901F038012CFA01F229
:10646000C840C0B2D1B2081A704700207047017806
:10647000002904BF0020704700214FF0013243582B
:10648000C2FA53F30431002BF9D093FAA3F0B0FA17
:1064900080F001EBD0000438704700005AB3844606
:1064A00090EA01039B071FD1830707D011F8013B36
:1064B00000F8013B013AF7D11CE08446203A09D3A9
:1064C0002DE9F007B1E8F807A0E8F807203AF9D27B
:1064D000BDE8F0071C3205D451F8043B40F8043BFA
:1064E000043AF9D2043205D011F8013B00F8013B1F
:1064F000013AF9D16046704700220B0011001A00E2
:1065000084465AB3830704D000F8011B013AF9D13D
:1065100024E0C9B241EA012141EA0141202A11D314
:10652000203A2DE9F0030B460C460D460E460F4669
:1065300088468946A0E8FA03203AFBD2BDE8F0037A
:1065400020320BD0042A05D340F8041B043A05D0AE
:10655000042AF9D200F8011B013AFBD160467047CA
:1065600008B50346007858B95A78012A07D092072F
:1065700002D5044800F00CF802225A70012008BD30
:106580000020FCE7B1C00300012303704370704793
:0A6590000FB408B5FBF7B4FDFEE7F9
:10659C00A9CA020000000000AD0A030000000000C0
:1065AC0031990200000000002D7E02000000000066
:1065BC00C1AE020040410020B5970200000000006F
:1065CC0081B9020000000000998402000000000064
:0865DC00ED09030000000000BE
:1065E40041CC020000000000190B03000000000071
:1065F400ED1D0300000000009520030000000000D2
:10660400FC510020C4520020CC520020045200202F
:04661400180000006A
:10661800987F0300030300003C800300030300008D
:106628004480030003030000E48003000303000028
:10663800D081030003030000BC82030003030000B1
:106648005C8303000303000064830300030300006A
:106658006C8303000303000074830300030300003A
:10666800B4950300030304047C83030003030000C0
:106678000C75030003030404A87E03000303000051
:106688007C8B0300030304049074030003030404D5
:10669800F48E03000303040480970300000004043D
:1066A800A89A030000000303689B03000000040489
:1066B8001C78030000000303847203000000030336
:1066C8006C7403000000030338790300000003031F
:1066D8008074030000000303C07703000000030375
:1066E800BC75030000000303FC7D030000000303E6
:0866F8006C7C030000000303A9
:1067000068BC030000000000EC940300382B00205C
:106710000000000000000000B5F8020000000000CA
:046720000000000075
:0C672400E18E0200912403007540030088
:1067300041707000496E697469616C697A6174694D
:106740006F6E00004368617267650000576169748D
:1067500000000000536C6F7720436861726765200A
:10676000416E64205363616E0000000053746174D5
:10677000654D616368696E653A204E6577204950C2
:1067800047206461746120726563656976656400A1
:106790004368617267696E6720506172616D6574EC
:1067A0006572733A00000000202056524543545F42
:1067B0004445546E3A202564202830203D20636FE4
:1067C000696C2070726573656E74290020205652C2
:1067D0004543545F4F56506E3A202564202831209F
:1067E0003D204F4B2C2030203D204F56502900009B
:1067F000202056636867207261696C207375707021
:106800006C79206369726375697420706F77657243
:1068100020676F6F643A2025640000002020434801
:106820004731207374617475733A2025642C2043BA
:106830004847315F4F56505F4552526E3A202564AB
:10684000202831203D204F4B2C2030203D204F561A
:10685000502900002020434847322073746174752A
:10686000733A2025642C20434847325F4F56505FCF
:106870004552526E3A202564202831203D204F4B4E
:106880002C2030203D204F5650290000546865725E
:106890006D616C20506172616D65746572733A0050
:1068A0002020546865726D207265666572656E633E
:1068B000653A2025640000002020546865726D2030
:1068C0006F757075743A20256400000020205468AC
:1068D00065726D206F66667365743A2025640000EA
:1068E0004261747465727920766F6C74616765209B
:1068F0006D656173757265643A20256C64206D5610
:10690000000000005465737420496E666F726D61FB
:1069100074696F6E3A00000020204856205375704D
:10692000706C7920456E61626C653A2025640000C8
:1069300020205644445320537570706C7920456E66
:1069400061626C653A2025640000000020205644F6
:10695000444120537570706C7920456E61626C659E
:106960003A2025640000000053746174654D616332
:1069700068696E653A20416C6C206261747465725E
:1069800069657320636861726765642028434847BE
:10699000313D256420434847323D25642050474F10
:1069A0004F443D256429000053746174654D616353
:1069B00068696E653A204368617267696E6720692D
:1069C0006E2070726F677265737320284348473179
:1069D0003D256420434847323D25642050474F4FB2
:1069E000443D2564290000004368617267652053B7
:1069F000746174653A20504D4320706F7765722042
:106A00006F6E0A00417070207374617465206D614F
:106A10006368696E653A20496E697469616C697A68
:106A20006174696F6E20537461746520456E747271
:106A3000790A00005265636569766564205379734D
:106A400074656D206576656E7420256420696E20FE
:106A50007363616E207374617465000048656172D0
:106A600074626561742076616C75652025640A0026
:106A70005750542043686172676572204E5443201A
:106A800054656D706572617475726520256420436C
:106A90000A0000004261747465727920766F6C742C
:106AA000616765206C6576656C202564206D560AEB
:106AB0000000000048656172746265617454696D1C
:106AC0006572000053797374656D4163746976650E
:106AD0004F626A656374000053797374656D204971
:106AE0006E697469616C697A6564202D20566572DF
:106AF00073696F6E2025642E25642E256420282559
:106B000073290A0048542D49452D4649482D4657BA
:106B10000000000053746172742073797374656DA2
:106B200020696E697469616C697A6174696F6E203D
:106B30000A00000053797374656D20696E69746989
:106B4000616C697A6174696F6E20646F6E65200A8A
:106B50000000000053797374656D20537461727482
:106B600073204544410A000043616C6C6261636BB1
:106B700020657865637574656420666F722065763C
:106B8000656E7420256420696E20706F72742025F4
:106B9000640000004E6F2063616C6C6261636B2067
:106BA000646566696E656420666F72206576656EE1
:106BB0007420256420696E20706F72742025640033
:106BC0002F55736572732F616C657862616C6477A1
:106BD000696E2F4465736B746F702F4F70656E4EC6
:106BE000657276652D436861726765722F466972BA
:106BF0006D776172652F536F757263652D436F6496
:106C0000652F7372632F68616C5F6C617965722F99
:106C100068616C5F6164632E6370700042617474BC
:106C2000657279206D6561737572656D656E74202E
:106C3000737461727465640A0000000053746172B9
:106C400074696E67207363616E2E00002F55736543
:106C500072732F616C657862616C6477696E2F4422
:106C600065736B746F702F4F70656E4E65727665CD
:106C70002D436861726765722F4669726D77617224
:106C8000652F536F757263652D436F64652F737243
:106C9000632F68616C5F6C617965722F68616C5FEE
:106CA000626C652E63707000427574746F6E20257F
:106CB0007520707265737365640A000042757474A0
:106CC0006F6E2025752072656C65617365640A00BE
:106CD0002F55736572732F616C657862616C647790
:106CE000696E2F4465736B746F702F4F70656E4EB5
:106CF000657276652D436861726765722F466972A9
:106D00006D776172652F536F757263652D436F6484
:106D1000652F7372632F68616C5F6C617965722F88
:106D200068616C5F627574746F6E2E6370700000C2
:106D3000546F6F206D616E7920627574746F6E731D
:106D40002E204D617820616C6C6F7765643A202548
:106D5000640A00004572726F722077726974696EFE
:106D60006720746F204441432072656769737465BE
:106D70007200000053746172742044465520707292
:106D80006F636573732C2074686520737973746501
:106D90006D2077696C6C2072657365740D0A000054
:106DA0004661696C656420746F20636C6561722054
:106DB00047505245475245543A2025640D0A000079
:106DC0004661696C656420746F2073657420444665
:106DD0005520666C61673A2025640D0A00000000AA
:106DE00053797374656D20726573657420666F7274
:106DF00020444655206D6F64650D0A002E2E2F2EFF
:106E00002E2F636F72655F6C617965722F73646B8F
:106E10002F6E7266352F6E5246355F53444B5F318D
:106E2000372E312E305F646464653536302F6D6FD8
:106E300064756C65732F6E7266782F68616C2F6E47
:106E400072665F6770696F2E680000002F5573656A
:106E500072732F616C657862616C6477696E2F4420
:106E600065736B746F702F4F70656E4E65727665CB
:106E70002D436861726765722F4669726D77617222
:106E8000652F536F757263652D436F64652F737241
:106E9000632F636F72655F6C617965722F73646BCA
:106EA0002F6E7266352F6E5246355F53444B5F31FD
:106EB000372E312E305F646464653536302F636F52
:106EC0006D706F6E656E74732F626C652F636F6D7E
:106ED0006D6F6E2F626C655F636F6E6E5F73746152
:106EE00074652E6300000000546865206C6F636158
:106EF0006C206461746162617365206861732063F2
:106F000068616E6765642C20736F20736F6D6520F8
:106F1000737562736372697074696F6E7320746FD6
:106F2000206E6F74696669636174696F6E73206146
:106F30006E6420696E6469636174696F6E73206347
:106F40006F756C64206E6F74206265207265737457
:106F50006F72656420666F7220636F6E6E5F68612A
:106F60006E646C65202564006773636D5F6C6F638E
:106F7000616C5F64625F63616368655F6170706CC0
:106F80007928292072657475726E656420257320D6
:106F900077686963682073686F756C64206E6F74BE
:106FA0002068617070656E2E20636F6E6E5F686121
:106FB0006E646C653A202564000000002E2E2F2E92
:106FC0002E2F636F72655F6C617965722F73646BCE
:106FD0002F6E7266352F6E5246355F53444B5F31CC
:106FE000372E312E305F646464653536302F636F21
:106FF0006D706F6E656E74732F6C69627261726909
:1070000065732F6D757465782F6E72665F6D747819
:107010002E6800002F55736572732F616C6578625E
:10702000616C6477696E2F4465736B746F702F4F5A
:1070300070656E4E657276652D4368617267657224
:107040002F4669726D776172652F536F7572636534
:107050002D436F64652F7372632F636F72655F6C6E
:10706000617965722F73646B2F6E7266352F6E5265
:1070700046355F53444B5F31372E312E305F6464A9
:1070800064653536302F636F6D706F6E656E747327
:107090002F626C652F706565725F6D616E616765EB
:1070A000722F676174745F63616368655F6D616EA1
:1070B000616765722E630000466C617368206675B7
:1070C0006C6C2E20436F756C64206E6F742073742B
:1070D0006F7265206461746120666F7220636F6EE9
:1070E0006E5F68616E646C653A2025640000000084
:1070F0006773636D5F6C6F63616C5F64625F636134
:107100006368655F757064617465282920726574B1
:1071100075726E656420257320666F7220636F6ED2
:107120006E5F68616E646C653A2025640000000043
:107130006773636D5F736572766963655F636861CA
:107140006E6765645F696E645F73656E642829208D
:1071500072657475726E656420257320666F722087
:10716000636F6E6E5F68616E646C653A20256400C3
:1071700043415220636861722076616C75652063BB
:107180006F756C646E27742062652073746F72650E
:107190006420286572726F723A202573292E20525E
:1071A00065617474656D70742077696C6C206861BA
:1071B0007070656E206F6E20746865206E657874DF
:1071C00020636F6E6E656374696F6E2E0000000041
:1071D000556E65787065637465642047415454202A
:1071E000737461747573207768696C652067657462
:1071F00074696E6720434152206368617220766132
:107200006C75653A20307825780000004D756C74F7
:1072100069706C65202825642920434152206368E9
:107220006172616374657269737469637320666FF8
:10723000756E642C207573696E67207468652066AE
:10724000697273742E000000556E65787065637402
:1072500065642043415220636861726163746572A2
:1072600069737469632076616C7565206C656E67FF
:10727000746820282564292C2073746F726520306F
:107280002E000000706565725F6D616E61676572EA
:107290005F67636D000000007064735F7065657206
:1072A0005F646174615F73746F7265282920726511
:1072B0007475726E6564202573207768696C65202B
:1072C00073746F72696E6720736572766963652087
:1072D0006368616E676564737461746520666F725C
:1072E00020706565722069642025642E000000000E
:1072F0007064625F706565725F646174615F707411
:10730000725F67657428292072657475726E656492
:1073100020257320666F7220636F6E6E5F68616EEA
:10732000646C653A2025640044696420616E6F7462
:1073300068657220746872656164206D616E697041
:10734000756C61746520504D5F504545525F4441F6
:1073500054415F49445F474154545F4C4F43414C53
:1073600020666F7220706565725F696420256420F5
:107370006174207468652073616D652074696D6542
:107380003F207064625F77726974655F6275665FE3
:1073900072656C6561736528292072657475726EFB
:1073A00065642025732E000073645F626C655F67FF
:1073B000617474735F7379735F617474725F736502
:1073C0007428292072657475726E6564204E524669
:1073D0005F4552524F525F494E56414C49445F44BB
:1073E00041544120666F72204E554C4C20706F699D
:1073F0006E7465722077686963682073686F756C56
:1074000064206E657665722068617070656E2E20EE
:10741000636F6E6E5F68616E646C653A2025640010
:1074200073645F626C655F67617474735F696E69D2
:107430007469616C5F757365725F68616E646C65B9
:107440005F67657428292072657475726E656420A3
:1074500025732077686963682073686F756C642092
:107460006E6F742068617070656E2E007065657255
:107470005F6D616E616765725F6773636D000000C9
:10748000706565725F6D616E616765725F696D00E1
:107490006E72665F626C655F676174740000000005
:1074A000424C455F4741505F5343414E5F54494D05
:1074B000454F555400000000436F6E6E656374695C
:1074C0006E670000436F6E6E656374696F6E207344
:1074D00074617475733A20256400000073645F6200
:1074E0006C655F6761705F7363616E5F7374617217
:1074F000742072657475726E65642030782578002A
:107500005363616E6E696E6700000000626C655FB8
:107510007363616E00000000436F756C64206E6FD2
:10752000742064656C6574652070656572206461A3
:1075300074612E206664735F66696C655F64656C58
:1075400065746528292072657475726E65642030D3
:1075500078257820666F7220706565725F69643A7D
:1075600020256400436F756C64206E6F7420777201
:10757000697465206461746120746F20666C617346
:10758000682E206664735F7265636F72645F7B77D9
:10759000726974657C7570646174657D28292072D8
:1075A000657475726E656420307825782E2070655C
:1075B00065725F69643A2025640000007065657239
:1075C0005F6D616E616765725F70647300000000DB
:1075D000706D5F6275666665725F7074725F676515
:1075E00074282920636F756C64206E6F7420726537
:1075F0007472696576652052414D206275666665D4
:10760000722E20626C6F636B5F69643A20256400A0
:107610007064735F706565725F646174615F7374D9
:107620006F726528292072657475726E65642025F5
:10763000732E20706565725F69643A2025640000CE
:10764000536F6D6520706565722064617461207789
:107650006173206E6F742070726F7065726C792028
:107660007772697474656E20746F20666C617368DC
:107670002E2077726974655F6275665F73746F72CE
:107680006528292072657475726E656420257320E3
:10769000666F7220706565725F69643A20256400C8
:1076A00043616E6E6F742073746F726520646174D1
:1076B0006120746F20666C61736820626563617518
:1076C000736520706D5F6275666665725F70747257
:1076D0005F676574282920636F756C64206E6F7412
:1076E0002072657472696576652052414D2062751D
:1076F000666665722E20497320626C6F636B5F69EA
:1077000064202564206E6F7420616C6C6F636174FB
:1077100065643F007064625F77726974655F62756B
:10772000665F72656C656173652829207265747582
:10773000726E6564202573207768696368207368BA
:107740006F756C64206E6F742068617070656E2E4A
:1077500020706565725F69643A2025642C2064613D
:1077600074615F69643A20256400000050656572A9
:1077700020494420256420776173206E6F74207047
:10778000726F7065726C792072656C656173656487
:107790002E207064735F706565725F69645F6672E6
:1077A000656528292072657475726E65642025737D
:1077B0002E20706565725F69643A202564000000C0
:1077C000706565725F6D616E616765725F7064623E
:1077D00000000000436F756C64206E6F742072654A
:1077E0007472656976652072616E6B732E207064A9
:1077F000625F706565725F646174615F6C6F616424
:1078000028292072657475726E65642025732E2098
:10781000706565725F69643A202564007065657201
:107820005F6D616E61676572000000005570646194
:107830007465000044656C65746500004F75746480
:107840006174656420283029000000005365727659
:10785000696365206368616E6765642070656E6446
:10786000696E6720666C6167000000004F75746484
:107870006174656420283229000000004F7574642B
:107880006174656420283329000000004170706C29
:1078900069636174696F6E20646174610000000047
:1078A00052656D6F74652064617461626173650017
:1078B000506565722072616E6B000000426F6E64ED
:1078C000696E672064617461000000004C6F636141
:1078D0006C206461746162617365000043656E745D
:1078E00072616C2061646472657373207265736F7A
:1078F0006C7574696F6E0000456E6372797074699F
:107900006F6E0000426F6E64696E6700506169724D
:10791000696E6700496E76616C696420526F6C65B0
:10792000000000005065726970686572616C00004B
:1079300043656E7472616C00706565725F6D616E37
:10794000616765725F68616E646C6572000000005B
:10795000496E7465726E616C206572726F723A2046
:107960002573207265636569766564204E554C4CBD
:1079700020666F7220705F7365635F6B65797365F6
:10798000742E0000436F756C64206E6F74207265F6
:107990007472696576652052414D20627566666530
:1079A0007220666F7220696E636F6D696E67206208
:1079B0006F6E642E207064625F77726974655F62B7
:1079C00075665F67657428292072657475726E65C7
:1079D000642025732E20636F6E6E5F68616E646C29
:1079E000653A202564000000696D5F626C655F6127
:1079F0006464725F67657428292072657475726E9D
:107A000065642025732E20636F6E6E5F68616E64FF
:107A10006C653A2025642E204C696E6B207761736B
:107A2000206C696B656C7920646973636F6E6E6539
:107A3000637465642E000000436F756C64206E6F84
:107A40007420636C65616E20757020616674657268
:107A5000206661696C656420626F6E64696E672080
:107A600070726F6365647572652E207064625F77F3
:107A7000726974655F6275665F72656C6561736576
:107A800028292072657475726E65642025732E2016
:107A9000636F6E6E5F68616E646C653A2025642E5C
:107AA0000000000073645F626C655F6761705F7304
:107AB00065635F696E666F5F7265706C79282920F7
:107AC00072657475726E6564204E52465F45524F02
:107AD000525F494E56414C49445F53544154452CE2
:107AE00020776869636820697320616E6572726FC0
:107AF0007220756E6C65737320746865206C696E96
:107B00006B20697320646973636F6E6E656374695B
:107B10006E672E00436F756C64206E6F7420636F08
:107B20006D706C65746520656E6372797074696FD1
:107B30006E2070726F6365647572652E2073645F6A
:107B4000626C655F6761705F7365635F696E666FC6
:107B50005F7265706C7928292072657475726E6524
:107B6000642025732E20636F6E6E5F68616E646C97
:107B7000653A2025642C20706565725F69643A203F
:107B800025642E0052414D2062756666657220663E
:107B90006F72206E657720626F6E6420776173204C
:107BA000756E617661696C61626C652E20706462CD
:107BB0005F77726974655F6275665F6765742829AF
:107BC0002072657475726E65642025732E20636F54
:107BD0006E6E5F68616E646C653A2025642E0000ED
:107BE000436F756C64206E6F7420616C6C6F6361A1
:107BF0007465206E657720706565725F69642066C4
:107C00006F7220696E636F6D696E6720626F6E645C
:107C10002E000000436F756C64206E6F74207374C7
:107C20006F726520626F6E642E207064625F77727F
:107C30006974655F6275665F73746F726528292069
:107C400072657475726E65642025732E20636F6E85
:107C50006E5F68616E646C653A2025642C207065E7
:107C600065725F69643A2025640000007065657282
:107C70005F6D616E616765725F736D640000000027
:107C800043616E6E6F7420736563757265206C69F5
:107C90006E6B20626563617573652061207072652B
:107CA00076696F7573207365637572697479207076
:107CB000726F63656475726520656E6465642069C2
:107CC0006E2074696D656F75742E20446973636FDF
:107CD0006E6E65637420616E642072657472792EB5
:107CE00020736D645F706172616D735F7265706C3B
:107CF000792829206F7220736D645F6C696E6B5FE9
:107D000073656375726528292072657475726E6576
:107D100064204E52465F4552524F525F54494D4582
:107D20004F55542E20636F6E6E5F68616E646C6594
:107D30003A20256400000000436F756C64206E6F6C
:107D40007420706572666F726D20736563757269F9
:107D500074792070726F6365647572652E20736D1F
:107D6000645F706172616D735F7265706C792829F0
:107D7000206F7220736D645F6C696E6B5F736563F7
:107D800075726528292072657475726E6564202588
:107D9000732E20636F6E6E5F68616E646C653A204F
:107DA00025640000436F756C64206E6F74207065ED
:107DB00072666F726D207365637572697479207075
:107DC000726F6365647572652E20736D645F6C6994
:107DD0006E6B5F73656375726528292072657475B3
:107DE000726E65642025732E20636F6E6E5F68610E
:107DF0006E646C653A202564000000007065657251
:107E00005F6D616E616765725F736D002F5573659D
:107E100072732F616C657862616C6477696E2F4450
:107E200065736B746F702F4F70656E4E65727665FB
:107E30002D436861726765722F4669726D77617252
:107E4000652F536F757263652D436F64652F737271
:107E5000632F636F72655F6C617965722F73646BFA
:107E60002F6E7266352F6E5246355F53444B5F312D
:107E7000372E312E305F646464653536302F696E7D
:107E8000746567726174696F6E2F6E7266782F6C9D
:107E900065676163792F6E72665F6472765F636C8B
:107EA0006F636B2E63000000636C6F636B000000F8
:107EB0002E2E2F2E2E2F636F72655F6C6179657287
:107EC0002F73646B2F6E7266352F6E5246355F537B
:107ED000444B5F31372E312E305F64646465353634
:107EE000302F696E746567726174696F6E2F6E7280
:107EF00066782F6E7266785F676C75652E68000015
:107F00002F55736572732F616C657862616C64774D
:107F1000696E2F4465736B746F702F4F70656E4E72
:107F2000657276652D436861726765722F46697266
:107F30006D776172652F536F757263652D436F6442
:107F4000652F7372632F636F72655F6C6179657201
:107F50002F73646B2F6E7266352F6E5246355F53EA
:107F6000444B5F31372E312E305F646464653536A3
:107F7000302F6D6F64756C65732F6E7266782F6429
:107F80007269766572732F7372632F6E7266785F93
:107F9000636C6F636B2E6300434C4F434B000000D8
:107FA0002F55736572732F616C657862616C6477AD
:107FB000696E2F4465736B746F702F4F70656E4ED2
:107FC000657276652D436861726765722F466972C6
:107FD0006D776172652F536F757263652D436F64A2
:107FE000652F7372632F636F72655F6C6179657261
:107FF0002F73646B2F6E7266352F6E5246355F534A
:10800000444B5F31372E312E305F64646465353602
:10801000302F6D6F64756C65732F6E7266782F6488
:108020007269766572732F7372632F6E7266785FF2
:108030006770696F74652E63000000004750494FF8
:1080400054450000505049002F55736572732F61DD
:108050006C657862616C6477696E2F4465736B74CC
:108060006F702F4F70656E4E657276652D43686137
:10807000726765722F4669726D776172652F536FF3
:10808000757263652D436F64652F7372632F636F21
:1080900072655F6C617965722F73646B2F6E7266A7
:1080A000352F6E5246355F53444B5F31372E312E9C
:1080B000305F646464653536302F6D6F64756C6550
:1080C000732F6E7266782F647269766572732F7380
:1080D00072632F7072732F6E7266785F7072732E78
:1080E00063000000505253002E2E2F2E2E2F636F50
:1080F00072655F6C617965722F73646B2F6E726647
:10810000352F6E5246355F53444B5F31372E312E3B
:10811000305F646464653536302F6D6F64756C65EF
:10812000732F6E7266782F68616C2F6E72665F7047
:10813000776D2E68000000002F55736572732F61F4
:108140006C657862616C6477696E2F4465736B74DB
:108150006F702F4F70656E4E657276652D43686146
:10816000726765722F4669726D776172652F536F02
:10817000757263652D436F64652F7372632F636F30
:1081800072655F6C617965722F73646B2F6E7266B6
:10819000352F6E5246355F53444B5F31372E312EAB
:1081A000305F646464653536302F6D6F64756C655F
:1081B000732F6E7266782F647269766572732F738F
:1081C00072632F6E7266785F70776D2E63000000A9
:1081D00050574D002F55736572732F616C6578622F
:1081E000616C6477696E2F4465736B746F702F4F89
:1081F00070656E4E657276652D4368617267657253
:108200002F4669726D776172652F536F7572636562
:108210002D436F64652F7372632F636F72655F6C9C
:10822000617965722F73646B2F6E7266352F6E5293
:1082300046355F53444B5F31372E312E305F6464D7
:1082400064653536302F6D6F64756C65732F6E7293
:1082500066782F647269766572732F7372632F6EFE
:108260007266785F73616164632E63002E2E2F2E19
:108270002E2F636F72655F6C617965722F73646B0B
:108280002F6E7266352F6E5246355F53444B5F3109
:10829000372E312E305F646464653536302F6D6F54
:1082A00064756C65732F6E7266782F68616C2F6EC3
:1082B00072665F73616164632E68000053414144DC
:1082C000430000002F55736572732F616C657862EF
:1082D000616C6477696E2F4465736B746F702F4F98
:1082E00070656E4E657276652D4368617267657262
:1082F0002F4669726D776172652F536F7572636572
:108300002D436F64652F7372632F636F72655F6CAB
:10831000617965722F73646B2F6E7266352F6E52A2
:1083200046355F53444B5F31372E312E305F6464E6
:1083300064653536302F6D6F64756C65732F6E72A2
:1083400066782F647269766572732F7372632F6E0D
:108350007266785F7370696D2E6300005350494DEB
:108360000000000054494D45520000005541525450
:108370000000000055415254450000006170705FDC
:10838000627574746F6E0000534F465444455649ED
:1083900043453A20415353455254494F4E2046419C
:1083A000494C454400000000534F4654444556494B
:1083B00043453A20494E56414C4944204D454D4F86
:1083C0005259204143434553530000004153534504
:1083D0005254494F4E204641494C45442061742037
:1083E00025733A25750000004552524F52202575DD
:1083F000205B25735D2061742025733A25750D0A75
:1084000050432061743A20307825303878000000DD
:10841000456E64206F66206572726F72207265709F
:108420006F727400554E4B4E4F574E204641554C7F
:108430005420617420307825303858002F557365EA
:1084400072732F616C657862616C6477696E2F441A
:1084500065736B746F702F4F70656E4E65727665C5
:108460002D436861726765722F4669726D7761721C
:10847000652F536F757263652D436F64652F73723B
:10848000632F636F72655F6C617965722F73646BC4
:108490002F6E7266352F6E5246355F53444B5F31F7
:1084A000372E312E305F646464653536302F636F4C
:1084B0006D706F6E656E74732F6C69627261726934
:1084C00065732F7574696C2F6170705F7574696C5A
:1084D0005F706C6174666F726D2E63002F557365EB
:1084E00072732F616C657862616C6477696E2F447A
:1084F00065736B746F702F4F70656E4E6572766525
:108500002D436861726765722F4669726D7761727B
:10851000652F536F757263652D436F64652F73729A
:10852000632F636F72655F6C617965722F73646B23
:108530002F6E7266352F6E5246355F53444B5F3156
:10854000372E312E305F646464653536302F636FAB
:108550006D706F6E656E74732F6C69627261726993
:1085600065732F6664732F6664732E6300000000CA
:1085700048415244204641554C5420617420307883
:108580002530385800000000202052303A2020309A
:108590007825303858202052313A20203078253044
:1085A0003858202052323A20203078253038582050
:1085B0002052333A2020307825303858000000000F
:1085C00020205231323A2030782530385820204C43
:1085D000523A202030782530385820205053523AD3
:1085E0002030782530385800537461636B207669E9
:1085F0006F6C6174696F6E3A20737461636B207085
:108600006F696E746572206F757473696465207329
:108610007461636B20617265612E00004361757344
:10862000653A204275734661756C74206F6E2061E7
:1086300020766563746F72207461626C6520726568
:10864000616420647572696E672065786365707413
:10865000696F6E2070726F63657373696E672E0049
:1086600043617573653A2025732E00004D656D4D8D
:10867000616E616765204661756C74204164647247
:108680006573733A2030782530385800427573206E
:108690004661756C7420416464726573733A20306E
:1086A00078253038580000005468652070726F6378
:1086B0006573736F722068617320617474656D7087
:1086C00074656420746F20657865637574652061D6
:1086D0006E20756E646566696E656420696E73747C
:1086E00072756374696F6E005468652070726F6391
:1086F0006573736F7220617474656D707465642046
:1087000061206C6F6164206F722073746F726520DA
:1087100061742061206C6F636174696F6E2074688E
:10872000617420646F6573206E6F74207065726D64
:10873000697420746865206F7065726174696F6E0A
:1087400000000000556E737461636B20666F7220C9
:10875000616E20657863657074696F6E20726574F0
:1087600075726E2068617320636175736564206F34
:108770006E65206F72206D6F726520616363657333
:10878000732076696F6C6174696F6E73000000000E
:10879000537461636B696E6720666F7220616E202F
:1087A000657863657074696F6E20656E7472792088
:1087B00068617320636175736564206F6E65206FF7
:1087C00072206D6F726520616363657373207669D3
:1087D0006F6C6174696F6E730000000041204D651D
:1087E0006D4D616E616765206661756C74206F63A5
:1087F00063757272656420647572696E6720666C59
:108800006F6174696E672D706F696E74206C617A28
:108810007920737461746520707265736572766116
:1088200074696F6E00000000496E73747275637432
:10883000696F6E20627573206572726F720000003E
:108840004461746120627573206572726F722028B2
:1088500050432076616C756520737461636B656449
:1088600020666F722074686520657863657074692E
:108870006F6E2072657475726E20706F696E74739E
:1088800020746F2074686520696E737472756374E8
:10889000696F6E207468617420636175736564200C
:1088A000746865206661756C7429000044617461A8
:1088B00020627573206572726F72202872657475FC
:1088C000726E206164647265737320696E207468CF
:1088D0006520737461636B206672616D65206973D6
:1088E000206E6F742072656C6174656420746F20F3
:1088F00074686520696E737472756374696F6E2035
:1089000074686174206361757365642074686520A0
:108910006572726F72290000556E737461636B200B
:10892000666F7220616E20657863657074696F6E22
:108930002072657475726E2068617320636175734F
:108940006564206F6E65206F72206D6F72652042C6
:1089500075734661756C7473000000005374616335
:108960006B696E6720666F7220616E206578636543
:108970007074696F6E20656E7472792068617320FF
:10898000636175736564206F6E65206F72206D6F13
:108990007265204275734661756C74730000000047
:1089A0004120627573206661756C74206F63637516
:1089B0007272656420647572696E6720666C6F619F
:1089C00074696E672D706F696E74206C617A79209E
:1089D0007374617465207072657365727661746911
:1089E0006F6E00005468652070726F636573736FFB
:1089F000722068617320617474656D7074656420A1
:108A0000746F206578656375746520616E20696E8A
:108A1000737472756374696F6E2074686174206D0D
:108A2000616B657320696C6C6567616C207573653B
:108A3000206F662074686520455053520000000086
:108A40005468652070726F636573736F722068611C
:108A50007320617474656D7074656420616E206943
:108A60006C6C6567616C206C6F6164206F6620457B
:108A700058435F52455455524E20746F20746865B8
:108A80002050432C206173206120726573756C74D3
:108A9000206F6620616E20696E76616C6964206368
:108AA0006F6E746578742C206F7220616E20696E11
:108AB00076616C6964204558435F52455455524E67
:108AC0002076616C756500005468652070726F6374
:108AD0006573736F722068617320617474656D7063
:108AE00074656420746F2061636365737320612013
:108AF000636F70726F636573736F72005468652083
:108B000070726F636573736F7220686173206D613B
:108B1000646520616E20756E616C69676E656420A6
:108B20006D656D6F7279206163636573730000001A
:108B30005468652070726F636573736F722068612B
:108B40007320657865637574656420616E20534495
:108B50004956206F72205544495620696E737472CD
:108B6000756374696F6E2077697468206120646929
:108B70007669736F72206F662030000068617264DE
:108B80006661756C740000002F55736572732F61F8
:108B90006C657862616C6477696E2F4465736B7481
:108BA0006F702F4F70656E4E657276652D436861EC
:108BB000726765722F4669726D776172652F536FA8
:108BC000757263652D436F64652F7372632F636FD6
:108BD00072655F6C617965722F73646B2F6E72665C
:108BE000352F6E5246355F53444B5F31372E312E51
:108BF000305F646464653536302F636F6D706F6EFF
:108C0000656E74732F6C69627261726965732F622D
:108C1000616C6C6F632F6E72665F62616C6C6F6308
:108C20002E6300002F55736572732F616C65786237
:108C3000616C6477696E2F4465736B746F702F4F2E
:108C400070656E4E657276652D43686172676572F8
:108C50002F4669726D776172652F536F7572636508
:108C60002D436F64652F7372632F636F72655F6C42
:108C7000617965722F73646B2F6E7266352F6E5239
:108C800046355F53444B5F31372E312E305F64647D
:108C900064653536302F65787465726E616C2F6649
:108CA0007072696E74662F6E72665F667072696E3E
:108CB00074662E63000000002F55736572732F6178
:108CC0006C657862616C6477696E2F4465736B7450
:108CD0006F702F4F70656E4E657276652D436861BB
:108CE000726765722F4669726D776172652F536F77
:108CF000757263652D436F64652F7372632F636FA5
:108D000072655F6C617965722F73646B2F6E72662A
:108D1000352F6E5246355F53444B5F31372E312E1F
:108D2000305F646464653536302F65787465726EC3
:108D3000616C2F667072696E74662F6E72665F6604
:108D40007072696E74665F666F726D61742E630017
:108D5000705F667300000000257320636865636BB5
:108D6000206661696C656420696E2025732829205E
:108D7000776974682076616C756520307825782E67
:108D800000000000705F617069000000705F667332
:108D90002D3E705F61706900705F646573740000E0
:108DA0006C656E00616464725F69735F616C6967B2
:108DB0006E656433322873726329000061646472E3
:108DC0005F69735F77697468696E5F626F756E64FF
:108DD0007328705F66732C207372632C206C656E31
:108DE00029000000705F73726300000021286C6529
:108DF0006E202520705F66732D3E705F666C617318
:108E0000685F696E666F2D3E70726F6772616D5F2D
:108E1000756E697429000000616464725F69735F34
:108E2000616C69676E656433322864657374290008
:108E3000616464725F69735F616C69676E656433F6
:108E400032282875696E7433325F7429705F7372CB
:108E500063290000616464725F69735F7769746895
:108E6000696E5F626F756E647328705F66732C2025
:108E7000646573742C206C656E29000061646472F3
:108E80005F69735F706167655F616C69676E656478
:108E900028705F66732C20706167655F616464721F
:108EA00029000000616464725F69735F77697468A8
:108EB000696E5F626F756E647328705F66732C20D5
:108EC000706167655F616464722C20286C656E2038
:108ED0002A20705F66732D3E705F666C6173685FF9
:108EE000696E666F2D3E65726173655F756E69743C
:108EF000292900006E72665F6673746F7261676520
:108F0000000000002F55736572732F616C657862E5
:108F1000616C6477696E2F4465736B746F702F4F4B
:108F200070656E4E657276652D4368617267657215
:108F30002F4669726D776172652F536F7572636525
:108F40002D436F64652F7372632F636F72655F6C5F
:108F5000617965722F73646B2F6E7266352F6E5256
:108F600046355F53444B5F31372E312E305F64649A
:108F700064653536302F636F6D706F6E656E747318
:108F80002F6C69627261726965732F6D656D6F62B6
:108F90006A2F6E72665F6D656D6F626A2E63000088
:108FA0002F55736572732F616C657862616C64779D
:108FB000696E2F4465736B746F702F4F70656E4EC2
:108FC000657276652D436861726765722F466972B6
:108FD0006D776172652F536F757263652D436F6492
:108FE000652F7372632F636F72655F6C6179657251
:108FF0002F73646B2F6E7266352F6E5246355F533A
:10900000444B5F31372E312E305F646464653536F2
:10901000302F636F6D706F6E656E74732F6C696245
:109020007261726965732F6578706572696D656EBE
:1090300074616C5F73656374696F6E5F7661727380
:109040002F6E72665F73656374696F6E5F697465B6
:10905000722E63004E52465F5355434345535300AF
:109060004E52465F4552524F525F5356435F4841FE
:109070004E444C45525F4D495353494E4700000002
:109080004E52465F4552524F525F534F46544445ED
:10909000564943455F4E4F545F454E41424C45440F
:1090A000000000004E52465F4552524F525F494EFB
:1090B0005445524E414C00004E52465F4552524F6D
:1090C000525F4E4F5F4D454D000000004E52465FCF
:1090D0004552524F525F4E4F545F464F554E4400DB
:1090E0004E52465F4552524F525F4E4F545F53555A
:1090F00050504F52544544004E52465F4552524FD5
:10910000525F494E56414C49445F504152414D00D7
:109110004E52465F4552524F525F494E56414C495E
:10912000445F5354415445004E52465F4552524F9E
:10913000525F494E56414C49445F4C454E47544856
:10914000000000004E52465F4552524F525F494E5A
:1091500056414C49445F464C414753004E52465F8E
:109160004552524F525F494E56414C49445F44412B
:10917000544100004E52465F4552524F525F4441A7
:1091800054415F53495A45004E52465F4552524F33
:10919000525F54494D454F55540000004E52465FB2
:1091A0004552524F525F4E554C4C00004E52465F56
:1091B0004552524F525F464F5242494444454E0039
:1091C0004E52465F4552524F525F494E56414C49AE
:1091D000445F4144445200004E52465F4552524F54
:1091E000525F4255535900004E52465F4552524F0E
:1091F000525F434F4E4E5F434F554E5400000000A8
:109200004E52465F4552524F525F5245534F555250
:10921000434553004E52465F4552524F525F4D4FA9
:1092200044554C455F4E4F545F494E495449414C5B
:10923000495A4544000000004E52465F4552524F85
:10924000525F4D555445585F494E49545F46414918
:109250004C4544004E52465F4552524F525F4D5569
:109260005445585F4C4F434B5F4641494C45440081
:109270004E52465F4552524F525F4D555445585FCE
:10928000554E4C4F434B5F4641494C45440000000E
:109290004E52465F4552524F525F4D555445585FAE
:1092A000434F4E445F494E49545F4641494C454403
:1092B000000000004E52465F4552524F525F4D4FE4
:1092C00044554C455F414C52454144595F494E49D4
:1092D0005449414C495A4544000000004E52465FF3
:1092E0004552524F525F53544F524147455F465586
:1092F0004C4C00004E52465F4552524F525F415017
:10930000495F4E4F545F494D504C454D454E544575
:10931000440000004E52465F4552524F525F464550
:1093200041545552455F4E4F545F454E41424C4566
:10933000440000004E52465F4552524F525F494F23
:109340005F50454E44494E47000000004E52465F74
:109350004552524F525F4452565F5457495F4552EF
:10936000525F4F56455252554E0000004E52465FD6
:109370004552524F525F4452565F5457495F4552CF
:10938000525F414E41434B004E52465F4552524F51
:10939000525F4452565F5457495F4552525F444EA4
:1093A00041434B004E52465F4552524F525F424C32
:1093B000455F495053505F52585F504B545F545271
:1093C000554E4341544544004E52465F4552524F1C
:1093D000525F424C455F495053505F4348414E4EA7
:1093E000454C5F414C52454144595F45584953549F
:1093F000530000004E52465F4552524F525F424C5E
:10940000455F495053505F4C494E4B5F444953436D
:109410004F4E4E4543544544000000004E52465FB7
:109420004552524F525F424C455F495053505F5036
:109430004545525F52454A454354454400000000AB
:109440002F55736572732F616C657862616C6477F8
:10945000696E2F4465736B746F702F4F70656E4E1D
:10946000657276652D436861726765722F46697211
:109470006D776172652F536F757263652D436F64ED
:10948000652F7372632F636F72655F6C61796572AC
:109490002F73646B2F6E7266352F6E5246355F5395
:1094A000444B5F31372E312E305F6464646535364E
:1094B000302F636F6D706F6E656E74732F6C6962A1
:1094C0007261726965732F6C6F672F7372632F6E91
:1094D00072665F6C6F675F64656661756C745F620E
:1094E00061636B656E64732E630000007274745F59
:1094F0006C6F675F6261636B656E64002F557365A7
:1095000072732F616C657862616C6477696E2F4449
:1095100065736B746F702F4F70656E4E65727665F4
:109520002D436861726765722F4669726D7761724B
:10953000652F536F757263652D436F64652F73726A
:10954000632F636F72655F6C617965722F73646BF3
:109550002F6E7266352F6E5246355F53444B5F3126
:10956000372E312E305F646464653536302F636F7B
:109570006D706F6E656E74732F6C69627261726963
:1095800065732F6C6F672F7372632F6E72665F6CDB
:109590006F675F66726F6E74656E642E63000000A5
:1095A0004261636B656E647320666C757368656495
:1095B00000000000617070001B5B313B33316D00B7
:1095C00025734C6F67732064726F70706564202818
:1095D00025642925730D0A001B5B306D0000000017
:1095E000257300003C25733E2025733A20000000BF
:1095F0002025303278000000202020007C00000070
:1096000025630000200000001B5B313B33306D0000
:109610001B5B313B33326D001B5B313B33336D00E1
:109620001B5B313B33346D001B5B313B33356D00CD
:109630001B5B313B33366D001B5B313B33376D00B9
:109640007761726E696E6700696E666F0000000078
:1096500064656275670000005465726D696E616CC7
:109660000000000052545400534547474552000043
:10967000537461746520726571756573743A203036
:1096800078253038580000004E6F74696679206F75
:109690006273657276657220307825303858203DC7
:1096A0003E207265616479004E6F74696679206F3F
:1096B0006273657276657220307825303858203DA7
:1096C0003E20626C6F636B696E6700005374617457
:1096D00065206368616E67653A20307825303858B8
:1096E000000000002F55736572732F616C657862FE
:1096F000616C6477696E2F4465736B746F702F4F64
:1097000070656E4E657276652D436861726765722D
:109710002F4669726D776172652F536F757263653D
:109720002D436F64652F7372632F636F72655F6C77
:10973000617965722F73646B2F6E7266352F6E526E
:1097400046355F53444B5F31372E312E305F6464B2
:1097500064653536302F636F6D706F6E656E747330
:109760002F736F66746465766963652F636F6D6DC3
:109770006F6E2F6E72665F7364682E630000000068
:109780006E72665F736468002F55736572732F6124
:109790006C657862616C6477696E2F4465736B7475
:1097A0006F702F4F70656E4E657276652D436861E0
:1097B000726765722F4669726D776172652F536F9C
:1097C000757263652D436F64652F7372632F636FCA
:1097D00072655F6C617965722F73646B2F6E726650
:1097E000352F6E5246355F53444B5F31372E312E45
:1097F000305F646464653536302F636F6D706F6EF3
:10980000656E74732F736F66746465766963652F14
:10981000636F6D6D6F6E2F6E72665F7364685F62EB
:109820006C652E630000000073645F626C655F63AB
:1098300066675F73657428292072657475726E653A
:1098400064202573207768656E20617474656D707F
:1098500074696E6720746F2073657420424C455F95
:10986000434F4E4E5F4346475F4741502E00000036
:1098700073645F626C655F6366675F7365742829F4
:109880002072657475726E65642025732077686533
:109890006E20617474656D7074696E6720746F20DA
:1098A00073657420424C455F4741505F4346475FB4
:1098B000524F4C455F434F554E542E0073645F62C8
:1098C0006C655F6366675F736574282920726574D1
:1098D00075726E6564202573207768656E206174EB
:1098E00074656D7074696E6720746F207365742081
:1098F000424C455F434F4E4E5F4346475F4741549E
:10990000542E000073645F626C655F6366675F730B
:10991000657428292072657475726E6564202573DC
:10992000207768656E20617474656D7074696E6708
:1099300020746F2073657420424C455F434F4D4D3A
:109940004F4E5F4346475F56535F555549442E007F
:1099500073645F626C655F6366675F736574282913
:109960002072657475726E65642025732077686552
:109970006E20617474656D7074696E6720746F20F9
:1099800073657420424C455F47415454535F4346CE
:10999000475F415454525F5441425F53495A452EE8
:1099A0000000000073645F626C655F6366675F73ED
:1099B000657428292072657475726E65642025733C
:1099C000207768656E20617474656D7074696E6768
:1099D00020746F2073657420424C455F4741545496
:1099E000535F4346475F534552564943455F43489B
:1099F000414E4745442E0000496E737566666963A3
:109A000069656E742052414D20616C6C6F636174A6
:109A1000656420666F722074686520536F667444B5
:109A200065766963652E00004368616E6765207422
:109A300068652052414D207374617274206C6F63AD
:109A40006174696F6E2066726F6D203078257820A2
:109A5000746F20307825782E000000004D61786901
:109A60006D756D2052414D2073697A6520666F7265
:109A7000206170706C69636174696F6E2069732016
:109A8000307825782E00000073645F626C655F6536
:109A90006E61626C6528292072657475726E6564EA
:109AA0002025732E000000006E72665F7364685F8D
:109AB000626C6500536F43206576656E743A2030A2
:109AC0007825782E000000002F55736572732F6182
:109AD0006C657862616C6477696E2F4465736B7432
:109AE0006F702F4F70656E4E657276652D4368619D
:109AF000726765722F4669726D776172652F536F59
:109B0000757263652D436F64652F7372632F636F86
:109B100072655F6C617965722F73646B2F6E72660C
:109B2000352F6E5246355F53444B5F31372E312E01
:109B3000305F646464653536302F636F6D706F6EAF
:109B4000656E74732F736F66746465766963652FD1
:109B5000636F6D6D6F6E2F6E72665F7364685F7397
:109B60006F632E63000000006E72665F7364685F4F
:109B7000736F6300426C6553746174654D61636813
:109B8000696E6500426C6549646C650054696D6579
:109B90006F75742074696D6572206578706972657F
:109BA000642E0000426C6554696D656F757454696C
:109BB0006D6572005374617274696E672074696DAB
:109BC000656F75742074696D65722E0053746F70C3
:109BD00070696E672074696D656F75742074696D46
:109BE00065722E0053746F7070696E6720736361C5
:109BF0006E2E00005363616E2074696D6564206F82
:109C000075742E0046696C746572206D61746368AA
:109C10002E00000057686974656C69737420616474
:109C200076207265706F72742E000000426C65536E
:109C30007562737974656D3A20496E697469616CF7
:109C4000697A6564200A0000426C6500504D43202B
:109C50005374617465204D616368696E653A204391
:109C600068617267696E67204261747465727920F9
:109C7000456E7472790A0000504D4320537461742C
:109C800065204D616368696E653A5374617465203F
:109C90004368617267696E672042617474657279A6
:109CA0002044697370617463684576656E740A0058
:109CB000504D43205374617465204D616368696E33
:109CC000653A20496E76616C6964204576656E74EC
:109CD0000A000000504D43205374617465204D61AB
:109CE0006368696E653A2050696E6720506F7274C0
:109CF0000A000000504D43205374617465204D618B
:109D00006368696E65204368617267696E672042A7
:109D10006174746572792073746174653A2042616C
:109D2000747465727920537461727420436861722F
:109D300067696E670A000000504D432053746174D8
:109D400065204D616368696E65204368617267696B
:109D50006E672042617474657279207374617465F2
:109D60003A20426174746572792046756C6C2043A8
:109D70006861726765640A00504D432053746174D2
:109D800065204D616368696E65204368617267692B
:109D90006E672042617474657279207374617465B2
:109DA0003A20426174746572792043686172676910
:109DB0006E670A00504D43205374617465204D61F5
:109DC0006368696E65204368617267696E672042E7
:109DD0006174746572792073746174653A204261AC
:109DE00074746572792050726573656E7420496E63
:109DF00064696361746F720A00000000504D432073
:109E00005374617465204D616368696E65204368B1
:109E1000617267696E67204261747465727920733C
:109E2000746174653A20504D43204661756C74200E
:109E3000436F6E646974696F6E0A00002F55736515
:109E400072732F616C657862616C6477696E2F4400
:109E500065736B746F702F4F70656E4E65727665AB
:109E60002D436861726765722F4669726D77617202
:109E7000652F536F757263652D436F64652F737221
:109E8000632F736572766963655F6C617965722FA4
:109E9000706D632F73746174655F6D616368696E63
:109EA000652F7376635F706D635F73746174655F54
:109EB0006368617267696E675F6261747465727905
:109EC0002E63707000000000504D43205374617485
:109ED00065204D616368696E653A20436861726709
:109EE000696E67204261747465727920457869747F
:109EF0000A000000504D43205374617465204D6189
:109F00006368696E653A20456E61626C6520456ED6
:109F10007472790A00000000504D4320537461743C
:109F200065204D616368696E653A53746174654577
:109F30006E61626C65204469737061746368457614
:109F4000656E740A00000000504D43205374617424
:109F500065204D616368696E6520456E61626C6560
:109F60002073746174653A20504D43204661756CCE
:109F70007420436F6E646974696F6E0A000000009C
:109F80002F55736572732F616C657862616C6477AD
:109F9000696E2F4465736B746F702F4F70656E4ED2
:109FA000657276652D436861726765722F466972C6
:109FB0006D776172652F536F757263652D436F64A2
:109FC000652F7372632F736572766963655F6C6169
:109FD0007965722F706D632F73746174655F6D6145
:109FE0006368696E652F7376635F706D635F73740A
:109FF0006174655F656E61626C652E6370700000F0
:10A00000504D43205374617465204D616368696EDF
:10A01000653A20456E61626C6520457869740A0076
:10A02000504D43205374617465204D616368696EBF
:10A03000653A2049646C6520456E7472790A0000A7
:10A04000504D43205374617465204D616368696E9F
:10A05000653A2049646C6520457869740A000000FF
:10A06000504D43205374617465204D616368696E7F
:10A07000653A2049646C6520446973706174636853
:10A080004576656E740A0000504D43205374617428
:10A0900065204D616368696E653A20496E6974692F
:10A0A000616C697A650A00002F55736572732F61C0
:10A0B0006C657862616C6477696E2F4465736B744C
:10A0C0006F702F4F70656E4E657276652D436861B7
:10A0D000726765722F4669726D776172652F536F73
:10A0E000757263652D436F64652F7372632F73659B
:10A0F00072766963655F6C617965722F706D632F2D
:10A1000073746174655F6D616368696E652F7376E2
:10A11000635F706D635F73746174655F69646C65C0
:10A120002E63707000000000504D430049646C6560
:10A1300000000000456E61626C650000436861725A
:10A1400067696E672042617474657279000000006F
:10A15000504D43204D616E616765723A20436F6ECA
:10A160006669674770696F730A000000504D4320AD
:10A170004D616E616765723A20496E69740A00002C
:10A18000504D43204D616E616765723A20456E61A6
:10A19000626C65566363526567756C61746F720AB1
:10A1A00000000000504D43204D616E616765723ABA
:10A1B0002044697361626C65566363526567756CB0
:10A1C00061746F720A000000504D43204D616E6152
:10A1D0006765723A20456E61626C654261747465B0
:10A1E0007279436861726765720A0000504D4320BE
:10A1F0004D616E616765723A2044697361626C6596
:10A2000042617474657279436861726765720A00AD
:10A21000504D43204D616E616765723A2047657409
:10A2200042617474657279566F6C746167650A0077
:10A23000504D43204D616E616765723A20526561F1
:10A2400064426174746572794368617267657250C3
:10A25000726573656E74496E64696361746F720AC6
:10A2600000000000504D43204D616E616765723AF9
:10A2700020526561644261747465727943686172E9
:10A280006765496E64696361746F7250696E0A0034
:10A29000504D43204D616E616765723A2052656191
:10A2A0006442617474657279466173744368617263
:10A2B0006765496E64696361746F720A000000002B
:10A2C000504D4320506F72743A2045786563757421
:10A2D000654576656E740A00575054205374617456
:10A2E00065204D616368696E653A204368617267F5
:10A2F000696E6720457869740A0000005750542041
:10A300005374617465204D616368696E653A2043DA
:10A3100068617267696E6720456E7472790A000021
:10A32000575054205374617465204D616368696EA1
:10A33000653A53746174654368617267696E67203A
:10A3400044697370617463684576656E740A0000D1
:10A35000575054205374617465204D616368696E71
:10A36000653A20496E76616C6964204576656E7445
:10A370000A000000575054205374617465204D61E9
:10A380006368696E653A2050696E6720506F727419
:10A390000A000000575054205374617465204D61C9
:10A3A0006368696E653A2057505420506F77657224
:10A3B000204F6E0A000000005750542053746174FF
:10A3C00065204D616368696E653A2057505420538B
:10A3D00074617274205363616E0A000057505420F8
:10A3E0005374617465204D616368696E6520536CB8
:10A3F0006F774368617267652073746174653A2092
:10A40000575054204661756C7420436F6E646974B4
:10A41000696F6E0A00000000575054205374617435
:10A4200065204D616368696E653A204261747465A8
:10A430007279204368617267696E670A00000000E4
:10A44000575054205374617465204D616368696E80
:10A4500065204368617267696E6720737461746513
:10A460003A2057505420536C6F77204368617267CD
:10A4700065202D20636F6C6420737461727420708A
:10A480006F7765720A00000057505420537461744E
:10A4900065204D616368696E653A20426174746538
:10A4A0007279204368617267656420285750542090
:10A4B00073687574646F776E20766961206170705F
:10A4C000206C61796572290A000000005750542001
:10A4D0005374617465204D616368696E6520536CC7
:10A4E0006F774368617267652073746174653A20A1
:10A4F000575054205363616E2054696D656F7574B5
:10A500000A000000575054205374617465204D6157
:10A510006368696E6520536C6F7743686172676525
:10A520002073746174653A205750542041646A75F1
:10A53000737420506F7765720A00000057505420E2
:10A540005374617465204D616368696E653A204695
:10A5500061756C74207061757365202D207375733F
:10A5600070656E64696E6720706F776572207472B3
:10A57000616E736665720A0057505420537461749B
:10A5800065204D616368696E653A204661756C743B
:10A5900020726573756D65202D20726573746F72FE
:10A5A000696E6720706F776572207472616E736672
:10A5B00065720A00575054205374617465204D61D0
:10A5C0006368696E653A2049646C6520456E7472F3
:10A5D000790A0000575054205374617465204D610E
:10A5E0006368696E653A2049646C652045786974D2
:10A5F0000A000000575054205374617465204D6167
:10A600006368696E653A2049646C652044697370BB
:10A61000617463684576656E740A00005750542073
:10A620005374617465204D616368696E653A2049B1
:10A630006E697469616C697A650A0000575054004C
:10A640005465737400000000536C6F772043686199
:10A65000726765004368617267696E670000000099
:10A66000575054205374617465204D616368696E5E
:10A67000653A20536C6F7720436861726765200AE2
:10A6800000000000575054205374617465204D61E0
:10A690006368696E653A20536C6F77204368617216
:10A6A00067650A00575054205374617465204D61EA
:10A6B0006368696E6520536C6F7743686172676584
:10A6C0002073746174653A20496E76616C69642008
:10A6D0004576656E740A00005750542053746174B7
:10A6E00065204D616368696E6520536C6F774368C0
:10A6F000617267652073746174653A2050696E6792
:10A7000020506F72740A00005750542053746174C3
:10A7100065204D616368696E6520536C6F7743688F
:10A72000617267652073746174653A2057505420D4
:10A73000506F776572204F6E0A000000575054200A
:10A740005374617465204D616368696E6520536C54
:10A750006F774368617267652073746174653A202E
:10A76000575054205363616E0A0000005750542024
:10A770005374617465204D616368696E6520536C24
:10A780006F774368617267652073746174653A20FE
:10A790005750542053746F70205363616E0A000049
:10A7A000575054205374617465204D616368696E1D
:10A7B0006520536C6F7743686172676520737461BD
:10A7C00074653A204661756C7420706175736520FC
:10A7D0002D2073757370656E64696E6720706F7776
:10A7E0006572207472616E736665720A0000000003
:10A7F000575054205374617465204D616368696ECD
:10A800006520536C6F77436861726765207374616C
:10A8100074653A204661756C7420726573756D6558
:10A82000202D20726573746F72696E6720706F7768
:10A830006572207472616E736665720A00000000B2
:10A84000575054205374617465204D616368696E7C
:10A85000653A205465737420456E7472790A00005D
:10A86000575054205374617465204D616368696E5C
:10A87000653A205465737420457869740A000000B5
:10A88000575054205374617465204D616368696E3C
:10A89000653A205465737420446973706174636809
:10A8A0004576656E740A00005750542053746174E5
:10A8B00065204D616368696E653A20575054205396
:10A8C000746F70205363616E0A000000575054206B
:10A8D0005374617465204D616368696E653A2057F1
:10A8E000505420506F776572204F66660A00000052
:10A8F000575054205374617465204D616368696ECC
:10A90000653A20575054204661756C7420436F6E31
:10A91000646974696F6E0A00575054204D616E610E
:10A920006765723A2053746174757354696D656F0D
:10A9300075744D6F6E69746F72696E670A000000FE
:10A9400057707453746174757354696D6572000047
:10A9500057707453746174757354696D656F757451
:10A9600054696D65720000005770744661756C74AF
:10A970004D6F6E69746F7200577074506F776572A7
:10A980004374726C00000000577074436F6C645322
:10A990007461727400000000575054204D616E6164
:10A9A0006765723A20436F6E6669674770696F73B7
:10A9B0000A00000043616C6C20612068616C5F6478
:10A9C0006163206D6574686F6420746861742063CE
:10A9D0006F6E666967206770696F730A0000000018
:10A9E00043616C6C20612068616C5F777074206DCE
:10A9F0006574686F64207468617420636F6E666943
:10AA000067206770696F730A0000000064697361F2
:10AA1000626C656400000000616C7265616479209D
:10AA20006F666600575054204D616E616765723ADB
:10AA300020506175736557707420726561736F6E15
:10AA4000203078253032582C206D61736B206E6F6A
:10AA500077203078253032582C20636F696C2025A0
:10AA6000730A0000575054204D616E616765723A59
:10AA700020526573756D6557707420726561736FD0
:10AA80006E2030782530325820636C6561726564C1
:10AA90002C20636F696C2072652D656E61626C6538
:10AAA00064206174206C6576656C2025640A000062
:10AAB000575054204D616E616765723A205265733C
:10AAC000756D6557707420726561736F6E20307894
:10AAD0002530325820636C6561726564206275743C
:10AAE000206D61736B207374696C6C203078253035
:10AAF00032582C20636F696C207374617973206FF6
:10AB000066660A00575054204D616E616765723A5F
:10AB10002053746F705770745363616E0A000000A5
:10AB2000575054204D616E616765723A20476574D5
:10AB300054656D70657261747572650A000000007D
:10AB4000575054204D616E616765723A20476574B5
:10AB50004368617267655374617475730A0000001D
:10AB6000575054204D616E616765723A205374618D
:10AB70007475732070696E2076616C75653A202556
:10AB800064200A00575054204D616E616765723A27
:10AB900020537461727453746174757354696D6574
:10ABA0006F757454696D65720A0000005750542027
:10ABB0004D616E616765723A2053746172745374AB
:10ABC000617475734D6F6E69746F72696E670A0098
:10ABD000575054204D616E616765723A20456E6131
:10ABE000626C6557707420737570707265737365ED
:10ABF000642C206661756C74206D61736B203078F5
:10AC000025303258207374696C6C207365740A00A7
:10AC1000575054204D616E616765723A20456E61F0
:10AC2000626C655770740A00575054204D616E6114
:10AC30006765723A2053746F705374617475734D05
:10AC40006F6E69746F72696E670A00005750542006
:10AC50004D616E616765723A205374617274497018
:10AC60006754656D70657261747572654D6F6E695C
:10AC7000746F72696E6754696D65720A0000000036
:10AC8000575054204D616E616765723A2053746F5E
:10AC90007049706754656D70657261747572654D49
:10ACA0006F6E69746F72696E6754696D65720A00C0
:10ACB000575054204D616E616765723A2049504784
:10ACC00020746865726D6973746F72207265736940
:10ACD0007374616E63653A202564000057505420F8
:10ACE0004D616E616765723A2054656D7065726181
:10ACF0007475726520696E746572706F6C617469C9
:10AD00006F6E206661696C6564202D20706F7373AF
:10AD100069626C65206C6F6F6B7570207461626C1A
:10AD200065206F72646572696E67206973737565FB
:10AD300000000000575054204D616E616765723A03
:10AD4000204950472054656D706572617475726555
:10AD50002025642E2530326420430A0057505420A9
:10AD60004D616E616765723A20746865726D20721C
:10AD70006177207265663D2564206F75743D25649A
:10AD8000206F6673743D2564206D560A0000000034
:10AD9000575054204D616E616765723A20495047A3
:10ADA0002074656D70657261747572652025642EFE
:10ADB00025303264204320726561636865642070C9
:10ADC00061757365207468726573686F6C642028A0
:10ADD00025642043292C2070617573696E6720708B
:10ADE0006F776572207472616E7366657200000021
:10ADF000575054204D616E616765723A2049504743
:10AE00002074656D70657261747572652025642E9D
:10AE10002530326420432061742F62656C6F772087
:10AE2000726573756D65207468726573686F6C64A4
:10AE300020282564204329206166746572202564DA
:10AE4000207469636B732C20726573756D696E670E
:10AE500020706F776572207472616E736665720020
:10AE6000575054204D616E616765723A2053657486
:10AE700050756C736557696474685468726573685B
:10AE80006F6C64537465700A0000000057505420C2
:10AE90004D616E616765723A20506F77657220630D
:10AEA0006F6E74726F6C2072657365742C206C65A4
:10AEB00076656C2025640A00575054204D616E6100
:10AEC0006765723A2044697361626C655770740AF1
:10AED00000000000575054204D616E616765723A62
:10AEE00020436F6C64207374617274206174206CF1
:10AEF0006576656C2025642C20657363616C6174D4
:10AF0000696E6720746F206D617820696E202564FA
:10AF1000206D73206966206E6F2049504720616460
:10AF2000766572746973656D656E740A0000000061
:10AF3000575054204D616E616765723A20436F6CC3
:10AF40006420737461727420657363616C617469E9
:10AF50006F6E20736B69707065642C2049504720B8
:10AF6000616C72656164792061647665727469737D
:10AF7000696E670A00000000575054204D616E61F1
:10AF80006765723A20436F6C642073746172742039
:10AF9000657363616C6174696E6720746F206D61A5
:10AFA00078696D756D20706F7765722C2073746988
:10AFB0006C6C206E6F204950472061647665727416
:10AFC0006973656D656E740A000000005750542067
:10AFD0004D616E616765723A204950472062617425
:10AFE00074657279204F565020666C6167206173DA
:10AFF0007365727465642028434847315F4F56502B
:10B000005F4552526E3D256420434847325F4F569C
:10B01000505F4552526E3D25642C2030203D206605
:10B0200061756C7429206174206C6576656C2025CF
:10B03000642C2050474F4F443D2564202D206C6FD9
:10B0400067676564206F6E6C792C20636F696C2074
:10B05000756E61666665637465640A0057505420B6
:10B060004D616E616765723A204950472062617494
:10B0700074657279204F565020666C616773206347
:10B080006C65617265642028434847315F4F5650B4
:10B090005F4552526E3D256420434847325F4F560C
:10B0A000505F4552526E3D256429206174206C65C5
:10B0B00076656C2025642C2050474F4F443D256415
:10B0C0000A000000575054204D616E616765723A66
:10B0D0002049504720726563746966696572204F24
:10B0E0005650202856524543545F4F56506E3D30BF
:10B0F00029206174206C6576656C2025642C2063A2
:10B1000068617267656420746F2025642C20636514
:10B11000696C696E672025642C2070617573696E97
:10B1200067000000575054204D616E616765723AA8
:10B130002056524543545F4F56506E207374696CCD
:10B140006C20302061667465722025642074696308
:10B150006B732C2073746179696E672070617573ED
:10B1600065640A00575054204D616E616765723AFC
:10B170002056524543545F4F56506E20636C6561B4
:10B180007265642061667465722025642074696349
:10B190006B732C20726573756D696E67206F6E65B9
:10B1A000207374657020646F776E206174206C6505
:10B1B00076656C2025640A00575054204D616E61FD
:10B1C0006765723A204661756C744D6F6E69746F75
:10B1D00072696E670A000000575054204D616E611D
:10B1E0006765723A20506F77657220636F6E747274
:10B1F0006F6C20736B69707065642C206661756C70
:10B2000074206D61736B20307825303258206F7751
:10B210006E7320746865206C6576656C0A000000AA
:10B22000575054204D616E616765723A20506F77B8
:10B23000657220636F6E74726F6C20626C616E6BEE
:10B240006564206166746572206661756C74207235
:10B250006573756D652C202564206379636C657357
:10B26000206C6566740A0000575054204D616E6171
:10B270006765723A20506F77657220636F6E7472E3
:10B280006F6C20736B69707065642C206E6F206E1C
:10B2900065772049504720616476657274697365EB
:10B2A0006D656E742073696E6365206C61737420C4
:10B2B000737465700A000000575054204D616E6130
:10B2C0006765723A20436C6F736564206C6F6F70B2
:10B2D000207374617274696E67206174206C657686
:10B2E000656C2025640A0000575054204D616E6142
:10B2F0006765723A20506F77657220636F6E747263
:10B300006F6C206C6576656C3D25642070676F6F8F
:10B31000643D256420666C6F6F725F666F756E6446
:10B320003D2564206F76705F6365696C696E673D6B
:10B3300025642070676F6F645F666C6F6F723D2568
:10B3400064000000575054204D616E616765723A89
:10B3500020486F6C64696E67206174206C65766547
:10B360006C2025640A000000575054204D616E6126
:10B370006765723A2050474F4F4420736174697378
:10B38000666965642C207374657070696E672064EB
:10B390006F776E20746F206C6576656C2025640A6B
:10B3A00000000000575054204D616E616765723A8D
:10B3B0002050474F4F442073617469736669656418
:10B3C000206174206D696E696D756D206C657665A0
:10B3D0006C2C20666C6F6F7220666F756E640A004D
:10B3E000575054204D616E616765723A2050474F47
:10B3F0004F44206C6F772025642F256420617420D2
:10B400006C6576656C2025642C2077616974696EA3
:10B410006720666F7220636F6E6669726D61746912
:10B420006F6E0A00575054204D616E616765723A25
:10B43000204E6F20766961626C6520706F7765724F
:10B44000206C6576656C202D204F56502063656911
:10B450006C696E67202564206174206F72206265BC
:10B460006C6F772050474F4F4420666C6F6F72208F
:10B4700025642E20436C616D70696E6720746F20A7
:10B4800025640000575054204D616E616765723A23
:10B490002050474F4F44206C6F77206174206D61BE
:10B4A00078696D756D206C6576656C2025642C203F
:10B4B0006E6F7468696E6720667572746865722055
:10B4C000746F20676976650A0000000057505420A9
:10B4D0004D616E616765723A2050474F4F44206C52
:10B4E0006F772C207374657070696E67207570209B
:10B4F000746F206C6576656C2025640A000000007E
:10B50000575054204D616E616765723A20496E69EB
:10B51000740A000057505420506F72743A204578D6
:10B5200065637574654576656E740A002F5573659D
:10B5300072732F616C657862616C6477696E2F44F9
:10B5400065736B746F702F4F70656E4E65727665A4
:10B550002D436861726765722F4669726D776172FB
:10B56000652F536F757263652D436F64652F73721A
:10B57000632F636F72655F6C617965722F73646BA3
:10B580002F6E7266352F6E5246355F53444B5F31D6
:10B59000372E312E305F646464653536302F657820
:10B5A0007465726E616C2F6672656572746F732F4D
:10B5B000736F757263652F706F727461626C652F43
:10B5C0004D656D4D616E672F686561705F312E63EB
:10B5D000000000002F55736572732F616C657862EF
:10B5E000616C6477696E2F4465736B746F702F4F55
:10B5F00070656E4E657276652D436861726765721F
:10B600002F4669726D776172652F536F757263652E
:10B610002D436F64652F7372632F636F72655F6C68
:10B62000617965722F73646B2F6E7266352F6E525F
:10B6300046355F53444B5F31372E312E305F6464A3
:10B6400064653536302F65787465726E616C2F666F
:10B6500072656572746F732F706F727461626C655E
:10B660002F434D5349532F6E726635322F706F72D0
:10B67000745F636D7369732E630000002F557365EB
:10B6800072732F616C657862616C6477696E2F44A8
:10B6900065736B746F702F4F70656E4E6572766553
:10B6A0002D436861726765722F4669726D776172AA
:10B6B000652F536F757263652D436F64652F7372C9
:10B6C000632F636F72655F6C617965722F73646B52
:10B6D0002F6E7266352F6E5246355F53444B5F3185
:10B6E000372E312E305F646464653536302F6578CF
:10B6F0007465726E616C2F6672656572746F732FFC
:10B70000736F757263652F71756575652E630000C3
:10B710002F55736572732F616C657862616C647705
:10B72000696E2F4465736B746F702F4F70656E4E2A
:10B73000657276652D436861726765722F4669721E
:10B740006D776172652F536F757263652D436F64FA
:10B75000652F7372632F636F72655F6C61796572B9
:10B760002F73646B2F6E7266352F6E5246355F53A2
:10B77000444B5F31372E312E305F6464646535365B
:10B78000302F65787465726E616C2F6672656572B4
:10B79000746F732F736F757263652F7461736B733E
:10B7A0002E63000049444C4500000000546D725166
:10B7B000000000002F55736572732F616C6578620D
:10B7C000616C6477696E2F4465736B746F702F4F73
:10B7D00070656E4E657276652D436861726765723D
:10B7E0002F4669726D776172652F536F757263654D
:10B7F0002D436F64652F7372632F636F72655F6C87
:10B80000617965722F73646B2F6E7266352F6E527D
:10B8100046355F53444B5F31372E312E305F6464C1
:10B8200064653536302F65787465726E616C2F668D
:10B8300072656572746F732F736F757263652F74A1
:10B84000696D6572732E6300546D722053766300C8
:10B8500000000000000000008577020000000000EA
:10B86000000000004D780200A1780200CB780200B1
:10B870000000000000000000517902004D79020034
:10B88000A17902000000000000000000D57902004C
:10B89000697A0200F1790200000000000000000057
:10B8A0009B7A0200857A0200DB7A02000000000029
:10B8B00000000000877B0200BD7B0200897B020044
:10B8C0000000000000000000CB7B02000000000030
:10B8D0000000000000000000000000000000000068
:10B8E0006581020067810200000000000000000086
:10B8F0000000000069810200010006005A62020097
:10B900000101000003000200000000000000000030
:10B910000000000000000000000000000000000027
:10B920004D870200A78702000F00000100010203FB
:10B9300004050608090A0B000000000201000000CF
:10B940000B0000000000000029000000280000009B
:10B9500008000000000000000000000000000000DF
:10B960000338FDD8704700000E0000000100000001
:10B9700001000000000000000000000000000000C6
:10B980000EFFFFFF0600000014000000000102038C
:10B990000405060000000000003000400000000028
:10B9A0000100000001000000004000400100000014
:10B9B00001000000008000400004000000900040F2
:10B9C0000104000000A000400204000000A00140AB
:10B9D0000306000000B0014004060000000003065A
:10B9E000000000002E310100010200002E31010094
:10B9F0000101000000000000010000000100FFFF45
:10BA000000000000010000000100010004BA030072
:10BA10000100010000BA0300C9B9020041A0020000
:10BA200009BB0200C9C9020011A4020065A00200FE
:10BA30007365635F6B65797365745F66696C6C00D1
:10BA4000FFFFFFFF0006FF000000004000000000B5
:10BA50000000005000030050A5E60200B9E6020015
:10BA6000CDE602000000FFFFDEC0ADDEFE011EF1EC
:10BA7000DEC0ADDEFF011EF1A8860300E8860300EC
:10BA8000000000004487030090870300DC87030068
:10BA90000000000000000000288803004088030028
:10BAA000AC880300188903005C890300A0890300A7
:10BAB0000000000000000000A8860300E4890300E5
:10BAC000408A0300C88A0300000000000000000054
:10BAD0000000000000000000FC8A0300308B03001F
:10BAE00030313233343536373839414243444546B4
:10BAF0006E72665F6673746F726167655F657261AF
:10BB0000736500006E72665F6673746F726167655D
:10BB10005F777269746500000000000054900300B4
:10BB2000010000006090030002000000809003000C
:10BB300003000000A490030004000000B89003007C
:10BB400005000000CC90030006000000E090030018
:10BB500007000000F89003000800000010910300A7
:10BB600009000000289103000A000000449103002E
:10BB70000B0000005C9103000C00000074910300B6
:10BB80000D000000889103000E0000009C9103004E
:10BB90000F000000AC91030010000000C0910300F2
:10BBA00011000000D891030012000000E89103008A
:10BBB00013000000009203008000000014920300B4
:10BBC00081000000389203008200000054920300BC
:10BBD0008300000070920300840000009092030034
:10BBE00085000000B492030086000000DC92030090
:10BBF00090000000F49203009100000014930300F1
:10BC00009200000034930300008200004C93030074
:10BC1000018200006C9303000282000088930300FD
:10BC200000840000A493030001840000C893030073
:10BC300002840000F4930300038400001C940300BA
:10BC4000556E6B6E6F776E206572726F7220636FC8
:10BC5000646500000000000000000000000000001B
:10BC60000338FDD870470000F50D0300F30D030005
:10BC7000F10D03007C5100207F0000006451002082
:10BC8000D895030008960300B895030010960300AA
:10BC900018960300209603002896030030960300B0
:10BCA0003896030000000000388803004096030027
:10BCB0004896030050960300F465030004660300F1
:10BCC00008000000E4650300F465030008000000BC
:10BCD000DC650300E46503000800000001000007C4
:10BCE000AC650300DC650300080000009C650300F0
:10BCF000AC65030008000000000000000000000028
:10BD000003210300052103000721030000000000B8
:10BD10000000000037210300692103003F210300D8
:10BD20000000000000000000698102000000000027
:10BD30000000000099240300000000000000000043
:10BD40007525030075260300A125030000000000EF
:10BD500000000000A126030069270300CD26030090
:10BD6000000000000000000095270300B927030031
:10BD7000DD270300000000000000000069810200D0
:10BD8000030002000000000000000000812C0300FE
:10BD90000000000000000000752D0300512D03007D
:10BDA000A12D03000000000000000000F92E030098
:10BDB0001D2F0300412F03000000000000000000C1
:10BDC000698102000000000000000000A5300300AF
:10BDD00081300300D13003000000000000000000AB
:10BDE000113203003532030059320300070000000E
:10BDF0000000000000000000030000000000000040
:10BE0000000000000500000001000000010000002B
:10BE10000100000000000000000000002F000000F2
:10BE2000010000000100000003000000000000000D
:10BE30000000000014000000C0ED01001900000027
:10BE4000A08601001E000000E63601002800000068
:10BE500078C8000032000000FE83000000000000EF
:10BE600000000000CD400300EDAF16204A623040D4
:10BE700029BD56B31544E9BF77900D9CFE0B88C0D1
:10BE80007E2615FA838073400FCE674B80D541C064
:10BE90009CBE0300CCBF0300A0BE03004300000013
:10BEA000C75D0300E75D0300F35D0300FF5D030072
:10BEB0001F5E03002B5E0300935D03005F5D0300C4
:10BEC00053756E004D6F6E005475650057656400C4
:10BED000546875004672690053617400004A616ECF
:10BEE00000466562004D617200417072004D6179DB
:10BEF000004A756E004A756C0041756700536570A5
:10BF0000004F6374004E6F760044656300002E009E
:10BF10000053756E646179004D6F6E6461790054F1
:10BF2000756573646179005765646E6573646179E2
:10BF3000005468757273646179004672696461794E
:10BF400000536174757264617900004A616E7561B5
:10BF50007279004665627275617279004D61726333
:10BF60006800417072696C004D6179004A756E65B8
:10BF7000004A756C7900417567757374005365707C
:10BF800074656D626572004F63746F626572004E16
:10BF90006F76656D62657200446563656D6265729A
:10BFA0000000414D00504D0000256D2F25642F25C8
:10BFB000790025483A254D3A255300256120256210
:10BFC0002025652025542025590000000EBF0300C0
:10BFD00010BF030010BF030010BF030010BF030019
:10BFE00010BF030010BF030010BF030010BF030009
:10BFF00010BF0300FFFFFFFFFFFFFFFFFFFFFFFF7B
:10C00000FFFF000011BF0300C0BE03004BBF0300D1
:10C01000DDBE0300A2BF0300A9BF0300B2BF03003F
:10C02000BBBF0300202020202020202020682828BB
:10C0300028282020202020202020202020202020F0
:10C040002020202048101010101010101010101078
:10C050001010101084848484848484848484101058
:10C060001010101010818181818181010101010175
:10C0700001010101010101010101010101010110A1
:10C08000101010101082828282828202020202024A
:10C090000202020202020202020202020202021072
:10C0A0001010102000070320041702010857104049
:10C0B000805F5F6378615F67756172645F61637100
:10C0C0007569726520646574656374656420726562
:10C0D0006375727369766520696E697469616C69EC
:07C0E0007A6174696F6E00C4
:10C0E8000100000005010000070000000090D003D7
:10C0F8001818181818181818180000000000000060
:10C10800FF000000102700000707FFFF07000000DE
:10C1180090BE030090BE030090BE030090BE0300D3
:04C1280090BE0300C2
:04000003200072194E
:00000001FF
