:020000022000DC
:107000000000042019720200017202009DFB0200C0
:1070100005720200077202000972020000000000FF
:10702000000000000000000000000000F53E03002A
:107030000D72020000000000153F030011720200F3
:1070400009CF020013720200C5D50200A5E60200B6
:10705000B9E6020013720200E9D4020075DD0200F5
:107060008DE90200A5E90200BDE9020013720200E9
:1070700013720200137202001372020013720200F4
:10708000137202005D4103001372020013720200CA
:107090001372020013720200C91D03001372020072
:1070A0001372020013720200D5E90200EDE902003A
:1070B00061DC02001372020000000000000000000A
:1070C000137202001372020013720200CDE6020076
:1070D0001372020013720200137202001372020094
:1070E000137202001372020013720200000000000B
:1070F0000000000013720200000000001372020082
:10710000000000000000000000000000000000007F
:10711000000000000000000000000000000000006F
:10712000000000000000000000000000000000005F
:10713000000000000000000000000000000000004F
:10714000000000000000000000000000000000003F
:10715000000000000000000000000000000000002F
:10716000000000000000000000000000000000001F
:10717000000000000000000000000000000000000F
:1071800000000000000000000000000000000000FF
:1071900000000000000000000000000000000000EF
:1071A00000000000000000000000000000000000DF
:1071B00000000000000000000000000000000000CF
:1071C00000000000000000000000000000000000BF
:1071D00000000000000000000000000000000000AF
:1071E000000000000000000000000000000000009F
:1071F000000000000000000000000000000000008F
:10720000FEE7FEE7FEE7FEE7FEE7FEE7FEE7FEE756
:10721000FEE7FEE700F002B8FFF7FCBF0F484FF0B3
:107220000701884385460E4880470E48016841F4AF
:1072300070010160BFF34F8FBFF36F8F00F01AB87A
:1072400009480A490A4A884207D0521A05D00378E9
:1072500001300B700131013AF9D170470000042070
:107260006993020088ED00E098630300082B00207A
:107270001C2B00203A493B480A1A02D007229143AE
:107280008D46394939480A1A06D00722914381F3BD
:107290000988022282F3148835483649364A00F0BC
:1072A00041F836483649374A00F03CF83648374905
:1072B000374A00F037F837483749384A00F032F893
:1072C00037483849384A00F02DF838483849394AA3
:1072D00000F028F838483949394A00F023F839488D
:1072E0003949002200F036F838483949002200F0C8
:1072F00031F838483849091A0EF0CEFE374A90471F
:1073000025482649884205D00268043003B49047D6
:1073100003BCF7E700208646EC4600200021304AF7
:107320009047FEE7884214D0521A12D003460B430E
:1073300013430324234206D1036804300B60043155
:10734000043AF9D17047037801300B700131013AEA
:10735000F9D17047884202D002700130FAE77047D5
:107360000000042000F80320000004200000042096
:10737000B8B903001C2B0020582B0020E473020036
:10738000E473020022620300B8B903001C2B002042
:107390001C2B0020AC630300AC630300B863030044
:1073A000AC630300AC630300AC630300B863030089
:1073B000B8630300B7B90300F4B90300582B0020E9
:1073C000582B0020582B0020F47E0020F47E002053
:1073D000F47E0020F47E0020F4820020417202003E
:0473E000DD56030073
:1073E400BFF34F8F0549CA6802F4E062044B1343AC
:1073F400CB60BFF34F8F00BFFDE700BF00ED00E09F
:107404000400FA0510B5044600F046FC22460D219E
:10741400012000F049FE10BD10B5044600F03CFC0C
:1074240022460821012000F03FFE10BD10B504469D
:1074340000F032FC22460F21012000F035FE10BD81
:1074440010B5044600F028FC22460E21012000F06D
:107454002BFE10BD08B500F01FFC002210210120F6
:1074640000F038FE08BD08B500F016FC002211211A
:10747400012000F02FFE08BD08B501212F2001F0E6
:1074840022FB0021142001F01EFBFFF7A9FF0000DE
:1074940038B5044603461A4A43F8142B43600023C4
:1074A4008360C360174B0361174B0360174D45613D
:1074B4008061174BC361174B436105624062164BF1
:1074C4008362164B03620BF02BFFE0622563646357
:1074D400134BA363134B23630BF022FFE063256478
:1074E4006464114BA364114B2364E5642465104B5D
:1074F4006365104BE3640BF013FFA065204638BDB1
:10750400C4B10300B863030028B10300B0B10300A1
:10751400BC63030048B10300CC63030034B103002F
:10752400EC6303005CB10300D463030084B1030083
:10753400DC63030070B10300034600F11402074842
:10754400026003F12002426003F13002826003F121
:107554004002C2604C330361704700BF582B0020C7
:107564002DE9F04389B0064600F096FB02AC524D7B
:107574000FCD0FC495E8030084E803004F4C504B33
:10758400E41AE408240444F003044E49204609F0B4
:10759400FBFF4D49204609F0F7FF9DF808204B49B1
:1075A400204609F0F7FF9DF809204949204609F0D3
:1075B400F1FF9DF80A904A464649204609F0EAFF41
:1075C4009DF80B709DF80C303A464349204609F06B
:1075D400EBFF9DF80D809DF80E3042463F49204652
:1075E40009F0E2FF3E49204609F0CEFFBDF8102025
:1075F4003C49204609F0CEFFBDF812203A49204606
:1076040009F0C8FFBDF814203849204609F0C2FF2C
:10761400069A3749204609F0BDFF3649204609F04D
:10762400B3FF079DEAB23449204609F0B3FFC5F31E
:1076340007223249204609F0ADFFC5F3074230491D
:10764400204609F0A7FFB9F1010F14BF002301235D
:107654002FB1B8F1000F02D0B9F1010F10D000938F
:1076640043463A462749204609F0A9FF0CF0A8FBF7
:1076740032460921022000F017FD09B0BDE8F0836D
:10768400009343463A462049204609F098FF0CF0FF
:1076940097FB32460B21022000F006FD0AF01CFF86
:1076A40032460621032000F0FFFC32460C21012063
:1076B40000F0FAFCE1E700BF8C550020F062030003
:1076C400A0620300F4630300186403003064030041
:1076D400486403005864030084640300A86403003E
:1076E400CC640300E0640300F86403000C65030049
:1076F40020650300446503005865030070650300BA
:107704008C650300E8650300A865030010B5044612
:1077140000F0C2FA2046FFF723FF22460921012088
:1077240000F0C2FC10BD000010B50AF0D5FE0446FE
:10773400074A032100F0B2FC064A0821204600F063
:10774400ADFC054A0721204600F0A8FC10BD00BF8F
:1077540009740200117702001D74020010B50CF0C8
:107764002FFB0446044A052100F098FC034A0D212E
:10777400204600F093FC10BD3174020045740200F1
:1077840008B5FFF7D1FFFFF7E9FF00F09FFF254B96
:107794001B68BFF35B8F13F0010F15D0224B1B68DE
:1077A400BFF35B8F13F0010F1DD0204B1B68BFF399
:1077B4005B8F13F0010F25D001F018FA01F0DAF90C
:1077C400014601F01EFB08BD16480EF00BFD002813
:1077D400E4D00023164A1321164800F02DFF114867
:1077E4000EF014FDDAE710480EF0FCFC0028DCD0A3
:1077F4000023114A0D21114800F01EFF0A480EF023
:1078040005FDD2E709480EF0EDFC0028D4D0002392
:107814000B4A11210B4800F00FFF04480EF0F6FC50
:10782400CAE700BF8C2B00207C2B00206C2B00208F
:1078340059740200902B00206B740200802B0020EE
:107844007D740200702B002010B504460BF042FA40
:1078540000220321042000F027FC0D4B0D4A9B1A43
:10786400DB081B040C4943F0030009F08DFE01F012
:1078740081F9012101F0EDFA0CF0A2FA00220321B2
:10788400022000F011FCE0680BF074FE10BD00BF94
:10789400F0620300A06203002866030008B50AF042
:1078A4001BFE00220621032000F0FEFB0CF088FAE8
:1078B40000220721022000F0F7FB01F05BF9002110
:1078C40001F0C7FA08BD70B50C4646683046FFF7AC
:1078D40033FE0546A1B203390E290DD8DFE801F0C5
:1078E400170C0C0C0C1C0C0C0C0D0C240C08290093
:1078F400C168304600F03FFC70BD01F03BF9012146
:1079040001F0D0FAE968304600F035FCF4E7C168CC
:10791400304600F030FCEFE70AF0DEFD00220421DF
:10792400032000F0C1FBE7E7C168304600F023FC08
:10793400E2E700F0D5FF00F0EDFF0028DCD100F015
:10794400CFFF00F0E9FFD7E77047000008B5104803
:10795400104BC01AC00800040F4940F0030009F09E
:1079640013FE0AF0B9FD00220221032000F09CFB63
:107974000CF026FA00220221084600F095FB0BF0D9
:10798400A9F900220221042000F08EFB08BD00BFEB
:10799400F0620300A06203004466030038B50C469D
:1079A40045682846FFF7C8FDA1B20D290BD011295F
:1079B4000DD100F095FF00F0ADFF40B900F090FF4D
:1079C40000F0AAFF03E0C168284600F0D4FB38BDEC
:1079D40008B50AF081FD00220421032000F064FBB5
:1079E40001F0C8F8012101F020FA08BDF8B50446F9
:1079F4000F4646683046FFF79FFD0546164B174A6B
:107A04009B1ADB081B043A46154943F0030009F0AE
:107A1400C1FDB9B209290BD0112911D0082906D109
:107A2400E0680BF0BFFD2969304600F0A4FBF8BD07
:107A3400E0680BF09FFD6968304600F09CFBF6E7B8
:107A440000F04EFF00F066FF0028F0D100F048FF80
:107A540000F062FFEBE700BFF0620300A0620300E6
:107A64007466030008B50CF0ABF900220321022070
:107A740000F01AFB01F07EF8002101F0D6F908BDF0
:107A840008B542F210700AF0DDFB01F073F8002132
:107A940001F0F3F908BD08B547F230500AF0D2FB03
:107AA4000AF01AFD00220421032000F0FDFA0CF074
:107AB40087F900220C21022000F0F6FA0BF00AF9F3
:107AC40000220321042000F0EFFA01F053F8012111
:107AD40001F0D3F908BDF8B505460C4647683846A9
:107AE400FFF72AFD0646A1B20839092922D8DFE8A2
:107AF40001F00522212121212A21213D0AF0ECFC5B
:107B040000220621032000F0CFFAE8680BF04AFDBA
:107B14000CF056F900220721022000F0C5FA0BF000
:107B2400D9F800220421084600F0BEFAF16838466C
:107B340000F021FBF8BDE8680BF01CFD71683846C5
:107B440000F019FBF6E70CF03BF9002207210220B4
:107B540000F0AAFA0BF0BEF800220421084600F057
:107B6400A3FAF168384600F006FBE3E700F0B8FE3C
:107B740000F0D0FE0028DDD100F0B2FE00F0CCFE13
:107B8400D8E7704738B50C4645682846FFF7D4FC5B
:107B9400A1B210290BD011290DD100F0A1FE00F0E3
:107BA400B9FE40B900F09CFE00F0B6FE03E0816827
:107BB400284600F0E0FA38BD08B500F0DBFF0146C6
:107BC40001F01FF908BD38B50C46154600F064F8FD
:107BD4002A46214600F6EC1000F0C5FA38BD000034
:107BE40010B5044600F046FA014B2360204610BD50
:107BF40098B1030038B5134B1A6801321A60124C5D
:107C0400124BE41AE408240444F003041049204607
:107C140009F0C0FC0BF084FB05460BF0FFFBB5F943
:107C240004200C49204609F0B5FC0AF07DFE054607
:107C34000AF096FFB5F900200749204609F0AAFC8E
:107C440038BD00BF9C2B0020F0620300A06203003B
:107C54009C660300B0660300D466030010B582B0CE
:107C6400044600F020F904F51960FFF7B9FF04F6A3
:107C7400EC10FFF70DFC064B0093012341F2883210
:107C8400044904F6482000F09DFA204602B010BDD5
:107C9400F97B0200F466030008B50A4B1B68BFF3C6
:107CA4005B8F13F0010F01D0074808BD05480EF0A3
:107CB40099FA0028F8D00448FFF7D0FF01480EF0E5
:107CC400A5FAF1E7A02B0020A42B002010B582B068
:107CD400044600F0A9F9184A0421204600F0F8F8F7
:107CE4002246012104F5196000F0CCF90AF0F2FFF4
:107CF4000BF00AF80CF064F80CF07CF80AF0ECFBDA
:107D04000AF004FC04F6EC1000F049FA04F64820EA
:107D140000F072FA09480A4BC01AC0080004094B63
:107D24000193002200920123074940F0030009F067
:107D340053FC02B010BD00BF04670300F0620300EF
:107D4400A0620300446703001867030008B500F04D
:107D540029F908BD032824D8012A06D001290CD00A
:107D6400022910D0B1B107207047012901D00022A7
:107D7400F4E700F10E02D2B2F0E700EB40000A4B48
:107D84001A540020704700EB4000074B03445A701C
:107D94000020704700EB4000034B03449A7000201E
:107DA40070470720704700BF2036002008B5012225
:107DB40000210846FFF7CEFF10B10346072812D171
:107DC400072202210120FFF7C5FF034608B1072857
:107DD40009D1042202210020FFF7BCFF034610B1A1
:107DE400072800D10023184608BD08B50122022146
:107DF4000020FFF7AFFF10B10346072812D1072276
:107E040002210120FFF7A6FF034608B1072809D184
:107E14000A2200210846FFF79DFF034610B10728F8
:107E240000D10023184608BD08B50388102B0ED0D6
:107E3400112B13D10F4A1368013B136073B9FFF779
:107E4400D4FF58B10C4B1B6843B1984706E0094B6B
:107E54001B6823B1074A13680133136008BDFFF799
:107E6400A5FF0028F6D0044B1B68002BF2D09847DE
:107E7400F0E700BF2C3600203036002010B584B067
:107E840004464FF0FF3201A9D4F8F4080CF0FAFBD1
:107E94000128F6D101980028F3D003681B68039ADF
:107EA40002999847EDE738B504460025C0F8F05824
:107EB400C0F8F4585022294600F6F8000EF062F992
:107EC4004822294604F648100EF05CF9204638BDD5
:107ED40010B584B004460B46114600F1F00200F6DA
:107EE400F80002900192009323464FF4007209486F
:107EF4000CF03EFEC4F8F0080023009304F6481387
:107F040022460C2114200CF069FAC4F8F40804B0D9
:107F140010BD00BF817E020000B585B001910292C0
:107F2400039300231A4601A9D0F8F4080CF096FA3A
:107F340005B05DF804FB000000B585B00191029224
:107F44000393002300936A4601A9D0F8F4080CF0C7
:107F54003DFB009B43B1064B4FF080525A6040BF3B
:107F6400BFF34F8FBFF36F8F05B05DF804FB00BF05
:107F740000ED00E0034B0360034B0B6080231360B0
:107F8400704700BF84400020843E0020034B036000
:107F9400034B0B604FF4007313607047343E0020B2
:107FA4003436002008B50CF025FEFEE710B50E4C63
:107FB4000E4BE41AE40824040D4944F0020009F0CD
:107FC400E3FA4FF40041002009F0C2F808F0BAFFC8
:107FD40044F003040749204609F0D6FA064920462E
:107FE40009F0D2FA10BD00BFF0620300A0620300E2
:107FF40054670300746703009467030008B503E043
:1080040009F058F9034B1870024B1B78002BF7D179
:1080140008BD00BF1C2B002008B5FFF7EFFF08BD0B
:1080240008B504F065FD08BD30B589B0FFF7F8FF69
:10803400FFF7BCFF0024DCB109B030BD04F01F031E
:1080440043EA451302930023039301220492059308
:108054000693079308AB13E903008DE8030002AB12
:108064000FCB00F051FD0135002DE7D00134E2E7DC
:108074002546F9E7024A02600022027182607047D5
:10808400A4B103004B1EDBB2092B04D80171024BCF
:1080940043F8210082607047D4400020023100EB95
:1080A400810042607047000000F1FF3C5FFA8CFCE5
:1080B400BCF1090F00D9704708B5054B53F82000EF
:1080C40013460A4601468068FFF726FF08BD00BF35
:1080D400D440002000F1FF3C5FFA8CFCBCF1090F96
:1080E40000D9704708B5054B53F8200013460A46DB
:1080F40001468068FFF720FF08BD00BFD440002080
:1081040038B505460C468B1C00EB83035B688BB1CA
:10811400002098470E4B0F4AA3EB020C4FEADC0CED
:108124004FEA0C4C2B7922460B494CF0040009F021
:108134003BFA38BD0648074BC01AC00800042B7927
:108144000A46064940F0040009F02EFAF1E700BFA0
:10815400F0620300A0620300A8670300D467030071
:10816400704770477047406820B108B503689B6842
:10817400984708BD704738B504460D464068036803
:108184005B6898476368A36065602B681B68284632
:10819400984738BDC068003818BF0120704710B533
:1081A400044603681B6898472046FFF7F3FF20B195
:1081B400E368A36063600023E360606803681B688E
:1081C400984710BD30B583B00446084611461A4698
:1081D400069B63608902074DA5FB015104F1080564
:1081E40001950093002389090DF098F8206020463A
:1081F40003B030BDD34D621030B583B0056865B1AE
:108204000CF046FD02460024009423460121284632
:108214000DF0B0F8204603B030BD0120FBE730B5C7
:1082240083B00546006898B10A46002400942346AA
:1082340004210DF09FF82D680CF02AFD02460094ED
:108244002346012128460DF095F8204603B030BDA1
:108254000120FBE7006850B100B583B00022009212
:10826400134603210DF086F803B05DF804FB704754
:1082740030B583B00546006898B10A4600240094DE
:10828400234609210DF076F82D680CF007FD02460F
:1082940000942346062128460DF06CF8204603B0CE
:1082A40030BD0120FBE7006850B100B583B0002267
:1082B4000092134608210DF05DF803B05DF804FB4D
:1082C4007047704710B503681B681878044C013870
:1082D4002146C0B205F0EAFEB4F9000010BD00BFAB
:1082E4000641002030B589B001900C460178254B39
:1082F40000221A705A709A70DA70022018715A713A
:108304009A71D9711A722049204805F009FE58B9AA
:10831400019B187801381B49C0B205F063FE40B9CF
:1083240001AB029303AD0EE0194A262106F098FB37
:10833400EEE7174A272106F093FBF1E702A8FFF7BF
:10834400C1FF25F8020B08AB9D42F7D1002303AA15
:1083540002E032F9021B0B4408A98A42F9D10D4A02
:1083640082FB0312DB17C3EBA2031BB2C3EB0313A1
:10837400C3EB03139B09238005F0F6FF002009B02B
:1083840030BD00BFFC400020C7820200C8B103001A
:10839400006803006766666608B5094B1B68BFF38F
:1083A4005B8F13F0010F01D0064808BD04480DF09F
:1083B40019FF0028F8D002480DF028FFF4E700BFA9
:1083C4000C4100201041002030B583B00446002544
:1083D40040F8045B074A00942B4606CA00F0F6FDF9
:1083E4002022294604F144000DF0CCFE204603B0BF
:1083F40030BD00BFCCB1030010B51048104BC01AFB
:10840400C00800040F4940F0030009F0BDF8FFF76D
:10841400C3FF0D4C21460D48FFF764FF0AF084FAB0
:10842400B4F9003040F2145202FB03F3084A82FB11
:108434000312DB17C3EBA213038010BDF062030029
:10844400A06203005C68030008410020202B002088
:10845400D34D621008B5FFF7CFFF08BD08B5027809
:10846400094B1A70094A5A60436843B1996911600B
:108474009B8B9380064B1B680348984708BD034BAE
:1084840000221A609A80F5E71C4100201441002064
:10849400344100207047000008B50A480A4BC01A4E
:1084A400C0080004094940F0030009F06DF80848C9
:1084B40002F0BEFC00B908BD064A2E2106F0D0FA2F
:1084C400F9E700BFF0620300A06203007C680300C8
:1084D400384100208C68030008B502F0C1FB08BDD8
:1084E40000B583B009F0C8FB68B90023019301A962
:1084F400012009F0B7FC58B901A809F081FD60B961
:1085040003B05DF804FB074A3B2106F0A9FAECE747
:10851400044A3F2106F0A4FAEEE7024A422106F09B
:108524009FFAEDE78C680300084B4FF4FA725A8007
:108534004FF47A729A800022DA80197862F3820109
:108544001970C9B262F3C401197070472441002044
:1085540000B585B000230093019302930393084B65
:108564000093084A6946084802F021FC10B905B096
:108574005DF804FB054A5C2106F072FAF7E700BFD8
:108584002441002061840200384100208C680300EB
:1085940008B5044B1860FFF7A3FFFFF7C5FFFFF70B
:1085A400D7FF08BD3441002038B50446002313E04A
:1085B4001B4B53F825309B6803B1984719481A4B55
:1085C400C01AC00800042246184940F0030008F00D
:1085D400E1FF24E00133DBB2154A12789A421ED936
:1085E4001D460F4A52F82320002AF3D01268A242F3
:1085F400F0D1204604F062FF0028D9D1084B53F88B
:1086040025305B6803B198470648074BC01AC00879
:1086140000042246074940F0030008F0BBFF38BDC0
:10862400A4410020F0620300A0620300FC68030080
:10863400A0410020E868030030B583B0044601601F
:1086440042608360194B1B78022B23D80D46184BCC
:108654001B68ADF804301B0C8DF8063003238DF82D
:108664000530144A01A9284604F06AFE68B90121BC
:10867400284604F0BDFE0D4A1378591C11700E4AA9
:1086840042F82340204603B030BD0C4A242106F0B2
:10869400E7F9ECE70A480B4BC01AC00800040322B0
:1086A400094940F0010008F075FFEBE7A041002004
:1086B400D4B10300AD850200A44100201069030079
:1086C400F0620300A06203007069030008B500F0C3
:1086D400E7F908BD10B50446054B0360054B03607C
:1086E400054B1B684360083000F068F8204610BD55
:1086F400E0B10300F0B10300F8B103000804034B38
:10870400A3FB0030C0F30F30704700BF5917B7D137
:1087140008B50A430221083000F098F808BD08B5EE
:1087240000220321083000F091F808BD08B50A437F
:108734000421083000F08AF808BD08B50A22052192
:10874400083000F083F808BD10B50446FFF7F5FFC4
:108754004FF4704211462046FFF7DAFF2046FFF738
:10876400DEFF0F2200212046FFF7E0FF10BD0229A3
:1087740005D0032905D0012905D108207047092017
:1087840070470A2070470720704738B504461546DD
:10879400FFF7EDFF01462A4604F1080000F056F801
:1087A40038BD38B504460D461146FFF7A7FF02460B
:1087B40029462046FFF7E9FF38BD000030B58FB0E9
:1087C4000446174B844693E80700ACE803002CF8F2
:1087D400022B120C8CF80020012284F84C220DF19B
:1087E4001C0E03F10C0CBCE80F00AEE80F009CE873
:1087F40007008EE8070004F10C05002304930EAB78
:1088040013E90F008DE80F0007AB0ECB284600F0EC
:1088140075FB284600F066FB20460FB030BD00BF54
:10882400FCB1030023B90170130A437082707047CE
:10883400012BF9D141F080010170F5E703780B7049
:1088440043784B7083788B707047000010B582B00A
:1088540004460023415C01A8FFF7E4FF694601A830
:10886400FFF7ECFF00210B2000F02DF903226946ED
:1088740004F10C0000F08EFB044601210B2000F0F3
:1088840022F90CB902B010BD0548064BC01AC00845
:108894000004054940F0010008F076FEF2E700BF4D
:1088A400F0620300A062030094690300BFF34F8FDA
:1088B4000549CA6802F4E062044B1343CB60BFF37A
:1088C4004F8F00BFFDE700BF00ED00E00400FA0594
:1088D4003CDF70473DDF70470022027070470000A4
:1088E40008B50A4B1B68BFF35B8F13F0010F01D06F
:1088F400074808BD05480DF075FC0028F8D0044869
:10890400FFF7EAFF01480DF081FCF1E7B0410020D8
:10891400B44100200078704770B50646164C174BDA
:10892400E41AE408240444F002051549284608F032
:108934002BFE4FF0FF310020FFF7CCFF60B9B121CF
:108944000020FFF7C5FF024668B10E4944F001005C
:1089540008F020FE002070BD02460B4944F00100DF
:1089640008F018FEF6E7012333700849284608F09A
:108974000BFEFFF79BFF00BFF0620300A062030041
:10898400B4690300006A0300E0690300206A03007D
:1089940010B5044603685A0904D0012A13D14FF6CE
:1089A400FF7201E04FF0FF3203F01F0322FA03F3DA
:1089B40013F0010F09D023681F2B0CD903F01F03F8
:1089C4002360064810BD0022EEE705494FF4F67017
:1089D40007F0B4F9EFE74FF0A040F3E700030050CD
:1089E4003C6A030000B583B0019001A8FFF7D0FFF3
:1089F400D0F81005019BD84000F0010003B05DF8E9
:108A040004FB00B583B0019001A8FFF7C1FF012367
:108A1400019A9340C0F80C3503B05DF804FB00B52F
:108A240083B0019001A8FFF7B3FF0123019A93409B
:108A3400C0F8083503B05DF804FB08B511B9FFF7B9
:108A4400E0FF08BDFFF7EBFFFBE770B582B00190D4
:108A54000C4616461D4601A8FFF79AFF44EA460451
:108A640044EA85049DF8183044EA03249DF81C3038
:108A740044EA0344019B03F5E07340F8234002B049
:108A840070BD00B583B0019001A8FFF781FF019B81
:108A940003F5E073022240F8232003B05DF804FBE1
:108AA40008B5054B1B7803B908BD04F007FC024B5D
:108AB40000221A70F8E700BF212B002008B5FFF749
:108AC40091FFC0B208BD08B5FFF7B7FF08BD0000AD
:108AD40000B5064B01EB410C03EB8C0E43F82C0064
:108AE400CEF804108EF808205DF804FBB84100208D
:108AF40008B500EB4000034B53F8203098470020A2
:108B040008BD00BFB841002084B010B582B004ACE9
:108B140084E80F000446FFF7B4FF9DF820309DF869
:108B24002420019200939DF81C309DF818209DF894
:108B340014102046FFF789FF02B0BDE8104004B0CE
:108B4400704730B583B004460D4601920A4601468B
:108B54001846FFF7BDFF29462046FFF7C9FF024626
:108B640001A9204604F0ECFB0121204604F040FC5E
:108B740003B030BD004870479C430020642242701B
:108B840000228270014941600272704700C00140B6
:108B940008B50248FFF7F2FF08BD00BF9C43002060
:108BA40030B58DB00546104C0DF1180CA646BEE844
:108BB4000F00ACE80F009EE803008CE803008DE88A
:108BC400030006AB0FCBFFF79FFF0DF10C0C04F174
:108BD400180393E807008CE8070000226146281D6B
:108BE40004F016FF0DB030BD38B2030008B5064BD3
:108BF4001B7803B108BDFFF7BDFFFFF7D1FF024BA0
:108C040001221A70F6E700BF98430020F0B583B044
:108C140007EE903A4B7806EE903AF8EE666A9FEDCE
:108C2400326A86EE867AF8EEE77A67EE877AFCEEA9
:108C3400E77ACDED017A9DF804509DF8203007EED7
:108C4400903AF8EEE77A67EE877AFCEEE77ACDEDB4
:108C5400017A9DF804409DF8243007EE903AF8EE2E
:108C6400E77A67EE877AFCEEE77ACDED017A9DF834
:108C740004E000210EE048F2070715E048F2070778
:108C840022E048F2070C10331844184B23F810C0A4
:108C94000131C9B2072925D80B4604FA01F010F0B6
:108CA400800FE8D048F20D0702EB420C4FEACC00EB
:108CB40003EBCC0C0D4E26F81C7005FA03F616F0E7
:108CC400800FDBD048F20D0703F1080C8444074EF3
:108CD40026F81C700EFA03FC1CF0800FD1D048F269
:108CE4000D0CD0E703B0F0BD0000C842A84300203B
:108CF40010B582B0062B0BD8DFE803F0040C131A6E
:108D040021282F000023019300936423FFF77EFFA3
:108D140002B010BD0023019364240094FFF776FF92
:108D2400F6E76423019300230093FFF76FFFEFE757
:108D34000023019364230093FFF768FFE8E76423AB
:108D4400019300240094FFF761FFE1E7642301939A
:108D540000930023FFF75AFFDAE76423019300939B
:108D6400FFF754FFD4E7000030B585B00546002373
:108D740000930193029303930E4B00934823ADF8A1
:108D8400043003E00121204604F03EFF2C1D204660
:108D940004F014FF0028F5D001231A466946204642
:108DA40004F0B6FE4FF49650034B43F0010398478A
:108DB40005B030BDA843002030B2030008B501233C
:108DC4008B70FFF7D1FF08BD70B582B005460E4623
:108DD40000240194009423462246FFF717FF0194D0
:108DE40000942346012231462846FFF70FFF0194E1
:108DF40000942346022231462846FFF707FF02B0BB
:108E040070BD10B5044600228A70FFF7DDFF2046CE
:108E1400FFF7AAFF10BD00B583B0002301930093B0
:108E2400FFF7F4FE03B05DF804FB10B504466423B9
:108E3400437049B1022300220146FFF759FF21463E
:108E44002046FFF7BBFF10BD00220146FFF7E3FFFA
:108E5400F5E710B504466423437049B103230022A7
:108E64000146FFF745FF21462046FFF7A7FF10BD47
:108E740000220146FFF7CFFFF5E710B5044664234F
:108E8400437049B1062300220146FFF731FF214612
:108E94002046FFF793FF10BD00220146FFF7BBFFFA
:108EA400F5E7000010B504466423437079B101234B
:108EB4001A460146FFF71CFF21462046FFF77EFFB6
:108EC4004FF4C850044B43F00103984710BD0122EE
:108ED4000146FFF7A0FFEFE730B2030008B5FFF744
:108EE40057FE08BD08B500231A4600F12C011C30BA
:108EF40003F000FF00B908BD0120FCE784B070B4A2
:108F0400844604A880E80E000B9B43B1012B0CD1CE
:108F14000CF11C041D4B0FCB84E80F0005E01C4B27
:108F24000CF11C040FCB84E80F00079ECCF80C60F6
:108F3400049DCCF800509DF818308CF80830059C3E
:108F4400CCF804400998CCF81400089ACCF8102006
:108F54000A99CCF818108CF83960CCF834508CF895
:108F640038408CF82D008CF82E108CF82C208CF8BE
:108F74002F30FF238CF8313006238CF83030012356
:108F84008CF84032002070BC04B0704774B2030007
:108F940064B2030070B584B00546144600F59F76AC
:108FA40030460DF0BDF8E4B205F13C03009601949F
:108FB400029303940022694605F1200005F048FC61
:108FC40008B904B070BD0120FBE7000010B582B001
:108FD4008646684680E8060003C88EE80500CEF899
:108FE40008300EF1180C0E4C0FCCACE80F000FCC6F
:108FF400ACE80F0094E803008CE80300049BCEF86F
:1090040014309DF8053003330EF10C020EEBC3034C
:1090140093E8030082E80300704602B010BD00BF6D
:1090240084B2030008B500212F20FFF74CFD08BDD2
:1090340008B501212F20FFF746FD08BD70470C201D
:109044007047000008B541F28733994234DC41F29D
:10905400883303FB01F05B1A90FBF3F007EE900AF0
:10906400F8EEE77A17EE900A0CF0FAFF18A3D3E9AA
:1090740000230CF0DBFE41EC100B0CF073FB51EC05
:10908400100B0CF0B5FF0F4B03FB00F00E4A82FBF4
:109094000031C317C3EBA11303F698530B4890FB9D
:1090A400F3F0A0F58520A0F2FE2082FB0032C01769
:1090B400C0EBA21000B208BD6FF48870FBE700BFDC
:1090C400AFF30080A68C0400D34D621090F0D73D1E
:1090D400000000000088B34070B50546FFF75CF956
:1090E400074E31460748FFF7FDF80AF019F9044620
:1090F400B6F9001041802846FFF7A4FFA08070BD98
:1091040038440020242B002008B5FFF7E5FF08BDF4
:109114000020704708B540F2DC520321FFF741FB01
:1091240008BD08B500220221FFF73BFB08BD08B5C6
:109134000A460121FFF735FB08BD08B50C2904D9FF
:109144004FF4C861FFF7F3FF08BD01EB810101EBA8
:109154008101890001F5C87189B2FFF7E8FFF3E7DF
:1091640008B564220021FFF71CFB08BD10B50446B6
:10917400FFF7D0FF2046FFF7D4FF4FF4C871204615
:10918400FFF7D5FF2046FFF7EBFF10BD08B5FFF74B
:10919400DBFA08BD30B583B00446FFF79BFA2025FF
:1091A4002A46002104F516700CF0ECFF2A46002133
:1091B40004F51E700CF0E6FF0025A4F89852A4F8FC
:1091C4009A520C4A00942B4606CA04F52770FFF7FE
:1091D400FDFE094A00942B4606CA04F53770FFF7D2
:1091E400F5FE2046FFF7D2FF2046FFF7BFFF2046DB
:1091F40003B030BDBCB20300B4B20300BFF34F8F61
:109204000549CA6802F4E062044B1343CB60BFF320
:109214004F8F00BFFDE700BF00ED00E00400FA053A
:109224004FF08053D3F83031082B01D00020704721
:10923400012070474FF08053D3F83031082B01D010
:1092440000207047012070474FF08053D3F830213D
:10925400D3F83431082A01D000207047002B04D8F9
:10926400DFE803F0010001207047002070474FF051
:109274008053D3F83021D3F83431082A01D00020A8
:109284007047002B04D8DFE803F001000120704789
:10929400002070474FF08053D3F83021D3F8343195
:1092A400082A01D000207047002B04D8DFE803F01F
:1092B400010001207047002070474FF08053D3F81D
:1092C4003021D3F83431082A01D000207047002B14
:1092D40004D8DFE803F00100012070470020704744
:1092E4004FF08053D3F83031082B01D00020704761
:1092F400012070474FF08053D3F83021D3F8343134
:10930400082A01D000207047032B01D800207047A1
:109314000120704708B5FFF7EDFF38B14FF0102377
:10932400D3F808224FF08043C3F8582508BD000045
:10933400024BD3F80034002BFAD0704700E0014010
:1093440008B5034BC3F80405FFF7F2FF08BD00BFDF
:1093540000E00140014B024A1A607047282B0020AC
:109364000090D00338B5FFF75BFF40B14FF0804366
:109374000022C3F80C21C3F81021C3F83825FFF7E5
:1093840059FF002846D04FF08052D2F80414554BB0
:10939400C3F82015D2F80814C3F82415D2F80C1415
:1093A400C3F82815D2F81014C3F82C15D2F81414E5
:1093B400C3F83015D2F81814C3F83415D2F81C14B5
:1093C400C3F84015D2F82014C3F84415D2F8241475
:1093D400C3F84815D2F82814C3F84C15D2F82C1445
:1093E400C3F85015D2F83014C3F85415D2F8341415
:1093F400C3F86015D2F83814C3F86415D2F83C14D5
:10940400C3F86815D2F84014C3F86C15D2F8442494
:10941400C3F87025FFF718FF18B1334B334AC3F86C
:109424008C26FFF724FF18B1314BFB22C3F8182513
:10943400FFF730FF70B14FF08041D1F8E43E23F0E4
:109444000F034FF08052D2F8582202F00F02134358
:10945400C1F8E43EFFF731FF20B1264B4FF4007210
:10946400C3F84026FFF73CFF60B14FF08043D3F8C8
:10947400003413F0010F05D04FF080436FF0010268
:10948400C3F800241C4AD2F8883043F47003C2F8AD
:109494008830BFF34F8FBFF36F8FFFF73BFF4FF061
:1094A4001023D3F80032002B08DB4FF01023D3F83D
:1094B4000432002B02DBFFF74DFF38BD0120FFF71C
:1094C4003FFF4FF010241225C4F80052FFF730FF7D
:1094D400C4F80452FFF72CFF0020FFF731FFFFF719
:1094E4008DFE00BF00C000400050004048810300D2
:1094F40000F000400090024000ED00E048B300B5E9
:10950400864642B34FF0000C06E01EF80C0060449F
:1095140080B201301FFA80FC0CF10100884207DAA6
:1095240010886045F1D80EEB0C0040789842ECD1DD
:109534008C4512D20CF102039BB21EF80C0078B1D8
:10954400013880B250B103EB000C61450ADB138093
:1095540004E000207047002000E000205DF804FBD8
:109564000020FBE70020F9E770B582B00023ADF8D6
:109574000630DAB10446164609230DF10602FFF758
:10958400BDFF0546BDF806301C448BB198B130468A
:109594000CF0AFFDA84201D000200AE02A46214683
:1095A40030460CF083FD40B1002002E0002000E0D2
:1095B400002002B070BD0020FBE70120F9E70000A5
:1095C40000230BB10020704703EB8302054931F8F7
:1095D4002220824201D00133F3E703EB830301EB42
:1095E400830070476044002030B5B0F804C002EB3B
:1095F4000C04944594BFACEB0C0CACEB020CC2888D
:109604009D189A4294BF921AD21A4B88B0F800E07F
:1096140073450ED3408883420DD88B8863450CD3A1
:10962400A3420CD8CB8893420BD3AB420BD8012076
:1096340000E0002030BD0020FCE70020FAE7002015
:10964400F8E70020F6E70020F4E7000008B5024B35
:109654009B6903B1984708BD4444002010B5808835
:10966400FFF7AEFF38B10446406805F0E7FA18B9D1
:109674004FF6FF73238010BDFFF7E8FFF8E7000003
:1096840000B583B002460B46497A69B9197A41B9E3
:109694000D494968586805F079FA88B1FFF7D6FF93
:1096A4000EE009498968F5E700211972064B5B69E8
:1096B40033B101218DF80410ADF8060001A89847D4
:1096C40003B05DF804FB00BF4444002070B5C37BC5
:1096D4008688012B1DD104464FF6FF70FFF770FFFB
:1096E4000546B8B10680002303720F4B03CBC5F8BF
:1096F4000A00C5F80E104FF6FF7340F2F31204F19E
:10970400100105F10A00FFF76FFF6872074BDB8950
:1097140023B170BD0420FFF799FFFAE729463046CC
:10972400FFF7AEFFF5E700BF3C44002044440020AF
:1097340070B5044686883046FFF742FF70B105468F
:109744004FF6FF7340F2F31204F108010A30FFF7F9
:109754004BFF687229463046FFF792FF70BD000048
:10976400C288124BDB899A4200D0704770B5044618
:10977400038A022B00D070BD85882846FFF720FF9E
:1097840006460028F7D004F1120000F0C9F920B110
:1097940031462846FFF774FFEDE7706805F04EFA8E
:1097A4000028E8D0FFF752FFE5E700BF444400205B
:1097B40008B50388122B0FD006D8102B09D0112B13
:1097C40009D1FFF74BFF06E0502B04D1FFF7C8FF88
:1097D40001E0FFF77BFF08BDFFF7AAFFFBE70000EE
:1097E40008B50146014806F065FB08BD7444002035
:1097F400F0B583B00190B9B116460F46019D85B905
:10980400284603B0F0BD0134132CF9D8214601A831
:1098140006F050FB0028F6D03146A0B2B847013517
:10982400F1E700242546EFE70025E9E7132801D9ED
:109834000020704738B50446054D0146284606F019
:1098440012FB2146281F06F00EFB012038BD00BF85
:109854007C44002038B50546002407E0054800EBA9
:1098640084002946043006F018FB01341D2CF5D978
:1098740038BD00BF7444002008B50146014806F015
:109884000CFB08BD7C44002008B512B106F0EBFACD
:1098940008BD06F002FBFBE730B583B00546019135
:1098A40000230360019B93B9284603B030BD013403
:1098B400132CF9D8214601A806F0FCFA0028F6D0AA
:1098C4002B685A1C2A6005EB43039C80EFE70024B5
:1098D400EEE7000010B598B0134A9368DB43179382
:1098E400516817A806F04EFB17996846FFF7D4FF96
:1098F4000DF1300C6C460FCCACE80F000FCCACE88B
:109904000F0094E807008CE80700002407E018AB78
:1099140003EB440333F82C0CFFF79CFF01340C9B3E
:10992400A342F4D818B010BD7444002070B50446A6
:1099340085880388103B0A2B1ED8DFE803F0061A3B
:109944001D1D1D1D1D1D1D3B1E00FFF7C3FF2846C9
:10995400FFF76CFF38B1E37B022B0DD129461B487E
:1099640006F081FA08E01A4AF021042005F078F89C
:1099740002E02846FFF780FF70BD027A1609154CF5
:109984003F2A94BF0022012229462046FFF77CFF8C
:10999400022E94BF002201222946201FFFF774FFE4
:1099A400012E94BF002201222946A4F10800FFF7EA
:1099B4006BFFE1E7037A002BDED1427AC2F3C002E7
:1099C40029460448FFF760FFD6E700BF8044002023
:1099D4008C6A03008C440020132801D900207047AE
:1099E40008B50146014806F065FA08BD7844002030
:1099F40010B50446FFF7F0FF08B9002010BD21465A
:109A0400034806F057FA08B90120F7E70220F5E702
:109A14008044002010B50446FFF7DEFF08B900209B
:109A240010BD2146034806F045FA08B90120F7E7BE
:109A34000220F5E77C44002010B50446FFF7CCFF74
:109A440000B910BD2146024806F034FAF9E700BF18
:109A54008444002010B50446FFF7BEFF00B910BDD2
:109A64002146024806F026FAF9E700BF88440020A0
:109A740010B50446FFF7B0FF00B910BD21460248F7
:109A840006F018FAF9E700BF8C44002038B5054603
:109A94000C460846FFF7A4FE08B9002038BD284646
:109AA400FFF79AFF0028F8D00634044800EB84003E
:109AB4002946043006F0FEF9F0E700BF74440020A4
:109AC40070B506460C4615460846FFF789FE00B9F0
:109AD40070BD3046FFF780FF0028F9D006340448F3
:109AE40000EB84002A4631460430FFF7CDFEEFE751
:109AF4007444002070B504460E461546FFF770FE08
:109B040008B9002070BDA01D044B03EB8003586806
:109B14002A463146FFF76CFEF4E700BF7444002088
:109B2400007800F001007047A0DF7047A1DF7047A4
:109B3400ADDF7047B3DF7047B4DF70478379012B23
:109B440001D0002070470379012B01D00020704719
:109B5400428842F602139A4201D000207047012045
:109B6400704738B50446408800F050FEA0800025B8
:109B740005B138BD204601F01DFF0135F8E700B5F9
:109B840087B000230193029303930493059308235E
:109B94008DF80430ADF80600039101A8FFF7E1FF4A
:109BA40007B05DF804FB000070B586B00023019394
:109BB4000293039304930593ADF806004FF6FF73E5
:109BC40098422ED0044600F0CFFC054611283FD021
:109BD40015D8D0B10B2826D110238DF804301D4898
:109BE4001D4BC01AC008000422461C4940F0020064
:109BF40007F0D0FC01A8FFF7B4FF00220CE043F209
:109C0400020398420FD1002206E00F238DF804309E
:109C140001A8FFF7A6FF0022114B19782046FFF791
:109C24004FFF06B070BD0B4E0B4BF61AF608360408
:109C3400284607F0D1F8024623460A4946F00100B7
:109C440007F0B2FC29462046FFF799FF0022E3E71C
:109C54000122E1E748630300A0620300286B0300CC
:109C6400F5440020A86B030008B5FFF79DFF08BD6D
:109C740010B5044600F0DAFC00B910BD0122034B14
:109C840019782046FFF71CFFF7E700BFF4440020D3
:109C940010B582B0044600F0B9FD00236A460921DC
:109CA40001F0CAF9052801D002B010BD0122034B0E
:109CB40019782046FFF704FFF6E700BFF2440020BE
:109CC40008B500220649074B1878FFF713FF00B1C7
:109CD40008BD00220449054B1878FFF70BFFF7E78E
:109CE4000D9F0200F6440020259D0200F24400204E
:109CF40008B500220249034B1878FFF7FBFE08BDA4
:109D040025A00200F444002008B500220249034BB8
:109D14001878FFF7EFFE08BD6D9C0200F5440020A3
:109D240010B582B004460023019342F6A623ADF891
:109D3400043001238DF80630084B1B6800936A46F3
:109D440001A9FFF7F1FE08B102B010BD0122044BD6
:109D540019782046FFF7B4FEF6E700BFCCB2030043
:109D6400F144002010B5044638B12368012B09D111
:109D7400BFF35F8F0023236010BD0549922005F0D7
:109D8400DDFFF2E70249932005F0D8FFF0E700BFBA
:109D9400FC6B0300F0B585B006460F460DF10E00CE
:109DA400FFF7C8FE10B9012400250DE01A494FF44D
:109DB400997005F0C3FFF6E7BDF8002042F60213E0
:109DC4009A421DD00134A4B2BDF80E30A3421FD96B
:109DD4000223ADF804300022ADF80620CDF808D0F7
:109DE40069462046FFF7A8FE034690B9002DE3D14B
:109DF400BDF8002042F605239A42E3D10125E1E7AC
:109E0400029701AA21463046FFF792FE034600E07E
:109E14000523184605B0F0BD546C030010B5044684
:109E240048B10121204606F082F8BFF35F8FB0FAF3
:109E340080F0400910BD0249852005F07FFFF0E75E
:109E4400FC6B030070B586B0054600F0EDFA1128EE
:109E540047D0044619D8002846D00B2847D0254EB1
:109E6400254BF61AF6083604204606F0B5FF0246DE
:109E74002B46224946F0010007F096FB214628466E
:109E8400FFF77DFE0024224623E0862806D043F215
:109E940002039842E3D1002422461AE000260196E8
:109EA400029603960496059607238DF80430ADF8C0
:109EB40006501048104BC01AC00800042A46104926
:109EC40040F0020007F066FB01A8FFF74AFE3446A3
:109ED40032460C4909782846FFF7F2FD204606B0C1
:109EE40070BD00240122F4E701240022F1E70024DC
:109EF4002246EEE748630300A0620300306D0300CE
:109F0400F86C0300F644002010B504460648FFF739
:109F140085FF00B910BD2046FFF794FF0028F9D152
:109F24000148FFF71FFFF5E7F844002070B586B03D
:109F3400044600F08FFB054611280CD8112848D898
:109F4400DFE800F017474747474733472847474765
:109F540047474747475D43F20203984252D043F2D2
:109F64000143984235D12046FFF71EFE0025012209
:109F740022E0002301930293039304930593112396
:109F84008DF80430ADF8064001A8FFF7EAFD01257D
:109F94002A4611E001A92046FFF7FCFE28B9BDF8C6
:109FA400043013B10025012206E0204600F02EFC07
:109FB40000F082FB00252A46144B19782046FFF74F
:109FC4007FFD2A46124B19782046FFF779FD06B02B
:109FD40070BD104E104BF61AF6083604284606F0EB
:109FE400FBFE024623460D4946F0010007F0DCFA69
:109FF40029462046FFF7C3FD00250122DCE70025A2
:10A004000122D9E700250122D6E700BFF44400204D
:10A01400F344002048630300A0620300706D030052
:10A0240010B50446044B1978FFF730FD00B110BD9C
:10A034002046FFF77BFFFAE7F3440020037803B1DF
:10A04400704710B504464088FFF7AEFD6088FFF7FF
:10A054000FFE6088FFF71CFEFFF732FE10BD000004
:10A0640010B582B00378092B03D0FFF729FE02B0A4
:10A0740010BD0446437A002BF7D1037A072B1DD079
:10A08400082B2CD0012BF0D16A460121808801F0E5
:10A094009DFA0028E9D1019B1B78002BE5D0A0880C
:10A0A40000F0E8FB4FF6FF739842DED00122104B1C
:10A0B4001978FFF705FDFFF71BFED6E7808800F04F
:10A0C400D9FB04464FF6FF739842CED00122094BC8
:10A0D4001978FFF7F5FC2046FFF7DAFDC5E7064BD4
:10A0E4001B68012BC1D10448FFF73CFEBDE700BF4C
:10A0F400F4440020F6440020F844002030B583B036
:10A1040004460D460022009201920123ADF800306E
:10A1140009238DF80230104B1978FFF7D1FC5DB19B
:10A124000E4B0193204600F071FB0022694600F0BB
:10A13400F5FF18B903B030BD094BF2E7094C0A4AE0
:10A14400A41AE408240406F047FE0246074944F032
:10A15400020007F01FFAEDE7F2440020C8B2030042
:10A16400C4B2030048630300A0620300B06D03009F
:10A1740030B587B0044685880388353B1F2B14D837
:10A18400DFE803F049941313131313131313131376
:10A194001313131313131313131313131313133B63
:10A1A400131013192846FFF7FFFCFFF7ADFDFFF767
:10A1B4009FFD07B030BD00240194029403940494DD
:10A1C400059412238DF80430ADF80650284600F0AB
:10A1D4001DFBADF8080000F06FFA22464D4B1978CC
:10A1E4002846FFF76DFC22464B4B19782846FFF7AB
:10A1F40067FC01A8FFF7B5FCD7E70630FFF79EFC24
:10A204000028D2D00122454B19782846FFF758FC84
:10A21400FFF756FDC9E7424B19782846FFF736FC8D
:10A224000028C2D000223E4B19782846FFF748FC8C
:10A23400E288B2F5857F10D0A2B96289012A1CD1C7
:10A24400A289012A24D03748374BC01AC008000419
:10A25400364940F0020007F09DF900212846FFF737
:10A264004DFFA2E72F48304BC01AC0080004304904
:10A2740040F0020007F08EF9EFE72A482A4BC01A93
:10A28400C00800042B4940F0020007F083F9D7E727
:10A294000022E1892846FFF749FC0028DDD101228C
:10A2A400254B19782846FFF70BFC7EE7224B1978DB
:10A2B4002846FFF7EBFB00283FF477AF00221E4B44
:10A2C40019782846FFF7FCFBE28852B9E289012A93
:10A2D40013D1217C003918BF01212846FFF70EFF56
:10A2E40063E71048104BC01AC0080004104940F03E
:10A2F400020007F04FF90021EFE70A480A4BC01AA1
:10A30400C0080004094940F0020007F043F90021A5
:10A31400E3E700BFF3440020F4440020F6440020A7
:10A32400F144002048630300A0620300886E030028
:10A33400106E03004C6E0300F0440020AFDF704742
:10A34400B1DF7047B2DF7047B3DF704738B50446FA
:10A35400808800F08FFA6080002505B138BD204662
:10A3640001F02CFB0135F8E730B589B0224B93E8B6
:10A37400030008AB03E903000BE007238DF8043066
:10A3840001A8FFF7E3FF35E01C4C208800F045FFEF
:10A3940020801A4B18884FF6FF7398422AD0002267
:10A3A40006A900F0BBFE04460028EDD0002301936B
:10A3B4000293039304930593104B1B88ADF8083064
:10A3C400112817D08628D8D00D4D0E4BED1AED0864
:10A3D4002D0406F001FD0246084B1B880A4945F08E
:10A3E400010007F0E1F808238DF80430039401A874
:10A3F400FFF7ACFF09B030BDD8B20300FE44002023
:10A4040050630300A0620300D86E030008B5054B37
:10A414001A884FF6FF739A4200D108BDFFF7A4FFD4
:10A42400FBE700BFFE4400202DE9F04784B08246DC
:10A4340000F0ECF94FF6FF73984200F0878007466E
:10A44400012449E002AA0821384601F0BFF888B97E
:10A45400B8F8042003998B889A420DD10631284616
:10A464000BF024FE40B90821384601F025F9D8B98B
:10A474000B2607E0052807D13A460821384601F0A3
:10A4840073F90646002525E0334C344AA41AE4083F
:10A49400240406F0A1FC02465346314944F001006D
:10A4A40007F082F8032653E02B4D2C4AAD1AED0831
:10A4B4002D0406F091FC03463A462A4945F0010072
:10A4C40007F072F80326DDE701250821384601F07C
:10A4D400F3F818BB002D3BD022460134A4B26B46DE
:10A4E4000821384601F078F8814638BBDDF804804D
:10A4F4000323454645F8063B08F104022946504625
:10A50400FFF720FF064600289CD00C28DCD0052845
:10A5140001D00025D9E74E460025D6E70E4E0F4A56
:10A52400B61AF608360406F057FC03463A460D49B7
:10A5340046F0010007F038F80326CBE7072802D1DC
:10A5440000250C26C6E706460025C3E743F20206AB
:10A55400304604B0BDE8F08750630300A0620300F6
:10A56400306F0300686F03002DE9F04182B00546A7
:10A5740000F04CF94FF6FF73984205D103240026EE
:10A5840037464FF0010825E06A46082101F01EF81D
:10A5940020B9019B9F1D9E881C68F2E703240026B6
:10A5A4003746EEE726B14FF00008032446460FE095
:10A5B4001B481C4BC01AC00800042A461A4940F024
:10A5C400010006F0E7FF4FF00008032000E011202F
:10A5D4000B281CD12346324639462846FFF7B0FEE5
:10A5E4000428F4D008280CD00B28F1D114F0020F61
:10A5F40009D1002FD6D04FF0000803244646474621
:10A60400E6E70020E4E74FF000080124E0E7B8F1B2
:10A61400000F02D002B0BDE8F0810B20FAE700BFC2
:10A6240050630300A0620300E86F030000B585B027
:10A634000DF10F03029300F0E9F801AA012100F0E3
:10A64400C5FF20B9029B187805B05DF804FB002013
:10A65400FAE7000010B504461348FFF775FE90B101
:10A66400124C134AA41AE408240406F0B5FB02466B
:10A67400104944F0010006F08DFF032010BD43F2A1
:10A6840003039842FAD14FF6FF72074B198820460C
:10A69400FFF754FE43F203039842F0D1024A1388B1
:10A6A40001331380EBE700BFFC4400205063030038
:10A6B400A06203006070030000B583B084466B465B
:10A6C400064A92E8030083E8030000221946604624
:10A6D40000F024FD03B05DF804FB00BFE0B203000A
:10A6E40046DF704738B50546002405E0044B53F8AF
:10A6F4002430284698470134012CF7D938BD00BFCF
:10A70400E8B2030000230F2B03D8C25C1AB901334B
:10A71400F9E7002070470120704778B181B108B58E
:10A7240003780A785340012B0CD8062201310130FA
:10A734000BF0BCFCB0FA80F0400908BD0020704763
:10A74400002070470020F8E72DE9F04104460D464B
:10A7540000F1110701F111081022013101300BF051
:10A76400A5FC50B90646601CFFF7CCFF30B1681C4D
:10A77400FFF7C8FF10B1012600E0002606F001062D
:10A7840041463846FFF7C9FF637C03F0FE03042B00
:10A794000CD0062B11D06B7C03F0FE03042B0ED0DF
:10A7A400062B01D0012302E0002300E0002300B1C6
:10A7B4003BB946B153B1002006E00023F7E700237C
:10A7C400F5E7012000E00020BDE8F0810120FBE76F
:10A7D40070B584B006460D4600F06AFC01AA0DF17E
:10A7E4000E01072000F06CFC50B1BDF80E40AC42E5
:10A7F400F4D002993046FFF7A7FF0028EED001E01D
:10A804004FF6FF74204604B070BD000013280DD825
:10A8140010B50446FFF7E0F828B104EB8404054BB7
:10A8240033F8140010BD4FF6FF70FBE74FF6FF70CE
:10A83400704700BF00450020132816D838B50446D9
:10A844000D46FFF7C9F868B104EB8404084B03EB29
:10A854004403D3F802202A60DA881B7AAA80AB71F9
:10A86400002038BD43F20200FBE743F202007047C8
:10A874000045002038B505464FF6FF73984216D0C0
:10A88400002401E00134A4B2132C0CD804EB84039B
:10A89400084A32F81330AB42F4D12046FFF79CF853
:10A8A4000028EFD001E04FF6FF74204638BD04467F
:10A8B400FBE700BF00450020038843B9072B04D8F9
:10A8C400C21892782AB90133F8E7002070470120B2
:10A8D40070470120704738B504460D46FFF7ECFF7A
:10A8E40068B122882B889A4208D10822A91CA01C8E
:10A8F4000BF0DCFBB0FA80F0400900E0002038BD2A
:10A9040030B585B0054600F0D3FB01AA0DF10E0168
:10A91400072000F0D5FB88B1029C04F146012846CB
:10A92400FFF7D9FF30B904F12A012846FFF7D3FF16
:10A934000028EAD0BDF80E0005B030BD4FF6FF7018
:10A94400FAE70000132804D800EB8000014B23F839
:10A95400101070470045002038B50546FFF78AFF00
:10A964000446284600F0B2FE40B9132C06D804EB86
:10A974008404034B4FF6FF7223F8142038BD00BF44
:10A984000045002010B58CB0144600230AE0C3F142
:10A994000F0C10F80CE003F130020DEB020C0CF874
:10A9A40030EC01330F2BF2D9002304930593069363
:10A9B4008DF81C3007E0C3F10F02C85C30326A44E2
:10A9C40002F8200C0133022BF5D96846FFF788FE04
:10A9D400002307E0C3F10F0230326A4412F8102C4E
:10A9E400E2540133022BF5D90CB010BD03460278B2
:10A9F40002F0FE02042A01D00020704700B585B0A1
:10AA04000846B3F80110DA78ADF80C108DF80E2072
:10AA14009A889B79ADF804208DF8063002AA01A922
:10AA2400FFF7B0FF032202A903A80BF03FFBB0FA23
:10AA340080F0400905B05DF804FB00000388102B8A
:10AA440072D100B593B00DF11C0E00F1040CBCE8FA
:10AA54000F00AEE80F00BCE80F00AEE80F009CE862
:10AA640007008EE807009DF8203003F0FE03062B54
:10AA74001BD14FF6FF71BDF81C202C4B02EB82005A
:10AA840023F8101003EB40030898C3F80200BDF844
:10AA940024C09DF82600A3F806C018724FF6FF7371
:10AAA400994236D113B05DF804FB00F001FB9DF828
:10AAB40020305A08032B15D9022A10D102AA0DF10D
:10AAC4000601072000F0FCFA00B30399013108A83D
:10AAD400FFF78CFF0028F1D0BDF80610CBE74FF646
:10AAE400FF71C8E702AA0DF10601072000F0E8FA99
:10AAF40048B10399113108A8FFF70FFE0028F1D0DF
:10AB0400BDF80610B7E74FF6FF71B4E74FF6FF71D3
:10AB1400B1E7ADF80A20ADF80C1000238DF8083029
:10AB240002A8FFF7DFFDBDE7704700BF0045002026
:10AB34008ADF70478BDF70478CDF704790F82E30C8
:10AB440043F0040380F82E30A02303865023438669
:10AB54000022828690F82E3062F3C40380F82E30EF
:10AB6400012380F82F3070474FF4C87343850623C0
:10AB740083841823C38400230385704700B587B0FA
:10AB840000230193029303930493059306238DF802
:10AB940004300B1D02930B88ADF80C3000F12E032A
:10ABA4000593C36B0BB101A8984707B05DF804FB8C
:10ABB40030B587B000230193029303930493059364
:10ABC4000B79012B01D007B030BD05460C460C486B
:10ABD4000C4BC01AC00800040B4940F0040006F0F6
:10ABE400D3FCEB6B002BEED004228DF804202E3521
:10ABF400059522798DF8082001A89847E3E700BF5E
:10AC040000630300A0620300E07003002DE9F0413B
:10AC140005460E4691F82070B0F81C80002401E02F
:10AC24000134E4B2BC4209D206EB44124146A8699D
:10AC3400FEF79AFC03460028F2D000E000231846F1
:10AC4400BDE8F08190F82E3003F01803082B03D0F0
:10AC5400182B03D000207047012070470120704753
:10AC640008B5FFF767FF08BD2DE9F04186B090F8FD
:10AC74002C8090F8233013B906B0BDE8F081044667
:10AC84008D1C00F12E0600F12407FFF7E9FF0023D5
:10AC94000193029303930493059343463A46314642
:10ACA4002846FFF749FF06460D4D0E4BED1AED08F9
:10ACB4002D0445F004050C49284606F065FC0523DF
:10ACC4008DF80430029632460849284606F062FCA4
:10ACD400002ED1D0E36B002BCED001A89847CBE750
:10ACE40000630300A0620300F87003000471030012
:10ACF40070B586B004460D46002301930293039376
:10AD04000493059300F12E030593FFF79BFFC8B945
:10AD140094F8226094F821302BBB0022114602954E
:10AD2400002E3AD0914230D003238DF80430E36BE7
:10AD34000BB101A8984704F160010020FFF7F8FE69
:10AD440006B070BD02238DF804300295E36B01A8B0
:10AD5400984704F160010020FFF7EAFE29462046E7
:10AD6400FFF782FFECE721462846FFF74FFF034633
:10AD740040B19DF80C2042F001028DF80C20012214
:10AD84001146CCE700220121C9E700238DF80430E5
:10AD940029462046FFF768FFC9E7002BC4D00023EB
:10ADA4008DF8043029462046FFF75EFFBFE70028F0
:10ADB4003CD038B50D460446C263232200210BF073
:10ADC400E1F94DB32B7984F823302B7B84F82C30B4
:10ADD4002B68CBB1186859689A68C4F82E00C4F877
:10ADE4003210C4F836209B896387AA6882B104F1C3
:10ADF40024031068516803C304F1400323661F232E
:10AE0400A4F86430002038BD2046FFF797FEECE735
:10AE14002046FFF7A9FEEFE72046FFF78FFE204606
:10AE2400FFF7A2FE002384F82330E5E70E207047E5
:10AE340010B586B0002837D004460023019302934E
:10AE4400039304930593FFF70BFF2046FFF7FAFEE5
:10AE540030B1E36B23B101228DF8042001A8984797
:10AE640004F1600104F12E00FFF762FE0446082895
:10AE740000D068B90D480E4BC01AC00800040D4933
:10AE840040F0040006F080FB0024204606B010BD0C
:10AE94000648074BC01AC00800042246064940F081
:10AEA400010006F077FBF0E70E24EEE700630300F1
:10AEB400A0620300407103001C71030008B503463F
:10AEC400084603F10802194631F8043B1B2B0AD04B
:10AED4001D2B04D0102B05D1FFF750FE02E01146C4
:10AEE400FFF706FF08BDFFF763FEFBE7A0F5804010
:10AEF40080B2704700F5804080B27047A0F5804072
:10AF040080B270470138082806D8DFE800F007054A
:10AF1400050707070707070000207047012070474F
:10AF240038B505464FF6FF734380002404B138BD9D
:10AF3400284600F017FB0134F8E700B587B000237A
:10AF44000193029303930493059308238DF804302B
:10AF5400ADF80800039101A8FFF7E2FF07B05DF820
:10AF640004FB000030B587B00023234A137001931B
:10AF740002934FF6FF7000F0B3FC044606E020464F
:10AF840000F056FC204600F0ABFC04464FF6FF737D
:10AF94009C420AD02046FFF7A9FF01AA03A904F0A6
:10AFA400E1FD48F209639842E9D04FF6FF739C42F1
:10AFB40001D107B030BD2046FFF798FF04F090FDA3
:10AFC400054648F20763984212D00028F1D00B4896
:10AFD4000B4BC01AC008000423462A46094940F016
:10AFE400010006F0E1FA29462046FFF7A6FFE0E754
:10AFF400014B01221A70DCE7D04500207063030086
:10B00400A06203005871030070B582B00E46154665
:10B01400002300930193FFF769FF04463046FFF7CE
:10B024006DFF01466B462A46204604F07FFD08B9B1
:10B0340002B070BD0520FBE7F0B587B0FF282DD81E
:10B0440005460C4617461E460846FFF75BFF38B315
:10B0540003AA21462846FFF7D7FF28BB01A903A866
:10B0640004F0D2FC054608BBBC70019B5B883B80A6
:10B0740076B19C003368A34228BF23461E461A4675
:10B08400029978680BF04CF8B44203D90C2508E017
:10B09400029B7B6003A804F0E3FC02E0072500E0C8
:10B0A4000725284607B0F0BD0525FAE70525F8E78A
:10B0B400024B00221A605A60704700BFC845002046
:10B0C400F0B587B007460E461446FFF71BFF18B9C4
:10B0D4000125284607B0F0BD05463846FFF70EFFA8
:10B0E4000D4A03A904F030FD08B10025F1E701A9D8
:10B0F40003A804F089FC08B10025EAE7A770019BC6
:10B104005A882280029A62609888FFF7F3FE3080A2
:10B1140003A804F0A5FCDCE7C8450020F0B587B01F
:10B12400FF2856D806460C4617468D782846FFF762
:10B13400E9FE00284FD03046FFF7D8FEADF80C00EA
:10B144002846FFF7DBFEADF80E00636804932388FE
:10B1540005936A46A1783046FFF756FF05281AD0B2
:10B1640003A9684604F0B2FC0446E4B148F20D6356
:10B174009C4220D848F202639C421CD3A4F50643A7
:10B18400023B0B2B17D8DFE803F0141616162A0C13
:10B1940016161616160C03A9684604F091FC04460C
:10B1A400E3E7112418E0BFB13946684604F0E8FC2F
:10B1B40012E0102410E00B480B4BC01AC008000426
:10B1C40033462246094940F0010006F0EDF9032414
:10B1D40002E0072400E00724204607B0F0BD8624DF
:10B1E400FAE700BF70630300A0620300A4710300C8
:10B1F40008B54FF6FF7000F001FB08BDFF2806D824
:10B2040008B500F003FBFFF7ADFE002008BD0720E2
:10B21400704708B500F01AFB08BD08B500F048FBFC
:10B2240008BD08B500F05CFB08BD4FF6FF73038052
:10B234008370FF234372837A23F002038372DBB2A9
:10B2440023F00103837200230372436070470000FC
:10B254000B68032B14D810B403EB4302094C34F8E5
:10B264002220824204D00133032BF5D9002004E0CC
:10B274000B6003EB430304EB83005DF8044B70475E
:10B2840000207047D445002030B583B005460C46F5
:10B294000023019301A9FFF7DBFF06E0019B0133C3
:10B2A400019301A92846FFF7D3FF48B18378A3424D
:10B2B400F4D1837A13F0030FF0D14368002BEDD15E
:10B2C40003B030BD0023032B0DDC03EB4301074A1D
:10B2D40002EB81025268824201D00133F3E7034852
:10B2E40000EB810070470020704700BFD445002068
:10B2F40008B5FF214FF6FF70FFF7C6FF08BD58B130
:10B3040070B50D4614460646FFF7F2FF306010B1E3
:10B31400058033689C7070BD7047000038B50546E1
:10B32400002405E0044B53F82430284698470134A0
:10B33400032CF7D938BD00BFF0B2030003EB83033D
:10B344001B019BB2817042609B080380704708B563
:10B354009BB2FFF7F3FF08BD8378013B072B13D89B
:10B36400DFE803F007121212120A040D14230380FB
:10B3740070470123038070470123038070474368AB
:10B384009B8809339B0803807047000038B5054645
:10B39400002406E0697A2144C9B2054800F093FC10
:10B3A40001342B7AA342F5D82846FFF73EFF38BD77
:10B3B4000446002030B583B0044600230093019373
:10B3C40083788DF80230417A2D4800F068FC20B370
:10B3D4000246237AA1786846FFF7B9FF6846FFF76B
:10B3E400BBFF224632F8040B6946FFF797FE11288B
:10B3F40038D01FD860B3072832D0224D224BED1A23
:10B40400ED082D0405F0E8FC024623881F4945F0A9
:10B41400010006F0C9F8032022E01A481A4BC01AAA
:10B42400C0080004627A1A4940F0010006F0B2F83C
:10B43400032015E08628E0D1A37A23F00203A37247
:10B44400DBB243F00103A372124B01221A7007E02E
:10B45400A37A23F00203A372DBB223F00103A372E5
:10B4640003B030BDA37A43F00203A372DBB223F02E
:10B474000103A372074B01221A700020F0E700BFFA
:10B484000446002068630300A062030050720300B6
:10B4940010720300D145002030B587B00446FFF791
:10B4A40089FF10B9012007B030BD4FF6FF72ADF827
:10B4B40006202288ADF80820862807D107238DF8B6
:10B4C400043001A8FFF72AFF0020ECE708228DF8DA
:10B4D40004200390074D084AAD1AED082D0405F029
:10B4E4007BFC02462388054945F0010006F05CF820
:10B4F400E7E700BF68630300A062030080720300F3
:10B5040038B5164B1B783BB305460024134B1C700F
:10B514000DE0124B01221A7001B93DB104EB440055
:10B524000F4B03EB8000FFF7B7FFA8B10134032CE6
:10B5340012D804EB44020A4B03EB82039B7AC3F355
:10B54400400113F0020FE4D1054B03EB82039B7A15
:10B5540013F0010FEAD0DCE738BD00BFD14500206D
:10B56400D445002038B50446C068FFF7ABFE237805
:10B574000A2B0AD0142B15D0092B1BD1637ADBB903
:10B58400E0B1FFF703FF00250DE0637AC3B9C8B14A
:10B5940000254560837A43F0020383720A4B01223B
:10B5A4001A7003E001252046FFF7B8FE2846FFF78E
:10B5B400A7FF38BD0025F6E70025F4E70025F2E7EC
:10B5C4000025F0E70025EEE7D145002008B500236B
:10B5D400FFF732FD08BD0000002B59D0F0B583B051
:10B5E40006460C4615461F46CB1FDBB2012B51D82D
:10B5F400531E032B51D8FFF747FE0190D0B1037AB5
:10B60400AB424CD1019E737AFF2B1DD00026019BC7
:10B614001D72597A244800F042FB024618B3ABB2BB
:10B6240021463846FFF78AFE002E3AD0082C28D04F
:10B63400002030E02246314601A8FFF760FE019B5E
:10B64400002BDFD1112026E02946174800F050FBDB
:10B6540070720198437AFF2B01D00126D7E7FFF7D8
:10B66400E4FD112017E01148114BC01AC008000472
:10B67400019B5A7A0F4940F0010005F08BFF03202B
:10B6840009E03B887A689B00063B9380002002E037
:10B694000E207047072003B0F0BD0720FBE70F2002
:10B6A400F9E70020F7E700BF0446002068630300C1
:10B6B400A0620300E072030008B5FFF7E5FD18B1CE
:10B6C400FFF764FE002008BD0520FCE770B584B0D8
:10B6D40005460023039303A9FFF7BAFD044607E0D8
:10B6E400039B0133039303A92846FFF7B1FD0446E6
:10B6F400D4B1A1782846FFF7DFFF0028F0D0052851
:10B70400EED0154E154AB61AF608360405F064FB59
:10B714000246A37800932B46114946F0010005F038
:10B724004EFF032004B070BD2846FFF767FD0028D4
:10B73400F8D00728F6D0084C084BE41AE40824048F
:10B7440005F04AFB03462A46064944F0010005F089
:10B754002BFF0320E6E700BF68630300A062030039
:10B7640054730300AC730300CB1FDBB2012B11D85D
:10B7740070B506460C4615461046FFF74AFD58B10B
:10B7840021463046FFF780FD40B105808470FFF705
:10B7940011FE70BD072070470720FAE70520F8E77F
:10B7A40010B5044608464FF6FF739C4204D0FF2CA4
:10B7B4000CD94FF6FF7010BD4FF4807104F083FB79
:10B7C40080B2B0F5807FF6D12046F4E7214604F03C
:10B7D40056FB80F0010010F0FF0F01D02046EAE78D
:10B7E4004FF6FF70E7E708B50346FF2800D908BD08
:10B7F4000846194604F051FBF9E7000008B5024970
:10B80400FFF7CEFF08BD00BF144600204FF6FF73BC
:10B81400984209D010B504460449FFF7C1FF844299
:10B8240014BF0020012010BD0020704734460020C2
:10B8340038B50446044D2946FFF7D5FF05F120012C
:10B844002046FFF7D0FF38BD14460020FF2801D959
:10B854000020704708B50146014804F02BFB08BDE1
:10B8640014460020FF2801D90020704708B501467E
:10B87400014804F01FFB08BD3446002038B50D46CE
:10B884004FF6FF73984202D0441CA4B203E0002494
:10B8940001E00134A4B2FF2C06D82146284604F066
:10B8A40009FB0028F5D001E04FF6FF74204638BDAF
:10B8B40010B50A49FFF7E2FF044604E007492046B1
:10B8C400FFF7DCFF04464FF6FF739C4204D020468A
:10B8D400FFF7C8FF0028F1D1204610BD1446002010
:10B8E40008B50249FFF7CAFF08BD00BF344600206F
:10B8F40038B50546002405E0054B53F824302846A6
:10B9040098470134034B1B78A342F5DC38BD00BFD4
:10B91400584600205446002010B586B08488038819
:10B92400102B06D0144B19782046FEF7AFF806B05A
:10B9340010BD00238DF80330019302930393049305
:10B94400059301238DF804304FF6FF73ADF80830EA
:10B95400ADF80640083003900DF10303049301A8E9
:10B96400FFF7C6FF9DF80320034B19782046FEF726
:10B97400A7F89DF80300DAE72C2B0020094B1B786D
:10B9840003B9704710B50446FFF7C6FF00B110BDF8
:10B994002046FFF753F8204601F032F82046FEF720
:10B9A400E7FBF4E77246002018B108B5FFF7A0FFE3
:10B9B40008BD704708B5FFF79BFF08BD08B5FFF742
:10B9C40097FF08BD08B5FFF793FF08BD2DE9F04FB9
:10B9D40087B00193364B1B78002B63D083468A468D
:10B9E40091464FF6FF70FFF718FC044600230593B9
:10B9F400042204920293039305AB039304AB02AABB
:10BA04000621FFF719FB072850D04FF6FF77B846F9
:10BA14004FF0FF35002611E0059BB34201D3A04649
:10BA24001E46AB4201D227461D462046FFF7F5FBD2
:10BA3400044604AB02AA0621FFF7FEFA0028EBD065
:10BA44000528F2D04FF6FF739C421BD1984517D0BE
:10BA54009F4213D00020BBF1000F01D0ABF800804F
:10BA6400BAF1000F01D0CAF80060B9F1000F01D09B
:10BA7400A9F80070019BB3B11D6014E00520EAE74A
:10BA84000520E8E70B4D0C4BED1AED082D0405F0ED
:10BA9400A3F902462346094945F0010005F084FD57
:10BAA400032000E0082007B0BDE8F08F0520FAE786
:10BAB4007246002040630300A06203001474030074
:10BAC40008B500231A460C490C48FFF77FFF0528E8
:10BAD40004D068B1052809D000220AE0074B4FF6CC
:10BAE400FF721A80044B00221A60F2E7012200E080
:10BAF4000122034B1A7008BD6846002064460020EA
:10BB04007146002030B587B004468088FEF7B2FE47
:10BB140060802378093B032B00F28280DFE803F086
:10BB24000232457D637AE3B94D4B1B6813B1E26879
:10BB340093420ED04B4B1B78002B71D0A2884A4BFA
:10BB44001B889A426CD1237A062B69D1FFF7B8FF80
:10BB540066E00023424A1360A188434A1180E360EF
:10BB64005EE0012B5CD13F4B1B78002B58D0A288A0
:10BB74003D4B1B889A4253D1237A062B50D1FFF7B1
:10BB84009FFF4DE0637A002B4AD1354B1B68002B95
:10BB940046D0E268934243D10022314B1A603349C4
:10BBA4000B68013B0B60E2603AE0314B1D7855B9FC
:10BBB40001252C4B1B7823B1A2882B4B1B889A425E
:10BBC40028D085B32CE04FF6FF70FFF726FB4FF625
:10BBD400FF739842EDD11846FFF723FB4FF6FF732E
:10BBE4009842E6D10025224B1D70019502950395DC
:10BBF400049505950D238DF804304FF6FF73ADF8C9
:10BC04000830ADF806302046FFF772FE01A8FFF7B2
:10BC14006FFECEE7FFF754FFD3E7154B1B7823B92C
:10BC24002046FFF765FE07B030BD0023104A1370AD
:10BC3400019302930393049305930E238DF8043028
:10BC44004FF6FF73ADF80830ADF80630A3680393E0
:10BC54002046FFF74DFE01A8FFF74AFEE3E700BFC9
:10BC64006C4600207146002064460020684600208F
:10BC74007046002008B504F002F980F00100C0B25B
:10BC8400BFF35F8F08BD08B5BFF35F8F04F012F9EF
:10BC940008BD08B5BFF35F8F04F0FFF808BD38B5E1
:10BCA400054668B10C46006850B1686840B1FF2988
:10BCB40007D0FFF7E8FF20B12868EB6803FB040016
:10BCC40038BD0020FCE790B138B50C460546036842
:10BCD4001BB1406808B1FF2900D138BDFFF7D3FF7D
:10BCE4000028FAD021466868FFF7D3FFF5E77047CC
:10BCF400F8B550B30F460646036843B3436843B3ED
:10BD04000025FF2405E02B1B0133BB421BD001356A
:10BD1400EDB2B3689D4215D229467068FFF7AAFFB9
:10BD240018B1FF2CEFD12C46EDE7FF2CEFD005E046
:10BD340021463046FFF7C7FF0134E4B2A542F7D8E5
:10BD4400FF24E4E7FF242046F8BDFF24FBE7FF249B
:10BD5400F9E7FF24F7E77EDF70477FDF704786DF70
:10BD6400704708B5FFF7F7FF042800D008BD11207D
:10BD7400FCE719B108B5FFF7F4FF08BD00207047D0
:10BD840038B504464088FEF741FDA080002505B182
:10BD940038BD204600F004FE0135F8E700B587B051
:10BDA40000230193029303930493059305238DF8D1
:10BDB4000430ADF8060001A8FFF7E2FF07B05DF814
:10BDC40004FB00B587B0002301930293039304930B
:10BDD400059308238DF80430ADF80600039101A8FB
:10BDE400FFF7CEFF07B05DF804FB000000B587B095
:10BDF40094460022019202920392049205924FF01B
:10BE0400040E8DF804E0ADF806008DF80C10ADF8C2
:10BE14000EC08DF81030054B1978FDF751FE01A8BE
:10BE2400FFF7AEFF07B05DF804FB00BF302B002026
:10BE340000B587B000230193029303930493059301
:10BE440002238DF80430ADF806008DF80C1001A81B
:10BE5400FFF796FF07B05DF804FB000070B50546D8
:10BE64000C4616460A460E4B1978FDF729FE04B90E
:10BE740070BD321E18BF01220A4B19782846FDF7FF
:10BE84001FFE012E14BF00220122074B19782846F9
:10BE9400FDF716FE31462846FFF7CAFFE8E700BF64
:10BEA400302B00202F2B00202E2B002000B587B034
:10BEB40000230193029303930493059306238DF8BF
:10BEC4000430ADF80600039101A8FFF759FF07B04D
:10BED4005DF804FB10B504460088FDF789FD0128D0
:10BEE40005D0214631F8040BFFF7E0FF10BD0246F0
:10BEF4002088237913F0010F00D102220121FFF7DA
:10BF0400ADFFEEE700B587B00023019302930393DE
:10BF14000493059307238DF80430ADF8060001A8B7
:10BF2400FFF72EFF07B05DF804FB00B587B00323CD
:10BF34008DF804300388ADF80630437913F0040F0C
:10BF44000AD001238DF80C308DF80D1001A8FFF7ED
:10BF540017FF07B05DF804FB0223F3E7F0B583B0E5
:10BF640043B304460E4617461D4600F580706B46E3
:10BF74000122072180B2FFF72FFB112818D030BB14
:10BF84005022002101980AF0FDF8019B1E700199CE
:10BF940001F134032B60EF6001F118032B614B1C9A
:10BFA4006B611B4BEB6111312046FEF745FCF0B988
:10BFB40003B0F0BD1748184BC01AC0080004174A54
:10BFC400174940F0010005F0E5FA0320F0E7114DB0
:10BFD400114BED1AED082D0404F0FEFE0246234633
:10BFE400104945F0010005F0DFFA0320E0E7094DB0
:10BFF400094BED1AED082D0404F0EEFE024623462B
:10C00400094945F0020005F0CFFA0820D0E700BF47
:10C014007446002080630300A062030000B30300A1
:10C0240090750300C4750300287603002DE9F843D6
:10C0340004460D461646184B1978FDF727FD90B1B6
:10C04400012704F58070072180B2FFF735FB804695
:10C0540008B1052809D133462A4639462046FFF758
:10C06400C5FEBDE8F8830227EBE70C4B0C4AA3EBB3
:10C0740002094FEAD9094FEA094904F0ADFE024624
:10C084002346084949F0010005F08EFA414620464E
:10C09400FFF797FEDFE700BF2E2B0020806303002D
:10C0A400A06203007876030070B506460C46154678
:10C0B4000C4B1978FDF7EAFC00B970BD0A4B1978EE
:10C0C4003046FDF7E3FC28B12A4621463046FFF707
:10C0D400ADFFF2E72B46224600213046FFF786FEED
:10C0E400EBE700BF302B00202F2B002008B503798D
:10C0F4003D2B06D04FF4885100220088FFF7D4FF6F
:10C1040008BD41F23D01F7E708B5427902F00302A8
:10C1140001790088FFF7C8FF08BD0000F0B585B0BD
:10C12400044600F10C063046FEF7EAFB4FF6FF73B7
:10C13400984227D0054601462088FEF703FC0022DA
:10C1440001212088FFF78AFE4FF6FF739D421ED11E
:10C15400002700231A4639462088FFF700FE0646CA
:10C16400082833D000283CD1A37D13F0010F4BD015
:10C17400002F49D1002341F2060219462088FFF717
:10C1840035FE41E02088FEF741FB0546D7E702AAC9
:10C1940007212846FFF71AFAA0B9039FA37D13F0DD
:10C1A400010F11D097F8443013F0010F01D0343748
:10C1B400CFE7314607F14600FEF78DFB0028F6D1A4
:10C1C4000027C6E70027C4E70027C2E70F48104B43
:10C1D400C01AC00800040F4940F0020005F0D4F969
:10C1E40012E00A4F0A4BFF1AFF083F0404F0F4FD63
:10C1F400024600952388084947F0010005F0DFF95D
:10C2040031462088FFF7DDFD05B0F0BD80630300F3
:10C21400A0620300E4760300547703002DE9F043A1
:10C2240085B00446078800225D4B19783846FDF72F
:10C2340047FC637913F0040F3FD007F58076B6B25C
:10C2440002AB012207213046FFF7C6F980460028D9
:10C254003AD13846FEF7DAFA05464FF6FF739842AC
:10C2640049D04FF000082A4607213046FFF77CFAF0
:10C274008146002800F08680862800F08880494E98
:10C28400494BF61AF608360404F0A6FD024600955A
:10C294003B46464946F0010005F091F949463846C7
:10C2A400FFF78FFD00212046FFF73FFEB8F1000F96
:10C2B40007D02846FEF750FB03E000212046FFF795
:10C2C40034FE05B0BDE8F083364D374BED1AED086A
:10C2D4002D0404F081FD02463B46354945F001003A
:10C2E40005F062F941463846FFF76BFD0021204610
:10C2F400FFF71BFEE5E719460398FEF769FA0546C2
:10C304004FF6FF7398421CD001463846FEF71AFBDD
:10C31400284B19783846FDF7B9FB804610B14FF029
:10C324000008A0E73846FFF739FD224B1978384654
:10C33400FDF7ACFB002896D100212046FFF7F5FD60
:10C34400BFE7FEF755FF05464FF6FF73984206D048
:10C3540001463846FEF7F6FA4FF0010883E7114824
:10C36400114BC01AC0080004134940F0010005F045
:10C374000BF904213846FFF724FD00212046FFF77E
:10C38400D4FD9EE701212046FFF7CFFD99E738460B
:10C39400FFF7B8FD01212046FFF7C7FD91E700BF75
:10C3A400302B002080630300A06203005478030054
:10C3B400C47703002D2B00202078030008B50379EF
:10C3C40013B9FFF72BFF08BDFFF79EFEFBE7000044
:10C3D40010B586B00446144B19780088FDF756FB57
:10C3E40008B106B010BD2088FDF726FB38B901233B
:10C3F40041F2060200212088FFF7F8FCF1E7002251
:10C404000A4B19782088FDF75BFB03238DF8043071
:10C414002388ADF8063000238DF80C308DF80D30EC
:10C4240001A8FFF7ADFCDCE72F2B0020302B002008
:10C434002DE9F04188B007460D461646FDF7D8FAB7
:10C44400044620220021684609F09CFE012C16D0E7
:10C45400002C4FD0002D3FD03846FEF7D7F94FF6C9
:10C46400FF73984227D0012C10D04FF000082B788E
:10C4740013F0010F25D10396204B07932EE00022E1
:10C484001F4B19783846FDF71BFBE1E71C4B197865
:10C494003846FDF7FBFA10B14FF00008E7E73846DD
:10C4A400FFF77CFC164B19783846FDF7EFFA28B1F4
:10C4B4004FF00008DBE74FF00008D8E74FF085089D
:10C4C400D5E7B8F1850F09D06B4632462146384688
:10C4D400FFF744FD58B901E04FF08508012C00D066
:10C4E40000256B462A4641463846FFF736FC08B01D
:10C4F400BDE8F08143F20200F9E700BF7446002072
:10C504002D2B002038B504460D46FDF771FA01289D
:10C5140002D043F2020038BD29462046FFF729FC29
:10C52400F9E708B50388113B092B09D8DFE803F0C4
:10C534000508090D0808080811150430FFF7D6FD91
:10C5440008BD0430FFF7C6FCFAE70430FFF7E6FD48
:10C55400F6E70430FFF732FFF2E70430FFF738FF65
:10C56400EEE700000022026042608260014A126825
:10C5740002607047BC46002010B5044610460023F4
:10C5840023606360A360E360236121706280FEF72F
:10C594003DF9A080204610BD00B583B06A4607214E
:10C5A400FFF714F838B9019B93F8443013F0010FE6
:10C5B40002D0012000E0002003B05DF804FB38B590
:10C5C4000546002404B138BD2846FFF7EDF90134CF
:10C5D400F8E708B5FFF7F3FF08BD30B587B00D469F
:10C5E40014460246062101A8FFF7C6FF03950494EA
:10C5F40001A8FFF7E4FF07B030BD10B586B00246CE
:10C604000C46082101A8FFF7B7FF039401A8FFF720
:10C61400D6FF06B010BD000010B50446134611291C
:10C624000DD000226BB10A4B19782046FDF748FA69
:10C634000022084B19782046FDF742FA10BD01226A
:10C64400F0E7044B19782046FDF73AFAF6E700BF05
:10C65400312B0020342B002070B586B005461129FB
:10C6640034D8DFE801F02D333333333333332D3310
:10C67400333333093333332D16461F481F4BC01A47
:10C68400C00800042A461E4940F0020004F082FF5C
:10C694002A4604210DEB0100FFF76EFF96B13378B3
:10C6A40013F0010F10D102238DF80C3000238DF804
:10C6B400103041F20113ADF80E3001A8FFF77FFFEF
:10C6C40006B070BD0223EFE70123EDE70C460A4EE6
:10C6D4000A4BF61AF6083604084604F07DFB0246B7
:10C6E4002B46084946F0010004F05EFF2146284627
:10C6F400FFF783FFE4E700BF78630300A062030051
:10C70400C07803007879030030B585B004460D463F
:10C7140001A8FFF727FF01AA29462046FFF75DFF7E
:10C72400094B1A6801992046FFF782FE054601224B
:10C7340001462046FFF770FF019A29462046FFF77D
:10C744008BFF05B030BD00BFB446002008B5002102
:10C75400FFF7DAFF08BD00002DE9F04385B0044679
:10C7640016461F46884689B901A8FFF7FBFE01AAB1
:10C7740000212046FFF731FFDDF80490284B1B7899
:10C7840033B99DF80D301BB9052625E04FF000099B
:10C79400324649462046FFF7B5FE054600220146CB
:10C7A4002046FFF739FF112D1AD80123AB4042F67A
:10C7B4000112134229D113F4003F15D04246194BFC
:10C7C40019782046FDF77CF93246174B1978204634
:10C7D400FDF776F90026E7B9304605B0BDE8F083E9
:10C7E40043F202039D4212D0104E114BF61AF60882
:10C7F4003604284604F0F0FA024623460D4946F072
:10C80400010004F0D1FE0326E5E72E46E3E72E46B9
:10C81400E1E74A4629462046FFF71EFFDCE700BF52
:10C82400B8460020322B0020332B0020786303000D
:10C83400A0620300E479030038B50446084B197874
:10C84400FDF724F90546074B19782046FDF71EF934
:10C85400014601232A462046FFF77EFF38BD00BF6C
:10C86400332B0020322B0020002943D0F8B5054695
:10C874000C46FDF7CFF8064600283DD02846FDF7C4
:10C88400C5FF0746022E14BF00260126237866F34F
:10C89400000323704FF6FF73C31A18BF01232278D5
:10C8A40063F3C30222702846FDF7C6F8237860F3C9
:10C8B400410323702846FDF7CDF8237860F3820303
:10C8C40023702846FDF7D4F830B10122237862F3AF
:10C8D400041323700020F8BD2846FDF7ADF808B90D
:10C8E4000022F3E73846FFF757FE08B90022EDE7C8
:10C8F4000122EBE70E20704743F20200EBE710B58C
:10C9040082B00C4600238DF80430E0238DF8043007
:10C9140001A9FFF7A9FF9DF80430DB435BB222783D
:10C924001A4010B912B9012000E0002002B010BD75
:10C9340030B583B00446194B1B6833B34088FDF708
:10C944007BF8014608B9024621E000258DF8045021
:10C95400237AC3F340012A4661F382028DF804204E
:10C96400D2B263F3C3028DF80420C3F38003D2B2BE
:10C9740063F304128DF8042001A96088FFF7BFFF58
:10C9840080F00102D2B2294601E0002201210123F4
:10C994006088FFF7E1FE03B030BD00BFBC46002055
:10C9A40010B504460378062B07D0132B01D1FFF7EB
:10C9B400BFFF2046FFF70DFE10BD81684088FFF7DA
:10C9C400A3FEF9E708B503780C2B02D8092B02D291
:10C9D40008BD142BFCD100220549064B1878FDF73D
:10C9E40089F800220449054B1878FDF783F8EFE72E
:10C9F40051C70200312B00203DC80200342B002017
:10CA040008B5FFF78EFD00220549064B1878FDF79F
:10CA140071F800220449054B1878FDF76BF808BD3E
:10CA240051C70200312B00203DC80200342B0020E6
:10CA34000268134600E01B6813B18B42FBD101E08E
:10CA44000A60016070470346006808B102681A6012
:10CA54007047000038B5054608B9064C04E0064C9A
:10CA640002E04368284698472046FFF7ECFF002879
:10CA7400F7D138BDC8460020D046002010B5044682
:10CA840010B1012C06D010BD054B01225A70FFF7DE
:10CA9400E1FFF6E70120024B9870FFF7DBFFF2E7B6
:10CAA400C046002000B1704708B5034B01225A70FC
:10CAB400FFF7D0FF08BD00BFC046002008B505F051
:10CAC40065F920B9074BD3F800342BB108BD0649EA
:10CAD4007B2003F033F9F5E700F0EEF9034B002275
:10CAE4009A70F3E7000001404C7A0300C04600202E
:10CAF40010B5104B1B784BB185240F4BD3F8003481
:10CB040013B10C4B01229A70204610BD094B002230
:10CB14009A605A601A61DA60084800F07FF90446A6
:10CB240005F034F918B1034B01221A70E5E700F05F
:10CB34008DF9F8E7C04600200000014081CA0200D8
:10CB440010B582B00446224B1B78D3B1204B9B789E
:10CB5400E3B114B163680120984700238DF80730CE
:10CB64000DF1070002F0F0F8194AD3680133D360DD
:10CB74009DF8070002F0FAF8154BDB680BB302B01E
:10CB840010BD1449F62003F0D9F8DFE700238DF82F
:10CB940007300DF1070002F0D7F81CB121460E480A
:10CBA400FFF746FF0A4BDB6843B1094AD3680133F8
:10CBB400D3609DF8070002F0D9F8DDE700F05CF9D6
:10CBC400F3E704494FF4897003F0B8F8D7E700BFDE
:10CBD400C04600204C7A0300D046002000B583B044
:10CBE400144B1B78B3B1134BDB68CBB100238DF826
:10CBF40007300DF1070002F0A7F80E4BDA68013A8E
:10CC0400DA60DB6893B19DF8070002F0AFF803B077
:10CC14005DF804FB084940F2171003F08FF8E2E7CF
:10CC240005494FF48C7003F089F8DFE7FFF746FFFE
:10CC3400E9E700BFC04600204C7A030000B583B08A
:10CC440001280DD0032823D038B9184B0122C3F88A
:10CC54008020BFF34F8FBFF36F8F03B05DF804FBE9
:10CC640000238DF807300DF1070002F06DF8104B2A
:10CC74001B7853B10E4BDA680132DA6001229A70E4
:10CC84009DF8070002F072F8E7E7FFF731FFF1E7DC
:10CC9400074B1B7823B100F0D9F8FFF79FFFDCE7BF
:10CCA400044940F2522003F049F8F4E700E100E0BF
:10CCB400C04600204C7A030000B587B003788DF895
:10CCC40004304368029383688DF80C30C36804937E
:10CCD40003698DF81430054B53F82130044A52F897
:10CCE400211001A8984707B05DF804FBE446002032
:10CCF400D446002070B584B08C46144686461EF88F
:10CD0400045B1C4A42F825401B4A42F825301B4B61
:10CD14000FCB04AE06E90F009CF800308DF800300C
:10CD24009CF801308DF801309CF802308DF8023007
:10CD34009CF803308DF803309CF804308DF80530EE
:10CD44009CF805308DF80630DCF8083002939CF826
:10CD54000C308DF80C309CF80D308DF80D3004B18A
:10CD6400074C2B4622466946704601F0B7FC04B0D6
:10CD740070BD00BFE4460020D446002010B3030079
:10CD8400BDCC0200002807DB00F01F02400901238C
:10CD94009340024A42F82030704700BF00E100E0AF
:10CDA400002808DB4901C9B200F1604000F5614088
:10CDB40080F80013704700F00F004901C9B2014B1D
:10CDC4001954704714ED00E038B505460C468B1E27
:10CDD400DBB2012B03D94B1FDBB2022B04D8214653
:10CDE4002846FFF7DDFF38BD02496B2002F0A6FF9D
:10CDF400F5E700BFF07A030008B5074B1B6813F092
:10CE0400010F00D008BD06210020FFF7DDFF002040
:10CE1400FFF7B8FFF6E700BF00E100E010B50446F5
:10CE240048B1084B1B795BB9064B1C6001221A718F
:10CE34000020587110BD0449A42002F07FFFF0E7E0
:10CE44008520F7E7F4460020407B030008B5084B33
:10CE54001B793BB1FFF7D0FF4FF080430122C3F8A9
:10CE6400182508BD0349BD2002F068FFF2E700BFA2
:10CE7400F4460020407B030000B583B00C4B1B79C3
:10CE840083B14FF080430022C3F80421D3F8042176
:10CE94000192019A0222C3F8042301229A6003B08A
:10CEA4005DF804FB0349EA2002F048FFE9E700BF0C
:10CEB400F4460020407B030000B583B00F4B1B7980
:10CEC400BBB14FF080430222C3F808230022C3F809
:10CED4000421D3F804210192019A0122DA604FF06F
:10CEE4008043D3F8183413F4803FF8D103B05DF8CD
:10CEF40004FB0349F72002F021FFE2E7F446002097
:10CF0400407B030000B583B04FF08043D3F8003179
:10CF14009BB14FF080430022C3F80021D3F80021D5
:10CF24000092009A0122C3F80823104B5B7923B9BD
:10CF34000E4B5A711B68002098474FF08043D3F87A
:10CF440004317BB14FF080430022C3F80421D3F8AD
:10CF540004210192019A0222C3F80823034B1B689F
:10CF64000120984703B05DF804FB00BFF44600209D
:10CF7400002807DB00F01F02400901239340024A06
:10CF840042F82030704700BF00E100E0002808DBD1
:10CF94004901C9B200F1604000F5614080F8001316
:10CFA400704700F00F004901C9B2014B1954704792
:10CFB40014ED00E010B40D4C00F5A27054F82030CC
:10CFC40023F44F3323F4407344F8203054F82030D2
:10CFD400090201F47C51120402F4403211430B4360
:10CFE40044F820305DF8044B704700BF00600040F7
:10CFF40000B583B084468E460D4B93E8030002AB24
:10D0040003E9030063460BE002A901EB830151F835
:10D01400081CD1F8200542F8040BC1F8200501339F
:10D024000CEB0E009842EFD803B05DF804FB00BF90
:10D0340020B30300430904D0012B0BD14FF6FF7337
:10D0440001E04FF0FF3300F01F0023FA00F000F07E
:10D05400010070470023F6E7034B034493F9600093
:10D0640000F03F00704700BFFC460020034B034420
:10D0740093F96000C0F38110704700BFFC460020A4
:10D0840010B5864614461AB100234FF0080C04E08C
:10D0940008234FF00C0C00E00133634513D20B4A14
:10D0A40052F82320B2F1FF3FF6D158B2074A02EBFF
:10D0B4000E0C8CF8300042F8231034B9083B1344AA
:10D0C40083F860E001E04FF0FF3010BDFC46002023
:10D0D400064B4FF0FF3243F82020072804D90838C4
:10D0E4000344FF2283F86020704700BFFC46002001
:10D0F40010B50446024602210020FFF779FF002301
:10D10400012B04D854F823201AB90133F8E700207E
:10D1140010BD0120FCE7000010B504460068FFF7CD
:10D1240089FF38B123681F2B0AD903F01F0323603A
:10D13400054810BD05494FF4F67002F0FFFDF1E714
:10D144004FF0A040F5E700BF000300503C6A030025
:10D1540010B582B00C46019001A8FFF7DDFFA400D2
:10D16400019B03F5E07340F8234002B010BD00B505
:10D1740083B0019001A8FFF7CFFF019B03F5E07393
:10D1840050F8232022F0020240F8232003B05DF877
:10D1940004FB00B583B0019001A8FFF7BDFFD0F8F0
:10D1A4001005019BD84000F0010003B05DF804FBBA
:10D1B40010B582B001900C4601A8FFF7ADFF019BAA
:10D1C40003F5E07350F8232022F4403240F8232082
:10D1D40050F8232042EA044240F8232002B010BD54
:10D1E40000B583B0019001A8FFF796FF019B03F5FA
:10D1F400E07350F82300C0F3014003B05DF804FB72
:10D2040000B583B0019001A8FFF786FF0123019ABE
:10D214009340C0F8203503B05DF804FB2DE9F041DC
:10D22400064645E0032126E0B8F1010F36D1414618
:10D23400284698470134032C36D81F4B234493F9CE
:10D244006030B3F1FF3FF5D02046FFF705FF0546F8
:10D25400C20800F0070101238B40B25C1342E9D0FD
:10D264002046FFF703FF80462846FFF7B9FF07462D
:10D274000228D7D002212846FFF79AFF2846FFF755
:10D28400BFFF0D4B5A1992F9302053F82230002B6E
:10D29400D0D0B8F1030FCAD0022FC5D0032FC9D103
:10D2A400B8F1020FC6D1C2E73046FFF721FF08B13B
:10D2B4000024C0E7BDE8F081FC46002030B583B00F
:10D2C4001C4B93F86A5095BB2C4601E00134E4B240
:10D2D4002F2C0FD82046FFF7ADFE0028F6D0154BB3
:10D2E4002344FF2283F83020F0E72846FFF7F0FEBE
:10D2F4000135EDB20B2DF8D90F4D00242C60AC8014
:10D3040006210846FFF742FE0620FFF731FE0B4BCD
:10D31400C3F87C41D3F87C210192019A4FF000427A
:10D32400C3F804230123AB71204603B030BD0820A9
:10D33400FBE700BFFC46002060470020006000407F
:10D3440070B504460D461646FFF774FE38B1254BFA
:10D35400234493F93030002B07DB082070BD2249A9
:10D364004FF40C7002F0EAFCF1E7AA78C2F3400231
:10D3740031462046FFF784FE0646B0F1FF3F2FD02A
:10D38400AB7813F0040F0FD113F0010F1CD020461B
:10D39400FFF7EDFEE30804F0070C1448C25C01211A
:10D3A40001FA0CF10A43C254AB7813F0020F10D106
:10D3B400083E0C4B334493F96020297842EA8112E9
:10D3C40083F860200020C9E769782046FFF7C0FE93
:10D3D400E0E72A7821463046FFF7ECFD0020BDE760
:10D3E4000420BBE7FC460020E07B030060470020EC
:10D3F40030B583B004460D46FFF71CFED0B12C4B6C
:10D40400234493F93030002B1ADB294B234493F93E
:10D414003000072823DD0838FFF728FE05460328D7
:10D4240014D0012819D0032529462046FFF7C0FE51
:10D4340003B030BD1F494FF4187002F07FFCDEE7E3
:10D444001C4940F2612002F079FCDEE72046FFF738
:10D45400A0FE0028E8D10225E6E70225E4E7C3B2EE
:10D46400072BE5D800F140039BB29B009BB2124905
:10D4740000F5A27C51F82C2042F0010241F82C2046
:10D4840003F1804303F5C04300221A601B68019333
:10D49400019B002DCCD0064B1C4494F9302053F84A
:10D4A4002230002BC4D001238340C1F80433BFE7EA
:10D4B400FC460020E07B03000060004010B50446F9
:10D4C400FFF7B8FD30B12046FFF763FE003818BF00
:10D4D400012010BD024940F2B22002F02FFCF2E715
:10D4E400E07B030070B584B000250295039501200C
:10D4F4004FF48073294603E0400004339BB20131AA
:10D50400072912D803F1804202F5C0421468012CA5
:10D51400F2D1234CD4F804432042EDD0002414600B
:10D5240012680092009A0543E6E71D4BD3F87C315C
:10D53400012B06D015F0FF0F2AD1002D2BDB04B0F0
:10D5440070BD174B0020C3F87C01D3F87C310193E4
:10D55400019B45F0004502AA0221FFF749FDE9E7D6
:10D5640076000134072CE8D82E42F9D00C4B04F590
:10D57400A27253F82200C0F3052053F82210C1F31D
:10D584000141084B53F82430002BE9D09847E7E7D2
:10D5940001260024E6E702A8FFF740FECFE700BF1C
:10D5A40000600040FC460020034B984201D1034830
:10D5B40070470020704700BF0020004068470020EB
:10D5C40008B5064B1B681BB1044B1B68984708BD84
:10D5D4000349512002F0B2FBF6E700BF6847002080
:10D5E400887C030070B582B00C460546B8B1284665
:10D5F400FFF7DAFF0546B8B100238DF807300DF1C7
:10D60400070001F0A1FB2E7916B92C6001232B71C0
:10D614009DF8070001F0AAFB4EB9002005E005497A
:10D62400772002F08BFBE2E7002002B070BD1120EE
:10D63400FBE700BF887C0300002807DB00F01F0223
:10D64400400901239340024A42F82030704700BF4A
:10D6540000E100E0002808DB4901C9B200F16040A4
:10D6640000F5614080F80013704700F00F00490195
:10D67400C9B2014B1954704714ED00E0430904D0BA
:10D68400012B0BD14FF6FF7301E04FF0FF3300F095
:10D694001F0023FA00F000F0010070470023F6E7B2
:10D6A40010B483B0844602240C714A71096889B1AC
:10D6B40012F0040F23D1822112F0080F01D041F09F
:10D6C400200112F0100F01D021F08001DCF80000DD
:10D6D400C0F80013DCF800100024C1F80441D1F8AC
:10D6E40004110191019912F0800F0AD1DCF8002095
:10D6F4000121D150002003B05DF8044B7047922102
:10D70400DAE7DCF800001844F5E730B585B00446E4
:10D714000D46D0F8103173B10023C0F81031D0F8A1
:10D7240010310093009B4B7913F0040F03D00B6866
:10D734000BB101209847D4F8143173B10023C4F815
:10D744001431D4F814310193019B6B7913F0080F51
:10D7540003D02B680BB102209847D4F81C3173B165
:10D764000023C4F81C31D4F81C310293029B6B795A
:10D7740013F0100F03D12B680BB100209847D4F895
:10D78400043163B10023C4F80431D4F804310393A1
:10D79400039B01232B712B680BB10320984705B021
:10D7A40030BD000010B504460068FFF767FF38B1CC
:10D7B40023681F2B0AD903F01F032360054810BDFB
:10D7C40005494FF4F67002F0B9FAF1E74FF0A040C2
:10D7D400F5E700BF000300503C6A030000B583B0C6
:10D7E400019001A8FFF7DEFF0123019A9340C0F8DE
:10D7F400083503B05DF804FB00B583B0019001A8BF
:10D80400FFF7D0FF0123019A9340C0F80C3503B011
:10D814005DF804FB00B583B0019001A8FFF7C2FFD7
:10D82400019B03F5E073032240F8232003B05DF865
:10D8340004FBF0B585B007460E4600240AE0FFF766
:10D84400CDFF04AB03EB850555F8100CFFF7E2FFA1
:10D854000134E4B2032C18D82546335DFF2B0CD0D9
:10D8640023F0800004AA02EB840242F8100C13F0A7
:10D87400800FE4D1FFF7C0FFE3E74FF0FF3204ABC2
:10D8840003EB840343F8102CE2E7386800230AE032
:10D8940004AA02EB830252F8101C03F5AC7240F8A0
:10D8A40022100133DBB2032BF2D905B0F0BD000026
:10D8B40038B505460C468B1EDBB2012B03D94B1F32
:10D8C400DBB2022B04D821462846FFF7C3FE38BD3D
:10D8D40002496B2002F032FAF5E700BFF07A030048
:10D8E40070B506460C461546012904D84DB12934B5
:10D8F4006401355170BD064940F2B72002F01EFAAA
:10D90400F4E703494FF42E7002F018FAEFE700BF72
:10D91400287D030070B505460C461646012908D833
:10D924006EB116F4004F10D1293405EB44156E6026
:10D9340070BD09494FF4307002F000FAF0E706496F
:10D9440040F2C12002F0FAF9EBE7034940F2C220A9
:10D9540002F0F4F9E8E700BF287D030070B504463F
:10D964000E461546012907D8B5F1807F0AD204EB8B
:10D974004614C4F8285570BD054940F2CA2002F087
:10D98400DDF9F1E7024940F2CB2002F0D7F9EEE7E6
:10D99400287D030070B504460E461546012907D8B4
:10D9A400B5F1807F0AD204EB4614C4F82C5570BD3F
:10D9B400054940F2D32002F0C1F9F1E702494FF4DE
:10D9C400357002F0BBF9EEE7287D030070B504461C
:10D9D4000D461646A2B1326829462046FFF780FF5D
:10D9E400B28829462046FFF795FFB26829462046AB
:10D9F400FFF7B4FFF26829462046FFF7CBFF70BD5E
:10DA0400024940F2AB2002F099F9E4E7287D0300D3
:10DA14002DE9F04784B0044617460D46002964D02A
:10DA24002679384B03EBC6031B79002B68D1354BA1
:10DA340043F8367029462046FFF7FBFE236801228F
:10DA4400C3F80025276895F805A095F80690B5F861
:10DA54000880B5F90830002B4CDBC7F80CA5C7F8D3
:10DA64000495C7F808852268AB7AE97A43EA01236A
:10DA7400C2F8103522680023C2F800322268C2F8C6
:10DA840000332268C2F81C31D2F81C210392039A95
:10DA94002268C2F81031D2F810210292029A226848
:10DAA400C2F81431D2F814210192019A2268C2F802
:10DAB4000431D2F804310093009B124B53F83630F2
:10DAC40053B12068297940F30730FFF7F1FE20684D
:10DAD40040F30730FFF7B0FD0A4B03EBC603012206
:10DAE4001A71002004B0BDE8F0870749802002F0D5
:10DAF40025F995E705494FF4287002F01FF9ACE7C2
:10DB04000820EFE770470020787D0300287D03009C
:10DB14002DE9F04104460F4616461D460279254B71
:10DB240003EBC20898F8043003B32EB33B6803F048
:10DB34006043B3F1005F25D13A4600212068FFF726
:10DB440045FF3A4601212068FFF740FF06F0010136
:10DB5400226801EB5603C2F8143515F0010F17D1F2
:10DB640015F0020315D001B3082312E012494FF453
:10DB74008D7002F0E3F8D8E70F4940F21B1002F071
:10DB8400DDF8D3E70C494FF48E7002F0D7F8D3E7F1
:10DB940010232268C2F80032EAB241B10C23414694
:10DBA4002046FFF77DFDBDE8F0810423F1E708235B
:10DBB400F5E700BF70470020787D030038B50446C0
:10DBC40005790F4B03EBC5031B798BB10C4B03EBAE
:10DBD400C5031B79DBB2022B10D001202368D3F8D4
:10DBE400043123B1064B03EBC5030120187138BD82
:10DBF40004494FF4CC7002F0A1F8E7E70020EDE708
:10DC040070470020787D030038B504460D4602793C
:10DC1400104B03EBC2031B79ABB123680022C3F89A
:10DC24000022236801225A602046FFF7C7FF0346FB
:10DC340038B92046FFF7C2FF034610B9002DF8D1CA
:10DC44002B46184638BD044940F2731002F076F8AA
:10DC5400E3E700BF70470020787D030008B5024960
:10DC64000248FFF752FD08BD7047002000C0014084
:10DC7400002807DB00F01F02400901239340024AF9
:10DC840042F82030704700BF00E100E000280CDBC0
:10DC940000F01F024009012393402030034A42F858
:10DCA4002030BFF34F8FBFF36F8F704700E100E068
:10DCB400002808DB4901C9B200F1604000F5614069
:10DCC40080F80013704700F00F004901C9B2014BFE
:10DCD4001954704714ED00E010B40B7803F00303FB
:10DCE4004A78120102F0300213438A78120202F4D5
:10DCF400E0621343CA78120302F4805213430A7990
:10DD0400120402F4E02213434A79120502F4801249
:10DD140013438A79120602F080721343074A02EB16
:10DD24000014C4F81835CC79097A5130030102EB98
:10DD340000104160D4505DF8044B704700700040FF
:10DD440038B505460C468B1EDBB2012B03D94B1F9D
:10DD5400DBB2022B04D821462846FFF7A9FF38BDC1
:10DD640002496B2001F0EAFFF5E700BFF07A0300F7
:10DD740010B588B0684BD3F80431002B2CD0664B17
:10DD84000022C3F80421D3F804310093009B634BB1
:10DD940093F82E2012B193F82F30EBB100238DF8B5
:10DDA40014305E4B596806911989ADF81C10D96876
:10DDB400002964D0594B188B58835960188100216D
:10DDC400D96012B9544B01221A60544C236805A837
:10DDD4009847002384F82F30504B93F82E3053B3D8
:10DDE4004D4BD3F8003133B34B4B0022C3F8002121
:10DDF400D3F800310193019B484A538B92F82D20AC
:10DE040093423FD99B1A9BB244494B834868098982
:10DE140089B2CB1A00EB43033F49C1F82C36C1F851
:10DE240030263D4B0022C3F80421D3F8042102928A
:10DE3400029A01225A60384BD3F810317BB1364B29
:10DE44000022C3F81021D3F810310393039B334B02
:10DE54001A7402228DF814201B6805A898472E4BCB
:10DE6400D3F814314BB32C4A0023C2F81431D2F83E
:10DE740014210592059A294A137408B010BD002292
:10DE84001A74A2E7934208D09342CAD1234B0122C9
:10DE940083F82F2000225A83C3E72049C968002948
:10DEA400F2D01E4B012083F82F00002058831A4B18
:10DEB400C3F82C16C3F83026B3E7184B5C69002C62
:10DEC400DBD0B4FA84F34FF00042DA4024EA0204CF
:10DED40046339B0003F1804202F5E04211680029B9
:10DEE400EDD00021116012680492049A01228DF889
:10DEF4001420A3F58C73C3F3C7028DF8182013F014
:10DF0400040F0CBF01230B468DF81930034B1B681B
:10DF140005A89847D3E700BF007000407847002069
:10DF240070B584B00C460646002849D0002C4CD06D
:10DF3400294B93F82C30002B4CD1274D2C6033788F
:10DF4400264CC4F8F0357378C4F8F435F37885F8C2
:10DF54002E30012385F82C3000232B7485F82D30C6
:10DF64006B6185F82F306FF00042C4F80823C4F8C1
:10DF74000431D4F804210392039AC4F80031D4F88C
:10DF840000210292029AC4F81431D4F81431019396
:10DF9400019BB1780720FFF7D3FE0720FFF768FE47
:10DFA4000223C4F8043395F82E3013B10122C4F8C7
:10DFB40004230A4B0122C3F80025002004B070BDDD
:10DFC4000749D82001F0BAFEB0E70549D92001F08D
:10DFD400B5FEADE70820F1E7784700200070004067
:10DFE400147E030038B505460C462D4B93F82C30AF
:10DFF400002B34D0072D38D82A4BD3F8F43513F03E
:10E00400FF0F04D0264B93F82D30002B33D1E37946
:10E01400013BDBB20C2B34D8237A0D2B37D8204BA1
:10E024001B7C002B39D105F10C021D4B03EB420381
:10E034001B792BB91A4A92F82D30013382F82D300E
:10E04400E27905F10C01164B03EB41031A71227AB4
:10E054005A7121462846FFF73FFE002038BD124979
:10E0640040F2251001F06AFEC4E70F494FF49370A3
:10E0740001F064FEC0E70C494FF4947001F05EFEB9
:10E08400C5E709494FF4967001F058FEC4E7064904
:10E094004FF4977001F052FEC1E71120DEE700BF94
:10E0A4007847002000700040147E0300404B1B7C26
:10E0B400002B7AD130B583B03D4A012414743D4B12
:10E0C4000325C3F80853C3F82C16C3F8304692F856
:10E0D4002D30A3420DD9002209E0D3B23549513382
:10E0E4001D0101EB031300245C604C510132072A2B
:10E0F400F3D900F10C022E4B03EB420319795C793E
:10E104002C4B5130020103EB001044609950012262
:10E114001A605A6042F21073264AD2F804211AB9DE
:10E12400013BF9D1002300E00123A3B1214B0022DC
:10E13400C3F80021D3F8001101910199C3F8042117
:10E14400D3F804310093009B194B93F82D30012B25
:10E1540019D9002215E018494FF4D27001F0EEFDF0
:10E16400E4E702F10C01124B03EB41031C795D79E6
:10E17400D3B210495133180101EB03135D600C5005
:10E184000132072AEDD90A4B93F82E3043B1094BDB
:10E194000322C3F804230020054B187403B030BDD8
:10E1A400044B0222C3F80423F5E71120704700BF93
:10E1B4007847002000700040147E0300F8B505463F
:10E1C4000E461446414B93F82C30002B3BD03F4B6A
:10E1D4001B68002B3DD016F5006F40DBB4F5006FD3
:10E1E40043DAA64247DAB2B242EA04422B0103F10F
:10E1F400804303F5E043C3F81C25072D41D86F0085
:10E204008021B94016F5006F41D0304843697E1C27
:10E214004FF00042F240134343612D4BC3F8041303
:10E22400072D41D84023BB4040F2FF72944241D0B5
:10E23400264842694FF00041F9400A434261244AAA
:10E24400C2F80433F8BD234940F2692001F076FD99
:10E25400BDE7204940F26A2001F070FDBBE71D498B
:10E2640040F26B2001F06AFDB8E71A494FF41B70C5
:10E2740001F064FDB5E7174940F26D2001F05EFD41
:10E28400B1E7154940F2D62001F058FDB7E70F4831
:10E2940043697E1C4FF00042F24023EA02034361CB
:10E2A4000B4BC3F80813BBE70B4940F2D62001F02F
:10E2B40045FDB7E7054842694FF00041F94022EABD
:10E2C40001024261024AC2F80833BBE778470020E2
:10E2D40000700040147E0300AC7E030038B5044691
:10E2E40007282BD81C4B93F82C306BB31A4B1B7C90
:10E2F40083BB04F10C02184B03EB42031B792BB1D3
:10E30400154A92F82D30013B82F82D3004F10C02AD
:10E31400114B03EB420300251D715D710F4A04F19B
:10E324005103190102EB03135D60555040F2FF7273
:10E334000B492046FFF742FF284638BD09494FF4F0
:10E34400B17001F0FBFCCDE7064940F2631001F027
:10E35400F5FCCBE71120F0E778470020007000407F
:10E3640000F8FFFF147E030010B5244B93F82C3003
:10E374009BB1234C6FF00043C4F808330720FFF728
:10E3840085FC0123A36042F210731D4AD2F81421C4
:10E394004AB9013BF9D1002306E01A4940F20710BB
:10E3A40001F0CCFCE5E7012333B10024144BC3F89E
:10E3B4000045124B1C7406E012494FF4887001F0BA
:10E3C400BDFCF2E70134072C12D804F10C020B4B0C
:10E3D40003EB42031B79002BF4D0E0B2FFF77EFF7E
:10E3E4000028EFD007494FF48D7001F0A7FCE9E74E
:10E3F400024B002283F82C2010BD00BF7847002078
:10E4040000700040147E0300002807DB00F01F02A8
:10E41400400901239340024A42F82030704700BF6C
:10E4240000E100E0002808DB4901C9B200F16040C6
:10E4340000F5614080F80013704700F00F004901B7
:10E44400C9B2014B1954704714ED00E0003A18BFEB
:10E454000122022908D0032909D0012901D142F05F
:10E464000202C0F85425704742F00402F9E742F072
:10E474000602F6E7430904D0012B0BD14FF6FF73D4
:10E4840001E04FF0FF3300F01F0023FA00F000F02A
:10E49400010070470023F6E710B504460068FFF753
:10E4A400E9FF38B123681F2B0AD903F01F03236047
:10E4B400054810BD05494FF4F67001F03FFCF1E743
:10E4C4004FF0A040F5E700BF000300503C6A030092
:10E4D40010B582B00C46019001A8FFF7DDFFA4003F
:10E4E400019B03F5E07340F8234002B010BD00B572
:10E4F40083B0019001A8FFF7CFFF019B03F5E07300
:10E50400032240F8232003B05DF804FB00B583B078
:10E51400019001A8FFF7C0FF0123019A9340C0F8BE
:10E524000C3503B05DF804FB00B583B0019001A87D
:10E53400FFF7B2FF0123019A9340C0F8083503B0F6
:10E544005DF804FB10B582B08446106820B100F079
:10E554006044B4F1005F34D1946824B104F06044A1
:10E56400B4F1005F2DD15468CCF84405CCF848458B
:10E574009068D268CCF83405CCF838250022CCF861
:10E584001821DCF818210192019A13F0010F1DD013
:10E594000122CCF8502513F0020F1BD00122CCF835
:10E5A400402513F0080F02D10122CCF810200A688C
:10E5B400A2B113F0040022D04023CCF80833002089
:10E5C40002E000234B77102002B010BD0022CCF8EB
:10E5D4005025E0E70022CCF84025E2E7DCF81831CA
:10E5E400002BFBD0C87FFF280DD08B7F1BB1FFF71A
:10E5F4008DFF0020E8E7FFF797FF0020E4E74023C2
:10E60400CCF80433E0E70020DEE710B50446C07F11
:10E61400FF2803D0A37F53B1FFF778FF002363776C
:10E624002372204650F8083B6168984710BDFFF7F5
:10E634007BFFF3E738B505460C468B1EDBB2012B96
:10E6440003D94B1FDBB2022B04D821462846FFF71F
:10E65400E9FE38BD02496B2001F070FBF5E700BF0D
:10E66400F07A0300D0F81831B3B110B582B00C467B
:10E674000023C0F81831D0F818310193019B0B68BE
:10E6840023B12046FFF7C1FF02B010BD034940F299
:10E69400972001F053FBF4E7704700BF047F0300A9
:10E6A40008B502490248FFF7DDFF08BDA84700206E
:10E6B4000030004008B503494FF04020FFF7D2FF77
:10E6C40008BD00BFCC47002008B502490248FFF747
:10E6D400C9FF08BDF0470020003002402DE9F04793
:10E6E40082B00646914698460D46002900F08A807D
:10E6F400347904EBC403534901EB83010B7F002BF2
:10E7040040F099803768504B53F824103846FEF790
:10E7140069FF8246002840F091804A4B04EBC40212
:10E7240003EB820143F82290C1F804802B7B012B78
:10E734006DD92878FFF7F8FE2B78019301A8FFF72D
:10E74400ABFE019B03F5E073012240F8232095F80A
:10E754000180B8F1FF0F5ED14FF0FF39A878FF2890
:10E7640061D14FF0FF38A97804EBC402354B03EBB9
:10E77400820383F82010E878D877FF280ED02B790D
:10E78400002B55D0FFF7C2FEE878FFF7B0FE2979D9
:10E7940004EBC4022B4B03EB820399772B78C7F865
:10E7A4000835C7F80C95C7F81085AB68C7F8243549
:10E7B4006A7B297B3846FFF749FEAB79C7F8C03539
:10E7C4000723C7F8003504EBC4031E4A52F823306C
:10E7D40053B13068697940F30730FFF72BFF306895
:10E7E40040F30730FFF710FE164B04EBC40203EBB3
:10E7F400820200215177134601221A77504602B053
:10E80400BDE8F0871149AD2001F098FA70E7287847
:10E81400FFF77CFE90E7C1464046FFF777FE40468F
:10E82400FFF765FE9AE780460121FFF751FE9AE75C
:10E83400FFF77AFEA8E74FF0080ADFE74FF0110A66
:10E84400DCE700BFA847002028B30300047F0300CF
:10E854002DE9F04106460D469046047904EBC403C5
:10E86400354F07EB83073B7F002B48D02B68002BE9
:10E874004BD0AB68002B51D03379022B07D8EB680F
:10E88400B3F5803F03D26B68B3F5803F04D32B49C3
:10E894004FF40C7001F052FA04EBC402264B03EB64
:10E8A40082035B7F002B45D11346234A52F8233061
:10E8B4004BB118F0140F06D104EBC4021E4B03EB4A
:10E8C400820301225A7704EBC4021B4B03EB820C34
:10E8D4000CF10C0E95E80F008EE80F009CF81F0059
:10E8E400FF2804D09CF81E300BB3FFF71DFE4346EF
:10E8F4002A4639463068FFF725FEBDE8F0810F4906
:10E9040040F22D2001F01AFAB0E76B68002BB0D06A
:10E914000A4940F22E2001F011FAAAE7EB68002B15
:10E92400AAD0064940F22F2001F008FAA4E7FFF725
:10E93400EDFDDCE71120E0E7A8470020047F030099
:10E94400F0B583B005460F461646002401E00134B5
:10E95400E4B2B44215D2A00000F5A0704FF48033A5
:10E96400A3402A58002AF2D0D5F804231342EED04B
:10E9740000232B502B580193019B3B6879689847DF
:10E98400E5E703B0F0BD000008B5042202490348DE
:10E99400FFF7D6FF08BD00BF1448002000800040E8
:10E9A40008B5042202490348FFF7CAFF08BD00BFA7
:10E9B400204800200090004008B504220249034882
:10E9C400FFF7BEFF08BD00BF2C48002000A0004098
:10E9D40008B5062202490348FFF7B2FF08BD00BF8D
:10E9E4003848002000A0014008B506220249034827
:10E9F400FFF7A6FF08BD00BF4448002000B0014057
:10EA040082B001238DF807309DF80730134B18604E
:10EA140059609A6044F20103984213D044F202030D
:10EA2400984207D10D4BDA60DA6812689A61DA68A5
:10EA34005268DA6172B69DF80730002BFBD162B6DA
:10EA440002B07047054B1A611A6992685A611A69D3
:10EA540012689A611A695268DA61EBE7504800203B
:10EA640000B583B002900091019244F20100714616
:10EA74006A4600F003F803B000BD00002DE9F04140
:10EA840084B004460E46154672B602F0E5FD02F067
:10EA940011FC0028FBD144F201039C423BD010D866
:10EAA400012C1FD041F201039C4250D12E482F4B20
:10EAB400C01AC00800042E4940F0010002F064FDB1
:10EAC4001AE044F202039C4241D12748274BC01A62
:10EAD400C00800042B686A68264940F0010002F06F
:10EAE40063FD09E02048214BC01AC00800042249F4
:10EAF40040F0010002F048FD204BD3F8F03013F051
:10EB0400010F00D000BE2A4631462046FFF778FFA9
:10EB140004B0BDE8F081144F144BFF1AFF083F0402
:10EB240047F00107D5F80880404602F055F903463E
:10EB34006A68296802960191009242461049384653
:10EB440002F059FD0F49384602F01EFDD4E706488D
:10EB5400064BC01AC008000432460B4940F00100BD
:10EB640002F018FDC8E700BFF0620300A0620300D2
:10EB7400E87F03000C800300C87F030000ED00E081
:10EB840028800300508003006480030030B585B002
:10EB94004568002D48D00446037B002B46D1026013
:10EBA400EFF3058323B300230393009303AB0A46D7
:10EBB4000921284606F0DEFB012801D0042036E0B6
:10EBC40006F06CF802460023009303AB06212846A6
:10EBD40006F0D0FB0128F1D1039B0BB3164B4FF089
:10EBE40080525A6040BFBFF34F8FBFF36F8F17E05F
:10EBF4000223009300230A460421284606F0BAFBA8
:10EC0400012801D0042012E006F042F80246022353
:10EC1400009300230121284606F0ACFB012808D10B
:10EC240001232373002002E0082000E0002005B047
:10EC340030BD0420FBE700BF00ED00E010B584B058
:10EC44000446406830B3EFF30583B3B10022039266
:10EC5400009203AB082106F08DFB01280BD1039B26
:10EC6400A3B10E4B4FF080525A6040BFBFF34F8F99
:10EC7400BFF36F8F0AE004200AE00223009300230D
:10EC84001A46032106F076FB012805D100202073E3
:10EC940004B010BD0820FBE70420F9E700ED00E014
:10ECA400EFF3108272B6114B9B68CBB930B40F49A5
:10ECB40001238B600E4BD3F880400E4D2C400C602A
:10ECC400C3F88050D3F884404C604FF0FF31C3F850
:10ECD40084100023037002B962B6002030BC704770
:10ECE4000123037002B962B6002070477048002007
:10ECF40000E100E0FC06FFBD094B9B686BB160B905
:10ED0400EFF3108172B6064B1868064A1060586813
:10ED1400506000229A6001B962B60020704700BFBB
:10ED24007048002000E100E0EFF30583C3F308031B
:10ED34003BB9EFF3148313F0010F0CBF0120002043
:10ED4400704701207047000010B50446FFF7ECFF40
:10ED5400012803D12046FFF7A3FF10BD0249432039
:10ED640000F0ECFFF6E700BF7C80030010B504461A
:10ED7400FFF7DAFF012803D12046FFF7BDFF10BDDE
:10ED84000249512000F0DAFFF6E700BF7C8003005F
:10ED940038B50546002402E0284698470134032C80
:10EDA40005D8034B53F82430002BF5D1F6E738BDD2
:10EDB400F04800200378013B052B34D8DFE803F04A
:10EDC40003061120293100230B70704701230B70B7
:10EDD40003898B818388CB81C3688B6000230B7488
:10EDE400704702230B7003898B818388CB81C368AE
:10EDF4008B60837D062B14BF002301230B747047A3
:10EE040003230B70C3888B810389CB81C3688B6018
:10EE1400704704230B70C3888B810023CB818B60E4
:10EE2400704705230B707047884207D20368B3F11B
:10EE3400FF3F01D001207047002070470020704739
:10EE44004388033300EB8300704738B504460D460E
:10EE5400FFF7F6FF85420CD3A2884FF6FF739A4260
:10EE640009D023884BB1A368B3F1FF3F07D000203A
:10EE740038BD0220FCE70120FAE70120F8E7012071
:10EE8400F6E7000060B10A4AD26882420AD8084A0A
:10EE94001269824208D310F0030F07D10120704792
:10EEA4000020704700207047002070470020704702
:10EEB400082B00200A4A00EB800302EB83031B8922
:10EEC4000B4400EB800002EB8002528912FA83F0BB
:10EED40080B2B0F5806F8CBF00200120704700BF66
:10EEE400B4480020002301E001339BB2012B0ED86B
:10EEF40003EB830C074A02EB8C0252688A42F3D27A
:10EF040002F580528A42EFD903800020704748F20C
:10EF140009607047B44800208B7D022B04D9038913
:10EF2400CA881344033303814389CA889B1A033B69
:10EF340043817047F8B5033086B240F2FE339E42F7
:10EF440025D80D46002401E00134A4B2012C1BD8BD
:10EF540004EB84030F4A12F82330002BF4D131461A
:10EF64002046FFF7A7FF0028EED02C80094B04EBC6
:10EF7400840203EB8202528904EB840703EB8703C8
:10EF840032445A81002001E048F20660F8BD48F29C
:10EF94000860FBE7B4480020064A01EB810302EB5A
:10EFA40083035B8901EB810102EB81021B1A033BA2
:10EFB40053817047B4480020F8B50E4600EB80003A
:10EFC400134B03EB80035C6804F580550868A0B11B
:10EFD400FFF736FF044629462046FFF725FF07467C
:10EFE40098B129462046FFF730FF012807D00228B0
:10EFF4000AD00028EFD1346007E00834EBE720465C
:10F00400FFF71EFF0446E6E700273846F8BD00BFB9
:10F01400B448002030B583B005460C464068FFF77D
:10F0240031FF20B12A89174B1B899A4218D000233B
:10F0340023802388012B23D80023019301A920884E
:10F04400FFF7BAFF0146B8B1019B2A68986890425D
:10F05400F4D16B600B4B1B892B81084603B030BD88
:10F064002A6869688B689A42E1D12046FFF73AFF23
:10F07400B0FA80F14909F0E7238801332380D8E707
:10F084000021EAE79C480020F8B51C461F4B1B787A
:10F09400002B34D005460F461646002A32D03CB920
:10F0A40048F2046027E000232360A3880133A3808F
:10F0B400A388012B20D803EB8303154A12F82330CD
:10F0C400002BF2D12146A088FFF776FF0028EAD072
:10F0D40023681DB199882A889142F3D11FB11988F8
:10F0E4003A889142EED19B68336023687360094B80
:10F0F4001B8933810020F8BD48F20960FBE748F220
:10F104000160F8E748F20460F5E700BF0449002015
:10F11400B44800209C4800200B4A13890133138112
:10F124000023538013730CE003EB83018A00074927
:10F134008A5CB2FA82F25209034919448A72013391
:10F144009BB2012BF0D970479C480020B4480020A2
:10F1540000B58646002301E001339BB2012B19D888
:10F164000E4A1A44927A002AF6D00C4A1A44002114
:10F17400917203EB83010A4A02EB8102D268002AEE
:10F18400EAD1074A02EB8102107C0028E4D0AEF8F1
:10F19400003000E000205DF804FB00BF9C48002024
:10F1A400B4480020044B5B685B880333034A9188AE
:10F1B40011FA83F3938070479C480020AC480020E8
:10F1C40030B40E4804680E4B5B880E4903EB830C85
:10F1D4004FEA8C020A44556805605460B0F804C0D4
:10F1E400A2F808C00222828003EB830303FA02F22E
:10F1F400114400230B7430BC704700BFAC4800209E
:10F204009C480020B448002008B5124B1B78072BFB
:10F214000AD8DFE803F00409090A1016161AFFF7E2
:10F224007BFF0C4B01221A7008BDFFF7BBFF094B93
:10F2340002221A70F8E7FFF7C3FF064B06221A7082
:10F24400F2E7044B07221A70EEE7024B01221A7010
:10F25400EAE700BF9C48002008B50146014800F0D9
:10F26400EBFD08BDDC48002008B5064B05221A70EA
:10F27400054902238B80002301220968034801F019
:10F28400A9FA08BD9C480020AC480020082B0020A7
:10F2940008B50D4B5B8803EB83010C4A02EB81023A
:10F2A400D26872B9084A0421117003EB8303074939
:10F2B40001EB8301002301224968054801F08AFA21
:10F2C40008BDFFF7D1FFFBE79C480020B4480020AD
:10F2D400082B002000B583B0002300930823044AC0
:10F2E40004490968044801F0A5F903B05DF804FB7A
:10F2F40040B30300AC480020082B002008B5044BA1
:10F3040007221A7000225A60FFF7E4FF08BD00BF0D
:10F314009C48002000B583B00146002300930823D5
:10F32400034A044801F086F903B05DF804FB00BF0A
:10F3340038B30300082B002038B530B90B79032B00
:10F3440062D8DFE803F0081E3843324B00225A60CB
:10F354004FF4064005E001230B71FFF7BBFF0028C3
:10F3640052D138BD0A4603EB830189000020505472
:10F3740003EB830302EB83025068FFF7CBFF012307
:10F384000FE00023012B09D803EB8302224911F873
:10F394002220022AE6D001339BB2F3E7002348F28D
:10F3A4000E60002BDBD11B4B01221A7000225A6025
:10F3B40041F61D50D5E700230B71184902228A80BB
:10F3C40001220968164801F005FAC8E74FF0000C5D
:10F3D40081F804C0134B5B88104908680E4C03EB9A
:10F3E400830204EB820255680D605060B1F804E0BA
:10F3F400A2F808E002228A8003EB8303934004F816
:10F4040003C0FFF787FFAAE7024B00225A6048F2C5
:10F414000D60A6E704490020B4480020AC48002051
:10F42400082B00209C48002008B5064B06221A70C1
:10F434005B8803EB83039A00034B13445868FFF77C
:10F4440069FF08BD9C480020B448002000B583B083
:10F4540002238375002300930423C218044801F097
:10F46400E9F810B903B05DF804FB48F20D60F9E760
:10F47400082B002000B583B0036973B1032383759F
:10F4840000230093042300F10C020831054801F025
:10F49400D1F820B903B05DF804FB0123EFE748F28B
:10F4A4000D60F7E7082B002000B583B001238375B6
:10F4B400C388002200929B0002690C31044801F0C9
:10F4C400B9F810B903B05DF804FB48F20D60F9E730
:10F4D400082B002000B583B00378032B0ED006233D
:10F4E400837500230093042300F10802194406489D
:10F4F40001F0A0F820B903B05DF804FB0523EFE7A1
:10F5040048F20D60F7E700BF082B002010B582B069
:10F514000C46002300930423084A0146084801F0DE
:10F5240089F840B904EB8404064B03EB84030122FD
:10F534001A7402B010BD48F20D60FAE734B3030048
:10F54400082B0020B448002070B50C468B8A03EBCE
:10F5540083022B4E06EB820688B9294A03EB83010A
:10F5640002EB81014D680B8905EB8305A37D062B16
:10F574000BD8DFE803F0162E22280D343E00304667
:10F58400FFF7CAFC4FF4064515E048F20E650EE09D
:10F594001C4800234360A36903601B49FFF73AFD3D
:10F5A40050B329462046FFF751FF05461DB12146B9
:10F5B4003046FFF7B1FC284670BD29462046FFF7C8
:10F5C40059FF0546F2E729462046FFF76DFF054639
:10F5D400ECE729462046FFF77DFF0546E6E70623CC
:10F5E400A375094B1988074B5868FFF78FFF054629
:10F5F400DCE741F61D55DAE748F20965DBE700BFB1
:10F60400B4480020884800208448002010B584B005
:10F6140004460023009301930293C36800930DF101
:10F624000E016846FFF7F6FC18B948F2096004B009
:10F6340010BD01988388E38003882381BDF80E10F0
:10F64400FFF764FFF3E7000000B583B00B4842689E
:10F654000B4B1968B3F804C0538803339BB24FF0C3
:10F66400030E80F800E0002000909B0001EB8C0169
:10F67400044800F0DFFF03B05DF804FB9C48002061
:10F68400AC480020082B002008B5064931F8020CCC
:10F69400FFF792FC10B1FFF7D7FF08BDFFF7F8FDA5
:10F6A400FBE700BFA048002008B50748FFF750FD5E
:10F6B40010B1FFF7E9FF08BD044B00221A705A800D
:10F6C4005A6041F61D50F6E79E4800209C480020F1
:10F6D40030BB08B5154B1B7B6BB1144B00221A735E
:10F6E400124B1B78013B062B1DD8DFE803F0070AF9
:10F6F4000D101C131600FFF787FDF1E7FFF7D4FF89
:10F7040008BDFFF7C1FFFBE7FFF79EFFF8E7FFF730
:10F71400BFFDF5E7FFF788FEF2E7FFF7EFFDEFE740
:10F724004FF40640704748F20E60E9E79C48002019
:10F7340000B585B0094B01AA00210630FFF7A4FCEF
:10F7440038B9064B99880298FFF7E0FE05B05DF8DA
:10F7540004FB024B00221A605A60F7E77C48002041
:10F76400B0B908B50B79012B08D0022B13D0ABB973
:10F7740002230B710846FFF749FF0EE00846FFF726
:10F78400D7FF48F20963984207D141F61D5004E0BF
:10F794004FF40640704741F61D5008BD48F20E6014
:10F7A400FBE7000008B50146014800F051FB08BD25
:10F7B400DC48002008B5084B1B683BB10121064812
:10F7C40000F001FC003818BF012008BD03494FF4C4
:10F7D400247000F0B3FAF1E7004900201C81030013
:10F7E40010B586B004462CE02E48FFF735FD2E4BAD
:10F7F40018602AE02D494FF4B46000F09FFA28E025
:10F804002046FFF799FD002849D000230193029375
:10F8140003930493059341F61D5398423DD00290FF
:10F82400214C01A92068FFF7C5FA01A8FFF7B0FA37
:10F83400002323601B48FFF7B5FFFFF7BBFF70B33E
:10F844000024194B1B68002BCED0174B1B68002BD0
:10F85400D0D0154B19680B78013B052B1AD801A29F
:10F8640052F823F005F8020081F8020081F8020042
:10F8740089F8020089F8020091F802002046FFF797
:10F8840063FEC0E72046FFF76BFFBCE72046FFF7A7
:10F894001FFFB8E748F20E60B7E70020BFE706B0E5
:10F8A40010BD00BF94480020984800201C8103002C
:10F8B40008B54068FFF794FF08BD000008B50121B2
:10F8C400014800F075FB08BDEC48002008B501466E
:10F8D400054800F09AFA0022026042608260C26029
:10F8E40002614261826108BDDC48002008B501461E
:10F8F400014800F096FA08BDDC48002008B5012153
:10F90400034800F04AFB00B108BDFFF769FFFBE7BD
:10F91400004900202DE9F04383B00C4638490978AA
:10F9240000295DD005469846002C5CD021884FF60E
:10F93400FF7399425AD06388002B5AD0676817F036
:10F94400030759D1002A33D01388ADF80630B2F832
:10F9540002906846FFF7BAFF0646002833D080F8C5
:10F96400008000238375BDF80630838263680361D9
:10F97400FFF7A4FFF060238833816388B380A6F87F
:10F984000690B8F1030F26D0002373816846FFF771
:10F99400ADFF3DB100236B60F2682A60AB72194B76
:10F9A4001B892B81FFF7AAFF384603B0BDE8F0831B
:10F9B400B4F808900DF106014846FFF7BBFA002899
:10F9C400C7D00746F0E7BDF806104846FFF7E4FA4B
:10F9D40048F20767E8E70423B3752B68B361D3E7FC
:10F9E40048F20167E0E748F20467DDE748F203679D
:10F9F400DAE748F20367D7E748F20267D4E700BFC3
:10FA0400044900209C48002010B370B582B00C4615
:10FA1400054601B30DF10601FFF7FCFA18B948F2E7
:10FA2400096002B070BD6E68BDF8063003EB830058
:10FA340080000830094B18440121043000F0B8FA62
:10FA440026606B680C3363600123AB720020E8E727
:10FA540048F20460704748F20460E2E7B4480020CA
:10FA6400F8B110B582B004460DF10601FFF7D2FAE1
:10FA7400D0B1BDF8063003EB8301104A02EB8102DA
:10FA8400D268AAB1A27AB2B10C4A02EB8101C96868
:10FA9400013903EB830302EB8302D1600020A072DF
:10FAA40004E048F20460704748F2096002B010BDF7
:10FAB40048F20560FAE748F20560F7E7B448002029
:10FAC40008B502230022FFF725FF08BD28B108B5B9
:10FAD40003230022FFF71EFF08BD48F204607047AD
:10FAE400114B1B78BBB110B582B004464FF6FF73BF
:10FAF400984213D001A8FFF7E9FE90B105220270E5
:10FB040001220271C48001A8FFF7F0FEFFF7F6FEA0
:10FB1400002002B010BD48F20160704748F2036053
:10FB2400F7E748F20760F4E70449002000B583B022
:10FB3400ADF80600ADF8041001A90DF10600FFF7B9
:10FB4400A3FA03B05DF804FB00B583B01346ADF827
:10FB540006000A460DF106010020FFF795FA03B0EE
:10FB64005DF804FB00B583B01346ADF806000A4601
:10FB740000210DF10600FFF787FA03B05DF804FBDE
:10FB840020B131B103680B600020704748F2046073
:10FB9400704748F2046070471EF0040F1CBFEFF377
:10FBA40009800AE0EFF308800549064A884201D833
:10FBB400904202D88D464FF00000034B18470000D6
:10FBC4000000042000F80320FDFB0200BFF34F8F68
:10FBD4000549CA6802F4E062044B1343CB60BFF3E7
:10FBE4004F8F00BFFDE700BF00ED00E00400FA0501
:10FBF40008B5FFF7EBFF000070B582B0064601F0D0
:10FC04002BFD01F057FB0028FBD1404B9D6A26B326
:10FC14003F4C404BE41AE408240444F00104B26964
:10FC24003D49204601F0B6FCB368F26801920093A6
:10FC3400736832683949204601F0CEFCF3690093B9
:10FC4400736932693649204601F0B9FC2F4BDB6AEF
:10FC540013F0020F0CD1002420E02D482D4BC01AC4
:10FC6400C00800042F4940F0010001F08DFCEDE7CD
:10FC74002748284BC01AC00800042B4940F0010053
:10FC840001F082FCE7E72248224BC01AC0080004B6
:10FC9400264940F0010001F07DFC0134192C09D8FB
:10FCA4000123A3402B42F8D0214B53F82420002AEF
:10FCB400E9D1F2E715F0800F0ED115F4004F18D1F9
:10FCC400124BD3F8F03013F0010F00D000BE3046D1
:10FCD400FFF78EFF02B070BD0D480E4BC01AC0086E
:10FCE40000040A4B5A6B134940F0010001F052FC26
:10FCF400E3E70748074BC01AC0080004034B9A6B9C
:10FD04000D4940F0010001F045FCD9E700ED00E0A9
:10FD140010630300A0620300B0810300C8810300E4
:10FD240000820300288203005C820300A082030097
:10FD340048B30300AC820300CC82030000B583B057
:10FD4400009001916A46002144F20200FEF796FEFB
:10FD540003B05DF804FB82B050E8013F1FFA83FC56
:10FD6400C28994448289944528BFACEB020C028971
:10FD7400944502BFBFF32F8F002007E0CCEA030CA9
:10FD840040E801C2002AE7D14FF001008DF80700D6
:10FD94000093009B0B609DF8070002B0704750E889
:10FDA400012FC2EA024240E80123002BF7D1704739
:10FDB40082B050E8023F1FFAA3FCC288944502BFF8
:10FDC400BFF32F8F00200EE0C289944482899445AA
:10FDD40028BFACEB020CC3EA0C4C40E802C2002A78
:10FDE400E7D14FF001008DF807000093009B0B60F2
:10FDF4009DF8070002B0704750E8022FC2EA224281
:10FE040040E80223002BF7D1704738B505460C466D
:10FE1400FFF7A1FF18B128682388184438BD0020D3
:10FE2400FCE708B50A884B889A4201D0002008BD37
:10FE3400FFF7B5FF0120FAE738B505460C46FFF792
:10FE4400B7FF18B128686388184438BD0020FCE760
:10FE540008B50A884B889A4201D0002008BDFFF7F4
:10FE6400CBFF0120FAE708B54B0901F01F0101227D
:10FE740002FA01F100EB830000F06EF808BD10B542
:10FE84004B0901F01F040121A14000EB830000F0A5
:10FE940058F8E04000F0010010BD08B54A0901F02F
:10FEA4001F01012303FA01F1C94300EB820000F0B2
:10FEB40069F808BD4B0950F8230001F01F01C84040
:10FEC40000F0010070472DE9F04106460F46002579
:10FED40018E0202300E020231F2B12D803EB451445
:10FEE400A7420ED921463046FFF7C9FFE0B1D8F842
:10FEF4000030DB4393FAA3F3002BECD0B3FA83F383
:10FF0400EAE701357B1E5B090133AB420BD906EBF3
:10FF1400850856F82530DB4393FAA3F3002BD8D099
:10FF2400B3FA83F3D8E73C462046BDE8F0810346A4
:10FF340053E8000F0A4643E8002C9CF0000FF7D169
:10FF44007047034653E8000F40EA010243E8002CDF
:10FF54009CF0000FF6D17047034653E8002F42EAA5
:10FF6400010043E8000C9CF0000FF6D170470346F3
:10FF740053E8000F00EA010243E8002C9CF0000F54
:10FF8400F6D17047034653E8002F02EA010043E824
:10FF9400000C9CF0000FF6D17047034653E8000FA5
:10FFA40000EB010243E8002C9CF0000FF6D17047EF
:10FFB400034653E8002F02EB010043E8000C9CF0D9
:10FFC400000FF6D17047034653E8002FA2EB01005F
:10FFD40043E8000C9CF0000FF6D1704708B50121EE
:10FFE400FFF7BAFF08BD08B50021FFF7C0FF08BD41
:0CFFF40038B50C46054620B1EB68288AA1
:020000023000CC
:1000000000FB043038BD0249E820FFF799FEF5E710
:10001000C887030038B50C46054630B1EB68E01AD6
:100020002B8AB0FBF3F0C0B238BD0249F520FFF7D0
:1000300087FEF3E7C887030000283DD010B50446CB
:10004000036873B163688BB1A368ABB1E368CBB1EC
:10005000238AEBB1A2686368D21AD2B221680B601E
:1000600022E01649FF20FFF76BFEEBE713494FF440
:100070008070FFF765FEE7E7104940F20110FFF7D7
:100080005FFEE3E70D494FF48170FFF759FEDFE7AC
:100090000A4940F20310FFF753FEDBE721680A68C4
:1000A000501C086013701A46531EDBB2002AF5D1AB
:1000B00023680020187110BD0E207047C887030008
:1000C00030B583B00446E8B100238DF807300DF158
:1000D0000700FEF73BFE2268136861688B4217D960
:1000E000591E116013F8011C2046FFF783FF0546D7
:1000F000A368226811685B1ADBB21179994208D2B1
:10010000137106E006494FF49270FFF719FEDBE722
:1001100000259DF80700FEF72BFE284603B030BDF2
:10012000C887030070B582B00C460646B0B1DCB19A
:1001300000238DF807300DF10700FEF707FE336846
:100140001D686A1C1A6021463046FFF763FF28705D
:100150009DF80700FEF70CFE02B070BD054940F2A5
:100160004710FFF7EDFDE2E702494FF4A470FFF7F7
:10017000E7FDDDE7C887030010B5044640B1A2687B
:100180002AB163692168206998470023A36010BDE4
:1001900002493120FFF7D4FDF1E700BF6488030076
:1001A0000EB430B582B0059D0446A0B16369BBB101
:1001B0002368D3B16368EBB145B10023019306AB6B
:1001C000019301AA2946204600F026F902B0BDE8B5
:1001D000304003B070470A494220FFF7B1FDE5E720
:1001E00007494320FFF7ACFDE2E705494420FFF74C
:1001F000A7FDDFE702494520FFF7A2FDDCE700BFCE
:100200006488030038B504460D460A2909D02268DF
:10021000A368591CA160D554A26863689A4204D2AD
:1002200038BD0D21FFF7EEFFF1E72046FFF7A4FFF1
:10023000F6E700002DE9F84F82460F4615461E46A8
:10024000DDF828900B9A0B464FF0010803E0B3FB52
:10025000F5F308F10108AB42F9D2B04500D2B0463F
:1002600012F0010B13D1B9F1000F10D012F0020FF0
:100270000FD086B1202405E009F1FF392146504610
:10028000FFF7C0FFB9F1000F01D0C145F4D8012438
:1002900006E02024F6E73024F4E7013E05FB04F4F1
:1002A000012EFAD8B7FBF4F39D42F7D9B7FBF4F36C
:1002B00004FB13770E4AD15C5046FFF7A3FF234699
:1002C000B4FBF5F4AB42F1D2BBF1000F02D0B9F1AF
:1002D000000F07D1BDE8F88F09F1FF392021504602
:1002E000FFF790FFB9F1000FF4D0C145F4D8F1E762
:1002F000B0B303002DE9F04782B080460F461446A4
:1003000099460A9EDDF82CA081EAE17CACEBE17C09
:10031000012502E09CFBF4FC01356445FADD4D4506
:1003200000D24D462EB1002F02DB1AF0040F00D090
:10033000013E1AF0020F02D0B9F1000F03D01AF0FB
:10034000010F00D1CEB9002F1CDB1AF0040F1FD112
:100350000AF00303022B20D0CDF804A000964B46F0
:10036000224639464046FFF765FF02B0BDE8F087F8
:10037000013E20214046FFF745FF002EE3D0AE426C
:10038000F6D8E0E77F422D214046FFF73BFFDFE74D
:100390002B214046FFF736FFDAE7B9F1000FDBD13A
:1003A0002EB9D9E7013E30214046FFF72BFF002E42
:1003B000D2D0AE42F6D8CFE7F8B506460C46154681
:1003C00013F001070ED1E1B1084605F094FE07468F
:1003D00017E0013401373046FFF714FF2178002978
:1003E000F7D106E00027F9E7013D20213046FFF76D
:1003F00009FFBD42F8D8F8BD013D20213046FFF786
:1004000001FFBD42F8D803E001343046FFF7FAFEA1
:1004100021780029F8D1EEE7F0B583B00C461646F6
:10042000054648B16B696BB12B688BB16B68ABB19A
:10043000002C40F08B80DAE0704940F25220FFF748
:100440007FFCEFE76D494FF41570FFF779FCEBE7A0
:100450006A4940F25520FFF773FCE7E7674940F22D
:100460005620FFF76DFCE3E70027012303E047F088
:100470000107013483B121782D29F8D0302903D028
:100480002B2905D00023F5E747F002070134F1E7F7
:1004900047F004070134EDE700222A290CD0217827
:1004A000A1F13000C0B209280CD8013402EB82025D
:1004B00001EB4202303AF0E73368191D31601B68E6
:1004C0001A44013423782E2B02D00023217811E026
:1004D000013400232178A1F13000C0B20928F5D8F9
:1004E000013403EB830301EB4301A1F13003F1E796
:1004F00014F8011F6C29FBD06829F9D025296FD089
:1005000020D378291ED858291CD35839202919D826
:10051000DFE801F03C1818181818181818181811E6
:1005200026181818182618181818181850181847C8
:10053000183118183C0033681A1D326019782846A3
:10054000FFF760FE01342378002B4ED014F8011B16
:1005500000294AD0252987D02846FFF753FEF2E725
:100560003168081D30600968019700920A22284608
:10057000FFF7C0FEE6E73168081D306009680197A3
:1005800000920A222846FFF755FEDBE73168081D76
:10059000306009680197009210222846FFF74AFE52
:1005A000D0E731680B1D33603B4609682846FFF7EA
:1005B00003FFC7E733681A1D32601F6830212846E1
:1005C000FFF720FE78212846FFF71CFE0023019349
:1005D00008230093102239462846FFF72BFEB1E787
:1005E00025212846FFF70EFEACE72B7B0BB903B0A5
:1005F000F0BD2846FFF7C0FDF9E700BFF88803000B
:10060000C3688B4206D8114401390369994203D962
:1006100000207047002070470120704710F0030F42
:100620000CBF01200020704743681B68013B0B4250
:100630000CBF0120002070472DE9F04182B0002856
:1006400031D00E4615461C460746002A3BD0D0F84E
:100650000080B8F1000F46D0002B54D043685A6890
:10066000B4FBF2F302FB1343002B5CD10846FFF707
:10067000D5FF002867D02846FFF7D0FF002872D0AA
:10068000224631463846FFF7BBFF00287BD0D8F81A
:100690000C80089B009323462A4631463846C047C3
:1006A00002B0BDE8F0814048404BC01AC0080004C9
:1006B0000E2400943E4B3F4A3F4940F0010000F0B9
:1006C00080FF2046ECE73848384BC01AC0080004C9
:1006D0000E240094364B394A374940F0010000F0AF
:1006E00070FF2046DCE73048304BC01AC0080004D9
:1006F000082400942E4B324A2F4940F0010000F0AC
:1007000060FF2046CCE72848284BC01AC0080004E8
:1007100009240094264B2B4A274940F0010000F0A1
:1007200050FF2046BCE72048204BC01AC0080004F8
:10073000092400941E4B244A1F4940F0010000F098
:1007400040FF2046ACE71848184BC01AC008000408
:1007500010240094164B1D4A174940F0010000F088
:1007600030FF20469CE71048104BC01AC008000418
:10077000102400940E4B164A0F4940F0010000F07F
:1007800020FF20468CE70848084BC01AC008000428
:1007900010240094064B0F4A074940F0010000F076
:1007A00010FF20467CE700BF20630300A062030027
:1007B000D4B303009089030098890300248A0300BE
:1007C000CC890300E08903002C8A0300588A0300C7
:1007D000708A0300948A03002DE9F04182B0F0B1E1
:1007E000884614461F460546066846B3002A36D09A
:1007F000FFF71AFF002842D06B681A6804FB02F268
:1008000041462846FFF7FCFE002848D036693B46A3
:10081000224641462846B04702B0BDE8F08128484C
:10082000284BC01AC00800040E240094264B274A07
:10083000274940F0010000F0C4FE2046ECE72048C4
:10084000204BC01AC0080004082400941E4B214A03
:100850001F4940F0010000F0B4FE2046DCE71848D4
:10086000184BC01AC008000409240094164B1A4AF9
:10087000174940F0010000F0A4FE2046CCE71048E4
:10088000104BC01AC0080004102400940E4B134AE9
:100890000F4940F0010000F094FE2046BCE70848F4
:1008A000084BC01AC008000410240094064B0C4AE0
:1008B000074940F0010000F084FE2046ACE700BF8D
:1008C00020630300A0620300C0B30300908903000B
:1008D00098890300CC890300E0890300BC8A0300E7
:1008E000E48A030029DF704728DF704703689B68AC
:1008F000002B28D000B587B000230093019302930A
:10090000039304930593019183680593037953B18D
:10091000012B11D102238DF80030C3681B03029311
:100920004369049308E001238DF8003003690293C2
:10093000C36803934369049303689B6868469847B8
:1009400007B05DF804FB704710B542698369D21A9D
:10095000B2F5805F28BF4FF4805292080469C168E5
:10096000012A38BF012219441819FFF7BBFF10BD37
:1009700008B5C26800691044FFF7B6FF08BD000063
:10098000114B0022DA6003791BB1012B0FD0104606
:10099000704742698369D11AB1F5805F94BF5B18D3
:1009A00003F5805383619A4209D0002070470369A0
:1009B000013303614269934203D000207047012054
:1009C00070470120704700BF14490020064AD368D1
:1009D0000133D360082B01D8002070471346002252
:1009E000DA600120704700BF14490020034B012248
:1009F0005A74187AB0FA80F0400970471449002000
:100A000008B502490248FFF725FA08BD0C49002045
:100A10002849002008B505490548FFF70FFA054B9E
:100A20001860003818BF012008BD00BF0C49002025
:100A3000284900201049002008B51A4B1B7AA3B1A1
:100A4000184B02221A72184B18680379ABB1012BAC
:100A50001CD00321144B1868FFF748FF114B0022EC
:100A60001A725A60FFF7CCFF08BDFFF7D3FF0028CA
:100A7000E6D10C4B00225A60F6E7FFF765FF40B164
:100A80001128E6D1074B01221A72EDE7FFF770FF3C
:100A9000F5E7044B1B7C002BE6D10021022000F07F
:100AA00005F8E1E71449002010490020831E012BBE
:100AB0002DD810B50446164B1B7A53B1022B03D127
:100AC000022807D0032818D0114B5B7CE3B9FFF74D
:100AD000B3FF10BD0F4B1868FFF752FF0028F3D08B
:100AE0000B4B00221A720B4B1868022C0AD00D21F6
:100AF000FFF7FCFEFFF784FFE6E7064B1868FFF7F9
:100B000065FFEBE71146F3E701F02EF9E1E77047E7
:100B10001449002010490020012802D0032800D0E9
:100B2000704708B5054B00225A74012814BF0020F5
:100B300001201874FFF780FF08BD00BF1449002092
:100B40002DE9F04F83B0884601929B469DF8309086
:100B50000446D0B1B4F806A0637903FB0AFAAAF1FF
:100B6000040ADA4516D9E7880BF10403B3FBF7F65C
:100B700007FB1633019A156805EB0B02524501D9A4
:100B8000AAEB0B05019A15600BE01949B620FFF797
:100B9000D7F8DFE71649C420FFF7D2F8E3E7246867
:100BA000013E002EFBD1A7EB030AAA4528BFAA46A7
:100BB000B3460DE052460146184605F0B3FA2468E4
:100BC000A5EB0A05D344BA46AF4228BFAA4633462E
:100BD0005DB108EB0B0023440433B9F1000FE9D0F9
:100BE0005246194605F09EFAE9E703B0BDE8F08FDA
:100BF000448B030008B5FFF71FFA08BDF8B501469E
:100C00004679701E0A46002301E0126801338342D0
:100C1000FBD31768002405E00D683846FFF782FA19
:100C200001342946A642F7D8F8BD2DE9F843074616
:100C3000048A231F19440331B1FBF3F8FFF740FA8C
:100C40000646F8B10025057101234371043CC480B8
:100C50005FFA88F808F1FF3807608146454511D2F0
:100C60003846FFF72DFA044640B1737901337371AA
:100C7000C9F80000076001358146EFE73046FFF70D
:100C8000BDFF26463046BDE8F88308B50121043093
:100C9000FFF790F908BD10B5044601210430FFF7B5
:100CA00094F910F0FF0F00D010BD2046FFF7A6FF0B
:100CB000FAE7000010B584B01446039200220092B7
:100CC00003AAFFF73DFF039BA34201D104B010BD6F
:100CD0000249F620FFF734F8F8E700BF448B030021
:100CE00010B584B0144603920122009203AAFFF7C4
:100CF00027FF039BA34201D104B010BD02494FF46A
:100D00008070FFF71DF8F7E7448B0300826800232B
:100D1000936082681361826853618268D3608268DD
:100D2000536082681360704738B50C46054638B189
:100D30005CB12C6023686B60626893420AD038BD56
:100D400006495020FEF7FCFFF2E704495120FEF768
:100D5000F7FFEEE700236B60F1E700BFE08B0300D5
:100D600010B5044658B1236873B1636833B1226883
:100D700091680B446360526893420AD010BD0649E3
:100D80006320FEF7DDFFEEE703496420FEF7D8FF9E
:100D9000EBE700236360F1E7E08B03000E49A1F568
:100DA0009472914215D9A1EB020C4FEADC7303EB6C
:100DB000EC035B1002EBC30C52F83330834201D9D1
:100DC0006146EEE702D20CF10802EAE7DCF8040023
:100DD00070470020704700BF10B5030008B5FFF74B
:100DE000DDFF00B108BD0148FCE700BF10B50300FE
:100DF0007047704700B583B0044B00934FF4806395
:100E0000034A00F033F803B05DF804FB150E03004D
:100E1000384900200AB3F8B50F46144603260025CA
:100E200003E00E4B01221A70B4B12246791900205A
:100E300000F0D0FD0544241A0028F2D1074B1B789E
:100E400053B1074B4FF47A4043F001039847013EFA
:100E5000E7D1024B00221A70F8BD7047384D0020D0
:100E600030B5030008B500F0EBFD08BDF0B595B056
:100E70000E4615461C460846FFF707FF0E950F94D1
:100E8000002310938DF8443012931A9A139208227B
:100E900008A93046FFF724FF0A9B0B93BDF82430C6
:100EA000ADF83030BDF82630ADF8323001238DF882
:100EB00035309DF8203003F00303012B06D0022BC0
:100EC00021D03046FFF7E7FE15B0F0BD089DC5F311
:100ED00095259DF82030C3F3C2038DF83430BDF85A
:100EE0002040C4F383140823A2000DEB0301304615
:100EF000FFF7F6FE0EAB00930BAB224602A9284685
:100F000000F020FCDDE7BDF82250C5F389159DF8FF
:100F10002030C3F3C2038DF8343008272C46082D47
:100F200028BF08243B46224602A93046FFF7D8FED8
:100F300027442D1B0EAB0BAA214602A800F064FC2F
:100F4000002DEBD1BDE7000008B5FFF78BFF0421B2
:100F5000064800F063FB002803DB054B01225A71B1
:100F600008BD04494120FEF7EBFEF6E78863030065
:100F7000382B002080900300037813F0040F19D061
:100F800003F00303012B03D0022B0AD0012070478A
:100F90000388C3F383130A68134402330B600120F0
:100FA00070474388C3F389130A68134402330B6004
:100FB0000120704700207047002002E001238BB918
:100FC000013009280CDC084BD3F81034002BF5D085
:100FD000DB681A79824201D01B68F7E70023EEE74D
:100FE0004FF0FF30704700BF3C4D002010B584B07B
:100FF0002D4C2046FEF7F4FF201FFEF7F1FFA4F56D
:101000008364A3680393DBB2023304EB8304201DE3
:1010100006E09DF80C300233244800EB83000430D6
:1010200003A9FFF7A9FF0028F3D100220BE0039BDF
:10103000591C0391DBB202331C4901EB83035B684B
:101040004DF822300132012AF1D99DF8003003F029
:101050000303012B16D0022B1ED1BDF80640BDF8AC
:101060000230C3F389130333039A02EB9302039212
:101070000F48FEF7BAFF10B10C4B039A9A60204656
:1010800004B010BDBDF80640BDF80020C2F38312C5
:10109000039B13440393EBE706494FF4C270FEF73A
:1010A0004FFE0024E4E700BF545100203C4D0020D7
:1010B000505100203C910300F0B583B006460C4629
:1010C0001746851C00238DF807300DF10700FDF74A
:1010D0003DFE1E4B5A6822609B689B1A03F5807385
:1010E00011E01B4C01212046FEF764FFFFF77EFF55
:1010F00001462046FEF75EFFA4F21C44A368626826
:101100009B1A03F58073AB42EBD30022B7B10123E6
:1011100063F3010242F0040266F389120B4841684E
:10112000CBB2023300EB83035A60294441609DF83F
:101130000700FDF71DFE012003B0F0BD022363F39D
:10114000010242F0040266F39F52E7E73C4D0020A3
:101150005851002010B5074B01221A700648FFF7BE
:1011600049FD044608B1204610BD0448FFF7CEFDF6
:10117000F9E700BF3C4D00208C62030044B503003A
:101180000248034BC01AC008704700BF88630300C1
:10119000A062030099B110B50446FFF7F1FF0023E8
:1011A00083420AD2074A32F823102268914201D0C2
:1011B0000133F5E72360002000E0052010BD00208A
:1011C000704700BF1C2B00202DE9F04706460F4654
:1011D00090461D46DDF82090040C00211A48FEF7C9
:1011E000A8FE80F3100AFFF7CBFFA04225D96B1CA5
:1011F00003EA090344EA0A42144C023304EB830372
:101200005A6005EA0905023504EB85031A7966F38D
:10121000C5021A719A8868F389129A805A6867F32E
:101220009F225A601A79012161F301021A71D2B228
:1012300022F004021A71BDE8F087054940F2A910B6
:10124000FEF77EFDD3E700BF585100203C4D002043
:101250003C91030000B583B0019001A8FFF79AFF0D
:1012600030B9019A034B53F8320003B05DF804FB28
:101270000020FAE7A0620300094B03EBC003013929
:10128000032909D8DFE801F0020A040602207047AA
:1012900018797047587970470020704704207047CC
:1012A000A0620300034B98685B68984214BF00205B
:1012B000012070473C4D00202DE9F04186B0FFF73A
:1012C000F1FF002840F01F81044690480023C0F839
:1012D0001834BFF34F8F83680593DBB2023300EB02
:1012E0008300043005E0DBB20233884800EB830062
:1012F000043005A9FFF740FE30B3844BD3F818340F
:1013000023BB824B5A68059B9A42ECD87F4B9A606C
:10131000F5E0059B591C0591DBB202337B4901EBDB
:101320008303596802AB43F822100132012AF0D935
:101330009DF8083003F00303022B09D0012B6DD078
:10134000724BD3F81044C9E00022EFE70022EDE72A
:10135000BDF80A30C3F38916B046502E28BF4FF0AF
:10136000500868F38F13ADF80A3008F10801684897
:10137000FFF75BFC05460028E2D0FFF786FC002360
:1013800008220DEB02012846FFF794FC0599CB4398
:10139000DBB201339F00B8EB830F33D91FBB5FFA79
:1013A00088F700245B49A04608233A462846FFF701
:1013B00081FC07F1080324B1424621462846FFF785
:1013C00079FC0336059B03EB96030593002DB7D0FC
:1013D0004E4BD3F81044D3F81834002B57D028467E
:1013E000FFF759FC86E0C9B20231484C04EB810199
:1013F0000431FFB25FFA88F8A8EB07085FFA88F8B3
:101400000C34D1E7CBB20233404901EB830108230E
:10141000424604312846FFF74DFCD2E7BDF80820CC
:10142000C2F38313062B28BF062363F38912ADF89A
:101430000820023399003648FFF7F7FB05460028DD
:101440003FF47EAFFFF721FC002308220DEB0201E1
:101450002846FFF72FFC002408260FE0059B5A1CA6
:101460000592DBB20233294901EB830133460422A2
:1014700011442846FFF71EFC04360134BDF808303D
:10148000C3F38313A342E9D8A0E7E3681C684CB117
:10149000E3685B79002BF8D023681B682946204657
:1014A0009847F2E72846FFF7F6FB00238DF8073050
:1014B0000DF10700FDF74AFC144BD3F8183413B9AB
:1014C000124B059A9A609DF80700FDF751FC11E058
:1014D00023689B6820469847E3681C68002CF7D176
:1014E0000D480E4BC01AC00800040D4940F0020020
:1014F00000F04CF8FFF7D6FE80F00104E4B220467D
:1015000006B0BDE8F0810024F9E700BF3C4D0020A3
:101510008C620300484D0020F0620300A0620300CB
:10152000E09103002DE9F04184B007468846164655
:101530001D46012203A91846FFF7BEFDC8B1039B53
:10154000991C4FF0000C0BE0CAB202320E4C04EBB7
:10155000820E56F82C20CEF804200CF1010C01313B
:10156000AC45F1D3FF2200922A4641463846FFF7A8
:101570002BFE054B1B781BB1FFF79EFE0028FBD10D
:1015800004B0BDE8F08100BF3C4D002008B5002349
:101590001A46FFF7C7FF08BD00B583B001920123CB
:1015A00001AAFFF7BFFF03B05DF804FB00B583B0ED
:1015B0000092019302236A46FFF7B4FF03B05DF87F
:1015C00004FB00B585B001920293069B03930323AD
:1015D00001AAFFF7A7FF05B05DF804FB00B585B0D1
:1015E00000920193069B0293079B039304236A4690
:1015F000FFF798FF05B05DF804FB00B587B00192D6
:101600000293089B0393099B04930A9B059305236C
:1016100001AAFFF787FF07B05DF804FB10B5044689
:10162000FFF7CAFCB0F1FF3F0ED0E36818710A4B18
:10163000D3F810344BB1DA68E36812681A60064BCD
:10164000D3F81034DB681C6010BD034BC3F81044A2
:10165000E36800221A60F7E73C4D002010B5094B03
:10166000D3F8104401221A7008E0E36801225A718D
:1016700023685B6820469847E3681C68002CF4D117
:1016800010BD00BF3C4D002070B582B004460D4631
:10169000C388A3B9217A05290FD0637ABBB9227A0E
:1016A000104B53F822600021A088FFF7D3FD0346BA
:1016B00032460D492846FEF773FD02B070BD0B4A55
:1016C00000920B4A0B492846FEF76AFDE2E7A08824
:1016D000FFF7D2FD084B53F8202008492846FEF7B3
:1016E0005FFDDCE774B50300249203001892030049
:1016F000F89103000092030050B50300209203000C
:1017000010B50C46037A052B0FD0437A3BB90A4932
:101710002046FEF745FD2046FEF72EFD10BD074A88
:1017200007492046FEF73CFDF1E7002AF3D00249C5
:101730002046FEF735FDEEE7FC6903001892030032
:10174000209203002DE9F04385B081460D46904676
:101750001E460C9C277B0023237321463046FFF74F
:1017600093FFB8F1060F09D8DFE808F00411171E3F
:1017700027323F0049462046FEF712FD002221464F
:101780003046FFF7BDFF277305B0BDE8F0832A6838
:1017900049462046FEF704FDF0E76B682A68494693
:1017A0002046FEF7FDFCE9E7AB6800936B682A680A
:1017B00049462046FEF7F4FCE0E7EB680193AB688E
:1017C00000936B682A6849462046FEF7E9FCD5E796
:1017D0002B690293EB680193AB6800936B682A68EE
:1017E00049462046FEF7DCFCC8E76B6903932B698A
:1017F0000293EB680193AB6800936B682A684946D3
:101800002046FEF7CDFCB9E7082900D970472DE93D
:10181000F04707460E4690461D4693F80C9000246C
:101820001C7319461046FFF72FFF04E01C49284699
:10183000FEF7B6FC0134072C07D8B442F6D23A5D65
:1018400018492846FEF7ACFCF4E717492846FEF78E
:10185000A7FC002407E04FF02E0A52461349284601
:10186000FEF79EFC0134072C11D8B4420AD2385D31
:101870007E28F0D8824604F0E7F80028EDD14FF03A
:101880002E0AEAE70A492846FEF78AFCEAE701221F
:1018900029464046FFF734FF85F80C90BDE8F087F5
:1018A00038920300309203003C9203004092030000
:1018B000449203000369C268934204D881688A1A7B
:1018C0001344581E7047981A013870472DE9F843A1
:1018D000044688461646C5688768A7EB0509914502
:1018E00007D94068284404F01DFC3544E560BDE894
:1018F000F88340684A46284404F014FCED1B354444
:101900002A4608EB0901606804F00CFCE560EEE78C
:101910002DE9F843064688461746C5684FF000098A
:1019200018E05B1B5A1EB3685C1B944228BF144628
:10193000BC4228BF3C46706822464146284404F019
:10194000F1FBA144A0443F1B2544B368AB4209D03E
:10195000F5604FB133699D42E3D3B2685B1B1A4413
:10196000013AE0E70025F3E74846BDE8F8830000C8
:10197000124B02221A615A6111499961114ADA61C6
:101980004FF400721A6200229A625A62DA62996413
:101990000D49D964102119659A655A65DA650B4AB3
:1019A0001068C3F807000A4A92E80300186099809B
:1019B000090C997120229A71704700BFD4540020FD
:1019C00098920300D4520020C4520020A492030035
:1019D000A8920300F8B50F461646441C04EB4404D5
:1019E000164B03EBC40400EB400003EBC003DD6ABD
:1019F000012D0ED0022D1AD0F5B92046FFF75AFF5F
:101A0000864212D8324639462046FFF75FFF3546F8
:101A10000BE02046FFF74EFF3546864228BF0546BD
:101A20002A4639462046FFF751FF2846F8BD204692
:101A3000FFF76EFF0546F8E70025F6E7D4540020CF
:101A400008B5FFF795FF08BD002807DB00F01F026F
:101A5000400901239340024A42F82030704700BFFA
:101A600000E100E000280CDB00F01F024009012328
:101A700093402030034A42F82030BFF34F8FBFF32A
:101A80006F8F704700E100E0002807DB00F1604045
:101A900000F5614090F800034009704700F00F0026
:101AA000014B185C4009704714ED00E010DF7047EF
:101AB00011DF70471F2808DD3F280CDC2038012388
:101AC000834014BF012000207047044B23FA00F02C
:101AD00000F0010070470120704700BFFC06FFBD09
:101AE00038B50446FFF7E6FFE8B12046FFF7CCFF24
:101AF00007281CD8EC23034113F0010F1AD00F4B19
:101B00009D6865B16009194653F8203004F01F0440
:101B10000122A240134341F82030002505E0204671
:101B2000FFF792FF01E042F20105284638BD42F27C
:101B30000205FAE742F20205F7E700BF704800200D
:101B400038B50446FFF7B6FFA8B10C4B9D6875B1D8
:101B50006009194653F8203004F01F040122A24006
:101B600023EA020341F820300025284638BD2046EC
:101B7000FFF778FFF9E742F20105F6E77048002029
:101B800070B582B00646154D154BED1AED082D04C3
:101B900045F00405024613492846FFF7FDFC1249AB
:101BA0006846FFF7C1F807E0224610492846FFF7CC
:101BB000F3FC6846FFF7D4F8019C64B123686168C0
:101BC000304698470028EFD1224609492846FFF7BA
:101BD000E3FC112000E0002002B070BD2863030088
:101BE000A0620300B0920300A0B50300C8920300F6
:101BF000E892030010B582B004460E480E4BC01A9E
:101C0000C008000422460D4940F00400FFF7C4FC60
:101C10000B496846FFF788F806E01A6859682046BD
:101C200090476846FFF79CF8019B002BF5D102B066
:101C300010BD00BF28630300A06203000C930300E3
:101C400094B5030008B51620FFF74AFF00B908BD98
:101C5000024AA121FCF706FFF9E700BF2493030025
:101C600008B51620FFF76CFF00B908BD024AAD2188
:101C7000FCF7F8FEF9E700BF2493030010B582B02B
:101C80001B4B1B7873BB1B4B01221A700020FFF704
:101C900077FF11282AD00020FFF7ACFF164B1B68F6
:101CA000019300238DF803300DF10300FDF74EF88A
:101CB000124901A8FFF7FAFE0446B0FA80F0400985
:101CC0000B4B18709DF80300FDF752F85CB9002328
:101CD000084A13700A4A1370FFF7B4FF0120FFF798
:101CE00089FF00E00824204602B010BD0024FAE776
:101CF0004E5500204C550020ACB5030081EA02008F
:101D00004D55002030B583B0154B1B7813B301201F
:101D1000144B1870FFF734FF11281FD00220FFF773
:101D200069FF00258DF807500DF10700FDF70EF84B
:101D3000FFF7BEFE04460A4B1D709DF80700FDF735
:101D400017F844B9074B1D70FFF78AFF0320FFF710
:101D500051FF00E00824204603B030BD0024FAE71C
:101D60004E5500204C55002008B5074B1B7843B159
:101D7000064B1B7813B1FFF7C5FF08BDFFF77EFFC9
:101D8000FBE70820F9E700BF4C5500204E55002026
:101D9000014B1878704700BF4E55002000B583B046
:101DA00008496846FEF7C0FF05E01A685868904782
:101DB0006846FEF7D5FF019B002BF6D103B05DF816
:101DC00004FB00BF88B5030008B5FFF7E7FF08BDB7
:101DD00060DF704769DF704761DF70474FF0805305
:101DE000D3F80C01800200F100507047164B1B78AD
:101DF00043B300B5ADF5017D09E01A68596803A841
:101E0000904701A8FEF7ACFF029B002BF5D14FF4E1
:101E1000FA73ADF802300DF1020103A8FFF7DCFF01
:101E200020B90A4901A8FEF77FFFEDE7052803D195
:101E30000DF5017D5DF804FB054A40F23B11FCF70E
:101E400011FEF5E7704700BF4F550020B0B5030005
:101E5000C893030018B1034A0260002070470E20A7
:101E6000704700BF082B0020F0B585B005460C4632
:101E70000846FFF7EFFF064610B1304605B0F0BD4B
:101E800000230193029303938DF8045001238DF8EE
:101E900006300623ADF80830226801A92020FFF79C
:101EA00099FF002858D10023019302930393012343
:101EB0008DF80530226801A94020FFF78BFF00282C
:101EC00058D100230193029303938DF80450F72314
:101ED000ADF80630226801A92320FFF77BFF002818
:101EE00056D1002301930293039303238DF804300A
:101EF000226801A90120FFF76DFF002856D10023B9
:101F00000193029303934FF4B0630193226801A9F4
:101F1000A120FFF75FFF002856D100230193029311
:101F200003939DF8043043F001038DF804302268D8
:101F300001A9A020FFF74EFF00289ED0294C2A4A75
:101F4000A41AE4082404FEF749FF0246274944F096
:101F50000100FFF721FB90E7224F234ABF1AFF0839
:101F60003F04FEF73BFF0246214947F00100FFF71F
:101F700013FB98E71B4F1C4ABF1AFF083F04FEF7EC
:101F80002DFF02461B4947F00100FFF705FB98E7CC
:101F9000144D154AAD1AED082D04FEF71FFF024639
:101FA000154945F00100FFF7F7FA9AE70D4D0E4A83
:101FB000AD1AED082D04FEF711FF02460F4945F05A
:101FC0000100FFF7E9FA9AE7064D074AAD1AED0856
:101FD0002D04FEF703FF0246094945F00100FFF713
:101FE000DBFA9AE730630300A0620300E495030084
:101FF00068940300B0940300FC940300449503002C
:1020000090950300F8B504460768FFF7E1FE054622
:102010002368BB4205D8F5B9164B01221A70284631
:10202000F8BD154E154BF61AF608360446F00206B2
:1020300013493046FFF7AAFA23683A461149304659
:10204000FFF7B4FAFFF7CAFE2268821A0E4930463B
:10205000FFF7A2FADFE7084C084BE41AE40824046F
:102060002846FEF7BBFE0246084944F00100FFF790
:1020700093FAD4E74F55002030630300A0620300B9
:1020800038960300689603009C960300C8960300E8
:102090004BDF704700B585B009E01A6859680198B0
:1020A000904702A8FEF75CFE039B002BF5D101A828
:1020B000FFF7EEFF78B90D480D4BC01AC0080004B9
:1020C000019A0C4940F00400FFF766FA0A4902A899
:1020D000FEF72AFEE8E7052802D105B05DF804FB0B
:1020E000064A6B21FCF7BEFCF7E700BF386303002C
:1020F000A0620300F4960300BCB503000897030038
:10210000FEE77047704738B50C464568284600F032
:1021100059F8E1B2022906D004290BD141682846BA
:10212000F6F72BF806E000F087F8002203210846B6
:10213000F5F7BCFF38BD08B500F0A8F808BD38B504
:102140000C464568284600F03DF8E1B2062906D065
:10215000072908D101682846F6F70FF803E001685F
:102160002846F6F70AF838BD08B500F0BDF808BDF6
:1021700002460C4942F8141B426000228260C26091
:10218000094A0261094A0260094A426180610949BB
:10219000C1610949416102624062084A8262084A9B
:1021A00002627047C4B10300B4970300F8B503009E
:1021B000B0B10300C4970300D0B503004071030021
:1021C000E4B50300034600F1140202480260203324
:1021D000436070475055002008B50948094BC01AA4
:1021E000C0080004084940F00400FFF7CFF9074891
:1021F000F6F75BF8002207210320F5F757FF08BD2B
:10220000F0620300A0620300CC9703005855002041
:1022100000B583B0054B0093002342F210720449CD
:102220000448F5F7D1FF03B05DF804FBD9210300A2
:10223000E49703005855002008B50248F6F7AAF9BC
:1022400008BD00BF09240300014B1860704700BFA0
:10225000402B002008B50848084BC01AC0080004ED
:10226000074940F00400FFF791F9064B196806484A
:10227000F5F7D7FF08BD00BFF0620300A0620300BE
:10228000F4970300402B00205855002008B507485C
:10229000074BC01AC0080004064940F00400FFF7CD
:1022A00075F9F6F7FBF8FFF7D5FF08BDF0620300FC
:1022B000A06203007C68030008B50748074BC01AFA
:1022C000C0080004064940F00400FFF75FF9054824
:1022D000F5F7C2FF08BD00BFF0620300A062030073
:1022E0000C9803005855002008B50748074BC01A42
:1022F000C0080004064940F00400FFF747F9F6F76C
:10230000EDF8FFF7D9FF08BDF0620300A0620300FB
:102310002498030008B5114682189378D27843EACE
:1023200002231BB213F5716F00D008BD01F10C033D
:10233000C35C03F0010C204A82F800C0C3F3400CD8
:1023400082F801C0C3F3800C82F802C0C3F3C00C52
:1023500082F803C0C3F3001C82F804C0C3F3401C1E
:1023600082F805C0C3F3801393710844437A03EBEA
:1023700083035B001381837A03EB83035B00538148
:10238000C37A03EB83035B00938143794FF0640CC2
:102390000CFB03F381790CFB01F143EA0143136168
:1023A0000023536108210320F5F796FE034B1968BB
:1023B0000348F5F75FFFB8E78C550020402B00205D
:1023C00058550020F8B507460E46002503E02C447A
:1023D000A4B20134A5B2B5420FD22B467C5D64B1E4
:1023E0002A19B24209DA0133FB5CFF2BEFD12A46EE
:1023F00031463846FFF78EFFE9E7F8BD08B50179A9
:102400000068FFF7DFFF08BD08B50378042B13D879
:10241000DFE803F013121E2903001548154BC01AFC
:10242000C0080004144940F00400FFF7AFF8002290
:1024300007210320F5F73AFE08BD0D480D4BC01AE1
:10244000C00800040D4940F00400FFF79FF8F3E7CF
:102450000748084BC01AC0080004094940F00400AE
:10246000FFF794F8E8E74068FFF7C8FFE4E700BF2C
:10247000F0620300A0620300349803004498030054
:102480005498030008B5FFF7C3FE08BD70B50546B4
:102490000C46164600F022F83246214600F05EF85F
:1024A00021462846F5F72EFE70BD000010B5044603
:1024B000F5F7E2FD014B2360204610BD04B6030092
:1024C00010B50446FFF7F2FF04F15C00F5F7EDFCF0
:1024D00004F6EC10FFF74CFE204610BD08B50A4B81
:1024E0001B68BFF35B8F13F0010F01D0074808BDD5
:1024F000054803F079FE0028F8D00448FFF7E0FF14
:10250000014803F085FEF1E7C4550020C8550020BE
:1025100038B504460D4B0E4A9B1ADB081B040D49C7
:1025200043F00300FFF732F804F15C050A4A052185
:102530002846F5F7CFFC2A4603212046F5F7A4FDEF
:1025400004F6EC10F5F72DFE38BD00BFF062030075
:10255000A06203006C9803008898030008B500F699
:10256000EC10F5F702FE08BD08B5C06800F0CAFA25
:102570000548064BC01AC0080004054940F0040095
:10258000FFF704F808BD00BFF0620300A06203007B
:102590008C980300F8B50D464668284C284BE41A81
:1025A000E408240444F0040426492046FEF7EEFF24
:1025B000304600F099F90746E9B20D2939D8DFE82D
:1025C00001F0070C38113838161B24383829382EFA
:1025D0001D492046FEF7DAFFF8BD1C492046FEF7EC
:1025E000D5FFF9E741683046F5F7C7FDF4E718492C
:1025F0002046FEF7CBFFEFE716492046FEF7C6FF61
:1026000039683046F5F7B9FDE6E713492046FEF78D
:10261000BDFFE1E711492046FEF7B8FFDCE71049AE
:102620002046FEF7B3FF002204210846F5F73EFDE1
:10263000D2E70C495520FDF783FBCDE7F06203009C
:10264000A0620300B8980300F098030014990300F7
:102650003499030078990300B8990300F4990300B2
:102660003C9A03007C9A030008B5C06800F062FA47
:102670000548064BC01AC0080004054940F0040094
:10268000FEF784FF08BD00BFF0620300A0620300F4
:10269000089B030008B5C06800F004FA0548064B23
:1026A000C01AC0080004054940F00400FEF76EFFA0
:1026B00008BD00BFF0620300A0620300349B03006A
:1026C00070B50D4646681E4C1E4BE41AE4082404FF
:1026D00044F004041C492046FEF758FF304600F041
:1026E00003F9E9B20D2926D8DFE801F0070C250B24
:1026F0001125162525252525251B14492046FEF7DD
:1027000045FF70BD12492046FEF740FFF9E701681A
:102710003046F5F732FDF4E781683046F5F72DFDD8
:10272000EFE70C492046FEF731FF0022042108465E
:10273000F5F7BCFCE5E708494920FDF701FBE0E7B8
:10274000F0620300A0620300589B0300F0980300AE
:1027500014990300889B0300C09B030008B5C06860
:1027600000F0B8F90548064BC01AC0080004054936
:1027700040F00400FEF70AFF08BD00BFF06203004E
:10278000A0620300409C030008B50548054BC01A31
:10279000C0080004044940F00400FEF7F7FE08BD3D
:1027A000F0620300A0620300609C030008B50548C6
:1027B000054BC01AC0080004044940F00400FEF7AD
:1027C000E5FE08BDF0620300A0620300809C0300E8
:1027D000F8B505460F4646681C4C1D4BE41AE40844
:1027E000240444F004041B492046FEF7CFFE304683
:1027F00000F07AF8F9B20B2923D8DFE801F0060BD4
:1028000010180A221D220A0A220A13492046FEF73E
:10281000BDFEF8BD11492046FEF7B8FEF9E7E868AD
:1028200000F02AF90E492046FEF7B0FEF1E74168B4
:102830003046F5F7A2FCECE781683046F5F79DFCE1
:10284000E7E708495220FDF77BFAE2E7F062030070
:10285000A0620300A09C0300F098030014990300F9
:10286000C89C0300E89C030038B504460346144A9C
:1028700043F8142B436000238360C360114B036152
:10288000114B0360114D45618061114BC361114BC8
:10289000436100F04BF820626562A4620E4BE36274
:1028A0000E4B636200F042F820636563A4630C4B37
:1028B000E3630C4B636300F039F82064204638BDB5
:1028C000C4B10300689D03004CB60300B0B103001F
:1028D0006C9D030038B60300749D030024B603000A
:1028E0007C9D030010B60300034600F11402044867
:1028F000026003F12402426034338360704700BFFA
:10290000E05F002010B50446142343600923836070
:102910001523C360162303610A23436102238361E5
:102920001C30F5F753FD204610BD000008B50A4BDA
:102930001B68BFF35B8F13F0010F01D0074808BD80
:10294000054803F051FC0028F8D00448FFF7DAFFEF
:10295000014803F05DFCF1E7EC5F0020F05F002030
:102960002DE9F04399B005463C483D4BC01AC008DC
:1029700000043C4940F00400FEF708FE12AB0024BE
:102980001294139414941594169417940127139782
:1029900014976A68129218AA12E903008DE80300DE
:1029A0000FCBF6F7B3F821466868F6F78EF80CAB54
:1029B0000C940D940E940F94109411940D970E97FF
:1029C000AA680C9210AA92E803008DE803000FCBCE
:1029D000F6F79CF82146A868F6F777F8224BD3F86B
:1029E0000080ADF82C804FEA18498DF82E90032610
:1029F0008DF82D601D4B0B9A3146E868F6F7A3F869
:102A0000ADF828808DF82A908DF82960184B0A9A25
:102A100031462869F6F797F8ADF824808DF82690AE
:102A20008DF82560134B099A31466869F6F78BF8E3
:102A300003AB0394049405940694079408940597B3
:102A40000696AA69039207AA92E803008DE803009C
:102A50000FCBF6F75BF819B0BDE8F083F062030026
:102A6000A0620300909D030050B60300CD2B03002D
:102A7000212C0300692C030010B50446064B074ABD
:102A80009B1ADB081B04064943F00400FEF77EFD99
:102A90002046FFF765FF10BDF0620300A06203004F
:102AA000AC9D030010B50446074B084A9B1ADB088F
:102AB0001B04074943F00400FEF768FD012160682C
:102AC000F6F703F810BD00BFF0620300A062030038
:102AD000C09D030010B50446074B084A9B1ADB084B
:102AE0001B04074943F00400FEF750FD0021606815
:102AF000F5F7EBFF10BD00BFF0620300A06203001A
:102B0000E49D030010B50446074B084A9B1ADB08F6
:102B10001B04074943F00400FEF738FD0121A068BB
:102B2000F5F7D3FF10BD00BFF0620300A062030001
:102B3000089E030010B50446074B084A9B1ADB08A1
:102B40001B04074943F00400FEF720FD0021A068A4
:102B5000F5F7BBFF10BD00BFF0620300A0620300E9
:102B60002C9E030008B51C30F5F776FC0548064B93
:102B7000C01AC0080004054940F00400FEF706FD35
:102B800008BD00BFF0620300A0620300509E030076
:102B900010B504460A4B0B4A9B1ADB081B040A4972
:102BA00043F00400FEF7F2FCE068F5F789FF012826
:102BB00000D010BD00220B210420F5F777FAF8E7CA
:102BC000F0620300A0620300709E030008B5FFF7E7
:102BD000ADFEFFF7DDFF08BD10B504460D4B0E4AF4
:102BE0009B1ADB081B040D4943F00400FEF7CEFCE2
:102BF0002069F5F765FF012805D00022082104208F
:102C0000F5F754FA10BD002207210420F5F74EFA1B
:102C1000F8E700BFF0620300A0620300A49E030077
:102C200008B5FFF783FEFFF7D7FF08BD10B50446D0
:102C30000A4B0B4A9B1ADB081B040A4943F00400A9
:102C4000FEF7A4FC6069F5F73BFF00B110BD002260
:102C500009210420F5F72AFAF8E700BFF062030023
:102C6000A0620300D09E030008B5FFF75FFEFFF7E8
:102C7000DDFF08BD38B50C4615460848084BC01A9C
:102C8000C0080004074940F00400FEF77FFC00F094
:102C900023F82A46214600F04FF838BDF0620300C1
:102CA000A0620300009F030010B50446F5F7E4F9A5
:102CB000014B2360204610BD5CB6030010B50446EE
:102CC000FFF7F2FF04F15C00F5F7EFF804F6EC1003
:102CD000FFF7CAFD204610BD08B50A4B1B68BFF3BD
:102CE0005B8F13F0010F01D0074808BD054803F0C2
:102CF0007BFA0028F8D00448FFF7E0FF014803F012
:102D000087FAF1E7706000207460002038B504464F
:102D100000F15C05074A01212846F5F7DBF82A4651
:102D200004212046F5F7B0F904F6EC10F5F739FA6E
:102D300038BD00BF689D030008B500F6EC10F5F73C
:102D400014FA08BD08B50548054BC01AC0080004B0
:102D5000044940F00400FEF719FC08BDF0620300CE
:102D6000A0620300189F030010B50446064B074AF3
:102D70009B1ADB081B04064943F00400FEF706FC1F
:102D8000E06800F0C3FB10BDF0620300A062030026
:102D90003C9F03002DE9F84306460D4690464768E0
:102DA000394C3A4BE41AE408240444F0040438494A
:102DB0002046FEF7EBFB384600F034F9EDB20E2D5D
:102DC0000DD8DFE805F0080E0C13180C1D26303A5C
:102DD0000C483F4D57002F492046FEF7D7FBBDE872
:102DE000F8832D492046FEF7D1FBF8E72B49204612
:102DF000FEF7CCFBF3E72A492046FEF7C7FBEEE7D8
:102E0000F06800F0F7FA002208210220F5F74EF9E9
:102E1000E5E78146F06800F0C7FDD9F800103846B4
:102E2000F5F7ABF9DBE71F492046FEF7AFFB0022C1
:102E300007210220F5F73AF9D1E71B492046FEF7B2
:102E4000A5FBCCE719492046FEF7A0FB0021F0685E
:102E500000F060FDC3E716492046FEF797FBBEE78A
:102E600014492046FEF792FB002207210220F5F7C5
:102E70001DF9B4E710492046FEF788FB5FFA88F198
:102E8000F06800F047FDAAE7F0620300A0620300CB
:102E9000609F0300909F0300B49F0300D49F030032
:102EA000F89F03001CA0030058A0030080A00300AB
:102EB000CCA0030010A1030048A1030008B50548F9
:102EC000054BC01AC0080004044940F00400FEF796
:102ED0005DFB08BDF0620300A062030080A1030057
:102EE00008B50548054BC01AC0080004044940F065
:102EF0000400FEF74BFB08BDF0620300A062030074
:102F0000A0A10300F8B505460F4646681A4C1B4BB6
:102F1000E41AE408240444F0040419492046FEF7A6
:102F200035FB304600F07EF8F9B20C290CD8DFE80A
:102F300001F0070C11190B0B0B0B0B0B0B0B1E00ED
:102F400010492046FEF722FBF8BD0F492046FEF748
:102F50001DFBF9E70D492046FEF718FBE86800F075
:102F6000D1FEF1E7C1683046F5F707F9ECE7816873
:102F70003046F5F702F9E7E7F0620300A0620300CC
:102F8000C0A10300909F0300B49F0300E8A10300C9
:102F900038B504460346174A43F8142B4360002310
:102FA0008360C360144B0361144B0360144D45618F
:102FB0008061144BC361144B436100F0B3F920628C
:102FC0006562A462114BE362114B63622563646323
:102FD000104BA363104B236300F0A4F9E063256456
:102FE00064640E4BA3640E4B236400F09BF9E06411
:102FF000204638BDC4B1030008A2030090B6030008
:10300000B0B103006C9D03007CB603000CA203006A
:10301000B0B6030014A203009CB6030020A2030074
:1030200068B60300034600F114020548026003F18C
:103030002402426003F1300282604033C360704773
:10304000A46A002008B50548054BC01AC008000452
:10305000044940F00400FEF799FA08BDF06203004D
:10306000A06203002CA2030010B50446064B074AD9
:103070009B1ADB081B04064943F00400FEF786FA9E
:10308000E06800F043FA10BDF0620300A0620300A4
:1030900050A203002DE9F04105460F4646682F4C2B
:1030A0002F4BE41AE408240444F004042D4920467C
:1030B000FEF76CFA3046FFF7B5FF8046F9B20D29EE
:1030C0000CD8DFE801F0070D0B121C0B262B410B6F
:1030D0000B0B0B3424492046FEF758FABDE8F0816B
:1030E00022492046FEF752FAF8E721492046FEF72A
:1030F0004DFAD8F80C103046F5F73FF8EEE71D49C9
:103100002046FEF743FAD8F80C103046F5F735F8AC
:10311000E4E719492046FEF739FADFE7E86800F0EE
:1031200043FCD8F800103046F5F727F8D6E71349E6
:103130002046FEF72BFAE86800F036FAD8F80010BF
:103140003046F5F71AF8C9E70D492046FEF71EFA92
:10315000002207210220F4F7A9FFBFE7F062030075
:10316000A062030050A2030070A20300A4A2030007
:10317000D4A2030008A3030038A3030010A1030096
:103180001CA0030008B50548054BC01AC008000480
:10319000044940F00400FEF7F9F908BDF0620300AD
:1031A000A06203006CA3030008B50548054BC01AD4
:1031B000C0080004044940F00400FEF7E7F908BD28
:1031C000F0620300A06203008CA3030070B50D46FB
:1031D00046681D4C1D4BE41AE408240444F0040422
:1031E0001B492046FEF7D2F93046FFF71BFFE9B234
:1031F00008290AD8DFE801F0050A090F1409191E89
:10320000230014492046FEF7C1F970BD124920463B
:10321000FEF7BCF9F9E711492046FEF7B7F9F4E7E4
:103220000F492046FEF7B2F9EFE70E492046FEF7B8
:10323000ADF9EAE70C492046FEF7A8F9E5E70B49A6
:103240002046FEF7A3F9E0E7F0620300A062030066
:10325000ACA30300909F0300B49F0300D49F03001E
:10326000F89F0300D4A30300F8A303001CA40300E9
:1032700008B50A480A4BC01AC0080004094940F0C2
:103280000400FEF783F9F5F745FF012800D008BDDB
:1032900000220D210220F4F71FFFF8E7F06203007F
:1032A000A062030044A4030000B583B00E4B00935A
:1032B00001234FF4FA720D490D48F4F785FF0D4BC9
:1032C0000093002341F288320B490C48F4F77CFF4D
:1032D0000B4B009301234FF4FA620A490A48F4F7B2
:1032E00073FF03B05DF804FB793403006CA40300A2
:1032F000206B0020713203007CA40300EC6A0020E4
:10330000C93C030094A40300B86A002010B5044629
:103310000830F5F7E1F904F51870F5F73DFF2046A0
:1033200010BD000008B50A4B1B68BFF35B8F13F09C
:10333000010F01D0074808BD054802F055FF0028DD
:10334000F8D00448FFF7E2FF014802F061FFF1E71F
:10335000546B0020586B002010B582B01D4C1E4BE2
:10336000E41AE408240444F004041C492046FEF74F
:103370000DF91B492046FEF709F91A492046FEF7C8
:1033800005F9194B03F1100292E803008DE80300E0
:103390000FCBF5F7BBFB01212F20F5F796FB134B65
:1033A00003F1100292E803008DE803000FCBF5F75C
:1033B000ADFB01210520F5F788FB0D4B03F1100251
:1033C00092E803008DE803000FCBF5F79FFB02B0F6
:1033D00010BD00BFF0620300A0620300A8A40300B8
:1033E000C4A40300F0A40300ECB60300D4B60300A9
:1033F000BCB6030008B500F51870F5F721FE0548C6
:10340000054BC01AC0080004044940F00400FEF750
:10341000BDF808BDF0620300A06203001CA5030014
:1034200008B500F51870F5F771FE0548054BC01A90
:10343000C0080004044940F00400FEF7A7F808BDE6
:10344000F0620300A062030038A5030010B5044633
:10345000F5F760FE20600548054BC01AC00800045F
:10346000044940F00400FEF791F810BDF06203003B
:10347000A062030058A5030010B5084C2046FFF7D2
:10348000E5FF0748074BC01AC00800042268064938
:1034900040F00400FEF780F810BD00BFB46A0020C1
:1034A000F0620300A062030078A5030008B5074896
:1034B000074BC01AC0080004064940F00400FEF79C
:1034C00065F80548F4F79AFE08BD00BFF0620300F6
:1034D000A06203009CA50300EC6A002008B5074821
:1034E000074BC01AC0080004064940F00400FEF76C
:1034F0004DF80548F4F782FE08BD00BFF0620300F6
:10350000A0620300C4A50300206B002010B5044690
:1035100000F51870F5F788FD2046FFF7C7FF204635
:10352000FFF7DCFF0548064BC01AC0080004054938
:1035300040F00400FEF72AF810BD00BFF06203005F
:10354000A0620300E8A5030008B50748074BC01AAE
:10355000C0080004064940F00400FEF717F80548CB
:10356000F4F77AFE08BD00BFF0620300A06203001A
:1035700000A60300206B002008B50748074BC01ABF
:10358000C0080004064940F00400FDF7FFFF0548AD
:10359000F4F734FE08BD00BFF0620300A062030030
:1035A00024A60300B86A002008B50748074BC01AD4
:1035B000C0080004064940F00400FDF7E7FF054895
:1035C000F4F74AFE08BD00BFF0620300A0620300EA
:1035D00058A60300B86A002010B52DED028B8A1A98
:1035E00007EE902AF8EEE77A401A07EE100AB8EED6
:1035F000C77A9FED376AC7EE066A87EEA68A354C12
:10360000354BE41AE4082404FCEEC87A17EE902A3D
:10361000324944F00300FDF7BFFFDFED317AB4EE2D
:10362000E78AF1EE10FA4CDADFED2E7AB4EEE78A93
:10363000F1EE10FA48D9002300E00133032B36D80D
:10364000294A02EBC302526807EE902AB8EE677A65
:10365000B4EEC87AF1EE10FAEFDB581C224901EB08
:10366000C001496807EE901AF8EE677AF4EEC87A5E
:10367000F1EE10FAE1D81C4C14F9300014F9333093
:10368000C01A07EE900AF8EEE76A521A07EE902A7F
:10369000F8EE677A37EE487A06EE103AB8EEC60AC8
:1036A00087EE276A66EE267A30EE270A06E00F4993
:1036B00044F00100FDF76AFF9FED0D0ABDEC028B9F
:1036C00010BDB3EE040AF9E79FED090AF6E700BF63
:1036D00000EC4247F0620300A062030088A60300EA
:1036E00000E0F64700FE034704B70300B0A603005E
:1036F0000000484230B52DED028B89B0F4F7CEFAC8
:1037000000F060FB02AC724D0FCD0FC495E80300D2
:1037100084E80300BDF81420BDF81210BDF81000B5
:10372000FFF75AFFB0EE408A6A4C6B4BE41AE4088C
:10373000240444F00305FCEEC07A17EE902A674992
:103740002846FDF729FFDFED667AB4EEE78AF1EE51
:1037500010FA47DADFED637AB4EEE78AF1EE10FA99
:1037600006DBDFED5F7AB4EEE78AF1EE10FA64D49F
:10377000DFED5D7AB4EEE78AF1EE10FA07DDDFEDFA
:10378000597AB4EEE78AF1EE10FA00F18480DFEDA9
:10379000577A68EE277AFDEEE77A17EE903A5449A9
:1037A00081FB0321DA17C2EB6112642101FB1232A3
:1037B0000092FDEEC87A17EE903A24224D49284631
:1037C000FDF7FFFE4C4B1B789BB34C492846FDF799
:1037D000DDFE002203210220F4F77EFC464B00228E
:1037E0001A7026E044F00104DFED407A68EE277A93
:1037F000FDEEE77A17EE902A3D4981FB0231D3179F
:10380000C3EB6113642101FB1323FDEEC87A17EEAD
:10381000902A3B492046FDF7C9FE3A492046FDF76C
:10382000B5FE002203210120F4F756FC324B0122A1
:103830001A7009B0BDEC028B30BDDFED2C7A68EE5A
:10384000277AFDEEE77A17EE902A294981FB0231AB
:10385000D317C3EB611327210091642101FB1323CC
:10386000FDEEC87A17EE902A274944F00200FDF7D2
:10387000A8FE214B1B78002BDBD1244944F001002A
:10388000FDF784FE002207210220F4F725FC1A4BE5
:1038900001221A70CDE7DFED157A68EE277AFDEE8A
:1038A000E77A17EE903A124981FB0321DA17C2EB4F
:1038B0006112642101FB12320092FDEEC87A17EE0C
:1038C000903A242212492846FDF77BFEB1E700BF5B
:1038D0008C550020F0620300A062030008A70300DB
:1038E0000000244200001C42000010420000C842B8
:1038F0001F85EB5194A80300DC700020E0A80300B2
:103900002CA7030068A70300B4A7030004A80300C2
:1039100048A8030038B504460D46084B084A9B1AD0
:10392000DB081B04074943F00400FDF72FFE29467E
:1039300004F51870F5F703FC38BD00BFF062030012
:10394000A06203002CA9030008B500230C4A1370E1
:103950000C4A13700C4A13700C4A13700C4A137003
:103960000C4A13700C4A13700C480D4BC01AC00857
:1039700000040C4940F00300FDF708FE08BD00BF3D
:10398000DA700020D9700020D8700020D770002095
:10399000D6700020D5700020D4700020F0620300A3
:1039A000A062030058A9030010B5044600F5187082
:1039B000F5F740FB2046FFF7C7FDFFF7C5FF2046A0
:1039C000FFF7F2FD0548064BC01AC0080004054980
:1039D00040F00400FDF7DAFD10BD00BFF062030007
:1039E000A062030090A9030008B502460E21022040
:1039F000F4F772FB08BD00002DE9F04188B00DF12D
:103A0000080C934C0FCCACE80F0094E803008CE852
:103A100003009DF80A703D1E18BF01258D4C8E4B8A
:103A2000E41AE408240444F003088C4E8C4B1B7801
:103A3000009333782A468B494046FDF7C2FD337820
:103A4000042B13D8DFE813F0050017004A007D00AF
:103A5000F000834C00202070FFF7C6FF22788249D7
:103A60004046FDF799FD7D4B01221A707F4B1D707A
:103A700008B0BDE8F0818FB9794B1B787C4A127889
:103A800093421BD20133D8B2754C2070FFF7ACFFC4
:103A9000227878494046FDF77FFDE7E7704C2278B1
:103AA00075494046FDF778FD2278744B1A70744BC7
:103AB00000221A70694B02221A70D7E7714944F04C
:103AC0000200FDF763FD664C00202070FFF78CFFBD
:103AD00022786D494046FDF75FFDC7E747B3684C64
:103AE00022780132D2B222705D4B1B786749404682
:103AF000FDF75CFD2378092BB8D9594B1A785C4B3C
:103B00001B789A420CD262494046FDF73FFD0023E4
:103B1000604A1370604A1370504B03221A70A5E775
:103B20005E494046FDF732FD4C4B04221A709DE77A
:103B30005B4944F00200FDF729FD484B00221A7052
:103B400094E74A4B1B78AB4215D1002F52D04C4A18
:103B500013780133DBB21370092B87D9404C2278DC
:103B600050494046FDF718FD2278444B1A703B4BF4
:103B700004221A707AE7484E32780132D2B232709B
:103B800049494046FDF708FD3378022B7FF66EAFBA
:103B9000404B1A78012A19D801321A70304A13782A
:103BA0000133DBB21370324A1278934201D92C4BA5
:103BB0001A702B4C2078FFF717FF22783B494046BC
:103BC000FDF7EAFC344B00221A704FE7384944F005
:103BD0000200FDF7E1FC294B1878214C2070FFF71B
:103BE00003FF227833494046FDF7D6FC1B4B0422E5
:103BF0001A703BE71A4E32782F4944F00200FDF765
:103C0000CBFC33780BB1013B3370154C2078FFF7B8
:103C1000EBFE227829494046FDF7BEFC00231E4AF0
:103C20001370174A137021E757B90D4B1A782449BE
:103C300044F00200FDF7B0FC084B01221A7015E7B2
:103C4000074B1A781F494046FDF7A6FC0EE700BF58
:103C50008C550020F0620300A0620300DA7000209F
:103C6000D9700020ACA90300E8A90300D47000209B
:103C7000DB7000205CAA03001CAA0300D87000209F
:103C8000D670002088AA0300C4AA0300F8AA030083
:103C900034AB0300D5700020D770002070AB030058
:103CA000A4AB0300B0AC0300D4AB030010AC030022
:103CB0004CAC030080AC0300E0AC030020AD03007B
:103CC00048AD030078AD030008B50948094BC01A98
:103CD000C0080004084940F00400FDF757FCFFF756
:103CE00009FDFFF789FEFDF7E7FA0028FBD108BDC3
:103CF000F0620300A0620300A8AD030008B5FFF75F
:103D0000D3FA08BD10B504460E480F4BC01AC008C0
:103D100000040E4940F00400FDF738FC2046FFF790
:103D20001BFB04F10800F4F711FD04F5187420469C
:103D3000F5F71EFAFFF708FE2046F5F782F9044B67
:103D4000187010BDF0620300A0620300D0AD030044
:103D5000DB70002070B505460C4616460A4B0B4A30
:103D60009B1ADB081B040A4943F00400FDF70EFC14
:103D700000F028F83246214600F054F82146284643
:103D8000F4F7C0F970BD00BFF0620300A062030049
:103D9000E4AD030010B50446F4F76EF9014B23605F
:103DA000204610BD34B7030010B50446FFF7F2FFFC
:103DB00004F15C00F4F779F804F6EC10FFF7E8F88A
:103DC000204610BD08B50A4B1B68BFF35B8F13F08C
:103DD000010F01D0074808BD054802F005FA002888
:103DE000F8D00448FFF7E0FF014802F011FAF1E7CC
:103DF000E0700020E470002038B5044600F15C0556
:103E0000074A01212846F4F765F82A460221204690
:103E1000F4F73AF904F6EC10F4F7C3F938BD00BF33
:103E200008A2030008B500F6EC10F4F79EF908BDEF
:103E300028B108B502498320FBF782FF08BD70470F
:103E4000FCAD030000F1080343604FF0FF328260D5
:103E5000C360036100230360704700230361704760
:103E600043684B609A688A60516099600861036892
:103E700001330360704730B40D68B5F1FF3F11D0D6
:103E800000F108031C465B681A68AA42FAD9636805
:103E90004B6099608C606160086103680133036066
:103EA00030BC70470469F2E70369416882688A6040
:103EB000416851605A68824206D0002202611A6845
:103EC000013A1A601868704782685A60F5E7000086
:103ED0000748006880F3088862B661B6BFF34F8F69
:103EE000BFF36F8F4FF4F07080F3118800DF00BFD5
:103EF00000700200064B19680868B0E8F04F80F3C4
:103F00000988BFF36F8F4FF0000080F3118870476E
:103F1000647C0020EFF30980BFF36F8F144B1A68A5
:103F20001EF0100F08BF20ED108A20E9F04F10603E
:103F30004DF8043D4FF0400080F31188BFF34F8FE0
:103F4000BFF36F8F00F0B0FF4FF0000080F31188D7
:103F500008BC19680868B0E8F04F1EF0100F08BFE1
:103F6000B0EC108A80F30988BFF36F8F704700BFF1
:103F7000647C0020034AD2F8883043F47003C2F80E
:103F80008830704700ED00E008B5074B1B68B3F1BF
:103F9000FF3F03D1402383F31188FEE703499E20AE
:103FA000FBF7CEFEF6E700BF287B0020A4AE03009F
:103FB0004FF0807340F8043C40F8081C054B40F873
:103FC0000C3C40F8202C6FF0020340F8243C4438AD
:103FD000704700BF893F030010B582B0264B1A68B6
:103FE000264B9A4213D1264B1A78D2B20192FF2265
:103FF0001A701B78DBB28DF803309DF8033003F0A4
:104000000203204A1370204B07221A600EE01F495A
:10401000B020FBF795FEE6E71B4A1368013B1360EF
:104020009DF803305B00DBB28DF803309DF8033060
:1040300013F0800FF0D1144A136803F007031360E4
:10404000019BDBB20E4A13700B4CE02384F8223044
:1040500000F0BAF80E4B00221A60FFF78BFF0D4AF2
:10406000536B43F040435363236943F010032361D0
:10407000FFF72EFFFFF788FF00ED00E041C20F4180
:1040800000E400E0247B0020207B0020A4AE03009D
:10409000287B002000EF00E008B5402383F311885F
:1040A000094A136801331360012B00D008BD074B88
:1040B0005B68C3F30803002BF8D0054940F21110E8
:1040C000FBF73EFEF2E700BF287B002000ED00E09A
:1040D000A4AE030008B5084B1B683BB1064A136841
:1040E000013B13600BB983F3118808BD03494FF4FA
:1040F0008C70FBF725FEF1E7287B0020A4AE0300BF
:1041000008B5EFF30583C3F308030F2B09D903F1B7
:10411000E023F03393F80033DBB20C4A12789A4272
:1041200008D80B4BDB68C3F302230A4A12689A4291
:1041300006D308BD08494FF4A970FBF701FEF0E76C
:1041400005494FF4B170FBF7FBFDF2E7247B00203B
:1041500000ED00E0207B0020A4AE0300F0B583B0AA
:10416000EFF31187402383F31188154BD3F80445EF
:104170000022C3F80021D3F800310193019B00F025
:1041800089FD241A24F07F4434F0010301D1002575
:1041900009E000F0A1FF0228F9D00124F7E700F0C0
:1041A00087FD05433446661E002CF8D125B1054B2A
:1041B0004FF080525A6040BF87F3118803B0F0BDC2
:1041C0000010014000ED00E008B50020F8F7BAFC4F
:1041D000094B1F22C3F808250122C3F804239A6063
:1041E0001A600222C3F84423044BE02283F811230F
:1041F0004FF400321A6008BD0010014000E100E0F9
:1042000010B50446FFF748FFA26BE36B9A4204D057
:104210000024FFF75FFF204610BD0124F9E710B529
:104220000446FFF739FFA36B23B90124FFF752FFC0
:10423000204610BD0024F9E770B504461546866B8C
:10424000026C5AB903681BB100200136A66370BD29
:10425000406800F051FF00236360F6E76DB98068A5
:1042600001F060FFA368226C1344A360626893426C
:1042700019D32368A3602846E7E7C06801F052FF1E
:10428000E368226C51429B1AE3602268934202D297
:1042900063680B44E360022D01D00020D5E726B10E
:1042A000013E0020D1E72846CFE70020CDE70346B6
:1042B000026C6AB110B50846D9681144D9605C68CF
:1042C000A14201D31968D960D96801F02BFF10BD54
:1042D000704738B50546FFF7DFFE95F8454064B2F4
:1042E00001E0013C64B2002C0ADD6B6A43B105F1C8
:1042F000240000F05DFE0028F3D000F0E7FEF0E7B8
:10430000FF2385F84530FFF7E5FEFFF7C5FE95F87A
:10431000444064B201E0013C64B2002C0ADD2B6928
:1043200043B105F1100000F043FE0028F3D000F087
:10433000CDFEF0E7FF2385F84430FFF7CBFE38BD14
:1043400038B50D460446D0B1FFF7A6FE2368E26BF0
:10435000216C01FB023060600020A063A360013A81
:1043600002FB0133E360FF2384F8443084F84530D6
:10437000D5B9236943B9FFF7ADFE012038BD0F4918
:10438000FC20FBF7DDFCDFE704F1100000F010FE7D
:104390000028F0D00A4B4FF080525A6040BFBFF364
:1043A0004F8FBFF36F8FE6E704F11000FFF74AFD70
:1043B00004F12400FFF746FDDDE700BF4CAF03002A
:1043C00000ED00E010B5034602980C4631B90060DC
:1043D000C36304640121FFF7B3FF10BD0260F7E778
:1043E000F0B585B00D4616461C460746B0B1DCB1A7
:1043F00006B33DB348230393039B482B28D154B104
:10440000012384F8463000949DF82830324629462E
:104410003846FFF7D7FF204605B0F0BD0F4940F200
:104420003310FBF78DFCE2E70C4940F23710FBF745
:1044300087FCDDE7002DDDD008494FF49E70FBF7C7
:104440007FFCD7E7054940F23B10FBF779FCD1E749
:1044500002494FF4A270FBF773FCD0E74CAF0300A6
:10446000F0B585B00F4601921D46044648B177B1BC
:10447000022D15D000F030FE08B9019BCBB9002603
:1044800059E051494FF43770FBF75AFCEFE7236CC2
:10449000002BEDD04C4940F2DD20FBF751FCE7E763
:1044A000E36B012BE6D0484940F2DE20FBF748FCE5
:1044B000E0E7454940F2E120FBF742FCDFE72A460E
:1044C00039462046FFF7B8FE636A73B940B13F4BE7
:1044D0004FF080525A6040BFBFF34F8FBFF36F8FD2
:1044E000FFF7F8FD012005B0F0BD04F1240000F055
:1044F0005FFD0028F4D0354B4FF080525A6040BF2A
:10450000BFF34F8FBFF36F8FEAE7FFF7E3FD0020A4
:10451000E9E702A800F090FD012619E0002384F8E5
:10452000443021E0002384F8453023E02046FFF7A3
:10453000D0FE00F03DFCFFF7AFFDA26BE36B9A42AB
:10454000BDD3022DBBD0019B002BDED0002EE0D0CE
:10455000FFF7C0FD00F096FBFFF79EFD94F84400C6
:1045600040B2B0F1FF3FD9D094F8450040B2B0F16D
:10457000FF3FD7D0FFF7AEFD01A902A800F068FD0C
:10458000D0B92046FFF73CFE0028CFD0019904F1B6
:10459000100000F0D5FC2046FFF79BFE00F008FC61
:1045A0000028C8D1094B4FF080525A6040BFBFF37A
:1045B0004F8FBFF36F8FBEE72046FFF78AFE00F0F4
:1045C000F7FB00208FE700BF4CAF030000ED00E0D9
:1045D0002DE9F8430E4691461D460446A0B1CEB1E2
:1045E000022D20D0FFF78CFDEFF31188402383F3D9
:1045F0001188A26BE36B9A421ED3022D1CD00020BF
:1046000088F31188BDE8F8831E4940F2A230FBF719
:1046100097FBE4E7236C002BE2D01A4940F2A33069
:10462000FBF78EFBDCE7E36B012BDBD015494FF486
:104630006970FBF785FBD5E794F845707FB22A4691
:1046400031462046FFF7F8FDB7F1FF3F05D00137AF
:104650007FB284F845700120D2E7636A0BB901206C
:10466000CEE704F1240000F0A3FC30B1B9F1000F53
:1046700005D00120C9F80000C2E70120C0E70120F1
:10468000BEE700BF4CAF0300F0B585B00F46019206
:10469000044638B167B100F01FFD08B9019B83B92A
:1046A000002652E0494940F2DF40FBF749FBF1E7C1
:1046B000236C002BEFD0454940F2E340FBF740FB71
:1046C000E9E742494FF49D60FBF73AFBE8E73946DA
:1046D0002046FFF7ECFD013DA563236923B9FFF7F1
:1046E000F9FC012005B0F0BD04F1100000F060FC01
:1046F0000028F4D0364B4FF080525A6040BFBFF3D1
:104700004F8FBFF36F8FEAE7FFF7E4FC0020E9E784
:1047100002A800F091FC012621E0002384F8443037
:1047200029E0002384F845302BE02046FFF7D1FD37
:1047300000F03EFB09E02046FFF7CBFD00F038FB20
:104740002046FFF76CFD00283ED1FFF7A5FCA56BC6
:10475000002DBCD1019B002BD6D0002ED8D0FFF766
:10476000B9FC00F08FFAFFF797FC94F844305BB285
:10477000B3F1FF3FD1D094F845305BB2B3F1FF3FC6
:10478000CFD0FFF7A7FC01A902A800F061FC002828
:10479000D1D12046FFF743FD0028C6D0019904F18E
:1047A000240000F0CDFB2046FFF793FD00F000FB56
:1047B0000028CAD1064B4FF080525A6040BFBFF369
:1047C0004F8FBFF36F8FC0E700208BE74CAF030024
:1047D00000ED00E00023012B0CD8074A52F83320EB
:1047E0000AB10133F7E7044A42F8331002EBC3027F
:1047F00050607047704700BF2C7B002070B50446A6
:104800000D461646FFF748FC94F844305BB2B3F10E
:10481000FF3F0DD094F845305BB2B3F1FF3F0BD0B2
:10482000FFF758FCA36B5BB12046FFF752FD70BD4C
:10483000002384F84430EDE7002384F84530EFE7A7
:104840003246294604F1240000F094FBECE7000016
:10485000084B1B681B6823B9074B4FF0FF321A60E7
:104860007047044B1B68DB68DB685A68024B1A60B0
:10487000704700BFAC7B0020447B00202DE9F0474F
:1048800080460D4617469946089EDDF824A00A9CEE
:104890009200A521206B01F077FC236B07F1804289
:1048A000013A03EB820727F007074FF0000CBCF139
:1048B000090F09D815F80C3004EB0C0282F83430DB
:1048C00013B10CF1010CF2E7002384F83D30062E01
:1048D00000D90626E662266400256564201DFFF7E0
:1048E000BCFA04F11800FFF7B8FA2461C6F1070614
:1048F000A6616462A56484F84C504A464146384635
:10490000FFF756FB2060BAF1000F01D0CAF8004053
:10491000BDE8F08738B5002407E004EB840293007B
:104920000E481844FFF78EFA0134062CF5D90C4DC9
:104930002846FFF787FA0B4C2046FFF783FA0A4810
:10494000FFF780FA0948FFF77DFA0948FFF77AFA7E
:10495000084B1D60084B1C6038BD00BFD87B002091
:10496000C47B0020B07B0020947B0020807B002053
:10497000687B0020AC7B0020A87B002010B504469B
:10498000FFF78AFB214A136801331360204B1B6831
:104990005BB1204B1B686BB91D4B1B68DA6AE36A7D
:1049A0009A4207D81A4B1C6004E0194B1C6013682C
:1049B000012B27D0184A136801331360E06A0123E2
:1049C0008340164A11680B43136000EB8000211DE1
:1049D000134B03EB8000FFF743FAFFF77BFB0D4B14
:1049E0001B6873B10A4B1B68DA6AE36A9A4208D201
:1049F0000C4B4FF080525A6040BFBFF34F8FBFF354
:104A00006F8F10BDFFF786FFD4E700BF647B0020E7
:104A1000647C0020587B0020487B00205C7B0020C9
:104A2000D87B002000ED00E010B5044690F84D3032
:104A30004BB1012B0ED0022B0BD0084940F68860F9
:104A4000FBF77EF905E0006BFFF7F2F92046FFF770
:104A5000EFF910BDFFF7ECF9FBE700BFE0AF030093
:104A60000F4B1B68D3B110B5FFF716FB0D4BDB687E
:104A7000DC68201DFFF718FA0B4A1368013B13602E
:104A8000074A1368013B1360FFF724FB2046FFF73A
:104A9000CBFF034B1B68002BE6D110BD704700BF56
:104AA0007C7B0020807B0020647B002070B5044666
:104AB0000D461D4B1E681D4B18680430FFF7F4F9B6
:104AC00048B91A4B1B68DB6A01229A4018490B68E7
:104AD00023EA02030B60B4F1FF3F0DD03444134BC3
:104AE0001B685C60A64210D9124B18680F4B1968FE
:104AF0000431FFF7C0F970BD002DEFD00B4B1968E2
:104B000004310D48FFF7ACF9F5E70C4B1868074B7B
:104B100019680431FFF7AFF9094B1B68A342EAD9C2
:104B2000074B1C60E7E700BF607B0020647C00202F
:104B30005C7B0020A87B0020687B0020AC7B0020F1
:104B4000447B002008B50AE0084B4FF080525A60C1
:104B500040BFBFF34F8FBFF36F8FF3F75FFAFFF7DD
:104B60007FFF034B1B68012BEED8F6E700ED00E05A
:104B7000D87B00202DE9F04387B080460E461746CB
:104B800099460F9D109CE5B10CB350220492049AF3
:104B9000502A22D13CB335B32563022384F84D302B
:104BA00000230393029405AB01930E9B00934B46A5
:104BB0003A4631464046FFF761FE2046FFF7DEFEEB
:104BC00013E00C494FF41470FBF7BAF8DCE709491D
:104BD00040F25120FBF7B4F8D7E7064940F25920DC
:104BE000FBF7AEF8D6E700230593059807B0BDE8BC
:104BF000F08300BFE0AF030010B588B00024059437
:104C0000069407AA06A905A8F3F7B6F9059B02932F
:104C1000069B019300942346079A13491348FFF714
:104C2000A9FF134B186098B100F048FB012810D180
:104C3000402383F311880F4B4FF0FF321A600E4B65
:104C400001221A600D4B00221A60FFF7C5F903E03C
:104C50000020B0F1FF3F01D008B010BD084940F27C
:104C6000DC70FBF76DF8F7E774B00300454B030009
:104C7000407B0020447B0020587B0020607B00208C
:104C8000E0AF0300024A136801331360704700BFAE
:104C90003C7B0020014B1868704700BF607B002000
:104CA00008B5FFF72DFA014B186808BD607B00209E
:104CB000F8B5334B1B68002B56D1324B1E680136BA
:104CC0001E607EB9304B1B681B688BB92E4A116879
:104CD0002E4B1868106019602D4A13680133136059
:104CE000FFF7B6FD2B4B1B68B34233D9002740E0DA
:104CF000294940F63320FBF723F8E7E70127224B49
:104D00001B681B6843B3204B1B68DB68DC68636867
:104D10009E4226D3251D2846FFF7C6F8A36A1BB17D
:104D200004F11800FFF7C0F8E36A01229A401B491A
:104D3000086802430A6003EB83039A002946184877
:104D40001044FFF78DF8E26A164B1B68DB6A9A4243
:104D5000D4D2D4E70027D2E70E4B4FF0FF321A60CF
:104D600007E00C4A136004E00F4A13680133136034
:104D700000270E4B1B6803B101273846F8BD00BF62
:104D80003C7B0020607B0020AC7B0020A87B0020C7
:104D90004C7B0020447B0020E0AF03005C7B0020C4
:104DA000D87B0020647C0020547B0020507B0020B6
:104DB00038B5334B1B686BB1FFF76EF9304B1A688F
:104DC000013A1A601B68002B54D12E4B1B683BB96B
:104DD000002450E02C494FF40460FAF7B1FFEBE7F0
:104DE00000242A4B1B681BB3284BDB68DC6804F1EA
:104DF0001800FFF759F8251D2846FFF755F8E06A17
:104E000001238340224A11680B43136000EB8000AA
:104E10002946204B03EB8000FFF722F8E26A1E4B85
:104E20001B68DB6A9A42DCD31C4B01221A60D8E76C
:104E30000CB1FFF70DFD1A4B1C687CB9174B1C68B1
:104E4000CCB1184B4FF080525A6040BFBFF34F8F28
:104E5000BFF36F8F01240EE0013C07D0FFF728FF5E
:104E60000028F9D00D4B01221A60F5E70C4B002207
:104E70001A60E3E70024FFF72DF9204638BD00BF94
:104E80003C7B0020647B0020E0AF0300947B00208B
:104E90005C7B0020D87B0020647C0020507B0020BD
:104EA000547B002000ED00E01F4B1B681BB11F4B23
:104EB00001221A60704710B51C4B00221A601C4B6F
:104EC0001C6814B3B4FA84F4C4F11F0404EB840224
:104ED0009300184AD358D3B1164904EB84029300C7
:104EE0000B445A6852685A6004EB8400830008330C
:104EF0000B449A4211D004EB8404A2000D4B1344DE
:104F00005B68DA680C4B1A6010BD2024DCE70B49A3
:104F10004FF43560FAF714FFDEE751688200054B65
:104F200013445960E7E700BF3C7B0020507B002022
:104F30005C7B0020D87B0020647C0020E0AF030075
:104F400038B50C46054650B1084B1968183128464B
:104F5000FEF791FF01212046FFF7A8FD38BD044967
:104F60004FF43660FAF7ECFEEEE700BF647C0020F9
:104F7000E0AF030070B50D461446064668B10A4B13
:104F8000196818313046FEF76BFF0CB14FF0FF3552
:104F900021462846FFF78AFD70BD044940F68B3054
:104FA000FAF7CEFEEBE700BF647C0020E0AF030021
:104FB00038B5C368DC6824B304F118052846FEF749
:104FC00073FF164B1B6813BB251D2846FEF76CFFAD
:104FD000E06A01238340124A11680B43136000EB1F
:104FE000800029460F4B03EB8000FEF739FFE26A91
:104FF0000D4B1B68DB6A9A420ED901200B4B1860DF
:1050000038BD0B4940F6BB30FAF79AFED4E7294683
:105010000848FEF725FFEAE70020F1E73C7B002087
:105020005C7B0020D87B0020647C0020507B00202B
:10503000E0AF0300947B0020034B1B680360034B2D
:105040001B684360704700BF4C7B0020607B0020E2
:10505000F8B50C460546B8B1E4B1FFF71DF8184B9A
:1050600019686B68C81A2268B2F1FF3F20D0154E4C
:1050700036682F68B74201D08B421ED982420FD8C2
:1050800000232360012414E00F4940F62640FAF77C
:1050900057FEE1E70C4940F62740FAF751FEDCE7FE
:1050A0005B1A134423602846FFF7C6FF002400E084
:1050B0000024FFF70FF82046F8BD0124F9E700BFF0
:1050C000607B00204C7B0020E0AF0300014B0122FD
:1050D0001A607047507B0020054B1B6833B1054BAD
:1050E0001B680BB1002070470220704701207047F9
:1050F000587B00203C7B0020002846D038B5044671
:10510000244B1B68834204D0234940F63B70FAF7D6
:1051100017FE636C4BB1636C013B6364E16A226C04
:10512000914234D03BB1002038BD1B4940F63C7061
:10513000FAF706FEEFE7251D2846FEF7B5FE70B923
:10514000E26A02EB82039B001449CB583BB901236E
:1051500003FA02F212490B6823EA02030B60206C87
:10516000E062C0F10703A361012404FA00F30C4AD2
:1051700011680B43136000EB80002946074B03EBDB
:105180008000FEF76DFE2046CEE70020704700202D
:10519000CAE700BF647C0020E0AF0300D87B00209A
:1051A0005C7B0020064B1A681368B3FA83F35B0933
:1051B000036013B9D368186870470020704700BFB8
:1051C000C07E002008B54160006191420CD8D21A1F
:1051D00083699A4201D3012008BD011D094B18685B
:1051E000FEF749FE0020F7E79A4201D2994206D223
:1051F000011D054B1868FEF73EFE0020ECE701207C
:10520000EAE700BFBC7E0020C07E002030B583B03E
:10521000FEF742FF114B1B681BB1FEF75BFF03B0AB
:1052200030BD0F4D2846FEF70DFE0E4C2046FEF712
:1052300009FE0D4B1D600D4B1C60002300930C4BB1
:105240000C4A10212020FFF7CBF8044B18600028EF
:10525000E3D00949FFF7BEFADFE700BFB87E0020C0
:10526000D87E0020C47E0020C07E0020BC7E0020AE
:10527000687C0020B07C00207CB003002DE9F04168
:10528000074616461D46079C884671B15CB1FFF77C
:10529000BDFF2760C4F81880E6612562069B636243
:1052A000201DFEF7DAFDBDE8F081034940F26910E8
:1052B000FAF746FDEAE700BF84B0030010B588B0F6
:1052C000FFF7A4FF114B1B68C3B10024059406949B
:1052D00007AA06A905A8F2F75BFE059B0293069BA9
:1052E0000193022300932346079A09490948FFF7CF
:1052F00041FC094B186008B1012005E007494FF453
:105300008870FAF71DFD002008B010BDB87E00209F
:1053100018B1030051560300B47E002084B003008E
:105320002DE9F04184B005460E4690461F460B9C81
:105330002C230393039B2C2B10D1ACB101940A9B1B
:1053400000933B46424631462846FFF797FF01232C
:1053500084F82830204604B0BDE8F08105494FF4B8
:10536000A370FAF7EDFCE8E7024940F24B10FAF7B8
:10537000E7FCEFE784B00300F0B585B00C461546B6
:105380001E46074698B1154B186828B3009401953E
:105390000297052C19DCFFF79FFE02280DD0002391
:1053A0001A4669460D480068FFF75AF812E00C49A2
:1053B00040F28310FAF7C4FCE5E700230A9A694635
:1053C00006480068FFF74CF804E0002332466946BF
:1053D000FFF7FEF805B0F0BD0020FBE7B87E002027
:1053E00084B0030070B582B0194B1B681A683AB3D9
:1053F000DB681E68DC68251D2846FEF755FD636ADC
:1054000020469847E369012BEED1A36933449E42BD
:1054100007D26360246129460D4B1868FEF72BFD07
:10542000E2E7002100910B4632462046FFF7A4FF39
:105430000028D9D1074940F26F30FAF781FCD3E751
:10544000054A106802490860136002B070BD00BFD1
:10545000C07E002084B00300BC7E002038B5054625
:10546000FFF718FC0446074B1B68834205D800234E
:105470002B60044B1C60204638BDFFF7B3FF0123AF
:105480002B60F6E7B07E002070B582B006460D4670
:1054900013490968C968CC68201DFEF705FDE1695C
:1054A000012904D0636A2046984702B070BDA16903
:1054B00033462A4631442046FFF784FE0028F1D0C7
:1054C000002100910B4632462046FFF755FF002889
:1054D000E8D1044940F2E510FAF732FCE2E700BFF8
:1054E000C07E002084B0030070B582B006460C4632
:1054F000FFF7C8FB01A8FFF7B1FF019B1BBB0546E7
:1055000044B9B0420CD3FFF753FC29463046FFF7AD
:10551000BBFF1AE00E4B1B681C68B4FA84F46409E4
:105520002246711B0B4B1868FFF768F9FFF740FC28
:1055300058B9094B4FF080525A6040BFBFF34F8FAC
:10554000BFF36F8F01E0FFF733FC02B070BD00BF07
:10555000BC7E0020B87E002000ED00E030B589B0B0
:1055600002E0049B002B0FDA002204A9364B1868D6
:10557000FFF78AF8002864D0049B002BF1DA079922
:105580000698059B9847ECE7069C636913B1201DBC
:10559000FEF78AFC03A8FFF761FF0546049B092B71
:1055A000E2D801A252F823F0D1550300D1550300EF
:1055B000D15503006955030011560300335603000B
:1055C000D1550300D155030069550300115603005E
:1055D000059BA169024619442046FFF7F3FD002808
:1055E000C2D0636A20469847E369012BBCD1A26907
:1055F000002100910B46059802442046FFF7BCFEAF
:105600000028B1D1114940F2FE20FAF799FBABE72F
:10561000059BA3613BB1A1692B462A46294420463C
:10562000FFF7D0FDA0E7094940F21530FAF788FBF3
:10563000F1E794F82830002B96D12046FEF7F8FBCE
:1056400092E709B030BD00BFB87E002084B00300EF
:1056500000B583B001A8FFF7A5FD0199FFF744FF4E
:10566000FFF77CFFF6E70000BFF34F8F0549CA68DC
:1056700002F4E062044B1343CB60BFF34F8F00BFD3
:10568000FDE700BF00ED00E00400FA0508B54FF0AB
:105690001023D3F80C3203B908BD0F4B0122C3F815
:1056A00004250D4BD3F80034002BFAD04FF0102313
:1056B0000022C3F80C22084BD3F80034002BFAD098
:1056C000054B0022C3F80425034BD3F80034002B0C
:1056D000FAD0FFF7C9FF00BF00E0014010B5FFF7A7
:1056E000D5FFF2F7DBFA0446F2F7F2FA2046F2F7BA
:1056F0002FFB002010BD51EC102BC1F30A53002BDF
:105700001CBF40F2FF7C634500D1704718446045E0
:1057100006DB0020C7F6F07060F31E01002208E0EF
:105720000028C7BF6FF31E5141EA005101F000414C
:10573000002241EC102B704752EC10CBC2F30A53FD
:1057400040F2FF718B4211BF002B002101607047B6
:10575000A3F2FE31016040F2FE3060F31E5242ECD3
:1057600010CB7047000000002DE9F84F2DED028BA3
:1057700082B050EC101B4FF0FF3202EB105240F29F
:10578000FE739A4280F09F8001A8FFF7D5FF55EC89
:10579000106B00245E4B30462946002200F090F941
:1057A00080460F464AF29E00C3F6E67043F6CE31BD
:1057B000C6F27F61019A711A75EB00000092B8BFC2
:1057C0000124002C284631461CBF3846414640EC97
:1057D000101B4FF0FF30FFF78EFFB0EE408AF0EE67
:1057E000608A4C4B30462946002200F069F9054694
:1057F0000E46494B51EC180B002C1CBF3E4645464B
:10580000002200F05DF902460B462846314600F0C2
:105810000FFB05460E4602460B4600F071FA834622
:105820008A464BF23879C0F2030941EC180B48461E
:105830000221B0EE480AF0EE680A00F079F8374A23
:10584000374B51EC100B00F03BF980460F4609F145
:1058500010000321B0EE480AF0EE680A00F09CF850
:1058600053EC102B4046394600F0E2FA5A465346B4
:1058700000F046FA2A46334600F042FA2A463346FA
:1058800000F01EF980460D46002C009818BF013824
:1058900000F0D6FB06460F46224A234B00F030FAB2
:1058A00042462B4600F00CF980460D461F4B304611
:1058B0003946002200F024FA42462B4600F000F957
:1058C00041EC100B1AE0420042EAD1720023CFF6FD
:1058D000E0730027B7EB410773EB02020ED30022FF
:1058E000C7F6F072104207D00028BCBF02F50020B6
:1058F000002140EC101B01E09FED030B02B0BDEC5A
:10590000028BBDE8F88F00BF000000000000F0FF30
:105910000000E0BF0000F0BF0000E03F9AB5B31206
:10592000FF0750C0A80C615C10D02BBF0030E63FD1
:10593000F8B52DED028B00EBC1070E4657E90201C9
:1059400017ED048B54EC105B2A46234600F0D8F97F
:1059500053EC182B00F0B4F841EC100B032E10DBC5
:10596000183F013E51EC100B2A46234600F0C8F9BF
:1059700077E8022300F0A4F8013E41EC100B012E61
:10598000F0D851EC100B2A46234600F0B9F941EC4F
:10599000100BBDEC028BF8BD2DE9F041804600EB09
:1059A000C100022915DBA0F108074C1C56EC105B66
:1059B00077E8022351EC100B00F082F82A463346B8
:1059C00000F09EF9013C41EC100B022CF0D808F1DC
:1059D000080050E9022351EC100B00F071F841EC83
:1059E000100BBDE8F08184460020002918BF002A72
:1059F00000D17047097848B2002844BF6FF0010019
:105A00007047BCF1000F18BFCCF800100021C3E9AB
:105A10000011002818BF012070477F298EBF6FF04A
:105A2000010001700120704747F6EC62C2F20002EB
:105A30001368002B02BF42F64433C2F20003136026
:105A40005A689268126810470921FFF7EDBF7F2856
:105A500084BF002070474BF67412C0F20302515C01
:105A60004BF6F402C0F20302105C08407047A0F14C
:105A700061011A2938BF20387047A0F141011A2965
:105A800038BF203070477F2884BF002070474BF616
:105A90007412C0F20302515C4BF6F402C0F203022E
:105AA000105C08407047A0F161011A2938BF203806
:105AB0007047A0F141011A2938BF2030704700001B
:105AC00030B591EA030F00F18280841A71EB030C68
:105AD00005D2121953EB0C03001B71EB0C0140F2C1
:105AE000000CCFF6E07C1CEA430F52D0BCEB410F18
:105AF0005FD90C0DA4EB135E5FF0010C6CF31F512A
:105B00006CF31F53DEF1200C2AD303FA0CF5401975
:105B100041F1000122FA0EF5401923FA0EF5694110
:105B200012FA0CF2CD0208D349085FEA30005FEAAE
:105B3000320228BF42F001020134013C5FEA500CFE
:105B400072F1004250F1000051EB04514FF4001388
:105B500013EB410F38BF30BD6FF31301002030BD90
:105B6000BEF1200EBEF1200F1ED223FA0EF5401911
:105B700041F10001CEF1200C124218BF012203FABC
:105B80000CF52A43CEE711EA5C0F04BF0020002188
:105B900030BD1CEA410F04BF01F00041002030BDC0
:105BA00001F00041002030BD21F4801101EB0451CF
:105BB00030BD004218BF41F00101BCEB410F08BFEE
:105BC00030BD4FF0FE4141F47801002030BD83F03C
:105BD0000043841A71EB030E07D28EF0004E001BB7
:105BE00071EB0E01121953EB0E0340F2000CCFF6CD
:105BF000E07C1CEA430FC6D0BCEB410F72D90C0D00
:105C0000A4EB135EC90241EA5051C00241F00041C9
:105C1000DB0243EA5253D20243F00043DEF1200C90
:105C200041D312FA0CF522FA0EF203FA0CF542EA0D
:105C3000050218BF42F0010223FA0EF3801A9941BF
:105C4000E30AC4F30A0411F0404F03D418D0013C16
:105C500040004941013C23D44205C00A40EA41507A
:105C6000C90A51EAC3715FEA500C72F1004250F167
:105C7000000051EB045130BD01002FD00020203C2A
:105C80000029F9D0B1FA81FCDCF1200E11FA0CF1F7
:105C900030FA0EF510FA0CF02943A4EB0C04D9E706
:105CA0000020D90730BDAEF1200EBEF1200F0DD27D
:105CB000CEF1200C03FA0CF533FA0EF32A4318BF89
:105CC00043F00103C01A61F10001B9E721F000417E
:105CD000C00A40EA4150C90A01EB045130BD00201E
:105CE000002130BD004218BF41F00101BCEB410F63
:105CF0007FF467AFBCEB430F3FF463AF30BD00BF31
:105D0000F0B540F2FF7681EA030C16EA115E1EBF81
:105D1000B64516EA1355B54252D021EA465141F430
:105D20008011A1FB024723EA465343F48013AE449B
:105D3000A0FB03650CF0004C36197D41A1FB034725
:105D400047F10003A0FB0217F619654153F1000368
:105D5000094218BF46F0010640F2FE74B3F5007F19
:105D600013D2AEF5806EA64523D24CEA0331280348
:105D700041EA155140EA16503203450872F10042DB
:105D800050F1000051EB0E51F0BDAEF2FF3EA645C2
:105D90000FD24CEAC321E80241EA555140EA56507D
:105DA000F202450872F1004250F1000051EB0E5131
:105DB000F0BD1EEA0E0F2DD50CF000410020F0BD05
:105DC00016EA115F04BF01F000410020004218BF35
:105DD00041F0010116EA135F04BF03F00043002203
:105DE000124218BF43F0010306EA1354B44218BF2D
:105DF000B64503D00CF000410020F0BD21F0004179
:105E000023F00043B1EB065F0CD8B3EB065F09D873
:105E100041B13BB10CF0004141F0FE4141F4700151
:105E20000020F0BD40F20001C7F6F8710020F0BD7F
:105E30002DE9F04391EA030E0EF0004E40F2000708
:105E4000CFF6E07717EA41051EBFBD4217EA4305CA
:105E5000BD4200F09F807F0D17EA135623EA475397
:105E600043F4801317EA115521EA475141F4801198
:105E7000AD1B05F2FD354FEAD31C1CF1010C4FF0B0
:105E80000047B7FBFCF77F01A2FB079C0024E3FB64
:105E900007C4D9F100096CEB4C0CA0FB0762002091
:105EA000E1FB072000275FEAC628E0FB0987760DA3
:105EB00046EAC226520DF61900277A41E0FB0C6231
:105EC0005FEAC823E2FB09375FEA585848EAC62868
:105ED000760D18EB070800214E41E2FB0C8602EB21
:105EE000C020DA02E6FB09215B0D43EAC8235FEA22
:105EF00058585B18002758EB0708E6FB0C38D1020E
:105F0000E8FB0917520D42EAC3225B0DD2190027A4
:105F10007B41E8FB0C2308EBC6265FEAC128E3FBC4
:105F20000987490D41EAC221520DC91942F1000207
:105F3000E3FB0C12470019EB08095CEB010C72EB58
:105F4000040453EBC62047EB56530026B3F5000F6D
:105F50007641AD190236D6F1200910FA09F4F04065
:105F600013FA09F21043F340E40F001943F1000360
:105F7000B3F5001F24BF5B08013540F2FE77BD4238
:105F800004D24EEA05511944BDE8F0832D4224D5D0
:105F9000714626E0004218BF41F00101124218BFCD
:105FA00043F00103B7EB410F2CBFB7EB430F1BE0EE
:105FB000B7EB410F04BFB7EB430F15E017EA410FF2
:105FC00004BF17EA430F0FE017EA410FE0D017EACA
:105FD000430F02D0B7EB430FDAD04EF0FE4141F44D
:105FE00070010020BDE8F08340F20001C7F6F871AF
:105FF000F7E700BFC1F30A5340F21E42D21A0EDD8A
:10600000202A0AD8CB0243EA505040F00040D0404A
:1060100090EAE170B0EBE1707047002070474B00F0
:10602000004218BF43F0010313F5001F88BF21F0A1
:10603000004111F0004058BF6FF00040704700BFB2
:1060400010F0004160B148BF40420A0D02F21D420B
:10605000B0FA80F3D21A9840C30A400503EB02510C
:10606000704700BFC0F3C75191B142004FEA407082
:106070004FEAD2014FEA310101F16051B2F17F4F95
:1060800038BF704701F1605118BF41F400217047DB
:1060900010F0004100207047082938BF70470022E7
:1060A000C0E9002147F6F061C2F2000108607047C4
:1060B000042A08D350F804CB0B689C4506D1043A57
:1060C0000431032AF6D8A2B1D0F800C0086880EAEB
:1060D0000C0191FAA1F1B1FA81F1B2EBD10F08D91B
:1060E00001F038012CFA01F2C840C0B2D1B2081A4E
:1060F0007047002070470178002904BF00207047D6
:1061000000214FF001324358C2FA53F30431002BFF
:10611000F9D093FAA3F0B0FA80F001EBD000043884
:10612000704700005AB3844690EA01039B071FD1D1
:10613000830707D011F8013B00F8013B013AF7D182
:106140001CE08446203A09D32DE9F007B1E8F807AE
:10615000A0E8F807203AF9D2BDE8F0071C3205D4D0
:1061600051F8043B40F8043B043AF9D2043205D01C
:1061700011F8013B00F8013B013AF9D16046704744
:1061800000220B0011001A0084465AB3830704D082
:1061900000F8011B013AF9D124E0C9B241EA01211A
:1061A00041EA0141202A11D3203A2DE9F0030B46A0
:1061B0000C460D460E460F4688468946A0E8FA036F
:1061C000203AFBD2BDE8F00320320BD0042A05D3DD
:1061D00040F8041B043A05D0042AF9D200F8011B48
:1061E000013AFBD16046704708B50346007858B9BC
:1061F0005A78012A07D0920702D5044800F00CF81B
:1062000002225A70012008BD0020FCE781B903007A
:1062100001230370437070470FB408B5FBF770FF9C
:02622000FEE797
:10622400A9CA020000000000AD0A0300000000003B
:1062340031990200000000002D7E020000000000E1
:10624400C1AE020038410020B597020000000000F2
:1062540081B90200000000009984020000000000DF
:08626400ED0903000000000039
:10626C0041CC020000000000190B030000000000EC
:10627C00ED1D03000000000095200300000000004D
:10628C00F4510020BC520020C4520020FC510020CC
:04629C0018000000E6
:1062A000D87B0300030300007C7C03000303000091
:1062B000847C030003030000247D0300030300002B
:1062C000107E030003030000FC7E030003030000B4
:1062D0009C7F030003030000A47F0300030300006E
:1062E000AC7F030003030000B47F0300030300003E
:1062F000F491030003030404BC7F030003030000C4
:106300004C71030003030404E87A03000303000054
:10631000BC87030003030404D070030003030404D8
:10632000348B030003030404C0930300000004043F
:10633000E896030000000303A8970300000004048C
:106340005C74030000000303C46E03000000030339
:10635000AC70030000000303787503000000030322
:10636000C070030000000303007403000000030377
:10637000FC710300000003033C7A030000000303E8
:08638000AC78030000000303E8
:1063880038B50300000000002C910300382B0020D2
:106398000000000000000000B5F802000000000046
:0463A80000000000F1
:0C63AC00E18E020085240300FD3C03008C
:1063B80041707000496E697469616C697A617469C9
:1063C8006F6E000043686172676500005761697409
:1063D80000000000536C6F77204368617267652086
:1063E800416E64205363616E000000005374617451
:1063F800654D616368696E653A204E65772049503E
:10640800472064617461207265636569766564001C
:106418004368617267696E6720506172616D657467
:106428006572733A0000000020205672656374207C
:10643800646574656374696F6E3A202564000000B2
:1064480020205672656374204F56503A2025640008
:10645800202056636867207261696C2073757070BC
:106468006C79206369726375697420706F776572DF
:1064780020676F6F643A202564000000202043489D
:106488004731207374617475733A2025642C204F4A
:106498005650206572726F723A2025640000000021
:1064A800202043484732207374617475733A20255D
:1064B800642C204F5650206572726F723A20256402
:1064C80000000000546865726D616C205061726153
:1064D8006D65746572733A002020546865726D208A
:1064E8007265666572656E63653A20256400000012
:1064F8002020546865726D206F757075743A202578
:10650800640000002020546865726D206F66667311
:1065180065743A20256400004261747465727920BC
:10652800766F6C74616765206D65617375726564FB
:106538003A20256C64206D56000000005465737481
:1065480020496E666F726D6174696F6E3A00000063
:106558002020485620537570706C7920456E616212
:106568006C653A202564000020205644445320538B
:106578007570706C7920456E61626C653A2025648F
:106588000000000020205644444120537570706C70
:106598007920456E61626C653A2025640000000030
:1065A80053746174654D616368696E653A20416C26
:1065B8006C206261747465726965732063686172C6
:1065C8006765642028434847313D25642043484790
:1065D800323D25642050474F4F443D256429000033
:1065E80053746174654D616368696E653A204368E8
:1065F800617267696E6720696E2070726F67726575
:1066080073732028434847313D2564204348473267
:106618003D25642050474F4F443D25642900000024
:106628004368617267652053746174653A20504D00
:106638004320706F776572206F6E0A00417070207A
:106648007374617465206D616368696E653A204989
:106658006E697469616C697A6174696F6E205374CC
:1066680061746520456E7472790A0000526563652D
:10667800697665642053797374656D206576656EF7
:106688007420256420696E207363616E20737461C1
:106698007465000048656172746265617420766192
:1066A8006C75652025640A00575054204368617250
:1066B800676572204E54432054656D70657261742D
:1066C80075726520256420430A00000042617474D5
:1066D80065727920766F6C74616765206C65766584
:1066E8006C202564206D560A000000004865617220
:1066F800746265617454696D6572000053797374CE
:10670800656D4163746976654F626A6563740000FC
:1067180053797374656D20496E697469616C697A1F
:106728006564202D2056657273696F6E2025642E6E
:1067380025642E256420282573290A0048542D49EC
:10674800452D4649482D4657000000005374617294
:10675800742073797374656D20696E697469616CEE
:10676800697A6174696F6E200A0000005379737446
:10677800656D20696E697469616C697A6174696FA5
:106788006E20646F6E65200A0000000053797374F0
:10679800656D20537461727473204544410A00008A
:1067A80043616C6C6261636B2065786563757465C1
:1067B8006420666F72206576656E74202564206992
:1067C8006E20706F72742025640000004E6F206385
:1067D800616C6C6261636B20646566696E656420D8
:1067E800666F72206576656E7420256420696E2058
:1067F800706F7274202564002F55736572732F6152
:106808006C657862616C6477696E2F4465736B742C
:106818006F702F4F70656E4E657276652D43686197
:10682800726765722F4669726D776172652F536F53
:10683800757263652D436F64652F7372632F68618A
:106848006C5F6C617965722F68616C5F6164632E3F
:106858006370700042617474657279206D6561734C
:106868007572656D656E7420737461727465640AFF
:10687800000000005374617274696E67207363616D
:106888006E2E00002F55736572732F616C657862E8
:10689800616C6477696E2F4465736B746F702F4FEA
:1068A80070656E4E657276652D43686172676572B4
:1068B8002F4669726D776172652F536F75726365C4
:1068C8002D436F64652F7372632F68616C5F6C6111
:1068D8007965722F68616C5F626C652E63707000F9
:1068E800427574746F6E20257520707265737365B8
:1068F800640A0000427574746F6E202575207265F5
:106908006C65617365640A002F55736572732F6136
:106918006C657862616C6477696E2F4465736B741B
:106928006F702F4F70656E4E657276652D43686186
:10693800726765722F4669726D776172652F536F42
:10694800757263652D436F64652F7372632F686179
:106958006C5F6C617965722F68616C5F62757474C5
:106968006F6E2E6370700000546F6F206D616E79CA
:1069780020627574746F6E732E204D617820616C7F
:106988006C6F7765643A2025640A00004572726F5F
:10699800722077726974696E6720746F204441436E
:1069A80020726567697374657200000053746172C0
:1069B80074204446552070726F636573732C20747D
:1069C80068652073797374656D2077696C6C2072C3
:1069D800657365740D0A00004661696C656420740E
:1069E8006F20636C65617220475052454752455489
:1069F8003A2025640D0A00004661696C65642074BC
:106A08006F207365742044465520666C61673A2090
:106A180025640D0A0000000053797374656D2072B7
:106A28006573657420666F7220444655206D6F64E7
:106A3800650D0A002E2E2F2E2E2F636F72655F6C48
:106A4800617965722F73646B2F6E7266352F6E5283
:106A580046355F53444B5F31372E312E305F6464C7
:106A680064653536302F6D6F64756C65732F6E7283
:106A780066782F68616C2F6E72665F6770696F2E1B
:106A8800680000002F55736572732F616C6578621A
:106A9800616C6477696E2F4465736B746F702F4FE8
:106AA80070656E4E657276652D43686172676572B2
:106AB8002F4669726D776172652F536F75726365C2
:106AC8002D436F64652F7372632F636F72655F6CFC
:106AD800617965722F73646B2F6E7266352F6E52F3
:106AE80046355F53444B5F31372E312E305F646437
:106AF80064653536302F636F6D706F6E656E7473B5
:106B08002F626C652F636F6D6D6F6E2F626C655FA2
:106B1800636F6E6E5F73746174652E6300000000AE
:106B2800546865206C6F63616C2064617461626194
:106B3800736520686173206368616E6765642C20E3
:106B4800736F20736F6D65207375627363726970FC
:106B580074696F6E7320746F206E6F7469666963F1
:106B68006174696F6E7320616E6420696E64696315
:106B78006174696F6E7320636F756C64206E6F74D7
:106B880020626520726573746F72656420666F7227
:106B980020636F6E6E5F68616E646C6520256400AB
:106BA8006773636D5F6C6F63616C5F64625F636181
:106BB8006368655F6170706C7928292072657475E7
:106BC800726E65642025732077686963682073682E
:106BD8006F756C64206E6F742068617070656E2EBE
:106BE80020636F6E6E5F68616E646C653A20256421
:106BF800000000002E2E2F2E2E2F636F72655F6C03
:106C0800617965722F73646B2F6E7266352F6E52C1
:106C180046355F53444B5F31372E312E305F646405
:106C280064653536302F636F6D706F6E656E747383
:106C38002F6C69627261726965732F6D75746578FE
:106C48002F6E72665F6D74782E6800002F5573651D
:106C580072732F616C657862616C6477696E2F441A
:106C680065736B746F702F4F70656E4E65727665C5
:106C78002D436861726765722F4669726D7761721C
:106C8800652F536F757263652D436F64652F73723B
:106C9800632F636F72655F6C617965722F73646BC4
:106CA8002F6E7266352F6E5246355F53444B5F31F7
:106CB800372E312E305F646464653536302F636F4C
:106CC8006D706F6E656E74732F626C652F7065657D
:106CD800725F6D616E616765722F676174745F635F
:106CE800616368655F6D616E616765722E63000040
:106CF800466C6173682066756C6C2E20436F756CEA
:106D080064206E6F742073746F726520646174619F
:106D180020666F7220636F6E6E5F68616E646C656B
:106D28003A202564000000006773636D5F6C6F6331
:106D3800616C5F64625F63616368655F75706461FD
:106D4800746528292072657475726E6564202573D0
:106D580020666F7220636F6E6E5F68616E646C652B
:106D68003A202564000000006773636D5F736572E5
:106D7800766963655F6368616E6765645F696E64A1
:106D88005F73656E6428292072657475726E656418
:106D980020257320666F7220636F6E6E5F68616E68
:106DA800646C653A2025640043415220636861722F
:106DB8002076616C756520636F756C646E2774202E
:106DC80062652073746F72656420286572726F72D1
:106DD8003A202573292E205265617474656D70748C
:106DE8002077696C6C2068617070656E206F6E200A
:106DF800746865206E65787420636F6E6E65637461
:106E0800696F6E2E00000000556E657870656374BA
:106E180065642047415454207374617475732077F6
:106E280068696C652067657474696E6720434152B0
:106E380020636861722076616C75653A2030782528
:106E4800780000004D756C7469706C6520282564A5
:106E580029204341522063686172616374657269D5
:106E6800737469637320666F756E642C207573691B
:106E78006E67207468652066697273742E0000005E
:106E8800556E65787065637465642043415220636C
:106E9800686172616374657269737469632076618D
:106EA8006C7565206C656E67746820282564292CCC
:106EB8002073746F726520302E0000007065657253
:106EC8005F6D616E616765725F67636D00000000EA
:106ED8007064735F706565725F646174615F737419
:106EE8006F726528292072657475726E6564202535
:106EF80073207768696C652073746F72696E672098
:106F080073657276696365206368616E676564732B
:106F18007461746520666F7220706565722069649B
:106F28002025642E000000007064625F7065657241
:106F38005F646174615F7074725F6765742829208B
:106F480072657475726E656420257320666F722091
:106F5800636F6E6E5F68616E646C653A20256400CD
:106F680044696420616E6F74686572207468726524
:106F78006164206D616E6970756C61746520504D37
:106F88005F504545525F444154415F49445F474122
:106F980054545F4C4F43414C20666F7220706565B6
:106FA800725F6964202564206174207468652073A9
:106FB800616D652074696D653F207064625F7772EA
:106FC8006974655F6275665F72656C656173652873
:106FD800292072657475726E65642025732E000011
:106FE80073645F626C655F67617474735F737973F0
:106FF8005F617474725F7365742829207265747593
:10700800726E6564204E52465F4552524F525F4938
:107018004E56414C49445F4441544120666F7220AA
:107028004E554C4C20706F696E7465722077686994
:1070380063682073686F756C64206E65766572206E
:1070480068617070656E2E20636F6E6E5F68616E2A
:10705800646C653A2025640073645F626C655F67E1
:10706800617474735F696E697469616C5F75736567
:10707800725F68616E646C655F6765742829207249
:10708800657475726E656420257320776869636816
:107098002073686F756C64206E6F742068617070FF
:1070A800656E2E00706565725F6D616E61676572F1
:1070B8005F6773636D000000706565725F6D616E78
:1070C800616765725F696D006E72665F626C655FAD
:1070D8006761747400000000424C455F4741505F8F
:1070E8005343414E5F54494D454F555400000000ED
:1070F800436F6E6E656374696E670000436F6E6EF2
:10710800656374696F6E207374617475733A2025B2
:107118006400000073645F626C655F6761705F7331
:1071280063616E5F73746172742072657475726ED8
:1071380065642030782578005363616E6E696E67E8
:1071480000000000626C655F7363616E0000000000
:10715800436F756C64206E6F742064656C6574652C
:10716800207065657220646174612E206664735FA7
:1071780066696C655F64656C65746528292072654D
:107188007475726E6564203078257820666F722079
:10719800706565725F69643A20256400436F756C99
:1071A80064206E6F742077726974652064617461FD
:1071B80020746F20666C6173682E206664735F723A
:1071C80065636F72645F7B77726974657C757064E0
:1071D8006174657D28292072657475726E656420F6
:1071E800307825782E20706565725F69643A2025AD
:1071F80064000000706565725F6D616E616765723D
:107208005F70647300000000706D5F62756666658C
:10721800725F7074725F676574282920636F756C7C
:1072280064206E6F74207265747269657665205289
:10723800414D206275666665722E20626C6F636BC5
:107248005F69643A202564007064735F70656572D5
:107258005F646174615F73746F7265282920726559
:107268007475726E65642025732E20706565725F73
:1072780069643A2025640000536F6D652070656568
:1072880072206461746120776173206E6F7420705E
:10729800726F7065726C79207772697474656E208C
:1072A800746F20666C6173682E2077726974655FED
:1072B8006275665F73746F726528292072657475CC
:1072C800726E656420257320666F72207065657222
:1072D8005F69643A2025640043616E6E6F742073A1
:1072E800746F7265206461746120746F20666C61CC
:1072F8007368206265636175736520706D5F627580
:10730800666665725F7074725F67657428292063AA
:107318006F756C64206E6F7420726574726965761F
:10732800652052414D206275666665722E2049734C
:1073380020626C6F636B5F6964202564206E6F74D4
:1073480020616C6C6F63617465643F007064625F98
:1073580077726974655F6275665F72656C65617383
:107368006528292072657475726E656420257320FE
:1073780077686963682073686F756C64206E6F74D2
:107388002068617070656E2E20706565725F696433
:107398003A2025642C20646174615F69643A202571
:1073A80064000000506565722049442025642077F8
:1073B8006173206E6F742070726F7065726C7920C3
:1073C80072656C65617365642E207064735F7065A7
:1073D80065725F69645F66726565282920726574E5
:1073E80075726E65642025732E20706565725F69FD
:1073F800643A202564000000706565725F6D616EF7
:10740800616765725F70646200000000436F756CAD
:1074180064206E6F74207265747265697665207277
:10742800616E6B732E207064625F706565725F6455
:107438006174615F6C6F616428292072657475726C
:107448006E65642025732E20706565725F69643AE5
:1074580020256400706565725F6D616E6167657295
:1074680000000000557064617465000044656C6537
:10747800746500004F757464617465642028302950
:107488000000000053657276696365206368616E69
:107498006765642070656E64696E6720666C6167F5
:1074A800000000004F7574646174656420283229F7
:1074B800000000004F7574646174656420283329E6
:1074C800000000004170706C69636174696F6E2020
:1074D800646174610000000052656D6F746520641A
:1074E8006174616261736500506565722072616ED6
:1074F8006B000000426F6E64696E6720646174619E
:10750800000000004C6F63616C206461746162610B
:107518007365000043656E7472616C206164647207
:10752800657373207265736F6C7574696F6E000094
:10753800456E6372797074696F6E0000426F6E6495
:10754800696E670050616972696E6700496E76619D
:107558006C696420526F6C650000000050657269A8
:1075680070686572616C000043656E7472616C00CE
:10757800706565725F6D616E616765725F68616E87
:10758800646C657200000000496E7465726E616C0F
:10759800206572726F723A2025732072656365697F
:1075A800766564204E554C4C20666F7220705F7370
:1075B80065635F6B65797365742E0000436F756C46
:1075C80064206E6F742072657472696576652052E6
:1075D800414D2062756666657220666F7220696E1D
:1075E800636F6D696E6720626F6E642E20706462CF
:1075F8005F77726974655F6275665F67657428296D
:107608002072657475726E65642025732E20636F11
:107618006E6E5F68616E646C653A202564000000D8
:10762800696D5F626C655F616464725F6765742829
:10763800292072657475726E65642025732E206327
:107648006F6E6E5F68616E646C653A2025642E20EB
:107658004C696E6B20776173206C696B656C79205F
:10766800646973636F6E6E65637465642E000000F1
:10767800436F756C64206E6F7420636C65616E2057
:107688007570206166746572206661696C65642036
:10769800626F6E64696E672070726F63656475727D
:1076A800652E207064625F77726974655F627566C3
:1076B8005F72656C656173652829207265747572DF
:1076C8006E65642025732E20636F6E6E5F68616E31
:1076D800646C653A2025642E0000000073645F62C4
:1076E8006C655F6761705F7365635F696E666F5F26
:1076F8007265706C7928292072657475726E65647C
:10770800204E52465F45524F525F494E56414C49B2
:10771800445F53544154452C207768696368206955
:107728007320616E6572726F7220756E6C6573730B
:1077380020746865206C696E6B20697320646973B6
:10774800636F6E6E656374696E672E00436F756C48
:1077580064206E6F7420636F6D706C65746520654E
:107768006E6372797074696F6E2070726F6365648E
:107778007572652E2073645F626C655F6761705F08
:107788007365635F696E666F5F7265706C792829CF
:107798002072657475726E65642025732E20636F80
:1077A8006E6E5F68616E646C653A2025642C20708B
:1077B8006565725F69643A2025642E0052414D2048
:1077C80062756666657220666F72206E65772062E4
:1077D8006F6E642077617320756E617661696C6184
:1077E800626C652E207064625F77726974655F628F
:1077F80075665F67657428292072657475726E6591
:10780800642025732E20636F6E6E5F68616E646CF2
:10781800653A2025642E0000436F756C64206E6FF6
:107828007420616C6C6F63617465206E657720707D
:107838006565725F696420666F7220696E636F6D3B
:10784800696E6720626F6E642E000000436F756C6E
:1078580064206E6F742073746F726520626F6E643B
:107868002E207064625F77726974655F6275665F07
:1078780073746F726528292072657475726E6564F9
:107888002025732E20636F6E6E5F68616E646C6571
:107898003A2025642C20706565725F69643A20255A
:1078A80064000000706565725F6D616E6167657286
:1078B8005F736D640000000043616E6E6F74207327
:1078C8006563757265206C696E6B206265636175AE
:1078D800736520612070726576696F7573207365B2
:1078E8006375726974792070726F63656475726507
:1078F80020656E64656420696E2074696D656F75B6
:10790800742E20446973636F6E6E65637420616EB4
:10791800642072657472792E20736D645F70617271
:10792800616D735F7265706C792829206F7220739E
:107938006D645F6C696E6B5F73656375726528292A
:107948002072657475726E6564204E52465F4552AA
:10795800524F525F54494D454F55542E20636F6E18
:107968006E5F68616E646C653A20256400000000F3
:10797800436F756C64206E6F7420706572666F72E9
:107988006D2073656375726974792070726F6365B1
:10799800647572652E20736D645F706172616D73BA
:1079A8005F7265706C792829206F7220736D645F2F
:1079B8006C696E6B5F7365637572652829207265E3
:1079C8007475726E65642025732E20636F6E6E5F0A
:1079D80068616E646C653A2025640000436F756CBD
:1079E80064206E6F7420706572666F726D207365A7
:1079F8006375726974792070726F636564757265F6
:107A08002E20736D645F6C696E6B5F73656375724E
:107A18006528292072657475726E65642025732E39
:107A280020636F6E6E5F68616E646C653A202564D2
:107A380000000000706565725F6D616E6167657258
:107A48005F736D002F55736572732F616C65786273
:107A5800616C6477696E2F4465736B746F702F4F18
:107A680070656E4E657276652D43686172676572E2
:107A78002F4669726D776172652F536F75726365F2
:107A88002D436F64652F7372632F636F72655F6C2C
:107A9800617965722F73646B2F6E7266352F6E5223
:107AA80046355F53444B5F31372E312E305F646467
:107AB80064653536302F696E746567726174696FF5
:107AC8006E2F6E7266782F6C65676163792F6E72A0
:107AD800665F6472765F636C6F636B2E6300000091
:107AE800636C6F636B0000002E2E2F2E2E2F636F9A
:107AF80072655F6C617965722F73646B2F6E726645
:107B0800352F6E5246355F53444B5F31372E312E39
:107B1800305F646464653536302F696E74656772EA
:107B28006174696F6E2F6E7266782F6E7266785FF9
:107B3800676C75652E6800002F55736572732F6129
:107B48006C657862616C6477696E2F4465736B74D9
:107B58006F702F4F70656E4E657276652D43686144
:107B6800726765722F4669726D776172652F536F00
:107B7800757263652D436F64652F7372632F636F2E
:107B880072655F6C617965722F73646B2F6E7266B4
:107B9800352F6E5246355F53444B5F31372E312EA9
:107BA800305F646464653536302F6D6F64756C655D
:107BB800732F6E7266782F647269766572732F738D
:107BC80072632F6E7266785F636C6F636B2E6300EF
:107BD800434C4F434B0000002F55736572732F6160
:107BE8006C657862616C6477696E2F4465736B7439
:107BF8006F702F4F70656E4E657276652D436861A4
:107C0800726765722F4669726D776172652F536F5F
:107C1800757263652D436F64652F7372632F636F8D
:107C280072655F6C617965722F73646B2F6E726613
:107C3800352F6E5246355F53444B5F31372E312E08
:107C4800305F646464653536302F6D6F64756C65BC
:107C5800732F6E7266782F647269766572732F73EC
:107C680072632F6E7266785F6770696F74652E63D2
:107C7800000000004750494F54450000505049004B
:107C88002F55736572732F616C657862616C6477C8
:107C9800696E2F4465736B746F702F4F70656E4EED
:107CA800657276652D436861726765722F466972E1
:107CB8006D776172652F536F757263652D436F64BD
:107CC800652F7372632F636F72655F6C617965727C
:107CD8002F73646B2F6E7266352F6E5246355F5365
:107CE800444B5F31372E312E305F6464646535361E
:107CF800302F6D6F64756C65732F6E7266782F64A4
:107D08007269766572732F7372632F7072732F6E38
:107D18007266785F7072732E6300000050525300D1
:107D28002E2E2F2E2E2F636F72655F6C6179657210
:107D38002F73646B2F6E7266352F6E5246355F5304
:107D4800444B5F31372E312E305F646464653536BD
:107D5800302F6D6F64756C65732F6E7266782F683F
:107D6800616C2F6E72665F70776D2E680000000080
:107D78002F55736572732F616C657862616C6477D7
:107D8800696E2F4465736B746F702F4F70656E4EFC
:107D9800657276652D436861726765722F466972F0
:107DA8006D776172652F536F757263652D436F64CC
:107DB800652F7372632F636F72655F6C617965728B
:107DC8002F73646B2F6E7266352F6E5246355F5374
:107DD800444B5F31372E312E305F6464646535362D
:107DE800302F6D6F64756C65732F6E7266782F64B3
:107DF8007269766572732F7372632F6E7266785F1D
:107E080070776D2E6300000050574D002F55736535
:107E180072732F616C657862616C6477696E2F4448
:107E280065736B746F702F4F70656E4E65727665F3
:107E38002D436861726765722F4669726D7761724A
:107E4800652F536F757263652D436F64652F737269
:107E5800632F636F72655F6C617965722F73646BF2
:107E68002F6E7266352F6E5246355F53444B5F3125
:107E7800372E312E305F646464653536302F6D6F70
:107E880064756C65732F6E7266782F647269766597
:107E980072732F7372632F6E7266785F7361616499
:107EA800632E63002E2E2F2E2E2F636F72655F6C4C
:107EB800617965722F73646B2F6E7266352F6E52FF
:107EC80046355F53444B5F31372E312E305F646443
:107ED80064653536302F6D6F64756C65732F6E72FF
:107EE80066782F68616C2F6E72665F736161646378
:107EF8002E68000053414144430000002F5573652C
:107F080072732F616C657862616C6477696E2F4457
:107F180065736B746F702F4F70656E4E6572766502
:107F28002D436861726765722F4669726D77617259
:107F3800652F536F757263652D436F64652F737278
:107F4800632F636F72655F6C617965722F73646B01
:107F58002F6E7266352F6E5246355F53444B5F3134
:107F6800372E312E305F646464653536302F6D6F7F
:107F780064756C65732F6E7266782F6472697665A6
:107F880072732F7372632F6E7266785F7370696D88
:107F98002E6300005350494D0000000054494D45E0
:107FA80052000000554152540000000055415254FF
:107FB800450000006170705F627574746F6E000038
:107FC800534F46544445564943453A204153534537
:107FD8005254494F4E204641494C45440000000048
:107FE800534F46544445564943453A20494E564115
:107FF8004C4944204D454D4F525920414343455328
:1080080053000000415353455254494F4E204641B6
:10801800494C45442061742025733A2575000000B9
:108028004552524F52202575205B25735D2061749F
:108038002025733A25750D0A50432061743A203083
:108048007825303878000000456E64206F6620651A
:1080580072726F72207265706F727400554E4B4E5B
:108068004F574E204641554C542061742030782596
:10807800303858002F55736572732F616C657862BC
:10808800616C6477696E2F4465736B746F702F4FE2
:1080980070656E4E657276652D43686172676572AC
:1080A8002F4669726D776172652F536F75726365BC
:1080B8002D436F64652F7372632F636F72655F6CF6
:1080C800617965722F73646B2F6E7266352F6E52ED
:1080D80046355F53444B5F31372E312E305F646431
:1080E80064653536302F636F6D706F6E656E7473AF
:1080F8002F6C69627261726965732F7574696C2F70
:108108006170705F7574696C5F706C6174666F72B2
:108118006D2E63002F55736572732F616C657862DD
:10812800616C6477696E2F4465736B746F702F4F41
:1081380070656E4E657276652D436861726765720B
:108148002F4669726D776172652F536F757263651B
:108158002D436F64652F7372632F636F72655F6C55
:10816800617965722F73646B2F6E7266352F6E524C
:1081780046355F53444B5F31372E312E305F646490
:1081880064653536302F636F6D706F6E656E74730E
:108198002F6C69627261726965732F6664732F66EA
:1081A80064732E6300000000484152442046415544
:1081B8004C54206174203078253038580000000075
:1081C800202052303A20203078253038582020524C
:1081D800313A2020307825303858202052323A2041
:1081E80020307825303858202052333A20203078F3
:1081F800253038580000000020205231323A203013
:10820800782530385820204C523A202030782530B4
:10821800385820205053523A2030782530385800AA
:10822800537461636B2076696F6C6174696F6E3A21
:1082380020737461636B20706F696E746572206F50
:1082480075747369646520737461636B206172650A
:10825800612E000043617573653A2042757346616B
:10826800756C74206F6E206120766563746F722060
:108278007461626C65207265616420647572696EF0
:108288006720657863657074696F6E2070726F63BC
:10829800657373696E672E0043617573653A2025AF
:1082A800732E00004D656D4D616E616765204661F6
:1082B800756C7420416464726573733A2030782554
:1082C80030385800427573204661756C74204164DB
:1082D80064726573733A203078253038580000008E
:1082E8005468652070726F636573736F722068617C
:1082F8007320617474656D7074656420746F206593
:1083080078656375746520616E20756E646566694D
:108318006E656420696E737472756374696F6E003C
:108328005468652070726F636573736F722061742F
:1083380074656D707465642061206C6F6164206F72
:10834800722073746F72652061742061206C6F6392
:108358006174696F6E207468617420646F6573203E
:108368006E6F74207065726D697420746865206F13
:108378007065726174696F6E00000000556E7374E9
:1083880061636B20666F7220616E2065786365702B
:1083980074696F6E2072657475726E2068617320DF
:1083A800636175736564206F6E65206F72206D6FF1
:1083B8007265206163636573732076696F6C61749D
:1083C800696F6E7300000000537461636B696E67B8
:1083D80020666F7220616E20657863657074696FBE
:1083E8006E20656E7472792068617320636175739D
:1083F8006564206F6E65206F72206D6F72652061F5
:1084080063636573732076696F6C6174696F6E73EB
:108418000000000041204D656D4D616E616765206B
:108428006661756C74206F6363757272656420642D
:108438007572696E6720666C6F6174696E672D70FE
:108448006F696E74206C617A792073746174652029
:10845800707265736572766174696F6E00000000F2
:10846800496E737472756374696F6E2062757320D8
:108478006572726F720000004461746120627573E6
:10848800206572726F72202850432076616C756582
:1084980020737461636B656420666F72207468650D
:1084A80020657863657074696F6E20726574757283
:1084B8006E20706F696E747320746F207468652005
:1084C800696E737472756374696F6E207468617411
:1084D8002063617573656420746865206661756CD6
:1084E800742900004461746120627573206572729A
:1084F8006F72202872657475726E2061646472658B
:10850800737320696E2074686520737461636B20CF
:108518006672616D65206973206E6F742072656C78
:108528006174656420746F2074686520696E737463
:1085380072756374696F6E20746861742063617505
:1085480073656420746865206572726F7229000013
:10855800556E737461636B20666F7220616E20655F
:108568007863657074696F6E2072657475726E20B9
:1085780068617320636175736564206F6E65206F31
:1085880072206D6F7265204275734661756C7473E5
:1085980000000000537461636B696E6720666F7238
:1085A80020616E20657863657074696F6E20656EF2
:1085B8007472792068617320636175736564206FD4
:1085C8006E65206F72206D6F72652042757346610B
:1085D800756C747300000000412062757320666139
:1085E800756C74206F63637572726564206475724C
:1085F800696E6720666C6F6174696E672D706F694C
:108608006E74206C617A792073746174652070725D
:1086180065736572766174696F6E000054686520D1
:1086280070726F636573736F722068617320617411
:1086380074656D7074656420746F20657865637502
:10864800746520616E20696E737472756374696FE6
:108658006E2074686174206D616B657320696C6C41
:108668006567616C20757365206F66207468652086
:1086780045505352000000005468652070726F63C3
:108688006573736F722068617320617474656D70AF
:1086980074656420616E20696C6C6567616C206C20
:1086A8006F6164206F66204558435F5245545552A8
:1086B8004E20746F207468652050432C206173200D
:1086C8006120726573756C74206F6620616E206915
:1086D8006E76616C696420636F6E746578742C20A3
:1086E8006F7220616E20696E76616C6964204558EE
:1086F800435F52455455524E2076616C75650000B3
:108708005468652070726F636573736F7220686157
:108718007320617474656D7074656420746F206172
:108728006363657373206120636F70726F63657331
:10873800736F72005468652070726F636573736F2E
:108748007220686173206D61646520616E20756EAA
:10875800616C69676E6564206D656D6F7279206103
:1087680063636573730000005468652070726F63FB
:108778006573736F722068617320657865637574BB
:10878800656420616E2053444956206F7220554419
:10879800495620696E737472756374696F6E2077B9
:1087A80069746820612064697669736F72206F66E6
:1087B80020300000686172646661756C74000000A6
:1087C8002F55736572732F616C657862616C64777D
:1087D800696E2F4465736B746F702F4F70656E4EA2
:1087E800657276652D436861726765722F46697296
:1087F8006D776172652F536F757263652D436F6472
:10880800652F7372632F636F72655F6C6179657230
:108818002F73646B2F6E7266352F6E5246355F5319
:10882800444B5F31372E312E305F646464653536D2
:10883800302F636F6D706F6E656E74732F6C696225
:108848007261726965732F62616C6C6F632F6E72EF
:10885800665F62616C6C6F632E6300002F557365F1
:1088680072732F616C657862616C6477696E2F44EE
:1088780065736B746F702F4F70656E4E6572766599
:108888002D436861726765722F4669726D776172F0
:10889800652F536F757263652D436F64652F73720F
:1088A800632F636F72655F6C617965722F73646B98
:1088B8002F6E7266352F6E5246355F53444B5F31CB
:1088C800372E312E305F646464653536302F657815
:1088D8007465726E616C2F667072696E74662F6E45
:1088E80072665F667072696E74662E6300000000BF
:1088F8002F55736572732F616C657862616C64774C
:10890800696E2F4465736B746F702F4F70656E4E70
:10891800657276652D436861726765722F46697264
:108928006D776172652F536F757263652D436F6440
:10893800652F7372632F636F72655F6C61796572FF
:108948002F73646B2F6E7266352F6E5246355F53E8
:10895800444B5F31372E312E305F646464653536A1
:10896800302F65787465726E616C2F667072696EEF
:1089780074662F6E72665F667072696E74665F6683
:108988006F726D61742E6300705F66730000000083
:10899800257320636865636B206661696C65642074
:1089A800696E202573282920776974682076616CA0
:1089B800756520307825782E00000000705F6170A2
:1089C80069000000705F66732D3E705F617069001A
:1089D800705F6465737400006C656E006164647236
:1089E8005F69735F616C69676E656433322873729F
:1089F80063290000616464725F69735F77697468F2
:108A0800696E5F626F756E647328705F66732C2081
:108A18007372632C206C656E29000000705F73729E
:108A28006300000021286C656E202520705F667346
:108A38002D3E705F666C6173685F696E666F2D3E70
:108A480070726F6772616D5F756E697429000000DE
:108A5800616464725F69735F616C69676E656433D2
:108A68003228646573742900616464725F69735F96
:108A7800616C69676E65643332282875696E743372
:108A8800325F7429705F73726329000061646472D5
:108A98005F69735F77697468696E5F626F756E642A
:108AA8007328705F66732C20646573742C206C6562
:108AB8006E290000616464725F69735F7061676545
:108AC8005F616C69676E656428705F66732C2070DF
:108AD8006167655F616464722900000061646472A3
:108AE8005F69735F77697468696E5F626F756E64DA
:108AF8007328705F66732C20706167655F616464BA
:108B0800722C20286C656E202A20705F66732D3EBB
:108B1800705F666C6173685F696E666F2D3E657223
:108B28006173655F756E6974292900006E72665FEE
:108B38006673746F72616765000000002F55736576
:108B480072732F616C657862616C6477696E2F440B
:108B580065736B746F702F4F70656E4E65727665B6
:108B68002D436861726765722F4669726D7761720D
:108B7800652F536F757263652D436F64652F73722C
:108B8800632F636F72655F6C617965722F73646BB5
:108B98002F6E7266352F6E5246355F53444B5F31E8
:108BA800372E312E305F646464653536302F636F3D
:108BB8006D706F6E656E74732F6C69627261726925
:108BC80065732F6D656D6F626A2F6E72665F6D6576
:108BD8006D6F626A2E6300002F55736572732F6183
:108BE8006C657862616C6477696E2F4465736B7429
:108BF8006F702F4F70656E4E657276652D43686194
:108C0800726765722F4669726D776172652F536F4F
:108C1800757263652D436F64652F7372632F636F7D
:108C280072655F6C617965722F73646B2F6E726603
:108C3800352F6E5246355F53444B5F31372E312EF8
:108C4800305F646464653536302F636F6D706F6EA6
:108C5800656E74732F6C69627261726965732F65D2
:108C680078706572696D656E74616C5F7365637445
:108C7800696F6E5F766172732F6E72665F7365637C
:108C880074696F6E5F697465722E63004E52465F39
:108C980053554343455353004E52465F4552524F36
:108CA800525F5356435F48414E444C45525F4D49CD
:108CB8005353494E470000004E52465F4552524FAB
:108CC800525F534F46544445564943455F4E4F54AF
:108CD8005F454E41424C4544000000004E52465FFD
:108CE8004552524F525F494E5445524E414C000036
:108CF8004E52465F4552524F525F4E4F5F4D454D63
:108D0800000000004E52465F4552524F525F4E4F90
:108D1800545F464F554E44004E52465F4552524F9F
:108D2800525F4E4F545F535550504F525445440074
:108D38004E52465F4552524F525F494E56414C493A
:108D4800445F504152414D004E52465F4552524F8A
:108D5800525F494E56414C49445F53544154450073
:108D68004E52465F4552524F525F494E56414C490A
:108D7800445F4C454E475448000000004E52465F41
:108D88004552524F525F494E56414C49445F464CFA
:108D9800414753004E52465F4552524F525F494E2B
:108DA80056414C49445F4441544100004E52465F8D
:108DB8004552524F525F444154415F53495A45000E
:108DC8004E52465F4552524F525F54494D454F559A
:108DD800540000004E52465F4552524F525F4E5566
:108DE8004C4C00004E52465F4552524F525F464F20
:108DF8005242494444454E004E52465F4552524FF6
:108E0800525F494E56414C49445F41444452000028
:108E18004E52465F4552524F525F425553590000D9
:108E28004E52465F4552524F525F434F4E4E5F433C
:108E38004F554E54000000004E52465F4552524F67
:108E4800525F5245534F5552434553004E52465F69
:108E58004552524F525F4D4F44554C455F4E4F540B
:108E68005F494E495449414C495A45440000000065
:108E78004E52465F4552524F525F4D555445585FCA
:108E8800494E49545F4641494C4544004E52465F5D
:108E98004552524F525F4D555445585F4C4F434BC6
:108EA8005F4641494C4544004E52465F4552524F39
:108EB800525F4D555445585F554E4C4F434B5F4696
:108EC80041494C45440000004E52465F4552524FBE
:108ED800525F4D555445585F434F4E445F494E4984
:108EE800545F4641494C4544000000004E52465FDD
:108EF8004552524F525F4D4F44554C455F414C527D
:108F0800454144595F494E495449414C495A4544A1
:108F1800000000004E52465F4552524F525F535474
:108F28004F524147455F46554C4C00004E52465FF4
:108F38004552524F525F4150495F4E4F545F494D21
:108F4800504C454D454E5445440000004E52465F36
:108F58004552524F525F464541545552455F4E4F18
:108F6800545F454E41424C45440000004E52465F16
:108F78004552524F525F494F5F50454E44494E4704
:108F8800000000004E52465F4552524F525F445215
:108F9800565F5457495F4552525F4F564552525596
:108FA8004E0000004E52465F4552524F525F4452A7
:108FB800565F5457495F4552525F414E41434B00FB
:108FC8004E52465F4552524F525F4452565F545775
:108FD800495F4552525F444E41434B004E52465FF3
:108FE8004552524F525F424C455F495053505F5271
:108FF800585F504B545F5452554E434154454400BA
:109008004E52465F4552524F525F424C455F49505F
:1090180053505F4348414E4E454C5F414C52454189
:1090280044595F4558495354530000004E52465F17
:109038004552524F525F424C455F495053505F4C26
:10904800494E4B5F444953434F4E4E454354454464
:10905800000000004E52465F4552524F525F424C4C
:10906800455F495053505F504545525F52454A4508
:1090780043544544000000002F55736572732F61F7
:109088006C657862616C6477696E2F4465736B7484
:109098006F702F4F70656E4E657276652D436861EF
:1090A800726765722F4669726D776172652F536FAB
:1090B800757263652D436F64652F7372632F636FD9
:1090C80072655F6C617965722F73646B2F6E72665F
:1090D800352F6E5246355F53444B5F31372E312E54
:1090E800305F646464653536302F636F6D706F6E02
:1090F800656E74732F6C69627261726965732F6C27
:109108006F672F7372632F6E72665F6C6F675F6431
:10911800656661756C745F6261636B656E64732EFE
:10912800630000007274745F6C6F675F6261636BE9
:10913800656E64002F55736572732F616C65786274
:10914800616C6477696E2F4465736B746F702F4F11
:1091580070656E4E657276652D43686172676572DB
:109168002F4669726D776172652F536F75726365EB
:109178002D436F64652F7372632F636F72655F6C25
:10918800617965722F73646B2F6E7266352F6E521C
:1091980046355F53444B5F31372E312E305F646460
:1091A80064653536302F636F6D706F6E656E7473DE
:1091B8002F6C69627261726965732F6C6F672F73A8
:1091C80072632F6E72665F6C6F675F66726F6E7424
:1091D800656E642E630000004261636B656E6473A4
:1091E80020666C757368656400000000617070002B
:1091F8001B5B313B33316D0025734C6F6773206403
:10920800726F70706564202825642925730D0A0023
:109218001B5B306D00000000257300003C25733E89
:109228002025733A20000000202530327800000005
:10923800202020007C0000002563000020000000A2
:109248001B5B313B33306D001B5B313B33326D00B0
:109258001B5B313B33336D001B5B313B33346D009B
:109268001B5B313B33356D001B5B313B33366D0087
:109278001B5B313B33376D007761726E696E670037
:10928800696E666F00000000646562756700000023
:109298005465726D696E616C000000005254540090
:1092A8005345474745520000537461746520726501
:1092B80071756573743A203078253038580000008D
:1092C8004E6F74696679206F627365727665722075
:1092D800307825303858203D3E2072656164790029
:1092E8004E6F74696679206F627365727665722055
:1092F800307825303858203D3E20626C6F636B69AA
:109308006E6700005374617465206368616E6765F9
:109318003A20307825303858000000002F55736502
:1093280072732F616C657862616C6477696E2F4423
:1093380065736B746F702F4F70656E4E65727665CE
:109348002D436861726765722F4669726D77617225
:10935800652F536F757263652D436F64652F737244
:10936800632F636F72655F6C617965722F73646BCD
:109378002F6E7266352F6E5246355F53444B5F3100
:10938800372E312E305F646464653536302F636F55
:109398006D706F6E656E74732F736F667464657627
:1093A8006963652F636F6D6D6F6E2F6E72665F7385
:1093B80064682E63000000006E72665F7364680064
:1093C8002F55736572732F616C657862616C647771
:1093D800696E2F4465736B746F702F4F70656E4E96
:1093E800657276652D436861726765722F4669728A
:1093F8006D776172652F536F757263652D436F6466
:10940800652F7372632F636F72655F6C6179657224
:109418002F73646B2F6E7266352F6E5246355F530D
:10942800444B5F31372E312E305F646464653536C6
:10943800302F636F6D706F6E656E74732F736F6608
:10944800746465766963652F636F6D6D6F6E2F6EDB
:1094580072665F7364685F626C652E63000000006B
:1094680073645F626C655F6366675F736574282900
:109478002072657475726E6564202573207768653F
:109488006E20617474656D7074696E6720746F20E6
:1094980073657420424C455F434F4E4E5F434647C9
:1094A8005F4741502E00000073645F626C655F6324
:1094B80066675F73657428292072657475726E65B6
:1094C80064202573207768656E20617474656D70FB
:1094D80074696E6720746F2073657420424C455F11
:1094E8004741505F4346475F524F4C455F434F5596
:1094F8004E542E0073645F626C655F6366675F73CA
:10950800657428292072657475726E6564202573E8
:10951800207768656E20617474656D7074696E6714
:1095280020746F2073657420424C455F434F4E4E44
:109538005F4346475F474154542E000073645F629F
:109548006C655F6366675F7365742829207265744C
:1095580075726E6564202573207768656E20617466
:1095680074656D7074696E6720746F2073657420FC
:10957800424C455F434F4D4D4F4E5F4346475F5604
:10958800535F555549442E0073645F626C655F6391
:1095980066675F73657428292072657475726E65D5
:1095A80064202573207768656E20617474656D701A
:1095B80074696E6720746F2073657420424C455F30
:1095C80047415454535F4346475F415454525F5494
:1095D80041425F53495A452E0000000073645F62A0
:1095E8006C655F6366675F736574282920726574AC
:1095F80075726E6564202573207768656E206174C6
:1096080074656D7074696E6720746F20736574205B
:10961800424C455F47415454535F4346475F534567
:1096280052564943455F4348414E4745442E000042
:10963800496E73756666696369656E742052414D3B
:1096480020616C6C6F636174656420666F7220744E
:10965800686520536F66744465766963652E0000FB
:109668004368616E6765207468652052414D2073B8
:1096780074617274206C6F636174696F6E206672B6
:109688006F6D203078257820746F20307825782EFB
:10969800000000004D6178696D756D2052414D20C4
:1096A80073697A6520666F72206170706C69636196
:1096B80074696F6E20697320307825782E00000059
:1096C80073645F626C655F656E61626C65282920F2
:1096D80072657475726E65642025732E0000000033
:1096E8006E72665F7364685F626C6500536F4320D7
:1096F8006576656E743A20307825782E0000000073
:109708002F55736572732F616C657862616C64772D
:10971800696E2F4465736B746F702F4F70656E4E52
:10972800657276652D436861726765722F46697246
:109738006D776172652F536F757263652D436F6422
:10974800652F7372632F636F72655F6C61796572E1
:109758002F73646B2F6E7266352F6E5246355F53CA
:10976800444B5F31372E312E305F64646465353683
:10977800302F636F6D706F6E656E74732F736F66C5
:10978800746465766963652F636F6D6D6F6E2F6E98
:1097980072665F7364685F736F632E630000000016
:1097A8006E72665F7364685F736F6300426C6553C3
:1097B800746174654D616368696E6500426C6549E2
:1097C800646C650054696D656F75742074696D65A6
:1097D8007220657870697265642E0000426C655469
:1097E800696D656F757454696D6572005374617243
:1097F80074696E672074696D656F75742074696D1E
:1098080065722E0053746F7070696E672074696D8D
:10981800656F75742074696D65722E0053746F706E
:1098280070696E67207363616E2E00005363616E0A
:109838002074696D6564206F75742E0046696C74B8
:109848006572206D617463682E0000005768697442
:10985800656C69737420616476207265706F7274C8
:109868002E000000426C65537562737974656D3A19
:1098780020496E697469616C697A6564200A000020
:10988800426C6500504D43205374617465204D61EE
:109898006368696E653A204368617267696E67201C
:1098A8004261747465727920456E7472790A000099
:1098B800504D43205374617465204D616368696E2F
:1098C800653A5374617465204368617267696E67AD
:1098D800204261747465727920446973706174639D
:1098E800684576656E740A00504D43205374617460
:1098F80065204D616368696E653A20496E76616CD2
:109908006964204576656E740A000000504D432056
:109918005374617465204D616368696E653A2050BF
:10992800696E6720506F72740A000000504D432022
:109938005374617465204D616368696E652043687E
:10994800617267696E672042617474657279207309
:10995800746174653A204261747465727920537435
:10996800617274204368617267696E670A0000005B
:10997800504D43205374617465204D616368696E6E
:1099880065204368617267696E6720426174746517
:1099980072792073746174653A20426174746572D7
:1099A800792046756C6C20436861726765640A00AB
:1099B800504D43205374617465204D616368696E2E
:1099C80065204368617267696E67204261747465D7
:1099D80072792073746174653A2042617474657297
:1099E80079204368617267696E670A00504D4320A9
:1099F8005374617465204D616368696E65204368BE
:109A0800617267696E672042617474657279207348
:109A1800746174653A204261747465727920507279
:109A28006573656E7420496E64696361746F720A48
:109A380000000000504D43205374617465204D614F
:109A48006368696E65204368617267696E67204262
:109A58006174746572792073746174653A20504D2D
:109A680043204661756C7420436F6E646974696F36
:109A78006E0A00002F55736572732F616C657862EA
:109A8800616C6477696E2F4465736B746F702F4FC8
:109A980070656E4E657276652D4368617267657292
:109AA8002F4669726D776172652F536F75726365A2
:109AB8002D436F64652F7372632F736572766963C4
:109AC800655F6C617965722F706D632F7374617453
:109AD800655F6D616368696E652F7376635F706D2E
:109AE800635F73746174655F6368617267696E67E9
:109AF8005F626174746572792E6370700000000093
:109B0800504D43205374617465204D616368696EDC
:109B1800653A204368617267696E672042617474B0
:109B280065727920457869740A000000504D432019
:109B38005374617465204D616368696E653A2045A8
:109B48006E61626C6520456E7472790A00000000CF
:109B5800504D43205374617465204D616368696E8C
:109B6800653A5374617465456E61626C6520446939
:109B78007370617463684576656E740A000000004E
:109B8800504D43205374617465204D616368696E5C
:109B98006520456E61626C652073746174653A2056
:109BA800504D43204661756C7420436F6E64697430
:109BB800696F6E0A000000002F55736572732F617C
:109BC8006C657862616C6477696E2F4465736B7439
:109BD8006F702F4F70656E4E657276652D436861A4
:109BE800726765722F4669726D776172652F536F60
:109BF800757263652D436F64652F7372632F736588
:109C080072766963655F6C617965722F706D632F19
:109C180073746174655F6D616368696E652F7376CF
:109C2800635F706D635F73746174655F656E6162B5
:109C38006C652E6370700000504D4320537461743E
:109C480065204D616368696E653A20456E61626C96
:109C58006520457869740A00504D43205374617437
:109C680065204D616368696E653A2049646C6520BA
:109C7800456E7472790A0000504D43205374617424
:109C880065204D616368696E653A2049646C65209A
:109C9800457869740A000000504D4320537461747C
:109CA80065204D616368696E653A2049646C65207A
:109CB80044697370617463684576656E740A000060
:109CC800504D43205374617465204D616368696E1B
:109CD800653A20496E697469616C697A650A0000A1
:109CE8002F55736572732F616C657862616C647748
:109CF800696E2F4465736B746F702F4F70656E4E6D
:109D0800657276652D436861726765722F46697260
:109D18006D776172652F536F757263652D436F643C
:109D2800652F7372632F736572766963655F6C6103
:109D38007965722F706D632F73746174655F6D61DF
:109D48006368696E652F7376635F706D635F7374A4
:109D58006174655F69646C652E6370700000000053
:109D6800504D430049646C6500000000456E616217
:109D78006C6500004368617267696E6720426174B0
:109D88007465727900000000504D43204D616E618A
:109D98006765723A20436F6E6669674770696F73CB
:109DA8000A000000504D43204D616E616765723AAC
:109DB80020496E69740A0000504D43204D616E6160
:109DC8006765723A20456E61626C655663635265D9
:109DD80067756C61746F720A00000000504D432073
:109DE8004D616E616765723A2044697361626C65A2
:109DF800566363526567756C61746F720A00000080
:109E0800504D43204D616E616765723A20456E6121
:109E1800626C6542617474657279436861726765E2
:109E2800720A0000504D43204D616E616765723AB9
:109E38002044697361626C65426174746572794328
:109E48006861726765720A00504D43204D616E610A
:109E58006765723A20476574426174746572795611
:109E68006F6C746167650A00504D43204D616E61E7
:109E78006765723A205265616442617474657279EB
:109E88004368617267657250726573656E74496E76
:109E980064696361746F720A00000000504D4320CA
:109EA8004D616E616765723A205265616442617402
:109EB80074657279436861726765496E6469636144
:109EC800746F7250696E0A00504D43204D616E6187
:109ED8006765723A2052656164426174746572798B
:109EE80046617374436861726765496E646963614A
:109EF800746F720A00000000504D4320506F727456
:109F08003A20457865637574654576656E740A0010
:109F1800575054205374617465204D616368696EAD
:109F2800653A204368617267696E6720457869748D
:109F38000A000000575054205374617465204D6125
:109F48006368696E653A204368617267696E672065
:109F5800456E7472790A0000575054205374617426
:109F680065204D616368696E653A53746174654331
:109F780068617267696E67204469737061746368A9
:109F88004576656E740A0000575054205374617406
:109F980065204D616368696E653A20496E76616C2B
:109FA8006964204576656E740A0000005750542095
:109FB8005374617465204D616368696E653A205019
:109FC800696E6720506F72740A0000005750542061
:109FD8005374617465204D616368696E653A2057F2
:109FE800505420506F776572204F6E0A00000000B1
:109FF800575054205374617465204D616368696ECD
:10A00800653A205750542053746172742053636129
:10A018006E0A0000575054205374617465204D61D6
:10A028006368696E6520536C6F7743686172676512
:10A038002073746174653A20575054204661756CDA
:10A048007420436F6E646974696F6E0A00000000C3
:10A05800575054205374617465204D616368696E6C
:10A06800653A204261747465727920436861726749
:10A07800696E670A000000005750542053746174D9
:10A0880065204D616368696E652043686172676920
:10A098006E672073746174653A2057505420536C6E
:10A0A8006F7720436861726765202D20736574742B
:10A0B800696E67206D696E696D756D20706F776563
:10A0C800720A0000575054205374617465204D6122
:10A0D8006368696E653A20426174746572792043D9
:10A0E80068617267656420285750542073687574D6
:10A0F800646F776E2076696120617070206C617979
:10A108006572290A00000000575054205374617486
:10A1180065204D616368696E6520536C6F7743688D
:10A12800617267652073746174653A2057505420D2
:10A138005363616E2054696D656F75740A00000081
:10A14800575054205374617465204D616368696E7B
:10A158006520536C6F77436861726765207374611B
:10A1680074653A205750542041646A7573742050BE
:10A178006F7765720A000000575054205374617459
:10A1880065204D616368696E653A2049646C652095
:10A19800456E7472790A00005750542053746174E4
:10A1A80065204D616368696E653A2049646C652075
:10A1B800457869740A00000057505420537461743C
:10A1C80065204D616368696E653A2049646C652055
:10A1D80044697370617463684576656E740A00003B
:10A1E800575054205374617465204D616368696EDB
:10A1F800653A20496E697469616C697A650A00007C
:10A20800575054005465737400000000536C6F7706
:10A2180020436861726765004368617267696E67A9
:10A2280000000000575054205374617465204D613C
:10A238006368696E653A20536C6F77204368617272
:10A248006765200A00000000575054205374617459
:10A2580065204D616368696E653A20536C6F77209D
:10A268004368617267650A005750542053746174DB
:10A2780065204D616368696E6520536C6F7743682C
:10A28800617267652073746174653A20496E7661FE
:10A298006C6964204576656E740A00005750542036
:10A2A8005374617465204D616368696E6520536CF1
:10A2B8006F774368617267652073746174653A20CB
:10A2C80050696E6720506F72740A0000575054200E
:10A2D8005374617465204D616368696E6520536CC1
:10A2E8006F774368617267652073746174653A209B
:10A2F80057505420506F776572204F6E0A00000047
:10A30800575054205374617465204D616368696EB9
:10A318006520536C6F774368617267652073746159
:10A3280074653A20575054205363616E0A00000048
:10A33800575054205374617465204D616368696E89
:10A348006520536C6F774368617267652073746129
:10A3580074653A205750542053746F7020536361CA
:10A368006E0A0000575054205374617465204D6183
:10A378006368696E653A205465737420456E74721B
:10A38800790A0000575054205374617465204D6158
:10A398006368696E653A20546573742045786974FA
:10A3A8000A000000575054205374617465204D61B1
:10A3B8006368696E653A20546573742044697370E4
:10A3C800617463684576656E740A000057505420BE
:10A3D8005374617465204D616368696E653A2057EE
:10A3E80050542053746F70205363616E0A0000004C
:10A3F800575054205374617465204D616368696EC9
:10A40800653A2057505420506F776572204F666622
:10A418000A000000575054205374617465204D6140
:10A428006368696E653A20575054204661756C74AC
:10A4380020436F6E646974696F6E0A005750542028
:10A448004D616E616765723A205374617475735417
:10A45800696D656F75744D6F6E69746F72696E673B
:10A468000A00000057707453746174757354696DF1
:10A478006572000057707453746174757354696D14
:10A48800656F757454696D65720000005770745378
:10A49800746174757354656D7050676F6F640000F4
:10A4A800575054204D616E616765723A20436F6E54
:10A4B8006669674770696F730A00000043616C6CD6
:10A4C80020612068616C5F646163206D6574686FEA
:10A4D80064207468617420636F6E666967206770B2
:10A4E800696F730A0000000043616C6C206120688A
:10A4F800616C5F777074206D6574686F6420746830
:10A50800617420636F6E666967206770696F730A8C
:10A5180000000000575054204D616E616765723A23
:10A528002053746F705770745363616E0A00000093
:10A53800575054204D616E616765723A20476574C3
:10A5480054656D70657261747572650A000000006B
:10A55800575054204D616E616765723A20476574A3
:10A568004368617267655374617475730A0000000B
:10A57800575054204D616E616765723A205374617B
:10A588007475732070696E2076616C75653A202544
:10A5980064200A00575054204D616E616765723A15
:10A5A80020537461727453746174757354696D6562
:10A5B8006F757454696D65720A0000005750542015
:10A5C8004D616E616765723A205374617274537499
:10A5D800617475734D6F6E69746F72696E670A0086
:10A5E800575054204D616E616765723A20456E611F
:10A5F800626C655770740A00575054204D616E6143
:10A608006765723A2053746F705374617475734D33
:10A618006F6E69746F72696E670A00005750542034
:10A628004D616E616765723A205374617274497046
:10A638006754656D70657261747572654D6F6E698A
:10A64800746F72696E6754696D65720A0000000064
:10A65800575054204D616E616765723A2053746F8C
:10A668007049706754656D70657261747572654D77
:10A678006F6E69746F72696E6754696D65720A00EE
:10A68800575054204D616E616765723A20495047B2
:10A6980020746865726D616C20726573697374618A
:10A6A8006E63653A20256400575054204D616E61F1
:10A6B8006765723A2054656D70657261747572656C
:10A6C80020696E746572706F6C6174696F6E206654
:10A6D80061696C6564202D20706F737369626C65A5
:10A6E800206C6F6F6B7570207461626C65206F727F
:10A6F800646572696E672069737375650000000090
:10A70800575054204D616E616765723A2049504731
:10A718002054656D706572617475726520256420BA
:10A72800430A0000575054204D616E616765723AC4
:10A7380020437269746963616C20495047207465CD
:10A748006D70657261747572652064657465637493
:10A7580065642025642E2530326420430000000003
:10A76800575054204D616E616765723A2045787480
:10A7780072656D656C7920637269746963616C20B8
:10A7880074656D7065726174757265206465746551
:10A79800637465642C2053746F7020706F776572D2
:10A7A800207472616E736665720000005750542001
:10A7B8004D616E616765723A204950472054656D56
:10A7C8007065726174757265207761726E696E6703
:10A7D8002025642E25303264204320657863656522
:10A7E8006473206D656469756D207468726573683B
:10A7F8006F6C64202825642043290000575054209A
:10A808004D616E616765723A20437269746963616C
:10A818006C2074656D70657261747572652064650D
:10A82800746563746564202C2050617573652070AD
:10A838006F776572207472616E73666572000000CE
:10A84800575054204D616E616765723A20495047F0
:10A858002054656D70657261747572652069732026
:10A8680061626F766520746865206C6F7720746804
:10A87800726573686F6C642028256420432920253D
:10A88800642E2530326420432E0000005750542097
:10A898004D616E616765723A204950472054656D75
:10A8A800706572617475726520697320756E646570
:10A8B8007220746865206C6F77207468726573689D
:10A8C8006F6C64202825642043292025642E2530B8
:10A8D800326420432E000000575054204D616E61B1
:10A8E8006765723A204950472054656D70657261FA
:10A8F800747572652072657475726E656420746F04
:10A908002073616665206C6576656C2C20526573D2
:10A91800756D6520706F776572207472616E7366ED
:10A9280065720000575054204D616E616765723A38
:10A938002053657450756C736557696474685468FE
:10A94800726573686F6C64537465700A0000000068
:10A95800575054204D616E616765723A2050474FD9
:10A968004F44207374617465206D616368696E6516
:10A97800207661726961626C657320696E697469B9
:10A98800616C697A65640000575054204D616E61AE
:10A998006765723A2044697361626C655770740A1E
:10A9A80000000000575054204D616E616765723A8F
:10A9B8002050474F4F44207374617475733A2025B3
:10A9C800642C2053746174653A2025642C20506FE0
:10A9D800776572206C6576656C3A20256400000006
:10A9E800575054204D616E616765723A20496E690F
:10A9F8007469616C697A696E6720706F7765722017
:10AA08006174206D696E696D756D206C6576656C15
:10AA180020256400575054204D616E616765723A75
:10AA28002050474F4F443D31206465746563746519
:10AA38006420617420706F776572206C6576656C30
:10AA48002025642C2073746162696C697A696E6769
:10AA580000000000575054204D616E616765723ADE
:10AA680020496E6372656173696E6720706F7765E0
:10AA78007220746F206C6576656C20256400000078
:10AA8800575054204D616E616765723A2052656176
:10AA980063686564206D6178696D756D20706F7786
:10AAA8006572206C6576656C20776974686F75745B
:10AAB8002050474F4F443D3100000000575054206C
:10AAC8004D616E616765723A205265736574746989
:10AAD8006E6720746F206D696E696D756D20706F7B
:10AAE800776572206C6576656C202564000000002F
:10AAF800575054204D616E616765723A2050474F38
:10AB08004F4420737461626C6520666F72202564FF
:10AB1800206379636C657320617420706F77657248
:10AB2800206C6576656C2025640000005750542021
:10AB38004D616E616765723A20537461626C65207D
:10AB480050474F4F442061636869657665642C20DF
:10AB5800617474656D7074696E672066696E652DC1
:10AB680074756E696E670000575054204D616E61B0
:10AB78006765723A20537461626C652050474F4F85
:10AB880044206174206D6178696D756D20706F77F0
:10AB98006572206C6576656C000000005750542083
:10ABA8004D616E616765723A204E6F207374616201
:10ABB8006C65206C6576656C20666F756E642C20FC
:10ABC80072657374617274696E670000575054201F
:10ABD8004D616E616765723A2050474F4F4420744B
:10ABE8006F67676C656420647572696E6720666953
:10ABF8006E652D74756E696E672C20636F756E7443
:10AC08003A20256400000000575054204D616E61C1
:10AC18006765723A20547279696E6720616E6F7445
:10AC28006865722066696E652D74756E652073742B
:10AC380065702C20706F776572206C6576656C2066
:10AC480025640000575054204D616E616765723A63
:10AC58002046696E652D74756E696E672066616938
:10AC68006C65642061667465722025642061747463
:10AC7800656D707473000000575054204D616E610B
:10AC88006765723A20526576657274696E672074DA
:10AC98006F20737461626C6520706F776572206CC9
:10ACA8006576656C20256400575054204D616E61AF
:10ACB8006765723A20466F756E6420696D70726FB1
:10ACC80076656420737461626C65206C6576656C6A
:10ACD8002061742025640000575054204D616E6136
:10ACE8006765723A20506F776572206C6576656C7F
:10ACF80020256420697320746F6F20686967682C49
:10AD08002050474F4F4420636F6E73697374656EAC
:10AD1800746C792030000000575054204D616E61EA
:10AD28006765723A205265647563696E6720746F4F
:10AD380020706F776572206C6576656C20256400DD
:10AD4800575054204D616E616765723A20537461A3
:10AD580062696C697479206C6F73742061742070F7
:10AD68006F776572206C6576656C2025640000003D
:10AD7800575054204D616E616765723A2053746173
:10AD8800626C65206F7065726174696F6E206174A2
:10AD980020706F776572206C6576656C202564007D
:10ADA800575054204D616E616765723A2053746143
:10ADB80074757354656D7050676F6F644D6F6E690D
:10ADC800746F72696E670A00575054204D616E6146
:10ADD8006765723A20496E69740A0000575054201A
:10ADE800506F72743A204578656375746545766569
:10ADF8006E740A002F55736572732F616C657862E3
:10AE0800616C6477696E2F4465736B746F702F4F34
:10AE180070656E4E657276652D43686172676572FE
:10AE28002F4669726D776172652F536F757263650E
:10AE38002D436F64652F7372632F636F72655F6C48
:10AE4800617965722F73646B2F6E7266352F6E523F
:10AE580046355F53444B5F31372E312E305F646483
:10AE680064653536302F65787465726E616C2F664F
:10AE780072656572746F732F736F757263652F7067
:10AE88006F727461626C652F4D656D4D616E672FD1
:10AE9800686561705F312E63000000002F5573658F
:10AEA80072732F616C657862616C6477696E2F4488
:10AEB80065736B746F702F4F70656E4E6572766533
:10AEC8002D436861726765722F4669726D7761728A
:10AED800652F536F757263652D436F64652F7372A9
:10AEE800632F636F72655F6C617965722F73646B32
:10AEF8002F6E7266352F6E5246355F53444B5F3165
:10AF0800372E312E305F646464653536302F6578AE
:10AF18007465726E616C2F6672656572746F732FDB
:10AF2800706F727461626C652F434D5349532F6E75
:10AF3800726635322F706F72745F636D7369732E2A
:10AF4800630000002F55736572732F616C6578621A
:10AF5800616C6477696E2F4465736B746F702F4FE3
:10AF680070656E4E657276652D43686172676572AD
:10AF78002F4669726D776172652F536F75726365BD
:10AF88002D436F64652F7372632F636F72655F6CF7
:10AF9800617965722F73646B2F6E7266352F6E52EE
:10AFA80046355F53444B5F31372E312E305F646432
:10AFB80064653536302F65787465726E616C2F66FE
:10AFC80072656572746F732F736F757263652F7115
:10AFD800756575652E6300002F55736572732F6153
:10AFE8006C657862616C6477696E2F4465736B7405
:10AFF8006F702F4F70656E4E657276652D43686170
:10B00800726765722F4669726D776172652F536F2B
:10B01800757263652D436F64652F7372632F636F59
:10B0280072655F6C617965722F73646B2F6E7266DF
:10B03800352F6E5246355F53444B5F31372E312ED4
:10B04800305F646464653536302F65787465726E78
:10B05800616C2F6672656572746F732F736F75728A
:10B0680063652F7461736B732E63000049444C450C
:10B0780000000000546D7251000000002F557365E8
:10B0880072732F616C657862616C6477696E2F44A6
:10B0980065736B746F702F4F70656E4E6572766551
:10B0A8002D436861726765722F4669726D776172A8
:10B0B800652F536F757263652D436F64652F7372C7
:10B0C800632F636F72655F6C617965722F73646B50
:10B0D8002F6E7266352F6E5246355F53444B5F3183
:10B0E800372E312E305F646464653536302F6578CD
:10B0F8007465726E616C2F6672656572746F732FFA
:10B10800736F757263652F74696D6572732E630052
:10B11800546D7220537663000000000000000000A8
:10B128008577020000000000000000004D78020052
:10B13800A1780200CB7802000000000000000000A7
:10B14800517902004D790200A17902000000000047
:10B1580000000000D5790200697A0200F179020046
:10B1680000000000000000009B7A0200857A0200BF
:10B17800DB7A02000000000000000000877B02006C
:10B18800BD7B0200897B0200000000000000000077
:10B19800CB7B02000000000000000000000000005F
:10B1A80000000000000000006581020067810200C5
:10B1B800000000000000000000000000698102009B
:10B1C800010006005A6202000101000003000200AB
:10B1D8000000000000000000000000000000000067
:10B1E80000000000000000004D870200A787020051
:10B1F8000F0000010001020304050608090A0B00FC
:10B2080000000002010000000B0000000000000028
:10B2180029000000280000000800000000000000CD
:10B2280000000000000000000338FDD8704700004F
:10B238000E000000010000000100000000000000F6
:10B2480000000000000000000EFFFFFF06000000E5
:10B2580014000000000102030405060000000000BD
:10B268000030004000000000010000000100000064
:10B278000040004001000000010000000080004084
:10B2880000040000009000400104000000A00040FD
:10B298000204000000A001400306000000B00140C5
:10B2A8000406000000000306000000002E31010023
:10B2B800010200002E310100010100000000000021
:10B2C800010000000100FFFF000000000100000075
:10B2D80001000100D4B2030001000100D0B2030054
:10B2E800C9B9020041A0020009BB0200C9C9020095
:10B2F80011A4020065A002007365635F6B65797332
:10B3080065745F66696C6C00FFFFFFFF0006FF0055
:10B318000000004000000000000000500003005042
:10B32800A5E60200B9E60200CDE602000000FFFF34
:10B33800DEC0ADDEFE011EF1DEC0ADDEFF011EF196
:10B34800E8820300288303000000000084830300D0
:10B35800D08303001C8403000000000000000000EC
:10B368006884030080840300EC840300588503008C
:10B378009C850300E0850300000000000000000039
:10B38800E882030024860300808603000887030000
:10B3980000000000000000000000000000000000A5
:10B3A8003C87030070870300303132333435363739
:10B3B80038394142434445466E72665F6673746F1E
:10B3C800726167655F657261736500006E72665FC2
:10B3D8006673746F726167655F7772697465000080
:10B3E80000000000948C030001000000A08C030002
:10B3F80002000000C08C030003000000E48C03007E
:10B4080004000000F88C0300050000000C8D030008
:10B4180006000000208D030007000000388D03009F
:10B4280008000000508D030009000000688D03002B
:10B438000A000000848D03000B0000009C8D0300AF
:10B448000C000000B48D03000D000000C88D03003F
:10B458000E000000DC8D03000F000000EC8D0300DF
:10B4680010000000008E030011000000188E030079
:10B4780012000000288E030013000000408E030015
:10B4880080000000548E030081000000788E0300C5
:10B4980082000000948E030083000000B08E030039
:10B4A80084000000D08E030085000000F48E0300A5
:10B4B800860000001C8F030090000000348F0300FA
:10B4C80091000000548F030092000000748F030065
:10B4D800008200008C8F030001820000AC8F030003
:10B4E80002820000C88F030000840000E48F03007C
:10B4F80001840000089003000284000034900300D7
:10B50800038400005C900300556E6B6E6F776E20AD
:10B518006572726F7220636F64650000000000003E
:10B5280000000000000000000338FDD8704700004C
:10B53800F50D0300F30D0300F10D03007451002015
:10B548007F0000005C51002018920300489203001D
:10B55800F891030050920300589203006092030090
:10B5680068920300709203007892030000000000C4
:10B57800788403008092030088920300909203006D
:10B588007C6203008C620300080000006C62030008
:10B598007C62030008000000646203006C62030020
:10B5A8000800000001000007346203006462030021
:10B5B8000800000024620300346203000800000051
:10B5C8000000000000000000032103000521030023
:10B5D80007210300000000000000000037210300DD
:10B5E800692103003F210300000000000000000063
:10B5F8006981020000000000000000008D240300A3
:10B60800000000000000000069250300692603000F
:10B6180095250300000000000000000095260300A7
:10B628005D270300C12603000000000000000000A1
:10B6380089270300AD270300D1270300000000007D
:10B648000000000069810200030002000000000001
:10B6580000000000752C030000000000000000003E
:10B66800692D0300452D0300952D030000000000FF
:10B6780000000000BD2E0300E12E0300052F03008B
:10B6880000000000000000006981020000000000C6
:10B6980000000000693003004530030095300300C6
:10B6A800000000000000000085310300A9310300FC
:10B6B800CD3103000700000000000000000000007A
:10B6C800030000000000000000000000050000006A
:10B6D800010000000100000001000000000000005F
:10B6E800000000002F000000010000000100000021
:10B6F800030000000000000000000000140000002B
:10B70800C0ED010019000000A08601001E00000025
:10B71800E63601002800000078C80000320000006A
:10B72800FE8300000000000000000000553D0300FB
:10B73800EDAF16204A62304029BD56B31544E9BF23
:10B7480077900D9CFE0B88C07E2615FA8380734087
:10B758000FCE674B80D541C06CB703009CB803007F
:10B7680070B70300430000004F5A03006F5A0300EC
:10B778007B5A0300875A0300A75A0300B35A0300F1
:10B788001B5A0300E759030053756E004D6F6E0096
:10B798005475650057656400546875004672690001
:10B7A80053617400004A616E00466562004D617223
:10B7B80000417072004D6179004A756E004A756CDF
:10B7C8000041756700536570004F6374004E6F76D3
:10B7D8000044656300002E000053756E64617900B3
:10B7E8004D6F6E64617900547565736461790057B3
:10B7F80065646E6573646179005468757273646119
:10B808007900467269646179005361747572646184
:10B818007900004A616E75617279004665627275D9
:10B82800617279004D6172636800417072696C00E1
:10B838004D6179004A756E65004A756C79004175ED
:10B84800677573740053657074656D626572004F37
:10B8580063746F626572004E6F76656D6265720023
:10B86800446563656D6265720000414D00504D008E
:10B8780000256D2F25642F25790025483A254D3A56
:10B888002553002561202562202565202554202583
:10B8980059000000DEB70300E0B70300E0B703007B
:10B8A800E0B70300E0B70300E0B70300E0B7030028
:10B8B800E0B70300E0B70300E0B70300FFFFFFFFB6
:10B8C800FFFFFFFFFFFFFFFFFFFF0000E1B70300DF
:10B8D80090B703001BB80300ADB7030072B80300AC
:10B8E80079B8030082B803008BB803002020202019
:10B8F80020202020206828282828202020202020D8
:10B908002020202020202020202020204810101037
:10B91800101010101010101010101010848484844F
:10B928008484848484841010101010101081818104
:10B93800818181010101010101010101010101016F
:10B948000101010101010110101010101082828202
:10B95800828282020202020202020202020202023F
:10B968000202020202020210101010200007032037
:10B978000417020108571040805F5F6378615F67B2
:10B98800756172645F61637175697265206465745D
:10B998006563746564207265637572736976652082
:0FB9A800696E697469616C697A6174696F6E00A8
:10B9B8000100000005010000070000000090D0030E
:10B9C8001818181818181818180000000000000097
:10B9D800FF0000001027000060B7030060B70300F5
:0CB9E80060B7030060B7030060B7030005
:04000003200072194E
:00000001FF
