:020000022000DC
:10700000000004201972020001720200CDFD02008E
:1070100005720200077202000972020000000000FF
:1070200000000000000000000000000029510300E3
:107030000D720200000000004951030011720200AD
:1070400039D1020013720200F5D70200D5E8020020
:10705000E9E802001372020019D70200A5DF02005E
:10706000BDEB0200D5EB0200EDEB02001372020053
:1070700013720200137202001372020013720200F4
:107080001372020091530300137202001372020084
:1070900013720200137202003D21030013720200FA
:1070A000137202001372020005EC02001DEC0200D4
:1070B00091DE0200137202000000000000000000D8
:1070C000137202001372020013720200FDE8020044
:1070D0001372020013720200137202001372020094
:1070E000137202001372020013720200000000000B
:1070F0000000000013720200000000001372020082
:10710000000000000000000000000000000000007F
:10711000000000000000000000000000000000006F
:10712000000000000000000000000000000000005F
:10713000000000000000000000000000000000004F
:10714000000000000000000000000000000000003F
:10715000000000000000000000000000000000002F
:10716000000000000000000000000000000000001F
:10717000000000000000000000000000000000000F
:1071800000000000000000000000000000000000FF
:1071900000000000000000000000000000000000EF
:1071A00000000000000000000000000000000000DF
:1071B00000000000000000000000000000000000CF
:1071C00000000000000000000000000000000000BF
:1071D00000000000000000000000000000000000AF
:1071E000000000000000000000000000000000009F
:1071F000000000000000000000000000000000008F
:10720000FEE7FEE7FEE7FEE7FEE7FEE7FEE7FEE756
:10721000FEE7FEE700F002B8FFF7FCBF0F484FF0B3
:107220000701884385460E4880470E48016841F4AF
:1072300070010160BFF34F8FBFF36F8F00F01AB87A
:1072400009480A490A4A884207D0521A05D00378E9
:1072500001300B700131013AF9D170470000042070
:107260009995020088ED00E0C8750300082B002006
:107270001C2B00203A493B480A1A02D007229143AE
:107280008D46394939480A1A06D00722914381F3BD
:107290000988022282F3148835483649364A00F0BC
:1072A00041F836483649374A00F03CF83648374905
:1072B000374A00F037F837483749384A00F032F893
:1072C00037483849384A00F02DF838483849394AA3
:1072D00000F028F838483949394A00F023F839488D
:1072E0003949002200F036F838483949002200F0C8
:1072F00031F838483849091A0FF0E6FF374A904705
:1073000025482649884205D00268043003B49047D6
:1073100003BCF7E700208646EC4600200021304AF7
:107320009047FEE7884214D0521A12D003460B430E
:1073300013430324234206D1036804300B60043155
:10734000043AF9D17047037801300B700131013AEA
:10735000F9D17047884202D002700130FAE77047D5
:107360000000042000F80320000004200000042096
:1073700078DB03001C2B0020602B0020E47302004C
:10738000E47302005274030078DB03001C2B00201E
:107390001C2B0020DC750300DC750300EC7503007A
:1073A000DC750300DC750300DC750300EC7503007D
:1073B000EC75030077DB0300BCDB0300602B0020CF
:1073C000602B0020602B0020E47F0020E47F002061
:1073D000E47F0020E47F0020E4830020417202006B
:0473E000116903002C
:1073E400BFF34F8F0549CA6802F4E062044B1343AC
:1073F400CB60BFF34F8F00BFFDE700BF00ED00E09F
:107404000400FA0510B5044600F048FD22460D219B
:10741400012000F04DFF10BD10B5044600F03EFD04
:1074240022460821012000F043FF10BD10B5044698
:1074340000F034FD22460F21012000F039FF10BD79
:1074440010B5044600F02AFD22460E21012000F06A
:107454002FFF10BD08B500F021FD002210210120EE
:1074640000F03CFF08BD08B500F018FD0022112112
:10747400012000F033FF08BD08B501212F2001F0E1
:107484003AFC0021142001F036FCFFF7A9FF0000AC
:1074940038B5044603461F4A43F8142B43600023BF
:1074A4008360C3601C4B03611C4B03601C4D45612E
:1074B40080611C4BC3611C4B4361056240621B4BE2
:1074C40083621B4B03620CF0BFFCE06225636463C0
:1074D400184BA363184B23630CF0B6FCE0632564DC
:1074E4006464164BA364164B2364E5642465154B4E
:1074F4006365154BE3640CF0A7FCA065E5652466A1
:10750400124B6366124BE3650CF09EFCA0662046AA
:1075140038BD00BF90D30300EC750300E0D2030034
:107524007CD30300F075030000D30300007603004E
:10753400ECD203002076030028D30300087603006E
:1075440050D30300107603003CD3030028760300D5
:1075540014D30300034600F114020848026003F147
:107564002002426003F13002826003F14002C260F3
:1075740003F14C0202615C3343617047602B0020CD
:107584002DE9F04F8DB0059000F088FC06AC674DF6
:107594000FCD0FC495E8030084E80300644C654BE9
:1075A400E41AE408240444F00304634920460AF07E
:1075B40003F9624920460AF0FFF89DF81820604953
:1075C40020460AF0FFF89DF819205E4920460AF08B
:1075D400F9F89DF81A8042465B4920460AF0F2F811
:1075E4009DF81B609DF81C303246584920460AF02D
:1075F400F3F89DF81D709DF81E303A465449204614
:107604000AF0EAF8534920460AF0D6F8BDF82020DB
:10761400514920460AF0D6F8BDF822204F492046A9
:107624000AF0D0F8BDF824204D4920460AF0CAF8E3
:107634000A9D1FFA85FA4FEA154B5D465B46524692
:10764400484920460AF0C8F8474920460AF0B4F8E9
:10765400DDF82C905FFA89F2444920460AF0B2F82A
:10766400C9F30722424920460AF0ACF8C9F307429D
:10767400404920460AF0A6F8B8F1010F14BF0023D0
:107684000123012E21D00022012F26D00021B8F1A0
:10769400010F05D1BAF57A7F27D2B5F57A7F26D2C4
:1076A400CDF808B0CDF804A000933B4632463249E9
:1076B40020460AF0B8F80DF09DFC059A0921022035
:1076C40000F0F6FD0DB0BDE8F08F41F203029245E3
:1076D40001D80022D8E70122D6E741F203018D4206
:1076E40001D80021D3E70121D1E7002AD8D0B5F58C
:1076F4007A7F01D30029D3D0CDF808B0CDF804A007
:1077040000933B4632461D4920460AF08CF80DF0A2
:1077140071FC059C22460B21022000F0C9FD224683
:107724000C21012000F0C4FDCCE700BFAC550020C3
:1077340020750300D07403003076030054760300F0
:107744006C76030090760300B4760300E0760300C1
:107754001877030050770300647703007C770300F5
:1077640090770300A4770300D8770300EC77030035
:1077740004780300207803003C7803009078030029
:1077840010B5044600F08AFB2046FFF7F9FE2246B6
:107794000921012000F08CFD10BD000010B50BF094
:1077A4005BF80446074A032100F07CFD064A0821E1
:1077B400204600F077FD054A0721204600F072FDBF
:1077C40010BD00BF09740200857702001D74020019
:1077D40010B50DF00FFC0446044A052100F062FDCB
:1077E400034A0D21204600F05DFD10BD31740200F6
:1077F4004574020008B5FFF7D1FFFFF7E9FF01F078
:107804007DF8254B1B68BFF35B8F13F0010F15D078
:10781400224B1B68BFF35B8F13F0010F1DD0204B6D
:107824001B68BFF35B8F13F0010F25D001F0F6FA4C
:1078340001F0B8FA014601F0FCFB08BD16480FF050
:10784400E9FD0028E4D00023164A1321164801F06C
:107854000BF811480FF0F2FDDAE710480FF0DAFDEB
:107864000028DCD00023114A0D21114800F0FCFF50
:107874000A480FF0E3FDD2E709480FF0CBFD0028DA
:10788400D4D000230B4A11210B4800F0EDFF04482B
:107894000FF0D4FDCAE700BF982B0020882B0020EE
:1078A400782B0020597402009C2B00206B7402007A
:1078B4008C2B00207D7402007C2B002010B5044624
:1078C4000BF0C8FB00220321042000F0F1FC0D4B57
:1078D4000D4A9B1ADB081B040C4943F0030009F012
:1078E4006BFF01F05FFA012101F0CBFB0DF082FB8D
:1078F40000220321022000F0DBFCE0680CF01CFCF9
:1079040010BD00BF20750300D0740300E4780300A9
:1079140008B50AF0A1FF00220621032000F0C8FCEC
:107924000DF068FB00220721022000F0C1FC01F0E9
:1079340039FA002101F0A5FB08BD70B50C46466874
:107944003046FFF707FE0546A1B203390F290DD8CB
:10795400DFE801F0170C0C0C0C1C0C0C0C0D0C24A7
:107964000C082E29C168304600F009FD70BD01F0F5
:1079740019FA012101F0AEFBE968304600F0FFFC82
:10798400F4E7C168304600F0FAFCEFE70AF064FF60
:1079940000220421032000F08BFCE7E7C168304695
:1079A40000F0EDFCE2E74169304600F0E8FCDDE779
:1079B40001F0AEF801F0C6F80028D7D101F0A8F81C
:1079C40001F0C2F8D2E7704708B51048104BC01A4E
:1079D400C00800040F4940F0030009F0EDFE0AF06E
:1079E4003BFF00220221032000F062FC0DF002FBA9
:1079F40000220221084600F05BFC0BF02BFB002266
:107A04000221042000F054FC08BD00BF20750300CF
:107A1400D07403000079030038B50C464568284645
:107A2400FFF798FDA1B20D290BD011290DD101F05A
:107A34006FF801F087F840B901F06AF801F084F8B2
:107A440003E0C168284600F09AFC38BD10B50BF07D
:107A540001FD0BF0FFFA00220321042000F028FCB2
:107A64000AF0FAFE00220421032000F021FC0DF0AC
:107A7400C1FA00221121022000F01AFC01F092F94F
:107A8400044605230022014601F04AFA2146204615
:107A940001F0ACFA0548064BC01AC00800040549B9
:107AA40040F0020009F088FE10BD00BF20750300FD
:107AB400D07403003079030070B50C464668304634
:107AC400FFF748FDA1B203390E2918D8DFE801F009
:107AD4000817171717231717172B1717171833001B
:107AE40005461A481A4BC01AC0080004194940F048
:107AF400020009F061FEE968304600F040FC70BD08
:107B04001248134BC01AC0080004134940F0020085
:107B140009F052FEF3E70AF09FFE0022042103203D
:107B240000F0C6FBEBE70AF097FE002204210320D5
:107B340000F0BEFBE3E700F0EBFF01F003F80028E0
:107B4400DDD100F0E5FF00F0FFFFD8E7207503006A
:107B5400D07403007C790300AC79030010B50446AB
:107B64000BF040FBE0680CF021FB0DF043FA00221F
:107B74000721022000F09CFB0AF06EFE0022062181
:107B8400032000F095FB0BF065FA0022042108465F
:107B940000F08EFB01F006F9014601F04AFA10BD2F
:107BA40008B50AF059FE00220421032000F080FBEE
:107BB40001F0F8F8012101F050FA08BDF8B50546C6
:107BC4000C4647683846FFF7C5FC06461B4B1C4A63
:107BD4009B1ADB081B0422461A4943F0030009F0F0
:107BE400F1FDA4B2083C0A2C0ED8DFE804F0060E1E
:107BF4000D0D0D0D0D0D0D1B1600E8680CF0D6FAD9
:107C04003169384600F0BBFBF8BDE8680CF094FA23
:107C14007168384600F0B3FBF6E77169384600F046
:107C2400AEFBF1E700F074FF00F08CFF0028EBD10D
:107C340000F06EFF00F088FFE6E700BF2075030048
:107C4400D0740300FC79030008B50DF0D3F90022C9
:107C54000321022000F02CFB01F0A4F8002101F024
:107C6400FCF908BD08B542F210700AF0A5FC01F059
:107C740099F8002101F019FA08BD000008B50F4871
:107C84000AF09AFC0AF0E8FD00220421032000F027
:107C94000FFB0DF0AFF900220C21022000F008FBCD
:107CA4000BF0D8F900220321042000F001FB01F0BD
:107CB40079F8012101F0F9F908BD00BF70F305005E
:107CC400F8B505460C4647683846FFF743FC0646B8
:107CD400A1B208390A2923D8DFE801F006232222B9
:107CE40022222B2222433E000AF0B6FD0022062166
:107CF400032000F0DDFAE8680CF058FA0DF07AF988
:107D040000220721022000F0D3FA0BF0A3F900228D
:107D14000421084600F0CCFAF168384600F02FFB45
:107D2400F8BDE8680CF008FA7168384600F027FBE3
:107D3400F6E70DF05FF900220721022000F0B8FAFF
:107D44000BF088F900220421084600F0B1FAF1682A
:107D5400384600F014FBE3E74169384600F00FFBB6
:107D6400DEE700F0D5FE00F0EDFE0028D8D100F0EB
:107D7400CFFE00F0E9FED3E7704738B50C464568FE
:107D84002846FFF7E7FBA1B211290DD0122906D02E
:107D9400102903D18168284600F0F1FA38BD416901
:107DA400284600F0ECFAF9E700F0B2FE00F0CAFE53
:107DB4000028F3D100F0ACFE00F0C6FEEEE708B5F3
:107DC40000F0F0FF014601F034F908BD38B50C4667
:107DD400154600F063F82A46214600F6EC1000F040
:107DE400C6FA38BD10B5044600F048FA014B2360CA
:107DF400204610BD64D3030038B5134B1A68013212
:107E04001A60124C124BE41AE408240444F00304EC
:107E14001049204609F0D6FC0CF016F805460CF083
:107E2400FDF8B5F904200C49204609F0CBFC0AF012
:107E34003BFF05460BF054F8B5F9002007492046EE
:107E440009F0C0FC38BD00BFA82B0020207503003A
:107E5400D0740300247A0300387A03005C7A0300A8
:107E640010B582B0044600F022F904F51960FFF75A
:107E7400B9FF04F6EC10FFF70BFB064B009301234C
:107E840041F28832044904F6582000F0A3FA20464F
:107E940002B010BDFD7D02007C7A030008B50A4BD8
:107EA4001B68BFF35B8F13F0010F01D0074808BDB7
:107EB40005480FF0AFFA0028F8D00448FFF7D0FFC8
:107EC40001480FF0BBFAF1E7AC2B0020B02B0020E7
:107ED40010B582B0044600F0ABF9194A04212046DB
:107EE40000F0FAF82246012104F5196000F0CEF9F9
:107EF4000BF0B0F80BF0C8F80DF07CF80DF094F826
:107F04000AF0AAFC0AF0C2FC04F6EC1000F04BFAEA
:107F140004F6582000F078FA0BF0E6F809480A4B0A
:107F2400C01AC0080004094B0193002200920123E7
:107F3400074940F0030009F067FC02B010BD00BF20
:107F44008C7A030020750300D0740300CC7A0300FC
:107F5400A07A030008B500F029F908BD032824D845
:107F6400012A06D001290CD0022910D0B1B1072072
:107F74007047012901D00022F4E700F10E02D2B2C9
:107F8400F0E700EB40000A4B1A540020704700EB66
:107F94004000074B03445A700020704700EB400038
:107FA400034B03449A70002070470720704700BFBA
:107FB4003C36002008B5012200210846FFF7CEFF19
:107FC40010B10346072812D1072202210120FFF72E
:107FD400C5FF034608B1072809D104220221002065
:107FE400FFF7BCFF034610B1072800D10023184651
:107FF40008BD08B5012202210020FFF7AFFF10B130
:108004000346072812D1072202210120FFF7A6FF09
:10801400034608B1072809D10A2200210846FFF7C0
:108024009DFF034610B1072800D10023184608BD60
:1080340008B50388102B0ED0112B13D10F4A1368E7
:10804400013B136073B9FFF7D4FF58B10C4B1B68A5
:1080540043B1984706E0094B1B6823B1074A1368EC
:108064000133136008BDFFF7A5FF0028F6D0044BC9
:108074001B68002BF2D09847F0E700BF4836002079
:108084004C36002010B584B004464FF0FF3201A9ED
:10809400D4F8F4080DF010FC0128F6D1019800285A
:1080A400F3D003681B68039A02999847EDE738B543
:1080B40004460025C0F8F058C0F8F4585022294668
:1080C40000F6F8000FF076F94822294604F6481025
:1080D4000FF070F9204638BD10B584B004460B4645
:1080E400114600F1F00200F6F800029001920093AC
:1080F40023464FF4007209480DF054FEC4F8F0080A
:108104000023009304F6481322460C2114200DF09A
:108114007FFAC4F8F40804B010BD00BF89800200DF
:1081240000B585B001910292039300231A4601A978
:10813400D0F8F4080DF0ACFA05B05DF804FB0000CB
:1081440000B585B0019102920393002300936A461F
:1081540001A9D0F8F4080DF053FB009B43B1064B82
:108164004FF080525A6040BFBFF34F8FBFF36F8F01
:1081740005B05DF804FB00BF00ED00E0034B0360B5
:10818400034B0B6080231360704700BFA0400020A6
:10819400A03E0020034B0360034B0B604FF40073BD
:1081A40013607047503E00205036002008B50DF093
:1081B4003BFEFEE710B50E4C0E4BE41AE408240413
:1081C4000D4944F0020009F0F7FA4FF40041002091
:1081D40009F0D6F808F0CEFF44F00304074920461E
:1081E40009F0EAFA0649204609F0E6FA10BD00BF94
:1081F40020750300D0740300DC7A0300FC7A0300CA
:108204001C7B030008B503E009F06CF9034B1870FC
:10821400024B1B78002BF7D108BD00BF1C2B00209C
:1082240008B5FFF7EFFF08BD08B504F079FD08BDF8
:1082340030B589B0FFF7F8FFFFF7BCFF0024DCB1CD
:1082440009B030BD04F01F0343EA45130293002331
:1082540003930122049205930693079308AB13E951
:1082640003008DE8030002AB0FCB00F065FD013580
:10827400002DE7D00134E2E72546F9E7024A02601F
:10828400002202718260704770D303004B1EDBB280
:10829400092B04D80171024B43F821008260704716
:1082A400F0400020023100EB810042607047000082
:1082B40000F1FF3C5FFA8CFCBCF1090F00D9704758
:1082C40008B5054B53F8200013460A46014680685A
:1082D400FFF726FF08BD00BFF040002000F1FF3C7F
:1082E4005FFA8CFCBCF1090F00D9704708B5054B47
:1082F40053F8200013460A4601468068FFF720FF22
:1083040008BD00BFF040002038B505460C468B1C64
:1083140000EB83035B688BB1002098470E4B0F4A38
:10832400A3EB020C4FEADC0C4FEA0C4C2B792246EF
:108334000B494CF0040009F04FFA38BD0648074BCE
:10834400C01AC00800042B790A46064940F004000C
:1083540009F042FAF1E700BF20750300D07403006E
:10836400307B03005C7B03007047704770474068B4
:1083740020B108B503689B68984708BD704738B5B5
:1083840004460D46406803685B6898476368A360C9
:1083940065602B681B682846984738BDC06800385C
:1083A40018BF0120704710B5044603681B6898473E
:1083B4002046FFF7F3FF20B1E368A3606360002366
:1083C400E360606803681B68984710BD4368986859
:1083D4007047000030B583B00446084611461A467B
:1083E400069B63608902074DA5FB015104F1080552
:1083F40001950093002389090EF0AAF82060204615
:1084040003B030BDD34D621030B583B0056865B19B
:108414000DF058FD0246002400942346012128460D
:108424000EF0C2F8204603B030BD0120FBE7000087
:1084340030B583B005460068B8B189020C4BA3FB84
:108444000132002400942346920904210EF0ACF872
:108454002D680DF037FD024600942346012128467D
:108464000EF0A2F8204603B030BD0120FBE700BFA8
:10847400D34D6210006850B100B583B00022009261
:10848400134603210EF090F803B05DF804FB704727
:1084940030B583B005460068B8B189020C4BA3FB24
:1084A4000132002400942346920909210EF07CF83D
:1084B4002D680DF00DFD0246009423460621284642
:1084C4000EF072F8204603B030BD0120FBE700BF78
:1084D400D34D6210006850B100B583B00022009201
:1084E400134608210EF060F803B05DF804FB7047F2
:1084F4007047000010B503681B681878044C0138F5
:108504002146C0B205F0EAFEB4F9000010BD00BF78
:108514002241002030B589B001900C460178254BEA
:1085240000221A705A709A70DA70022018715A7107
:108534009A71D9711A722049204805F009FE58B978
:10854400019B187801381B49C0B205F063FE40B99D
:1085540001AB029303AD0EE0194A262106F098FB05
:10856400EEE7174A272106F093FBF1E702A8FFF78D
:10857400C1FF25F8020B08AB9D42F7D1002303AAE3
:1085840002E032F9021B0B4408A98A42F9D10D4AD0
:1085940082FB0312DB17C3EBA2031BB2C3EB03136F
:1085A400C3EB03139B09238005F0F6FF002009B0F9
:1085B40030BD00BF18410020F584020094D30300AD
:1085C400887B03006766666608B5094B1B68BFF3C2
:1085D4005B8F13F0010F01D0064808BD04480EF06C
:1085E40019FF0028F8D002480EF028FFF4E700BF76
:1085F400284100202C41002030B583B004460025DA
:1086040040F8045B074A00942B4606CA00F0F6FDC6
:108614002022294604F144000EF0CCFE204603B08B
:1086240030BD00BF98D3030010B51048104BC01ADA
:10863400C00800040F4940F0030009F0BDF8FFF73B
:10864400C3FF0D4C21460D48FFF764FF0AF02CFBD5
:10865400B4F9003040F2145202FB03F3084A82FBDF
:108664000312DB17C3EBA213038010BD20750300B4
:10867400D0740300E47B030024410020202B00205D
:10868400D34D621008B5FFF7CFFF08BD08B50278D7
:10869400094B1A70094A5A60436843B199691160D9
:1086A4009B8B9380064B1B680348984708BD034B7C
:1086B40000221A609A80F5E73841002030410020FA
:1086C400504100207047000008B50A480A4BC01A00
:1086D400C0080004094940F0030009F06DF8084897
:1086E40002F0BEFC00B908BD064A2E2106F0D0FAFD
:1086F400F9E700BF20750300D0740300047C030075
:1087040054410020147C030008B502F0C1FB08BDED
:1087140000B583B009F06AFC68B90023019301A98C
:10872400012009F059FD58B901A809F023FE60B9E8
:1087340003B05DF804FB074A3B2106F0A9FAECE715
:10874400044A3F2106F0A4FAEEE7024A422106F069
:108754009FFAEDE7147C0300084B4FF4FA725A8039
:108764004FF47A729A800022DA80197862F38201D7
:108774001970C9B262F3C4011970704740410020F6
:1087840000B585B000230093019302930393084B33
:108794000093084A6946084802F021FC10B905B064
:1087A4005DF804FB054A5C2106F072FAF7E700BFA6
:1087B400404100209186020054410020147C0300B3
:1087C40008B5044B1860FFF7A3FFFFF7C5FFFFF7D9
:1087D400D7FF08BD5041002038B50446002313E0FC
:1087E4001B4B53F825309B6803B1984719481A4B23
:1087F400C01AC00800042246184940F0030008F0DB
:10880400E1FF24E00133DBB2154A12789A421ED903
:108814001D460F4A52F82320002AF3D01268A242C0
:10882400F0D1204604F062FF0028D9D1084B53F858
:1088340025305B6803B198470648074BC01AC00847
:1088440000042246074940F0030008F0BBFF38BD8E
:10885400C041002020750300D0740300847C030011
:10886400BC410020707C030030B583B00446016035
:1088740042608360194B1B78022B23D80D46184B9A
:108884001B68ADF804301B0C8DF8063003238DF8FB
:108894000530144A01A9284604F06AFE68B901218A
:1088A400284604F0BDFE0D4A1378591C11700E4A77
:1088B40042F82340204603B030BD0C4A242106F080
:1088C400E7F9ECE70A480B4BC01AC008000403227E
:1088D400094940F0010008F075FFEBE7BC410020B6
:1088E400A0D30300DD870200C0410020987C030070
:1088F40020750300D0740300F87C030008B500F071
:10890400E7F908BD10B50446054B0360054B036049
:10891400054B1B684360083000F068F8204610BD22
:10892400ACD30300BCD30300C4D303000804034B3B
:10893400A3FB0030C0F30F30704700BF5917B7D105
:1089440008B50A430221083000F098F808BD08B5BC
:1089540000220321083000F091F808BD08B50A434D
:108964000421083000F08AF808BD08B50A22052160
:10897400083000F083F808BD10B50446FFF7F5FF92
:108984004FF4704211462046FFF7DAFF2046FFF706
:10899400DEFF0F2200212046FFF7E0FF10BD022971
:1089A40005D0032905D0012905D1082070470920E5
:1089B40070470A2070470720704738B504461546AB
:1089C400FFF7EDFF01462A4604F1080000F056F8CF
:1089D40038BD38B504460D461146FFF7A7FF0246D9
:1089E40029462046FFF7E9FF38BD000030B58FB0B7
:1089F4000446174B844693E80700ACE803002CF8C0
:108A0400022B120C8CF80020012284F84C220DF168
:108A14001C0E03F10C0CBCE80F00AEE80F009CE840
:108A240007008EE8070004F10C05002304930EAB45
:108A340013E90F008DE80F0007AB0ECB284600F0BA
:108A440075FB284600F066FB20460FB030BD00BF22
:108A5400C8D3030023B90170130A437082707047AE
:108A6400012BF9D141F080010170F5E703780B7017
:108A740043784B7083788B707047000010B582B0D8
:108A840004460023415C01A8FFF7E4FF694601A8FE
:108A9400FFF7ECFF00210B2000F02DF903226946BB
:108AA40004F10C0000F08EFB044601210B2000F0C1
:108AB40022F90CB902B010BD0548064BC01AC00813
:108AC4000004054940F0010008F076FEF2E700BF1B
:108AD40020750300D07403001C7D0300BFF34F8F87
:108AE4000549CA6802F4E062044B1343CB60BFF348
:108AF4004F8F00BFFDE700BF00ED00E00400FA0562
:108B04003CDF70473DDF7047002202707047000071
:108B140008B50A4B1B68BFF35B8F13F0010F01D03C
:108B2400074808BD05480EF075FC0028F8D0044835
:108B3400FFF7EAFF01480EF081FCF1E7CC41002089
:108B4400D04100200078704770B50646164C174B8C
:108B5400E41AE408240444F002051549284608F000
:108B64002BFE4FF0FF310020FFF7CCFF60B9B1219D
:108B74000020FFF7C5FF024668B10E4944F001002A
:108B840008F020FE002070BD02460B4944F00100AD
:108B940008F018FEF6E7012333700849284608F068
:108BA4000BFEFFF79BFF00BF20750300D07403008A
:108BB4003C7D0300887D0300687D0300A87D0300DD
:108BC40010B5044603685A0904D0012A13D14FF69C
:108BD400FF7201E04FF0FF3203F01F0322FA03F3A8
:108BE40013F0010F09D023681F2B0CD903F01F03C6
:108BF4002360064810BD0022EEE705494FF4F670E5
:108C040007F0B4F9EFE74FF0A040F3E7000300509A
:108C1400C47D030000B583B0019001A8FFF7D0FF25
:108C2400D0F81005019BD84000F0010003B05DF8B6
:108C340004FB00B583B0019001A8FFF7C1FF012335
:108C4400019A9340C0F80C3503B05DF804FB00B5FD
:108C540083B0019001A8FFF7B3FF0123019A934069
:108C6400C0F8083503B05DF804FB08B511B9FFF787
:108C7400E0FF08BDFFF7EBFFFBE770B582B00190A2
:108C84000C4616461D4601A8FFF79AFF44EA46041F
:108C940044EA85049DF8183044EA03249DF81C3006
:108CA40044EA0344019B03F5E07340F8234002B017
:108CB40070BD00B583B0019001A8FFF781FF019B4F
:108CC40003F5E073022240F8232003B05DF804FBAF
:108CD40008B5054B1B7803B908BD04F007FC024B2B
:108CE40000221A70F8E700BF212B002008B5FFF717
:108CF40091FFC0B208BD08B5FFF7B7FF08BD00007B
:108D040000B5064B01EB410C03EB8C0E43F82C0031
:108D1400CEF804108EF808205DF804FBD44100203E
:108D240008B500EB4000034B53F82030984700206F
:108D340008BD00BFD441002084B010B582B004AC9B
:108D440084E80F000446FFF7B4FF9DF820309DF837
:108D54002420019200939DF81C309DF818209DF862
:108D640014102046FFF789FF02B0BDE8104004B09C
:108D7400704730B583B004460D4601920A46014659
:108D84001846FFF7BDFF29462046FFF7C9FF0246F4
:108D940001A9204604F0ECFB0121204604F040FC2C
:108DA40003B030BD00487047B843002064224270CD
:108DB40000228270014941600272704700C0014084
:108DC40008B50248FFF7F2FF08BD00BFB843002012
:108DD40030B58DB00546104C0DF1180CA646BEE812
:108DE4000F00ACE80F009EE803008CE803008DE858
:108DF400030006AB0FCBFFF79FFF0DF10C0C04F142
:108E0400180393E807008CE8070000226146281D38
:108E140004F016FF0DB030BDF8D3030008B5064BBF
:108E24001B7803B108BDFFF7BDFFFFF7D1FF024B6D
:108E340001221A70F6E700BFB4430020F0B583B0F6
:108E440007EE903A4B7806EE903AF8EE666A9FED9C
:108E5400326A86EE867AF8EEE77A67EE877AFCEE77
:108E6400E77ACDED017A9DF804509DF8203007EEA5
:108E7400903AF8EEE77A67EE877AFCEEE77ACDED82
:108E8400017A9DF804409DF8243007EE903AF8EEFC
:108E9400E77A67EE877AFCEEE77ACDED017A9DF802
:108EA40004E000210EE048F2070715E048F2070746
:108EB40022E048F2070C10331844184B23F810C072
:108EC4000131C9B2072925D80B4604FA01F010F084
:108ED400800FE8D048F20D0702EB420C4FEACC00B9
:108EE40003EBCC0C0D4E26F81C7005FA03F616F0B5
:108EF400800FDBD048F20D0703F1080C8444074EC1
:108F040026F81C700EFA03FC1CF0800FD1D048F236
:108F14000D0CD0E703B0F0BD0000C842C4430020EC
:108F240010B582B0062B0BD8DFE803F0040C131A3B
:108F340021282F000023019300936423FFF77EFF71
:108F440002B010BD0023019364240094FFF776FF60
:108F5400F6E76423019300230093FFF76FFFEFE725
:108F64000023019364230093FFF768FFE8E7642379
:108F7400019300240094FFF761FFE1E76423019368
:108F840000930023FFF75AFFDAE764230193009369
:108F9400FFF754FFD4E7000030B585B00546002341
:108FA40000930193029303930E4B00934823ADF86F
:108FB400043003E00121204604F03EFF2C1D20462E
:108FC40004F014FF0028F5D001231A466946204610
:108FD40004F0B6FE4FF49650034B43F00103984758
:108FE40005B030BDC4430020F0D3030008B501230D
:108FF4008B70FFF7D1FF08BD70B582B005460E46F1
:1090040000240194009423462246FFF717FF01949D
:1090140000942346012231462846FFF70FFF0194AE
:1090240000942346022231462846FFF707FF02B088
:1090340070BD10B5044600228A70FFF7DDFF20469C
:10904400FFF7AAFF10BD00B583B00023019300937E
:10905400FFF7F4FE03B05DF804FB10B50446642387
:10906400437049B1022300220146FFF759FF21460C
:109074002046FFF7BBFF10BD00220146FFF7E3FFC8
:10908400F5E710B504466423437049B10323002275
:109094000146FFF745FF21462046FFF7A7FF10BD15
:1090A40000220146FFF7CFFFF5E710B5044664231D
:1090B400437049B1062300220146FFF731FF2146E0
:1090C4002046FFF793FF10BD00220146FFF7BBFFC8
:1090D400F5E7000010B504466423437079B1012319
:1090E4001A460146FFF71CFF21462046FFF77EFF84
:1090F4004FF4C850044B43F00103984710BD0122BC
:109104000146FFF7A0FFEFE7F0D3030008B5FFF730
:1091140057FE08BD08B500231A4600F12C011C3087
:1091240003F000FF00B908BD0120FCE784B070B46F
:10913400844604A880E80E000B9B43B1012B0CD19C
:109144000CF11C041D4B0FCB84E80F0005E01C4BF5
:109154000CF11C040FCB84E80F00079ECCF80C60C4
:10916400049DCCF800509DF818308CF80830059C0C
:10917400CCF804400998CCF81400089ACCF81020D4
:109184000A99CCF818108CF83960CCF834508CF863
:1091940038408CF82D008CF82E108CF82C208CF88C
:1091A4002F30FF238CF8313006238CF83030012324
:1091B4008CF84032002070BC04B0704734D40300F3
:1091C40024D4030070B584B00546144600F59F7698
:1091D40030460EF0BDF8E4B205F13C03009601946C
:1091E400029303940022694605F1200005F048FC2F
:1091F40008B904B070BD0120FBE7000010B582B0CF
:109204008646684680E8060003C88EE80500CEF866
:1092140008300EF1180C0E4C0FCCACE80F000FCC3C
:10922400ACE80F0094E803008CE80300049BCEF83C
:1092340014309DF8053003330EF10C020EEBC3031A
:1092440093E8030082E80300704602B010BD00BF3B
:1092540044D4030008B500212F20FFF74CFD08BDBE
:1092640008B501212F20FFF746FD08BD70470C20EB
:109274007047000008B541F28733994234DC41F26B
:10928400883303FB01F05B1A90FBF3F007EE900ABE
:10929400F8EEE77A17EE900A0DF0FAFF18A3D3E977
:1092A40000230DF0DBFE41EC100B0DF073FB51ECD1
:1092B400100B0DF0B5FF0F4B03FB00F00E4A82FBC1
:1092C4000031C317C3EBA11303F698530B4890FB6B
:1092D400F3F0A0F58520A0F2FE2082FB0032C01737
:1092E400C0EBA21000B208BD6FF48870FBE700BFAA
:1092F400AFF30080A68C0400D34D621090F0D73DEC
:10930400000000000088B34070B50546FFF75CF923
:10931400074E31460748FFF7FDF80AF095FD04466D
:10932400B6F9001041802846FFF7A4FFA08070BD65
:1093340054440020242B002008B5FFF7E5FF08BDA6
:109344000020704708B540F2DC520321FFF741FBCF
:1093540008BD08B500220221FFF73BFB08BD08B594
:109364000A460121FFF735FB08BD08B50C2904D9CD
:109374004FF4C861FFF7F3FF08BD01EB810101EB76
:109384008101890001F5C87189B2FFF7E8FFF3E7AD
:1093940008B564220021FFF71CFB08BD10B5044684
:1093A400FFF7D0FF2046FFF7D4FF4FF4C8712046E3
:1093B400FFF7D5FF2046FFF7EBFF10BD08B5FFF719
:1093C400DBFA08BD30B583B00446FFF79BFA2025CD
:1093D4002A46002104F516700DF0ECFF2A46002100
:1093E40004F51E700DF0E6FF0025A4F89852A4F8C9
:1093F4009A520C4A00942B4606CA04F52770FFF7CC
:10940400FDFE094A00942B4606CA04F53770FFF79F
:10941400F5FE2046FFF7D2FF2046FFF7BFFF2046A8
:1094240003B030BD7CD4030074D40300BFF34F8F6A
:109434000549CA6802F4E062044B1343CB60BFF3EE
:109444004F8F00BFFDE700BF00ED00E00400FA0508
:109454004FF08053D3F83031082B01D000207047EF
:10946400012070474FF08053D3F83031082B01D0DE
:1094740000207047012070474FF08053D3F830210B
:10948400D3F83431082A01D000207047002B04D8C7
:10949400DFE803F0010001207047002070474FF01F
:1094A4008053D3F83021D3F83431082A01D0002076
:1094B4007047002B04D8DFE803F001000120704757
:1094C400002070474FF08053D3F83021D3F8343163
:1094D400082A01D000207047002B04D8DFE803F0ED
:1094E400010001207047002070474FF08053D3F8EB
:1094F4003021D3F83431082A01D000207047002BE2
:1095040004D8DFE803F00100012070470020704711
:109514004FF08053D3F83031082B01D0002070472E
:10952400012070474FF08053D3F83021D3F8343101
:10953400082A01D000207047032B01D8002070476F
:109544000120704708B5FFF7EDFF38B14FF0102345
:10955400D3F808224FF08043C3F8582508BD000013
:10956400024BD3F80034002BFAD0704700E00140DE
:1095740008B5034BC3F80405FFF7F2FF08BD00BFAD
:1095840000E00140014B024A1A607047282B00207A
:109594000090D00338B5FFF75BFF40B14FF0804334
:1095A4000022C3F80C21C3F81021C3F83825FFF7B3
:1095B40059FF002846D04FF08052D2F80414554B7E
:1095C400C3F82015D2F80814C3F82415D2F80C14E3
:1095D400C3F82815D2F81014C3F82C15D2F81414B3
:1095E400C3F83015D2F81814C3F83415D2F81C1483
:1095F400C3F84015D2F82014C3F84415D2F8241443
:10960400C3F84815D2F82814C3F84C15D2F82C1412
:10961400C3F85015D2F83014C3F85415D2F83414E2
:10962400C3F86015D2F83814C3F86415D2F83C14A2
:10963400C3F86815D2F84014C3F86C15D2F8442462
:10964400C3F87025FFF718FF18B1334B334AC3F83A
:109654008C26FFF724FF18B1314BFB22C3F81825E1
:10966400FFF730FF70B14FF08041D1F8E43E23F0B2
:109674000F034FF08052D2F8582202F00F02134326
:10968400C1F8E43EFFF731FF20B1264B4FF40072DE
:10969400C3F84026FFF73CFF60B14FF08043D3F896
:1096A400003413F0010F05D04FF080436FF0010236
:1096B400C3F800241C4AD2F8883043F47003C2F87B
:1096C4008830BFF34F8FBFF36F8FFFF73BFF4FF02F
:1096D4001023D3F80032002B08DB4FF01023D3F80B
:1096E4000432002B02DBFFF74DFF38BD0120FFF7EA
:1096F4003FFF4FF010241225C4F80052FFF730FF4B
:10970400C4F80452FFF72CFF0020FFF731FFFFF7E6
:109714008DFE00BF00C0004000500040488103009F
:1097240000F000400090024000ED00E048B300B5B6
:10973400864642B34FF0000C06E01EF80C0060446D
:1097440080B201301FFA80FC0CF10100884207DA74
:1097540010886045F1D80EEB0C0040789842ECD1AB
:109764008C4512D20CF102039BB21EF80C0078B1A6
:10977400013880B250B103EB000C61450ADB138061
:1097840004E000207047002000E000205DF804FBA6
:109794000020FBE70020F9E770B582B00023ADF8A4
:1097A4000630DAB10446164609230DF10602FFF726
:1097B400BDFF0546BDF806301C448BB198B1304658
:1097C4000DF0AFFDA84201D000200AE02A46214650
:1097D40030460DF083FD40B1002002E0002000E09F
:1097E400002002B070BD0020FBE70120F9E7000073
:1097F40000230BB10020704703EB8302054931F8C5
:109804002220824201D00133F3E703EB830301EB0F
:10981400830070477C44002030B5B0F804C002EBEC
:109824000C04944594BFACEB0C0CACEB020CC2885A
:109834009D189A4294BF921AD21A4B88B0F800E04D
:1098440073450ED3408883420DD88B8863450CD36F
:10985400A3420CD8CB8893420BD3AB420BD8012044
:1098640000E0002030BD0020FCE70020FAE70020E3
:10987400F8E70020F6E70020F4E7000008B5024B03
:109884009B6903B1984708BD6044002010B58088E7
:10989400FFF7AEFF38B10446406805F0E7FA18B99F
:1098A4004FF6FF73238010BDFFF7E8FFF8E70000D1
:1098B40000B583B002460B46497A69B9197A41B9B1
:1098C4000D494968586805F079FA88B1FFF7D6FF61
:1098D4000EE009498968F5E700211972064B5B69B6
:1098E40033B101218DF80410ADF8060001A89847A2
:1098F40003B05DF804FB00BF6044002070B5C37B77
:109904008688012B1DD104464FF6FF70FFF770FFC8
:109914000546B8B10680002303720F4B03CBC5F88C
:109924000A00C5F80E104FF6FF7340F2F31204F16B
:10993400100105F10A00FFF76FFF6872074BDB891E
:1099440023B170BD0420FFF799FFFAE7294630469A
:10995400FFF7AEFFF5E700BF584400206044002045
:1099640070B5044686883046FFF742FF70B105465D
:109974004FF6FF7340F2F31204F108010A30FFF7C7
:109984004BFF687229463046FFF792FF70BD000016
:10999400C288124BDB899A4200D0704770B50446E6
:1099A400038A022B00D070BD85882846FFF720FF6C
:1099B40006460028F7D004F1120000F0C9F920B1DE
:1099C40031462846FFF774FFEDE7706805F04EFA5C
:1099D4000028E8D0FFF752FFE5E700BF604400200D
:1099E40008B50388122B0FD006D8102B09D0112BE1
:1099F40009D1FFF74BFF06E0502B04D1FFF7C8FF56
:109A040001E0FFF77BFF08BDFFF7AAFFFBE70000BB
:109A140008B50146014806F065FB08BD90440020E6
:109A2400F0B583B00190B9B116460F46019D85B9D2
:109A3400284603B0F0BD0134132CF9D8214601A8FF
:109A440006F050FB0028F6D03146A0B2B8470135E5
:109A5400F1E700242546EFE70025E9E7132801D9BB
:109A64000020704738B50446054D0146284606F0E7
:109A740012FB2146281F06F00EFB012038BD00BF53
:109A84009844002038B50546002407E0054800EB5B
:109A940084002946043006F018FB01341D2CF5D946
:109AA40038BD00BF9044002008B50146014806F0C7
:109AB4000CFB08BD9844002008B512B106F0EBFA7F
:109AC40008BD06F002FBFBE730B583B00546019103
:109AD40000230360019B93B9284603B030BD0134D1
:109AE400132CF9D8214601A806F0FCFA0028F6D078
:109AF4002B685A1C2A6005EB43039C80EFE7002483
:109B0400EEE7000010B598B0134A9368DB4317934F
:109B1400516817A806F04EFB17996846FFF7D4FF63
:109B24000DF1300C6C460FCCACE80F000FCCACE858
:109B34000F0094E807008CE80700002407E018AB46
:109B440003EB440333F82C0CFFF79CFF01340C9B0C
:109B5400A342F4D818B010BD9044002070B5044658
:109B640085880388103B0A2B1ED8DFE803F0061A09
:109B74001D1D1D1D1D1D1D3B1E00FFF7C3FF284697
:109B8400FFF76CFF38B1E37B022B0DD129461B484C
:109B940006F081FA08E01A4AF021042005F078F86A
:109BA40002E02846FFF780FF70BD027A1609154CC3
:109BB4003F2A94BF0022012229462046FFF77CFF5A
:109BC400022E94BF002201222946201FFFF774FFB2
:109BD400012E94BF002201222946A4F10800FFF7B8
:109BE4006BFFE1E7037A002BDED1427AC2F3C002B5
:109BF40029460448FFF760FFD6E700BF9C440020D5
:109C0400147E0300A8440020132801D900207047C3
:109C140008B50146014806F065FA08BD94440020E1
:109C240010B50446FFF7F0FF08B9002010BD214627
:109C3400034806F057FA08B90120F7E70220F5E7D0
:109C44009C44002010B50446FFF7DEFF08B900204D
:109C540010BD2146034806F045FA08B90120F7E78C
:109C64000220F5E79844002010B50446FFF7CCFF26
:109C740000B910BD2146024806F034FAF9E700BFE6
:109C8400A044002010B50446FFF7BEFF00B910BD84
:109C94002146024806F026FAF9E700BFA444002052
:109CA40010B50446FFF7B0FF00B910BD21460248C5
:109CB40006F018FAF9E700BFA844002038B50546B5
:109CC4000C460846FFF7A4FE08B9002038BD284614
:109CD400FFF79AFF0028F8D00634044800EB84000C
:109CE4002946043006F0FEF9F0E700BF9044002056
:109CF40070B506460C4615460846FFF789FE00B9BE
:109D040070BD3046FFF780FF0028F9D006340448C0
:109D140000EB84002A4631460430FFF7CDFEEFE71E
:109D24009044002070B504460E461546FFF770FEB9
:109D340008B9002070BDA01D044B03EB80035868D4
:109D44002A463146FFF76CFEF4E700BF904400203A
:109D5400007800F001007047A0DF7047A1DF704772
:109D6400ADDF7047B3DF7047B4DF70478379012BF1
:109D740001D0002070470379012B01D000207047E7
:109D8400428842F602139A4201D000207047012013
:109D9400704738B50446408800F050FEA080002586
:109DA40005B138BD204601F01DFF0135F8E700B5C7
:109DB40087B000230193029303930493059308232C
:109DC4008DF80430ADF80600039101A8FFF7E1FF18
:109DD40007B05DF804FB000070B586B00023019362
:109DE4000293039304930593ADF806004FF6FF73B3
:109DF40098422ED0044600F0CFFC054611283FD0EF
:109E040015D8D0B10B2826D110238DF804301D4865
:109E14001D4BC01AC008000422461C4940F0020031
:109E240007F0D0FC01A8FFF7B4FF00220CE043F2D6
:109E3400020398420FD1002206E00F238DF804306C
:109E440001A8FFF7A6FF0022114B19782046FFF75F
:109E54004FFF06B070BD0B4E0B4BF61AF6083604D6
:109E6400284607F0D1F8024623460A4946F0010085
:109E740007F0B2FC29462046FFF799FF0022E3E7EA
:109E84000122E1E778750300D0740300B07E03007B
:109E940011450020307F030008B5FFF79DFF08BD82
:109EA40010B5044600F0DAFC00B910BD0122034BE2
:109EB40019782046FFF71CFFF7E700BF1045002084
:109EC40010B582B0044600F0B9FD00236A460921AA
:109ED40001F0CAF9052801D002B010BD0122034BDC
:109EE40019782046FFF704FFF6E700BF0E4500206F
:109EF40008B500220649074B1878FFF713FF00B195
:109F040008BD00220449054B1878FFF70BFFF7E75B
:109F14003DA1020012450020559F02000E4500207D
:109F240008B500220249034B1878FFF7FBFE08BD71
:109F340055A202001045002008B500220249034B37
:109F44001878FFF7EFFE08BD9D9E02001145002022
:109F540010B582B004460023019342F6A623ADF85F
:109F6400043001238DF80630084B1B6800936A46C1
:109F740001A9FFF7F1FE08B102B010BD0122044BA4
:109F840019782046FFF7B4FEF6E700BF8CD403002F
:109F94000D45002010B5044638B12368012B09D1C2
:109FA400BFF35F8F0023236010BD0549922005F0A5
:109FB400DDFFF2E70249932005F0D8FFF0E700BF88
:109FC400847F0300F0B585B006460F460DF10E0000
:109FD400FFF7C8FE10B9012400250DE01A494FF41B
:109FE400997005F0C3FFF6E7BDF8002042F60213AE
:109FF4009A421DD00134A4B2BDF80E30A3421FD939
:10A004000223ADF804300022ADF80620CDF808D0C4
:10A0140069462046FFF7A8FE034690B9002DE3D118
:10A02400BDF8002042F605239A42E3D10125E1E779
:10A03400029701AA21463046FFF792FE034600E04C
:10A044000523184605B0F0BDDC7F030010B50446B7
:10A0540048B10121204606F082F8BFF35F8FB0FAC1
:10A0640080F0400910BD0249852005F07FFFF0E72C
:10A07400847F030070B586B0054600F0EDFA112820
:10A0840047D0044619D8002846D00B2847D0254E7F
:10A09400254BF61AF6083604204606F0B5FF0246AC
:10A0A4002B46224946F0010007F096FB214628463C
:10A0B400FFF77DFE0024224623E0862806D043F2E3
:10A0C40002039842E3D1002422461AE000260196B6
:10A0D400029603960496059607238DF80430ADF88E
:10A0E40006501048104BC01AC00800042A461049F4
:10A0F40040F0020007F066FB01A8FFF74AFE344671
:10A1040032460C4909782846FFF7F2FD204606B08E
:10A1140070BD00240122F4E701240022F1E70024A9
:10A124002246EEE778750300D0740300B88003007C
:10A13400808003001245002010B504460648FFF74E
:10A1440085FF00B910BD2046FFF794FF0028F9D120
:10A154000148FFF71FFFF5E71445002070B586B0EE
:10A16400044600F08FFB054611280CD8112848D866
:10A17400DFE800F017474747474733472847474733
:10A1840047474747475D43F20203984252D043F2A0
:10A194000143984235D12046FFF71EFE00250122D7
:10A1A40022E0002301930293039304930593112364
:10A1B4008DF80430ADF8064001A8FFF7EAFD01254B
:10A1C4002A4611E001A92046FFF7FCFE28B9BDF894
:10A1D400043013B10025012206E0204600F02EFCD5
:10A1E40000F082FB00252A46144B19782046FFF71D
:10A1F4007FFD2A46124B19782046FFF779FD06B0F9
:10A2040070BD104E104BF61AF6083604284606F0B8
:10A21400FBFE024623460D4946F0010007F0DCFA36
:10A2240029462046FFF7C3FD00250122DCE700256F
:10A234000122D9E700250122D6E700BF10450020FE
:10A244000F45002078750300D0740300F8800300E4
:10A2540010B50446044B1978FFF730FD00B110BD6A
:10A264002046FFF77BFFFAE70F450020037803B190
:10A27400704710B504464088FFF7AEFD6088FFF7CD
:10A284000FFE6088FFF71CFEFFF732FE10BD0000D2
:10A2940010B582B00378092B03D0FFF729FE02B072
:10A2A40010BD0446437A002BF7D1037A072B1DD047
:10A2B400082B2CD0012BF0D16A460121808801F0B3
:10A2C4009DFA0028E9D1019B1B78002BE5D0A088DA
:10A2D40000F0E8FB4FF6FF739842DED00122104BEA
:10A2E4001978FFF705FDFFF71BFED6E7808800F01D
:10A2F400D9FB04464FF6FF739842CED00122094B96
:10A304001978FFF7F5FC2046FFF7DAFDC5E7064BA1
:10A314001B68012BC1D10448FFF73CFEBDE700BF19
:10A3240010450020124500201445002030B583B0AC
:10A3340004460D460022009201920123ADF800303C
:10A3440009238DF80230104B1978FFF7D1FC5DB169
:10A354000E4B0193204600F071FB0022694600F089
:10A36400F5FF18B903B030BD094BF2E7094C0A4AAE
:10A37400A41AE408240406F047FE0246074944F000
:10A38400020007F01FFAEDE70E45002088D4030011
:10A3940084D4030078750300D0740300388103006B
:10A3A40030B587B0044685880388353B1F2B14D805
:10A3B400DFE803F049941313131313131313131344
:10A3C4001313131313131313131313131313133B31
:10A3D400131013192846FFF7FFFCFFF7ADFDFFF735
:10A3E4009FFD07B030BD00240194029403940494AB
:10A3F400059412238DF80430ADF80650284600F079
:10A404001DFBADF8080000F06FFA22464D4B197899
:10A414002846FFF76DFC22464B4B19782846FFF778
:10A4240067FC01A8FFF7B5FCD7E70630FFF79EFCF1
:10A434000028D2D00122454B19782846FFF758FC52
:10A44400FFF756FDC9E7424B19782846FFF736FC5B
:10A454000028C2D000223E4B19782846FFF748FC5A
:10A46400E288B2F5857F10D0A2B96289012A1CD195
:10A47400A289012A24D03748374BC01AC0080004E7
:10A48400364940F0020007F09DF900212846FFF705
:10A494004DFFA2E72F48304BC01AC00800043049D2
:10A4A40040F0020007F08EF9EFE72A482A4BC01A61
:10A4B400C00800042B4940F0020007F083F9D7E7F5
:10A4C4000022E1892846FFF749FC0028DDD101225A
:10A4D400254B19782846FFF70BFC7EE7224B1978A9
:10A4E4002846FFF7EBFB00283FF477AF00221E4B12
:10A4F40019782846FFF7FCFBE28852B9E289012A61
:10A5040013D1217C003918BF01212846FFF70EFF23
:10A5140063E71048104BC01AC0080004104940F00B
:10A52400020007F04FF90021EFE70A480A4BC01A6E
:10A53400C0080004094940F0020007F043F9002173
:10A54400E3E700BF0F45002010450020124500201E
:10A554000D45002078750300D074030010820300B9
:10A5640098810300D48103000C450020AFDF7047BD
:10A57400B1DF7047B2DF7047B3DF704738B50446C8
:10A58400808800F08FFA6080002505B138BD204630
:10A5940001F02CFB0135F8E730B589B0224B93E884
:10A5A400030008AB03E903000BE007238DF8043034
:10A5B40001A8FFF7E3FF35E01C4C208800F045FFBD
:10A5C40020801A4B18884FF6FF7398422AD0002235
:10A5D40006A900F0BBFE04460028EDD00023019339
:10A5E4000293039304930593104B1B88ADF8083032
:10A5F400112817D08628D8D00D4D0E4BED1AED0832
:10A604002D0406F001FD0246084B1B880A4945F05B
:10A61400010007F0E1F808238DF80430039401A841
:10A62400FFF7ACFF09B030BD98D403001A450020F1
:10A6340080750300D07403006082030008B5054BE5
:10A644001A884FF6FF739A4200D108BDFFF7A4FFA2
:10A65400FBE700BF1A4500202DE9F04784B082468D
:10A6640000F0ECF94FF6FF73984200F0878007463C
:10A67400012449E002AA0821384601F0BFF888B94C
:10A68400B8F8042003998B889A420DD106312846E4
:10A694000CF024FE40B90821384601F025F9D8B958
:10A6A4000B2607E0052807D13A460821384601F071
:10A6B40073F90646002525E0334C344AA41AE4080D
:10A6C400240406F0A1FC02465346314944F001003B
:10A6D40007F082F8032653E02B4D2C4AAD1AED08FF
:10A6E4002D0406F091FC03463A462A4945F0010040
:10A6F40007F072F80326DDE701250821384601F04A
:10A70400F3F818BB002D3BD022460134A4B26B46AB
:10A714000821384601F078F8814638BBDDF804801A
:10A724000323454645F8063B08F1040229465046F2
:10A73400FFF720FF064600289CD00C28DCD0052813
:10A7440001D00025D9E74E460025D6E70E4E0F4A24
:10A75400B61AF608360406F057FC03463A460D4985
:10A7640046F0010007F038F80326CBE7072802D1AA
:10A7740000250C26C6E706460025C3E743F2020679
:10A78400304604B0BDE8F08780750300D074030040
:10A79400B8820300F08203002DE9F04182B005463F
:10A7A40000F04CF94FF6FF73984205D103240026BC
:10A7B40037464FF0010825E06A46082101F01EF8EB
:10A7C40020B9019B9F1D9E881C68F2E70324002684
:10A7D4003746EEE726B14FF00008032446460FE063
:10A7E4001B481C4BC01AC00800042A461A4940F0F2
:10A7F400010006F0E7FF4FF00008032000E01120FD
:10A804000B281CD12346324639462846FFF7B0FEB2
:10A814000428F4D008280CD00B28F1D114F0020F2E
:10A8240009D1002FD6D04FF00008032446464746EE
:10A83400E6E70020E4E74FF000080124E0E7B8F180
:10A84400000F02D002B0BDE8F0810B20FAE700BF90
:10A8540080750300D07403007083030000B585B0D5
:10A864000DF10F03029300F0E9F801AA012100F0B1
:10A87400C5FF20B9029B187805B05DF804FB0020E1
:10A88400FAE7000010B504461348FFF775FE90B1CF
:10A89400124C134AA41AE408240406F0B5FB024639
:10A8A400104944F0010006F08DFF032010BD43F26F
:10A8B40003039842FAD14FF6FF72074B19882046DA
:10A8C400FFF754FE43F203039842F0D1024A13887F
:10A8D40001331380EBE700BF1845002080750300A7
:10A8E400D0740300E883030000B583B084466B464C
:10A8F400064A92E8030083E80300002219466046F2
:10A9040000F024FD03B05DF804FB00BFA0D40300F5
:10A9140046DF704738B50546002405E0044B53F87C
:10A924002430284698470134012CF7D938BD00BF9C
:10A93400A8D4030000230F2B03D8C25C1AB9013337
:10A94400F9E7002070470120704778B181B108B55C
:10A9540003780A785340012B0CD8062201310130C8
:10A964000CF0BCFCB0FA80F0400908BD0020704730
:10A97400002070470020F8E72DE9F04104460D4619
:10A9840000F1110701F111081022013101300CF01E
:10A99400A5FC50B90646601CFFF7CCFF30B1681C1B
:10A9A400FFF7C8FF10B1012600E0002606F00106FB
:10A9B40041463846FFF7C9FF637C03F0FE03042BCE
:10A9C4000CD0062B11D06B7C03F0FE03042B0ED0AD
:10A9D400062B01D0012302E0002300E0002300B194
:10A9E4003BB946B153B1002006E00023F7E700234A
:10A9F400F5E7012000E00020BDE8F0810120FBE73D
:10AA040070B584B006460D4600F06AFC01AA0DF14B
:10AA14000E01072000F06CFC50B1BDF80E40AC42B2
:10AA2400F4D002993046FFF7A7FF0028EED001E0EA
:10AA34004FF6FF74204604B070BD000013280DD8F3
:10AA440010B50446FFF7E0F828B104EB8404054B85
:10AA540033F8140010BD4FF6FF70FBE74FF6FF709C
:10AA6400704700BF1C450020132816D838B504468B
:10AA74000D46FFF7C9F868B104EB8404084B03EBF7
:10AA84004403D3F802202A60DA881B7AAA80AB71C7
:10AA9400002038BD43F20200FBE743F20200704796
:10AAA4001C45002038B505464FF6FF73984216D072
:10AAB400002401E00134A4B2132C0CD804EB840369
:10AAC400084A32F81330AB42F4D12046FFF79CF821
:10AAD4000028EFD001E04FF6FF74204638BD04464D
:10AAE400FBE700BF1C450020038843B9072B04D8AB
:10AAF400C21892782AB90133F8E700207047012080
:10AB040070470120704738B504460D46FFF7ECFF47
:10AB140068B122882B889A4208D10822A91CA01C5B
:10AB24000CF0DCFBB0FA80F0400900E0002038BDF6
:10AB340030B585B0054600F0D3FB01AA0DF10E0136
:10AB4400072000F0D5FB88B1029C04F14601284699
:10AB5400FFF7D9FF30B904F12A012846FFF7D3FFE4
:10AB64000028EAD0BDF80E0005B030BD4FF6FF70E6
:10AB7400FAE70000132804D800EB8000014B23F807
:10AB8400101070471C45002038B50546FFF78AFFB2
:10AB94000446284600F0B2FE40B9132C06D804EB54
:10ABA4008404034B4FF6FF7223F8142038BD00BF12
:10ABB4001C45002010B58CB0144600230AE0C3F1F4
:10ABC4000F0C10F80CE003F130020DEB020C0CF842
:10ABD40030EC01330F2BF2D9002304930593069331
:10ABE4008DF81C3007E0C3F10F02C85C30326A44B0
:10ABF40002F8200C0133022BF5D96846FFF788FED2
:10AC0400002307E0C3F10F0230326A4412F8102C1B
:10AC1400E2540133022BF5D90CB010BD034602787F
:10AC240002F0FE02042A01D00020704700B585B06E
:10AC34000846B3F80110DA78ADF80C108DF80E2040
:10AC44009A889B79ADF804208DF8063002AA01A9F0
:10AC5400FFF7B0FF032202A903A80CF03FFBB0FAF0
:10AC640080F0400905B05DF804FB00000388102B58
:10AC740072D100B593B00DF11C0E00F1040CBCE8C8
:10AC84000F00AEE80F00BCE80F00AEE80F009CE830
:10AC940007008EE807009DF8203003F0FE03062B22
:10ACA4001BD14FF6FF71BDF81C202C4B02EB820028
:10ACB40023F8101003EB40030898C3F80200BDF812
:10ACC40024C09DF82600A3F806C018724FF6FF733F
:10ACD400994236D113B05DF804FB00F001FB9DF8F6
:10ACE40020305A08032B15D9022A10D102AA0DF1DB
:10ACF4000601072000F0FCFA00B30399013108A80B
:10AD0400FFF78CFF0028F1D0BDF80610CBE74FF613
:10AD1400FF71C8E702AA0DF10601072000F0E8FA66
:10AD240048B10399113108A8FFF70FFE0028F1D0AC
:10AD3400BDF80610B7E74FF6FF71B4E74FF6FF71A1
:10AD4400B1E7ADF80A20ADF80C1000238DF80830F7
:10AD540002A8FFF7DFFDBDE7704700BF1C450020D8
:10AD64008ADF70478BDF70478CDF704790F82E3096
:10AD740043F0040380F82E30A02303865023438637
:10AD84000022828690F82E3062F3C40380F82E30BD
:10AD9400012380F82F3070474FF4C873438506238E
:10ADA40083841823C38400230385704700B587B0C8
:10ADB40000230193029303930493059306238DF8D0
:10ADC40004300B1D02930B88ADF80C3000F12E03F8
:10ADD4000593C36B0BB101A8984707B05DF804FB5A
:10ADE40030B587B000230193029303930493059332
:10ADF4000B79012B01D007B030BD05460C460C4839
:10AE04000C4BC01AC00800040B4940F0040006F0C3
:10AE1400D3FCEB6B002BEED004228DF804202E35EE
:10AE2400059522798DF8082001A89847E3E700BF2B
:10AE340030750300D0740300688403002DE9F041E9
:10AE440005460E4691F82070B0F81C80002401E0FD
:10AE54000134E4B2BC4209D206EB44124146A8696B
:10AE6400FEF79AFC03460028F2D000E000231846BF
:10AE7400BDE8F08190F82E3003F01803082B03D0BE
:10AE8400182B03D000207047012070470120704721
:10AE940008B5FFF767FF08BD2DE9F04186B090F8CB
:10AEA4002C8090F8233013B906B0BDE8F081044635
:10AEB4008D1C00F12E0600F12407FFF7E9FF0023A3
:10AEC4000193029303930493059343463A46314610
:10AED4002846FFF749FF06460D4D0E4BED1AED08C7
:10AEE4002D0445F004050C49284606F065FC0523AD
:10AEF4008DF80430029632460849284606F062FC72
:10AF0400002ED1D0E36B002BCED001A89847CBE71D
:10AF140030750300D0740300808403008C84030024
:10AF240070B586B004460D46002301930293039343
:10AF34000493059300F12E030593FFF79BFFC8B913
:10AF440094F8226094F821302BBB0022114602951C
:10AF5400002E3AD0914230D003238DF80430E36BB5
:10AF64000BB101A8984704F160010020FFF7F8FE37
:10AF740006B070BD02238DF804300295E36B01A87E
:10AF8400984704F160010020FFF7EAFE29462046B5
:10AF9400FFF782FFECE721462846FFF74FFF034601
:10AFA40040B19DF80C2042F001028DF80C200122E2
:10AFB4001146CCE700220121C9E700238DF80430B3
:10AFC40029462046FFF768FFC9E7002BC4D00023B9
:10AFD4008DF8043029462046FFF75EFFBFE70028BE
:10AFE4003CD038B50D460446C263232200210CF040
:10AFF400E1F94DB32B7984F823302B7B84F82C3082
:10B004002B68CBB1186859689A68C4F82E00C4F844
:10B014003210C4F836209B896387AA6882B104F190
:10B0240024031068516803C304F1400323661F23FB
:10B03400A4F86430002038BD2046FFF797FEECE703
:10B044002046FFF7A9FEEFE72046FFF78FFE2046D4
:10B05400FFF7A2FE002384F82330E5E70E207047B3
:10B0640010B586B0002837D004460023019302931C
:10B07400039304930593FFF70BFF2046FFF7FAFEB3
:10B0840030B1E36B23B101228DF8042001A8984765
:10B0940004F1600104F12E00FFF762FE0446082863
:10B0A40000D068B90D480E4BC01AC00800040D4901
:10B0B40040F0040006F080FB0024204606B010BDDA
:10B0C4000648074BC01AC00800042246064940F04F
:10B0D400010006F077FBF0E70E24EEE7307503007D
:10B0E400D0740300C8840300A484030008B5034695
:10B0F400084603F10802194631F8043B1B2B0AD019
:10B104001D2B04D0102B05D1FFF750FE02E0114691
:10B11400FFF706FF08BDFFF763FEFBE7A0F58040DD
:10B1240080B2704700F5804080B27047A0F580403F
:10B1340080B270470138082806D8DFE800F0070518
:10B14400050707070707070000207047012070471D
:10B1540038B505464FF6FF734380002404B138BD6B
:10B16400284600F017FB0134F8E700B587B0002348
:10B174000193029303930493059308238DF80430F9
:10B18400ADF80800039101A8FFF7E2FF07B05DF8EE
:10B1940004FB000030B587B00023234A13700193E9
:10B1A40002934FF6FF7000F0B3FC044606E020461D
:10B1B40000F056FC204600F0ABFC04464FF6FF734B
:10B1C4009C420AD02046FFF7A9FF01AA03A904F074
:10B1D400E1FD48F209639842E9D04FF6FF739C42BF
:10B1E40001D107B030BD2046FFF798FF04F090FD71
:10B1F400054648F20763984212D00028F1D00B4864
:10B204000B4BC01AC008000423462A46094940F0E3
:10B21400010006F0E1FA29462046FFF7A6FFE0E721
:10B22400014B01221A70DCE7EC450020A0750300F5
:10B23400D0740300E084030070B582B00E46154656
:10B24400002300930193FFF769FF04463046FFF79C
:10B254006DFF01466B462A46204604F07FFD08B97F
:10B2640002B070BD0520FBE7F0B587B0FF282DD8EC
:10B2740005460C4617461E460846FFF75BFF38B3E3
:10B2840003AA21462846FFF7D7FF28BB01A903A834
:10B2940004F0D2FC054608BBBC70019B5B883B8074
:10B2A40076B19C003368A34228BF23461E461A4643
:10B2B400029978680CF04CF8B44203D90C2508E0E4
:10B2C400029B7B6003A804F0E3FC02E0072500E096
:10B2D4000725284607B0F0BD0525FAE70525F8E758
:10B2E400024B00221A605A60704700BFE4450020F8
:10B2F400F0B587B007460E461446FFF71BFF18B992
:10B304000125284607B0F0BD05463846FFF70EFF75
:10B314000D4A03A904F030FD08B10025F1E701A9A5
:10B3240003A804F089FC08B10025EAE7A770019B93
:10B334005A882280029A62609888FFF7F3FE308070
:10B3440003A804F0A5FCDCE7E4450020F0B587B0D1
:10B35400FF2856D806460C4617468D782846FFF730
:10B36400E9FE00284FD03046FFF7D8FEADF80C00B8
:10B374002846FFF7DBFEADF80E00636804932388CC
:10B3840005936A46A1783046FFF756FF05281AD080
:10B3940003A9684604F0B2FC0446E4B148F20D6324
:10B3A4009C4220D848F202639C421CD3A4F5064375
:10B3B400023B0B2B17D8DFE803F0141616162A0CE1
:10B3C40016161616160C03A9684604F091FC0446DA
:10B3D400E3E7112418E0BFB13946684604F0E8FCFD
:10B3E40012E0102410E00B480B4BC01AC0080004F4
:10B3F40033462246094940F0010006F0EDF90324E2
:10B4040002E0072400E00724204607B0F0BD8624AC
:10B41400FAE700BFA0750300D07403002C85030075
:10B4240008B54FF6FF7000F001FB08BDFF2806D8F1
:10B4340008B500F003FBFFF7ADFE002008BD0720B0
:10B44400704708B500F01AFB08BD08B500F048FBCA
:10B4540008BD08B500F05CFB08BD4FF6FF73038020
:10B464008370FF234372837A23F002038372DBB277
:10B4740023F00103837200230372436070470000CA
:10B484000B68032B14D810B403EB4302094C34F8B3
:10B494002220824204D00133032BF5D9002004E09A
:10B4A4000B6003EB430304EB83005DF8044B70472C
:10B4B40000207047F045002030B583B005460C46A7
:10B4C4000023019301A9FFF7DBFF06E0019B013391
:10B4D400019301A92846FFF7D3FF48B18378A3421B
:10B4E400F4D1837A13F0030FF0D14368002BEDD12C
:10B4F40003B030BD0023032B0DDC03EB4301074AEB
:10B5040002EB81025268824201D00133F3E703481F
:10B5140000EB810070470020704700BFF045002019
:10B5240008B5FF214FF6FF70FFF7C6FF08BD58B1FD
:10B5340070B50D4614460646FFF7F2FF306010B1B1
:10B54400058033689C7070BD7047000038B50546AF
:10B55400002405E0044B53F824302846984701346E
:10B56400032CF7D938BD00BFB0D4030003EB830329
:10B574001B019BB2817042609B080380704708B531
:10B584009BB2FFF7F3FF08BD8378013B072B13D869
:10B59400DFE803F007121212120A040D14230380C9
:10B5A4007047012303807047012303807047436879
:10B5B4009B8809339B0803807047000038B5054613
:10B5C400002406E0697A2144C9B2054800F093FCDE
:10B5D40001342B7AA342F5D82846FFF73EFF38BD45
:10B5E4002046002030B583B0044600230093019325
:10B5F40083788DF80230417A2D4800F068FC20B33E
:10B604000246237AA1786846FFF7B9FF6846FFF738
:10B61400BBFF224632F8040B6946FFF797FE112858
:10B6240038D01FD860B3072832D0224D224BED1AF0
:10B63400ED082D0405F0E8FC024623881F4945F077
:10B64400010006F0C9F8032022E01A481A4BC01A78
:10B65400C0080004627A1A4940F0010006F0B2F80A
:10B66400032015E08628E0D1A37A23F00203A37215
:10B67400DBB243F00103A372124B01221A7007E0FC
:10B68400A37A23F00203A372DBB223F00103A372B3
:10B6940003B030BDA37A43F00203A372DBB223F0FC
:10B6A4000103A372074B01221A700020F0E700BFC8
:10B6B4002046002098750300D0740300D885030049
:10B6C40098850300ED45002030B587B00446FFF7A8
:10B6D40089FF10B9012007B030BD4FF6FF72ADF8F5
:10B6E40006202288ADF80820862807D107238DF884
:10B6F400043001A8FFF72AFF0020ECE708228DF8A8
:10B7040004200390074D084AAD1AED082D0405F0F6
:10B714007BFC02462388054945F0010006F05CF8ED
:10B72400E7E700BF98750300D074030008860300A0
:10B7340038B5164B1B783BB305460024134B1C70DD
:10B744000DE0124B01221A7001B93DB104EB440023
:10B754000F4B03EB8000FFF7B7FFA8B10134032CB4
:10B7640012D804EB44020A4B03EB82039B7AC3F323
:10B77400400113F0020FE4D1054B03EB82039B7AE3
:10B7840013F0010FEAD0DCE738BD00BFED4500201F
:10B79400F045002038B50446C068FFF7ABFE2378B7
:10B7A4000A2B0AD0142B15D0092B1BD1637ADBB9D1
:10B7B400E0B1FFF703FF00250DE0637AC3B9C8B118
:10B7C40000254560837A43F0020383720A4B012209
:10B7D4001A7003E001252046FFF7B8FE2846FFF75C
:10B7E400A7FF38BD0025F6E70025F4E70025F2E7BA
:10B7F4000025F0E70025EEE7ED45002008B500231D
:10B80400FFF732FD08BD0000002B59D0F0B583B01E
:10B8140006460C4615461F46CB1FDBB2012B51D8FA
:10B82400531E032B51D8FFF747FE0190D0B1037A82
:10B83400AB424CD1019E737AFF2B1DD00026019B95
:10B844001D72597A244800F042FB024618B3ABB289
:10B8540021463846FFF78AFE002E3AD0082C28D01D
:10B86400002030E02246314601A8FFF760FE019B2C
:10B87400002BDFD1112026E02946174800F050FBA9
:10B8840070720198437AFF2B01D00126D7E7FFF7A6
:10B89400E4FD112017E01148114BC01AC008000440
:10B8A400019B5A7A0F4940F0010005F08BFF0320F9
:10B8B40009E03B887A689B00063B9380002002E005
:10B8C4000E207047072003B0F0BD0720FBE70F20D0
:10B8D400F9E70020F7E700BF204600209875030031
:10B8E400D07403006886030008B5FFF7E5FD18B1BE
:10B8F400FFF764FE002008BD0520FCE770B584B0A6
:10B9040005460023039303A9FFF7BAFD044607E0A5
:10B91400039B0133039303A92846FFF7B1FD0446B3
:10B92400D4B1A1782846FFF7DFFF0028F0D005281E
:10B93400EED0154E154AB61AF608360405F064FB27
:10B944000246A37800932B46114946F0010005F006
:10B954004EFF032004B070BD2846FFF767FD0028A2
:10B96400F8D00728F6D0084C084BE41AE40824045D
:10B9740005F04AFB03462A46064944F0010005F057
:10B984002BFF0320E6E700BF98750300D074030083
:10B99400DC86030034870300CB1FDBB2012B11D8F4
:10B9A40070B506460C4615461046FFF74AFD58B1D9
:10B9B40021463046FFF780FD40B105808470FFF7D3
:10B9C40011FE70BD072070470720FAE70520F8E74D
:10B9D40010B5044608464FF6FF739C4204D0FF2C72
:10B9E4000CD94FF6FF7010BD4FF4807104F083FB47
:10B9F40080B2B0F5807FF6D12046F4E7214604F00A
:10BA040056FB80F0010010F0FF0F01D02046EAE75A
:10BA14004FF6FF70E7E708B50346FF2800D908BDD5
:10BA24000846194604F051FBF9E7000008B502493D
:10BA3400FFF7CEFF08BD00BF304600204FF6FF736E
:10BA4400984209D010B504460449FFF7C1FF844267
:10BA540014BF0020012010BD002070475046002074
:10BA640038B50446044D2946FFF7D5FF05F12001FA
:10BA74002046FFF7D0FF38BD30460020FF2801D90B
:10BA84000020704708B50146014804F02BFB08BDAF
:10BA940030460020FF2801D90020704708B5014630
:10BAA400014804F01FFB08BD5046002038B50D4680
:10BAB4004FF6FF73984202D0441CA4B203E0002462
:10BAC40001E00134A4B2FF2C06D82146284604F034
:10BAD40009FB0028F5D001E04FF6FF74204638BD7D
:10BAE40010B50A49FFF7E2FF044604E0074920467F
:10BAF400FFF7DCFF04464FF6FF739C4204D0204658
:10BB0400FFF7C8FF0028F1D1204610BD30460020C1
:10BB140008B50249FFF7CAFF08BD00BF5046002020
:10BB240038B50546002405E0054B53F82430284673
:10BB340098470134034B1B78A342F5DC38BD00BFA2
:10BB4400744600207046002010B586B084880388AF
:10BB5400102B06D0144B19782046FEF7AFF806B028
:10BB640010BD00238DF803300193029303930493D3
:10BB7400059301238DF804304FF6FF73ADF80830B8
:10BB8400ADF80640083003900DF10303049301A8B7
:10BB9400FFF7C6FF9DF80320034B19782046FEF7F4
:10BBA400A7F89DF80300DAE72C2B0020094B1B783B
:10BBB40003B9704710B50446FFF7C6FF00B110BDC6
:10BBC4002046FFF753F8204601F032F82046FEF7EE
:10BBD400E7FBF4E78E46002018B108B5FFF7A0FF95
:10BBE40008BD704708B5FFF79BFF08BD08B5FFF710
:10BBF40097FF08BD08B5FFF793FF08BD2DE9F04F87
:10BC040087B00193364B1B78002B63D083468A465A
:10BC140091464FF6FF70FFF718FC04460023059386
:10BC2400042204920293039305AB039304AB02AA88
:10BC34000621FFF719FB072850D04FF6FF77B846C7
:10BC44004FF0FF35002611E0059BB34201D3A04617
:10BC54001E46AB4201D227461D462046FFF7F5FBA0
:10BC6400044604AB02AA0621FFF7FEFA0028EBD033
:10BC74000528F2D04FF6FF739C421BD1984517D08C
:10BC84009F4213D00020BBF1000F01D0ABF800801D
:10BC9400BAF1000F01D0CAF80060B9F1000F01D069
:10BCA400A9F80070019BB3B11D6014E00520EAE718
:10BCB4000520E8E70B4D0C4BED1AED082D0405F0BB
:10BCC400A3F902462346094945F0010005F084FD25
:10BCD400032000E0082007B0BDE8F08F0520FAE754
:10BCE4008E46002070750300D07403009C87030007
:10BCF40008B500231A460C490C48FFF77FFF0528B6
:10BD040004D068B1052809D000220AE0074B4FF699
:10BD1400FF721A80044B00221A60F2E7012200E04D
:10BD24000122034B1A7008BD84460020804600207F
:10BD34008D46002030B587B004468088FEF7B2FEF9
:10BD440060802378093B032B00F28280DFE803F054
:10BD54000232457D637AE3B94D4B1B6813B1E26847
:10BD640093420ED04B4B1B78002B71D0A2884A4BC8
:10BD74001B889A426CD1237A062B69D1FFF7B8FF4E
:10BD840066E00023424A1360A188434A1180E360BD
:10BD94005EE0012B5CD13F4B1B78002B58D0A2886E
:10BDA4003D4B1B889A4253D1237A062B50D1FFF77F
:10BDB4009FFF4DE0637A002B4AD1354B1B68002B63
:10BDC40046D0E268934243D10022314B1A60334992
:10BDD4000B68013B0B60E2603AE0314B1D7855B9CA
:10BDE40001252C4B1B7823B1A2882B4B1B889A422C
:10BDF40028D085B32CE04FF6FF70FFF726FB4FF6F3
:10BE0400FF739842EDD11846FFF723FB4FF6FF73FB
:10BE14009842E6D10025224B1D70019502950395A9
:10BE2400049505950D238DF804304FF6FF73ADF896
:10BE34000830ADF806302046FFF772FE01A8FFF780
:10BE44006FFECEE7FFF754FFD3E7154B1B7823B9FA
:10BE54002046FFF765FE07B030BD0023104A13707B
:10BE6400019302930393049305930E238DF80430F6
:10BE74004FF6FF73ADF80830ADF80630A3680393AE
:10BE84002046FFF74DFE01A8FFF74AFEE3E700BF97
:10BE9400884600208D4600208046002084460020ED
:10BEA4008C46002008B504F002F980F00100C0B20D
:10BEB400BFF35F8F08BD08B5BFF35F8F04F012F9BD
:10BEC40008BD08B5BFF35F8F04F0FFF808BD38B5AF
:10BED400054668B10C46006850B1686840B1FF2956
:10BEE40007D0FFF7E8FF20B12868EB6803FB0400E4
:10BEF40038BD0020FCE790B138B50C460546036810
:10BF04001BB1406808B1FF2900D138BDFFF7D3FF4A
:10BF14000028FAD021466868FFF7D3FFF5E7704799
:10BF2400F8B550B30F460646036843B3436843B3BA
:10BF34000025FF2405E02B1B0133BB421BD0013538
:10BF4400EDB2B3689D4215D229467068FFF7AAFF87
:10BF540018B1FF2CEFD12C46EDE7FF2CEFD005E014
:10BF640021463046FFF7C7FF0134E4B2A542F7D8B3
:10BF7400FF24E4E7FF242046F8BDFF24FBE7FF2469
:10BF8400F9E7FF24F7E77EDF70477FDF704786DF3E
:10BF9400704708B5FFF7F7FF042800D008BD11204B
:10BFA400FCE719B108B5FFF7F4FF08BD002070479E
:10BFB40038B504464088FEF741FDA080002505B150
:10BFC40038BD204600F004FE0135F8E700B587B01F
:10BFD40000230193029303930493059305238DF89F
:10BFE4000430ADF8060001A8FFF7E2FF07B05DF8E2
:10BFF40004FB00B587B000230193029303930493D9
:10C00400059308238DF80430ADF80600039101A8C8
:10C01400FFF7CEFF07B05DF804FB000000B587B062
:10C0240094460022019202920392049205924FF0E8
:10C03400040E8DF804E0ADF806008DF80C10ADF890
:10C044000EC08DF81030054B1978FDF751FE01A88C
:10C05400FFF7AEFF07B05DF804FB00BF302B0020F4
:10C0640000B587B0002301930293039304930593CF
:10C0740002238DF80430ADF806008DF80C1001A8E9
:10C08400FFF796FF07B05DF804FB000070B50546A6
:10C094000C4616460A460E4B1978FDF729FE04B9DC
:10C0A40070BD321E18BF01220A4B19782846FDF7CD
:10C0B4001FFE012E14BF00220122074B19782846C7
:10C0C400FDF716FE31462846FFF7CAFFE8E700BF32
:10C0D400302B00202F2B00202E2B002000B587B002
:10C0E40000230193029303930493059306238DF88D
:10C0F4000430ADF80600039101A8FFF759FF07B01B
:10C104005DF804FB10B504460088FDF789FD01289D
:10C1140005D0214631F8040BFFF7E0FF10BD0246BD
:10C124002088237913F0010F00D102220121FFF7A7
:10C13400ADFFEEE700B587B00023019302930393AC
:10C144000493059307238DF80430ADF8060001A885
:10C15400FFF72EFF07B05DF804FB00B587B003239B
:10C164008DF804300388ADF80630437913F0040FDA
:10C174000AD001238DF80C308DF80D1001A8FFF7BB
:10C1840017FF07B05DF804FB0223F3E7F0B583B0B3
:10C1940043B304460E4617461D4600F580706B46B1
:10C1A4000122072180B2FFF72FFB112818D030BBE2
:10C1B4005022002101980BF0FDF8019B1E7001999B
:10C1C40001F134032B60EF6001F118032B614B1C68
:10C1D4006B611B4BEB6111312046FEF745FCF0B956
:10C1E40003B0F0BD1748184BC01AC0080004174A22
:10C1F400174940F0010005F0E5FA0320F0E7114D7E
:10C20400114BED1AED082D0404F0FEFE0246234600
:10C21400104945F0010005F0DFFA0320E0E7094D7D
:10C22400094BED1AED082D0404F0EEFE02462346F8
:10C23400094945F0020005F0CFFA0820D0E700BF15
:10C2440090460020B0750300D0740300C0D40300EE
:10C25400188903004C890300B08903002DE9F843D1
:10C2640004460D461646184B1978FDF727FD90B184
:10C27400012704F58070072180B2FFF735FB804663
:10C2840008B1052809D133462A4639462046FFF726
:10C29400C5FEBDE8F8830227EBE70C4B0C4AA3EB81
:10C2A40002094FEAD9094FEA094904F0ADFE0246F2
:10C2B4002346084949F0010005F08EFA414620461C
:10C2C400FFF797FEDFE700BF2E2B0020B0750300B9
:10C2D400D0740300008A030070B506460C46154668
:10C2E4000C4B1978FDF7EAFC00B970BD0A4B1978BC
:10C2F4003046FDF7E3FC28B12A4621463046FFF7D5
:10C30400ADFFF2E72B46224600213046FFF786FEBA
:10C31400EBE700BF302B00202F2B002008B503795A
:10C324003D2B06D04FF4885100220088FFF7D4FF3C
:10C3340008BD41F23D01F7E708B5427902F0030276
:10C3440001790088FFF7C8FF08BD0000F0B585B08B
:10C35400044600F10C063046FEF7EAFB4FF6FF7385
:10C36400984227D0054601462088FEF703FC0022A8
:10C3740001212088FFF78AFE4FF6FF739D421ED1EC
:10C38400002700231A4639462088FFF700FE064698
:10C39400082833D000283CD1A37D13F0010F4BD0E3
:10C3A400002F49D1002341F2060219462088FFF7E5
:10C3B40035FE41E02088FEF741FB0546D7E702AA97
:10C3C40007212846FFF71AFAA0B9039FA37D13F0AB
:10C3D400010F11D097F8443013F0010F01D0343716
:10C3E400CFE7314607F14600FEF78DFB0028F6D172
:10C3F4000027C6E70027C4E70027C2E70F48104B11
:10C40400C01AC00800040F4940F0020005F0D4F936
:10C4140012E00A4F0A4BFF1AFF083F0404F0F4FD30
:10C42400024600952388084947F0010005F0DFF92A
:10C4340031462088FFF7DDFD05B0F0BDB07503007F
:10C44400D07403006C8A0300DC8A03002DE9F043F6
:10C4540085B00446078800225D4B19783846FDF7FD
:10C4640047FC637913F0040F3FD007F58076B6B22A
:10C4740002AB012207213046FFF7C6F980460028A7
:10C484003AD13846FEF7DAFA05464FF6FF7398427A
:10C4940049D04FF000082A4607213046FFF77CFABE
:10C4A4008146002800F08680862800F08880494E66
:10C4B400494BF61AF608360404F0A6FD0246009528
:10C4C4003B46464946F0010005F091F94946384695
:10C4D400FFF78FFD00212046FFF73FFEB8F1000F64
:10C4E40007D02846FEF750FB03E000212046FFF763
:10C4F40034FE05B0BDE8F083364D374BED1AED0838
:10C504002D0404F081FD02463B46354945F0010007
:10C5140005F062F941463846FFF76BFD00212046DD
:10C52400FFF71BFEE5E719460398FEF769FA05468F
:10C534004FF6FF7398421CD001463846FEF71AFBAB
:10C54400284B19783846FDF7B9FB804610B14FF0F7
:10C554000008A0E73846FFF739FD224B1978384622
:10C56400FDF7ACFB002896D100212046FFF7F5FD2E
:10C57400BFE7FEF755FF05464FF6FF73984206D016
:10C5840001463846FEF7F6FA4FF0010883E71148F2
:10C59400114BC01AC0080004134940F0010005F013
:10C5A4000BF904213846FFF724FD00212046FFF74C
:10C5B400D4FD9EE701212046FFF7CFFD99E73846D9
:10C5C400FFF7B8FD01212046FFF7C7FD91E700BF43
:10C5D400302B0020B0750300D0740300DC8B030003
:10C5E4004C8B03002D2B0020A88B030008B5037986
:10C5F40013B9FFF72BFF08BDFFF79EFEFBE7000012
:10C6040010B586B00446144B19780088FDF756FB24
:10C6140008B106B010BD2088FDF726FB38B9012308
:10C6240041F2060200212088FFF7F8FCF1E700221E
:10C634000A4B19782088FDF75BFB03238DF804303F
:10C644002388ADF8063000238DF80C308DF80D30BA
:10C6540001A8FFF7ADFCDCE72F2B0020302B0020D6
:10C664002DE9F04188B007460D461646FDF7D8FA85
:10C6740004462022002168460AF09CFE012C16D0B4
:10C68400002C4FD0002D3FD03846FEF7D7F94FF697
:10C69400FF73984227D0012C10D04FF000082B785C
:10C6A40013F0010F25D10396204B07932EE00022AF
:10C6B4001F4B19783846FDF71BFBE1E71C4B197833
:10C6C4003846FDF7FBFA10B14FF00008E7E73846AB
:10C6D400FFF77CFC164B19783846FDF7EFFA28B1C2
:10C6E4004FF00008DBE74FF00008D8E74FF085086B
:10C6F400D5E7B8F1850F09D06B4632462146384656
:10C70400FFF744FD58B901E04FF08508012C00D033
:10C7140000256B462A4641463846FFF736FC08B0EA
:10C72400BDE8F08143F20200F9E700BF9046002023
:10C734002D2B002038B504460D46FDF771FA01286B
:10C7440002D043F2020038BD29462046FFF729FCF7
:10C75400F9E708B50388113B092B09D8DFE803F092
:10C764000508090D0808080811150430FFF7D6FD5F
:10C7740008BD0430FFF7C6FCFAE70430FFF7E6FD16
:10C78400F6E70430FFF732FFF2E70430FFF738FF33
:10C79400EEE700000022026042608260014A1268F3
:10C7A40002607047D846002010B5044610460023A6
:10C7B40023606360A360E360236121706280FEF7FD
:10C7C4003DF9A080204610BD00B583B06A4607211C
:10C7D400FFF714F838B9019B93F8443013F0010FB4
:10C7E40002D0012000E0002003B05DF804FB38B55E
:10C7F4000546002404B138BD2846FFF7EDF901349D
:10C80400F8E708B5FFF7F3FF08BD30B587B00D466C
:10C8140014460246062101A8FFF7C6FF03950494B7
:10C8240001A8FFF7E4FF07B030BD10B586B002469B
:10C834000C46082101A8FFF7B7FF039401A8FFF7EE
:10C84400D6FF06B010BD000010B5044613461129EA
:10C854000DD000226BB10A4B19782046FDF748FA37
:10C864000022084B19782046FDF742FA10BD012238
:10C87400F0E7044B19782046FDF73AFAF6E700BFD3
:10C88400312B0020342B002070B586B005461129C9
:10C8940034D8DFE801F02D333333333333332D33DE
:10C8A400333333093333332D16461F481F4BC01A15
:10C8B400C00800042A461E4940F0020004F082FF2A
:10C8C4002A4604210DEB0100FFF76EFF96B1337881
:10C8D40013F0010F10D102238DF80C3000238DF8D2
:10C8E400103041F20113ADF80E3001A8FFF77FFFBD
:10C8F40006B070BD0223EFE70123EDE70C460A4EB4
:10C904000A4BF61AF6083604084604F07DFB024684
:10C914002B46084946F0010004F05EFF21462846F4
:10C92400FFF783FFE4E700BFA8750300D07403009A
:10C93400488C0300008D030030B585B004460D46D5
:10C9440001A8FFF727FF01AA29462046FFF75DFF4C
:10C95400094B1A6801992046FFF782FE0546012219
:10C9640001462046FFF770FF019A29462046FFF74B
:10C974008BFF05B030BD00BFD046002008B50021B4
:10C98400FFF7DAFF08BD00002DE9F04385B0044647
:10C9940016461F46884689B901A8FFF7FBFE01AA7F
:10C9A40000212046FFF731FFDDF80490284B1B7867
:10C9B40033B99DF80D301BB9052625E04FF0000969
:10C9C400324649462046FFF7B5FE05460022014699
:10C9D4002046FFF739FF112D1AD80123AB4042F648
:10C9E4000112134229D113F4003F15D04246194BCA
:10C9F40019782046FDF77CF93246174B1978204602
:10CA0400FDF776F90026E7B9304605B0BDE8F083B6
:10CA140043F202039D4212D0104E114BF61AF6084F
:10CA24003604284604F0F0FA024623460D4946F03F
:10CA3400010004F0D1FE0326E5E72E46E3E72E4687
:10CA4400E1E74A4629462046FFF71EFFDCE700BF20
:10CA5400D4460020322B0020332B0020A87503007D
:10CA6400D07403006C8D030038B50446084B197864
:10CA7400FDF724F90546074B19782046FDF71EF902
:10CA8400014601232A462046FFF77EFF38BD00BF3A
:10CA9400332B0020322B0020002943D0F8B5054663
:10CAA4000C46FDF7CFF8064600283DD02846FDF792
:10CAB400C5FF0746022E14BF00260126237866F31D
:10CAC400000323704FF6FF73C31A18BF01232278A3
:10CAD40063F3C30222702846FDF7C6F8237860F397
:10CAE400410323702846FDF7CDF8237860F38203D1
:10CAF40023702846FDF7D4F830B10122237862F37D
:10CB0400041323700020F8BD2846FDF7ADF808B9DA
:10CB14000022F3E73846FFF757FE08B90022EDE795
:10CB24000122EBE70E20704743F20200EBE710B559
:10CB340082B00C4600238DF80430E0238DF80430D5
:10CB440001A9FFF7A9FF9DF80430DB435BB222780B
:10CB54001A4010B912B9012000E0002002B010BD43
:10CB640030B583B00446194B1B6833B34088FDF7D6
:10CB74007BF8014608B9024621E000258DF80450EF
:10CB8400237AC3F340012A4661F382028DF804201C
:10CB9400D2B263F3C3028DF80420C3F38003D2B28C
:10CBA40063F304128DF8042001A96088FFF7BFFF26
:10CBB40080F00102D2B2294601E0002201210123C2
:10CBC4006088FFF7E1FE03B030BD00BFD846002007
:10CBD40010B504460378062B07D0132B01D1FFF7B9
:10CBE400BFFF2046FFF70DFE10BD81684088FFF7A8
:10CBF400A3FEF9E708B503780C2B02D8092B02D25F
:10CC040008BD142BFCD100220549064B1878FDF70A
:10CC140089F800220449054B1878FDF783F8EFE7FB
:10CC240081C90200312B00206DCA0200342B002080
:10CC340008B5FFF78EFD00220549064B1878FDF76D
:10CC440071F800220449054B1878FDF76BF808BD0C
:10CC540081C90200312B00206DCA0200342B002050
:10CC64000268134600E01B6813B18B42FBD101E05C
:10CC74000A60016070470346006808B102681A60E0
:10CC84007047000038B5054608B9064C04E0064C68
:10CC940002E04368284698472046FFF7ECFF002847
:10CCA400F7D138BDE4460020EC46002010B5044618
:10CCB40010B1012C06D010BD054B01225A70FFF7AC
:10CCC400E1FFF6E70120024B9870FFF7DBFFF2E784
:10CCD400DC46002000B1704708B5034B01225A70AE
:10CCE400FFF7D0FF08BD00BFDC46002008B505F003
:10CCF40007FA20B9074BD3F800342BB108BD064915
:10CD04007B2003F033F9F5E700F0EEF9034B002242
:10CD14009A70F3E700000140D48D0300DC46002044
:10CD240010B5104B1B784BB185240F4BD3F800344E
:10CD340013B10C4B01229A70204610BD094B0022FE
:10CD44009A605A601A61DA60084800F07FF9044674
:10CD540005F0D6F918B1034B01221A70E5E700F08B
:10CD64008DF9F8E7DC46002000000140B1CC020058
:10CD740010B582B00446224B1B78D3B1204B9B786C
:10CD8400E3B114B163680120984700238DF807309C
:10CD94000DF1070002F0F0F8194AD3680133D360AB
:10CDA4009DF8070002F0FAF8154BDB680BB302B0EC
:10CDB40010BD1449F62003F0D9F8DFE700238DF8FD
:10CDC40007300DF1070002F0D7F81CB121460E48D8
:10CDD400FFF746FF0A4BDB6843B1094AD3680133C6
:10CDE400D3609DF8070002F0D9F8DDE700F05CF9A4
:10CDF400F3E704494FF4897003F0B8F8D7E700BFAC
:10CE0400DC460020D48D0300EC46002000B583B03E
:10CE1400144B1B78B3B1134BDB68CBB100238DF8F3
:10CE240007300DF1070002F0A7F80E4BDA68013A5B
:10CE3400DA60DB6893B19DF8070002F0AFF803B045
:10CE44005DF804FB084940F2171003F08FF8E2E79D
:10CE540005494FF48C7003F089F8DFE7FFF746FFCC
:10CE6400E9E700BFDC460020D48D030000B583B0A1
:10CE740001280DD0032823D038B9184B0122C3F858
:10CE84008020BFF34F8FBFF36F8F03B05DF804FBB7
:10CE940000238DF807300DF1070002F06DF8104BF8
:10CEA4001B7853B10E4BDA680132DA6001229A70B2
:10CEB4009DF8070002F072F8E7E7FFF731FFF1E7AA
:10CEC400074B1B7823B100F0D9F8FFF79FFFDCE78D
:10CED400044940F2522003F049F8F4E700E100E08D
:10CEE400DC460020D48D030000B587B003788DF8AC
:10CEF40004304368029383688DF80C30C36804934C
:10CF040003698DF81430054B53F82130044A52F864
:10CF1400211001A8984707B05DF804FB00470020E2
:10CF2400F046002070B584B08C46144686461EF840
:10CF3400045B1C4A42F825401B4A42F825301B4B2F
:10CF44000FCB04AE06E90F009CF800308DF80030DA
:10CF54009CF801308DF801309CF802308DF80230D5
:10CF64009CF803308DF803309CF804308DF80530BC
:10CF74009CF805308DF80630DCF8083002939CF8F4
:10CF84000C308DF80C309CF80D308DF80D3004B158
:10CF9400074C2B4622466946704601F0B7FC04B0A4
:10CFA40070BD00BF00470020F0460020D0D403002D
:10CFB400EDCE0200002807DB00F01F024009012328
:10CFC4009340024A42F82030704700BF00E100E07D
:10CFD400002808DB4901C9B200F1604000F5614056
:10CFE40080F80013704700F00F004901C9B2014BEB
:10CFF4001954704714ED00E038B505460C468B1EF5
:10D00400DBB2012B03D94B1FDBB2022B04D8214620
:10D014002846FFF7DDFF38BD02496B2002F0A6FF6A
:10D02400F5E700BF788E030008B5074B1B6813F0C3
:10D03400010F00D008BD06210020FFF7DDFF00200E
:10D04400FFF7B8FFF6E700BF00E100E010B50446C3
:10D0540048B1084B1B795BB9064B1C6001221A715D
:10D064000020587110BD0449A42002F07FFFF0E7AE
:10D074008520F7E710470020C88E030008B5084B49
:10D084001B793BB1FFF7D0FF4FF080430122C3F877
:10D09400182508BD0349BD2002F068FFF2E700BF70
:10D0A40010470020C88E030000B583B00C4B1B79D9
:10D0B40083B14FF080430022C3F80421D3F8042144
:10D0C4000192019A0222C3F8042301229A6003B058
:10D0D4005DF804FB0349EA2002F048FFE9E700BFDA
:10D0E40010470020C88E030000B583B00F4B1B7996
:10D0F400BBB14FF080430222C3F808230022C3F8D7
:10D104000421D3F804210192019A0122DA604FF03C
:10D114008043D3F8183413F4803FF8D103B05DF89A
:10D1240004FB0349F72002F021FFE2E71047002047
:10D13400C88E030000B583B04FF08043D3F80031AC
:10D144009BB14FF080430022C3F80021D3F80021A3
:10D154000092009A0122C3F80823104B5B7923B98B
:10D164000E4B5A711B68002098474FF08043D3F848
:10D1740004317BB14FF080430022C3F80421D3F87B
:10D1840004210192019A0222C3F80823034B1B686D
:10D194000120984703B05DF804FB00BF104700204E
:10D1A400002807DB00F01F02400901239340024AD4
:10D1B40042F82030704700BF00E100E0002808DB9F
:10D1C4004901C9B200F1604000F5614080F80013E4
:10D1D400704700F00F004901C9B2014B1954704760
:10D1E40014ED00E010B40D4C00F5A27054F820309A
:10D1F40023F44F3323F4407344F8203054F82030A0
:10D20400090201F47C51120402F4403211430B432D
:10D2140044F820305DF8044B704700BF00600040C4
:10D2240000B583B084468E460D4B93E8030002ABF1
:10D2340003E9030063460BE002A901EB830151F803
:10D24400081CD1F8200542F8040BC1F8200501336D
:10D254000CEB0E009842EFD803B05DF804FB00BF5E
:10D26400E0D40300430904D0012B0BD14FF6FF7324
:10D2740001E04FF0FF3300F01F0023FA00F000F04C
:10D28400010070470023F6E7034B034493F9600061
:10D2940000F03F00704700BF18470020034B0344D1
:10D2A40093F96000C0F38110704700BF1847002055
:10D2B40010B5864614461AB100234FF0080C04E05A
:10D2C40008234FF00C0C00E00133634513D20B4AE2
:10D2D40052F82320B2F1FF3FF6D158B2074A02EBCD
:10D2E4000E0C8CF8300042F8231034B9083B134478
:10D2F40083F860E001E04FF0FF3010BD18470020D4
:10D30400064B4FF0FF3243F82020072804D9083891
:10D314000344FF2283F86020704700BF18470020B1
:10D3240010B50446024602210020FFF779FF0023CE
:10D33400012B04D854F823201AB90133F8E700204C
:10D3440010BD0120FCE7000010B504460068FFF79B
:10D3540089FF38B123681F2B0AD903F01F03236008
:10D36400054810BD05494FF4F67002F0FFFDF1E7E2
:10D374004FF0A040F5E700BF00030050C47D030058
:10D3840010B582B00C46019001A8FFF7DDFFA400A0
:10D39400019B03F5E07340F8234002B010BD00B5D3
:10D3A40083B0019001A8FFF7CFFF019B03F5E07361
:10D3B40050F8232022F0020240F8232003B05DF845
:10D3C40004FB00B583B0019001A8FFF7BDFFD0F8BE
:10D3D4001005019BD84000F0010003B05DF804FB88
:10D3E40010B582B001900C4601A8FFF7ADFF019B78
:10D3F40003F5E07350F8232022F4403240F8232050
:10D4040050F8232042EA044240F8232002B010BD21
:10D4140000B583B0019001A8FFF796FF019B03F5C7
:10D42400E07350F82300C0F3014003B05DF804FB3F
:10D4340000B583B0019001A8FFF786FF0123019A8C
:10D444009340C0F8203503B05DF804FB2DE9F041AA
:10D45400064645E0032126E0B8F1010F36D14146E6
:10D46400284698470134032C36D81F4B234493F99C
:10D474006030B3F1FF3FF5D02046FFF705FF0546C6
:10D48400C20800F0070101238B40B25C1342E9D0CB
:10D494002046FFF703FF80462846FFF7B9FF0746FB
:10D4A4000228D7D002212846FFF79AFF2846FFF723
:10D4B400BFFF0D4B5A1992F9302053F82230002B3C
:10D4C400D0D0B8F1030FCAD0022FC5D0032FC9D1D1
:10D4D400B8F1020FC6D1C2E73046FFF721FF08B109
:10D4E4000024C0E7BDE8F0811847002030B583B0C0
:10D4F4001C4B93F86A5095BB2C4601E00134E4B20E
:10D504002F2C0FD82046FFF7ADFE0028F6D0154B80
:10D514002344FF2283F83020F0E72846FFF7F0FE8B
:10D524000135EDB20B2DF8D90F4D00242C60AC80E1
:10D5340006210846FFF742FE0620FFF731FE0B4B9B
:10D54400C3F87C41D3F87C210192019A4FF0004248
:10D55400C3F804230123AB71204603B030BD082077
:10D56400FBE700BF184700207C4700200060004014
:10D5740070B504460D461646FFF774FE38B1254BC8
:10D58400234493F93030002B07DB082070BD224977
:10D594004FF40C7002F0EAFCF1E7AA78C2F34002FF
:10D5A40031462046FFF784FE0646B0F1FF3F2FD0F8
:10D5B400AB7813F0040F0FD113F0010F1CD02046E9
:10D5C400FFF7EDFEE30804F0070C1448C25C0121E8
:10D5D40001FA0CF10A43C254AB7813F0020F10D1D4
:10D5E400083E0C4B334493F96020297842EA8112B7
:10D5F40083F860200020C9E769782046FFF7C0FE61
:10D60400E0E72A7821463046FFF7ECFD0020BDE72D
:10D614000420BBE718470020688F03007C470020E4
:10D6240030B583B004460D46FFF71CFED0B12C4B39
:10D63400234493F93030002B1ADB294B234493F90C
:10D644003000072823DD0838FFF728FE05460328A5
:10D6540014D0012819D0032529462046FFF7C0FE1F
:10D6640003B030BD1F494FF4187002F07FFCDEE7B1
:10D674001C4940F2612002F079FCDEE72046FFF706
:10D68400A0FE0028E8D10225E6E70225E4E7C3B2BC
:10D69400072BE5D800F140039BB29B009BB21249D3
:10D6A40000F5A27C51F82C2042F0010241F82C2014
:10D6B40003F1804303F5C04300221A601B68019301
:10D6C400019B002DCCD0064B1C4494F9302053F818
:10D6D4002230002BC4D001238340C1F80433BFE7B8
:10D6E40018470020688F03000060004010B504460E
:10D6F400FFF7B8FD30B12046FFF763FE003818BFCE
:10D70400012010BD024940F2B22002F02FFCF2E7E2
:10D71400688F030070B584B000250295039501203D
:10D724004FF48073294603E0400004339BB2013177
:10D73400072912D803F1804202F5C0421468012C73
:10D74400F2D1234CD4F804432042EDD000241460D9
:10D7540012680092009A0543E6E71D4BD3F87C312A
:10D76400012B06D015F0FF0F2AD1002D2BDB04B0BE
:10D7740070BD174B0020C3F87C01D3F87C310193B2
:10D78400019B45F0004502AA0221FFF749FDE9E7A4
:10D7940076000134072CE8D82E42F9D00C4B04F55E
:10D7A400A27253F82200C0F3052053F82210C1F3EB
:10D7B4000141084B53F82430002BE9D09847E7E7A0
:10D7C40001260024E6E702A8FFF740FECFE700BFEA
:10D7D4000060004018470020034B984201D10348E1
:10D7E40070470020704700BF00200040844700209D
:10D7F40008B5064B1B681BB1044B1B68984708BD52
:10D804000349512002F0B2FBF6E700BF8447002031
:10D814001090030070B582B00C460546B8B1284696
:10D82400FFF7DAFF0546B8B100238DF807300DF194
:10D83400070001F0A1FB2E7916B92C6001232B718E
:10D844009DF8070001F0AAFB4EB9002005E0054948
:10D85400772002F08BFBE2E7002002B070BD1120BC
:10D86400FBE700BF10900300002807DB00F01F0255
:10D87400400901239340024A42F82030704700BF18
:10D8840000E100E0002808DB4901C9B200F1604072
:10D8940000F5614080F80013704700F00F00490163
:10D8A400C9B2014B1954704714ED00E0430904D088
:10D8B400012B0BD14FF6FF7301E04FF0FF3300F063
:10D8C4001F0023FA00F000F0010070470023F6E780
:10D8D40010B483B0844602240C714A71096889B17A
:10D8E40012F0040F23D1822112F0080F01D041F06D
:10D8F400200112F0100F01D021F08001DCF80000AB
:10D90400C0F80013DCF800100024C1F80441D1F879
:10D9140004110191019912F0800F0AD1DCF8002062
:10D924000121D150002003B05DF8044B70479221CF
:10D93400DAE7DCF800001844F5E730B585B00446B2
:10D944000D46D0F8103173B10023C0F81031D0F86F
:10D9540010310093009B4B7913F0040F03D00B6834
:10D964000BB101209847D4F8143173B10023C4F8E3
:10D974001431D4F814310193019B6B7913F0080F1F
:10D9840003D02B680BB102209847D4F81C3173B133
:10D994000023C4F81C31D4F81C310293029B6B7928
:10D9A40013F0100F03D12B680BB100209847D4F863
:10D9B400043163B10023C4F80431D4F8043103936F
:10D9C400039B01232B712B680BB10320984705B0EF
:10D9D40030BD000010B504460068FFF767FF38B19A
:10D9E40023681F2B0AD903F01F032360054810BDC9
:10D9F40005494FF4F67002F0B9FAF1E74FF0A04090
:10DA0400F5E700BF00030050C47D030000B583B0F8
:10DA1400019001A8FFF7DEFF0123019A9340C0F8AB
:10DA2400083503B05DF804FB00B583B0019001A88C
:10DA3400FFF7D0FF0123019A9340C0F80C3503B0DF
:10DA44005DF804FB00B583B0019001A8FFF7C2FFA5
:10DA5400019B03F5E073032240F8232003B05DF833
:10DA640004FBF0B585B007460E4600240AE0FFF734
:10DA7400CDFF04AB03EB850555F8100CFFF7E2FF6F
:10DA84000134E4B2032C18D82546335DFF2B0CD0A7
:10DA940023F0800004AA02EB840242F8100C13F075
:10DAA400800FE4D1FFF7C0FFE3E74FF0FF3204AB90
:10DAB40003EB840343F8102CE2E7386800230AE000
:10DAC40004AA02EB830252F8101C03F5AC7240F86E
:10DAD40022100133DBB2032BF2D905B0F0BD0000F4
:10DAE40038B505460C468B1EDBB2012B03D94B1F00
:10DAF400DBB2022B04D821462846FFF7C3FE38BD0B
:10DB040002496B2002F032FAF5E700BF788E030079
:10DB140070B506460C461546012904D84DB1293482
:10DB24006401355170BD064940F2B72002F01EFA77
:10DB3400F4E703494FF42E7002F018FAEFE700BF40
:10DB4400B090030070B505460C461646012908D866
:10DB54006EB116F4004F10D1293405EB44156E60F4
:10DB640070BD09494FF4307002F000FAF0E706493D
:10DB740040F2C12002F0FAF9EBE7034940F2C22077
:10DB840002F0F4F9E8E700BFB090030070B5044672
:10DB94000E461546012907D8B5F1807F0AD204EB59
:10DBA4004614C4F8285570BD054940F2CA2002F055
:10DBB400DDF9F1E7024940F2CB2002F0D7F9EEE7B4
:10DBC400B090030070B504460E461546012907D8E7
:10DBD400B5F1807F0AD204EB4614C4F82C5570BD0D
:10DBE400054940F2D32002F0C1F9F1E702494FF4AC
:10DBF400357002F0BBF9EEE7B090030070B504464F
:10DC04000D461646A2B1326829462046FFF780FF2A
:10DC1400B28829462046FFF795FFB2682946204678
:10DC2400FFF7B4FFF26829462046FFF7CBFF70BD2B
:10DC3400024940F2AB2002F099F9E4E7B090030006
:10DC44002DE9F04784B0044617460D46002964D0F8
:10DC54002679384B03EBC6031B79002B68D1354B6F
:10DC640043F8367029462046FFF7FBFE236801225D
:10DC7400C3F80025276895F805A095F80690B5F82F
:10DC84000880B5F90830002B4CDBC7F80CA5C7F8A1
:10DC94000495C7F808852268AB7AE97A43EA012338
:10DCA400C2F8103522680023C2F800322268C2F894
:10DCB40000332268C2F81C31D2F81C210392039A63
:10DCC4002268C2F81031D2F810210292029A226816
:10DCD400C2F81431D2F814210192019A2268C2F8D0
:10DCE4000431D2F804310093009B124B53F83630C0
:10DCF40053B12068297940F30730FFF7F1FE20681B
:10DD040040F30730FFF7B0FD0A4B03EBC6030122D3
:10DD14001A71002004B0BDE8F0870749802002F0A2
:10DD240025F995E705494FF4287002F01FF9ACE78F
:10DD34000820EFE78C47002000910300B090030017
:10DD44002DE9F04104460F4616461D460279254B3F
:10DD540003EBC20898F8043003B32EB33B6803F016
:10DD64006043B3F1005F25D13A4600212068FFF7F4
:10DD740045FF3A4601212068FFF740FF06F0010104
:10DD8400226801EB5603C2F8143515F0010F17D1C0
:10DD940015F0020315D001B3082312E012494FF421
:10DDA4008D7002F0E3F8D8E70F4940F21B1002F03F
:10DDB400DDF8D3E70C494FF48E7002F0D7F8D3E7BF
:10DDC40010232268C2F80032EAB241B10C23414662
:10DDD4002046FFF77DFDBDE8F0810423F1E7082329
:10DDE400F5E700BF8C4700200091030038B50446D6
:10DDF40005790F4B03EBC5031B798BB10C4B03EB7C
:10DE0400C5031B79DBB2022B10D001202368D3F8A1
:10DE1400043123B1064B03EBC5030120187138BD4F
:10DE240004494FF4CC7002F0A1F8E7E70020EDE7D5
:10DE34008C4700200091030038B504460D46027952
:10DE4400104B03EBC2031B79ABB123680022C3F868
:10DE54000022236801225A602046FFF7C7FF0346C9
:10DE640038B92046FFF7C2FF034610B9002DF8D198
:10DE74002B46184638BD044940F2731002F076F878
:10DE8400E3E700BF8C4700200091030008B5024976
:10DE94000248FFF752FD08BD8C47002000C0014036
:10DEA400002807DB00F01F02400901239340024AC7
:10DEB40042F82030704700BF00E100E000280CDB8E
:10DEC40000F01F024009012393402030034A42F826
:10DED4002030BFF34F8FBFF36F8F704700E100E036
:10DEE400002808DB4901C9B200F1604000F5614037
:10DEF40080F80013704700F00F004901C9B2014BCC
:10DF04001954704714ED00E010B40B7803F00303C8
:10DF14004A78120102F0300213438A78120202F4A2
:10DF2400E0621343CA78120302F4805213430A795D
:10DF3400120402F4E02213434A79120502F4801217
:10DF440013438A79120602F080721343074A02EBE4
:10DF54000014C4F81835CC79097A5130030102EB66
:10DF640000104160D4505DF8044B704700700040CD
:10DF740038B505460C468B1EDBB2012B03D94B1F6B
:10DF8400DBB2022B04D821462846FFF7A9FF38BD8F
:10DF940002496B2001F0EAFFF5E700BF788E030029
:10DFA40010B588B0684BD3F80431002B2CD0664BE5
:10DFB4000022C3F80421D3F804310093009B634B7F
:10DFC40093F82E2012B193F82F30EBB100238DF883
:10DFD40014305E4B596806911989ADF81C10D96844
:10DFE400002964D0594B188B58835960188100213B
:10DFF400D96012B9544B01221A60544C236805A805
:10E004009847002384F82F30504B93F82E3053B3A5
:10E014004D4BD3F8003133B34B4B0022C3F80021EE
:10E02400D3F800310193019B484A538B92F82D2079
:10E0340093423FD99B1A9BB244494B834868098950
:10E0440089B2CB1A00EB43033F49C1F82C36C1F81F
:10E0540030263D4B0022C3F80421D3F80421029258
:10E06400029A01225A60384BD3F810317BB1364BF7
:10E074000022C3F81021D3F810310393039B334BD0
:10E084001A7402228DF814201B6805A898472E4B99
:10E09400D3F814314BB32C4A0023C2F81431D2F80C
:10E0A40014210592059A294A137408B010BD002260
:10E0B4001A74A2E7934208D09342CAD1234B012297
:10E0C40083F82F2000225A83C3E72049C968002916
:10E0D400F2D01E4B012083F82F00002058831A4BE6
:10E0E400C3F82C16C3F83026B3E7184B5C69002C30
:10E0F400DBD0B4FA84F34FF00042DA4024EA02049D
:10E1040046339B0003F1804202F5E0421168002986
:10E11400EDD00021116012680492049A01228DF856
:10E124001420A3F58C73C3F3C7028DF8182013F0E1
:10E13400040F0CBF01230B468DF81930034B1B68E9
:10E1440005A89847D3E700BF00700040944700201B
:10E1540070B584B00C460646002849D0002C4CD03B
:10E16400294B93F82C30002B4CD1274D2C6033785D
:10E17400264CC4F8F0357378C4F8F435F37885F890
:10E184002E30012385F82C3000232B7485F82D3094
:10E194006B6185F82F306FF00042C4F80823C4F88F
:10E1A4000431D4F804210392039AC4F80031D4F85A
:10E1B40000210292029AC4F81431D4F81431019364
:10E1C400019BB1780720FFF7D3FE0720FFF768FE15
:10E1D4000223C4F8043395F82E3013B10122C4F895
:10E1E40004230A4B0122C3F80025002004B070BDAB
:10E1F4000749D82001F0BAFEB0E70549D92001F05B
:10E20400B5FEADE70820F1E7944700200070004018
:10E214009C91030038B505460C462D4B93F82C30E1
:10E22400002B34D0072D38D82A4BD3F8F43513F00B
:10E23400FF0F04D0264B93F82D30002B33D1E37914
:10E24400013BDBB20C2B34D8237A0D2B37D8204B6F
:10E254001B7C002B39D105F10C021D4B03EB42034F
:10E264001B792BB91A4A92F82D30013382F82D30DC
:10E27400E27905F10C01164B03EB41031A71227A82
:10E284005A7121462846FFF73FFE002038BD124947
:10E2940040F2251001F06AFEC4E70F494FF4937071
:10E2A40001F064FEC0E70C494FF4947001F05EFE87
:10E2B400C5E709494FF4967001F058FEC4E70649D2
:10E2C4004FF4977001F052FEC1E71120DEE700BF62
:10E2D40094470020007000409C910300404B1B7C3D
:10E2E400002B7AD130B583B03D4A012414743D4BE0
:10E2F4000325C3F80853C3F82C16C3F8304692F824
:10E304002D30A3420DD9002209E0D3B2354951334F
:10E314001D0101EB031300245C604C510132072AF8
:10E32400F3D900F10C022E4B03EB420319795C790B
:10E334002C4B5130020103EB001044609950012230
:10E344001A605A6042F21073264AD2F804211AB9AC
:10E35400013BF9D1002300E00123A3B1214B0022AA
:10E36400C3F80021D3F8001101910199C3F80421E5
:10E37400D3F804310093009B194B93F82D30012BF3
:10E3840019D9002215E018494FF4D27001F0EEFDBE
:10E39400E4E702F10C01124B03EB41031C795D79B4
:10E3A400D3B210495133180101EB03135D600C50D3
:10E3B4000132072AEDD90A4B93F82E3043B1094BA9
:10E3C4000322C3F804230020054B187403B030BDA6
:10E3D400044B0222C3F80423F5E71120704700BF61
:10E3E40094470020007000409C910300F8B5054656
:10E3F4000E461446414B93F82C30002B3BD03F4B38
:10E404001B68002B3DD016F5006F40DBB4F5006FA0
:10E4140043DAA64247DAB2B242EA04422B0103F1DC
:10E42400804303F5E043C3F81C25072D41D86F0052
:10E434008021B94016F5006F41D0304843697E1CF5
:10E444004FF00042F240134343612D4BC3F80413D1
:10E45400072D41D84023BB4040F2FF72944241D083
:10E46400264842694FF00041F9400A434261244A78
:10E47400C2F80433F8BD234940F2692001F076FD67
:10E48400BDE7204940F26A2001F070FDBBE71D4959
:10E4940040F26B2001F06AFDB8E71A494FF41B7093
:10E4A40001F064FDB5E7174940F26D2001F05EFD0F
:10E4B400B1E7154940F2D62001F058FDB7E70F48FF
:10E4C40043697E1C4FF00042F24023EA0203436199
:10E4D4000B4BC3F80813BBE70B4940F2D62001F0FD
:10E4E40045FDB7E7054842694FF00041F94022EA8B
:10E4F40001024261024AC2F80833BBE79447002094
:10E50400007000409C9103003492030038B5044627
:10E5140007282BD81C4B93F82C306BB31A4B1B7C5D
:10E5240083BB04F10C02184B03EB42031B792BB1A0
:10E53400154A92F82D30013B82F82D3004F10C027B
:10E54400114B03EB420300251D715D710F4A04F169
:10E554005103190102EB03135D60555040F2FF7241
:10E564000B492046FFF742FF284638BD09494FF4BE
:10E57400B17001F0FBFCCDE7064940F2631001F0F5
:10E58400F5FCCBE71120F0E7944700200070004031
:10E5940000F8FFFF9C91030010B5244B93F82C3036
:10E5A4009BB1234C6FF00043C4F808330720FFF7F6
:10E5B40085FC0123A36042F210731D4AD2F8142192
:10E5C4004AB9013BF9D1002306E01A4940F2071089
:10E5D40001F0CCFCE5E7012333B10024144BC3F86C
:10E5E4000045124B1C7406E012494FF4887001F088
:10E5F400BDFCF2E70134072C12D804F10C020B4BDA
:10E6040003EB42031B79002BF4D0E0B2FFF77EFF4B
:10E614000028EFD007494FF48D7001F0A7FCE9E71B
:10E62400024B002283F82C2010BD00BF9447002029
:10E63400007000409C910300002807DB00F01F02DB
:10E64400400901239340024A42F82030704700BF3A
:10E6540000E100E0002808DB4901C9B200F1604094
:10E6640000F5614080F80013704700F00F00490185
:10E67400C9B2014B1954704714ED00E0003A18BFB9
:10E684000122022908D0032909D0012901D142F02D
:10E694000202C0F85425704742F00402F9E742F040
:10E6A4000602F6E7430904D0012B0BD14FF6FF73A2
:10E6B40001E04FF0FF3300F01F0023FA00F000F0F8
:10E6C400010070470023F6E710B504460068FFF721
:10E6D400E9FF38B123681F2B0AD903F01F03236015
:10E6E400054810BD05494FF4F67001F03FFCF1E711
:10E6F4004FF0A040F5E700BF00030050C47D0300C5
:10E7040010B582B00C46019001A8FFF7DDFFA4000C
:10E71400019B03F5E07340F8234002B010BD00B53F
:10E7240083B0019001A8FFF7CFFF019B03F5E073CD
:10E73400032240F8232003B05DF804FB00B583B046
:10E74400019001A8FFF7C0FF0123019A9340C0F88C
:10E754000C3503B05DF804FB00B583B0019001A84B
:10E76400FFF7B2FF0123019A9340C0F8083503B0C4
:10E774005DF804FB10B582B08446106820B100F047
:10E784006044B4F1005F34D1946824B104F060446F
:10E79400B4F1005F2DD15468CCF84405CCF8484559
:10E7A4009068D268CCF83405CCF838250022CCF82F
:10E7B4001821DCF818210192019A13F0010F1DD0E1
:10E7C4000122CCF8502513F0020F1BD00122CCF803
:10E7D400402513F0080F02D10122CCF810200A685A
:10E7E400A2B113F0040022D04023CCF80833002057
:10E7F40002E000234B77102002B010BD0022CCF8B9
:10E804005025E0E70022CCF84025E2E7DCF8183197
:10E81400002BFBD0C87FFF280DD08B7F1BB1FFF7E7
:10E824008DFF0020E8E7FFF797FF0020E4E740238F
:10E83400CCF80433E0E70020DEE710B50446C07FDF
:10E84400FF2803D0A37F53B1FFF778FF002363773A
:10E854002372204650F8083B6168984710BDFFF7C3
:10E864007BFFF3E738B505460C468B1EDBB2012B64
:10E8740003D94B1FDBB2022B04D821462846FFF7ED
:10E88400E9FE38BD02496B2001F070FBF5E700BFDB
:10E89400788E0300D0F81831B3B110B582B00C46AD
:10E8A4000023C0F81831D0F818310193019B0B688C
:10E8B40023B12046FFF7C1FF02B010BD034940F267
:10E8C400972001F053FBF4E7704700BF8C920300DC
:10E8D40008B502490248FFF7DDFF08BDC447002020
:10E8E4000030004008B503494FF04020FFF7D2FF45
:10E8F40008BD00BFE847002008B502490248FFF7F9
:10E90400C9FF08BD0C480020003002402DE9F04743
:10E9140082B00646914698460D46002900F08A804A
:10E92400347904EBC403534901EB83010B7F002BBF
:10E9340040F099803768504B53F824103846FEF75E
:10E9440069FF8246002840F091804A4B04EBC402E0
:10E9540003EB820143F82290C1F804802B7B012B46
:10E964006DD92878FFF7F8FE2B78019301A8FFF7FB
:10E97400ABFE019B03F5E073012240F8232095F8D8
:10E984000180B8F1FF0F5ED14FF0FF39A878FF285E
:10E9940061D14FF0FF38A97804EBC402354B03EB87
:10E9A400820383F82010E878D877FF280ED02B79DB
:10E9B400002B55D0FFF7C2FEE878FFF7B0FE2979A7
:10E9C40004EBC4022B4B03EB820399772B78C7F833
:10E9D4000835C7F80C95C7F81085AB68C7F8243517
:10E9E4006A7B297B3846FFF749FEAB79C7F8C03507
:10E9F4000723C7F8003504EBC4031E4A52F823303A
:10EA040053B13068697940F30730FFF72BFF306862
:10EA140040F30730FFF710FE164B04EBC40203EB80
:10EA2400820200215177134601221A77504602B020
:10EA3400BDE8F0871149AD2001F098FA70E7287815
:10EA4400FFF77CFE90E7C1464046FFF777FE40465D
:10EA5400FFF765FE9AE780460121FFF751FE9AE72A
:10EA6400FFF77AFEA8E74FF0080ADFE74FF0110A34
:10EA7400DCE700BFC4470020E8D403008C92030005
:10EA84002DE9F04106460D469046047904EBC40393
:10EA9400354F07EB83073B7F002B48D02B68002BB7
:10EAA4004BD0AB68002B51D03379022B07D8EB68DD
:10EAB400B3F5803F03D26B68B3F5803F04D32B4991
:10EAC4004FF40C7001F052FA04EBC402264B03EB32
:10EAD40082035B7F002B45D11346234A52F823302F
:10EAE4004BB118F0140F06D104EBC4021E4B03EB18
:10EAF400820301225A7704EBC4021B4B03EB820C02
:10EB04000CF10C0E95E80F008EE80F009CF81F0026
:10EB1400FF2804D09CF81E300BB3FFF71DFE4346BC
:10EB24002A4639463068FFF725FEBDE8F0810F49D3
:10EB340040F22D2001F01AFAB0E76B68002BB0D038
:10EB44000A4940F22E2001F011FAAAE7EB68002BE3
:10EB5400AAD0064940F22F2001F008FAA4E7FFF7F3
:10EB6400EDFDDCE71120E0E7C44700208C920300B0
:10EB7400F0B583B005460F461646002401E0013483
:10EB8400E4B2B44215D2A00000F5A0704FF4803373
:10EB9400A3402A58002AF2D0D5F804231342EED019
:10EBA40000232B502B580193019B3B6879689847AD
:10EBB400E5E703B0F0BD000008B5042202490348AC
:10EBC400FFF7D6FF08BD00BF30480020008000409A
:10EBD40008B5042202490348FFF7CAFF08BD00BF75
:10EBE4003C4800200090004008B504220249034834
:10EBF400FFF7BEFF08BD00BF4848002000A000404A
:10EC040008B5062202490348FFF7B2FF08BD00BF5A
:10EC14005448002000A0014008B5062202490348D8
:10EC2400FFF7A6FF08BD00BF6048002000B0014008
:10EC340082B001238DF807309DF80730134B18601C
:10EC440059609A6044F20103984213D044F20203DB
:10EC5400984207D10D4BDA60DA6812689A61DA6873
:10EC64005268DA6172B69DF80730002BFBD162B6A8
:10EC740002B07047054B1A611A6992685A611A69A1
:10EC840012689A611A695268DA61EBE76C480020ED
:10EC940000B583B002900091019244F201007146E4
:10ECA4006A4600F003F803B000BD00002DE9F0410E
:10ECB40084B004460E46154672B602F0F9FD02F021
:10ECC40011FC0028FBD144F201039C423BD010D834
:10ECD400012C1FD041F201039C4250D12E482F4BEE
:10ECE400C01AC00800042E4940F0010002F064FD7F
:10ECF4001AE044F202039C4241D12748274BC01A30
:10ED0400C00800042B686A68264940F0010002F03C
:10ED140063FD09E02048214BC01AC00800042249C1
:10ED240040F0010002F048FD204BD3F8F03013F01E
:10ED3400010F00D000BE2A4631462046FFF778FF77
:10ED440004B0BDE8F081144F144BFF1AFF083F04D0
:10ED540047F00107D5F80880404602F055F903460C
:10ED64006A68296802960191009242461049384621
:10ED740002F059FD0F49384602F01EFDD4E706485B
:10ED8400064BC01AC008000432460B4940F001008B
:10ED940002F018FDC8E700BF20750300D07403001B
:10EDA40070930300949303005093030000ED00E07C
:10EDB400B0930300D8930300EC93030030B585B0FF
:10EDC4004568002D48D00446037B002B46D10260E1
:10EDD400EFF3058323B300230393009303AB0A46A5
:10EDE4000921284607F0E0FB012801D0042036E081
:10EDF40007F06EF802460023009303AB0621284671
:10EE040007F0D2FB0128F1D1039B0BB3164B4FF053
:10EE140080525A6040BFBFF34F8FBFF36F8F17E02C
:10EE24000223009300230A460421284607F0BCFB72
:10EE3400012801D0042012E007F044F8024602231E
:10EE4400009300230121284607F0AEFB012808D1D6
:10EE540001232373002002E0082000E0002005B015
:10EE640030BD0420FBE700BF00ED00E010B584B026
:10EE74000446406830B3EFF30583B3B10022039234
:10EE8400009203AB082107F08FFB01280BD1039BF1
:10EE9400A3B10E4B4FF080525A6040BFBFF34F8F67
:10EEA400BFF36F8F0AE004200AE0022300930023DB
:10EEB4001A46032107F078FB012805D100202073AE
:10EEC40004B010BD0820FBE70420F9E700ED00E0E2
:10EED400EFF3108272B6114B9B68CBB930B40F4973
:10EEE40001238B600E4BD3F880400E4D2C400C60F8
:10EEF400C3F88050D3F884404C604FF0FF31C3F81E
:10EF040084100023037002B962B6002030BC70473D
:10EF14000123037002B962B6002070478C480020B8
:10EF240000E100E0FC06FFBD094B9B686BB160B9D2
:10EF3400EFF3108172B6064B1868064A10605868E1
:10EF4400506000229A6001B962B60020704700BF89
:10EF54008C48002000E100E0EFF30583C3F30803CD
:10EF64003BB9EFF3148313F0010F0CBF0120002011
:10EF7400704701207047000010B50446FFF7ECFF0E
:10EF8400012803D12046FFF7A3FF10BD0249432007
:10EF940000F0ECFFF6E700BF0494030010B504464C
:10EFA400FFF7DAFF012803D12046FFF7BDFF10BDAC
:10EFB4000249512000F0DAFFF6E700BF0494030091
:10EFC40038B50546002402E0284698470134032C4E
:10EFD40005D8034B53F82430002BF5D1F6E738BDA0
:10EFE4000C4900200378013B052B34D8DFE803F0FB
:10EFF40003061120293100230B70704701230B7085
:10F0040003898B818388CB81C3688B6000230B7455
:10F01400704702230B7003898B818388CB81C3687B
:10F024008B60837D062B14BF002301230B74704770
:10F0340003230B70C3888B810389CB81C3688B60E6
:10F04400704704230B70C3888B810023CB818B60B2
:10F05400704705230B707047884207D20368B3F1E9
:10F06400FF3F01D001207047002070470020704707
:10F074004388033300EB8300704738B504460D46DC
:10F08400FFF7F6FF85420CD3A2884FF6FF739A422E
:10F0940009D023884BB1A368B3F1FF3F07D0002008
:10F0A40038BD0220FCE70120FAE70120F8E701203F
:10F0B400F6E7000060B10A4AD26882420AD8084AD8
:10F0C4001269824208D310F0030F07D10120704760
:10F0D40000207047002070470020704700207047D0
:10F0E400082B00200A4A00EB800302EB83031B89F0
:10F0F4000B4400EB800002EB8002528912FA83F089
:10F1040080B2B0F5806F8CBF00200120704700BF33
:10F11400D0480020002301E001339BB2012B0ED81C
:10F1240003EB830C074A02EB8C0252688A42F3D247
:10F1340002F580528A42EFD903800020704748F2DA
:10F1440009607047D04800208B7D022B04D90389C5
:10F15400CA881344033303814389CA889B1A033B37
:10F1640043817047F8B5033086B240F2FE339E42C5
:10F1740025D80D46002401E00134A4B2012C1BD88B
:10F1840004EB84030F4A12F82330002BF4D13146E8
:10F194002046FFF7A7FF0028EED02C80094B04EB94
:10F1A400840203EB8202528904EB840703EB870396
:10F1B40032445A81002001E048F20660F8BD48F26A
:10F1C4000860FBE7D0480020064A01EB810302EB0C
:10F1D40083035B8901EB810102EB81021B1A033B70
:10F1E40053817047D0480020F8B50E4600EB8000EC
:10F1F400134B03EB80035C6804F580550868A0B1E9
:10F20400FFF736FF044629462046FFF725FF074649
:10F2140098B129462046FFF730FF012807D002287D
:10F224000AD00028EFD1346007E00834EBE7204629
:10F23400FFF71EFF0446E6E700273846F8BD00BF87
:10F24400D048002030B583B005460C464068FFF72F
:10F2540031FF20B12A89174B1B899A4218D0002309
:10F2640023802388012B23D80023019301A920881C
:10F27400FFF7BAFF0146B8B1019B2A68986890422B
:10F28400F4D16B600B4B1B892B81084603B030BD56
:10F294002A6869688B689A42E1D12046FFF73AFFF1
:10F2A400B0FA80F14909F0E7238801332380D8E7D5
:10F2B4000021EAE7B8480020F8B51C461F4B1B782C
:10F2C400002B34D005460F461646002A32D03CB9EE
:10F2D40048F2046027E000232360A3880133A3805D
:10F2E400A388012B20D803EB8303154A12F823309B
:10F2F400002BF2D12146A088FFF776FF0028EAD040
:10F3040023681DB199882A889142F3D11FB11988C5
:10F314003A889142EED19B68336023687360094B4D
:10F324001B8933810020F8BD48F20960FBE748F2ED
:10F334000160F8E748F20460F5E700BF20490020C7
:10F34400D0480020B84800200B4A138901331381A8
:10F354000023538013730CE003EB83018A000749F5
:10F364008A5CB2FA82F25209034919448A7201335F
:10F374009BB2012BF0D97047B8480020D048002038
:10F3840000B58646002301E001339BB2012B19D856
:10F394000E4A1A44927A002AF6D00C4A1A440021E2
:10F3A400917203EB83010A4A02EB8102D268002ABC
:10F3B400EAD1074A02EB8102107C0028E4D0AEF8BF
:10F3C400003000E000205DF804FB00BFB8480020D6
:10F3D400D0480020044B5B685B880333034A918860
:10F3E40011FA83F393807047B8480020C84800207E
:10F3F40030B40E4804680E4B5B880E4903EB830C53
:10F404004FEA8C020A44556805605460B0F804C0A1
:10F41400A2F808C00222828003EB830303FA02F2FB
:10F42400114400230B7430BC704700BFC84800204F
:10F43400B8480020D048002008B5124B1B78072B91
:10F444000AD8DFE803F00409090A1016161AFFF7B0
:10F454007BFF0C4B01221A7008BDFFF7BBFF094B61
:10F4640002221A70F8E7FFF7C3FF064B06221A7050
:10F47400F2E7044B07221A70EEE7024B01221A70DE
:10F48400EAE700BFB848002008B50146014800F08B
:10F49400EBFD08BDF848002008B5064B05221A709C
:10F4A400054902238B80002301220968034801F0E7
:10F4B400A9FA08BDB8480020C8480020082B00203D
:10F4C40008B50D4B5B8803EB83010C4A02EB810208
:10F4D400D26872B9084A0421117003EB8303074907
:10F4E40001EB8301002301224968054801F08AFAEF
:10F4F40008BDFFF7D1FFFBE7B8480020D048002043
:10F50400082B002000B583B0002300930823044A8D
:10F5140004490968044801F0A5F903B05DF804FB47
:10F5240000D50300C8480020082B002008B5044B70
:10F5340007221A7000225A60FFF7E4FF08BD00BFDB
:10F54400B848002000B583B0014600230093082387
:10F55400034A044801F086F903B05DF804FB00BFD8
:10F56400F8D40300082B002038B530B90B79032BED
:10F5740062D8DFE803F0081E3843324B00225A6099
:10F584004FF4064005E001230B71FFF7BBFF002891
:10F5940052D138BD0A4603EB830189000020505440
:10F5A40003EB830302EB83025068FFF7CBFF0123D5
:10F5B4000FE00023012B09D803EB8302224911F841
:10F5C4002220022AE6D001339BB2F3E7002348F25B
:10F5D4000E60002BDBD11B4B01221A7000225A60F3
:10F5E40041F61D50D5E700230B71184902228A8089
:10F5F40001220968164801F005FAC8E74FF0000C2B
:10F6040081F804C0134B5B88104908680E4C03EB67
:10F61400830204EB820255680D605060B1F804E087
:10F62400A2F808E002228A8003EB8303934004F8E3
:10F6340003C0FFF787FFAAE7024B00225A6048F293
:10F644000D60A6E720490020D0480020C8480020CB
:10F65400082B0020B848002008B5064B06221A7073
:10F664005B8803EB83039A00034B13445868FFF74A
:10F6740069FF08BDB8480020D048002000B583B019
:10F6840002238375002300930423C218044801F065
:10F69400E9F810B903B05DF804FB48F20D60F9E72E
:10F6A400082B002000B583B0036973B1032383756D
:10F6B40000230093042300F10C020831054801F0F3
:10F6C400D1F820B903B05DF804FB0123EFE748F259
:10F6D4000D60F7E7082B002000B583B00123837584
:10F6E400C388002200929B0002690C31044801F097
:10F6F400B9F810B903B05DF804FB48F20D60F9E7FE
:10F70400082B002000B583B00378032B0ED006230A
:10F71400837500230093042300F10802194406486A
:10F7240001F0A0F820B903B05DF804FB0523EFE76E
:10F7340048F20D60F7E700BF082B002010B582B037
:10F744000C46002300930423084A0146084801F0AC
:10F7540089F840B904EB8404064B03EB84030122CB
:10F764001A7402B010BD48F20D60FAE7F4D4030035
:10F77400082B0020D048002070B50C468B8A03EB80
:10F7840083022B4E06EB820688B9294A03EB8301D8
:10F7940002EB81014D680B8905EB8305A37D062BE4
:10F7A4000BD8DFE803F0162E22280D343E00304635
:10F7B400FFF7CAFC4FF4064515E048F20E650EE06B
:10F7C4001C4800234360A36903601B49FFF73AFD0B
:10F7D40050B329462046FFF751FF05461DB1214687
:10F7E4003046FFF7B1FC284670BD29462046FFF796
:10F7F40059FF0546F2E729462046FFF76DFF054607
:10F80400ECE729462046FFF77DFF0546E6E7062399
:10F81400A375094B1988074B5868FFF78FFF0546F6
:10F82400DCE741F61D55DAE748F20965DBE700BF7E
:10F83400D0480020A4480020A048002010B584B07F
:10F8440004460023009301930293C36800930DF1CF
:10F854000E016846FFF7F6FC18B948F2096004B0D7
:10F8640010BD01988388E38003882381BDF80E10BE
:10F87400FFF764FFF3E7000000B583B00B4842686C
:10F884000B4B1968B3F804C0538803339BB24FF091
:10F89400030E80F800E0002000909B0001EB8C0137
:10F8A400044800F0DFFF03B05DF804FBB848002013
:10F8B400C8480020082B002008B5064931F8020C7E
:10F8C400FFF792FC10B1FFF7D7FF08BDFFF7F8FD73
:10F8D400FBE700BFBC48002008B50748FFF750FD10
:10F8E40010B1FFF7E9FF08BD044B00221A705A80DB
:10F8F4005A6041F61D50F6E7BA480020B848002087
:10F9040030BB08B5154B1B7B6BB1144B00221A732B
:10F91400124B1B78013B062B1DD8DFE803F0070AC6
:10F924000D101C131600FFF787FDF1E7FFF7D4FF56
:10F9340008BDFFF7C1FFFBE7FFF79EFFF8E7FFF7FE
:10F94400BFFDF5E7FFF788FEF2E7FFF7EFFDEFE70E
:10F954004FF40640704748F20E60E9E7B8480020CB
:10F9640000B585B0094B01AA00210630FFF7A4FCBD
:10F9740038B9064B99880298FFF7E0FE05B05DF8A8
:10F9840004FB024B00221A605A60F7E798480020F3
:10F99400B0B908B50B79012B08D0022B13D0ABB941
:10F9A40002230B710846FFF749FF0EE00846FFF7F4
:10F9B400D7FF48F20963984207D141F61D5004E08D
:10F9C4004FF40640704741F61D5008BD48F20E60E2
:10F9D400FBE7000008B50146014800F051FB08BDF3
:10F9E400F848002008B5084B1B683BB101210648C4
:10F9F40000F001FC003818BF012008BD03494FF492
:10FA0400247000F0B3FAF1E71C490020A494030029
:10FA140010B586B004462CE02E48FFF735FD2E4B7A
:10FA240018602AE02D494FF4B46000F09FFA28E0F2
:10FA34002046FFF799FD002849D000230193029343
:10FA440003930493059341F61D5398423DD00290CD
:10FA5400214C01A92068FFF7C5FA01A8FFF7B0FA05
:10FA6400002323601B48FFF7B5FFFFF7BBFF70B30C
:10FA74000024194B1B68002BCED0174B1B68002B9E
:10FA8400D0D0154B19680B78013B052B1AD801A26D
:10FA940052F823F035FA0200B1FA0200B1FA02007A
:10FAA400B9FA0200B9FA0200C1FA02002046FFF7CF
:10FAB40063FEC0E72046FFF76BFFBCE72046FFF775
:10FAC4001FFFB8E748F20E60B7E70020BFE706B0B3
:10FAD40010BD00BFB0480020B4480020A494030027
:10FAE40008B54068FFF794FF08BD000008B5012180
:10FAF400014800F075FB08BD0849002008B501461F
:10FB0400054800F09AFA0022026042608260C260F6
:10FB140002614261826108BDF848002008B50146CF
:10FB2400014800F096FA08BDF848002008B5012104
:10FB3400034800F04AFB00B108BDFFF769FFFBE78B
:10FB44001C4900202DE9F04383B00C46384909785C
:10FB540000295DD005469846002C5CD021884FF6DC
:10FB6400FF7399425AD06388002B5AD0676817F004
:10FB7400030759D1002A33D01388ADF80630B2F800
:10FB840002906846FFF7BAFF0646002833D080F893
:10FB9400008000238375BDF80630838263680361A7
:10FBA400FFF7A4FFF060238833816388B380A6F84D
:10FBB4000690B8F1030F26D0002373816846FFF73F
:10FBC400ADFF3DB100236B60F2682A60AB72194B44
:10FBD4001B892B81FFF7AAFF384603B0BDE8F083E9
:10FBE400B4F808900DF106014846FFF7BBFA002867
:10FBF400C7D00746F0E7BDF806104846FFF7E4FA19
:10FC040048F20767E8E70423B3752B68B361D3E7C9
:10FC140048F20167E0E748F20467DDE748F203676A
:10FC2400DAE748F20367D7E748F20267D4E700BF90
:10FC340020490020B848002010B370B582B00C46AB
:10FC4400054601B30DF10601FFF7FCFA18B948F2B5
:10FC5400096002B070BD6E68BDF8063003EB830026
:10FC640080000830094B18440121043000F0B8FA30
:10FC740026606B680C3363600123AB720020E8E7F5
:10FC840048F20460704748F20460E2E7D04800207C
:10FC9400F8B110B582B004460DF10601FFF7D2FAAF
:10FCA400D0B1BDF8063003EB8301104A02EB8102A8
:10FCB400D268AAB1A27AB2B10C4A02EB8101C96836
:10FCC400013903EB830302EB8302D1600020A072AD
:10FCD40004E048F20460704748F2096002B010BDC5
:10FCE40048F20560FAE748F20560F7E7D0480020DB
:10FCF40008B502230022FFF725FF08BD28B108B587
:10FD040003230022FFF71EFF08BD48F2046070477A
:10FD1400114B1B78BBB110B582B004464FF6FF738C
:10FD2400984213D001A8FFF7E9FE90B105220270B2
:10FD340001220271C48001A8FFF7F0FEFFF7F6FE6E
:10FD4400002002B010BD48F20160704748F2036021
:10FD5400F7E748F20760F4E72049002000B583B0D4
:10FD6400ADF80600ADF8041001A90DF10600FFF787
:10FD7400A3FA03B05DF804FB00B583B01346ADF8F5
:10FD840006000A460DF106010020FFF795FA03B0BC
:10FD94005DF804FB00B583B01346ADF806000A46CF
:10FDA40000210DF10600FFF787FA03B05DF804FBAC
:10FDB40020B131B103680B600020704748F2046041
:10FDC400704748F2046070471EF0040F1CBFEFF345
:10FDD40009800AE0EFF308800549064A884201D801
:10FDE400904202D88D464FF00000034B18470000A4
:10FDF4000000042000F803202DFE0200BFF34F8F03
:10FE04000549CA6802F4E062044B1343CB60BFF3B4
:10FE14004F8F00BFFDE700BF00ED00E00400FA05CE
:10FE240008B5FFF7EBFF000070B582B0064601F09D
:10FE34003FFD01F057FB0028FBD1404B9D6A26B3E0
:10FE44003F4C404BE41AE408240444F00104B26932
:10FE54003D49204601F0B6FCB368F2680192009374
:10FE6400736832683949204601F0CEFCF369009387
:10FE7400736932693649204601F0B9FC2F4BDB6ABD
:10FE840013F0020F0CD1002420E02D482D4BC01A92
:10FE9400C00800042F4940F0010001F08DFCEDE79B
:10FEA4002748284BC01AC00800042B4940F0010021
:10FEB40001F082FCE7E72248224BC01AC008000484
:10FEC400264940F0010001F07DFC0134192C09D8C9
:10FED4000123A3402B42F8D0214B53F82420002ABD
:10FEE400E9D1F2E715F0800F0ED115F4004F18D1C7
:10FEF400124BD3F8F03013F0010F00D000BE30469F
:10FF0400FFF78EFF02B070BD0D480E4BC01AC0083B
:10FF140000040A4B5A6B134940F0010001F052FCF3
:10FF2400E3E70748074BC01AC0080004034B9A6B69
:10FF34000D4940F0010001F045FCD9E700ED00E077
:10FF440040750300D07403003895030050950300F6
:10FF540088950300B0950300E495030028960300F8
:10FF640008D50300349603005496030000B583B00B
:10FF7400009001916A46002144F20200FEF796FEC9
:10FF840003B05DF804FB82B050E8013F1FFA83FC24
:10FF9400C28994448289944528BFACEB020C02893F
:10FFA400944502BFBFF32F8F002007E0CCEA030C77
:10FFB40040E801C2002AE7D14FF001008DF80700A4
:10FFC4000093009B0B609DF8070002B0704750E857
:10FFD400012FC2EA024240E80123002BF7D1704707
:10FFE40082B050E8023F1FFAA3FCC288944502BFC6
:0CFFF400BFF32F8F00200EE0C289944460
:020000023000CC
:100000008289944528BFACEB020CC3EA0C4C40E853
:1000100002C2002AE7D14FF001008DF807000093DB
:10002000009B0B609DF8070002B0704750E8022F5C
:10003000C2EA224240E80223002BF7D1704738B5CC
:1000400005460C46FFF7A1FF18B12868238818441D
:1000500038BD0020FCE708B50A884B889A4201D0D9
:10006000002008BDFFF7B5FF0120FAE738B50546C7
:100070000C46FFF7B7FF18B128686388184438BDED
:100080000020FCE708B50A884B889A4201D000207E
:1000900008BDFFF7CBFF0120FAE708B54B0901F0D7
:1000A0001F01012202FA01F100EB830000F06EF85B
:1000B00008BD10B54B0901F01F040121A14000EB60
:1000C000830000F058F8E04000F0010010BD08B5D2
:1000D0004A0901F01F01012303FA01F1C94300EBB2
:1000E000820000F069F808BD4B0950F8230001F0C8
:1000F0001F01C84000F0010070472DE9F04106469D
:100100000F46002518E0202300E020231F2B12D8E3
:1001100003EB4514A7420ED921463046FFF7C9FF2D
:10012000E0B1D8F80030DB4393FAA3F3002BECD016
:10013000B3FA83F3EAE701357B1E5B090133AB4277
:100140000BD906EB850856F82530DB4393FAA3F369
:10015000002BD8D0B3FA83F3D8E73C462046BDE85D
:10016000F081034653E8000F0A4643E8002C9CF058
:10017000000FF7D17047034653E8000F40EA010231
:1001800043E8002C9CF0000FF6D17047034653E87B
:10019000002F42EA010043E8000C9CF0000FF6D16A
:1001A0007047034653E8000F00EA010243E8002CC1
:1001B0009CF0000FF6D17047034653E8002F02EA87
:1001C000010043E8000C9CF0000FF6D17047034695
:1001D00053E8000F00EB010243E8002C9CF0000FF5
:1001E000F6D17047034653E8002F02EB010043E8C5
:1001F000000C9CF0000FF6D17047034653E8002F27
:10020000A2EB010043E8000C9CF0000FF6D1704710
:1002100008B50121FFF7BAFF08BD08B50021FFF7B7
:10022000C0FF08BD38B50C46054620B1EB68288AEA
:1002300000FB043038BD0249E820FFF799FEF5E7DE
:10024000509B030038B50C46054630B1EB68E01A08
:100250002B8AB0FBF3F0C0B238BD0249F520FFF79E
:1002600087FEF3E7509B030000283DD010B50446FD
:10027000036873B163688BB1A368ABB1E368CBB1BA
:10028000238AEBB1A2686368D21AD2B221680B60EC
:1002900022E01649FF20FFF76BFEEBE713494FF40E
:1002A0008070FFF765FEE7E7104940F20110FFF7A5
:1002B0005FFEE3E70D494FF48170FFF759FEDFE77A
:1002C0000A4940F20310FFF753FEDBE721680A6892
:1002D000501C086013701A46531EDBB2002AF5D179
:1002E00023680020187110BD0E207047509B03003A
:1002F00030B583B00446E8B100238DF807300DF126
:100300000700FEF73BFE2268136861688B4217D92D
:10031000591E116013F8011C2046FFF783FF0546A4
:10032000A368226811685B1ADBB21179994208D27E
:10033000137106E006494FF49270FFF719FEDBE7F0
:1003400000259DF80700FEF72BFE284603B030BDC0
:10035000509B030070B582B00C460646B0B1DCB1CC
:1003600000238DF807300DF10700FEF707FE336814
:100370001D686A1C1A6021463046FFF763FF28702B
:100380009DF80700FEF70CFE02B070BD054940F273
:100390004710FFF7EDFDE2E702494FF4A470FFF7C5
:1003A000E7FDDDE7509B030010B5044640B1A268AD
:1003B0002AB163692168206998470023A36010BDB2
:1003C00002493120FFF7D4FDF1E700BFEC9B0300A9
:1003D0000EB430B582B0059D0446A0B16369BBB1CF
:1003E0002368D3B16368EBB145B10023019306AB39
:1003F000019301AA2946204600F026F902B0BDE883
:10040000304003B070470A494220FFF7B1FDE5E7ED
:1004100007494320FFF7ACFDE2E705494420FFF719
:10042000A7FDDFE702494520FFF7A2FDDCE700BF9B
:10043000EC9B030038B504460D460A2909D0226812
:10044000A368591CA160D554A26863689A4204D27B
:1004500038BD0D21FFF7EEFFF1E72046FFF7A4FFBF
:10046000F6E700002DE9F84F82460F4615461E4676
:10047000DDF828900B9A0B464FF0010803E0B3FB20
:10048000F5F308F10108AB42F9D2B04500D2B0460D
:1004900012F0010B13D1B9F1000F10D012F0020FBE
:1004A0000FD086B1202405E009F1FF3921465046DE
:1004B000FFF7C0FFB9F1000F01D0C145F4D8012406
:1004C00006E02024F6E73024F4E7013E05FB04F4BF
:1004D000012EFAD8B7FBF4F39D42F7D9B7FBF4F33A
:1004E00004FB13770E4AD15C5046FFF7A3FF234667
:1004F000B4FBF5F4AB42F1D2BBF1000F02D0B9F17D
:10050000000F07D1BDE8F88F09F1FF3920215046CF
:10051000FFF790FFB9F1000FF4D0C145F4D8F1E72F
:1005200070D503002DE9F04782B080460F4614468F
:1005300099460A9EDDF82CA081EAE17CACEBE17CD7
:10054000012502E09CFBF4FC01356445FADD4D45D4
:1005500000D24D462EB1002F02DB1AF0040F00D05E
:10056000013E1AF0020F02D0B9F1000F03D01AF0C9
:10057000010F00D1CEB9002F1CDB1AF0040F1FD1E0
:100580000AF00303022B20D0CDF804A000964B46BE
:10059000224639464046FFF765FF02B0BDE8F087C6
:1005A000013E20214046FFF745FF002EE3D0AE423A
:1005B000F6D8E0E77F422D214046FFF73BFFDFE71B
:1005C0002B214046FFF736FFDAE7B9F1000FDBD108
:1005D0002EB9D9E7013E30214046FFF72BFF002E10
:1005E000D2D0AE42F6D8CFE7F8B506460C4615464F
:1005F00013F001070ED1E1B1084606F094FE07465C
:1006000017E0013401373046FFF714FF2178002945
:10061000F7D106E00027F9E7013D20213046FFF73A
:1006200009FFBD42F8D8F8BD013D20213046FFF753
:1006300001FFBD42F8D803E001343046FFF7FAFE6F
:1006400021780029F8D1EEE7F0B583B00C461646C4
:10065000054648B16B696BB12B688BB16B68ABB168
:10066000002C40F08B80DAE0704940F25220FFF716
:100670007FFCEFE76D494FF41570FFF779FCEBE76E
:100680006A4940F25520FFF773FCE7E7674940F2FB
:100690005620FFF76DFCE3E70027012303E047F056
:1006A0000107013483B121782D29F8D0302903D0F6
:1006B0002B2905D00023F5E747F002070134F1E7C5
:1006C00047F004070134EDE700222A290CD02178F5
:1006D000A1F13000C0B209280CD8013402EB82022B
:1006E00001EB4202303AF0E73368191D31601B68B4
:1006F0001A44013423782E2B02D00023217811E0F4
:10070000013400232178A1F13000C0B20928F5D8C6
:10071000013403EB830301EB4301A1F13003F1E763
:1007200014F8011F6C29FBD06829F9D025296FD056
:1007300020D378291ED858291CD35839202919D8F4
:10074000DFE801F03C1818181818181818181811B4
:100750002618181818261818181818185018184796
:10076000183118183C0033681A1D32601978284671
:10077000FFF760FE01342378002B4ED014F8011BE4
:1007800000294AD0252987D02846FFF753FEF2E7F3
:100790003168081D30600968019700920A222846D6
:1007A000FFF7C0FEE6E73168081D30600968019771
:1007B00000920A222846FFF755FEDBE73168081D44
:1007C000306009680197009210222846FFF74AFE20
:1007D000D0E731680B1D33603B4609682846FFF7B8
:1007E00003FFC7E733681A1D32601F6830212846AF
:1007F000FFF720FE78212846FFF71CFE0023019317
:1008000008230093102239462846FFF72BFEB1E754
:1008100025212846FFF70EFEACE72B7B0BB903B072
:10082000F0BD2846FFF7C0FDF9E700BF809C03003C
:10083000C3688B4206D8114401390369994203D930
:1008400000207047002070470120704710F0030F10
:100850000CBF01200020704743681B68013B0B421E
:100860000CBF0120002070472DE9F04182B0002824
:1008700031D00E4615461C460746002A3BD0D0F81C
:100880000080B8F1000F46D0002B54D043685A685E
:10089000B4FBF2F302FB1343002B5CD10846FFF7D5
:1008A000D5FF002867D02846FFF7D0FF002872D078
:1008B000224631463846FFF7BBFF00287BD0D8F8E8
:1008C0000C80089B009323462A4631463846C04791
:1008D00002B0BDE8F0814048404BC01AC008000497
:1008E0000E2400943E4B3F4A3F4940F0010000F087
:1008F00080FF2046ECE73848384BC01AC008000497
:100900000E240094364B394A374940F0010000F07C
:1009100070FF2046DCE73048304BC01AC0080004A6
:10092000082400942E4B324A2F4940F0010000F079
:1009300060FF2046CCE72848284BC01AC0080004B6
:1009400009240094264B2B4A274940F0010000F06F
:1009500050FF2046BCE72048204BC01AC0080004C6
:10096000092400941E4B244A1F4940F0010000F066
:1009700040FF2046ACE71848184BC01AC0080004D6
:1009800010240094164B1D4A174940F0010000F056
:1009900030FF20469CE71048104BC01AC0080004E6
:1009A000102400940E4B164A0F4940F0010000F04D
:1009B00020FF20468CE70848084BC01AC0080004F6
:1009C00010240094064B0F4A074940F0010000F044
:1009D00010FF20467CE700BF50750300D074030071
:1009E00094D50300189D0300209D0300AC9D0300D7
:1009F000549D0300689D0300B49D0300E09D030027
:100A0000F89D03001C9E03002DE9F04182B0F0B177
:100A1000884614461F460546066846B3002A36D067
:100A2000FFF71AFF002842D06B681A6804FB02F235
:100A300041462846FFF7FCFE002848D036693B4671
:100A4000224641462846B04702B0BDE8F08128481A
:100A5000284BC01AC00800040E240094264B274AD5
:100A6000274940F0010000F0C4FE2046ECE7204892
:100A7000204BC01AC0080004082400941E4B214AD1
:100A80001F4940F0010000F0B4FE2046DCE71848A2
:100A9000184BC01AC008000409240094164B1A4AC7
:100AA000174940F0010000F0A4FE2046CCE71048B2
:100AB000104BC01AC0080004102400940E4B134AB7
:100AC0000F4940F0010000F094FE2046BCE70848C2
:100AD000084BC01AC008000410240094064B0C4AAE
:100AE000074940F0010000F084FE2046ACE700BF5B
:100AF00050750300D074030080D50300189D0300D7
:100B0000209D0300549D0300689D0300449E030044
:100B10006C9E030029DF704728DF704703689B68DD
:100B2000002B28D000B587B00023009301930293D7
:100B3000039304930593019183680593037953B15B
:100B4000012B11D102238DF80030C3681B030293DF
:100B50004369049308E001238DF800300369029390
:100B6000C36803934369049303689B686846984786
:100B700007B05DF804FB704710B542698369D21A6B
:100B8000B2F5805F28BF4FF4805292080469C168B3
:100B9000012A38BF012219441819FFF7BBFF10BD05
:100BA00008B5C26800691044FFF7B6FF08BD000031
:100BB000114B0022DA6003791BB1012B0FD01046D4
:100BC000704742698369D11AB1F5805F94BF5B18A1
:100BD00003F5805383619A4209D00020704703696E
:100BE000013303614269934203D000207047012022
:100BF00070470120704700BF30490020064AD36883
:100C00000133D360082B01D800207047134600221F
:100C1000DA600120704700BF30490020034B0122F9
:100C20005A74187AB0FA80F04009704730490020B1
:100C300008B502490248FFF725FA08BD28490020F7
:100C40004449002008B505490548FFF70FFA054B50
:100C50001860003818BF012008BD00BF28490020D7
:100C6000444900202C49002008B51A4B1B7AA3B137
:100C7000184B02221A72184B18680379ABB1012B7A
:100C80001CD00321144B1868FFF748FF114B0022BA
:100C90001A725A60FFF7CCFF08BDFFF7D3FF002898
:100CA000E6D10C4B00225A60F6E7FFF765FF40B132
:100CB0001128E6D1074B01221A72EDE7FFF770FF0A
:100CC000F5E7044B1B7C002BE6D10021022000F04D
:100CD00005F8E1E7304900202C490020831E012B54
:100CE0002DD810B50446164B1B7A53B1022B03D1F5
:100CF000022807D0032818D0114B5B7CE3B9FFF71B
:100D0000B3FF10BD0F4B1868FFF752FF0028F3D058
:100D10000B4B00221A720B4B1868022C0AD00D21C3
:100D2000FFF7FCFEFFF784FFE6E7064B1868FFF7C6
:100D300065FFEBE71146F3E701F0D0F9E1E7704713
:100D4000304900202C490020012802D0032800D07F
:100D5000704708B5054B00225A74012814BF0020C3
:100D600001201874FFF780FF08BD00BF3049002044
:100D70002DE9F04F83B0884601929B469DF8309054
:100D80000446D0B1B4F806A0637903FB0AFAAAF1CD
:100D9000040ADA4516D9E7880BF10403B3FBF7F62A
:100DA00007FB1633019A156805EB0B02524501D972
:100DB000AAEB0B05019A15600BE01949B620FFF765
:100DC000D7F8DFE71649C420FFF7D2F8E3E7246835
:100DD000013E002EFBD1A7EB030AAA4528BFAA4675
:100DE000B3460DE052460146184606F0B3FA2468B1
:100DF000A5EB0A05D344BA46AF4228BFAA463346FC
:100E00005DB108EB0B0023440433B9F1000FE9D0C6
:100E10005246194606F09EFAE9E703B0BDE8F08FA6
:100E2000CC9E030008B5FFF71FFA08BDF8B50146D0
:100E30004679701E0A46002301E01268013383429E
:100E4000FBD31768002405E00D683846FFF782FAE7
:100E500001342946A642F7D8F8BD2DE9F8430746E4
:100E6000048A231F19440331B1FBF3F8FFF740FA5A
:100E70000646F8B10025057101234371043CC48086
:100E80005FFA88F808F1FF3807608146454511D2BE
:100E90003846FFF72DFA044640B173790133737178
:100EA000C9F80000076001358146EFE73046FFF7DB
:100EB000BDFF26463046BDE8F88308B50121043061
:100EC000FFF790F908BD10B5044601210430FFF783
:100ED00094F910F0FF0F00D010BD2046FFF7A6FFD9
:100EE000FAE7000010B584B0144603920022009285
:100EF00003AAFFF73DFF039BA34201D104B010BD3D
:100F00000249F620FFF734F8F8E700BFCC9E030053
:100F100010B584B0144603920122009203AAFFF791
:100F200027FF039BA34201D104B010BD02494FF437
:100F30008070FFF71DF8F7E7CC9E0300826800235E
:100F4000936082681361826853618268D3608268AB
:100F5000536082681360704738B50C46054638B157
:100F60005CB12C6023686B60626893420AD038BD24
:100F700006495020FEF7FCFFF2E704495120FEF736
:100F8000F7FFEEE700236B60F1E700BF689F030007
:100F900010B5044658B1236873B1636833B1226851
:100FA00091680B446360526893420AD010BD0649B1
:100FB0006320FEF7DDFFEEE703496420FEF7D8FF6C
:100FC000EBE700236360F1E7689F03000E49A1F59A
:100FD0009472914215D9A1EB020C4FEADC7303EB3A
:100FE000EC035B1002EBC30C52F83330834201D99F
:100FF0006146EEE702D20CF10802EAE7DCF80400F1
:1010000070470020704700BFD0D6030008B5FFF737
:10101000DDFF00B108BD0148FCE700BFD0D60300EA
:101020007047704700B583B0044B00934FF4806362
:10103000034A00F033F803B05DF804FB45100300E9
:10104000544900200AB3F8B50F461446032600257C
:1010500003E00E4B01221A70B4B122467919002028
:1010600000F04EFE0544241A0028F2D1074B1B78ED
:1010700053B1074B4FF47A4043F001039847013EC8
:10108000E7D1024B00221A70F8BD7047544D002082
:10109000F0D6030008B500F08DFE08BDF0B595B0A0
:1010A0000E4615461C460846FFF707FF0E950F949F
:1010B000002310938DF8443012931A9A1392082249
:1010C00008A93046FFF724FF0A9B0B93BDF8243094
:1010D000ADF83030BDF82630ADF8323001238DF850
:1010E00035309DF8203003F00303012B06D0022B8E
:1010F00021D03046FFF7E7FE15B0F0BD089DC5F3DF
:1011000095259DF82030C3F3C2038DF83430BDF827
:101110002040C4F383140823A2000DEB03013046E2
:10112000FFF7F6FE0EAB00930BAB224602A9284652
:1011300000F034FCDDE7BDF82250C5F389159DF8B9
:101140002030C3F3C2038DF8343008272C46082D15
:1011500028BF08243B46224602A93046FFF7D8FEA6
:1011600027442D1B0EAB0BAA214602A800F078FCE9
:10117000002DEBD1BDE7000008B5FFF78BFF042180
:10118000064800F077FB002803DB054B01225A716B
:1011900008BD04494120FEF7EBFEF6E7B8750300F1
:1011A000382B002008A40300037813F0040F19D093
:1011B00003F00303012B03D0022B0AD00120704758
:1011C0000388C3F383130A68134402330B600120BE
:1011D00070474388C3F389130A68134402330B60D2
:1011E0000120704700207047002002E001238BB9E6
:1011F000013009280CDC084BD3F81034002BF5D053
:10120000DB681A79824201D01B68F7E70023EEE71A
:101210004FF0FF30704700BF584D002010B584B02C
:101220002D4C2046FEF7F4FF201FFEF7F1FFA4F53A
:101230008364A3680393DBB2023304EB8304201DB1
:1012400006E09DF80C300233244800EB83000430A4
:1012500003A9FFF7A9FF0028F3D100220BE0039BAD
:10126000591C0391DBB202331C4901EB83035B6819
:101270004DF822300132012AF1D99DF8003003F0F7
:101280000303012B16D0022B1ED1BDF80640BDF87A
:101290000230C3F389130333039A02EB93020392E0
:1012A0000F48FEF7BAFF10B10C4B039A9A60204624
:1012B00004B010BDBDF80640BDF80020C2F3831293
:1012C000039B13440393EBE706494FF4C270FEF708
:1012D0004FFE0024E4E700BF70510020584D00206D
:1012E0006C510020C4A40300F0B583B006460C4640
:1012F0001746851C00238DF807300DF10700FDF718
:101300003DFE1E4B5A6822609B689B1A03F5807352
:1013100011E01B4C01212046FEF764FFFFF77EFF22
:1013200001462046FEF75EFFA4F21C44A3686268F3
:101330009B1A03F58073AB42EBD30022B7B10123B4
:1013400063F3010242F0040266F389120B4841681C
:10135000CBB2023300EB83035A60294441609DF80D
:101360000700FDF71DFE012003B0F0BD022363F36B
:10137000010242F0040266F39F52E7E7584D002055
:101380007451002010B5074B01221A700648FFF770
:1013900049FD044608B1204610BD0448FFF7CEFDC4
:1013A000F9E700BF584D0020BC74030004D70300C8
:1013B0000248034BC01AC008704700BFB87503004D
:1013C000D074030099B110B50446FFF7F1FF002374
:1013D00083420AD2074A32F823102268914201D090
:1013E0000133F5E72360002000E0052010BD002058
:1013F000704700BF1C2B00202DE9F04706460F4622
:1014000090461D46DDF82090040C00211A48FEF796
:10141000A8FE80F3100AFFF7CBFFA04225D96B1C72
:1014200003EA090344EA0A42144C023304EB83033F
:101430005A6005EA0905023504EB85031A7966F35B
:10144000C5021A719A8868F389129A805A6867F3FC
:101450009F225A601A79012161F301021A71D2B2F6
:1014600022F004021A71BDE8F087054940F2A91084
:10147000FEF77EFDD3E700BF74510020584D0020D9
:10148000C4A4030000B583B0019001A8FFF79AFF40
:1014900030B9019A034B53F8320003B05DF804FBF6
:1014A0000020FAE7D0740300094B03EBC0030139B5
:1014B000032909D8DFE801F0020A04060220704778
:1014C000187970475879704700207047042070479A
:1014D000D0740300034B98685B68984214BF0020E7
:1014E00001207047584D00202DE9F04186B0FFF7EC
:1014F000F1FF002840F01F81044690480023C0F807
:101500001834BFF34F8F83680593DBB2023300EBCF
:101510008300043005E0DBB20233884800EB83002F
:10152000043005A9FFF740FE30B3844BD3F81834DC
:1015300023BB824B5A68059B9A42ECD87F4B9A603A
:10154000F5E0059B591C0591DBB202337B4901EBA9
:101550008303596802AB43F822100132012AF0D903
:101560009DF8083003F00303022B09D0012B6DD046
:10157000724BD3F81044C9E00022EFE70022EDE7F8
:10158000BDF80A30C3F38916B046502E28BF4FF07D
:10159000500868F38F13ADF80A3008F10801684865
:1015A000FFF75BFC05460028E2D0FFF786FC00232E
:1015B00008220DEB02012846FFF794FC0599CB4366
:1015C000DBB201339F00B8EB830F33D91FBB5FFA47
:1015D00088F700245B49A04608233A462846FFF7CF
:1015E00081FC07F1080324B1424621462846FFF753
:1015F00079FC0336059B03EB96030593002DB7D0CA
:101600004E4BD3F81044D3F81834002B57D028464B
:10161000FFF759FC86E0C9B20231484C04EB810166
:101620000431FFB25FFA88F8A8EB07085FFA88F880
:101630000C34D1E7CBB20233404901EB83010823DC
:10164000424604312846FFF74DFCD2E7BDF808209A
:10165000C2F38313062B28BF062363F38912ADF868
:101660000820023399003648FFF7F7FB05460028AB
:101670003FF47EAFFFF721FC002308220DEB0201AF
:101680002846FFF72FFC002408260FE0059B5A1C74
:101690000592DBB20233294901EB83013346042270
:1016A00011442846FFF71EFC04360134BDF808300B
:1016B000C3F38313A342E9D8A0E7E3681C684CB1E5
:1016C000E3685B79002BF8D023681B682946204625
:1016D0009847F2E72846FFF7F6FB00238DF807301E
:1016E0000DF10700FDF74AFC144BD3F8183413B979
:1016F000124B059A9A609DF80700FDF751FC11E026
:1017000023689B6820469847E3681C68002CF7D143
:101710000D480E4BC01AC00800040D4940F00200ED
:1017200000F04CF8FFF7D6FE80F00104E4B220464A
:1017300006B0BDE8F0810024F9E700BF584D002055
:10174000BC740300644D002020750300D0740300B6
:1017500068A503002DE9F04184B007468846164687
:101760001D46012203A91846FFF7BEFDC8B1039B21
:10177000991C4FF0000C0BE0CAB202320E4C04EB85
:10178000820E56F82C20CEF804200CF1010C013109
:10179000AC45F1D3FF2200922A4641463846FFF776
:1017A0002BFE054B1B781BB1FFF79EFE0028FBD1DB
:1017B00004B0BDE8F08100BF584D002008B50023FB
:1017C0001A46FFF7C7FF08BD00B583B00192012399
:1017D00001AAFFF7BFFF03B05DF804FB00B583B0BB
:1017E0000092019302236A46FFF7B4FF03B05DF84D
:1017F00004FB00B585B001920293069B039303237B
:1018000001AAFFF7A7FF05B05DF804FB00B585B09E
:1018100000920193069B0293079B039304236A465D
:10182000FFF798FF05B05DF804FB00B587B00192A3
:101830000293089B0393099B04930A9B059305233A
:1018400001AAFFF787FF07B05DF804FB00B587B07A
:1018500000920193089B0293099B03930A9B0493B4
:101860000B9B059306236A46FFF774FF07B05DF8EC
:1018700004FB000010B50446FFF7B6FCB0F1FF3FD3
:101880000ED0E36818710A4BD3F810344BB1DA6804
:10189000E36812681A60064BD3F81034DB681C60EA
:1018A00010BD034BC3F81044E36800221A60F7E749
:1018B000584D002010B5094BD3F8104401221A707E
:1018C00008E0E36801225A7123685B682046984764
:1018D000E3681C68002CF4D110BD00BF584D0020F7
:1018E00070B582B004460D46C388A3B9217A052994
:1018F0000FD0637ABBB9227A104B53F822600021D3
:10190000A088FFF7BFFD034632460D492846FEF783
:101910005FFD02B070BD0B4A00920B4A0B4928468E
:10192000FEF756FDE2E7A088FFF7BEFD084B53F82F
:10193000202008492846FEF74BFDDCE734D703009A
:10194000ACA50300A0A5030080A5030088A50300A3
:1019500010D70300A8A5030010B50C46037A052B89
:101960000FD0437A3BB90A492046FEF731FD2046A5
:10197000FEF71AFD10BD074A07492046FEF728FD6D
:10198000F1E7002AF3D002492046FEF721FDEEE7F9
:10199000847D0300A0A50300A8A503002DE9F04362
:1019A00085B081460D4690461E460C9C277B002341
:1019B000237321463046FFF793FFB8F1060F09D88D
:1019C000DFE808F00411171E27323F004946204681
:1019D000FEF7FEFC002221463046FFF7BDFF2773CD
:1019E00005B0BDE8F0832A6849462046FEF7F0FCC2
:1019F000F0E76B682A6849462046FEF7E9FCE9E70C
:101A0000AB6800936B682A6849462046FEF7E0FC05
:101A1000E0E7EB680193AB6800936B682A6849467E
:101A20002046FEF7D5FCD5E72B690293EB680193BE
:101A3000AB6800936B682A6849462046FEF7C8FCED
:101A4000C8E76B6903932B690293EB680193AB685A
:101A500000936B682A6849462046FEF7B9FCB9E74F
:101A6000082900D970472DE9F04707460E469046F1
:101A70001D4693F80C9000241C7319461046FFF77E
:101A80002FFF04E01C492846FEF7A2FC0134072C76
:101A900007D8B442F6D23A5D18492846FEF798FCBA
:101AA000F4E717492846FEF793FC002407E04FF0BF
:101AB0002E0A524613492846FEF78AFC0134072CA9
:101AC00011D8B4420AD2385D7E28F0D8824605F09B
:101AD000D3F80028EDD14FF02E0AEAE70A4928464C
:101AE000FEF776FCEAE7012229464046FFF734FF7D
:101AF00085F80C90BDE8F087C0A50300B8A50300E9
:101B0000C4A50300C8A50300CCA503000369C268EF
:101B1000934204D881688A1A1344581E7047981A51
:101B2000013870472DE9F843044688461646C568D3
:101B30008768A7EB0509914507D94068284405F057
:101B400009FC3544E560BDE8F88340684A4628440E
:101B500005F000FCED1B35442A4608EB09016068DE
:101B600005F0F8FBE560EEE72DE9F8430646884608
:101B70001746C5684FF0000918E05B1B5A1EB36892
:101B80005C1B944228BF1446BC4228BF3C46706888
:101B900022464146284405F0DDFBA144A0443F1BFA
:101BA0002544B368AB4209D0F5604FB133699D421B
:101BB000E3D3B2685B1B1A44013AE0E70025F3E780
:101BC0004846BDE8F8830000124B02221A615A61B0
:101BD00011499961114ADA614FF400721A620022C8
:101BE0009A625A62DA6299640D49D96410211965C2
:101BF0009A655A65DA650B4A1068C3F807000A4A05
:101C000092E8030018609980090C997120229A715A
:101C1000704700BFF054002020A60300F0520020BF
:101C2000E05200202CA6030030A603002DE9F04767
:101C3000044688469146244B1B78C3B104EB44020A
:101C4000214B03EBC2039F6D5D6DAF4212D800269E
:101C5000ED1B4D4528BF4D463DBB2EB104EB440462
:101C6000194B03EBC4039F653046BDE8F087FFF7CF
:101C7000ABFFE3E71346144A02EBC30ADAF85060FD
:101C8000F61B4E4528BF4E46DAF84C103246394412
:101C9000404605F05FFBB044A9EB06093744DAF88B
:101CA0005030BB42D4D10027D2E704EB4402064BAC
:101CB00003EBC203D96C2A463944404605F04AFB7F
:101CC0002E442F44C9E700BFF054002070B582B005
:101CD00004460D46164600238DF807300DF1070027
:101CE000FDF74CF9324629462046FFF79FFF044690
:101CF0009DF80700FDF754F9204602B070BD0000C2
:101D0000F8B50F461646441C04EB4404164B03EB8F
:101D1000C40400EB400003EBC003DD6A012D0ED0CC
:101D2000022D1AD0F5B92046FFF7F0FE864212D8F0
:101D3000324639462046FFF7F5FE35460BE0204691
:101D4000FFF7E4FE3546864228BF05462A46394657
:101D50002046FFF7E7FE2846F8BD2046FFF704FFC0
:101D60000546F8E70025F6E7F054002000B583B0FB
:101D700001220DF107010020FFF7A8FF012804D17F
:101D80009DF8070003B05DF804FB4FF0FF30F9E762
:101D900008B5074B1B7833B1054B9A6D5B6D9342C9
:101DA00004D0012008BDFFF70FFFF5E70020F9E799
:101DB000F054002008B5FFF707FF08BD002807DB37
:101DC00000F01F02400901239340024A42F82030EC
:101DD000704700BF00E100E000280CDB00F01F02AC
:101DE0004009012393402030034A42F82030BFF3DA
:101DF0004F8FBFF36F8F704700E100E0002807DBD3
:101E000000F1604000F5614090F800034009704720
:101E100000F00F00014B185C4009704714ED00E022
:101E200010DF704711DF70471F2808DD3F280CDCEA
:101E300020380123834014BF012000207047044B49
:101E400023FA00F000F0010070470120704700BF46
:101E5000FC06FFBD38B50446FFF7E6FFE8B12046B3
:101E6000FFF7CCFF07281CD8EC23034113F0010F28
:101E70001AD00F4B9D6865B16009194653F82030A0
:101E800004F01F040122A240134341F82030002532
:101E900005E02046FFF792FF01E042F201052846E7
:101EA00038BD42F20205FAE742F20205F7E700BF49
:101EB0008C48002038B50446FFF7B6FFA8B10C4B9C
:101EC0009D6875B16009194653F8203004F01F046D
:101ED0000122A24023EA020341F8203000252846CF
:101EE00038BD2046FFF778FFF9E742F20105F6E733
:101EF0008C48002070B582B00646154D154BED1A82
:101F0000ED082D0445F00405024613492846FFF765
:101F10005BFC12496846FFF71FF807E022461049AC
:101F20002846FFF751FC6846FFF732F8019C64B180
:101F300023686168304698470028EFD12246094956
:101F40002846FFF741FC112000E0002002B070BDE0
:101F500058750300D074030038A6030060D703004F
:101F600050A6030070A6030010B582B004460E48C8
:101F70000E4BC01AC008000422460D4940F0040070
:101F8000FFF722FC0B496846FEF7E6FF06E01A68F9
:101F90005968204690476846FEF7FAFF019B002BE0
:101FA000F5D102B010BD00BF58750300D074030016
:101FB00094A6030054D7030008B51620FFF74AFF84
:101FC00000B908BD024AA121FCF764FEF9E700BF91
:101FD000ACA6030008B51620FFF76CFF00B908BDDA
:101FE000024AAD21FCF756FEF9E700BFACA603009C
:101FF00010B582B01B4B1B7873BB1B4B01221A70B0
:102000000020FFF777FF11282AD00020FFF7ACFF50
:10201000164B1B68019300238DF803300DF103006C
:10202000FCF7ACFF124901A8FFF7FAFE0446B0FA2C
:1020300080F040090B4B18709DF80300FCF7B0FFCF
:102040005CB90023084A13700A4A1370FFF7B4FF03
:102050000120FFF789FF00E00824204602B010BDF0
:102060000024FAE76A550020685500206CD7030069
:10207000B1EC02006955002030B583B0154B1B78D8
:1020800013B30120144B1870FFF734FF11281FD031
:102090000220FFF769FF00258DF807500DF10700BA
:1020A000FCF76CFFFFF7BEFE04460A4B1D709DF85F
:1020B0000700FCF775FF44B9074B1D70FFF78AFF57
:1020C0000320FFF751FF00E00824204603B030BD95
:1020D0000024FAE76A5500206855002008B5074B30
:1020E0001B7843B1064B1B7813B1FFF7C5FF08BD42
:1020F000FFF77EFFFBE70820F9E700BF68550020E7
:102100006A550020014B1878704700BF6A550020BF
:1021100000B583B008496846FEF71EFF05E01A685F
:10212000586890476846FEF733FF019B002BF6D1B5
:1021300003B05DF804FB00BF48D7030008B5FFF704
:10214000E7FF08BD60DF704769DF704761DF7047F8
:102150004FF08053D3F80C01800200F1005070471B
:10216000164B1B7843B300B5ADF5017D09E01A6845
:10217000596803A8904701A8FEF70AFF029B002BAD
:10218000F5D14FF4FA73ADF802300DF1020103A856
:10219000FFF7DCFF20B90A4901A8FEF7DDFEEDE7F5
:1021A000052803D10DF5017D5DF804FB054A40F2D9
:1021B0003B11FCF76FFDF5E7704700BF6B55002042
:1021C00070D7030050A7030018B1034A0260002033
:1021D00070470E20704700BF082B0020F0B585B077
:1021E00005460C460846FFF7EFFF064610B130469D
:1021F00005B0F0BD00230193029303938DF80450C2
:1022000001238DF806300623ADF80830226801A9B5
:102210002020FFF799FF002858D100230193029353
:10222000039301238DF80530226801A94020FFF7B0
:102230008BFF002858D100230193029303938DF85C
:102240000450F723ADF80630226801A92320FFF7D8
:102250007BFF002856D100230193029303930323AD
:102260008DF80430226801A90120FFF76DFF0028D6
:1022700056D100230193029303934FF4B06301936B
:10228000226801A9A120FFF75FFF002856D1002393
:102290000193029303939DF8043043F001038DF8FA
:1022A0000430226801A9A020FFF74EFF00289ED02D
:1022B000294C2A4AA41AE4082404FEF7A7FE024681
:1022C000274944F00100FFF77FFA90E7224F234AA5
:1022D000BF1AFF083F04FEF799FE0246214947F066
:1022E0000100FFF771FA98E71B4F1C4ABF1AFF085D
:1022F0003F04FEF78BFE02461B4947F00100FFF743
:1023000063FA98E7144D154AAD1AED082D04FEF74F
:102310007DFE0246154945F00100FFF755FA9AE7A0
:102320000D4D0E4AAD1AED082D04FEF76FFE024664
:102330000F4945F00100FFF747FA9AE7064D074AB3
:10234000AD1AED082D04FEF761FE0246094945F07D
:102350000100FFF739FA9AE760750300D0740300B3
:102360006CA90300F0A7030038A8030084A80300A9
:10237000CCA8030018A90300F8B504460768FFF7C6
:10238000E1FE05462368BB4205D8F5B9164B01228C
:102390001A702846F8BD154E154BF61AF608360485
:1023A00046F0020613493046FFF708FA23683A461A
:1023B00011493046FFF712FAFFF7CAFE2268821A67
:1023C0000E493046FFF700FADFE7084C084BE41AE5
:1023D000E40824042846FEF719FE0246084944F0A2
:1023E0000100FFF7F1F9D4E76B5500206075030099
:1023F000D0740300C0A90300F0A9030024AA0300BD
:1024000050AA03004BDF704700B585B009E01A6899
:1024100059680198904702A8FEF7BAFD039B002B6C
:10242000F5D101A8FFF7EEFF78B90D480D4BC01AA2
:10243000C0080004019A0C4940F00400FFF7C4F9F9
:102440000A4902A8FEF788FDE8E7052802D105B091
:102450005DF804FB064A6B21FCF71CFCF7E700BFA4
:1024600068750300D07403007CAA03007CD70300C6
:1024700090AA0300FEE77047704738B50C464568E0
:10248000284600F059F8E1B2022906D004290BD100
:1024900041682846F5F775FF06E000F087F800224E
:1024A00003210846F5F706FF38BD08B500F0A8F887
:1024B00008BD38B50C464568284600F03DF8E1B245
:1024C000062906D0072908D101682846F5F759FFE3
:1024D00003E001682846F5F754FF38BD08B500F061
:1024E000BDF808BD02460C4942F8141B42600022A8
:1024F0008260C260094A0261094A0260094A426177
:1025000080610949C1610949416102624062084A2A
:102510008262084A0262704790D303003CAB03001A
:10252000B8D703007CD303004CAB030090D7030063
:10253000C8840300A4D70300034600F11402024834
:1025400002602033436070476C55002008B509488D
:10255000094BC01AC0080004084940F00400FFF706
:102560002DF90748F5F7B8FF002207210320F5F7FA
:10257000A1FE08BD20750300D074030054AB030016
:102580007455002000B583B0054B0093002342F240
:10259000107204490448F5F71FFF03B05DF804FB0F
:1025A0004D2503006CAB03007455002008B50248AC
:1025B000F6F708F908BD00BF89270300014B186032
:1025C000704700BF402B002008B50848084BC01AD0
:1025D000C0080004074940F00400FFF7EFF8064B7D
:1025E00019680648F5F726FF08BD00BF20750300EF
:1025F000D07403007CAB0300402B002074550020F6
:1026000008B50748074BC01AC0080004064940F047
:102610000400FFF7D3F8F6F759F8FFF7D5FF08BD28
:1026200020750300D0740300047C030008B507483C
:10263000074BC01AC0080004064940F00400FFF729
:10264000BDF80548F5F718FF08BD00BF2075030069
:10265000D074030094AB03007455002008B50748FC
:10266000074BC01AC0080004064940F00400FFF7F9
:10267000A5F8F6F74BF8FFF7D9FF08BD2075030062
:10268000D0740300ACAB030008B5114682189378F0
:10269000D27843EA02231BB213F5716F00D008BD54
:1026A00001F10C03C35C03F0010C224A82F800C064
:1026B000C3F3400C82F801C0C3F3800C82F802C05F
:1026C000C3F3C00C82F803C0C3F3001C82F804C03B
:1026D000C3F3401C82F805C0C3F380139371084410
:1026E000437A03EB83035B001381837A03EB830359
:1026F0005B005381C37A03EB83035B0093814379CF
:102700004FF0640C0CFB03F381790CFB01F143EAFD
:10271000014313610023536107490B6801330B60C8
:1027200008210320F5F7DCFD044B19680448F5F790
:10273000B1FEB4E7AC550020A8550020402B002086
:1027400074550020F8B507460E46002503E02C44DA
:10275000A4B20134A5B2B5420FD22B467C5D64B160
:102760002A19B24209DA0133FB5CFF2BEFD12A466A
:1027700031463846FFF788FFE9E7F8BD08B501792B
:102780000068FFF7DFFF08BD08B50378042B13D8F6
:10279000DFE803F013121E2903001548154BC01A79
:1027A000C0080004144940F00400FFF707F80022B5
:1027B00007210320F5F77EFD08BD0D480D4BC01A1B
:1027C000C00800040D4940F00400FEF7F7FFF3E7EE
:1027D0000748084BC01AC0080004094940F004002B
:1027E000FEF7ECFFE8E74068FFF7C8FFE4E700BF4B
:1027F00020750300D0740300BCAB0300CCAB030016
:10280000DCAB030008B5FFF7BDFE08BD70B505469B
:102810000C46164600F022F83246214600F05EF8DB
:1028200021462846F5F772FD70BD000010B504463C
:10283000F5F726FD014B2360204610BDC4D70300E9
:1028400010B50446FFF7F2FF04F15C00F5F731FC28
:1028500004F6EC10FFF746FE204610BD08B50A4B03
:102860001B68BFF35B8F13F0010F01D0074808BD51
:10287000054804F0D1FD0028F8D00448FFF7E0FF38
:10288000014804F0DDFDF1E7E4550020E8550020A3
:1028900038B504460D4B0E4A9B1ADB081B040D4944
:1028A00043F00300FEF78AFF04F15C050A4A0521A4
:1028B0002846F5F713FC2A4603212046F5F7E8FCE5
:1028C00004F6EC10F5F771FD38BD00BF207503006C
:1028D000D0740300F4AB030010AC030008B500F69D
:1028E000EC10F5F746FD08BD08B5C06800F0CAFA5F
:1028F0000548064BC01AC0080004054940F0040012
:10290000FEF75CFF08BD00BF20750300D074030014
:1029100014AC0300F8B50D464668284C284BE41A61
:10292000E408240444F0040426492046FEF746FF48
:10293000304600F099F90746E9B20D2939D8DFE8A9
:1029400001F0070C38113838161B24383829382E76
:102950001D492046FEF732FFF8BD1C492046FEF710
:102960002DFFF9E741683046F5F70BFDF4E718490C
:102970002046FEF723FFEFE716492046FEF71EFF2D
:1029800039683046F5F7FDFCE6E713492046FEF7C7
:1029900015FFE1E711492046FEF710FFDCE710497B
:1029A0002046FEF70BFF002204210846F5F782FCC3
:1029B000D2E70C495520FDF7DBFACDE7207503007F
:1029C000D074030040AC030078AC03009CAC03005F
:1029D000BCAC030000AD030040AD03007CAD0300C0
:1029E000C4AD030004AE030008B5C06800F062FA8D
:1029F0000548064BC01AC0080004054940F0040011
:102A0000FEF7DCFE08BD00BF20750300D074030094
:102A100090AE030008B5C06800F004FA0548064B04
:102A2000C01AC0080004054940F00400FEF7C6FEC5
:102A300008BD00BF20750300D0740300BCAE0300C6
:102A400070B50D4646681E4C1E4BE41AE40824047B
:102A500044F004041C492046FEF7B0FE304600F066
:102A600003F9E9B20D2926D8DFE801F0070C250BA0
:102A70001125162525252525251B14492046FEF759
:102A80009DFE70BD12492046FEF798FEF9E70168E9
:102A90003046F5F776FCF4E781683046F5F771FCCF
:102AA000EFE70C492046FEF789FE00220421084684
:102AB000F5F700FCE5E708494920FDF759FAE0E79A
:102AC00020750300D0740300E0AE030078AC03006F
:102AD0009CAC030010AF030048AF030008B5C0680A
:102AE00000F0B8F90548064BC01AC00800040549B3
:102AF00040F00400FEF762FE08BD00BF2075030031
:102B0000D0740300C8AF030008B50548054BC01AD0
:102B1000C0080004044940F00400FEF74FFE08BD61
:102B200020750300D0740300E8AF030008B5054822
:102B3000054BC01AC0080004044940F00400FEF729
:102B40003DFE08BD20750300D074030008B00300EB
:102B5000F8B505460F4646681C4C1D4BE41AE408C0
:102B6000240444F004041B492046FEF727FE3046A7
:102B700000F07AF8F9B20B2923D8DFE801F0060B50
:102B800010180A221D220A0A220A13492046FEF7BB
:102B900015FEF8BD11492046FEF710FEF9E7E8687A
:102BA00000F02AF90E492046FEF708FEF1E74168D9
:102BB0003046F5F7E6FBECE781683046F5F7E1FBD8
:102BC000E7E708495220FDF7D3F9E2E72075030053
:102BD000D074030028B0030078AC03009CAC030061
:102BE00050B0030070B0030038B504460346144AE1
:102BF00043F8142B436000238360C360114B0361CF
:102C0000114B0360114D45618061114BC361114B44
:102C1000436100F04BF820626562A4620E4BE362F0
:102C20000E4B636200F042F820636563A4630C4BB3
:102C3000E3630C4B636300F039F82064204638BD31
:102C400090D30300F0B003000CD803007CD3030042
:102C5000F4B00300F8D70300FCB00300E4D703008E
:102C600004B10300D0D70300034600F11402044866
:102C7000026003F12402426034338360704700BF76
:102C80000060002010B504461423436009238360CC
:102C90001523C360162303610A2343610223836162
:102CA0001C30F5F7ABFC204610BD000008B50A4B00
:102CB0001B68BFF35B8F13F0010F01D0074808BDFD
:102CC000054804F0A9FB0028F8D00448FFF7DAFF14
:102CD000014804F0B5FBF1E70C6000201060002013
:102CE0002DE9F04399B005463C483D4BC01AC00859
:102CF00000043C4940F00400FEF760FD12AB0024E4
:102D000012941394149415941694179401271397FE
:102D100014976A68129218AA12E903008DE803005A
:102D20000FCBF6F70BF821466868F5F7E6FF0CAB1A
:102D30000C940D940E940F94109411940D970E977B
:102D4000AA680C9210AA92E803008DE803000FCB4A
:102D5000F5F7F4FF2146A868F5F7CFFF224BD3F82B
:102D60000080ADF82C804FEA18498DF82E9003268C
:102D70008DF82D601D4B0B9A3146E868F5F7FBFF87
:102D8000ADF828808DF82A908DF82960184B0A9AA2
:102D900031462869F5F7EFFFADF824808DF82690CD
:102DA0008DF82560134B099A31466869F5F7E3FF02
:102DB00003AB039404940594069407940894059730
:102DC0000696AA69039207AA92E803008DE8030019
:102DD0000FCBF5F7B3FF19B0BDE8F0832075030002
:102DE000D074030018B1030010D803004D2F030066
:102DF000A12F0300E92F030010B50446064B074A34
:102E00009B1ADB081B04064943F00400FEF7D6FCBE
:102E10002046FFF765FF10BD20750300D074030046
:102E200034B1030010B50446074B084A9B1ADB086F
:102E30001B04074943F00400FEF7C0FC0121606851
:102E4000F5F75BFF10BD00BF20750300D0740300D1
:102E500048B1030010B50446074B084A9B1ADB082B
:102E60001B04074943F00400FEF7A8FC002160683A
:102E7000F5F743FF10BD00BF20750300D0740300B9
:102E80006CB1030010B50446074B084A9B1ADB08D7
:102E90001B04074943F00400FEF790FC0121A068E1
:102EA000F5F72BFF10BD00BF20750300D0740300A1
:102EB00090B1030010B50446074B084A9B1ADB0883
:102EC0001B04074943F00400FEF778FC0021A068CA
:102ED000F5F713FF10BD00BF20750300D074030089
:102EE000B4B1030008B51C30F5F7CEFB0548064B1E
:102EF000C01AC0080004054940F00400FEF75EFC5B
:102F000008BD00BF20750300D0740300D8B10300D2
:102F100010B504460A4B0B4A9B1ADB081B040A49EE
:102F200043F00400FEF74AFCE068F5F7E1FE0128F3
:102F300000D010BD00220B210420F5F7BBF9F8E703
:102F400020750300D0740300F8B1030008B5FFF743
:102F5000ADFEFFF7DDFF08BD10B504460D4B0E4A70
:102F60009B1ADB081B040D4943F00400FEF726FC06
:102F70002069F5F7BDFE012805D0002208210420B4
:102F8000F5F798F910BD002207210420F5F792F912
:102F9000F8E700BF20750300D07403002CB20300D3
:102FA00008B5FFF783FEFFF7D7FF08BD10B504464D
:102FB0000A4B0B4A9B1ADB081B040A4943F0040026
:102FC000FEF7FCFB6069F5F793FE00B110BD00222F
:102FD00009210420F5F76EF9F8E700BF207503001A
:102FE000D074030058B2030008B5FFF75FFEFFF787
:102FF000DDFF08BD38B50C4615460848084BC01A19
:10300000C0080004074940F00400FEF7D7FB00F0B9
:1030100023F82A46214600F04FF838BD20750300FA
:10302000D074030088B2030010B50446F5F728F900
:10303000014B2360204610BD1CD8030010B5044688
:10304000FFF7F2FF04F15C00F5F733F804F6EC103B
:10305000FFF7CAFD204610BD08B50A4B1B68BFF339
:103060005B8F13F0010F01D0074808BD054804F03D
:10307000D3F90028F8D00448FFF7E0FF014804F036
:10308000DFF9F1E7906000209460002038B5044635
:1030900000F15C05074A01212846F5F71FF82A468A
:1030A00004212046F5F7F4F804F6EC10F5F77DF965
:1030B00038BD00BFF0B0030008B500F6EC10F5F71E
:1030C00058F908BD00B583B0054B00930123642275
:1030D00004490548F5F780F903B05DF804FB00BF2B
:1030E000D5360300A0B20300C46A002038B50E48EC
:1030F000F5F78CF90D4C0E4BE41AE408240444F067
:1031000002040C4D29462046FEF758FB0A4920468A
:10311000FEF754FB09492046FEF750FB294620469E
:10312000FEF74CFB38BD00BFC46A002020750300C9
:10313000D0740300ACB20300E4B2030018B3030080
:1031400008B50F4B1B787BB9002212210120F5F73F
:10315000B1F80C480C4BC01AC00800040B4940F0F1
:103160000200FEF72BFB08BD0648074BC01AC0083B
:103170000004074940F00200FEF720FBF3E700BF20
:10318000006B002020750300D074030080B303009F
:103190005CB3030008B50F4B1B787BB10022032101
:1031A0000120F5F787F80C480C4BC01AC008000442
:1031B0000B4940F00200FEF701FB08BD0648074B33
:1031C000C01AC0080004074940F00200FEF7F6FAF2
:1031D000F3E700BF006B002020750300D0740300EC
:1031E000C4B30300A4B3030010B500230A4A13704C
:1031F0000A4A13600A4A13700A4C0B4BE41AE4089B
:10320000240444F0020409492046FEF7D7FA08498D
:103210002046FEF7D3FA10BD006B0020FC6A0020A8
:10322000F86A002020750300D0740300E0B30300A7
:103230002CB4030038B5044601F0D0F8A04219D3ED
:10324000204601F065FD1448144BC01AC008000464
:1032500040F0020022460C2C1BD804EB840404EB43
:103260008404A3009BB203F5C8739BB20C49FEF71C
:10327000B5FA38BD05460848084BC01AC008000416
:103280002B462246074940F00200FEF7A7FA2C46DB
:10329000D6E74FF4C863E9E720750300D074030054
:1032A00098B4030068B4030038B50446134B1D7886
:1032B00001F094F8002C08DB002C01DD854211D2CE
:1032C0002819C0B2FFF7B6FF38BD002DF4D10C4865
:1032D0000C4BC01AC00800040B4940F00200FEF776
:1032E0006DFAF1E7064B074A9B1ADB081B040246FE
:1032F000064943F00200FEF767FAE5E7492B002094
:1033000020750300D0740300B8B40300E0B40300D8
:1033100010B5002203210420F4F7CCFF0022032182
:103320000220F4F7C7FF042210210220F4F7C2FFA5
:103330000F4C22780E210220F4F7BCFF0D480E4BF3
:10334000C01AC008000440F0020022780C2A0BD8F2
:1033500002EB820101EB81018B0003F5C8739BB284
:103360000649FEF73BFA10BD4FF4C863F8E700BF0B
:10337000492B002020750300D074030008B503001A
:1033800008B504220F210220F4F794FF0548064BEC
:10339000C01AC0080004054940F00200FEF70EFA0A
:1033A00008BD00BF20750300D07403003CB50300C6
:1033B00030B585B0124B1B68B3B11248124BC01A1E
:1033C000C0080004114A13799179947855790395CE
:1033D000029401910093537812780D4940F0020055
:1033E000FEF734FA05B030BD0648074BC01AC008D6
:1033F0000004084940F00200FEF7E0F9F2E700BFE0
:10340000A855002020750300D0740300AC5500209F
:1034100090B503005CB5030010B50A4C0A4BE41AE2
:10342000E408240444F0020408492046FEF7C6F9E3
:1034300007492046FEF7C2F906492046FEF7BEF9C5
:1034400010BD00BF20750300D0740300F4B5030065
:103450002CB6030068B6030038B5134B01221A706E
:103460000023124A1360124A1370124C124BE41AD2
:10347000E408240444F00204104D29462046FEF7D7
:103480009DF90F492046FEF799F90E492046FEF7AF
:1034900095F90D492046FEF791F929462046FEF799
:1034A0008DF9FFF7B9FF38BD006B0020FC6A0020E2
:1034B000F86A002020750300D0740300ACB203004A
:1034C00098B60300BCB60300F0B603002DE9F04146
:1034D00082B0364B1E78364B1F78364C364BE41A8A
:1034E000E408240444F0020434492046FEF766F957
:1034F000334B1B78002B44D0324D334B1B78002BC1
:1035000041D0DFF8F880F4F7CBFC00F6EC10F4F7CC
:103510005FFF0190009743462A462C492046FEF75C
:1035200075F90C2E32D806EB860505EB8505AD0046
:1035300005F5C875ADB200F051FF00902B4632463C
:1035400023492046FEF755F9224B1B78224A126880
:1035500001920093214B1B78214A12782149204681
:10356000FEF754F9FFF724FF154B1B78D3B11E4B20
:103570001A681E4B9A420CD8C2F5122202F5F86264
:1035800008E01B4DB9E7DFF87880BCE74FF4C86569
:10359000D1E70022174BA3FB0232920916492046BD
:1035A000FEF712F902B0BDE8F08100BF492B002000
:1035B000CD71002020750300D07403002CB70300E8
:1035C000006B002048B70300CC71002060B70300F7
:1035D00094B70300C6710020A8550020472B002097
:1035E000482B0020BCB70300FC6A0020BF2709005D
:1035F00050B70300D34D621000B8030058B7030062
:103600005CB7030008B56D280CD006D83F280CD055
:1036100068280DD1FFF700FF06E06E2808D1FFF7FC
:10362000B9FD01E0FFF78CFD08BDFFF74FFFFBE799
:10363000234B1B78BBB173282FD020D82D2827D03F
:103640003D2821D02B281FD0A0F13003DBB2092B5D
:1036500026D9A0F16103DBB2022B25D85738C0B2BE
:10366000FFF7E8FDE0E7174B174A9B1ADB081B043E
:103670000246164943F00200FEF7A6F8D4E7782880
:10368000E2D1FFF77DFECFE70120FFF70DFECBE78C
:103690004FF0FF30FFF708FEC6E7FFF739FEC3E73C
:1036A0001846FFF7C7FDBFE7064B074A9B1ADB0822
:1036B0001B040246064943F00200FEF785F8B3E713
:1036C000006B002020750300D074030024B80300B1
:1036D00064B8030010B502E0E0B2FFF793FFFEF715
:1036E00057FBB8B1FEF742FB041E13DB194B002257
:1036F0001A60194B1B78002BEED0174B1A70174825
:10370000174BC01AC0080004164940F00200FEF72B
:1037100055F8E1E7144B1B784BB10F4B1B7833B9CD
:103720000C4A136864331360104A934200D810BDEA
:10373000094B01221A700948094BC01AC00800043D
:103740000B4A0C4940F00100FEF73EF8FFF718FE67
:10375000EDE700BFFC6A0020F86A00202075030036
:10376000D074030098B80300006B0020BF27090045
:10377000C0270900DCB8030008B5FFF7A3FC08BDAB
:1037800008B50548054BC01AC0080004044940F0BC
:103790000400FEF713F808BD20750300D074030081
:1037A00020B9030010B50446064B074A9B1ADB08F4
:1037B0001B04064943F00400FEF700F8E06800F03F
:1037C000D3FD10BD20750300D074030044B903007D
:1037D0002DE9F0470546884616464768484C494B50
:1037E000E41AE408240444F0040947494846FDF774
:1037F000E5FF384600F05CF982465FFA88F111294E
:103800000ED8DFE801F0090F0D14190D1E27303A0C
:103810000D473F4C565F69733C494846FDF7CEFF64
:10382000BDE8F0873A494846FDF7C8FFF8E739494F
:103830004846FDF7C3FFF3E737494846FDF7BEFFAB
:10384000EEE7E86800F0D6FB002208210220F4F73A
:1038500031FDE5E7E86800F041FEDAF8001038468F
:10386000F4F78FFDDCE72D494846FDF7A7FF00225E
:1038700007210220F4F71EFDD2E729494846FDF74B
:103880009DFFCDE727494846FDF798FFE86800F01F
:10389000A9FEC5E724494846FDF790FFC0E7234944
:1038A0004846FDF78BFF002207210220F4F702FDB6
:1038B000B6E71F494846FDF781FFF1B2E86800F01E
:1038C00039FDADE71B4944F00200FDF777FFF1B287
:1038D000E86800F023FBA3E7174944F00300FDF775
:1038E0006DFFF1B2E86800F04DFB99E7E86800F081
:1038F0001FFEDAF800103846F4F743FD90E700BFEA
:1039000020750300D074030068B9030098B9030060
:10391000BCB90300DCB9030000BA030024BA0300F9
:1039200060BA030088BA0300D0BA030014BB0300D6
:103930004CBB030084BB0300C0BB030008B50548B3
:10394000054BC01AC0080004044940F00400FDF70C
:1039500035FF08BD20750300D0740300FCBB0300D5
:1039600008B50548054BC01AC0080004044940F0DA
:103970000400FDF723FF08BD20750300D074030089
:103980001CBC0300F8B505460F4646681D4C1E4B8F
:10399000E41AE408240444F004041C492046FDF71A
:1039A0000DFF304600F084F8F9B211290ED8DFE897
:1039B00001F0090E131B0D0D0D0D0D0D0D0D200D3C
:1039C0000D0D0D2512492046FDF7F8FEF8BD1149F1
:1039D0002046FDF7F3FEF9E70F492046FDF7EEFE1E
:1039E000E86801F0A9FAF1E7C1683046F4F7C9FCCC
:1039F000ECE781683046F4F7C4FCE7E7E86800F0DC
:103A000097FDE3E720750300D07403003CBC03007E
:103A100098B90300BCB9030064BC030038B5044680
:103A20000346174A43F8142B436000238360C360A6
:103A3000144B0361144B0360144D45618061144BBA
:103A4000C361144B436100F001FA20626562A46215
:103A5000114BE362114B636225636463104BA363F4
:103A6000104B236300F0F2F9E063256464640E4BAD
:103A7000A3640E4B236400F0E9F9E064204638BDEE
:103A800090D3030084BC030050D803007CD3030010
:103A9000F4B003003CD8030088BC030070D80300D6
:103AA00090BC03005CD803009CBC030028D8030032
:103AB000034600F114020548026003F1240242604B
:103AC00003F1300282604033C3607047046B002012
:103AD00008B50548054BC01AC0080004044940F069
:103AE0000400FDF76BFE08BD20750300D0740300D1
:103AF000A8BC030010B50446064B074A9B1ADB0816
:103B00001B04064943F00400FDF758FEE06800F08E
:103B10002BFC10BD20750300D0740300CCBC030047
:103B20002DE9F0470546884616464768434C444B06
:103B3000E41AE408240444F0040942494846FDF725
:103B40003DFE3846FFF7B4FF82465FFA88F111293F
:103B50000ED8DFE801F0090F0D141E0D282D430DBE
:103B60000D0D0D364D56606A37494846FDF726FE65
:103B7000BDE8F08735494846FDF720FEF8E73449AF
:103B80004846FDF71BFEDAF80C103846F4F7F9FB4F
:103B9000EEE730494846FDF711FEDAF80C103846DA
:103BA000F4F7EFFBE4E72C494846FDF707FEDFE7B3
:103BB000E86800F093FCDAF800103846F4F7E1FB0F
:103BC000D6E726494846FDF7F9FDE86800F0F0FA27
:103BD000DAF800103846F4F7D4FBC9E72049484624
:103BE000FDF7ECFD002207210220F4F763FBBFE79D
:103BF0001C494846FDF7E2FDF1B2E86800F09AFB87
:103C0000B6E7194944F00200FDF7D8FDF1B2E868C3
:103C100000F084F9ACE7154944F00300FDF7CEFD50
:103C2000F1B2E86800F0AEF9A2E7E86800F080FCC5
:103C3000DAF800103846F4F7A4FB99E72075030082
:103C4000D0740300CCBC0300ECBC030020BD030017
:103C500050BD030084BD0300B4BD030014BB0300CA
:103C600024BA03004CBB0300E8BD030038BE0300C8
:103C700008B50548054BC01AC0080004044940F0C7
:103C80000400FDF79BFD08BD20750300D074030000
:103C900088BE030008B50548054BC01AC0080004DB
:103CA000044940F00400FDF789FD08BD20750300BC
:103CB000D0740300A8BE030070B50D4646681D4CC5
:103CC0001D4BE41AE408240444F004041B49204674
:103CD000FDF774FD3046FFF7EBFEE9B208290AD87C
:103CE000DFE801F0050A090F1409191E2300144921
:103CF0002046FDF763FD70BD12492046FDF75EFDCD
:103D0000F9E711492046FDF759FDF4E70F49204630
:103D1000FDF754FDEFE70E492046FDF74FFDEAE7BA
:103D20000C492046FDF74AFDE5E70B492046FDF723
:103D300045FDE0E720750300D0740300C8BE030012
:103D400098B90300BCB90300DCB9030000BA030052
:103D5000F0BE030014BF030038BF030008B50A48D3
:103D60000A4BC01AC0080004094940F00400FDF7DE
:103D700025FDF5F7E7FA012800D008BD00220D2146
:103D80000220F4F7ADFAF8E720750300D0740300C1
:103D900060BF030000B583B0174B009301234FF4BD
:103DA000FA7216491648F4F717FB164B00930023D6
:103DB00041F2883214491548F4F70EFB144B009376
:103DC00001234FF4FA6213491348F4F705FB134B30
:103DD0000093012342F2107211491248F4F7FCFAE1
:103DE000114B0093012347F2305210491048F4F769
:103DF000F3FA03B05DF804FB7940030088BF0300C9
:103E0000E86B00205D3D030098BF0300B46B002009
:103E1000CD4C0300B0BF0300806B0020194D0300A0
:103E2000C0BF03004C6B002031460300D0BF03002D
:103E3000186B002010B504460830F4F765FD04F552
:103E40001870F5F7C1FA204610BD000008B50A4BFE
:103E50001B68BFF35B8F13F0010F01D0074808BD4B
:103E6000054803F0D9FA0028F8D00448FFF7E2FF2C
:103E7000014803F0E5FAF1E71C6C0020206C0020FB
:103E800010B582B01D4C1E4BE41AE408240444F023
:103E900004041C492046FDF791FC1B492046FDF710
:103EA0008DFC1A492046FDF789FC194B03F11002DD
:103EB00092E803008DE803000FCBF4F73FFF0121E8
:103EC0002F20F4F71AFF134B03F1100292E80300BE
:103ED0008DE803000FCBF4F731FF01210520F4F743
:103EE0000CFF0D4B03F1100292E803008DE8030074
:103EF0000FCBF4F723FF02B010BD00BF2075030005
:103F0000D0740300E0BF0300FCBF030028C003001F
:103F1000ACD8030094D803007CD8030030B583B03C
:103F20000C46114B1D7845EA01021A708DB10F48FD
:103F30000F4BC01AC008000440F002000A4B1B7867
:103F40007DB90C4A009222460B49FDF752FC03B0A2
:103F500030BD00F51870F5F785F9084B00221A708E
:103F6000E5E7074AEEE700BFCD71002020750300AA
:103F7000D074030054C003006CC00300CC71002057
:103F800060C0030010B50C46134A137823EA0103FE
:103F90001370A3B900F51870F5F75EF90F4B012205
:103FA0001A700F480F4BC01AC00800040E4B1B7844
:103FB00022460E4940F00300FDF710FC10BD0848F2
:103FC000084A801AC00800040A46094940F0020065
:103FD000FDF704FCF2E700BFCD710020CC7100209A
:103FE00020750300D0740300492B0020ACC00300EF
:103FF000F8C0030008B500F51870F5F739F9054861
:10400000054BC01AC0080004044940F00400FDF745
:10401000D5FB08BD20750300D07403004CC103001C
:1040200008B500F51870F5F789F90548054BC01A71
:10403000C0080004044940F00400FDF7BFFB08BDC0
:1040400020750300D074030068C1030010B5044656
:10405000F5F778F920600548054BC01AC008000440
:10406000044940F00400FDF7A9FB10BD20750300D2
:10407000D074030088C1030010B5084C2046FFF738
:10408000E5FF0748074BC01AC0080004226806492C
:1040900040F00400FDF798FB10BD00BF146B00203A
:1040A00020750300D0740300A8C1030008B50748B9
:1040B000074BC01AC0080004064940F00400FDF791
:1040C0007DFB0548F4F7A2F908BD00BF2075030089
:1040D000D0740300CCC10300B46B002008B50748BE
:1040E000074BC01AC0080004064940F00400FDF761
:1040F00065FB0548F4F78AF908BD00BF2075030089
:10410000D0740300F4C10300E86B002008B5074831
:10411000074BC01AC0080004064940F00400FDF730
:104120004DFB0548F4F7A8F908BD00BF2075030052
:10413000D074030018C20300E86B002008B50A48D9
:104140000A4BC01AC0080004094940F00400FDF7FA
:1041500035FB0848F4F790F90748F4F757F9074892
:10416000F4F754F908BD00BF20750300D0740300B4
:104170003CC20300186B0020806B00204C6B0020B9
:1041800008B50748074BC01AC0080004064940F0AC
:104190000300FDF713FB0548F4F738F908BD00BF2D
:1041A00020750300D074030070C20300806B0020F0
:1041B00008B50848084BC01AC0080004074940F079
:1041C0000400FDF7FBFA0648F4F756F90548F4F742
:1041D00053F908BD20750300D0740300B8C2030072
:1041E000806B00204C6B002050B159B162B1B1F529
:1041F000826F0BD991420BD988420BD901207047AD
:104200000020704700207047002070470020704752
:10421000002070470020704710B52DED028B8A1AE0
:1042200007EE902AF8EEE77A401A07EE100AB8EE89
:10423000C77A9FED376AC7EE066A87EEA68A354CC5
:10424000354BE41AE4082404FDEEC87A17EE902AF0
:10425000324944F00300FDF7B7FADFED317AB4EEEE
:10426000E78AF1EE10FA4CDADFED2E7AB4EEE78A47
:10427000F1EE10FA48D9002300E00133032B36D8C1
:10428000294A02EBC302526807EE902AB8EE677A19
:10429000B4EEC87AF1EE10FAEFDB581C224901EBBC
:1042A000C001496807EE901AF8EE677AF4EEC87A12
:1042B000F1EE10FAE1D81C4C14F9300014F9333047
:1042C000C01A07EE900AF8EEE76A521A07EE902A33
:1042D000F8EE677A37EE487A06EE103AB8EEC60A7C
:1042E00087EE276A66EE267A30EE270A06E00F4947
:1042F00044F00100FDF762FA9FED0D0ABDEC028B60
:1043000010BDB3EE040AF9E79FED090AF6E700BF16
:1043100000EC424720750300D0740300E8C203009C
:1043200000E0F64700FE0347C4D8030014C30300AF
:104330000000484238B504460D46084B084A9B1A0F
:10434000DB081B04074943F00400FDF737FA294650
:1043500004F51870F5F70BF838BD00BF20750300A1
:10436000D07403006CC3030010B50446144B1A78D4
:10437000D2B11448144BC01AC0080004134940F0CD
:104380000200FDF721FA2046FFF790FE2046FFF7D6
:10439000A5FE0C480C4BC01AC00800040C4940F0A4
:1043A0000400FDF70BFA10BD0A4B1978FFF7C2FFA6
:1043B00004F51870F4F750FF074B01221A70E2E77A
:1043C000CD71002020750300D074030098C3030052
:1043D000D8C30300492B0020CC710020014B187872
:1043E000704700BFCE71002010B500231F4A137024
:1043F0001F4A13801F4A138001221F490A701F4958
:104400000B70FF211E4801701E4801701E4803708A
:104410001E4803701E4800681E4C20601E4C206021
:104420001E4803701E4803701E4803701E48027029
:104430001E4802701E4803601E4803601E48037039
:104440001E4803601E4803801E4803701E4801700A
:104450001E490B701E481F4BC01AC00800041E499D
:1044600040F00300FDF7B0F910BD00BFCD71002092
:10447000CA710020C8710020492B0020C67100209D
:10448000482B0020472B0020C5710020C47100205C
:10449000A8550020C0710020B8710020BC71002018
:1044A000B1710020B0710020452B0020442B00206A
:1044B000AC710020A8710020A4710020A071002020
:1044C0009E7100209D710020462B00209C710020D1
:1044D00020750300D0740300F0C3030010B5044638
:1044E00000F51870F4F7BEFE0C4B00221A7020463F
:1044F000FFF70CFE2046FFF75BFE0948F3F7BCFF11
:10450000FFF772FF0748084BC01AC00800040749AC
:1045100040F00400FDF752F910BD00BFCC7100203F
:10452000186B002020750300D07403001CC4030026
:1045300010B50446FFF7D2FF2046FFF721FE0648DC
:10454000064BC01AC0080004054B1A78054940F014
:104550000200FDF739F910BD20750300D074030087
:10456000492B002038C40300044B1B78FF2B01D0DB
:10457000834201D9014B1870704700BF482B0020BF
:10458000094B1A78FF2A08D0084B1B78FF2B06D05E
:104590000133934205DA0020704700207047002065
:1045A00070470120704700BF482B0020472B002098
:1045B00008B5094B1A78824200D30246074B1A709D
:1045C000074B1B78934201D2054B1A700E21022033
:1045D000F3F786FE08BD00BFCE710020492B0020F6
:1045E000452B002008B50C4B1A680C4B1A600C4880
:1045F0000C4BC01AC008000447F2305301220A498C
:1046000040F00300FDF7EAF80120FFF7D1FF07486B
:10461000F3F7FCFE08BD00BFA8550020B8710020CC
:1046200020750300D074030080C40300186B0020C1
:1046300008B5264B1B68264A12689A421BD1254BA7
:104640001A7842BB244B1878244B1B7898422DD201
:104650000130C0B2FFF7ACFF2148224BC01AC0089E
:10466000000447F230531C4A12781F4940F0020000
:10467000FDF7B4F808BD1D48F3F7FEFE1848194BC6
:10468000C01AC0080004144B1A78194940F00300FE
:10469000FDF79AF8EEE71248124BC01AC008000462
:1046A000144940F00200FDF78FF8E3E70F48F3F7F5
:1046B000E3FE0B480B4BC01AC0080004064B1A78E7
:1046C0000D4940F00200FDF77FF8D3E7A855002020
:1046D000B8710020CD710020492B0020CE71002040
:1046E00020750300D0740300C8C50300186B0020B8
:1046F000DCC4030020C5030070C5030010B582B000
:1047000004461C4B186800231B4A13701B490A7887
:104710000132D2B20A701A490C701A490B801A4B36
:1047200018601A4B1A495B1ADB081B0443F002009D
:10473000C4B1184B18490978019100930423174913
:10474000FDF764F801220F210220F3F7C9FD3CB107
:10475000134B1B78FF2B03D00F4A1078834203D8EA
:1047600002B010BD0F4BE5E70130C0B2FFF720FFEC
:10477000F6E700BFA8550020A47100209D7100201D
:104780009C710020CA710020AC71002020750300CC
:10479000D074030030C60300492B002050C603002C
:1047A000462B002044C603002DE9F04F2DED028B6F
:1047B00089B0A24B1E68002E00F08A800DF1080C13
:1047C0009F4C0FCCACE80F0094E803008CE803008A
:1047D0009C4B1D7815F0010503D09B4A13880133CB
:1047E00013809A4B1B784BB145B9994A1388013312
:1047F0009BB21380974A1268B24250D0BDF8107035
:10480000BDF81280BDF814904A4641463846FFF77D
:10481000EBFC002849D04A4641463846FFF7FCFCED
:10482000B0EE408A8C4C8D4BE41AE408240444F02A
:10483000030AFDEEC08ADFED8A7A60EE277AFDEE8C
:10484000E77A17EE902A874981FB0231D317C3EB31
:104850006113642101FB132B5B4618EE902A8249F9
:104860005046FCF7BBFFCDF8009043463A467F49DF
:104870005046FCF7BEFF754B1B78002B3FD0002D38
:1048800074D1724B00221A70DFED797AB4EEE78AA8
:10489000F1EE10FA21DD1046FFF730FF18E0092B8A
:1048A00016D90120FFF72AFF12E06B486B4BC01AA4
:1048B000C0080004CDF8009043463A466D4940F0E8
:1048C0000200FCF796FF614B1B780BB1614B1E6039
:1048D00009B0BDEC028BBDE8F08F674B1B780193EC
:1048E000272300935B4618EE902A64495046FCF754
:1048F0008DFF0023624A1370624A1370E8E7002DAF
:1049000034D1DFED617AB4EEE78AF1EE10FADFDB45
:104910005E4B1B7853B1292300935B4618EE902A17
:104920005B4944F00200FCF764FFD1E729230093C0
:104930005B4618EE902A574944F00100FCF759FFF6
:104940000023414A1380544A16604E4A1370534B59
:104950001B78FF2B05D001220F210220F3F7C0FCAA
:10496000B6E7454B1A784D4B1A70F4E7364B1B8867
:104970000E2BADD9DFED3E7AB4EEE78AF1EE10FAF8
:1049800042DD454A1268B242A2D13D4A1278032A5A
:104990002AD80F2191408B429ADB3A4B1B7813B9EE
:1049A000354B1B785BBB00233D4A137001253D4A04
:1049B0001570264A1570274A1660254A1380304B19
:1049C0001B782D4A12780192042200922B441E4A31
:1049D0001288354944F00200FCF718FF2A461021DE
:1049E0000220F3F77DFC73E7304944F00100FCF747
:1049F000EBFE00220D210220F3F772FC68E7013B79
:104A0000D8B2FFF7D5FDCEE70193272300935B468D
:104A100018EE902A26495046FCF7F8FE0023204A5B
:104A2000137001221F490A7015490B7015490B704C
:104A300010210220F3F754FC4AE700BFA8550020DC
:104A4000AC550020CD710020CA710020A471002057
:104A50009E710020A071002020750300D074030017
:104A60000000C8421F85EB5118C7030040C7030070
:104A700000001C42A0C60300492B002074C703009D
:104A80009D7100209C71002000002442006B0020DA
:104A9000D8C7030020C80300AC710020462B0020BB
:104AA000C6710020C5710020D0C8030080C8030073
:104AB00028C903002DE9F04383B06D4B1B786D4A84
:104AC0001678B34200D91E466A4A13706A4B1978A9
:104AD000674B1970694B1C68002C00F0AB80684B69
:104AE000D3F800901C60674B93F801801A79B2FAF2
:104AF00082F56D099B79B3FA83F77F09A1451DD033
:104B000061480078A8423AD00AB1002B3CD15F48F6
:104B1000DFF88CC1A0EB0C00C0080004DFF864C112
:104B20009CF802C0CDF804C00091594940F0020041
:104B3000FCF76CFE544B1D70564B1F70564B1B7888
:104B400013F0020F4FD1A14574D0B8F1000F71D10D
:104B50003046FFF709FD514B1B784BB34B48504B88
:104B6000C01AC00800044F4B1B7800933346424ADA
:104B700012784D4940F00200FCF73BFE5AE04548F0
:104B80000078B842C0D1D9E74048DFF814C1A0EBA3
:104B90000C00C0080004DFF8ECC09CF802C0CDF89F
:104BA00004C00091414940F00300FCF72FFEC1E72B
:104BB00036483B4BC01AC00800043A4B1B780093A0
:104BC00033462D4A12783A4940F00100FCF711FEB5
:104BD000384B00221A80384B1C6002220F211046ED
:104BE000F3F77EFB26E0334B1A88013292B21A802B
:104BF000042A1FD9304B1B68A3421ED0B8F1000F06
:104C000026D01D4B187870BB2C4B01221A701F4800
:104C1000234BC01AC0080004174B1B78254A128882
:104C2000274940F00300FCF7D9FD0222102110466D
:104C3000F3F756FB03B0BDE8F0831448184BC01AD5
:104C4000C00800041F4940F00200FCF7BDFDD8E792
:104C50000E48134BC01AC00800041B4940F0020064
:104C6000FCF7B2FDE6E70138C0B2FFF7A1FCCBE7E5
:104C7000452B0020442B0020492B0020A855002064
:104C8000B4710020AC550020B171002020750300E4
:104C900098C90300B0710020CD710020006B002086
:104CA000D0740300482B002090CA030028CA0300D8
:104CB000E4CA0300C8710020A8710020C57100205B
:104CC000D4CB030044CB030094CB030008B50C48BD
:104CD0000C4BC01AC00800040B4940F00400FCF75C
:104CE0006DFDFFF7E7FEFFF75FFD084B1B7823B96B
:104CF000FCF7FAFB0028FBD108BDFEF759FBF7E7EC
:104D000020750300D074030028CC0300006B002042
:104D100008B5FFF74DFC08BD70B584B06A4B1A7832
:104D2000002A52D1694B1A78002A5AD1684B1B6865
:104D3000684A12689A4262D0664A1360664B1B78D2
:104D4000002B67D0654B9D78654C664BE41AE408F0
:104D5000240444F00306644B1B780293634B1B78D6
:104D60000193634B1B780093012D14BF0023012393
:104D7000604A127860493046FCF757FD012D59D042
:104D80005E4B1A780132D2B21A70012A75D95B4B88
:104D900000221A70574B1D78534B1D70544B012243
:104DA0001A70FFF7EDFB002871D1554B1B789D421F
:104DB00080F08380681CC0B2FFF7FAFB4D4B1A7875
:104DC00050493046FCF700FD09E04548454BC01A04
:104DD000C00800044C4940F00400FCF7F5FC04B0A6
:104DE00070BD013AD2B21A703D483E4BC01AC0089D
:104DF0000004464940F00400FCF7E6FCEFE73848C1
:104E0000384BC01AC0080004414940F00200FCF7CA
:104E1000D5FCE4E7304B01221A703148314BC01AFF
:104E2000C0080004334B1A783A4940F00300FCF7FD
:104E3000CBFCD4E7314B00221A702D4B1B786BB999
:104E40002C4B187888B10138C0B2FFF7B1FB294B61
:104E50001A7831493046FCF7B7FCC0E7254B1A7881
:104E60002E493046FCF7B0FCB9E7214B01221A70FD
:104E70002B493046FCF7A2FCB1E71E4B1B78009390
:104E80000223284944EA0300FCF7B3FCA7E7174BC9
:104E90001A7882B1561EF6B200962B46224944F08B
:104EA0000100FCF7A6FC134B1B78B34297D03046A9
:104EB000FFF77EFB93E71646EEE72A461B4944F0D0
:104EC0000200FCF781FC8AE7CD710020C57100204B
:104ED000A8550020C0710020BC710020AC550020F6
:104EE00020750300D0740300472B0020482B0020BE
:104EF000C6710020492B002070CD0300C471002032
:104F0000CE71002054CF030048CC030090CC0300A6
:104F1000D8CC030028CD0300F0CD0300CCCD030096
:104F20002CCE030068CE0300ACCE03000CCF0300F0
:104F300008B5FEF72FFF08BD10B504460E480F4B0D
:104F4000C01AC00800040E4940F00400FCF736FC0B
:104F50002046FEF795FF04F10800F3F70FFD04F576
:104F600018742046F4F71CFA2046F4F782F9054B32
:104F70001870FFF739FA10BD20750300D0740300D4
:104F800088CF0300CE71002070B505460C4616464A
:104F90000A4B0B4A9B1ADB081B040A4943F0040026
:104FA000FCF70CFC00F028F83246214600F054F8DB
:104FB00021462846F3F7AAF970BD00BF207503000B
:104FC000D07403009CCF030010B50446F3F758F9E2
:104FD000014B2360204610BDF4D8030010B50446F1
:104FE000FFF7F2FF04F15C00F3F763F804F6EC104E
:104FF000FEF714FD204610BD08B50A4B1B68BFF331
:105000005B8F13F0010F01D0074808BD054802F07F
:1050100003FA0028F8D00448FFF7E0FF014802F047
:105020000FFAF1E7D0710020D471002038B50446A2
:1050300000F15C05074A01212846F3F74FF82A469C
:1050400002212046F3F724F904F6EC10F3F7ADF94A
:1050500038BD00BF84BC030008B500F6EC10F3F7C0
:1050600088F908BD28B108B502498320FAF780FF06
:1050700008BD7047B4CF030000F1080343604FF050
:10508000FF328260C3600361002303607047002326
:105090000361704743684B609A688A605160996009
:1050A0000861036801330360704730B40D68B5F1DF
:1050B000FF3F11D000F108031C465B681A68AA4242
:1050C000FAD963684B6099608C606160086103681D
:1050D0000133036030BC70470469F2E7036941683B
:1050E00082688A60416851605A68824206D0002214
:1050F00002611A68013A1A601868704782685A603B
:10510000F5E700000748006880F3088862B661B6DA
:10511000BFF34F8FBFF36F8F4FF4F07080F31188A0
:1051200000DF00BF00700200064B19680868B0E895
:10513000F04F80F30988BFF36F8F4FF0000080F3CA
:1051400011887047547D0020EFF30980BFF36F8F03
:10515000144B1A681EF0100F08BF20ED108A20E9CA
:10516000F04F10604DF8043D4FF0400080F311887F
:10517000BFF34F8FBFF36F8F00F0B0FF4FF0000011
:1051800080F3118808BC19680868B0E8F04F1EF079
:10519000100F08BFB0EC108A80F30988BFF36F8F3F
:1051A000704700BF547D0020034AD2F8883043F492
:1051B0007003C2F88830704700ED00E008B5074B77
:1051C0001B68B3F1FF3F03D1402383F31188FEE74F
:1051D00003499E20FAF7CCFEF6E700BF187C0020BA
:1051E0005CD003004FF0807340F8043C40F8081C8A
:1051F000054B40F80C3C40F8202C6FF0020340F8BF
:10520000243C4438704700BFBD51030010B582B044
:10521000264B1A68264B9A4213D1264B1A78D2B2E3
:105220000192FF221A701B78DBB28DF803309DF8D3
:10523000033003F00203204A1370204B07221A6048
:105240000EE01F49B020FAF793FEE6E71B4A136809
:10525000013B13609DF803305B00DBB28DF8033037
:105260009DF8033013F0800FF0D1144A136803F057
:1052700007031360019BDBB20E4A13700B4CE02353
:1052800084F8223000F0BAF80E4B00221A60FFF7C3
:105290008BFF0D4A536B43F040435363236943F044
:1052A00010032361FFF72EFFFFF788FF00ED00E0FA
:1052B00041C20F4100E400E0147C0020107C00207B
:1052C0005CD00300187C002000EF00E008B540230C
:1052D00083F31188094A136801331360012B00D04E
:1052E00008BD074B5B68C3F30803002BF8D00549E2
:1052F00040F21110FAF73CFEF2E700BF187C0020E4
:1053000000ED00E05CD0030008B5084B1B683BB122
:10531000064A1368013B13600BB983F3118808BD7B
:1053200003494FF48C70FAF723FEF1E7187C002054
:105330005CD0030008B5EFF30583C3F308030F2B1C
:1053400009D903F1E023F03393F80033DBB20C4AC0
:1053500012789A4208D80B4BDB68C3F302230A4A3F
:1053600012689A4206D308BD08494FF4A970FAF7AB
:10537000FFFDF0E705494FF4B170FAF7F9FDF2E7E8
:10538000147C002000ED00E0107C00205CD00300C5
:10539000F0B583B0EFF31187402383F31188154BE9
:1053A000D3F804450022C3F80021D3F8003101935B
:1053B000019B00F089FD241A24F07F4434F001039E
:1053C00001D1002509E000F0A1FF0228F9D0012455
:1053D000F7E700F087FD05433446661E002CF8D140
:1053E00025B1054B4FF080525A6040BF87F31188BA
:1053F00003B0F0BD0010014000ED00E008B5002052
:10540000F7F7B8FC094B1F22C3F808250122C3F89F
:1054100004239A601A600222C3F84423044BE0225A
:1054200083F811234FF400321A6008BD00100140C8
:1054300000E100E010B50446FFF748FFA26BE36B04
:105440009A4204D00024FFF75FFF204610BD0124DC
:10545000F9E710B50446FFF739FFA36B23B9012420
:10546000FFF752FF204610BD0024F9E770B504464F
:105470001546866B026C5AB903681BB100200136D1
:10548000A66370BD406800F051FF00236360F6E73B
:105490006DB9806801F05EFFA368226C1344A360BD
:1054A0006268934219D32368A3602846E7E7C0687F
:1054B00001F050FFE368226C51429B1AE3602268BE
:1054C000934202D263680B44E360022D01D00020B6
:1054D000D5E726B1013E0020D1E72846CFE70020DE
:1054E000CDE70346026C6AB110B50846D96811448D
:1054F000D9605C68A14201D31968D960D96801F00C
:1055000029FF10BD704738B50546FFF7DFFE95F857
:10551000454064B201E0013C64B2002C0ADD6B6AD4
:1055200043B105F1240000F05DFE0028F3D000F047
:10553000E7FEF0E7FF2385F84530FFF7E5FEFFF7CC
:10554000C5FE95F8444064B201E0013C64B2002C11
:105550000ADD2B6943B105F1100000F043FE00287D
:10556000F3D000F0CDFEF0E7FF2385F84430FFF7DD
:10557000CBFE38BD38B50D460446D0B1FFF7A6FEC8
:105580002368E26B216C01FB023060600020A063A5
:10559000A360013A02FB0133E360FF2384F8443047
:1055A00084F84530D5B9236943B9FFF7ADFE012032
:1055B00038BD0F49FC20FAF7DBFCDFE704F11000EF
:1055C00000F010FE0028F0D00A4B4FF080525A60D5
:1055D00040BFBFF34F8FBFF36F8FE6E704F11000BA
:1055E000FFF74AFD04F12400FFF746FDDDE700BFA9
:1055F00004D1030000ED00E010B5034602980C460C
:1056000031B90060C36304640121FFF7B3FF10BD2B
:105610000260F7E7F0B585B00D4616461C46074612
:10562000B0B1DCB106B33DB348230393039B482BD1
:1056300028D154B1012384F8463000949DF82830D5
:10564000324629463846FFF7D7FF204605B0F0BD61
:105650000F4940F23310FAF78BFCE2E70C4940F2B5
:105660003710FAF785FCDDE7002DDDD008494FF44F
:105670009E70FAF77DFCD7E7054940F23B10FAF738
:1056800077FCD1E702494FF4A270FAF771FCD0E73A
:1056900004D10300F0B585B00F4601921D460446C3
:1056A00048B177B1022D15D000F030FE08B9019B4A
:1056B000CBB9002659E051494FF43770FAF758FC3E
:1056C000EFE7236C002BEDD04C4940F2DD20FAF7D8
:1056D0004FFCE7E7E36B012BE6D0484940F2DE20C0
:1056E000FAF746FCE0E7454940F2E120FAF740FCD2
:1056F000DFE72A4639462046FFF7B8FE636A73B9EA
:1057000040B13F4B4FF080525A6040BFBFF34F8FC4
:10571000BFF36F8FFFF7F8FD012005B0F0BD04F176
:10572000240000F05FFD0028F4D0354B4FF080528C
:105730005A6040BFBFF34F8FBFF36F8FEAE7FFF7A9
:10574000E3FD0020E9E702A800F090FD012619E042
:10575000002384F8443021E0002384F8453023E01E
:105760002046FFF7D0FE00F03DFCFFF7AFFDA26B37
:10577000E36B9A42BDD3022DBBD0019B002BDED040
:10578000002EE0D0FFF7C0FD00F096FBFFF79EFD76
:1057900094F8440040B2B0F1FF3FD9D094F84500EE
:1057A00040B2B0F1FF3FD7D0FFF7AEFD01A902A88C
:1057B00000F068FDD0B92046FFF73CFE0028CFD0AE
:1057C000019904F1100000F0D5FC2046FFF79BFE84
:1057D00000F008FC0028C8D1094B4FF080525A60F5
:1057E00040BFBFF34F8FBFF36F8FBEE72046FFF779
:1057F0008AFE00F0F7FB00208FE700BF04D1030012
:1058000000ED00E02DE9F8430E4691461D460446A2
:10581000A0B1CEB1022D20D0FFF78CFDEFF311889F
:10582000402383F31188A26BE36B9A421ED3022DAF
:105830001CD0002088F31188BDE8F8831E4940F28F
:10584000A230FAF795FBE4E7236C002BE2D01A496B
:1058500040F2A330FAF78CFBDCE7E36B012BDBD0E3
:1058600015494FF46970FAF783FBD5E794F8457052
:105870007FB22A4631462046FFF7F8FDB7F1FF3FD9
:1058800005D001377FB284F845700120D2E7636A02
:105890000BB90120CEE704F1240000F0A3FC30B1E5
:1058A000B9F1000F05D00120C9F80000C2E70120BE
:1058B000C0E70120BEE700BF04D10300F0B585B00A
:1058C0000F460192044638B167B100F01FFD08B9D8
:1058D000019B83B9002652E0494940F2DF40FAF7C4
:1058E00047FBF1E7236C002BEFD0454940F2E34042
:1058F000FAF73EFBE9E742494FF49D60FAF738FBBF
:10590000E8E739462046FFF7ECFD013DA563236932
:1059100023B9FFF7F9FC012005B0F0BD04F1100038
:1059200000F060FC0028F4D0364B4FF080525A60F3
:1059300040BFBFF34F8FBFF36F8FEAE7FFF7E4FC81
:105940000020E9E702A800F091FC012621E00023F5
:1059500084F8443029E0002384F845302BE02046C9
:10596000FFF7D1FD00F03EFB09E02046FFF7CBFD3D
:1059700000F038FB2046FFF76CFD00283ED1FFF712
:10598000A5FCA56B002DBCD1019B002BD6D0002E11
:10599000D8D0FFF7B9FC00F08FFAFFF797FC94F826
:1059A00044305BB2B3F1FF3FD1D094F845305BB2E5
:1059B000B3F1FF3FCFD0FFF7A7FC01A902A800F089
:1059C00061FC0028D1D12046FFF743FD0028C6D056
:1059D000019904F1240000F0CDFB2046FFF793FD70
:1059E00000F000FB0028CAD1064B4FF080525A60ED
:1059F00040BFBFF34F8FBFF36F8FC0E700208BE72F
:105A000004D1030000ED00E00023012B0CD8074A6D
:105A100052F833200AB10133F7E7044A42F8331051
:105A200002EBC30250607047704700BF1C7C00202F
:105A300070B504460D461646FFF748FC94F844300E
:105A40005BB2B3F1FF3F0DD094F845305BB2B3F1D8
:105A5000FF3F0BD0FFF758FCA36B5BB12046FFF76D
:105A600052FD70BD002384F84430EDE7002384F834
:105A70004530EFE73246294604F1240000F094FB5C
:105A8000ECE70000084B1B681B6823B9074B4FF07D
:105A9000FF321A607047044B1B68DB68DB685A688A
:105AA000024B1A60704700BF9C7C0020347C0020B1
:105AB0002DE9F04780460D4617469946089EDDF8C9
:105AC00024A00A9C9200A521206B01F075FC236B99
:105AD00007F18042013A03EB820727F007074FF0F6
:105AE000000CBCF1090F09D815F80C3004EB0C02BE
:105AF00082F8343013B10CF1010CF2E7002384F882
:105B00003D30062E00D90626E6622664002565642F
:105B1000201DFFF7BCFA04F11800FFF7B8FA246162
:105B2000C6F10706A6616462A56484F84C504A4633
:105B300041463846FFF756FB2060BAF1000F01D00E
:105B4000CAF80040BDE8F08738B5002407E004EB50
:105B5000840293000E481844FFF78EFA0134062C95
:105B6000F5D90C4D2846FFF787FA0B4C2046FFF776
:105B700083FA0A48FFF780FA0948FFF77DFA0948D7
:105B8000FFF77AFA084B1D60084B1C6038BD00BF58
:105B9000C87C0020B47C0020A07C0020847C0020F5
:105BA000707C0020587C00209C7C0020987C002089
:105BB00010B50446FFF78AFB214A136801331360CE
:105BC000204B1B685BB1204B1B686BB91D4B1B68DE
:105BD000DA6AE36A9A4207D81A4B1C6004E0194B50
:105BE0001C601368012B27D0184A13680133136017
:105BF000E06A01238340164A11680B43136000EBEF
:105C00008000211D134B03EB8000FFF743FAFFF7E1
:105C10007BFB0D4B1B6873B10A4B1B68DA6AE36AA6
:105C20009A4208D20C4B4FF080525A6040BFBFF3EB
:105C30004F8FBFF36F8F10BDFFF786FFD4E700BF14
:105C4000547C0020547D0020487C0020387C0020BB
:105C50004C7C0020C87C002000ED00E010B504461C
:105C600090F84D304BB1012B0ED0022B0BD00849D0
:105C700040F68860FAF77CF905E0006BFFF7F2F96F
:105C80002046FFF7EFF910BDFFF7ECF9FBE700BF87
:105C900098D103000F4B1B68D3B110B5FFF716FB6B
:105CA0000D4BDB68DC68201DFFF718FA0B4A136800
:105CB000013B1360074A1368013B1360FFF724FBA5
:105CC0002046FFF7CBFF034B1B68002BE6D110BD2E
:105CD000704700BF6C7C0020707C0020547C00204A
:105CE00070B504460D461D4B1E681D4B18680430E8
:105CF000FFF7F4F948B91A4B1B68DB6A01229A4096
:105D000018490B6823EA02030B60B4F1FF3F0DD082
:105D10003444134B1B685C60A64210D9124B1868C0
:105D20000F4B19680431FFF7C0F970BD002DEFD09B
:105D30000B4B196804310D48FFF7ACF9F5E70C4B34
:105D40001868074B19680431FFF7AFF9094B1B6856
:105D5000A342EAD9074B1C60E7E700BF507C002054
:105D6000547D00204C7C0020987C0020587C002032
:105D70009C7C0020347C002008B50AE0084B4FF0E2
:105D800080525A6040BFBFF34F8FBFF36F8FF2F75F
:105D900049FAFFF77FFF034B1B68012BEED8F6E7AC
:105DA00000ED00E0C87C00202DE9F04387B080467C
:105DB0000E46174699460F9D109CE5B10CB3502234
:105DC0000492049A502A22D13CB335B325630223AE
:105DD00084F84D3000230393029405AB01930E9B8E
:105DE00000934B463A4631464046FFF761FE204657
:105DF000FFF7DEFE13E00C494FF41470FAF7B8F821
:105E0000DCE7094940F25120FAF7B2F8D7E7064932
:105E100040F25920FAF7ACF8D6E70023059305982D
:105E200007B0BDE8F08300BF98D1030010B588B07B
:105E300000240594069407AA06A905A8F2F7A0F97C
:105E4000059B0293069B019300942346079A1349EE
:105E50001348FFF7A9FF134B186098B100F048FBF7
:105E6000012810D1402383F311880F4B4FF0FF32EC
:105E70001A600E4B01221A600D4B00221A60FFF7C8
:105E8000C5F903E00020B0F1FF3F01D008B010BD1C
:105E9000084940F2DC70FAF76BF8F7E72CD2030000
:105EA000795D0300307C0020347C0020487C002099
:105EB000507C002098D10300024A1368013313601C
:105EC000704700BF2C7C0020014B1868704700BF52
:105ED000507C002008B5FFF72DFA014B186808BD6B
:105EE000507C0020F8B5334B1B68002B56D1324B49
:105EF0001E6801361E607EB9304B1B681B688BB96B
:105F00002E4A11682E4B1868106019602D4A1368CC
:105F100001331360FFF7B6FD2B4B1B68B34233D937
:105F2000002740E0294940F63320FAF721F8E7E757
:105F30000127224B1B681B6843B3204B1B68DB689F
:105F4000DC6863689E4226D3251D2846FFF7C6F805
:105F5000A36A1BB104F11800FFF7C0F8E36A01223D
:105F60009A401B49086802430A6003EB83039A00C6
:105F7000294618481044FFF78DF8E26A164B1B6853
:105F8000DB6A9A42D4D2D4E70027D2E70E4B4FF017
:105F9000FF321A6007E00C4A136004E00F4A1368EE
:105FA0000133136000270E4B1B6803B101273846ED
:105FB000F8BD00BF2C7C0020507C00209C7C002081
:105FC000987C00203C7C0020347C002098D1030089
:105FD0004C7C0020C87C0020547D0020447C0020A4
:105FE000407C002038B5334B1B686BB1FFF76EF96E
:105FF000304B1A68013A1A601B68002B54D12E4BA3
:106000001B683BB9002450E02C494FF40460F9F7B9
:10601000AFFFEBE700242A4B1B681BB3284BDB6860
:10602000DC6804F11800FFF759F8251D2846FFF732
:1060300055F8E06A01238340224A11680B4313603C
:1060400000EB80002946204B03EB8000FFF722F88D
:10605000E26A1E4B1B68DB6A9A42DCD31C4B0122AE
:106060001A60D8E70CB1FFF70DFD1A4B1C687CB91C
:10607000174B1C68CCB1184B4FF080525A6040BF90
:10608000BFF34F8FBFF36F8F01240EE0013C07D0A9
:10609000FFF728FF0028F9D00D4B01221A60F5E721
:1060A0000C4B00221A60E3E70024FFF72DF920468D
:1060B00038BD00BF2C7C0020547C002098D1030008
:1060C000847C00204C7C0020C87C0020547D002073
:1060D000407C0020447C002000ED00E01F4B1B684A
:1060E0001BB11F4B01221A60704710B51C4B0022D8
:1060F0001A601C4B1C6814B3B4FA84F4C4F11F0476
:1061000004EB84029300184AD358D3B1164904EB28
:10611000840293000B445A6852685A6004EB84006E
:10612000830008330B449A4211D004EB8404A2008C
:106130000D4B13445B68DA680C4B1A6010BD2024C9
:10614000DCE70B494FF43560F9F712FFDEE75168E1
:106150008200054B13445960E7E700BF2C7C002008
:10616000407C00204C7C0020C87C0020547D002016
:1061700098D1030038B50C46054650B1084B196854
:1061800018312846FEF791FF01212046FFF7A8FDB0
:1061900038BD04494FF43660F9F7EAFEEEE700BF78
:1061A000547D002098D1030070B50D461446064674
:1061B00068B10A4B196818313046FEF76BFF0CB115
:1061C0004FF0FF3521462846FFF78AFD70BD044990
:1061D00040F68B30F9F7CCFEEBE700BF547D002092
:1061E00098D1030038B5C368DC6824B304F11805FE
:1061F0002846FEF773FF164B1B6813BB251D284668
:10620000FEF76CFFE06A01238340124A11680B43DA
:10621000136000EB800029460F4B03EB8000FEF774
:1062200039FFE26A0D4B1B68DB6A9A420ED90120E6
:106230000B4B186038BD0B4940F6BB30F9F798FEA0
:10624000D4E729460848FEF725FFEAE70020F1E7F2
:106250002C7C00204C7C0020C87C0020547D002039
:10626000407C002098D10300847C0020034B1B68F5
:106270000360034B1B684360704700BF3C7C0020F9
:10628000507C0020F8B50C460546B8B1E4B1FFF7E4
:106290001DF8184B19686B68C81A2268B2F1FF3FE5
:1062A00020D0154E36682F68B74201D08B421ED9D8
:1062B00082420FD800232360012414E00F4940F6E6
:1062C0002640F9F755FEE1E70C4940F62740F9F77B
:1062D0004FFEDCE75B1A134423602846FFF7C6FF36
:1062E000002400E00024FFF70FF82046F8BD012449
:1062F000F9E700BF507C00203C7C002098D10300CF
:10630000014B01221A607047407C0020054B1B683E
:1063100033B1054B1B680BB100207047022070475A
:1063200001207047487C00202C7C0020002846D0AB
:1063300038B50446244B1B68834204D0234940F6F9
:106340003B70F9F715FE636C4BB1636C013B636402
:10635000E16A226C914234D03BB1002038BD1B4928
:1063600040F63C70F9F704FEEFE7251D2846FEF7DE
:10637000B5FE70B9E26A02EB82039B001449CB5868
:106380003BB9012303FA02F212490B6823EA020324
:106390000B60206CE062C0F10703A361012404FAE2
:1063A00000F30C4A11680B43136000EB8000294690
:1063B000074B03EB8000FEF76DFE2046CEE7002082
:1063C00070470020CAE700BF547D002098D1030029
:1063D000C87C00204C7C0020064B1A681368B3FA76
:1063E00083F35B09036013B9D36818687047002012
:1063F000704700BFB07F002008B541600061914246
:106400000CD8D21A83699A4201D3012008BD011D1C
:10641000094B1868FEF749FE0020F7E79A4201D2BF
:10642000994206D2011D054B1868FEF73EFE00207A
:10643000ECE70120EAE700BFAC7F0020B07F00203E
:1064400030B583B0FEF742FF114B1B681BB1FEF75E
:106450005BFF03B030BD0F4D2846FEF70DFE0E4C1E
:106460002046FEF709FE0D4B1D600D4B1C600023FE
:1064700000930C4B0C4A10212020FFF7CBF8044B63
:1064800018600028E3D00949FFF7BEFADFE700BF34
:10649000A87F0020C87F0020B47F0020B07F0020AC
:1064A000AC7F0020587D0020A07D002034D2030066
:1064B0002DE9F041074616461D46079C884671B1F6
:1064C0005CB1FFF7BDFF2760C4F81880E661256264
:1064D000069B6362201DFEF7DAFDBDE8F0810349EB
:1064E00040F26910F9F744FDEAE700BF3CD203002F
:1064F00010B588B0FFF7A4FF114B1B68C3B100248F
:106500000594069407AA06A905A8F1F745FE059B80
:106510000293069B0193022300932346079A09499D
:106520000948FFF741FC094B186008B1012005E05C
:1065300007494FF48870F9F71BFD002008B010BD23
:10654000A87F0020D0D2030085680300A47F00202C
:106550003CD203002DE9F04184B005460E4690463A
:106560001F460B9C2C230393039B2C2B10D1ACB107
:1065700001940A9B00933B46424631462846FFF76A
:1065800097FF012384F82830204604B0BDE8F0814D
:1065900005494FF4A370F9F7EBFCE8E7024940F234
:1065A0004B10F9F7E5FCEFE73CD20300F0B585B0FE
:1065B0000C4615461E46074698B1154B186828B379
:1065C000009401950297052C19DCFFF79FFE022825
:1065D0000DD000231A4669460D480068FFF75AF8A7
:1065E00012E00C4940F28310F9F7C2FCE5E7002302
:1065F0000A9A694606480068FFF74CF804E0002351
:1066000032466946FFF7FEF805B0F0BD0020FBE713
:10661000A87F00203CD2030070B582B0194B1B68E4
:106620001A683AB3DB681E68DC68251D2846FEF749
:1066300055FD636A20469847E369012BEED1A369B3
:1066400033449E4207D26360246129460D4B18688B
:10665000FEF72BFDE2E7002100910B463246204673
:10666000FFF7A4FF0028D9D1074940F26F30F9F7AE
:106670007FFCD3E7054A106802490860136002B046
:1066800070BD00BFB07F00203CD20300AC7F002073
:1066900038B50546FFF718FC0446074B1B688342D4
:1066A00005D800232B60044B1C60204638BDFFF743
:1066B000B3FF01232B60F6E7A07F002070B582B006
:1066C00006460D4613490968C968CC68201DFEF7C7
:1066D00005FDE169012904D0636A2046984702B0AC
:1066E00070BDA16933462A4631442046FFF784FE37
:1066F0000028F1D0002100910B4632462046FFF7DA
:1067000055FF0028E8D1044940F2E510F9F730FCC4
:10671000E2E700BFB07F00203CD2030070B582B03A
:1067200006460C46FFF7C8FB01A8FFF7B1FF019B27
:106730001BBB054644B9B0420CD3FFF753FC2946B6
:106740003046FFF7BBFF1AE00E4B1B681C68B4FA1B
:1067500084F464092246711B0B4B1868FFF768F933
:10676000FFF740FC58B9094B4FF080525A6040BFC8
:10677000BFF34F8FBFF36F8F01E0FFF733FC02B021
:1067800070BD00BFAC7F0020A87F002000ED00E0BE
:1067900030B589B002E0049B002B0FDA002204A977
:1067A000364B1868FFF78AF8002864D0049B002B4A
:1067B000F1DA07990698059B9847ECE7069C636910
:1067C00013B1201DFEF78AFC03A8FFF761FF054601
:1067D000049B092BE2D801A252F823F005680300BC
:1067E00005680300056803009D6703004568030012
:1067F0006768030005680300056803009D670300E0
:1068000045680300059BA169024619442046FFF72D
:10681000F3FD0028C2D0636A20469847E369012B44
:10682000BCD1A269002100910B4605980244204684
:10683000FFF7BCFE0028B1D1114940F2FE20F9F764
:1068400097FBABE7059BA3613BB1A1692B462A46A9
:1068500029442046FFF7D0FDA0E7094940F2153052
:10686000F9F786FBF1E794F82830002B96D1204603
:10687000FEF7F8FB92E709B030BD00BFA87F00200B
:106880003CD2030000B583B001A8FFF7A5FD019934
:10689000FFF744FFFFF77CFFF6E70000BFF34F8FE1
:1068A0000549CA6802F4E062044B1343CB60BFF3AE
:1068B0004F8F00BFFDE700BF00ED00E00400FA05C8
:1068C00008B54FF01023D3F80C3203B908BD0F4BB5
:1068D0000122C3F804250D4BD3F80034002BFAD065
:1068E0004FF010230022C3F80C22084BD3F80034D9
:1068F000002BFAD0054B0022C3F80425034BD3F834
:106900000034002BFAD0FFF7C9FF00BF00E00140C0
:1069100010B5FFF7D5FFF1F7C3FA0446F1F7DAFA3D
:106920002046F1F719FB002010BD51EC102BC1F3EC
:106930000A53002B1CBF40F2FF7C634500D1704717
:106940001844604506DB0020C7F6F07060F31E01B6
:10695000002208E00028C7BF6FF31E5141EA005132
:1069600001F00041002241EC102B704752EC10CB9B
:10697000C2F30A5340F2FF718B4211BF002B00217A
:1069800001607047A3F2FE31016040F2FE3060F317
:106990001E5242EC10CB70472DE9F84F2DED028BC3
:1069A00082B050EC101B4FF0FF3202EB105240F25D
:1069B000FE739A4280F09F8001A8FFF7D7FF55EC45
:1069C000106B00245E4B30462946002200F090F9FF
:1069D00080460F464AF29E00C3F6E67043F6CE317B
:1069E000C6F27F61019A711A75EB00000092B8BF80
:1069F0000124002C284631461CBF3846414640EC55
:106A0000101B4FF0FF30FFF790FFB0EE408AF0EE22
:106A1000608A4C4B30462946002200F069F9054651
:106A20000E46494B51EC180B002C1CBF3E46454608
:106A3000002200F05DF902460B462846314600F080
:106A40000FFB05460E4602460B4600F071FA8346E0
:106A50008A464DF6F809C0F2030941EC180B484686
:106A60000221B0EE480AF0EE680A00F079F8374AE1
:106A7000374B51EC100B00F03BF980460F4609F103
:106A800010000321B0EE480AF0EE680A00F09CF80E
:106A900053EC102B4046394600F0E2FA5A46534672
:106AA00000F046FA2A46334600F042FA2A463346B8
:106AB00000F01EF980460D46002C009818BF0138E2
:106AC00000F0D6FB06460F46224A234B00F030FA70
:106AD00042462B4600F00CF980460D461F4B3046CF
:106AE0003946002200F024FA42462B4600F000F915
:106AF00041EC100B1AE0420042EAD1720023CFF6BB
:106B0000E0730027B7EB410773EB02020ED30022BC
:106B1000C7F6F072104207D00028BCBF02F5002073
:106B2000002140EC101B01E09FED030B02B0BDEC17
:106B3000028BBDE8F88F00BF000000000000F0FFEE
:106B40000000E0BF0000F0BF0000E03F9AB5B312C4
:106B5000FF0750C0A80C615C10D02BBF0030E63F8F
:106B6000F8B52DED028B00EBC1070E4657E9020187
:106B700017ED048B54EC105B2A46234600F0D8F93D
:106B800053EC182B00F0B4F841EC100B032E10DB83
:106B9000183F013E51EC100B2A46234600F0C8F97D
:106BA00077E8022300F0A4F8013E41EC100B012E1F
:106BB000F0D851EC100B2A46234600F0B9F941EC0D
:106BC000100BBDEC028BF8BD2DE9F041804600EBC7
:106BD000C100022915DBA0F108074C1C56EC105B24
:106BE00077E8022351EC100B00F082F82A46334676
:106BF00000F09EF9013C41EC100B022CF0D808F19A
:106C0000080050E9022351EC100B00F071F841EC40
:106C1000100BBDE8F08184460020002918BF002A2F
:106C200000D17047097848B2002844BF6FF00100D6
:106C30007047BCF1000F18BFCCF800100021C3E969
:106C40000011002818BF012070477F298EBF6FF008
:106C5000010001700120704747F6DC72C2F20002A9
:106C60001368002B02BF42F64C33C2F200031360DC
:106C70005A689268126810470921FFF7EDBF7F2814
:106C800084BF002070474DF63432C0F20302515CDD
:106C90004DF6B422C0F20302105C08407047A0F128
:106CA00061011A2938BF20387047A0F141011A2923
:106CB00038BF203070477F2884BF002070474DF6D2
:106CC0003432C0F20302515C4DF6B422C0F203022A
:106CD000105C08407047A0F161011A2938BF2038C4
:106CE0007047A0F141011A2938BF203070470000D9
:106CF00030B591EA030F00F18280841A71EB030C26
:106D000005D2121953EB0C03001B71EB0C0140F27E
:106D1000000CCFF6E07C1CEA430F52D0BCEB410FD5
:106D20005FD90C0DA4EB135E5FF0010C6CF31F51E7
:106D30006CF31F53DEF1200C2AD303FA0CF5401933
:106D400041F1000122FA0EF5401923FA0EF56941CE
:106D500012FA0CF2CD0208D349085FEA30005FEA6C
:106D6000320228BF42F001020134013C5FEA500CBC
:106D700072F1004250F1000051EB04514FF4001346
:106D800013EB410F38BF30BD6FF31301002030BD4E
:106D9000BEF1200EBEF1200F1ED223FA0EF54019CF
:106DA00041F10001CEF1200C124218BF012203FA7A
:106DB0000CF52A43CEE711EA5C0F04BF0020002146
:106DC00030BD1CEA410F04BF01F00041002030BD7E
:106DD00001F00041002030BD21F4801101EB04518D
:106DE00030BD004218BF41F00101BCEB410F08BFAC
:106DF00030BD4FF0FE4141F47801002030BD83F0FA
:106E00000043841A71EB030E07D28EF0004E001B74
:106E100071EB0E01121953EB0E0340F2000CCFF68A
:106E2000E07C1CEA430FC6D0BCEB410F72D90C0DBD
:106E3000A4EB135EC90241EA5051C00241F0004187
:106E4000DB0243EA5253D20243F00043DEF1200C4E
:106E500041D312FA0CF522FA0EF203FA0CF542EACB
:106E6000050218BF42F0010223FA0EF3801A99417D
:106E7000E30AC4F30A0411F0404F03D418D0013CD4
:106E800040004941013C23D44205C00A40EA415038
:106E9000C90A51EAC3715FEA500C72F1004250F125
:106EA000000051EB045130BD01002FD00020203CE8
:106EB0000029F9D0B1FA81FCDCF1200E11FA0CF1B5
:106EC00030FA0EF510FA0CF02943A4EB0C04D9E7C4
:106ED0000020D90730BDAEF1200EBEF1200F0DD23B
:106EE000CEF1200C03FA0CF533FA0EF32A4318BF47
:106EF00043F00103C01A61F10001B9E721F000413C
:106F0000C00A40EA4150C90A01EB045130BD0020DB
:106F1000002130BD004218BF41F00101BCEB410F20
:106F20007FF467AFBCEB430F3FF463AF30BD00BFEE
:106F3000F0B540F2FF7681EA030C16EA115E1EBF3F
:106F4000B64516EA1355B54252D021EA465141F4EE
:106F50008011A1FB024723EA465343F48013AE4459
:106F6000A0FB03650CF0004C36197D41A1FB0347E3
:106F700047F10003A0FB0217F619654153F1000326
:106F8000094218BF46F0010640F2FE74B3F5007FD7
:106F900013D2AEF5806EA64523D24CEA0331280306
:106FA00041EA155140EA16503203450872F1004299
:106FB00050F1000051EB0E51F0BDAEF2FF3EA64580
:106FC0000FD24CEAC321E80241EA555140EA56503B
:106FD000F202450872F1004250F1000051EB0E51EF
:106FE000F0BD1EEA0E0F2DD50CF000410020F0BDC3
:106FF00016EA115F04BF01F000410020004218BFF3
:1070000041F0010116EA135F04BF03F000430022C0
:10701000124218BF43F0010306EA1354B44218BFEA
:10702000B64503D00CF000410020F0BD21F0004136
:1070300023F00043B1EB065F0CD8B3EB065F09D831
:1070400041B13BB10CF0004141F0FE4141F470010F
:107050000020F0BD40F20001C7F6F8710020F0BD3D
:107060002DE9F04391EA030E0EF0004E40F20007C6
:10707000CFF6E07717EA41051EBFBD4217EA430588
:10708000BD4200F09F807F0D17EA135623EA475355
:1070900043F4801317EA115521EA475141F4801156
:1070A000AD1B05F2FD354FEAD31C1CF1010C4FF06E
:1070B0000047B7FBFCF77F01A2FB079C0024E3FB22
:1070C00007C4D9F100096CEB4C0CA0FB076200204F
:1070D000E1FB072000275FEAC628E0FB0987760D61
:1070E00046EAC226520DF61900277A41E0FB0C62EF
:1070F0005FEAC823E2FB09375FEA585848EAC62826
:10710000760D18EB070800214E41E2FB0C8602EBDE
:10711000C020DA02E6FB09215B0D43EAC8235FEADF
:1071200058585B18002758EB0708E6FB0C38D102CB
:10713000E8FB0917520D42EAC3225B0DD219002762
:107140007B41E8FB0C2308EBC6265FEAC128E3FB82
:107150000987490D41EAC221520DC91942F10002C5
:10716000E3FB0C12470019EB08095CEB010C72EB16
:10717000040453EBC62047EB56530026B3F5000F2B
:107180007641AD190236D6F1200910FA09F4F04023
:1071900013FA09F21043F340E40F001943F100031E
:1071A000B3F5001F24BF5B08013540F2FE77BD42F6
:1071B00004D24EEA05511944BDE8F0832D4224D58E
:1071C000714626E0004218BF41F00101124218BF8B
:1071D00043F00103B7EB410F2CBFB7EB430F1BE0AC
:1071E000B7EB410F04BFB7EB430F15E017EA410FB0
:1071F00004BF17EA430F0FE017EA410FE0D017EA88
:10720000430F02D0B7EB430FDAD04EF0FE4141F40A
:1072100070010020BDE8F08340F20001C7F6F8716C
:10722000F7E700BFC1F30A5340F21E42D21A0EDD47
:10723000202A0AD8CB0243EA505040F00040D04008
:1072400090EAE170B0EBE1707047002070474B00AE
:10725000004218BF43F0010313F5001F88BF21F05F
:10726000004111F0004058BF6FF00040704700BF70
:1072700010F0004160B148BF40420A0D02F21D42C9
:10728000B0FA80F3D21A9840C30A400503EB0251CA
:10729000704700BFC0F3C75191B142004FEA407040
:1072A0004FEAD2014FEA310101F16051B2F17F4F53
:1072B00038BF704701F1605118BF41F40021704799
:1072C00010F0004100207047082938BF70470022A5
:1072D000C0E9002147F6E071C2F200010860704782
:1072E000042A08D350F804CB0B689C4506D1043A15
:1072F0000431032AF6D8A2B1D0F800C0086880EAA9
:107300000C0191FAA1F1B1FA81F1B2EBD10F08D9D8
:1073100001F038012CFA01F2C840C0B2D1B2081A0B
:107320007047002070470178002904BF0020704793
:1073300000214FF001324358C2FA53F30431002BBD
:10734000F9D093FAA3F0B0FA80F001EBD000043842
:10735000704700005AB3844690EA01039B071FD18F
:10736000830707D011F8013B00F8013B013AF7D140
:107370001CE08446203A09D32DE9F007B1E8F8076C
:10738000A0E8F807203AF9D2BDE8F0071C3205D48E
:1073900051F8043B40F8043B043AF9D2043205D0DA
:1073A00011F8013B00F8013B013AF9D16046704702
:1073B00000220B0011001A0084465AB3830704D040
:1073C00000F8011B013AF9D124E0C9B241EA0121D8
:1073D00041EA0141202A11D3203A2DE9F0030B465E
:1073E0000C460D460E460F4688468946A0E8FA032D
:1073F000203AFBD2BDE8F00320320BD0042A05D39B
:1074000040F8041B043A05D0042AF9D200F8011B05
:10741000013AFBD16046704708B50346007858B979
:107420005A78012A07D0920702D5044800F00CF8D8
:1074300002225A70012008BD0020FCE741DB030056
:1074400001230370437070470FB408B5FBF712F8BF
:02745000FEE755
:10745400D9CC020000000000DD0C03000000000095
:10746400619B020000000000358002000000000063
:10747400F1B0020054410020E59902000000000030
:10748400B1BB020000000000C98602000000000039
:087494001D0C030000000000C4
:10749C0071CE020000000000490D03000000000046
:1074AC00612103000000000009240300000000001B
:1074BC0010520020D8520020E05200201852002018
:0474CC0018000000A4
:1074D000608F030003030000049003000303000017
:1074E0000C90030003030000AC90030003030000B2
:1074F000989103000303000084920300030300003B
:1075000024930300030300002C93030003030000F3
:1075100034930300030300003C93030003030000C3
:107520007CA5030003030404449303000303000049
:10753000D484030003030404708E030003030000DB
:10754000449B03000303040458840300030304045E
:10755000BC9E03000303040448A7030000000404C6
:1075600070AA03000000030330AB03000000040412
:10757000E4870300000003034C82030000000303C0
:1075800034840300000003030089030000000303A8
:1075900048840300000003038887030000000303FE
:1075A0008485030000000303C48D0300000003036F
:0875B000348C0300000003030A
:1075B800F8D6030000000000B4A40300382B002014
:1075C8000000000000000000E5FA020000000000D2
:0475D80000000000AF
:1075DC00119102000528030079370300314F030095
:1075EC0041707000496E697469616C697A61746983
:1075FC006F6E0000436861726765000057616974C3
:10760C0000000000536C6F7720436861726765203F
:10761C00416E64205363616E000000004D616E7515
:10762C00616C000053746174654D616368696E65CB
:10763C003A204E657720495047206461746120726E
:10764C0065636569766564004368617267696E6736
:10765C0020506172616D65746572733A00000000B0
:10766C00202056524543545F4445546E3A202564BD
:10767C00202830203D20636F696C20707265736523
:10768C006E742900202056524543545F4F56506E5D
:10769C003A202564202831203D204F4B2C203020CF
:1076AC003D204F56502900002020566368672072F9
:1076BC0061696C20737570706C7920636972637585
:1076CC00697420706F77657220676F6F643A20253C
:1076DC0064000000202043484731207374617475A6
:1076EC00733A2025642C20434847315F4F56505F36
:1076FC004552526E3A202564202831203D204F4BB4
:10770C002C2030203D204F5650290000202043488B
:10771C004732207374617475733A2025642C2043AE
:10772C004847325F4F56505F4552526E3A2025649F
:10773C00202831203D204F4B2C2030203D204F560F
:10774C0050290000546865726D616C205061726143
:10775C006D65746572733A002020546865726D20F3
:10776C007265666572656E63653A2025640000007B
:10777C002020546865726D206F757075743A2025E1
:10778C00640000002020546865726D206F6666737B
:10779C0065743A2025640000426174746572792026
:1077AC00766F6C74616765206D6561737572656465
:1077BC003A2042617474413D2575206D562042611A
:1077CC007474423D2575206D560000005465737429
:1077DC0020496E666F726D6174696F6E3A000000BD
:1077EC002020485620537570706C7920456E61626C
:1077FC006C653A20256400002020564444532053E5
:10780C007570706C7920456E61626C653A202564E8
:10781C000000000020205644444120537570706CC9
:10782C007920456E61626C653A2025640000000089
:10783C0053746174654D616368696E653A20436881
:10784C00617267696E6720696E2070726F6772650E
:10785C0073732028434847313D2564204348473201
:10786C003D25642050474F4F443D256420426174B0
:10787C0074413D25752042617474423D2575206D1F
:10788C005629000053746174654D616368696E65B7
:10789C003A20416C6C206261747465726965732066
:1078AC00636861726765642028434847313D2564ED
:1078BC0020434847323D25642050474F4F443D25D7
:1078CC00642042617474413D257520426174744298
:1078DC003D2575206D5629004368617267652053FC
:1078EC00746174653A20504D4320706F7765722037
:1078FC006F6E0A00417070207374617465206D6145
:10790C006368696E653A20496E697469616C697A5D
:10791C006174696F6E20537461746520456E747266
:10792C00790A00004D616E75616C20537461746549
:10793C003A20564343207261696C204F4E2C2057DD
:10794C0050542069646C652C20636F696C20484529
:10795C004C44204F4646202D2070726573732027AF
:10796C00732720746F207472616E736D69740A00D2
:10797C004D616E75616C2053746174653A206D6154
:10798C006E75616C206D6F646520656E6465642C2A
:10799C00207368757474696E6720646F776E0A0063
:1079AC004D616E75616C2053746174653A2042753B
:1079BC0074746F6E20312069676E6F726564206914
:1079CC006E206D616E75616C206D6F6465202D206D
:1079DC0075736520276E272C206F72204275747486
:1079EC006F6E203220746F2072657365740A00000C
:1079FC0052656365697665642053797374656D208F
:107A0C006576656E7420256420696E207363616EE3
:107A1C0020737461746500004865617274626561FD
:107A2C00742076616C75652025640A0057505420CB
:107A3C0043686172676572204E54432054656D70C3
:107A4C006572617475726520256420430A0000001C
:107A5C004261747465727920766F6C74616765200D
:107A6C006C6576656C202564206D560A000000005C
:107A7C0048656172746265617454696D6572000069
:107A8C0053797374656D4163746976654F626A6589
:107A9C006374000053797374656D20496E69746961
:107AAC00616C697A6564202D2056657273696F6EFE
:107ABC002025642E25642E256420282573290A0090
:107ACC0048542D49452D4649482D46570000000085
:107ADC0053746172742073797374656D20696E6967
:107AEC007469616C697A6174696F6E200A000000B8
:107AFC0053797374656D20696E697469616C697A08
:107B0C006174696F6E20646F6E65200A000000005E
:107B1C0053797374656D205374617274732045448A
:107B2C00410A000043616C6C6261636B206578658F
:107B3C00637574656420666F72206576656E74205B
:107B4C00256420696E20706F72742025640000001B
:107B5C004E6F2063616C6C6261636B206465666957
:107B6C006E656420666F72206576656E7420256480
:107B7C0020696E20706F7274202564002F55736518
:107B8C0072732F616C657862616C6477696E2F44D7
:107B9C0065736B746F702F4F70656E4E6572766582
:107BAC002D436861726765722F4669726D776172D9
:107BBC00652F536F757263652D436F64652F7372F8
:107BCC00632F68616C5F6C617965722F68616C5FA3
:107BDC006164632E63707000426174746572792005
:107BEC006D6561737572656D656E74207374617209
:107BFC007465640A000000005374617274696E67E6
:107C0C00207363616E2E00002F55736572732F61A4
:107C1C006C657862616C6477696E2F4465736B7404
:107C2C006F702F4F70656E4E657276652D4368616F
:107C3C00726765722F4669726D776172652F536F2B
:107C4C00757263652D436F64652F7372632F686162
:107C5C006C5F6C617965722F68616C5F626C652E0C
:107C6C0063707000427574746F6E2025752070728D
:107C7C0065737365640A0000427574746F6E202519
:107C8C00752072656C65617365640A002F557365A8
:107C9C0072732F616C657862616C6477696E2F44C6
:107CAC0065736B746F702F4F70656E4E6572766571
:107CBC002D436861726765722F4669726D776172C8
:107CCC00652F536F757263652D436F64652F7372E7
:107CDC00632F68616C5F6C617965722F68616C5F92
:107CEC00627574746F6E2E6370700000546F6F2029
:107CFC006D616E7920627574746F6E732E204D6198
:107D0C007820616C6C6F7765643A2025640A0000FA
:107D1C004572726F722077726974696E6720746F26
:107D2C0020444143207265676973746572000000DA
:107D3C005374617274204446552070726F6365737E
:107D4C00732C207468652073797374656D20776962
:107D5C006C6C2072657365740D0A00004661696C69
:107D6C00656420746F20636C6561722047505245C6
:107D7C00475245543A2025640D0A00004661696C4F
:107D8C00656420746F207365742044465520666CBE
:107D9C0061673A2025640D0A000000005379737462
:107DAC00656D20726573657420666F72204446554C
:107DBC00206D6F64650D0A002E2E2F2E2E2F636FF3
:107DCC0072655F6C617965722F73646B2F6E72666E
:107DDC00352F6E5246355F53444B5F31372E312E63
:107DEC00305F646464653536302F6D6F64756C6517
:107DFC00732F6E7266782F68616C2F6E72665F6778
:107E0C0070696F2E680000002F55736572732F61B7
:107E1C006C657862616C6477696E2F4465736B7402
:107E2C006F702F4F70656E4E657276652D4368616D
:107E3C00726765722F4669726D776172652F536F29
:107E4C00757263652D436F64652F7372632F636F57
:107E5C0072655F6C617965722F73646B2F6E7266DD
:107E6C00352F6E5246355F53444B5F31372E312ED2
:107E7C00305F646464653536302F636F6D706F6E80
:107E8C00656E74732F626C652F636F6D6D6F6E2FE3
:107E9C00626C655F636F6E6E5F73746174652E6385
:107EAC0000000000546865206C6F63616C20646195
:107EBC0074616261736520686173206368616E67C9
:107ECC0065642C20736F20736F6D652073756273FE
:107EDC006372697074696F6E7320746F206E6F7447
:107EEC00696669636174696F6E7320616E64206981
:107EFC006E6469636174696F6E7320636F756C6413
:107F0C00206E6F7420626520726573746F72656485
:107F1C0020666F7220636F6E6E5F68616E646C6555
:107F2C00202564006773636D5F6C6F63616C5F64C5
:107F3C00625F63616368655F6170706C792829208A
:107F4C0072657475726E6564202573207768696339
:107F5C00682073686F756C64206E6F742068617034
:107F6C0070656E2E20636F6E6E5F68616E646C65FB
:107F7C003A202564000000002E2E2F2E2E2F636F2A
:107F8C0072655F6C617965722F73646B2F6E7266AC
:107F9C00352F6E5246355F53444B5F31372E312EA1
:107FAC00305F646464653536302F636F6D706F6E4F
:107FBC00656E74732F6C69627261726965732F6D73
:107FCC00757465782F6E72665F6D74782E6800001C
:107FDC002F55736572732F616C657862616C647771
:107FEC00696E2F4465736B746F702F4F70656E4E96
:107FFC00657276652D436861726765722F4669728A
:10800C006D776172652F536F757263652D436F6465
:10801C00652F7372632F636F72655F6C6179657224
:10802C002F73646B2F6E7266352F6E5246355F530D
:10803C00444B5F31372E312E305F646464653536C6
:10804C00302F636F6D706F6E656E74732F626C651D
:10805C002F706565725F6D616E616765722F676108
:10806C0074745F63616368655F6D616E616765728F
:10807C002E630000466C6173682066756C6C2E2054
:10808C00436F756C64206E6F742073746F7265200F
:10809C006461746120666F7220636F6E6E5F6861DD
:1080AC006E646C653A202564000000006773636D94
:1080BC005F6C6F63616C5F64625F63616368655F73
:1080CC0075706461746528292072657475726E65AB
:1080DC006420257320666F7220636F6E6E5F68611B
:1080EC006E646C653A202564000000006773636D54
:1080FC005F736572766963655F6368616E676564FB
:10810C005F696E645F73656E64282920726574758F
:10811C00726E656420257320666F7220636F6E6EBD
:10812C005F68616E646C653A20256400434152209F
:10813C00636861722076616C756520636F756C6421
:10814C006E27742062652073746F726564202865D5
:10815C0072726F723A202573292E205265617474E5
:10816C00656D70742077696C6C2068617070656ED9
:10817C00206F6E20746865206E65787420636F6E56
:10818C006E656374696F6E2E00000000556E657825
:10819C007065637465642047415454207374617432
:1081AC007573207768696C652067657474696E6790
:1081BC002043415220636861722076616C75653A88
:1081CC0020307825780000004D756C7469706C65F2
:1081DC002028256429204341522063686172616321
:1081EC0074657269737469637320666F756E642C41
:1081FC00207573696E672074686520666972737484
:10820C002E000000556E65787065637465642043BC
:10821C004152206368617261637465726973746939
:10822C00632076616C7565206C656E6774682028B8
:10823C002564292C2073746F726520302E00000089
:10824C00706565725F6D616E616765725F67636DA6
:10825C00000000007064735F706565725F64617428
:10826C00615F73746F726528292072657475726E04
:10827C006564202573207768696C652073746F7250
:10828C00696E672073657276696365206368616ED9
:10829C00676564737461746520666F7220706565C0
:1082AC00722069642025642E000000007064625FF7
:1082BC00706565725F646174615F7074725F67652D
:1082CC007428292072657475726E6564202573207C
:1082DC00666F7220636F6E6E5F68616E646C653A78
:1082EC002025640044696420616E6F746865722097
:1082FC00746872656164206D616E6970756C61740F
:10830C006520504D5F504545525F444154415F4993
:10831C00445F474154545F4C4F43414C20666F724D
:10832C0020706565725F6964202564206174207417
:10833C0068652073616D652074696D653F2070649C
:10834C00625F77726974655F6275665F72656C6592
:10835C0061736528292072657475726E65642025B9
:10836C00732E000073645F626C655F676174747375
:10837C005F7379735F617474725F736574282920FD
:10838C0072657475726E6564204E52465F4552522A
:10839C004F525F494E56414C49445F444154412031
:1083AC00666F72204E554C4C20706F696E746572FE
:1083BC002077686963682073686F756C64206E65DC
:1083CC007665722068617070656E2E20636F6E6EBC
:1083DC005F68616E646C653A2025640073645F624B
:1083EC006C655F67617474735F696E697469616CE5
:1083FC005F757365725F68616E646C655F676574E9
:10840C0028292072657475726E6564202573207737
:10841C00686963682073686F756C64206E6F742074
:10842C0068617070656E2E00706565725F6D616E4F
:10843C00616765725F6773636D00000070656572DC
:10844C005F6D616E616765725F696D006E72665F0C
:10845C00626C655F6761747400000000424C455F9C
:10846C004741505F5343414E5F54494D454F55541E
:10847C0000000000436F6E6E656374696E670000E8
:10848C00436F6E6E656374696F6E2073746174757F
:10849C00733A20256400000073645F626C655F674B
:1084AC0061705F7363616E5F737461727420726567
:1084BC007475726E65642030782578005363616E34
:1084CC006E696E6700000000626C655F7363616EBD
:1084DC0000000000436F756C64206E6F742064653F
:1084EC006C657465207065657220646174612E2002
:1084FC006664735F66696C655F64656C657465283A
:10850C00292072657475726E656420307825782028
:10851C00666F7220706565725F69643A202564002D
:10852C00436F756C64206E6F74207772697465206C
:10853C006461746120746F20666C6173682E2066B0
:10854C0064735F7265636F72645F7B777269746565
:10855C007C7570646174657D2829207265747572F0
:10856C006E656420307825782E20706565725F69A1
:10857C00643A202564000000706565725F6D616E61
:10858C00616765725F70647300000000706D5F62FC
:10859C0075666665725F7074725F676574282920F2
:1085AC00636F756C64206E6F74207265747269658C
:1085BC0076652052414D206275666665722E20628A
:1085CC006C6F636B5F69643A202564007064735F41
:1085DC00706565725F646174615F73746F72652836
:1085EC00292072657475726E65642025732E207057
:1085FC006565725F69643A2025640000536F6D6590
:10860C002070656572206461746120776173206EDF
:10861C006F742070726F7065726C792077726974E8
:10862C0074656E20746F20666C6173682E2077728F
:10863C006974655F6275665F73746F726528292053
:10864C0072657475726E656420257320666F722076
:10865C00706565725F69643A2025640043616E6ED3
:10866C006F742073746F7265206461746120746F11
:10867C0020666C6173682062656361757365207038
:10868C006D5F6275666665725F7074725F67657444
:10869C00282920636F756C64206E6F74207265746A
:1086AC0072696576652052414D2062756666657209
:1086BC002E20497320626C6F636B5F6964202564A4
:1086CC00206E6F7420616C6C6F63617465643F0025
:1086DC007064625F77726974655F6275665F7265FC
:1086EC006C6561736528292072657475726E65649A
:1086FC002025732077686963682073686F756C64D4
:10870C00206E6F742068617070656E2E20706565C8
:10871C00725F69643A2025642C20646174615F691E
:10872C00643A20256400000050656572204944209D
:10873C00256420776173206E6F742070726F706582
:10874C00726C792072656C65617365642E2070643F
:10875C00735F706565725F69645F66726565282911
:10876C002072657475726E65642025732E20706599
:10877C0065725F69643A202564000000706565725B
:10878C005F6D616E616765725F706462000000000E
:10879C00436F756C64206E6F7420726574726569BA
:1087AC0076652072616E6B732E207064625F7065EB
:1087BC0065725F646174615F6C6F616428292072FB
:1087CC00657475726E65642025732E2070656572F4
:1087DC005F69643A20256400706565725F6D616E37
:1087EC00616765720000000055706461746500007B
:1087FC0044656C65746500004F75746461746564E0
:10880C0020283029000000005365727669636520CA
:10881C006368616E6765642070656E64696E67205D
:10882C00666C6167000000004F7574646174656468
:10883C0020283229000000004F757464617465644F
:10884C0020283329000000004170706C696361744A
:10885C00696F6E20646174610000000052656D6F79
:10886C007465206461746162617365005065657242
:10887C002072616E6B000000426F6E64696E67203F
:10888C0064617461000000004C6F63616C20646172
:10889C00746162617365000043656E7472616C2073
:1088AC0061646472657373207265736F6C7574693F
:1088BC006F6E0000456E6372797074696F6E0000A4
:1088CC00426F6E64696E670050616972696E670011
:1088DC00496E76616C696420526F6C650000000013
:1088EC005065726970686572616C000043656E74E6
:1088FC0072616C00706565725F6D616E6167657247
:10890C005F68616E646C657200000000496E74658E
:10891C00726E616C206572726F723A2025732072D0
:10892C0065636569766564204E554C4C20666F72A4
:10893C0020705F7365635F6B65797365742E0000DF
:10894C00436F756C64206E6F742072657472696508
:10895C0076652052414D2062756666657220666FA1
:10896C007220696E636F6D696E6720626F6E642E24
:10897C00207064625F77726974655F6275665F67A9
:10898C00657428292072657475726E656420257370
:10899C002E20636F6E6E5F68616E646C653A202585
:1089AC0064000000696D5F626C655F616464725F96
:1089BC0067657428292072657475726E656420254C
:1089CC00732E20636F6E6E5F68616E646C653A2007
:1089DC0025642E204C696E6B20776173206C696B5B
:1089EC00656C7920646973636F6E6E65637465641E
:1089FC002E000000436F756C64206E6F7420636CE6
:108A0C0065616E207570206166746572206661699F
:108A1C006C656420626F6E64696E672070726F6340
:108A2C0065647572652E207064625F777269746517
:108A3C005F6275665F72656C65617365282920726B
:108A4C00657475726E65642025732E20636F6E6E6F
:108A5C005F68616E646C653A2025642E000000002E
:108A6C0073645F626C655F6761705F7365635F6998
:108A7C006E666F5F7265706C7928292072657475EB
:108A8C00726E6564204E52465F45524F525F494E9E
:108A9C0056414C49445F53544154452C20776869E6
:108AAC00636820697320616E6572726F7220756ED7
:108ABC006C65737320746865206C696E6B206973C8
:108ACC0020646973636F6E6E656374696E672E00E4
:108ADC00436F756C64206E6F7420636F6D706C6582
:108AEC00746520656E6372797074696F6E20707234
:108AFC006F6365647572652E2073645F626C655F6D
:108B0C006761705F7365635F696E666F5F726570D6
:108B1C006C7928292072657475726E6564202573D2
:108B2C002E20636F6E6E5F68616E646C653A2025F3
:108B3C00642C20706565725F69643A2025642E0090
:108B4C0052414D2062756666657220666F72206EAA
:108B5C00657720626F6E642077617320756E617625
:108B6C0061696C61626C652E207064625F777269FA
:108B7C0074655F6275665F67657428292072657419
:108B8C0075726E65642025732E20636F6E6E5F6840
:108B9C00616E646C653A2025642E0000436F756C21
:108BAC0064206E6F7420616C6C6F63617465206EF1
:108BBC00657720706565725F696420666F722069E5
:108BCC006E636F6D696E6720626F6E642E000000BD
:108BDC00436F756C64206E6F742073746F726520B4
:108BEC00626F6E642E207064625F77726974655F69
:108BFC006275665F73746F7265282920726574756F
:108C0C00726E65642025732E20636F6E6E5F6861D3
:108C1C006E646C653A2025642C20706565725F6902
:108C2C00643A202564000000706565725F6D616EAA
:108C3C00616765725F736D640000000043616E6E66
:108C4C006F7420736563757265206C696E6B20623E
:108C5C0065636175736520612070726576696F75E7
:108C6C00732073656375726974792070726F6365B4
:108C7C006475726520656E64656420696E20746924
:108C8C006D656F75742E20446973636F6E6E6563CA
:108C9C007420616E642072657472792E20736D6419
:108CAC005F706172616D735F7265706C79282920D9
:108CBC006F7220736D645F6C696E6B5F7365637547
:108CCC00726528292072657475726E6564204E5227
:108CDC00465F4552524F525F54494D454F55542EA5
:108CEC0020636F6E6E5F68616E646C653A202564FC
:108CFC0000000000436F756C64206E6F742070650B
:108D0C0072666F726D207365637572697479207009
:108D1C00726F6365647572652E20736D645F70612C
:108D2C0072616D735F7265706C792829206F722087
:108D3C00736D645F6C696E6B5F73656375726528C8
:108D4C00292072657475726E65642025732E2063FC
:108D5C006F6E6E5F68616E646C653A20256400000E
:108D6C00436F756C64206E6F7420706572666F72E1
:108D7C006D2073656375726974792070726F6365A9
:108D8C00647572652E20736D645F6C696E6B5F73B6
:108D9C00656375726528292072657475726E6564D9
:108DAC002025732E20636F6E6E5F68616E646C6538
:108DBC003A20256400000000706565725F6D616E7D
:108DCC00616765725F736D002F55736572732F61E8
:108DDC006C657862616C6477696E2F4465736B7433
:108DEC006F702F4F70656E4E657276652D4368619E
:108DFC00726765722F4669726D776172652F536F5A
:108E0C00757263652D436F64652F7372632F636F87
:108E1C0072655F6C617965722F73646B2F6E72660D
:108E2C00352F6E5246355F53444B5F31372E312E02
:108E3C00305F646464653536302F696E74656772B3
:108E4C006174696F6E2F6E7266782F6C65676163E3
:108E5C00792F6E72665F6472765F636C6F636B2ED4
:108E6C0063000000636C6F636B0000002E2E2F2ECE
:108E7C002E2F636F72655F6C617965722F73646BF3
:108E8C002F6E7266352F6E5246355F53444B5F31F1
:108E9C00372E312E305F646464653536302F696E41
:108EAC00746567726174696F6E2F6E7266782F6E5F
:108EBC007266785F676C75652E6800002F55736558
:108ECC0072732F616C657862616C6477696E2F4484
:108EDC0065736B746F702F4F70656E4E657276652F
:108EEC002D436861726765722F4669726D77617286
:108EFC00652F536F757263652D436F64652F7372A5
:108F0C00632F636F72655F6C617965722F73646B2D
:108F1C002F6E7266352F6E5246355F53444B5F3160
:108F2C00372E312E305F646464653536302F6D6FAB
:108F3C0064756C65732F6E7266782F6472697665D2
:108F4C0072732F7372632F6E7266785F636C6F63CC
:108F5C006B2E6300434C4F434B0000002F55736541
:108F6C0072732F616C657862616C6477696E2F44E3
:108F7C0065736B746F702F4F70656E4E657276658E
:108F8C002D436861726765722F4669726D776172E5
:108F9C00652F536F757263652D436F64652F737204
:108FAC00632F636F72655F6C617965722F73646B8D
:108FBC002F6E7266352F6E5246355F53444B5F31C0
:108FCC00372E312E305F646464653536302F6D6F0B
:108FDC0064756C65732F6E7266782F647269766532
:108FEC0072732F7372632F6E7266785F6770696F1E
:108FFC0074652E63000000004750494F5445000033
:10900C00505049002F55736572732F616C657862EF
:10901C00616C6477696E2F4465736B746F702F4F3E
:10902C0070656E4E657276652D4368617267657208
:10903C002F4669726D776172652F536F7572636518
:10904C002D436F64652F7372632F636F72655F6C52
:10905C00617965722F73646B2F6E7266352F6E5249
:10906C0046355F53444B5F31372E312E305F64648D
:10907C0064653536302F6D6F64756C65732F6E7249
:10908C0066782F647269766572732F7372632F70B2
:10909C0072732F6E7266785F7072732E63000000AD
:1090AC00505253002E2E2F2E2E2F636F72655F6C35
:1090BC00617965722F73646B2F6E7266352F6E52E9
:1090CC0046355F53444B5F31372E312E305F64642D
:1090DC0064653536302F6D6F64756C65732F6E72E9
:1090EC0066782F68616C2F6E72665F70776D2E6874
:1090FC00000000002F55736572732F616C657862E8
:10910C00616C6477696E2F4465736B746F702F4F4D
:10911C0070656E4E657276652D4368617267657217
:10912C002F4669726D776172652F536F7572636527
:10913C002D436F64652F7372632F636F72655F6C61
:10914C00617965722F73646B2F6E7266352F6E5258
:10915C0046355F53444B5F31372E312E305F64649C
:10916C0064653536302F6D6F64756C65732F6E7258
:10917C0066782F647269766572732F7372632F6EC3
:10918C007266785F70776D2E6300000050574D004B
:10919C002F55736572732F616C657862616C64779F
:1091AC00696E2F4465736B746F702F4F70656E4EC4
:1091BC00657276652D436861726765722F466972B8
:1091CC006D776172652F536F757263652D436F6494
:1091DC00652F7372632F636F72655F6C6179657253
:1091EC002F73646B2F6E7266352F6E5246355F533C
:1091FC00444B5F31372E312E305F646464653536F5
:10920C00302F6D6F64756C65732F6E7266782F647A
:10921C007269766572732F7372632F6E7266785FE4
:10922C0073616164632E63002E2E2F2E2E2F636FBD
:10923C0072655F6C617965722F73646B2F6E7266E9
:10924C00352F6E5246355F53444B5F31372E312EDE
:10925C00305F646464653536302F6D6F64756C6592
:10926C00732F6E7266782F68616C2F6E72665F73E7
:10927C00616164632E680000534141444300000067
:10928C002F55736572732F616C657862616C6477AE
:10929C00696E2F4465736B746F702F4F70656E4ED3
:1092AC00657276652D436861726765722F466972C7
:1092BC006D776172652F536F757263652D436F64A3
:1092CC00652F7372632F636F72655F6C6179657262
:1092DC002F73646B2F6E7266352F6E5246355F534B
:1092EC00444B5F31372E312E305F64646465353604
:1092FC00302F6D6F64756C65732F6E7266782F648A
:10930C007269766572732F7372632F6E7266785FF3
:10931C007370696D2E6300005350494D00000000BE
:10932C0054494D4552000000554152540000000074
:10933C0055415254450000006170705F6275747441
:10934C006F6E0000534F46544445564943453A20EE
:10935C00415353455254494F4E204641494C454484
:10936C0000000000534F46544445564943453A20AB
:10937C00494E56414C4944204D454D4F5259204180
:10938C004343455353000000415353455254494FF6
:10939C004E204641494C45442061742025733A25A2
:1093AC00750000004552524F52202575205B2573E5
:1093BC005D2061742025733A25750D0A5043206198
:1093CC00743A20307825303878000000456E6420DF
:1093DC006F66206572726F72207265706F727400A6
:1093EC00554E4B4E4F574E204641554C54206174B0
:1093FC0020307825303858002F55736572732F61E3
:10940C006C657862616C6477696E2F4465736B74FC
:10941C006F702F4F70656E4E657276652D43686167
:10942C00726765722F4669726D776172652F536F23
:10943C00757263652D436F64652F7372632F636F51
:10944C0072655F6C617965722F73646B2F6E7266D7
:10945C00352F6E5246355F53444B5F31372E312ECC
:10946C00305F646464653536302F636F6D706F6E7A
:10947C00656E74732F6C69627261726965732F7596
:10948C0074696C2F6170705F7574696C5F706C615E
:10949C0074666F726D2E63002F55736572732F6136
:1094AC006C657862616C6477696E2F4465736B745C
:1094BC006F702F4F70656E4E657276652D436861C7
:1094CC00726765722F4669726D776172652F536F83
:1094DC00757263652D436F64652F7372632F636FB1
:1094EC0072655F6C617965722F73646B2F6E726637
:1094FC00352F6E5246355F53444B5F31372E312E2C
:10950C00305F646464653536302F636F6D706F6ED9
:10951C00656E74732F6C69627261726965732F6604
:10952C0064732F6664732E6300000000484152443C
:10953C00204641554C5420617420307825303858E1
:10954C0000000000202052303A202030782530389E
:10955C0058202052313A202030782530385820209D
:10956C0052323A2020307825303858202052333A65
:10957C00202030782530385800000000202052314F
:10958C00323A2030782530385820204C523A20205E
:10959C0030782530385820205053523A20307825D6
:1095AC0030385800537461636B2076696F6C61744A
:1095BC00696F6E3A20737461636B20706F696E749F
:1095CC006572206F75747369646520737461636B65
:1095DC0020617265612E000043617573653A20420B
:1095EC0075734661756C74206F6E206120766563AF
:1095FC00746F72207461626C6520726561642064A2
:10960C007572696E6720657863657074696F6E201A
:10961C0070726F63657373696E672E004361757347
:10962C00653A2025732E00004D656D4D616E6167A6
:10963C0065204661756C7420416464726573733A7D
:10964C002030782530385800427573204661756C8F
:10965C007420416464726573733A20307825303815
:10966C00580000005468652070726F636573736FE7
:10967C00722068617320617474656D707465642008
:10968C00746F206578656375746520616E20756EE6
:10969C00646566696E656420696E73747275637453
:1096AC00696F6E005468652070726F636573736FB9
:1096BC007220617474656D707465642061206C6FC8
:1096CC006164206F722073746F7265206174206105
:1096DC00206C6F636174696F6E20746861742064B0
:1096EC006F6573206E6F74207065726D6974207471
:1096FC006865206F7065726174696F6E00000000A0
:10970C00556E737461636B20666F7220616E206599
:10971C007863657074696F6E2072657475726E20F3
:10972C0068617320636175736564206F6E65206F6B
:10973C0072206D6F72652061636365737320766947
:10974C006F6C6174696F6E73000000005374616319
:10975C006B696E6720666F7220616E206578636539
:10976C007074696F6E20656E7472792068617320F5
:10977C00636175736564206F6E65206F72206D6F09
:10978C007265206163636573732076696F6C6174B5
:10979C00696F6E730000000041204D656D4D616E68
:1097AC00616765206661756C74206F636375727296
:1097BC00656420647572696E6720666C6F6174698C
:1097CC006E672D706F696E74206C617A792073747A
:1097DC0061746520707265736572766174696F6E01
:1097EC0000000000496E737472756374696F6E20AB
:1097FC00627573206572726F72000000446174614F
:10980C0020627573206572726F7220285043207627
:10981C00616C756520737461636B656420666F722F
:10982C002074686520657863657074696F6E20724A
:10983C00657475726E20706F696E747320746F200E
:10984C0074686520696E737472756374696F6E20C9
:10985C007468617420636175736564207468652035
:10986C006661756C742900004461746120627573C3
:10987C00206572726F72202872657475726E206129
:10988C0064647265737320696E20746865207374E8
:10989C0061636B206672616D65206973206E6F74F5
:1098AC002072656C6174656420746F207468652027
:1098BC00696E737472756374696F6E207468617409
:1098CC002063617573656420746865206572726FBE
:1098DC0072290000556E737461636B20666F722081
:1098EC00616E20657863657074696F6E2072657443
:1098FC0075726E2068617320636175736564206F87
:10990C006E65206F72206D6F7265204275734661B3
:10991C00756C747300000000537461636B696E673F
:10992C0020666F7220616E20657863657074696F54
:10993C006E20656E74727920686173206361757333
:10994C006564206F6E65206F72206D6F72652042AA
:10995C0075734661756C747300000000412062756C
:10996C0073206661756C74206F63637572726564C5
:10997C0020647572696E6720666C6F6174696E67BE
:10998C002D706F696E74206C617A792073746174B8
:10999C006520707265736572766174696F6E000014
:1099AC005468652070726F636573736F72206861A1
:1099BC007320617474656D7074656420746F2065B8
:1099CC0078656375746520616E20696E7374727549
:1099DC006374696F6E2074686174206D616B65735C
:1099EC0020696C6C6567616C20757365206F6620EF
:1099FC00746865204550535200000000546865207F
:109A0C0070726F636573736F722068617320617419
:109A1C0074656D7074656420616E20696C6C65672B
:109A2C00616C206C6F6164206F66204558435F52F7
:109A3C00455455524E20746F207468652050432C49
:109A4C00206173206120726573756C74206F6620C1
:109A5C00616E20696E76616C696420636F6E7465EB
:109A6C0078742C206F7220616E20696E76616C693F
:109A7C0064204558435F52455455524E2076616CD4
:109A8C00756500005468652070726F636573736F41
:109A9C00722068617320617474656D7074656420E4
:109AAC00746F20616363657373206120636F7072E0
:109ABC006F636573736F72005468652070726F63A7
:109ACC006573736F7220686173206D6164652061CA
:109ADC006E20756E616C69676E6564206D656D6F67
:109AEC0072792061636365737300000054686520AC
:109AFC0070726F636573736F722068617320657821
:109B0C0065637574656420616E2053444956206FFB
:109B1C0072205544495620696E737472756374696A
:109B2C006F6E207769746820612064697669736F41
:109B3C0072206F6620300000686172646661756C1B
:109B4C00740000002F55736572732F616C65786219
:109B5C00616C6477696E2F4465736B746F702F4FF3
:109B6C0070656E4E657276652D43686172676572BD
:109B7C002F4669726D776172652F536F75726365CD
:109B8C002D436F64652F7372632F636F72655F6C07
:109B9C00617965722F73646B2F6E7266352F6E52FE
:109BAC0046355F53444B5F31372E312E305F646442
:109BBC0064653536302F636F6D706F6E656E7473C0
:109BCC002F6C69627261726965732F62616C6C6F64
:109BDC00632F6E72665F62616C6C6F632E63000044
:109BEC002F55736572732F616C657862616C647745
:109BFC00696E2F4465736B746F702F4F70656E4E6A
:109C0C00657276652D436861726765722F4669725D
:109C1C006D776172652F536F757263652D436F6439
:109C2C00652F7372632F636F72655F6C61796572F8
:109C3C002F73646B2F6E7266352F6E5246355F53E1
:109C4C00444B5F31372E312E305F6464646535369A
:109C5C00302F65787465726E616C2F667072696EE8
:109C6C0074662F6E72665F667072696E74662E63B0
:109C7C00000000002F55736572732F616C6578625C
:109C8C00616C6477696E2F4465736B746F702F4FC2
:109C9C0070656E4E657276652D436861726765728C
:109CAC002F4669726D776172652F536F757263659C
:109CBC002D436F64652F7372632F636F72655F6CD6
:109CCC00617965722F73646B2F6E7266352F6E52CD
:109CDC0046355F53444B5F31372E312E305F646411
:109CEC0064653536302F65787465726E616C2F66DD
:109CFC007072696E74662F6E72665F667072696ED2
:109D0C0074665F666F726D61742E6300705F66734C
:109D1C0000000000257320636865636B2066616931
:109D2C006C656420696E2025732829207769746816
:109D3C002076616C756520307825782E0000000047
:109D4C00705F617069000000705F66732D3E705F1C
:109D5C0061706900705F6465737400006C656E00FF
:109D6C00616464725F69735F616C69676E656433AB
:109D7C003228737263290000616464725F69735FD7
:109D8C0077697468696E5F626F756E647328705F53
:109D9C0066732C207372632C206C656E2900000096
:109DAC00705F73726300000021286C656E202520A3
:109DBC00705F66732D3E705F666C6173685F696E71
:109DCC00666F2D3E70726F6772616D5F756E697430
:109DDC0029000000616464725F69735F616C69677C
:109DEC006E6564333228646573742900616464722F
:109DFC005F69735F616C69676E65643332282875BF
:109E0C00696E7433325F7429705F7372632900005A
:109E1C00616464725F69735F77697468696E5F62AD
:109E2C006F756E647328705F66732C206465737431
:109E3C002C206C656E290000616464725F69735F2D
:109E4C00706167655F616C69676E656428705F66D9
:109E5C00732C20706167655F616464722900000077
:109E6C00616464725F69735F77697468696E5F625D
:109E7C006F756E647328705F66732C2070616765F4
:109E8C005F616464722C20286C656E202A20705FE0
:109E9C0066732D3E705F666C6173685F696E666F8A
:109EAC002D3E65726173655F756E697429290000BA
:109EBC006E72665F6673746F726167650000000096
:109ECC002F55736572732F616C657862616C647762
:109EDC00696E2F4465736B746F702F4F70656E4E87
:109EEC00657276652D436861726765722F4669727B
:109EFC006D776172652F536F757263652D436F6457
:109F0C00652F7372632F636F72655F6C6179657215
:109F1C002F73646B2F6E7266352F6E5246355F53FE
:109F2C00444B5F31372E312E305F646464653536B7
:109F3C00302F636F6D706F6E656E74732F6C69620A
:109F4C007261726965732F6D656D6F626A2F6E72C7
:109F5C00665F6D656D6F626A2E6300002F557365C9
:109F6C0072732F616C657862616C6477696E2F44D3
:109F7C0065736B746F702F4F70656E4E657276657E
:109F8C002D436861726765722F4669726D776172D5
:109F9C00652F536F757263652D436F64652F7372F4
:109FAC00632F636F72655F6C617965722F73646B7D
:109FBC002F6E7266352F6E5246355F53444B5F31B0
:109FCC00372E312E305F646464653536302F636F05
:109FDC006D706F6E656E74732F6C696272617269ED
:109FEC0065732F6578706572696D656E74616C5FF1
:109FFC0073656374696F6E5F766172732F6E7266D0
:10A00C005F73656374696F6E5F697465722E63004C
:10A01C004E52465F53554343455353004E52465F91
:10A02C004552524F525F5356435F48414E444C4544
:10A03C00525F4D495353494E470000004E52465F04
:10A04C004552524F525F534F46544445564943452F
:10A05C005F4E4F545F454E41424C4544000000005A
:10A06C004E52465F4552524F525F494E5445524EE6
:10A07C00414C00004E52465F4552524F525F4E4F7C
:10A08C005F4D454D000000004E52465F4552524F09
:10A09C00525F4E4F545F464F554E44004E52465FF2
:10A0AC004552524F525F4E4F545F535550504F5282
:10A0BC00544544004E52465F4552524F525F494EF2
:10A0CC0056414C49445F504152414D004E52465FFF
:10A0DC004552524F525F494E56414C49445F53547E
:10A0EC00415445004E52465F4552524F525F494EC5
:10A0FC0056414C49445F4C454E47544800000000C3
:10A10C004E52465F4552524F525F494E56414C4952
:10A11C00445F464C414753004E52465F4552524FA6
:10A12C00525F494E56414C49445F444154410000F2
:10A13C004E52465F4552524F525F444154415F5319
:10A14C00495A45004E52465F4552524F525F544950
:10A15C004D454F55540000004E52465F4552524FEC
:10A16C00525F4E554C4C00004E52465F4552524F7A
:10A17C00525F464F5242494444454E004E52465F50
:10A18C004552524F525F494E56414C49445F4144EF
:10A19C00445200004E52465F4552524F525F425558
:10A1AC00535900004E52465F4552524F525F434F37
:10A1BC004E4E5F434F554E54000000004E52465FCA
:10A1CC004552524F525F5245534F555243455300DF
:10A1DC004E52465F4552524F525F4D4F44554C457F
:10A1EC005F4E4F545F494E495449414C495A45447E
:10A1FC00000000004E52465F4552524F525F4D5583
:10A20C005445585F494E49545F4641494C454400BA
:10A21C004E52465F4552524F525F4D555445585F12
:10A22C004C4F434B5F4641494C4544004E52465FB0
:10A23C004552524F525F4D555445585F554E4C4FF9
:10A24C00434B5F4641494C45440000004E52465F2B
:10A25C004552524F525F4D555445585F434F4E44F3
:10A26C005F494E49545F4641494C4544000000004B
:10A27C004E52465F4552524F525F4D4F44554C45DE
:10A28C005F414C52454144595F494E495449414CF8
:10A29C00495A4544000000004E52465F4552524F09
:10A2AC00525F53544F524147455F46554C4C00004A
:10A2BC004E52465F4552524F525F4150495F4E4F8E
:10A2CC00545F494D504C454D454E5445440000009B
:10A2DC004E52465F4552524F525F4645415455527D
:10A2EC00455F4E4F545F454E41424C454400000083
:10A2FC004E52465F4552524F525F494F5F50454E4A
:10A30C0044494E47000000004E52465F4552524FA2
:10A31C00525F4452565F5457495F4552525F4F56F5
:10A32C00455252554E0000004E52465F4552524F18
:10A33C00525F4452565F5457495F4552525F414EEB
:10A34C0041434B004E52465F4552524F525F44526E
:10A35C00565F5457495F4552525F444E41434B0040
:10A36C004E52465F4552524F525F424C455F4950E8
:10A37C0053505F52585F504B545F5452554E4341AB
:10A38C00544544004E52465F4552524F525F424C28
:10A39C00455F495053505F4348414E4E454C5F41D9
:10A3AC004C52454144595F455849535453000000A1
:10A3BC004E52465F4552524F525F424C455F495098
:10A3CC0053505F4C494E4B5F444953434F4E4E459F
:10A3DC0043544544000000004E52465F4552524FD4
:10A3EC00525F424C455F495053505F504545525F58
:10A3FC0052454A4543544544000000002F557365AF
:10A40C0072732F616C657862616C6477696E2F442E
:10A41C0065736B746F702F4F70656E4E65727665D9
:10A42C002D436861726765722F4669726D77617230
:10A43C00652F536F757263652D436F64652F73724F
:10A44C00632F636F72655F6C617965722F73646BD8
:10A45C002F6E7266352F6E5246355F53444B5F310B
:10A46C00372E312E305F646464653536302F636F60
:10A47C006D706F6E656E74732F6C69627261726948
:10A48C0065732F6C6F672F7372632F6E72665F6CC0
:10A49C006F675F64656661756C745F6261636B6541
:10A4AC006E64732E630000007274745F6C6F675F70
:10A4BC006261636B656E64002F55736572732F61F7
:10A4CC006C657862616C6477696E2F4465736B742C
:10A4DC006F702F4F70656E4E657276652D43686197
:10A4EC00726765722F4669726D776172652F536F53
:10A4FC00757263652D436F64652F7372632F636F81
:10A50C0072655F6C617965722F73646B2F6E726606
:10A51C00352F6E5246355F53444B5F31372E312EFB
:10A52C00305F646464653536302F636F6D706F6EA9
:10A53C00656E74732F6C69627261726965732F6CCE
:10A54C006F672F7372632F6E72665F6C6F675F66D7
:10A55C00726F6E74656E642E630000004261636BF3
:10A56C00656E647320666C7573686564000000002A
:10A57C00617070001B5B313B33316D0025734C6F88
:10A58C0067732064726F70706564202825642925B8
:10A59C00730D0A001B5B306D00000000257300007A
:10A5AC003C25733E2025733A2000000020253032D4
:10A5BC0078000000202020007C00000025630000B3
:10A5CC00200000001B5B313B33306D001B5B313BCB
:10A5DC0033326D001B5B313B33336D001B5B313B06
:10A5EC0033346D001B5B313B33356D001B5B313BF2
:10A5FC0033366D001B5B313B33376D007761726E08
:10A60C00696E6700696E666F0000000064656275B4
:10A61C00670000005465726D696E616C000000008B
:10A62C0052545400534547474552000053746174CB
:10A63C006520726571756573743A203078253038F1
:10A64C00580000004E6F74696679206F62736572F2
:10A65C0076657220307825303858203D3E20726562
:10A66C00616479004E6F74696679206F62736572EC
:10A67C0076657220307825303858203D3E20626C4B
:10A68C006F636B696E670000537461746520636857
:10A69C00616E67653A20307825303858000000002C
:10A6AC002F55736572732F616C657862616C64777A
:10A6BC00696E2F4465736B746F702F4F70656E4E9F
:10A6CC00657276652D436861726765722F46697293
:10A6DC006D776172652F536F757263652D436F646F
:10A6EC00652F7372632F636F72655F6C617965722E
:10A6FC002F73646B2F6E7266352F6E5246355F5317
:10A70C00444B5F31372E312E305F646464653536CF
:10A71C00302F636F6D706F6E656E74732F736F6611
:10A72C00746465766963652F636F6D6D6F6E2F6EE4
:10A73C0072665F7364682E63000000006E72665F61
:10A74C00736468002F55736572732F616C65786242
:10A75C00616C6477696E2F4465736B746F702F4FE7
:10A76C0070656E4E657276652D43686172676572B1
:10A77C002F4669726D776172652F536F75726365C1
:10A78C002D436F64652F7372632F636F72655F6CFB
:10A79C00617965722F73646B2F6E7266352F6E52F2
:10A7AC0046355F53444B5F31372E312E305F646436
:10A7BC0064653536302F636F6D706F6E656E7473B4
:10A7CC002F736F66746465766963652F636F6D6D47
:10A7DC006F6E2F6E72665F7364685F626C652E635A
:10A7EC000000000073645F626C655F6366675F7393
:10A7FC00657428292072657475726E6564202573E2
:10A80C00207768656E20617474656D7074696E670D
:10A81C0020746F2073657420424C455F434F4E4E3D
:10A82C005F4346475F4741502E00000073645F62F0
:10A83C006C655F6366675F73657428292072657445
:10A84C0075726E6564202573207768656E2061745F
:10A85C0074656D7074696E6720746F2073657420F5
:10A86C00424C455F4741505F4346475F524F4C4512
:10A87C005F434F554E542E0073645F626C655F638B
:10A88C0066675F73657428292072657475726E65CE
:10A89C0064202573207768656E20617474656D7013
:10A8AC0074696E6720746F2073657420424C455F29
:10A8BC00434F4E4E5F4346475F474154542E000072
:10A8CC0073645F626C655F6366675F736574282988
:10A8DC002072657475726E656420257320776865C7
:10A8EC006E20617474656D7074696E6720746F206E
:10A8FC0073657420424C455F434F4D4D4F4E5F4343
:10A90C0046475F56535F555549442E0073645F624A
:10A91C006C655F6366675F73657428292072657464
:10A92C0075726E6564202573207768656E2061747E
:10A93C0074656D7074696E6720746F207365742014
:10A94C00424C455F47415454535F4346475F415423
:10A95C0054525F5441425F53495A452E0000000047
:10A96C0073645F626C655F6366675F7365742829E7
:10A97C002072657475726E65642025732077686526
:10A98C006E20617474656D7074696E6720746F20CD
:10A99C0073657420424C455F47415454535F4346A2
:10A9AC00475F534552564943455F4348414E4745DF
:10A9BC00442E0000496E73756666696369656E7432
:10A9CC002052414D20616C6C6F636174656420662C
:10A9DC006F722074686520536F6674446576696382
:10A9EC00652E00004368616E6765207468652052AF
:10A9FC00414D207374617274206C6F636174696F64
:10AA0C006E2066726F6D203078257820746F203040
:10AA1C007825782E000000004D6178696D756D20E9
:10AA2C0052414D2073697A6520666F722061707097
:10AA3C006C69636174696F6E206973203078257856
:10AA4C002E00000073645F626C655F656E61626C02
:10AA5C006528292072657475726E65642025732EC5
:10AA6C00000000006E72665F7364685F626C650064
:10AA7C00536F43206576656E743A20307825782EB6
:10AA8C00000000002F55736572732F616C6578623E
:10AA9C00616C6477696E2F4465736B746F702F4FA4
:10AAAC0070656E4E657276652D436861726765726E
:10AABC002F4669726D776172652F536F757263657E
:10AACC002D436F64652F7372632F636F72655F6CB8
:10AADC00617965722F73646B2F6E7266352F6E52AF
:10AAEC0046355F53444B5F31372E312E305F6464F3
:10AAFC0064653536302F636F6D706F6E656E747371
:10AB0C002F736F66746465766963652F636F6D6D03
:10AB1C006F6E2F6E72665F7364685F736F632E6304
:10AB2C00000000006E72665F7364685F736F630091
:10AB3C00426C6553746174654D616368696E650040
:10AB4C00426C6549646C650054696D656F75742061
:10AB5C0074696D657220657870697265642E000089
:10AB6C00426C6554696D656F757454696D657200DE
:10AB7C005374617274696E672074696D656F757456
:10AB8C002074696D65722E0053746F7070696E67F6
:10AB9C002074696D656F75742074696D65722E0013
:10ABAC0053746F7070696E67207363616E2E000052
:10ABBC005363616E2074696D6564206F75742E002B
:10ABCC0046696C746572206D617463682E000000B8
:10ABDC0057686974656C697374206164762072655A
:10ABEC00706F72742E000000426C6553756273793D
:10ABFC0074656D3A20496E697469616C697A656433
:10AC0C00200A0000426C6500504D4320537461745F
:10AC1C0065204D616368696E653A204368617267AF
:10AC2C00696E67204261747465727920456E747226
:10AC3C00790A0000504D43205374617465204D61B6
:10AC4C006368696E653A5374617465204368617218
:10AC5C0067696E6720426174746572792044697308
:10AC6C0070617463684576656E740A00504D4320BC
:10AC7C005374617465204D616368696E653A20494F
:10AC8C006E76616C6964204576656E740A0000000E
:10AC9C00504D43205374617465204D616368696E37
:10ACAC00653A2050696E6720506F72740A0000007C
:10ACBC00504D43205374617465204D616368696E17
:10ACCC0065204368617267696E67204261747465C0
:10ACDC0072792073746174653A2042617474657280
:10ACEC0079205374617274204368617267696E676E
:10ACFC000A000000504D43205374617465204D616F
:10AD0C006368696E65204368617267696E6720428B
:10AD1C006174746572792073746174653A20426150
:10AD2C0074746572792046756C6C20436861726727
:10AD3C0065640A00504D43205374617465204D6165
:10AD4C006368696E65204368617267696E6720424B
:10AD5C006174746572792073746174653A20426110
:10AD6C007474657279204368617267696E670A0052
:10AD7C00504D43205374617465204D616368696E56
:10AD8C0065204368617267696E67204261747465FF
:10AD9C0072792073746174653A20426174746572BF
:10ADAC00792050726573656E7420496E64696361B5
:10ADBC00746F720A00000000504D4320537461748C
:10ADCC0065204D616368696E6520436861726769CF
:10ADDC006E67204261747465727920737461746556
:10ADEC003A20504D43204661756C7420436F6E645D
:10ADFC006974696F6E0A00002F55736572732F6149
:10AE0C006C657862616C6477696E2F4465736B74E2
:10AE1C006F702F4F70656E4E657276652D4368614D
:10AE2C00726765722F4669726D776172652F536F09
:10AE3C00757263652D436F64652F7372632F736531
:10AE4C0072766963655F6C617965722F706D632FC3
:10AE5C0073746174655F6D616368696E652F737679
:10AE6C00635F706D635F73746174655F6368617257
:10AE7C0067696E675F626174746572792E63707056
:10AE8C0000000000504D43205374617465204D61E7
:10AE9C006368696E653A204368617267696E672002
:10AEAC004261747465727920457869740A000000F7
:10AEBC00504D43205374617465204D616368696E15
:10AECC00653A20456E61626C6520456E7472790A34
:10AEDC0000000000504D43205374617465204D6197
:10AEEC006368696E653A5374617465456E61626C32
:10AEFC00652044697370617463684576656E740A85
:10AF0C0000000000504D43205374617465204D6166
:10AF1C006368696E6520456E61626C65207374614F
:10AF2C0074653A20504D43204661756C7420436F14
:10AF3C006E646974696F6E0A000000002F557365AA
:10AF4C0072732F616C657862616C6477696E2F44E3
:10AF5C0065736B746F702F4F70656E4E657276658E
:10AF6C002D436861726765722F4669726D776172E5
:10AF7C00652F536F757263652D436F64652F737204
:10AF8C00632F736572766963655F6C617965722F87
:10AF9C00706D632F73746174655F6D616368696E46
:10AFAC00652F7376635F706D635F73746174655F37
:10AFBC00656E61626C652E6370700000504D4320AD
:10AFCC005374617465204D616368696E653A204500
:10AFDC006E61626C6520457869740A00504D43209F
:10AFEC005374617465204D616368696E653A2049DC
:10AFFC00646C6520456E7472790A0000504D4320D4
:10B00C005374617465204D616368696E653A2049BB
:10B01C00646C6520457869740A000000504D43202B
:10B02C005374617465204D616368696E653A20499B
:10B03C00646C652044697370617463684576656EF1
:10B04C00740A0000504D43205374617465204D61A7
:10B05C006368696E653A20496E697469616C697AD6
:10B06C00650A00002F55736572732F616C657862E9
:10B07C00616C6477696E2F4465736B746F702F4FBE
:10B08C0070656E4E657276652D4368617267657288
:10B09C002F4669726D776172652F536F7572636598
:10B0AC002D436F64652F7372632F736572766963BA
:10B0BC00655F6C617965722F706D632F7374617449
:10B0CC00655F6D616368696E652F7376635F706D24
:10B0DC00635F73746174655F69646C652E63707013
:10B0EC0000000000504D430049646C6500000000F6
:10B0FC00456E61626C6500004368617267696E67DA
:10B10C00204261747465727900000000504D432038
:10B11C004D616E616765723A20436F6E6669674771
:10B12C0070696F730A000000504D43204D616E61D1
:10B13C006765723A20496E69740A0000504D4320CD
:10B14C004D616E616765723A20456E61626C655641
:10B15C006363526567756C61746F720A000000005E
:10B16C00504D43204D616E616765723A204469739E
:10B17C0061626C65566363526567756C61746F725E
:10B18C000A000000504D43204D616E616765723AB4
:10B19C0020456E61626C65426174746572794368B6
:10B1AC0061726765720A0000504D43204D616E61FB
:10B1BC006765723A2044697361626C6542617474AC
:10B1CC00657279436861726765720A00504D43205D
:10B1DC004D616E616765723A2047657442617474A3
:10B1EC00657279566F6C746167650A00504D432027
:10B1FC004D616E616765723A20526561644261749B
:10B20C0074657279436861726765725072657365B3
:10B21C006E74496E64696361746F720A0000000099
:10B22C00504D43204D616E616765723A20526561E5
:10B23C006442617474657279436861726765496EC2
:10B24C0064696361746F7250696E0A00504D4320DB
:10B25C004D616E616765723A20526561644261743A
:10B26C007465727946617374436861726765496E7F
:10B27C0064696361746F720A00000000504D4320D2
:10B28C00506F72743A2045786563757465457665C0
:10B29C006E740A00446267436F6E736F6C650000D6
:10B2AC003D3D3D3D3D3D3D3D3D3D3D3D3D3D3D3DC2
:10B2BC003D3D3D3D3D3D3D3D3D3D3D3D3D3D3D3DB2
:10B2CC003D3D3D3D3D3D3D3D3D3D3D3D3D3D3D3DA2
:10B2DC003D3D3D3D3D0A00005B4D414E55414C5DB1
:10B2EC00204445425547204255494C44202D206D61
:10B2FC00616E75616C20636F6E74726F6C20617619
:10B30C0061696C61626C650A000000005B4D414E26
:10B31C0055414C5D2052756E6E696E67206E6F7272
:10B32C006D616C206175746F6D6174696320636FFE
:10B33C006E74726F6C2E20507265737320276D279C
:10B34C0020746F2074616B65206F7665722E0A0015
:10B35C005B4D414E55414C5D20416C726561647989
:10B36C0020696E206D616E75616C206D6F64650A6D
:10B37C00000000005B4D414E55414C5D204D616E0F
:10B38C0075616C2074616B656F7665722072657186
:10B39C007565737465640A005B4D414E55414C5D97
:10B3AC00204E6F7420696E206D616E75616C206D1E
:10B3BC006F64650A000000005B4D414E55414C5DC9
:10B3CC002045786974207265717565737465640ABB
:10B3DC00000000005B4D414E55414C5D204D616EAF
:10B3EC0075616C20636F6E74726F6C2044495341AD
:10B3FC00424C4544202D20636F696C206F66662C8F
:10B40C00207261696C20646F776E2C206261636BB3
:10B41C0020746F205374617465576169740A00005D
:10B42C005B4D414E55414C5D20507265737320420B
:10B43C007574746F6E203120666F722061206E6F90
:10B44C00726D616C206175746F6D617469632073CA
:10B45C00657373696F6E2E0A000000005B4D414EE0
:10B46C0055414C5D204C6576656C202564206162ED
:10B47C006F7665206D6178696D756D2025642C2063
:10B48C00636C616D70696E670A0000005B4D414E24
:10B49C0055414C5D20505448206C6576656C2025D8
:10B4AC006420282564206D56290A00005B4D414E0E
:10B4BC0055414C5D20416C7265616479206174204A
:10B4CC006D696E696D756D206C6576656C20300AE2
:10B4DC00000000005B4D414E55414C5D20416C72AB
:10B4EC0065616479206174206D6178696D756D207A
:10B4FC006C6576656C2025640A0000005B4D414E3E
:10B50C0055414C5D20436F696C205354415254207B
:10B51C00726571756573746564206174206C6576F1
:10B52C00656C20256420282564206D56290A0000AE
:10B53C005B4D414E55414C5D20436F696C2053541B
:10B54C004F50207265717565737465640A00000054
:10B55C005B4D414E55414C5D20495047206269740A
:10B56C00733A206E6F206164766572746973656DD1
:10B57C00656E74207265636569766564207965749F
:10B58C000A0000005B4D414E55414C5D204950472F
:10B59C0020626974733A2056524543545F444554B3
:10B5AC006E3D25642056524543545F4F56506E3DB8
:10B5BC00256420434847315F4F56505F4552526EC9
:10B5CC003D256420434847325F4F56505F455252E9
:10B5DC006E3D25642050474F4F443D256420434821
:10B5EC0047323D25640A00005B4D414E55414C5D90
:10B5FC00206D2F6E20656E7465722F6578697420CE
:10B60C006D616E75616C202020732F7820636F69DB
:10B61C006C2073746172742F73746F700A00000065
:10B62C005B4D414E55414C5D202B2F2D2073746585
:10B63C007020505448202020202020202020202022
:10B64C0020302D392C612C622C63207365742050B2
:10B65C00544820302D31320A000000005B4D414E21
:10B66C0055414C5D203F202020737461747573200C
:10B67C002020202020202020202020202068202076
:10B68C0020746869732068656C700A005B4D414ECC
:10B69C0055414C5D204D414E55414C20434F4E542D
:10B6AC00524F4C20454E41424C45440A000000008C
:10B6BC005B4D414E55414C5D20416E792063686174
:10B6CC007267696E672073746F707065642E2043A7
:10B6DC006F696C204F464620756E74696C20277319
:10B6EC00272E0A005B4D414E55414C5D2054686538
:10B6FC00726D616C20616E64204F565020617265D2
:10B70C00205741524E2D4F4E4C592E204275747479
:10B71C006F6E20312064697361626C65642E0A005F
:10B72C005B4D414E55414C5D202D2D2D2073746188
:10B73C00747573202D2D2D0A000000004D414E55BF
:10B74C00414C00004155544F000000004F4E00008A
:10B75C004F4646005B4D414E55414C5D206D6F642C
:10B76C00653D257320636F696C3D25732070617591
:10B77C0073655F6D61736B3D307825303258206195
:10B78C0070703D25730A00005B4D414E55414C5D78
:10B79C0020505448206C6576656C3D256420282526
:10B7AC0064206D5629206D61783D25640A000000E7
:10B7BC005B4D414E55414C5D206F76705F63656902
:10B7CC006C696E673D25642070676F6F645F666C93
:10B7DC006F6F723D256420666C6F6F725F666F755C
:10B7EC006E643D2564206164765F636F756E743D95
:10B7FC0025640A005B4D414E55414C5D20646561EA
:10B80C00642D6D616E3A20256420732072656D6124
:10B81C00696E696E670A00005B4D414E55414C5D87
:10B82C002049676E6F72696E672027256327202D6C
:10B83C00206E6F7420696E206D616E75616C206D69
:10B84C006F64652E20507265737320276D272066F8
:10B85C00697273742E0A00005B4D414E55414C5D6C
:10B86C0020556E6B6E6F776E20636F6D6D616E64BD
:10B87C0020272563272E2050726573732027682795
:10B88C0020666F722068656C702E0A005B4D414E0D
:10B89C0055414C5D20446561642D6D616E20636C77
:10B8AC0065617265642E20436F696C207374696CDA
:10B8BC006C206F6666202D20707265737320277361
:10B8CC002720746F20726573746F72652E0A0000E6
:10B8DC005B4D414E55414C5D20446561642D6D615D
:10B8EC006E2074696D656F75742061667465722065
:10B8FC002564206D732077697468206E6F20696EE3
:10B90C00707574202D2070617573696E6720636F7C
:10B91C00696C0A00575054205374617465204D6152
:10B92C006368696E653A204368617267696E672067
:10B93C00457869740A0000005750542053746174A0
:10B94C0065204D616368696E653A20436861726772
:10B95C00696E6720456E7472790A00005750542046
:10B96C005374617465204D616368696E653A5374F4
:10B97C006174654368617267696E672044697370AE
:10B98C00617463684576656E740A000057505420E4
:10B99C005374617465204D616368696E653A204922
:10B9AC006E76616C6964204576656E740A000000E1
:10B9BC00575054205374617465204D616368696EEF
:10B9CC00653A2050696E6720506F72740A0000004F
:10B9DC00575054205374617465204D616368696ECF
:10B9EC00653A2057505420506F776572204F6E0A7D
:10B9FC0000000000575054205374617465204D6151
:10BA0C006368696E653A20575054205374617274A0
:10BA1C00205363616E0A00005750542053746174B4
:10BA2C0065204D616368696E6520536C6F77436860
:10BA3C00617267652073746174653A2057505420A5
:10BA4C004661756C7420436F6E646974696F6E0A1D
:10BA5C0000000000575054205374617465204D61F0
:10BA6C006368696E653A204261747465727920432B
:10BA7C0068617267696E670A0000000057505420B5
:10BA8C005374617465204D616368696E6520436809
:10BA9C00617267696E672073746174653A205750E0
:10BAAC005420536C6F7720436861726765202D209A
:10BABC00636F6C642073746172742072616D700AB0
:10BACC0000000000575054205374617465204D6180
:10BADC006368696E653A20426174746572792043BB
:10BAEC0068617267656420285750542073687574B8
:10BAFC00646F776E2076696120617070206C61795B
:10BB0C006572290A00000000575054205374617468
:10BB1C0065204D616368696E6520536C6F7743686F
:10BB2C00617267652073746174653A2057505420B4
:10BB3C005363616E2054696D656F75740A00000063
:10BB4C00575054205374617465204D616368696E5D
:10BB5C006520536C6F7743686172676520737461FD
:10BB6C0074653A205750542041646A7573742050A0
:10BB7C006F7765720A00000057505420537461743B
:10BB8C0065204D616368696E653A204661756C7419
:10BB9C00207061757365202D2073757370656E64EC
:10BBAC00696E6720706F776572207472616E736650
:10BBBC0065720A00575054205374617465204D61AE
:10BBCC006368696E653A204661756C7420726573A2
:10BBDC00756D65202D20726573746F72696E6720A8
:10BBEC00706F776572207472616E736665720A008D
:10BBFC00575054205374617465204D616368696EAD
:10BC0C00653A2049646C6520456E7472790A0000AF
:10BC1C00575054205374617465204D616368696E8C
:10BC2C00653A2049646C6520457869740A00000007
:10BC3C00575054205374617465204D616368696E6C
:10BC4C00653A2049646C652044697370617463685B
:10BC5C004576656E740A0000575054205374617415
:10BC6C0065204D616368696E653A20496E69746937
:10BC7C00616C697A650A00005750540054657374FE
:10BC8C0000000000536C6F77204368617267650099
:10BC9C004368617267696E6700000000575054205A
:10BCAC005374617465204D616368696E653A205305
:10BCBC006C6F7720436861726765200A0000000092
:10BCCC00575054205374617465204D616368696EDC
:10BCDC00653A20536C6F77204368617267650A0080
:10BCEC00575054205374617465204D616368696EBC
:10BCFC006520536C6F77436861726765207374615C
:10BD0C0074653A20496E76616C6964204576656E7F
:10BD1C00740A0000575054205374617465204D61AF
:10BD2C006368696E6520536C6F77436861726765F1
:10BD3C002073746174653A2050696E6720506F727D
:10BD4C00740A0000575054205374617465204D617F
:10BD5C006368696E6520536C6F77436861726765C1
:10BD6C002073746174653A2057505420506F776576
:10BD7C0072204F6E0A0000005750542053746174A7
:10BD8C0065204D616368696E6520536C6F774368FD
:10BD9C00617267652073746174653A205750542042
:10BDAC005363616E0A000000575054205374617441
:10BDBC0065204D616368696E6520536C6F774368CD
:10BDCC00617267652073746174653A205750542012
:10BDDC0053746F70205363616E0A000057505420E7
:10BDEC005374617465204D616368696E6520536C92
:10BDFC006F774368617267652073746174653A206C
:10BE0C004661756C74207061757365202D20737597
:10BE1C007370656E64696E6720706F7765722074DD
:10BE2C0072616E736665720A0000000057505420F0
:10BE3C005374617465204D616368696E6520536C41
:10BE4C006F774368617267652073746174653A201B
:10BE5C004661756C7420726573756D65202D20724A
:10BE6C006573746F72696E6720706F77657220747A
:10BE7C0072616E736665720A0000000057505420A0
:10BE8C005374617465204D616368696E653A205422
:10BE9C0065737420456E7472790A000057505420F3
:10BEAC005374617465204D616368696E653A205402
:10BEBC0065737420457869740A000000575054204B
:10BECC005374617465204D616368696E653A2054E2
:10BEDC006573742044697370617463684576656E2C
:10BEEC00740A0000575054205374617465204D61DE
:10BEFC006368696E653A205750542053746F7020F4
:10BF0C005363616E0A0000005750542053746174DF
:10BF1C0065204D616368696E653A20575054205016
:10BF2C006F776572204F66660A00000057505420E8
:10BF3C005374617465204D616368696E653A20576E
:10BF4C005054204661756C7420436F6E646974693B
:10BF5C006F6E0A00575054204D616E616765723ADE
:10BF6C002053746174757354696D656F75744D6F7E
:10BF7C006E69746F72696E670A00000057707453B3
:10BF8C00746174757354696D6572000057707453E5
:10BF9C00746174757354696D656F757454696D65EE
:10BFAC00720000005770744661756C744D6F6E6949
:10BFBC00746F7200577074506F7765724374726C43
:10BFCC0000000000577074436F6C6453746172749A
:10BFDC0000000000575054204D616E616765723A45
:10BFEC0020436F6E6669674770696F730A000000C3
:10BFFC0043616C6C20612068616C5F646163206DCF
:10C00C006574686F64207468617420636F6E666910
:10C01C0067206770696F730A0000000043616C6CE5
:10C02C0020612068616C5F777074206D6574686F37
:10C03C0064207468617420636F6E66696720677032
:10C04C00696F730A0000000064697361626C656457
:10C05C0000000000616C7265616479206F66660097
:10C06C00575054204D616E616765723A205061756E
:10C07C00736557707420726561736F6E203078250C
:10C08C003032582C206D61736B206E6F77203078B6
:10C09C00253032582C20636F696C2025730A000000
:10C0AC00575054204D616E616765723A205265732A
:10C0BC00756D6557707420726561736F6E20307882
:10C0CC002530325820636C65617265642C20636F77
:10C0DC00696C2072652D656E61626C65642061749B
:10C0EC00206C6576656C2025640A0000575054203E
:10C0FC004D616E616765723A20526573756D655757
:10C10C00707420726561736F6E20307825303258F0
:10C11C0020636C656172656420627574206D617357
:10C12C006B207374696C6C203078253032582C205D
:10C13C00636F696C207374617973206F66660A0093
:10C14C00575054204D616E616765723A2053746F7D
:10C15C00705770745363616E0A000000575054207E
:10C16C004D616E616765723A2047657454656D70F8
:10C17C00657261747572650A000000005750542096
:10C18C004D616E616765723A2047657443686172F0
:10C19C0067655374617475730A000000575054201E
:10C1AC004D616E616765723A2053746174757320CA
:10C1BC0070696E2076616C75653A202564200A00E2
:10C1CC00575054204D616E616765723A205374610B
:10C1DC00727453746174757354696D656F757454AE
:10C1EC00696D65720A000000575054204D616E61F4
:10C1FC006765723A20537461727453746174757309
:10C20C004D6F6E69746F72696E670A0057505420D7
:10C21C004D616E616765723A2053746F705374612F
:10C22C007475734D6F6E69746F72696E670A000076
:10C23C00575054204D616E616765723A205374619A
:10C24C00727449706754656D70657261747572654E
:10C25C004D6F6E69746F72696E6754696D65720AA1
:10C26C0000000000575054204D616E616765723AB2
:10C27C00204661756C74206D6F6E69746F72696E97
:10C28C0067206F6E6C792028706F77657220636FF2
:10C29C006E74726F6C2074696D6572206E6F742091
:10C2AC0073746172746564290A000000575054203D
:10C2BC004D616E616765723A2053746F7049706797
:10C2CC0054656D70657261747572654D6F6E6974CD
:10C2DC006F72696E6754696D65720A00575054200D
:10C2EC004D616E616765723A2049504720746865EC
:10C2FC00726D6973746F7220726573697374616E99
:10C30C0063653A2025640000575054204D616E61DE
:10C31C006765723A2054656D7065726174757265EB
:10C32C0020696E746572706F6C6174696F6E2066D3
:10C33C0061696C6564202D20706F737369626C6524
:10C34C00206C6F6F6B7570207461626C65206F72FE
:10C35C00646572696E67206973737565000000000F
:10C36C00575054204D616E616765723A2053657465
:10C37C0050756C736557696474685468726573683A
:10C38C006F6C64537465700A0000000057505420A1
:10C39C004D616E616765723A20456E61626C6557DE
:10C3AC00707420737570707265737365642C20667D
:10C3BC0061756C74206D61736B2030782530325848
:10C3CC00207374696C6C207365740A005750542088
:10C3DC004D616E616765723A20456E61626C65579E
:10C3EC0070740A00575054204D616E616765723A43
:10C3FC0020506F77657220636F6E74726F6C207251
:10C40C00657365742C206C6576656C2025640A0058
:10C41C00575054204D616E616765723A20446973C0
:10C42C0061626C655770740A00000000575054200C
:10C43C004D616E616765723A204D616E75616C205D
:10C44C0069646C65202D20636F696C206F66662CA7
:10C45C00206C6576656C2025642C206661756C7487
:10C46C00206D6F6E69746F72696E67206F6E6C7978
:10C47C000A000000575054204D616E616765723A96
:10C48C0020436F6C64207374617274206174206C2F
:10C49C006576656C2025642C207374657070696EEC
:10C4AC0067207570206576657279202564206D7320
:10C4BC0020756E74696C20616E2049504720616450
:10C4CC00766572746973656D656E740A00000000A0
:10C4DC00575054204D616E616765723A20436F6C02
:10C4EC00642073746172742072616D7020656E6467
:10C4FC006564206174206C6576656C2025642C2045
:10C50C00495047206164766572746973696E670A75
:10C51C0000000000575054204D616E616765723AFF
:10C52C0020436F6C642073746172742072616D703F
:10C53C00207374657020736B69707065642C206651
:10C54C0061756C74206D61736B20307825303258B6
:10C55C00206F776E7320746865206C6576656C0A45
:10C56C0000000000575054204D616E616765723AAF
:10C57C0020436F6C642073746172742072616D70EF
:10C58C0020686F6C64696E67206174206D617869D6
:10C59C006D756D206C6576656C2025642C2073742C
:10C5AC00696C6C206E6F204950472061647665720F
:10C5BC00746973656D656E740A00000057505420E1
:10C5CC004D616E616765723A20436F6C64207374C1
:10C5DC006172742072616D70207374657070696E15
:10C5EC006720757020746F206C6576656C202564EF
:10C5FC002C206E6F204950472061647665727469F7
:10C60C0073656D656E742079657420286E65787419
:10C61C00207374657020696E202564206D73290A5F
:10C62C00000000006E6F206164766572746973653A
:10C63C006D656E74000000007374696C6C20686F1B
:10C64C0074000000575054204D616E616765723A5A
:10C65C0020426C696E6420746865726D616C207226
:10C66C00657472792025642F2564206661696C6578
:10C67C00642028257329206174206C6576656C20F4
:10C68C0025642C2070617573696E67206167616920
:10C69C006E0A0000575054204D616E616765723A06
:10C6AC002049504720746865726D6973746F7220ED
:10C6BC0072656164696E6720696D706C6175736910
:10C6CC00626C6520287265663D2564206F75743D2B
:10C6DC002564206F6673743D2564206D56292C20CB
:10C6EC0069676E6F726564202D206E6F20746865AB
:10C6FC00726D616C206465636973696F6E20746818
:10C70C006973207469636B0A000000005750542051
:10C71C004D616E616765723A204950472054656DD2
:10C72C0070657261747572652025642E25303264D3
:10C73C0020430A00575054204D616E616765723A70
:10C74C0020746865726D20726177207265663D2574
:10C75C0064206F75743D2564206F6673743D256489
:10C76C00206D560A00000000575054204D616E6138
:10C77C006765723A20426C696E6420746865726DEC
:10C78C00616C20726574727920636F6E6669726D6C
:10C79C0065642C204950472025642E2530326420B6
:10C7AC00432061742F62656C6F7720256420432CC5
:10C7BC0020636F6E74696E75696E67206174206C8E
:10C7CC006576656C2025640A000000005B4D414EC7
:10C7DC0055414C5D205741524E20746865726D6115
:10C7EC006C3A204950472025642E25303264204372
:10C7FC00203E3D20256420432070617573652074B4
:10C80C0068726573686F6C64202869676E6F7265F7
:10C81C0064290A00575054204D616E616765723A65
:10C82C00204950472074656D70657261747572652E
:10C83C002025642E253032642043207265616368A4
:10C84C006564207061757365207468726573686FB8
:10C85C006C64202825642043292C20706175736931
:10C86C006E6720706F776572207472616E73666587
:10C87C0072000000575054204D616E616765723A2A
:10C88C00204950472073696C656E7420616674652D
:10C89C007220256420626C696E6420746865726D08
:10C8AC00616C20726574726965732C20656E6469A5
:10C8BC006E67206368617267652073657373696F57
:10C8CC006E000000575054204D616E616765723ADE
:10C8DC00204950472073696C656E7420666F722016
:10C8EC002564207469636B7320696E2074686572AB
:10C8FC006D616C2070617573652C20626C696E645F
:10C90C002072657472792025642F2564206174204F
:10C91C006C6576656C2025640A0000005750542025
:10C92C004D616E616765723A204950472074656DA0
:10C93C0070657261747572652025642E25303264C1
:10C94C0020432061742F62656C6F7720726573755C
:10C95C006D65207468726573686F6C64202825643B
:10C96C0020432920616674657220256420746963F4
:10C97C006B732C20726573756D696E6720706F77A1
:10C98C006572207472616E73666572005750542024
:10C99C004D616E616765723A20495047206261743F
:10C9AC0074657279204F565020666C6167206173F4
:10C9BC007365727465642028434847315F4F565045
:10C9CC005F4552526E3D256420434847325F4F56B7
:10C9DC00505F4552526E3D25642C2030203D206620
:10C9EC0061756C7429206174206C6576656C2025EA
:10C9FC00642C2050474F4F443D2564202D206C6FF4
:10CA0C0067676564206F6E6C792C20636F696C208E
:10CA1C00756E61666665637465640A0057505420D0
:10CA2C004D616E616765723A2049504720626174AE
:10CA3C0074657279204F565020666C616773206361
:10CA4C006C65617265642028434847315F4F5650CE
:10CA5C005F4552526E3D256420434847325F4F5626
:10CA6C00505F4552526E3D256429206174206C65DF
:10CA7C0076656C2025642C2050474F4F443D25642F
:10CA8C000A0000005B4D414E55414C5D2057415210
:10CA9C004E206F76703A2056524543545F4F565095
:10CAAC006E3D30206174206C6576656C2025642C9D
:10CABC00206368617267656420746F2025642C2084
:10CACC006365696C696E672025642C2069676E6FDD
:10CADC007265640A00000000575054204D616E616D
:10CAEC006765723A204950472072656374696669BC
:10CAFC006572204F5650202856524543545F4F566E
:10CB0C00506E3D3029206174206C6576656C202553
:10CB1C00642C206368617267656420746F202564DF
:10CB2C002C206365696C696E672025642C2070610C
:10CB3C007573696E67000000575054204D616E612B
:10CB4C006765723A204950472073696C656E742092
:10CB5C00666F72202564207469636B7320696E2084
:10CB6C004F56502070617573652C2074726561741A
:10CB7C00696E67206661756C7420617320636C65E7
:10CB8C00617265640A000000575054204D616E615B
:10CB9C006765723A2056524543545F4F56506E208B
:10CBAC007374696C6C203020616674657220256426
:10CBBC00207469636B732C2073746179696E6720C0
:10CBCC007061757365640A00575054204D616E6135
:10CBDC006765723A2056524543545F4F56506E204B
:10CBEC00636C65617265642061667465722025648E
:10CBFC00207469636B732C20726573756D696E6735
:10CC0C00206F6E65207374657020646F776E206181
:10CC1C0074206C6576656C2025640A00575054208E
:10CC2C004D616E616765723A204661756C744D6F2B
:10CC3C006E69746F72696E670A0000005750542059
:10CC4C004D616E616765723A20506F776572206333
:10CC5C006F6E74726F6C20736B69707065642C20CE
:10CC6C006661756C74206D61736B20307825303281
:10CC7C0058206F776E7320746865206C6576656CD0
:10CC8C000A000000575054204D616E616765723A7E
:10CC9C0020506F77657220636F6E74726F6C2062B8
:10CCAC006C616E6B6564206166746572206661757B
:10CCBC006C7420726573756D652C20256420637906
:10CCCC00636C6573206C6566740A000057505420C1
:10CCDC004D616E616765723A20506F7765722063A3
:10CCEC006F6E74726F6C20736B69707065642C203E
:10CCFC006E6F206E657720495047206164766572AF
:10CD0C00746973656D656E742073696E6365206CF0
:10CD1C0061737420737465700A00000057505420BE
:10CD2C004D616E616765723A20436C6F7365642068
:10CD3C006C6F6F70207374617274696E67206174AC
:10CD4C00206C6576656C2025642028636F6C642DDF
:10CD5C007374617274206C6576656C206B6570748D
:10CD6C00290A0000575054204D616E616765723A74
:10CD7C0020506F77657220636F6E74726F6C206CCD
:10CD8C006576656C3D25642070676F6F643D256426
:10CD9C0020666C6F6F725F666F756E643D256420E4
:10CDAC006F76705F6365696C696E673D2564207092
:10CDBC00676F6F645F666C6F6F723D256400000077
:10CDCC00575054204D616E616765723A20486F6C04
:10CDDC0064696E67206174206C6576656C202564CF
:10CDEC000A000000575054204D616E616765723A1D
:10CDFC002050474F4F4420736174697366696564B2
:10CE0C002C207374657070696E6720646F776E2068
:10CE1C00746F206C6576656C2025640A0000000038
:10CE2C00575054204D616E616765723A2050474FE0
:10CE3C004F44207361746973666965642061742062
:10CE4C006D696E696D756D206C6576656C2C2066F0
:10CE5C006C6F6F7220666F756E640A0057505420A9
:10CE6C004D616E616765723A2050474F4F44206C9C
:10CE7C006F772025642F2564206174206C6576659E
:10CE8C006C2025642C2077616974696E6720666F4D
:10CE9C007220636F6E6669726D6174696F6E0A00E1
:10CEAC00575054204D616E616765723A204E6F2069
:10CEBC00766961626C6520706F776572206C65763F
:10CECC00656C202D204F5650206365696C696E6728
:10CEDC00202564206174206F722062656C6F77204E
:10CEEC0050474F4F4420666C6F6F722025642E2084
:10CEFC00436C616D70696E6720746F20256400004F
:10CF0C00575054204D616E616765723A2050474FFF
:10CF1C004F44206C6F77206174206D6178696D755A
:10CF2C006D206C6576656C2025642C206E6F7468A2
:10CF3C00696E67206675727468657220746F2067FD
:10CF4C006976650A00000000575054204D616E61EF
:10CF5C006765723A2050474F4F44206C6F772C20F6
:10CF6C007374657070696E6720757020746F206CB7
:10CF7C006576656C2025640A00000000575054202B
:10CF8C004D616E616765723A20496E69740A0000E2
:10CF9C0057505420506F72743A20457865637574FD
:10CFAC00654576656E740A002F55736572732F6133
:10CFBC006C657862616C6477696E2F4465736B7411
:10CFCC006F702F4F70656E4E657276652D4368617C
:10CFDC00726765722F4669726D776172652F536F38
:10CFEC00757263652D436F64652F7372632F636F66
:10CFFC0072655F6C617965722F73646B2F6E7266EC
:10D00C00352F6E5246355F53444B5F31372E312EE0
:10D01C00305F646464653536302F65787465726E84
:10D02C00616C2F6672656572746F732F736F757296
:10D03C0063652F706F727461626C652F4D656D4DF9
:10D04C00616E672F686561705F312E6300000000B0
:10D05C002F55736572732F616C657862616C6477A0
:10D06C00696E2F4465736B746F702F4F70656E4EC5
:10D07C00657276652D436861726765722F466972B9
:10D08C006D776172652F536F757263652D436F6495
:10D09C00652F7372632F636F72655F6C6179657254
:10D0AC002F73646B2F6E7266352F6E5246355F533D
:10D0BC00444B5F31372E312E305F646464653536F6
:10D0CC00302F65787465726E616C2F66726565724F
:10D0DC00746F732F706F727461626C652F434D5354
:10D0EC0049532F6E726635322F706F72745F636D99
:10D0FC007369732E630000002F55736572732F6173
:10D10C006C657862616C6477696E2F4465736B74BF
:10D11C006F702F4F70656E4E657276652D4368612A
:10D12C00726765722F4669726D776172652F536FE6
:10D13C00757263652D436F64652F7372632F636F14
:10D14C0072655F6C617965722F73646B2F6E72669A
:10D15C00352F6E5246355F53444B5F31372E312E8F
:10D16C00305F646464653536302F65787465726E33
:10D17C00616C2F6672656572746F732F736F757245
:10D18C0063652F71756575652E6300002F5573658A
:10D19C0072732F616C657862616C6477696E2F4471
:10D1AC0065736B746F702F4F70656E4E657276651C
:10D1BC002D436861726765722F4669726D77617273
:10D1CC00652F536F757263652D436F64652F737292
:10D1DC00632F636F72655F6C617965722F73646B1B
:10D1EC002F6E7266352F6E5246355F53444B5F314E
:10D1FC00372E312E305F646464653536302F657898
:10D20C007465726E616C2F6672656572746F732FC4
:10D21C00736F757263652F7461736B732E6300008B
:10D22C0049444C4500000000546D72510000000050
:10D23C002F55736572732F616C657862616C6477BE
:10D24C00696E2F4465736B746F702F4F70656E4EE3
:10D25C00657276652D436861726765722F466972D7
:10D26C006D776172652F536F757263652D436F64B3
:10D27C00652F7372632F636F72655F6C6179657272
:10D28C002F73646B2F6E7266352F6E5246355F535B
:10D29C00444B5F31372E312E305F64646465353614
:10D2AC00302F65787465726E616C2F66726565726D
:10D2BC00746F732F736F757263652F74696D6572FC
:10D2CC00732E6300546D72205376630000000000CF
:10D2DC0000000000F97702000000000000000000D0
:10D2EC00C1780200157902003F79020000000000AD
:10D2FC0000000000CD790200CB7902001D7A0200FB
:10D30C000000000000000000517A0200617B020066
:10D31C00BD7A02000000000000000000A57B0200A6
:10D32C004D7C0200C17B02000000000000000000E8
:10D33C00817C0200697C0200C57C020000000000B8
:10D34C00000000007D7D0200C37D02007F7D020095
:10D35C000000000000000000D17D02000000000071
:10D36C0000000000000000000000000000000000B1
:10D37C006D8302006F8302000000000000000000BB
:10D38C000000000071830200010006005A620200D6
:10D39C00010100000300020000000000000000007A
:10D3AC000000000000000000000000000000000071
:10D3BC007D890200D78902000F00000100010203E1
:10D3CC0004050608090A0B00000000020100000019
:10D3DC000B000000000000002900000028000000E5
:10D3EC00080000000338FDD8704700000E00000054
:10D3FC00010000000100000000000000000000001F
:10D40C00000000000EFFFFFF0600000014000000EB
:10D41C00000102030405060000000000003000407B
:10D42C00000000000100000001000000004000406E
:10D43C00010000000100000000800040000400001A
:10D44C00009000400104000000A000400204000015
:10D45C0000A001400306000000B0014004060000DB
:10D46C0000000306000000002E3101000102000044
:10D47C002E3101000101000000000000010000003D
:10D48C000100FFFF0000000001000000010001008E
:10D49C0094D403000100010090D40300F9BB0200F6
:10D4AC0071A2020039BD0200F9CB020041A60200B4
:10D4BC0095A202007365635F6B65797365745F6633
:10D4CC00696C6C00FFFFFFFF0006FF0000000040CE
:10D4DC00000000000000005000030050D5E80200DE
:10D4EC00E9E80200FDE802000000FFFFDEC0ADDE4F
:10D4FC00FE011EF1DEC0ADDEFF011EF170960300D1
:10D50C00B0960300000000000C970300589703002E
:10D51C00A49703000000000000000000F097030037
:10D52C000898030074980300E09803002499030002
:10D53C0068990300000000000000000070960300D2
:10D54C00AC990300089A0300909A030000000000B5
:10D55C00000000000000000000000000C49A03005E
:10D56C00F89A03003031323334353637383941428A
:10D57C00434445466E72665F6673746F726167658D
:10D58C005F657261736500006E72665F6673746FBF
:10D59C00726167655F777269746500000000000056
:10D5AC001CA003000100000028A0030002000000E2
:10D5BC0048A00300030000006CA00300040000005E
:10D5CC0080A003000500000094A0030006000000EA
:10D5DC00A8A0030007000000C0A003000800000082
:10D5EC00D8A0030009000000F0A003000A0000000E
:10D5FC000CA103000B00000024A103000C00000090
:10D60C003CA103000D00000050A103000E0000001F
:10D61C0064A103000F00000074A1030010000000BF
:10D62C0088A1030011000000A0A10300120000005B
:10D63C00B0A1030013000000C8A10300800000008B
:10D64C00DCA103008100000000A2030082000000A6
:10D65C001CA203008300000038A203008400000019
:10D66C0058A20300850000007CA203008600000085
:10D67C00A4A2030090000000BCA2030091000000D3
:10D68C00DCA2030092000000FCA203000082000058
:10D69C0014A303000182000034A3030002820000E3
:10D6AC0050A30300008400006CA30300018400005D
:10D6BC0090A3030002840000BCA3030003840000B9
:10D6CC00E4A30300556E6B6E6F776E206572726FFC
:10D6DC007220636F64650000000000000000000011
:10D6EC00000000000338FDD870470000251003002F
:10D6FC002310030021100300905100207F00000034
:10D70C0078510020A0A50300D0A5030080A503003C
:10D71C00D8A50300E0A50300E8A50300F0A50300CD
:10D72C00F8A5030000A60300000000000098030009
:10D73C0008A6030010A6030018A60300AC7403008F
:10D74C00BC740300080000009C740300AC7403005C
:10D75C0008000000947403009C740300080000008F
:10D76C0001000007647403009474030008000000B7
:10D77C0054740300647403000800000000000000EF
:10D78C000000000077240300792403007B240300AD
:10D79C000000000000000000AB240300DD240300A7
:10D7AC00B32403000000000000000000718302009D
:10D7BC0000000000000000000D2803000000000025
:10D7CC0000000000E9280300E929030015290300E3
:10D7DC000000000000000000152A0300DD2A0300F1
:10D7EC00412A03000000000000000000092B030088
:10D7FC002D2B0300512B0300000000000000000043
:10D80C007183020003000200000000000000000011
:10D81C00F52F03000000000000000000A5370300F6
:10D82C0081370300D1370300000000000000000026
:10D83C003D39030061390300853903000000000005
:10D84C0000000000718302000000000000000000D6
:10D85C00F53A0300D13A0300213B0300000000001D
:10D86C0000000000713C0300953C0300B93C030030
:10D87C000700000000000000000000000300000092
:10D88C000000000000000000050000000100000086
:10D89C00010000000100000000000000000000007A
:10D8AC002F00000001000000010000000300000038
:10D8BC00000000000000000014000000C0ED01009A
:10D8CC0019000000A08601001E000000E6360100D1
:10D8DC002800000078C8000032000000FE83000021
:10D8EC000000000000000000894F0300EDAF16207F
:10D8FC004A62304029BD56B31544E9BF77900D9C60
:10D90C00FE0B88C07E2615FA838073400FCE674BC2
:10D91C0080D541C02CD903005CDA030030D9030058
:10D92C00430000007F6C03009F6C0300AB6C030092
:10D93C00B76C0300D76C0300E36C03004B6C030063
:10D94C00176C030053756E004D6F6E0054756500B7
:10D95C005765640054687500467269005361740021
:10D96C00004A616E00466562004D61720041707242
:10D97C00004D6179004A756E004A756C00417567FF
:10D98C0000536570004F6374004E6F7600446563FE
:10D99C0000002E000053756E646179004D6F6E644B
:10D9AC0061790054756573646179005765646E65BF
:10D9BC00736461790054687572736461790046729E
:10D9CC006964617900536174757264617900004A0D
:10D9DC00616E75617279004665627275617279006B
:10D9EC004D6172636800417072696C004D61790021
:10D9FC004A756E65004A756C79004175677573746C
:10DA0C000053657074656D626572004F63746F626C
:10DA1C006572004E6F76656D626572004465636574
:10DA2C006D6265720000414D00504D0000256D2F58
:10DA3C0025642F25790025483A254D3A2553002594
:10DA4C0061202562202565202554202559000000E1
:10DA5C009ED90300A0D90300A0D90300A0D90300CC
:10DA6C00A0D90300A0D90300A0D90300A0D90300BA
:10DA7C00A0D90300A0D90300FFFFFFFFFFFFFFFFAA
:10DA8C00FFFFFFFFFFFF0000A1D9030050D90300E7
:10DA9C00DBD903006DD9030032DA030039DA030055
:10DAAC0042DA03004BDA0300202020202020202023
:10DABC0020682828282820202020202020202020F2
:10DACC002020202020202020481010101010101092
:10DADC00101010101010101084848484848484849A
:10DAEC0084841010101010101081818181818101AB
:10DAFC00010101010101010101010101010101010A
:10DB0C000101011010101010108282828282820298
:10DB1C0002020202020202020202020202020202D9
:10DB2C00020202101010102000070320041702013B
:10DB3C0008571040805F5F6378615F67756172643E
:10DB4C005F61637175697265206465746563746582
:10DB5C00642072656375727369766520696E697489
:0BDB6C0069616C697A6174696F6E007A
:10DB78000100000005010000070000000090D0032C
:10DB880018181818181818181800000000000000B5
:10DB9800FF000000102700000101FFFFFF01000047
:10DBA80020D9030020D9030020D9030020D903007D
:04DBB80020D903006D
:04000003200072194E
:00000001FF
