:020000022000DC
:107000000000042019720200017202002DFB020030
:1070100005720200077202000972020000000000FF
:10702000000000000000000000000000653E0300BA
:107030000D72020000000000853E03001172020084
:1070400099CE02001372020055D5020035E6020007
:1070500049E602001372020079D4020005DD020045
:107060001DE9020035E902004DE902001372020039
:1070700013720200137202001372020013720200F4
:1070800013720200CD40030013720200137202005B
:107090001372020013720200591D030013720200E2
:1070A000137202001372020065E902007DE902001A
:1070B000F1DB02001372020000000000000000007B
:1070C0001372020013720200137202005DE60200E6
:1070D0001372020013720200137202001372020094
:1070E000137202001372020013720200000000000B
:1070F0000000000013720200000000001372020082
:10710000000000000000000000000000000000007F
:10711000000000000000000000000000000000006F
:10712000000000000000000000000000000000005F
:10713000000000000000000000000000000000004F
:10714000000000000000000000000000000000003F
:10715000000000000000000000000000000000002F
:10716000000000000000000000000000000000001F
:10717000000000000000000000000000000000000F
:1071800000000000000000000000000000000000FF
:1071900000000000000000000000000000000000EF
:1071A00000000000000000000000000000000000DF
:1071B00000000000000000000000000000000000CF
:1071C00000000000000000000000000000000000BF
:1071D00000000000000000000000000000000000AF
:1071E000000000000000000000000000000000009F
:1071F000000000000000000000000000000000008F
:10720000FEE7FEE7FEE7FEE7FEE7FEE7FEE7FEE756
:10721000FEE7FEE700F002B8FFF7FCBF0F484FF0B3
:107220000701884385460E4880470E48016841F4AF
:1072300070010160BFF34F8FBFF36F8F00F01AB87A
:1072400009480A490A4A884207D0521A05D00378E9
:1072500001300B700131013AF9D170470000042070
:10726000F992020088ED00E008630300082B00207B
:107270001C2B00203A493B480A1A02D007229143AE
:107280008D46394939480A1A06D00722914381F3BD
:107290000988022282F3148835483649364A00F0BC
:1072A00041F836483649374A00F03CF83648374905
:1072B000374A00F037F837483749384A00F032F893
:1072C00037483849384A00F02DF838483849394AA3
:1072D00000F028F838483949394A00F023F839488D
:1072E0003949002200F036F838483949002200F0C8
:1072F00031F838483849091A0EF086FE374A904767
:1073000025482649884205D00268043003B49047D6
:1073100003BCF7E700208646EC4600200021304AF7
:107320009047FEE7884214D0521A12D003460B430E
:1073300013430324234206D1036804300B60043155
:10734000043AF9D17047037801300B700131013AEA
:10735000F9D17047884202D002700130FAE77047D5
:107360000000042000F80320000004200000042096
:1073700010B903001C2B0020582B0020E4730200DE
:10738000E47302009261030010B903001C2B00207B
:107390001C2B00201C6303001C63030028630300F4
:1073A0001C6303001C6303001C63030028630300C9
:1073B000286303000FB903004CB90300582B0020C9
:1073C000582B0020582B0020E47E0020E47E002073
:1073D000E47E0020E47E0020E4820020417202006E
:0473E0004D56030003
:1073E40010B5044600F01EFC22460D21012000F0D9
:1073F40021FE10BD10B5044600F014FC22460821FD
:10740400012000F017FE10BD10B5044600F00AFC80
:1074140022460F21012000F00DFE10BD10B50446D8
:1074240000F000FC22460E21012000F003FE10BDF6
:1074340008B500F0F7FB00221021012000F010FE37
:1074440008BD08B500F0EEFB00221121012000F078
:1074540007FE08BD38B5044603461A4A43F8142B00
:10746400436000238360C360174B0361174B0360C1
:10747400174D45618061174BC361174B436105622A
:107484004062164B8362164B03620BF011FFE062FD
:1074940025636463134BA363134B23630BF008FF4F
:1074A400E06325646464114BA364114B2364E564B5
:1074B4002465104B6365104BE3640BF0F9FEA06583
:1074C400204638BD34B103002863030098B003009C
:1074D40020B103002C630300B8B003003C63030035
:1074E400A4B003005C630300CCB003004463030056
:1074F400F4B003004C630300E0B00300034600F162
:1075040014020748026003F12002426003F13002D2
:10751400826003F14002C2604C330361704700BFD4
:10752400582B00202DE9F04389B0064600F07AFB81
:1075340002AC524D0FCD0FC495E8030084E803005C
:107544004F4C504BE41AE408240444F003044E491D
:10755400204609F0E1FF4D49204609F0DDFF9DF882
:1075640008204B49204609F0DDFF9DF809204949D0
:10757400204609F0D7FF9DF80A904A46464920461E
:1075840009F0D0FF9DF80B709DF80C303A46434942
:10759400204609F0D1FF9DF80D809DF80E3042463B
:1075A4003F49204609F0C8FF3E49204609F0B4FF90
:1075B400BDF810203C49204609F0B4FFBDF8122064
:1075C4003A49204609F0AEFFBDF814203849204658
:1075D40009F0A8FF069A3749204609F0A3FF364967
:1075E400204609F099FF079DEAB23449204609F084
:1075F40099FFC5F307223249204609F093FFC5F3EA
:1076040007423049204609F08DFFB9F1010F14BF3C
:10761400002301232FB1B8F1000F02D0B9F1010FFB
:1076240010D0009343463A462749204609F08FFF7D
:107634000CF07EFB32460921022000F0FBFC09B06D
:10764400BDE8F083009343463A462049204609F0BA
:107654007EFF0CF06DFB32460B21022000F0EAFCA9
:107664000AF002FF32460621032000F0E3FC324612
:107674000C21012000F0DEFCE1E700BF7C55002076
:107684006062030010620300646303008863030004
:10769400A0630300B8630300C8630300F46303003A
:1076A400186403003C64030050640300686403002E
:1076B4007C64030090640300B4640300C8640300A2
:1076C400E0640300FC6403005865030018650300CC
:1076D40010B5044600F0A6FA2046FFF723FF224621
:1076E4000921012000F0A6FC10BD000010B50AF02D
:1076F400BBFE0446074A032100F096FC064A082113
:10770400204600F091FC054A0721204600F08CFC3D
:1077140010BD00BFE5730200D5760200F9730200C4
:1077240010B50CF005FB0446044A052100F07CFC6E
:10773400034A0D21204600F077FC10BD0D740200B1
:107744002174020008B5FFF7D1FFFFF7E9FF00F04D
:1077540083FF1A4B1B68BFF35B8F13F0010F0ED02E
:10776400174B1B68BFF35B8F13F0010F16D001F0AA
:1077740003FA01F0C5F9014601F009FB08BD0F4801
:107784000EF0E8FC0028EBD000230E4A13210E482B
:1077940000F018FF09480EF0F1FCE1E708480EF08C
:1077A400D9FC0028E3D00023084A0D21084800F042
:1077B40009FF03480EF0E2FCD9E700BF7C2B002050
:1077C4006C2B002035740200802B002047740200CB
:1077D400702B002010B504460BF044FA002203215C
:1077E400042000F027FC0D4B0D4A9B1ADB081B04F8
:1077F4000C4943F0030009F08FFE01F081F90121E7
:1078040001F0EDFA0CF094FA00220321022000F0BA
:1078140011FCE0680BF066FE10BD00BF606203005F
:10782400106203009865030008B50AF01DFE0022EB
:107834000621032000F0FEFB0CF07AFA0022072157
:10784400022000F0F7FB01F05BF9002101F0C7FA18
:1078540008BD70B50C4646683046FFF74FFE054636
:10786400A1B203390E290DD8DFE801F0170C0C0C76
:107874000C1C0C0C0C0D0C240C082900C16830469F
:1078840000F03FFC70BD01F03BF9012101F0D0FA9A
:10789400E968304600F035FCF4E7C168304600F092
:1078A40030FCEFE70AF0E0FD00220421032000F0A1
:1078B400C1FBE7E7C168304600F023FCE2E700F0D3
:1078C400D5FF00F0EDFF0028DCD100F0CFFF00F081
:1078D400E9FFD7E77047000008B51048104BC01AFD
:1078E400C00800040F4940F0030009F015FE0AF037
:1078F400BBFD00220221032000F09CFB0CF018FACF
:1079040000220221084600F095FB0BF0ABF900229F
:107914000221042000F08EFB08BD00BF606203005A
:1079240010620300B465030038B50C464568284668
:10793400FFF7E4FDA1B20D290BD011290DD100F000
:1079440095FF00F0ADFF40B900F090FF00F0AAFFF2
:1079540003E0C168284600F0D4FB38BD08B50AF03E
:1079640083FD00220421032000F064FB01F0C8F829
:10797400012101F020FA08BDF8B504460F46466817
:107984003046FFF7BBFD0546164B174A9B1ADB082A
:107994001B043A46154943F0030009F0C3FDB9B28C
:1079A40009290BD0112911D0082906D1E0680BF060
:1079B400B1FD2969304600F0A4FBF8BDE0680BF086
:1079C40091FD6968304600F09CFBF6E700F04EFF3D
:1079D40000F066FF0028F0D100F048FF00F062FFDD
:1079E400EBE700BF6062030010620300E46503007C
:1079F40008B50CF09DF900220321022000F01AFBC7
:107A040001F07EF8002101F0D6F908BD08B542F274
:107A140010700AF0DFFB01F073F8002101F0F3F9B4
:107A240008BD08B547F230500AF0D4FB0AF01CFD3B
:107A340000220421032000F0FDFA0CF079F9002261
:107A44000C21022000F0F6FA0BF00CF900220321BD
:107A5400042000F0EFFA01F053F8012101F0D3F90A
:107A640008BDF8B505460C4647683846FFF746FD9D
:107A74000646A1B20839092922D8DFE801F0052217
:107A8400212121212A21213D0AF0EEFC0022062198
:107A9400032000F0CFFAE8680BF03CFD0CF048F945
:107AA40000220721022000F0C5FA0BF0DBF80022C7
:107AB4000421084600F0BEFAF168384600F021FBC4
:107AC400F8BDE8680BF00EFD7168384600F019FB4C
:107AD400F6E70CF02DF900220721022000F0AAFAA3
:107AE4000BF0C0F800220421084600F0A3FAF16864
:107AF400384600F006FBE3E700F0B8FE00F0D0FEE5
:107B04000028DDD100F0B2FE00F0CCFED8E77047CB
:107B140038B50C4645682846FFF7F0FCA1B2102999
:107B24000BD011290DD100F0A1FE00F0B9FE40B92F
:107B340000F09CFE00F0B6FE03E08168284600F0E9
:107B4400E0FA38BD08B500F0DBFF014601F01FF98B
:107B540008BD38B50C46154600F064F82A4621469F
:107B640000F6EC1000F0C5FA38BD000010B504466C
:107B740000F046FA014B2360204610BD08B1030013
:107B840038B5134B1A6801321A60124C124BE41ABE
:107B9400E408240444F003041049204609F0C2FC1C
:107BA4000BF086FB05460BF0F1FBB5F904200C49FC
:107BB400204609F0B7FC0AF07FFE05460AF098FF5C
:107BC400B5F900200749204609F0ACFC38BD00BFD8
:107BD4008C2B002060620300106203000C6603001B
:107BE400206603004466030010B582B0044600F02A
:107BF40020F904F51960FFF7B9FF04F6EC10FFF75C
:107C040029FC064B0093012341F28832044904F60F
:107C1400482000F09DFA204602B010BD857B02008A
:107C24006466030008B50A4B1B68BFF35B8F13F04F
:107C3400010F01D0074808BD05480EF08BFA002853
:107C4400F8D00448FFF7D0FF01480EF097FAF1E7A7
:107C5400902B0020942B002010B582B0044600F035
:107C6400A9F9184A0421204600F0F8F82246012117
:107C740004F5196000F0CCF90AF0F4FF0BF00CF8ED
:107C84000CF056F80CF06EF80AF0EEFB0AF006FC65
:107C940004F6EC1000F049FA04F6482000F072FAF9
:107CA40009480A4BC01AC0080004094B019300227A
:107CB40000920123074940F0030009F055FC02B08B
:107CC40010BD00BF7466030060620300106203000D
:107CD400B46603008866030008B500F029F908BDFE
:107CE400032824D8012A06D001290CD0022910D057
:107CF400B1B107207047012901D00022F4E700F157
:107D04000E02D2B2F0E700EB40000A4B1A540020F6
:107D1400704700EB4000074B03445A700020704743
:107D240000EB4000034B03449A7000207047072087
:107D3400704700BF1036002008B501220021084614
:107D4400FFF7CEFF10B10346072812D10722022104
:107D54000120FFF7C5FF034608B1072809D1042213
:107D640002210020FFF7BCFF034610B1072800D111
:107D74000023184608BD08B5012202210020FFF7A0
:107D8400AFFF10B10346072812D1072202210120B8
:107D9400FFF7A6FF034608B1072809D10A220021EC
:107DA4000846FFF79DFF034610B1072800D10023C2
:107DB400184608BD08B50388102B0ED0112B13D11B
:107DC4000F4A1368013B136073B9FFF7D4FF58B12E
:107DD4000C4B1B6843B1984706E0094B1B6823B161
:107DE400074A13680133136008BDFFF7A5FF002895
:107DF400F6D0044B1B68002BF2D09847F0E700BF85
:107E04001C3600202036002010B584B004464FF004
:107E1400FF3201A9D4F8F4080CF0ECFB0128F6D1E8
:107E240001980028F3D003681B68039A02999847C5
:107E3400EDE738B504460025C0F8F058C0F8F4580A
:107E44005022294600F6F8000EF054F9482229463B
:107E540004F648100EF04EF9204638BD10B584B033
:107E640004460B46114600F1F00200F6F8000290B9
:107E74000192009323464FF4007209480CF030FE3F
:107E8400C4F8F0080023009304F6481322460C219A
:107E940014200CF05BFAC4F8F40804B010BD00BF61
:107EA4000D7E020000B585B0019102920393002378
:107EB4001A4601A9D0F8F4080CF088FA05B05DF868
:107EC40004FB000000B585B00191029203930023E6
:107ED40000936A4601A9D0F8F4080CF02FFB009B2C
:107EE40043B1064B4FF080525A6040BFBFF34F8FEF
:107EF400BFF36F8F05B05DF804FB00BF00ED00E039
:107F0400034B0360034B0B6080231360704700BF77
:107F140074400020743E0020034B0360034B0B604D
:107F24004FF4007313607047243E00202436002071
:107F340008B50CF017FEFEE710B50E4C0E4BE41A14
:107F4400E40824040D4944F0020009F0E5FA4FF472
:107F54000041002009F0C4F808F0BCFF44F0030419
:107F64000749204609F0D8FA0649204609F0D4FA10
:107F740010BD00BF6062030010620300C46603000A
:107F8400E46603000467030008B503E009F05AF946
:107F9400034B1870024B1B78002BF7D108BD00BFB0
:107FA4001C2B002008B5FFF7EFFF08BD08B504F04F
:107FB40067FD08BD30B589B0FFF7F8FFFFF7BCFFD8
:107FC4000024DCB109B030BD04F01F0343EA4513BB
:107FD40002930023039301220492059306930793CB
:107FE40008AB13E903008DE8030002AB0FCB00F0EC
:107FF40051FD0135002DE7D00134E2E72546F9E7CC
:10800400024A0260002202718260704714B10300C8
:108014004B1EDBB2092B04D80171024B43F821003B
:1080240082607047C4400020023100EB810042604E
:108034007047000000F1FF3C5FFA8CFCBCF1090FB3
:1080440000D9704708B5054B53F8200013460A467B
:1080540001468068FFF726FF08BD00BFC44000202A
:1080640000F1FF3C5FFA8CFCBCF1090F00D97047AA
:1080740008B5054B53F8200013460A4601468068AC
:10808400FFF720FF08BD00BFC440002038B50546F7
:108094000C468B1C00EB83035B688BB10020984774
:1080A4000E4B0F4AA3EB020C4FEADC0C4FEA0C4CCC
:1080B4002B7922460B494CF0040009F03DFA38BDF7
:1080C4000648074BC01AC00800042B790A46064923
:1080D40040F0040009F030FAF1E700BF60620300E9
:1080E4001062030018670300446703007047704779
:1080F4007047406820B108B503689B68984708BD7D
:10810400704738B504460D46406803685B68984775
:108114006368A36065602B681B682846984738BD70
:10812400C068003818BF0120704710B504460368C2
:108134001B6898472046FFF7F3FF20B1E368A3606C
:1081440063600023E360606803681B68984710BDA0
:1081540030B583B00446084611461A46069B636050
:108164008902074DA5FB015104F10805019500930F
:10817400002389090DF08AF82060204603B030BD41
:10818400D34D621030B583B0056865B10CF038FD8D
:108194000246002400942346012128460DF0A2F84B
:1081A400204603B030BD0120FBE730B583B005465F
:1081B400006898B10A4600240094234604210DF077
:1081C40091F82D680CF01CFD024600942346012111
:1081D40028460DF087F8204603B030BD0120FBE7A8
:1081E400006850B100B583B0002200921346032109
:1081F4000DF078F803B05DF804FB704730B583B038
:108204000546006898B10A460024009423460921D3
:108214000DF068F82D680CF0F9FC02460094234632
:10822400062128460DF05EF8204603B030BD01203B
:10823400FBE7006850B100B583B0002200921346FA
:1082440008210DF04FF803B05DF804FB7047704748
:1082540010B503681B681878044C01382146C0B275
:1082640005F0ECFEB4F9000010BD00BFF64000209C
:1082740030B589B001900C460178254B00221A7064
:108284005A709A70DA70022018715A719A71D97101
:108294001A722049204805F00BFE58B9019B187842
:1082A40001381B49C0B205F065FE40B901AB029329
:1082B40003AD0EE0194A262106F09AFBEEE7174AB1
:1082C400272106F095FBF1E702A8FFF7C1FF25F887
:1082D400020B08AB9D42F7D1002303AA02E032F956
:1082E400021B0B4408A98A42F9D10D4A82FB0312EE
:1082F400DB17C3EBA2031BB2C3EB0313C3EB0313E0
:108304009B09238005F0F8FF002009B030BD00BFB1
:10831400EC4000205382020038B103007067030070
:108324006766666608B5094B1B68BFF35B8F13F07D
:10833400010F01D0064808BD04480DF00BFF0028CA
:10834400F8D002480DF01AFFF4E700BFFC4000200B
:108354000041002030B583B00446002540F8045B9A
:10836400074A00942B4606CA00F0F6FD202229464F
:1083740004F144000DF0BEFE204603B030BD00BF42
:108384003CB1030010B51048104BC01AC0080004DB
:108394000F4940F0030009F0BFF8FFF7C3FF0D4C8D
:1083A40021460D48FFF764FF0AF086FAB4F900305D
:1083B40040F2145202FB03F3084A82FB0312DB1758
:1083C400C3EBA213038010BD6062030010620300BC
:1083D400CC670300F8400020202B0020D34D62100E
:1083E40008B5FFF7CFFF08BD08B50278094B1A702E
:1083F400094A5A60436843B1996911609B8B938021
:10840400064B1B680348984708BD034B00221A60BB
:108414009A80F5E70C41002004410020244100200B
:108424007047000008B50A480A4BC01AC008000487
:10843400094940F0030009F06FF8084802F0C0FC55
:1084440000B908BD064A2E2106F0D2FAF9E700BFAA
:108454006062030010620300EC67030028410020FF
:10846400FC67030008B502F0C3FB08BD00B583B088
:1084740009F0CAFB68B90023019301A9012009F09E
:10848400B9FC58B901A809F083FD60B903B05DF8DF
:1084940004FB074A3B2106F0ABFAECE7044A3F2110
:1084A40006F0A6FAEEE7024A422106F0A1FAEDE749
:1084B400FC670300084B4FF4FA725A804FF47A7247
:1084C4009A800022DA80197862F382011970C9B2A5
:1084D40062F3C401197070471441002000B585B0DF
:1084E40000230093019302930393084B0093084ADB
:1084F4006946084802F023FC10B905B05DF804FB96
:10850400054A5C2106F074FAF7E700BF1441002025
:10851400ED83020028410020FC67030008B5044BEA
:108524001860FFF7A3FFFFF7C5FFFFF7D7FF08BDEC
:108534002441002038B50446002313E01B4B53F8B4
:1085440025309B6803B1984719481A4BC01AC008D4
:1085540000042246184940F0030008F0E3FF24E039
:108564000133DBB2154A12789A421ED91D460F4ACE
:1085740052F82320002AF3D01268A242F0D12046F8
:1085840004F064FF0028D9D1084B53F825305B6808
:1085940003B198470648074BC01AC0080004224696
:1085A400074940F0030008F0BDFF38BD94410020A6
:1085B40060620300106203006C68030090410020B5
:1085C4005868030030B583B004460160426083609C
:1085D400194B1B78022B23D80D46184B1B68ADF89A
:1085E40004301B0C8DF8063003238DF80530144A33
:1085F40001A9284604F06CFE68B90121284604F05C
:10860400BFFE0D4A1378591C11700E4A42F82340DC
:10861400204603B030BD0C4A242106F0E9F9ECE70A
:108624000A480B4BC01AC00800040322094940F051
:10863400010008F077FFEBE79041002044B103000C
:1086440039850200944100208068030060620300C1
:1086540010620300E068030008B500F0E7F908BD04
:1086640010B50446054B0360054B0360054B1B68BE
:108674004360083000F068F8204610BD50B1030094
:1086840060B1030068B103000804034BA3FB00308E
:10869400C0F30F30704700BF5917B7D108B50A436C
:1086A4000221083000F098F808BD08B50022032123
:1086B400083000F091F808BD08B50A4304210830D9
:1086C40000F08AF808BD08B50A220521083000F038
:1086D40083F808BD10B50446FFF7F5FF4FF4704268
:1086E40011462046FFF7DAFF2046FFF7DEFF0F2290
:1086F40000212046FFF7E0FF10BD022905D0032921
:1087040005D0012905D108207047092070470A20A7
:1087140070470720704738B504461546FFF7EDFF4C
:1087240001462A4604F1080000F056F838BD38B571
:1087340004460D461146FFF7A7FF02462946204688
:10874400FFF7E9FF38BD000030B58FB00446174B82
:10875400844693E80700ACE803002CF8022B120CC3
:108764008CF80020012284F84C220DF11C0E03F138
:108774000C0CBCE80F00AEE80F009CE807008EE884
:10878400070004F10C05002304930EAB13E90F005A
:108794008DE80F0007AB0ECB284600F075FB28468A
:1087A40000F066FB20460FB030BD00BF6CB1030083
:1087B40023B90170130A437082707047012BF9D1F9
:1087C40041F080010170F5E703780B7043784B703A
:1087D40083788B707047000010B582B00446002384
:1087E400415C01A8FFF7E4FF694601A8FFF7ECFF2D
:1087F40000210B2000F02DF90322694604F10C003E
:1088040000F08EFB044601210B2000F022F90CB984
:1088140002B010BD0548064BC01AC0080004054943
:1088240040F0010008F078FEF2E700BF6062030048
:108834001062030004690300BFF34F8F0549CA683F
:1088440002F4E062044B1343CB60BFF34F8F00BFCD
:10885400FDE700BF00ED00E00400FA053CDF7047CF
:108864003DDF7047002202707047000008B50A4BD4
:108874001B68BFF35B8F13F0010F01D0074808BDDD
:1088840005480DF067FC0028F8D00448FFF7EAFF1C
:1088940001480DF073FCF1E7A0410020A441002041
:1088A4000078704770B50646164C174BE41AE40876
:1088B400240444F002051549284608F02DFE4FF023
:1088C400FF310020FFF7CCFF60B9B1210020FFF792
:1088D400C5FF024668B10E4944F0010008F022FECB
:1088E400002070BD02460B4944F0010008F01AFE56
:1088F400F6E7012333700849284608F00DFEFFF718
:108904009BFF00BF60620300106203002469030040
:1089140070690300506903009069030010B50446B0
:1089240003685A0904D0012A13D14FF6FF7201E0FB
:108934004FF0FF3203F01F0322FA03F313F0010F89
:1089440009D023681F2B0CD903F01F0323600648AA
:1089540010BD0022EEE705494FF4F67007F0B6F9B2
:10896400EFE74FF0A040F3E700030050AC690300C9
:1089740000B583B0019001A8FFF7D0FFD0F810052F
:10898400019BD84000F0010003B05DF804FB00B582
:1089940083B0019001A8FFF7C1FF0123019A93401E
:1089A400C0F80C3503B05DF804FB00B583B001904A
:1089B40001A8FFF7B3FF0123019A9340C0F80835DB
:1089C40003B05DF804FB08B511B9FFF7E0FF08BD7B
:1089D400FFF7EBFFFBE770B582B001900C4616463B
:1089E4001D4601A8FFF79AFF44EA460444EA8504B9
:1089F4009DF8183044EA03249DF81C3044EA0344EB
:108A0400019B03F5E07340F8234002B070BD00B54C
:108A140083B0019001A8FFF781FF019B03F5E07388
:108A2400022240F8232003B05DF804FB08B5054B8F
:108A34001B7803B908BD04F009FC024B00221A702C
:108A4400F8E700BF212B002008B5FFF791FFC0B263
:108A540008BD08B5FFF7B7FF08BD000000B5064B19
:108A640001EB410C03EB8C0E43F82C00CEF8041000
:108A74008EF808205DF804FBA841002008B500EB3F
:108A84004000034B53F820309847002008BD00BF36
:108A9400A841002084B010B582B004AC84E80F0073
:108AA4000446FFF7B4FF9DF820309DF8242001927E
:108AB40000939DF81C309DF818209DF81410204652
:108AC400FFF789FF02B0BDE8104004B0704730B52D
:108AD40083B004460D4601920A4601461846FFF744
:108AE400BDFF29462046FFF7C9FF024601A92046DB
:108AF40004F0EEFB0121204604F042FC03B030BD3B
:108B0400004870478C430020642242700022827027
:108B1400014941600272704700C0014008B5024833
:108B2400FFF7F2FF08BD00BF8C43002030B58DB0C5
:108B34000546104C0DF1180CA646BEE80F00ACE833
:108B44000F009EE803008CE803008DE8030006ABE9
:108B54000FCBFFF79FFF0DF10C0C04F1180393E802
:108B640007008CE8070000226146281D04F018FF66
:108B74000DB030BDA8B1030008B5064B1B7803B196
:108B840008BDFFF7BDFFFFF7D1FF024B01221A70AA
:108B9400F6E700BF88430020F0B583B007EE903AB3
:108BA4004B7806EE903AF8EE666A9FED326A86EEEE
:108BB400867AF8EEE77A67EE877AFCEEE77ACDED0F
:108BC400017A9DF804509DF8203007EE903AF8EEB3
:108BD400E77A67EE877AFCEEE77ACDED017A9DF8C5
:108BE40004409DF8243007EE903AF8EEE77A67EEF9
:108BF400877AFCEEE77ACDED017A9DF804E0002156
:108C04000EE048F2070715E048F2070722E048F2B1
:108C1400070C10331844184B23F810C00131C9B2A3
:108C2400072925D80B4604FA01F010F0800FE8D08C
:108C340048F20D0702EB420C4FEACC0003EBCC0CDC
:108C44000D4E26F81C7005FA03F616F0800FDBD0E3
:108C540048F20D0703F1080C8444074E26F81C70F3
:108C64000EFA03FC1CF0800FD1D048F20D0CD0E7B3
:108C740003B0F0BD0000C8429843002010B582B094
:108C8400062B0BD8DFE803F0040C131A21282F005D
:108C94000023019300936423FFF77EFF02B010BD0D
:108CA4000023019364240094FFF776FFF6E764231E
:108CB400019300230093FFF76FFFEFE70023019375
:108CC40064230093FFF768FFE8E76423019300241B
:108CD4000094FFF761FFE1E764230193009300230D
:108CE400FFF75AFFDAE7642301930093FFF754FF79
:108CF400D4E7000030B585B0054600230093019306
:108D0400029303930E4B00934823ADF8043003E021
:108D14000121204604F040FF2C1D204604F016FFDC
:108D24000028F5D001231A466946204604F0B8FE0F
:108D34004FF49650034B43F00103984705B030BD00
:108D440098430020A0B1030008B501238B70FFF7FE
:108D5400D1FF08BD70B582B005460E4600240194CB
:108D6400009423462246FFF717FF019400942346FC
:108D7400012231462846FFF70FFF01940094234651
:108D8400022231462846FFF707FF02B070BD10B536
:108D9400044600228A70FFF7DDFF2046FFF7AAFF92
:108DA40010BD00B583B0002301930093FFF7F4FED8
:108DB40003B05DF804FB10B504466423437049B165
:108DC400022300220146FFF759FF21462046FFF700
:108DD400BBFF10BD00220146FFF7E3FFF5E710B526
:108DE40004466423437049B1032300220146FFF77C
:108DF40045FF21462046FFF7A7FF10BD002201468C
:108E0400FFF7CFFFF5E710B504466423437049B17B
:108E1400062300220146FFF731FF21462046FFF7D3
:108E240093FF10BD00220146FFF7BBFFF5E70000EA
:108E340010B504466423437079B101231A460146F0
:108E4400FFF71CFF21462046FFF77EFF4FF4C85072
:108E5400044B43F00103984710BD01220146FFF77C
:108E6400A0FFEFE7A0B1030008B5FFF757FE08BD68
:108E740008B500231A4600F12C011C3003F002FF50
:108E840000B908BD0120FCE784B070B4844604A88E
:108E940080E80E000B9B43B1012B0CD10CF11C0498
:108EA4001D4B0FCB84E80F0005E01C4B0CF11C0498
:108EB4000FCB84E80F00079ECCF80C60049DCCF81F
:108EC40000509DF818308CF80830059CCCF804400C
:108ED4000998CCF81400089ACCF810200A99CCF818
:108EE40018108CF83960CCF834508CF838408CF871
:108EF4002D008CF82E108CF82C208CF82F30FF23AA
:108F04008CF8313006238CF8303001238CF8403251
:108F1400002070BC04B07047E4B10300D4B1030076
:108F240070B584B00546144600F59F7630460DF0C2
:108F3400AFF8E4B205F13C03009601940293039464
:108F44000022694605F1200005F04AFC08B904B086
:108F540070BD0120FBE7000010B582B0864668466C
:108F640080E8060003C88EE80500CEF808300EF14C
:108F7400180C0E4C0FCCACE80F000FCCACE80F0073
:108F840094E803008CE80300049BCEF814309DF8A9
:108F9400053003330EF10C020EEBC30393E8030018
:108FA40082E80300704602B010BD00BFF4B10300B4
:108FB40008B500212F20FFF74CFD08BD08B501219D
:108FC4002F20FFF746FD08BD70470C2070470000B6
:108FD4000000000008B541F28733994234DC41F2C5
:108FE400883303FB01F05B1A90FBF3F007EE900A61
:108FF400F8EEE77A17EE900A0CF0EAFF18A3D3E92B
:1090040000230CF0CBFE41EC100B0CF063FB51EC95
:10901400100B0CF0A5FF0F4B03FB00F00E4A82FB74
:109024000031C317C3EBA11303F698530B4890FB0D
:10903400F3F0A0F58520A0F2FE2082FB0032C017D9
:10904400C0EBA21000B208BD6FF48870FBE700BF4C
:10905400AFF30080A68C0400D34D621090F0D73D8E
:10906400000000000088B34070B50546FFF75AF9C8
:10907400074E31460748FFF7FBF80AF019F9044692
:10908400B6F9001041802846FFF7A4FFA08070BD08
:1090940028440020242B002008B5FFF7E5FF08BD75
:1090A4000020704708B540F2DC520321FFF73FFB74
:1090B40008BD08B500220221FFF739FB08BD08B539
:1090C4000A460121FFF733FB08BD08B50C2904D972
:1090D4004FF4C861FFF7F3FF08BD01EB810101EB19
:1090E4008101890001F5C87189B2FFF7E8FFF3E750
:1090F40008B564220021FFF71AFB08BD10B5044629
:10910400FFF7D0FF2046FFF7D4FF4FF4C871204685
:10911400FFF7D5FF2046FFF7EBFF10BD08B5FFF7BB
:10912400D9FA08BD30B583B00446FFF799FA202573
:109134002A46002104F516700CF0DCFF2A460021B3
:1091440004F51E700CF0D6FF0025A4F89852A4F87C
:109154009A520C4A00942B4606CA04F52770FFF76E
:10916400FBFE094A00942B4606CA04F53770FFF744
:10917400F3FE2046FFF7D2FF2046FFF7BFFF20464D
:1091840003B030BD2CB2030024B20300BFF34F8FF1
:109194000549CA6802F4E062044B1343CB60BFF391
:1091A4004F8F00BFFDE700BF00ED00E00400FA05AB
:1091B4004FF08053D3F83031082B01D00020704792
:1091C400012070474FF08053D3F83031082B01D081
:1091D40000207047012070474FF08053D3F83021AE
:1091E400D3F83431082A01D000207047002B04D86A
:1091F400DFE803F0010001207047002070474FF0C2
:109204008053D3F83021D3F83431082A01D0002018
:109214007047002B04D8DFE803F0010001207047F9
:10922400002070474FF08053D3F83021D3F8343105
:10923400082A01D000207047002B04D8DFE803F08F
:10924400010001207047002070474FF08053D3F88D
:109254003021D3F83431082A01D000207047002B84
:1092640004D8DFE803F001000120704700207047B4
:109274004FF08053D3F83031082B01D000207047D1
:10928400012070474FF08053D3F83021D3F83431A4
:10929400082A01D000207047032B01D80020704712
:1092A4000120704708B5FFF7EDFF38B14FF01023E8
:1092B400D3F808224FF08043C3F8582508BD0000B6
:1092C400024BD3F80034002BFAD0704700E0014081
:1092D40008B5034BC3F80405FFF7F2FF08BD00BF50
:1092E40000E00140014B024A1A607047282B00201D
:1092F4000090D00338B5FFF75BFF40B14FF08043D7
:109304000022C3F80C21C3F81021C3F83825FFF755
:1093140059FF002846D04FF08052D2F80414554B20
:10932400C3F82015D2F80814C3F82415D2F80C1485
:10933400C3F82815D2F81014C3F82C15D2F8141455
:10934400C3F83015D2F81814C3F83415D2F81C1425
:10935400C3F84015D2F82014C3F84415D2F82414E5
:10936400C3F84815D2F82814C3F84C15D2F82C14B5
:10937400C3F85015D2F83014C3F85415D2F8341485
:10938400C3F86015D2F83814C3F86415D2F83C1445
:10939400C3F86815D2F84014C3F86C15D2F8442405
:1093A400C3F87025FFF718FF18B1334B334AC3F8DD
:1093B4008C26FFF724FF18B1314BFB22C3F8182584
:1093C400FFF730FF70B14FF08041D1F8E43E23F055
:1093D4000F034FF08052D2F8582202F00F021343C9
:1093E400C1F8E43EFFF731FF20B1264B4FF4007281
:1093F400C3F84026FFF73CFF60B14FF08043D3F839
:10940400003413F0010F05D04FF080436FF00102D8
:10941400C3F800241C4AD2F8883043F47003C2F81D
:109424008830BFF34F8FBFF36F8FFFF73BFF4FF0D1
:109434001023D3F80032002B08DB4FF01023D3F8AD
:109444000432002B02DBFFF74DFF38BD0120FFF78C
:109454003FFF4FF010241225C4F80052FFF730FFED
:10946400C4F80452FFF72CFF0020FFF731FFFFF789
:109474008DFE00BF00C00040005000404881030042
:1094840000F000400090024000ED00E048B300B559
:10949400864642B34FF0000C06E01EF80C00604410
:1094A40080B201301FFA80FC0CF10100884207DA17
:1094B40010886045F1D80EEB0C0040789842ECD14E
:1094C4008C4512D20CF102039BB21EF80C0078B149
:1094D400013880B250B103EB000C61450ADB138004
:1094E40004E000207047002000E000205DF804FB49
:1094F4000020FBE70020F9E770B582B00023ADF847
:109504000630DAB10446164609230DF10602FFF7C8
:10951400BDFF0546BDF806301C448BB198B13046FA
:109524000CF09FFDA84201D000200AE02A46214603
:1095340030460CF073FD40B1002002E0002000E052
:10954400002002B070BD0020FBE70120F9E7000015
:1095540000230BB10020704703EB8302054931F867
:109564002220824201D00133F3E703EB830301EBB2
:10957400830070475044002030B5B0F804C002EBBB
:109584000C04944594BFACEB0C0CACEB020CC288FD
:109594009D189A4294BF921AD21A4B88B0F800E0F0
:1095A40073450ED3408883420DD88B8863450CD312
:1095B400A3420CD8CB8893420BD3AB420BD80120E7
:1095C40000E0002030BD0020FCE70020FAE7002086
:1095D400F8E70020F6E70020F4E7000008B5024BA6
:1095E4009B6903B1984708BD3444002010B58088B6
:1095F400FFF7AEFF38B10446406805F0E7FA18B942
:109604004FF6FF73238010BDFFF7E8FFF8E7000073
:1096140000B583B002460B46497A69B9197A41B953
:109624000D494968586805F079FA88B1FFF7D6FF03
:109634000EE009498968F5E700211972064B5B6958
:1096440033B101218DF80410ADF8060001A8984744
:1096540003B05DF804FB00BF3444002070B5C37B45
:109664008688012B1DD104464FF6FF70FFF770FF6B
:109674000546B8B10680002303720F4B03CBC5F82F
:109684000A00C5F80E104FF6FF7340F2F31204F10E
:10969400100105F10A00FFF76FFF6872074BDB89C1
:1096A40023B170BD0420FFF799FFFAE7294630463D
:1096B400FFF7AEFFF5E700BF2C4400203444002040
:1096C40070B5044686883046FFF742FF70B1054600
:1096D4004FF6FF7340F2F31204F108010A30FFF76A
:1096E4004BFF687229463046FFF792FF70BD0000B9
:1096F400C288124BDB899A4200D0704770B5044689
:10970400038A022B00D070BD85882846FFF720FF0E
:1097140006460028F7D004F1120000F0C9F920B180
:1097240031462846FFF774FFEDE7706805F04EFAFE
:109734000028E8D0FFF752FFE5E700BF34440020DB
:1097440008B50388122B0FD006D8102B09D0112B83
:1097540009D1FFF74BFF06E0502B04D1FFF7C8FFF8
:1097640001E0FFF77BFF08BDFFF7AAFFFBE700005E
:1097740008B50146014806F065FB08BD64440020B5
:10978400F0B583B00190B9B116460F46019D85B975
:10979400284603B0F0BD0134132CF9D8214601A8A2
:1097A40006F050FB0028F6D03146A0B2B847013588
:1097B400F1E700242546EFE70025E9E7132801D95E
:1097C4000020704738B50446054D0146284606F08A
:1097D40012FB2146281F06F00EFB012038BD00BFF6
:1097E4006C44002038B50546002407E0054800EB2A
:1097F40084002946043006F018FB01341D2CF5D9E9
:1098040038BD00BF6444002008B50146014806F095
:109814000CFB08BD6C44002008B512B106F0EBFA4D
:1098240008BD06F002FBFBE730B583B005460191A5
:1098340000230360019B93B9284603B030BD013473
:10984400132CF9D8214601A806F0FCFA0028F6D01A
:109854002B685A1C2A6005EB43039C80EFE7002425
:10986400EEE7000010B598B0134A9368DB431793F2
:10987400516817A806F04EFB17996846FFF7D4FF06
:109884000DF1300C6C460FCCACE80F000FCCACE8FB
:109894000F0094E807008CE80700002407E018ABE9
:1098A40003EB440333F82C0CFFF79CFF01340C9BAF
:1098B400A342F4D818B010BD6444002070B5044627
:1098C40085880388103B0A2B1ED8DFE803F0061AAC
:1098D4001D1D1D1D1D1D1D3B1E00FFF7C3FF28463A
:1098E400FFF76CFF38B1E37B022B0DD129461B48EF
:1098F40006F081FA08E01A4AF021042005F078F80D
:1099040002E02846FFF780FF70BD027A1609154C65
:109914003F2A94BF0022012229462046FFF77CFFFC
:10992400022E94BF002201222946201FFFF774FF54
:10993400012E94BF002201222946A4F10800FFF75A
:109944006BFFE1E7037A002BDED1427AC2F3C00257
:1099540029460448FFF760FFD6E700BF70440020A3
:10996400FC6903007C440020132801D900207047BF
:1099740008B50146014806F065FA08BD68440020B0
:1099840010B50446FFF7F0FF08B9002010BD2146CA
:10999400034806F057FA08B90120F7E70220F5E773
:1099A4007044002010B50446FFF7DEFF08B900201C
:1099B40010BD2146034806F045FA08B90120F7E72F
:1099C4000220F5E76C44002010B50446FFF7CCFFF5
:1099D40000B910BD2146024806F034FAF9E700BF89
:1099E4007444002010B50446FFF7BEFF00B910BD53
:1099F4002146024806F026FAF9E700BF7844002021
:109A040010B50446FFF7B0FF00B910BD2146024867
:109A140006F018FAF9E700BF7C44002038B5054683
:109A24000C460846FFF7A4FE08B9002038BD2846B6
:109A3400FFF79AFF0028F8D00634044800EB8400AE
:109A44002946043006F0FEF9F0E700BF6444002024
:109A540070B506460C4615460846FFF789FE00B960
:109A640070BD3046FFF780FF0028F9D00634044863
:109A740000EB84002A4631460430FFF7CDFEEFE7C1
:109A84006444002070B504460E461546FFF770FE88
:109A940008B9002070BDA01D044B03EB8003586877
:109AA4002A463146FFF76CFEF4E700BF6444002009
:109AB400007800F001007047A0DF7047A1DF704715
:109AC400ADDF7047B3DF7047B4DF70478379012B94
:109AD40001D0002070470379012B01D0002070478A
:109AE400428842F602139A4201D0002070470120B6
:109AF400704738B50446408800F050FEA080002529
:109B040005B138BD204601F01DFF0135F8E700B569
:109B140087B00023019302930393049305930823CE
:109B24008DF80430ADF80600039101A8FFF7E1FFBA
:109B340007B05DF804FB000070B586B00023019304
:109B44000293039304930593ADF806004FF6FF7355
:109B540098422ED0044600F0CFFC054611283FD091
:109B640015D8D0B10B2826D110238DF804301D4808
:109B74001D4BC01AC008000422461C4940F00200D4
:109B840007F0D0FC01A8FFF7B4FF00220CE043F279
:109B9400020398420FD1002206E00F238DF804300F
:109BA40001A8FFF7A6FF0022114B19782046FFF702
:109BB4004FFF06B070BD0B4E0B4BF61AF608360479
:109BC400284607F0D1F8024623460A4946F0010028
:109BD40007F0B2FC29462046FFF799FF0022E3E78D
:109BE4000122E1E7B862030010620300986A0300EF
:109BF400E5440020186B030008B5FFF79DFF08BD7E
:109C040010B5044600F0DAFC00B910BD0122034B84
:109C140019782046FFF71CFFF7E700BFE444002053
:109C240010B582B0044600F0B9FD00236A4609214C
:109C340001F0CAF9052801D002B010BD0122034B7E
:109C440019782046FFF704FFF6E700BFE24400203E
:109C540008B500220649074B1878FFF713FF00B137
:109C640008BD00220449054B1878FFF70BFFF7E7FE
:109C74009D9E0200E6440020B59C0200E2440020C0
:109C840008B500220249034B1878FFF7FBFE08BD14
:109C9400B59F0200E444002008B500220249034BAA
:109CA4001878FFF7EFFE08BDFD9B0200E544002095
:109CB40010B582B004460023019342F6A623ADF802
:109CC400043001238DF80630084B1B6800936A4664
:109CD40001A9FFF7F1FE08B102B010BD0122044B47
:109CE40019782046FFF7B4FEF6E700BF3CB2030044
:109CF400E144002010B5044638B12368012B09D192
:109D0400BFF35F8F0023236010BD0549922005F047
:109D1400DDFFF2E70249932005F0D8FFF0E700BF2A
:109D24006C6B0300F0B585B006460F460DF10E00CE
:109D3400FFF7C8FE10B9012400250DE01A494FF4BD
:109D4400997005F0C3FFF6E7BDF8002042F6021350
:109D54009A421DD00134A4B2BDF80E30A3421FD9DB
:109D64000223ADF804300022ADF80620CDF808D067
:109D740069462046FFF7A8FE034690B9002DE3D1BB
:109D8400BDF8002042F605239A42E3D10125E1E71C
:109D9400029701AA21463046FFF792FE034600E0EF
:109DA4000523184605B0F0BDC46B030010B5044686
:109DB40048B10121204606F082F8BFF35F8FB0FA64
:109DC40080F0400910BD0249852005F07FFFF0E7CF
:109DD4006C6B030070B586B0054600F0EDFA1128EF
:109DE40047D0044619D8002846D00B2847D0254E22
:109DF400254BF61AF6083604204606F0B5FF02464F
:109E04002B46224946F0010007F096FB21462846DE
:109E1400FFF77DFE0024224623E0862806D043F285
:109E240002039842E3D1002422461AE00026019658
:109E3400029603960496059607238DF80430ADF830
:109E440006501048104BC01AC00800042A46104996
:109E540040F0020007F066FB01A8FFF74AFE344613
:109E640032460C4909782846FFF7F2FD204606B031
:109E740070BD00240122F4E701240022F1E700244C
:109E84002246EEE7B862030010620300A06C0300F0
:109E9400686C0300E644002010B504460648FFF74A
:109EA40085FF00B910BD2046FFF794FF0028F9D1C3
:109EB4000148FFF71FFFF5E7E844002070B586B0BE
:109EC400044600F08FFB054611280CD8112848D809
:109ED400DFE800F0174747474747334728474747D6
:109EE40047474747475D43F20203984252D043F243
:109EF4000143984235D12046FFF71EFE002501227A
:109F040022E0002301930293039304930593112306
:109F14008DF80430ADF8064001A8FFF7EAFD0125ED
:109F24002A4611E001A92046FFF7FCFE28B9BDF836
:109F3400043013B10025012206E0204600F02EFC77
:109F440000F082FB00252A46144B19782046FFF7BF
:109F54007FFD2A46124B19782046FFF779FD06B09B
:109F640070BD104E104BF61AF6083604284606F05B
:109F7400FBFE024623460D4946F0010007F0DCFAD9
:109F840029462046FFF7C3FD00250122DCE7002512
:109F94000122D9E700250122D6E700BFE4440020CE
:109FA400E3440020B862030010620300E06C030085
:109FB40010B50446044B1978FFF730FD00B110BD0D
:109FC4002046FFF77BFFFAE7E3440020037803B160
:109FD400704710B504464088FFF7AEFD6088FFF770
:109FE4000FFE6088FFF71CFEFFF732FE10BD000075
:109FF40010B582B00378092B03D0FFF729FE02B015
:10A0040010BD0446437A002BF7D1037A072B1DD0E9
:10A01400082B2CD0012BF0D16A460121808801F055
:10A024009DFA0028E9D1019B1B78002BE5D0A0887C
:10A0340000F0E8FB4FF6FF739842DED00122104B8C
:10A044001978FFF705FDFFF71BFED6E7808800F0BF
:10A05400D9FB04464FF6FF739842CED00122094B38
:10A064001978FFF7F5FC2046FFF7DAFDC5E7064B44
:10A074001B68012BC1D10448FFF73CFEBDE700BFBC
:10A08400E4440020E6440020E844002030B583B0D6
:10A0940004460D460022009201920123ADF80030DF
:10A0A40009238DF80230104B1978FFF7D1FC5DB10C
:10A0B4000E4B0193204600F071FB0022694600F02C
:10A0C400F5FF18B903B030BD094BF2E7094C0A4A51
:10A0D400A41AE408240406F047FE0246074944F0A3
:10A0E400020007F01FFAEDE7E244002038B2030053
:10A0F40034B20300B862030010620300206D030051
:10A1040030B587B0044685880388353B1F2B14D8A7
:10A11400DFE803F0499413131313131313131313E6
:10A124001313131313131313131313131313133BD3
:10A13400131013192846FFF7FFFCFFF7ADFDFFF7D7
:10A144009FFD07B030BD002401940294039404944D
:10A15400059412238DF80430ADF80650284600F01B
:10A164001DFBADF8080000F06FFA22464D4B19783C
:10A174002846FFF76DFC22464B4B19782846FFF71B
:10A1840067FC01A8FFF7B5FCD7E70630FFF79EFC94
:10A194000028D2D00122454B19782846FFF758FCF5
:10A1A400FFF756FDC9E7424B19782846FFF736FCFE
:10A1B4000028C2D000223E4B19782846FFF748FCFD
:10A1C400E288B2F5857F10D0A2B96289012A1CD138
:10A1D400A289012A24D03748374BC01AC00800048A
:10A1E400364940F0020007F09DF900212846FFF7A8
:10A1F4004DFFA2E72F48304BC01AC0080004304975
:10A2040040F0020007F08EF9EFE72A482A4BC01A03
:10A21400C00800042B4940F0020007F083F9D7E797
:10A224000022E1892846FFF749FC0028DDD10122FC
:10A23400254B19782846FFF70BFC7EE7224B19784B
:10A244002846FFF7EBFB00283FF477AF00221E4BB4
:10A2540019782846FFF7FCFBE28852B9E289012A03
:10A2640013D1217C003918BF01212846FFF70EFFC6
:10A2740063E71048104BC01AC0080004104940F0AE
:10A28400020007F04FF90021EFE70A480A4BC01A11
:10A29400C0080004094940F0020007F043F9002116
:10A2A400E3E700BFE3440020E4440020E644002048
:10A2B400E1440020B862030010620300F86D03005B
:10A2C400806D0300BC6D0300E0440020AFDF7047E5
:10A2D400B1DF7047B2DF7047B3DF704738B504466B
:10A2E400808800F08FFA6080002505B138BD2046D3
:10A2F40001F02CFB0135F8E730B589B0224B93E827
:10A30400030008AB03E903000BE007238DF80430D6
:10A3140001A8FFF7E3FF35E01C4C208800F045FF5F
:10A3240020801A4B18884FF6FF7398422AD00022D7
:10A3340006A900F0BBFE04460028EDD000230193DB
:10A344000293039304930593104B1B88ADF80830D4
:10A35400112817D08628D8D00D4D0E4BED1AED08D4
:10A364002D0406F001FD0246084B1B880A4945F0FE
:10A37400010007F0E1F808238DF80430039401A8E4
:10A38400FFF7ACFF09B030BD48B20300EE44002033
:10A39400C062030010620300486E030008B5054B59
:10A3A4001A884FF6FF739A4200D108BDFFF7A4FF45
:10A3B400FBE700BFEE4400202DE9F04784B082465D
:10A3C40000F0ECF94FF6FF73984200F087800746DF
:10A3D400012449E002AA0821384601F0BFF888B9EF
:10A3E400B8F8042003998B889A420DD10631284687
:10A3F4000BF014FE40B90821384601F025F9D8B90C
:10A404000B2607E0052807D13A460821384601F013
:10A4140073F90646002525E0334C344AA41AE408AF
:10A42400240406F0A1FC02465346314944F00100DD
:10A4340007F082F8032653E02B4D2C4AAD1AED08A1
:10A444002D0406F091FC03463A462A4945F00100E2
:10A4540007F072F80326DDE701250821384601F0EC
:10A46400F3F818BB002D3BD022460134A4B26B464E
:10A474000821384601F078F8814638BBDDF80480BD
:10A484000323454645F8063B08F104022946504695
:10A49400FFF720FF064600289CD00C28DCD00528B6
:10A4A40001D00025D9E74E460025D6E70E4E0F4AC7
:10A4B400B61AF608360406F057FC03463A460D4928
:10A4C40046F0010007F038F80326CBE7072802D14D
:10A4D40000250C26C6E706460025C3E743F202061C
:10A4E400304604B0BDE8F087C06203001062030088
:10A4F400A06E0300D86E03002DE9F04182B005463A
:10A5040000F04CF94FF6FF73984205D1032400265E
:10A5140037464FF0010825E06A46082101F01EF88D
:10A5240020B9019B9F1D9E881C68F2E70324002626
:10A534003746EEE726B14FF00008032446460FE005
:10A544001B481C4BC01AC00800042A461A4940F094
:10A55400010006F0E7FF4FF00008032000E011209F
:10A564000B281CD12346324639462846FFF7B0FE55
:10A574000428F4D008280CD00B28F1D114F0020FD1
:10A5840009D1002FD6D04FF0000803244646474691
:10A59400E6E70020E4E74FF000080124E0E7B8F123
:10A5A400000F02D002B0BDE8F0810B20FAE700BF33
:10A5B400C062030010620300586F030000B585B049
:10A5C4000DF10F03029300F0E9F801AA012100F054
:10A5D400C5FF20B9029B187805B05DF804FB002084
:10A5E400FAE7000010B504461348FFF775FE90B172
:10A5F400124C134AA41AE408240406F0B5FB0246DC
:10A60400104944F0010006F08DFF032010BD43F211
:10A6140003039842FAD14FF6FF72074B198820467C
:10A62400FFF754FE43F203039842F0D1024A138821
:10A6340001331380EBE700BFEC440020C062030049
:10A6440010620300D06F030000B583B084466B46EC
:10A65400064A92E8030083E8030000221946604694
:10A6640000F024FD03B05DF804FB00BF50B203000A
:10A6740046DF704738B50546002405E0044B53F81F
:10A684002430284698470134012CF7D938BD00BF3F
:10A6940058B2030000230F2B03D8C25C1AB901334C
:10A6A400F9E7002070470120704778B181B108B5FF
:10A6B40003780A785340012B0CD80622013101306B
:10A6C4000BF0ACFCB0FA80F0400908BD00207047E4
:10A6D400002070470020F8E72DE9F04104460D46BC
:10A6E40000F1110701F111081022013101300BF0C2
:10A6F40095FC50B90646601CFFF7CCFF30B1681CCE
:10A70400FFF7C8FF10B1012600E0002606F001069D
:10A7140041463846FFF7C9FF637C03F0FE03042B70
:10A724000CD0062B11D06B7C03F0FE03042B0ED04F
:10A73400062B01D0012302E0002300E0002300B136
:10A744003BB946B153B1002006E00023F7E70023EC
:10A75400F5E7012000E00020BDE8F0810120FBE7DF
:10A7640070B584B006460D4600F06AFC01AA0DF1EE
:10A774000E01072000F06CFC50B1BDF80E40AC4255
:10A78400F4D002993046FFF7A7FF0028EED001E08D
:10A794004FF6FF74204604B070BD000013280DD896
:10A7A40010B50446FFF7E0F828B104EB8404054B28
:10A7B40033F8140010BD4FF6FF70FBE74FF6FF703F
:10A7C400704700BFF0440020132816D838B504465B
:10A7D4000D46FFF7C9F868B104EB8404084B03EB9A
:10A7E4004403D3F802202A60DA881B7AAA80AB716A
:10A7F400002038BD43F20200FBE743F20200704739
:10A80400F044002038B505464FF6FF73984216D041
:10A81400002401E00134A4B2132C0CD804EB84030B
:10A82400084A32F81330AB42F4D12046FFF79CF8C3
:10A834000028EFD001E04FF6FF74204638BD0446EF
:10A84400FBE700BFF0440020038843B9072B04D87A
:10A85400C21892782AB90133F8E700207047012022
:10A8640070470120704738B504460D46FFF7ECFFEA
:10A8740068B122882B889A4208D10822A91CA01CFE
:10A884000BF0CCFBB0FA80F0400900E0002038BDAA
:10A8940030B585B0054600F0D3FB01AA0DF10E01D9
:10A8A400072000F0D5FB88B1029C04F1460128463C
:10A8B400FFF7D9FF30B904F12A012846FFF7D3FF87
:10A8C4000028EAD0BDF80E0005B030BD4FF6FF7089
:10A8D400FAE70000132804D800EB8000014B23F8AA
:10A8E40010107047F044002038B50546FFF78AFF82
:10A8F4000446284600F0B2FE40B9132C06D804EBF7
:10A904008404034B4FF6FF7223F8142038BD00BFB4
:10A91400F044002010B58CB0144600230AE0C3F1C3
:10A924000F0C10F80CE003F130020DEB020C0CF8E4
:10A9340030EC01330F2BF2D90023049305930693D3
:10A944008DF81C3007E0C3F10F02C85C30326A4452
:10A9540002F8200C0133022BF5D96846FFF788FE74
:10A96400002307E0C3F10F0230326A4412F8102CBE
:10A97400E2540133022BF5D90CB010BD0346027822
:10A9840002F0FE02042A01D00020704700B585B011
:10A994000846B3F80110DA78ADF80C108DF80E20E3
:10A9A4009A889B79ADF804208DF8063002AA01A993
:10A9B400FFF7B0FF032202A903A80BF02FFBB0FAA4
:10A9C40080F0400905B05DF804FB00000388102BFB
:10A9D40072D100B593B00DF11C0E00F1040CBCE86B
:10A9E4000F00AEE80F00BCE80F00AEE80F009CE8D3
:10A9F40007008EE807009DF8203003F0FE03062BC5
:10AA04001BD14FF6FF71BDF81C202C4B02EB8200CA
:10AA140023F8101003EB40030898C3F80200BDF8B4
:10AA240024C09DF82600A3F806C018724FF6FF73E1
:10AA3400994236D113B05DF804FB00F001FB9DF898
:10AA440020305A08032B15D9022A10D102AA0DF17D
:10AA54000601072000F0FCFA00B30399013108A8AD
:10AA6400FFF78CFF0028F1D0BDF80610CBE74FF6B6
:10AA7400FF71C8E702AA0DF10601072000F0E8FA09
:10AA840048B10399113108A8FFF70FFE0028F1D04F
:10AA9400BDF80610B7E74FF6FF71B4E74FF6FF7144
:10AAA400B1E7ADF80A20ADF80C1000238DF808309A
:10AAB40002A8FFF7DFFDBDE7704700BFF0440020A8
:10AAC4008ADF70478BDF70478CDF704790F82E3039
:10AAD40043F0040380F82E30A023038650234386DA
:10AAE4000022828690F82E3062F3C40380F82E3060
:10AAF400012380F82F3070474FF4C8734385062331
:10AB040083841823C38400230385704700B587B06A
:10AB140000230193029303930493059306238DF872
:10AB240004300B1D02930B88ADF80C3000F12E039A
:10AB34000593C36B0BB101A8984707B05DF804FBFC
:10AB440030B587B0002301930293039304930593D4
:10AB54000B79012B01D007B030BD05460C460C48DB
:10AB64000C4BC01AC00800040B4940F0040006F066
:10AB7400D3FCEB6B002BEED004228DF804202E3591
:10AB8400059522798DF8082001A89847E3E700BFCE
:10AB94007062030010620300507003002DE9F0415D
:10ABA40005460E4691F82070B0F81C80002401E0A0
:10ABB4000134E4B2BC4209D206EB44124146A8690E
:10ABC400FEF79AFC03460028F2D000E00023184662
:10ABD400BDE8F08190F82E3003F01803082B03D061
:10ABE400182B03D0002070470120704701207047C4
:10ABF40008B5FFF767FF08BD2DE9F04186B090F86E
:10AC04002C8090F8233013B906B0BDE8F0810446D7
:10AC14008D1C00F12E0600F12407FFF7E9FF002345
:10AC24000193029303930493059343463A463146B2
:10AC34002846FFF749FF06460D4D0E4BED1AED0869
:10AC44002D0445F004050C49284606F065FC05234F
:10AC54008DF80430029632460849284606F062FC14
:10AC6400002ED1D0E36B002BCED001A89847CBE7C0
:10AC740070620300106203006870030074700300C4
:10AC840070B586B004460D460023019302930393E6
:10AC94000493059300F12E030593FFF79BFFC8B9B6
:10ACA40094F8226094F821302BBB002211460295BF
:10ACB400002E3AD0914230D003238DF80430E36B58
:10ACC4000BB101A8984704F160010020FFF7F8FEDA
:10ACD40006B070BD02238DF804300295E36B01A821
:10ACE400984704F160010020FFF7EAFE2946204658
:10ACF400FFF782FFECE721462846FFF74FFF0346A4
:10AD040040B19DF80C2042F001028DF80C20012284
:10AD14001146CCE700220121C9E700238DF8043055
:10AD240029462046FFF768FFC9E7002BC4D000235B
:10AD34008DF8043029462046FFF75EFFBFE7002860
:10AD44003CD038B50D460446C263232200210BF0E3
:10AD5400D1F94DB32B7984F823302B7B84F82C3034
:10AD64002B68CBB1186859689A68C4F82E00C4F8E7
:10AD74003210C4F836209B896387AA6882B104F133
:10AD840024031068516803C304F1400323661F239E
:10AD9400A4F86430002038BD2046FFF797FEECE7A6
:10ADA4002046FFF7A9FEEFE72046FFF78FFE204677
:10ADB400FFF7A2FE002384F82330E5E70E20704756
:10ADC40010B586B0002837D00446002301930293BF
:10ADD400039304930593FFF70BFF2046FFF7FAFE56
:10ADE40030B1E36B23B101228DF8042001A8984708
:10ADF40004F1600104F12E00FFF762FE0446082806
:10AE040000D068B90D480E4BC01AC00800040D49A3
:10AE140040F0040006F080FB0024204606B010BD7C
:10AE24000648074BC01AC00800042246064940F0F1
:10AE3400010006F077FBF0E70E24EEE770620300F2
:10AE440010620300B07003008C70030008B5034661
:10AE5400084603F10802194631F8043B1B2B0AD0BB
:10AE64001D2B04D0102B05D1FFF750FE02E0114634
:10AE7400FFF706FF08BDFFF763FEFBE7A0F5804080
:10AE840080B2704700F5804080B27047A0F58040E2
:10AE940080B270470138082806D8DFE800F00705BB
:10AEA40005070707070707000020704701207047C0
:10AEB40038B505464FF6FF734380002404B138BD0E
:10AEC400284600F017FB0134F8E700B587B00023EB
:10AED4000193029303930493059308238DF804309C
:10AEE400ADF80800039101A8FFF7E2FF07B05DF891
:10AEF40004FB000030B587B00023234A137001938C
:10AF040002934FF6FF7000F0B3FC044606E02046BF
:10AF140000F056FC204600F0ABFC04464FF6FF73ED
:10AF24009C420AD02046FFF7A9FF01AA03A904F016
:10AF3400E1FD48F209639842E9D04FF6FF739C4261
:10AF440001D107B030BD2046FFF798FF04F090FD13
:10AF5400054648F20763984212D00028F1D00B4806
:10AF64000B4BC01AC008000423462A46094940F086
:10AF7400010006F0E1FA29462046FFF7A6FFE0E7C4
:10AF8400014B01221A70DCE7C0450020E062030097
:10AF940010620300C870030070B582B00E461546F7
:10AFA400002300930193FFF769FF04463046FFF73F
:10AFB4006DFF01466B462A46204604F07FFD08B922
:10AFC40002B070BD0520FBE7F0B587B0FF282DD88F
:10AFD40005460C4617461E460846FFF75BFF38B386
:10AFE40003AA21462846FFF7D7FF28BB01A903A8D7
:10AFF40004F0D2FC054608BBBC70019B5B883B8017
:10B0040076B19C003368A34228BF23461E461A46E5
:10B01400029978680BF03CF8B44203D90C2508E097
:10B02400029B7B6003A804F0E3FC02E0072500E038
:10B034000725284607B0F0BD0525FAE70525F8E7FA
:10B04400024B00221A605A60704700BFB8450020C6
:10B05400F0B587B007460E461446FFF71BFF18B934
:10B064000125284607B0F0BD05463846FFF70EFF18
:10B074000D4A03A904F030FD08B10025F1E701A948
:10B0840003A804F089FC08B10025EAE7A770019B36
:10B094005A882280029A62609888FFF7F3FE308013
:10B0A40003A804F0A5FCDCE7B8450020F0B587B0A0
:10B0B400FF2856D806460C4617468D782846FFF7D3
:10B0C400E9FE00284FD03046FFF7D8FEADF80C005B
:10B0D4002846FFF7DBFEADF80E006368049323886F
:10B0E40005936A46A1783046FFF756FF05281AD023
:10B0F40003A9684604F0B2FC0446E4B148F20D63C7
:10B104009C4220D848F202639C421CD3A4F5064317
:10B11400023B0B2B17D8DFE803F0141616162A0C83
:10B1240016161616160C03A9684604F091FC04467C
:10B13400E3E7112418E0BFB13946684604F0E8FC9F
:10B1440012E0102410E00B480B4BC01AC008000496
:10B1540033462246094940F0010006F0EDF9032484
:10B1640002E0072400E00724204607B0F0BD86244F
:10B17400FAE700BFE06203001062030014710300E9
:10B1840008B54FF6FF7000F001FB08BDFF2806D894
:10B1940008B500F003FBFFF7ADFE002008BD072053
:10B1A400704708B500F01AFB08BD08B500F048FB6D
:10B1B40008BD08B500F05CFB08BD4FF6FF730380C3
:10B1C4008370FF234372837A23F002038372DBB21A
:10B1D40023F001038372002303724360704700006D
:10B1E4000B68032B14D810B403EB4302094C34F856
:10B1F4002220824204D00133032BF5D9002004E03D
:10B204000B6003EB430304EB83005DF8044B7047CE
:10B2140000207047C445002030B583B005460C4675
:10B224000023019301A9FFF7DBFF06E0019B013333
:10B23400019301A92846FFF7D3FF48B18378A342BD
:10B24400F4D1837A13F0030FF0D14368002BEDD1CE
:10B2540003B030BD0023032B0DDC03EB4301074A8D
:10B2640002EB81025268824201D00133F3E70348C2
:10B2740000EB810070470020704700BFC4450020E8
:10B2840008B5FF214FF6FF70FFF7C6FF08BD58B1A0
:10B2940070B50D4614460646FFF7F2FF306010B154
:10B2A400058033689C7070BD7047000038B5054652
:10B2B400002405E0044B53F8243028469847013411
:10B2C400032CF7D938BD00BF60B2030003EB83033E
:10B2D4001B019BB2817042609B080380704708B5D4
:10B2E4009BB2FFF7F3FF08BD8378013B072B13D80C
:10B2F400DFE803F007121212120A040D142303806C
:10B30400704701230380704701230380704743681B
:10B314009B8809339B0803807047000038B50546B5
:10B32400002406E0697A2144C9B2054800F093FC80
:10B3340001342B7AA342F5D82846FFF73EFF38BDE7
:10B34400F445002030B583B00446002300930193F4
:10B3540083788DF80230417A2D4800F068FC20B3E0
:10B364000246237AA1786846FFF7B9FF6846FFF7DB
:10B37400BBFF224632F8040B6946FFF797FE1128FB
:10B3840038D01FD860B3072832D0224D224BED1A93
:10B39400ED082D0405F0E8FC024623881F4945F01A
:10B3A400010006F0C9F8032022E01A481A4BC01A1B
:10B3B400C0080004627A1A4940F0010006F0B2F8AD
:10B3C400032015E08628E0D1A37A23F00203A372B8
:10B3D400DBB243F00103A372124B01221A7007E09F
:10B3E400A37A23F00203A372DBB223F00103A37256
:10B3F40003B030BDA37A43F00203A372DBB223F09F
:10B404000103A372074B01221A700020F0E700BF6A
:10B41400F4450020D862030010620300C0710300E9
:10B4240080710300C145002030B587B00446FFF7A2
:10B4340089FF10B9012007B030BD4FF6FF72ADF897
:10B4440006202288ADF80820862807D107238DF826
:10B45400043001A8FFF72AFF0020ECE708228DF84A
:10B4640004200390074D084AAD1AED082D0405F099
:10B474007BFC02462388054945F0010006F05CF890
:10B48400E7E700BFD862030010620300F071030015
:10B4940038B5164B1B783BB305460024134B1C7080
:10B4A4000DE0124B01221A7001B93DB104EB4400C6
:10B4B4000F4B03EB8000FFF7B7FFA8B10134032C57
:10B4C40012D804EB44020A4B03EB82039B7AC3F3C6
:10B4D400400113F0020FE4D1054B03EB82039B7A86
:10B4E40013F0010FEAD0DCE738BD00BFC1450020EE
:10B4F400C445002038B50446C068FFF7ABFE237886
:10B504000A2B0AD0142B15D0092B1BD1637ADBB973
:10B51400E0B1FFF703FF00250DE0637AC3B9C8B1BA
:10B5240000254560837A43F0020383720A4B0122AB
:10B534001A7003E001252046FFF7B8FE2846FFF7FE
:10B54400A7FF38BD0025F6E70025F4E70025F2E75C
:10B554000025F0E70025EEE7C145002008B50023EB
:10B56400FFF732FD08BD0000002B59D0F0B583B0C1
:10B5740006460C4615461F46CB1FDBB2012B51D89D
:10B58400531E032B51D8FFF747FE0190D0B1037A25
:10B59400AB424CD1019E737AFF2B1DD00026019B38
:10B5A4001D72597A244800F042FB024618B3ABB22C
:10B5B40021463846FFF78AFE002E3AD0082C28D0C0
:10B5C400002030E02246314601A8FFF760FE019BCF
:10B5D400002BDFD1112026E02946174800F050FB4C
:10B5E40070720198437AFF2B01D00126D7E7FFF749
:10B5F400E4FD112017E01148114BC01AC0080004E3
:10B60400019B5A7A0F4940F0010005F08BFF03209B
:10B6140009E03B887A689B00063B9380002002E0A7
:10B624000E207047072003B0F0BD0720FBE70F2072
:10B63400F9E70020F7E700BFF4450020D8620300D3
:10B64400106203005072030008B5FFF7E5FD18B15E
:10B65400FFF764FE002008BD0520FCE770B584B048
:10B6640005460023039303A9FFF7BAFD044607E048
:10B67400039B0133039303A92846FFF7B1FD044656
:10B68400D4B1A1782846FFF7DFFF0028F0D00528C1
:10B69400EED0154E154AB61AF608360405F064FBCA
:10B6A4000246A37800932B46114946F0010005F0A9
:10B6B4004EFF032004B070BD2846FFF767FD002845
:10B6C400F8D00728F6D0084C084BE41AE408240400
:10B6D40005F04AFB03462A46064944F0010005F0FA
:10B6E4002BFF0320E6E700BFD862030010620300CB
:10B6F400C47203001C730300CB1FDBB2012B11D8EF
:10B7040070B506460C4615461046FFF74AFD58B17B
:10B7140021463046FFF780FD40B105808470FFF775
:10B7240011FE70BD072070470720FAE70520F8E7EF
:10B7340010B5044608464FF6FF739C4204D0FF2C14
:10B744000CD94FF6FF7010BD4FF4807104F083FBE9
:10B7540080B2B0F5807FF6D12046F4E7214604F0AC
:10B7640056FB80F0010010F0FF0F01D02046EAE7FD
:10B774004FF6FF70E7E708B50346FF2800D908BD78
:10B784000846194604F051FBF9E7000008B50249E0
:10B79400FFF7CEFF08BD00BF044600204FF6FF733D
:10B7A400984209D010B504460449FFF7C1FF84420A
:10B7B40014BF0020012010BD002070472446002043
:10B7C40038B50446044D2946FFF7D5FF05F120019D
:10B7D4002046FFF7D0FF38BD04460020FF2801D9DA
:10B7E4000020704708B50146014804F02BFB08BD52
:10B7F40004460020FF2801D90020704708B50146FF
:10B80400014804F01FFB08BD2446002038B50D464E
:10B814004FF6FF73984202D0441CA4B203E0002404
:10B8240001E00134A4B2FF2C06D82146284604F0D6
:10B8340009FB0028F5D001E04FF6FF74204638BD1F
:10B8440010B50A49FFF7E2FF044604E00749204621
:10B85400FFF7DCFF04464FF6FF739C4204D02046FA
:10B86400FFF7C8FF0028F1D1204610BD0446002090
:10B8740008B50249FFF7CAFF08BD00BF24460020EF
:10B8840038B50546002405E0054B53F82430284616
:10B8940098470134034B1B78A342F5DC38BD00BF45
:10B8A400484600204446002010B586B084880388AA
:10B8B400102B06D0144B19782046FEF7AFF806B0CB
:10B8C40010BD00238DF80330019302930393049376
:10B8D400059301238DF804304FF6FF73ADF808305B
:10B8E400ADF80640083003900DF10303049301A85A
:10B8F400FFF7C6FF9DF80320034B19782046FEF797
:10B90400A7F89DF80300DAE72C2B0020094B1B78DD
:10B9140003B9704710B50446FFF7C6FF00B110BD68
:10B924002046FFF753F8204601F032F82046FEF790
:10B93400E7FBF4E76246002018B108B5FFF7A0FF63
:10B9440008BD704708B5FFF79BFF08BD08B5FFF7B2
:10B9540097FF08BD08B5FFF793FF08BD2DE9F04F29
:10B9640087B00193364B1B78002B63D083468A46FD
:10B9740091464FF6FF70FFF718FC04460023059329
:10B98400042204920293039305AB039304AB02AA2B
:10B994000621FFF719FB072850D04FF6FF77B8466A
:10B9A4004FF0FF35002611E0059BB34201D3A046BA
:10B9B4001E46AB4201D227461D462046FFF7F5FB43
:10B9C400044604AB02AA0621FFF7FEFA0028EBD0D6
:10B9D4000528F2D04FF6FF739C421BD1984517D02F
:10B9E4009F4213D00020BBF1000F01D0ABF80080C0
:10B9F400BAF1000F01D0CAF80060B9F1000F01D00C
:10BA0400A9F80070019BB3B11D6014E00520EAE7BA
:10BA14000520E8E70B4D0C4BED1AED082D0405F05D
:10BA2400A3F902462346094945F0010005F084FDC7
:10BA3400032000E0082007B0BDE8F08F0520FAE7F6
:10BA440062460020B06203001062030084730300A6
:10BA540008B500231A460C490C48FFF77FFF052858
:10BA640004D068B1052809D000220AE0074B4FF63C
:10BA7400FF721A80044B00221A60F2E7012200E0F0
:10BA84000122034B1A7008BD58460020544600207A
:10BA94006146002030B587B004468088FEF7B2FEC8
:10BAA40060802378093B032B00F28280DFE803F0F7
:10BAB4000232457D637AE3B94D4B1B6813B1E268EA
:10BAC40093420ED04B4B1B78002B71D0A2884A4B6B
:10BAD4001B889A426CD1237A062B69D1FFF7B8FFF1
:10BAE40066E00023424A1360A188434A1180E36060
:10BAF4005EE0012B5CD13F4B1B78002B58D0A28811
:10BB04003D4B1B889A4253D1237A062B50D1FFF721
:10BB14009FFF4DE0637A002B4AD1354B1B68002B05
:10BB240046D0E268934243D10022314B1A60334934
:10BB34000B68013B0B60E2603AE0314B1D7855B96C
:10BB440001252C4B1B7823B1A2882B4B1B889A42CE
:10BB540028D085B32CE04FF6FF70FFF726FB4FF695
:10BB6400FF739842EDD11846FFF723FB4FF6FF739E
:10BB74009842E6D10025224B1D700195029503954C
:10BB8400049505950D238DF804304FF6FF73ADF839
:10BB94000830ADF806302046FFF772FE01A8FFF723
:10BBA4006FFECEE7FFF754FFD3E7154B1B7823B99D
:10BBB4002046FFF765FE07B030BD0023104A13701E
:10BBC400019302930393049305930E238DF8043099
:10BBD4004FF6FF73ADF80830ADF80630A368039351
:10BBE4002046FFF74DFE01A8FFF74AFEE3E700BF3A
:10BBF4005C46002061460020544600205846002040
:10BC04006046002008B504F002F980F00100C0B2DB
:10BC1400BFF35F8F08BD08B5BFF35F8F04F012F95F
:10BC240008BD08B5BFF35F8F04F0FFF808BD38B551
:10BC3400054668B10C46006850B1686840B1FF29F8
:10BC440007D0FFF7E8FF20B12868EB6803FB040086
:10BC540038BD0020FCE790B138B50C4605460368B2
:10BC64001BB1406808B1FF2900D138BDFFF7D3FFED
:10BC74000028FAD021466868FFF7D3FFF5E770473C
:10BC8400F8B550B30F460646036843B3436843B35D
:10BC94000025FF2405E02B1B0133BB421BD00135DB
:10BCA400EDB2B3689D4215D229467068FFF7AAFF2A
:10BCB40018B1FF2CEFD12C46EDE7FF2CEFD005E0B7
:10BCC40021463046FFF7C7FF0134E4B2A542F7D856
:10BCD400FF24E4E7FF242046F8BDFF24FBE7FF240C
:10BCE400F9E7FF24F7E77EDF70477FDF704786DFE1
:10BCF400704708B5FFF7F7FF042800D008BD1120EE
:10BD0400FCE719B108B5FFF7F4FF08BD0020704740
:10BD140038B504464088FEF741FDA080002505B1F2
:10BD240038BD204600F004FE0135F8E700B587B0C1
:10BD340000230193029303930493059305238DF841
:10BD44000430ADF8060001A8FFF7E2FF07B05DF884
:10BD540004FB00B587B0002301930293039304937B
:10BD6400059308238DF80430ADF80600039101A86B
:10BD7400FFF7CEFF07B05DF804FB000000B587B005
:10BD840094460022019202920392049205924FF08B
:10BD9400040E8DF804E0ADF806008DF80C10ADF833
:10BDA4000EC08DF81030054B1978FDF751FE01A82F
:10BDB400FFF7AEFF07B05DF804FB00BF302B002097
:10BDC40000B587B000230193029303930493059372
:10BDD40002238DF80430ADF806008DF80C1001A88C
:10BDE400FFF796FF07B05DF804FB000070B5054649
:10BDF4000C4616460A460E4B1978FDF729FE04B97F
:10BE040070BD321E18BF01220A4B19782846FDF76F
:10BE14001FFE012E14BF00220122074B1978284669
:10BE2400FDF716FE31462846FFF7CAFFE8E700BFD4
:10BE3400302B00202F2B00202E2B002000B587B0A4
:10BE440000230193029303930493059306238DF82F
:10BE54000430ADF80600039101A8FFF759FF07B0BD
:10BE64005DF804FB10B504460088FDF789FD012840
:10BE740005D0214631F8040BFFF7E0FF10BD024660
:10BE84002088237913F0010F00D102220121FFF74A
:10BE9400ADFFEEE700B587B000230193029303934F
:10BEA4000493059307238DF80430ADF8060001A828
:10BEB400FFF72EFF07B05DF804FB00B587B003233E
:10BEC4008DF804300388ADF80630437913F0040F7D
:10BED4000AD001238DF80C308DF80D1001A8FFF75E
:10BEE40017FF07B05DF804FB0223F3E7F0B583B056
:10BEF40043B304460E4617461D4600F580706B4654
:10BF04000122072180B2FFF72FFB112818D030BB84
:10BF14005022002101980AF0EDF8019B1E7001994E
:10BF240001F134032B60EF6001F118032B614B1C0A
:10BF34006B611B4BEB6111312046FEF745FCF0B9F8
:10BF440003B0F0BD1748184BC01AC0080004174AC4
:10BF5400174940F0010005F0E5FA0320F0E7114D20
:10BF6400114BED1AED082D0404F0FEFE02462346A3
:10BF7400104945F0010005F0DFFA0320E0E7094D20
:10BF8400094BED1AED082D0404F0EEFE024623469B
:10BF9400094945F0020005F0CFFA0820D0E700BFB8
:10BFA40064460020F06203001062030070B20300D4
:10BFB4000075030034750300987503002DE9F843F8
:10BFC40004460D461646184B1978FDF727FD90B127
:10BFD400012704F58070072180B2FFF735FB804606
:10BFE40008B1052809D133462A4639462046FFF7C9
:10BFF400C5FEBDE8F8830227EBE70C4B0C4AA3EB24
:10C0040002094FEAD9094FEA094904F0ADFE024694
:10C014002346084949F0010005F08EFA41462046BE
:10C02400FFF797FEDFE700BF2E2B0020F06203002E
:10C0340010620300E875030070B506460C46154609
:10C044000C4B1978FDF7EAFC00B970BD0A4B19785E
:10C054003046FDF7E3FC28B12A4621463046FFF777
:10C06400ADFFF2E72B46224600213046FFF786FE5D
:10C07400EBE700BF302B00202F2B002008B50379FD
:10C084003D2B06D04FF4885100220088FFF7D4FFDF
:10C0940008BD41F23D01F7E708B5427902F0030219
:10C0A40001790088FFF7C8FF08BD0000F0B585B02E
:10C0B400044600F10C063046FEF7EAFB4FF6FF7328
:10C0C400984227D0054601462088FEF703FC00224B
:10C0D40001212088FFF78AFE4FF6FF739D421ED18F
:10C0E400002700231A4639462088FFF700FE06463B
:10C0F400082833D000283CD1A37D13F0010F4BD086
:10C10400002F49D1002341F2060219462088FFF787
:10C1140035FE41E02088FEF741FB0546D7E702AA39
:10C1240007212846FFF71AFAA0B9039FA37D13F04D
:10C13400010F11D097F8443013F0010F01D03437B8
:10C14400CFE7314607F14600FEF78DFB0028F6D114
:10C154000027C6E70027C4E70027C2E70F48104BB3
:10C16400C01AC00800040F4940F0020005F0D4F9D9
:10C1740012E00A4F0A4BFF1AFF083F0404F0F4FDD3
:10C18400024600952388084947F0010005F0DFF9CD
:10C1940031462088FFF7DDFD05B0F0BDF0620300F5
:10C1A4001062030054760300C47603002DE9F043C3
:10C1B40085B00446078800225D4B19783846FDF7A0
:10C1C40047FC637913F0040F3FD007F58076B6B2CD
:10C1D40002AB012207213046FFF7C6F9804600284A
:10C1E4003AD13846FEF7DAFA05464FF6FF7398421D
:10C1F40049D04FF000082A4607213046FFF77CFA61
:10C204008146002800F08680862800F08880494E08
:10C21400494BF61AF608360404F0A6FD02460095CA
:10C224003B46464946F0010005F091F94946384637
:10C23400FFF78FFD00212046FFF73FFEB8F1000F06
:10C2440007D02846FEF750FB03E000212046FFF705
:10C2540034FE05B0BDE8F083364D374BED1AED08DA
:10C264002D0404F081FD02463B46354945F00100AA
:10C2740005F062F941463846FFF76BFD0021204680
:10C28400FFF71BFEE5E719460398FEF769FA054632
:10C294004FF6FF7398421CD001463846FEF71AFB4E
:10C2A400284B19783846FDF7B9FB804610B14FF09A
:10C2B4000008A0E73846FFF739FD224B19783846C5
:10C2C400FDF7ACFB002896D100212046FFF7F5FDD1
:10C2D400BFE7FEF755FF05464FF6FF73984206D0B9
:10C2E40001463846FEF7F6FA4FF0010883E7114895
:10C2F400114BC01AC0080004134940F0010005F0B6
:10C304000BF904213846FFF724FD00212046FFF7EE
:10C31400D4FD9EE701212046FFF7CFFD99E738467B
:10C32400FFF7B8FD01212046FFF7C7FD91E700BFE5
:10C33400302B0020F062030010620300C477030076
:10C34400347703002D2B00209077030008B5037980
:10C3540013B9FFF72BFF08BDFFF79EFEFBE70000B4
:10C3640010B586B00446144B19780088FDF756FBC7
:10C3740008B106B010BD2088FDF726FB38B90123AB
:10C3840041F2060200212088FFF7F8FCF1E70022C1
:10C394000A4B19782088FDF75BFB03238DF80430E2
:10C3A4002388ADF8063000238DF80C308DF80D305D
:10C3B40001A8FFF7ADFCDCE72F2B0020302B002079
:10C3C4002DE9F04188B007460D461646FDF7D8FA28
:10C3D400044620220021684609F08CFE012C16D068
:10C3E400002C4FD0002D3FD03846FEF7D7F94FF63A
:10C3F400FF73984227D0012C10D04FF000082B78FF
:10C4040013F0010F25D10396204B07932EE0002251
:10C414001F4B19783846FDF71BFBE1E71C4B1978D5
:10C424003846FDF7FBFA10B14FF00008E7E738464D
:10C43400FFF77CFC164B19783846FDF7EFFA28B164
:10C444004FF00008DBE74FF00008D8E74FF085080D
:10C45400D5E7B8F1850F09D06B46324621463846F8
:10C46400FFF744FD58B901E04FF08508012C00D0D6
:10C4740000256B462A4641463846FFF736FC08B08D
:10C48400BDE8F08143F20200F9E700BF64460020F2
:10C494002D2B002038B504460D46FDF771FA01280E
:10C4A40002D043F2020038BD29462046FFF729FC9A
:10C4B400F9E708B50388113B092B09D8DFE803F035
:10C4C4000508090D0808080811150430FFF7D6FD02
:10C4D40008BD0430FFF7C6FCFAE70430FFF7E6FDB9
:10C4E400F6E70430FFF732FFF2E70430FFF738FFD6
:10C4F400EEE700000022026042608260014A126896
:10C5040002607047AC46002010B504461046002374
:10C5140023606360A360E360236121706280FEF79F
:10C524003DF9A080204610BD00B583B06A460721BE
:10C53400FFF714F838B9019B93F8443013F0010F56
:10C5440002D0012000E0002003B05DF804FB38B500
:10C554000546002404B138BD2846FFF7EDF901343F
:10C56400F8E708B5FFF7F3FF08BD30B587B00D460F
:10C5740014460246062101A8FFF7C6FF039504945A
:10C5840001A8FFF7E4FF07B030BD10B586B002463E
:10C594000C46082101A8FFF7B7FF039401A8FFF791
:10C5A400D6FF06B010BD000010B50446134611298D
:10C5B4000DD000226BB10A4B19782046FDF748FADA
:10C5C4000022084B19782046FDF742FA10BD0122DB
:10C5D400F0E7044B19782046FDF73AFAF6E700BF76
:10C5E400312B0020342B002070B586B0054611296C
:10C5F40034D8DFE801F02D333333333333332D3381
:10C60400333333093333332D16461F481F4BC01AB7
:10C61400C00800042A461E4940F0020004F082FFCC
:10C624002A4604210DEB0100FFF76EFF96B1337823
:10C6340013F0010F10D102238DF80C3000238DF874
:10C64400103041F20113ADF80E3001A8FFF77FFF5F
:10C6540006B070BD0223EFE70123EDE70C460A4E56
:10C664000A4BF61AF6083604084604F07DFB024627
:10C674002B46084946F0010004F05EFF2146284697
:10C68400FFF783FFE4E700BFE862030010620300E2
:10C6940030780300E878030030B585B004460D46D1
:10C6A40001A8FFF727FF01AA29462046FFF75DFFEF
:10C6B400094B1A6801992046FFF782FE05460122BC
:10C6C40001462046FFF770FF019A29462046FFF7EE
:10C6D4008BFF05B030BD00BFA446002008B5002183
:10C6E400FFF7DAFF08BD00002DE9F04385B00446EA
:10C6F40016461F46884689B901A8FFF7FBFE01AA22
:10C7040000212046FFF731FFDDF80490284B1B7809
:10C7140033B99DF80D301BB9052625E04FF000090B
:10C72400324649462046FFF7B5FE0546002201463B
:10C734002046FFF739FF112D1AD80123AB4042F6EA
:10C744000112134229D113F4003F15D04246194B6C
:10C7540019782046FDF77CF93246174B19782046A4
:10C76400FDF776F90026E7B9304605B0BDE8F08359
:10C7740043F202039D4212D0104E114BF61AF608F2
:10C784003604284604F0F0FA024623460D4946F0E2
:10C79400010004F0D1FE0326E5E72E46E3E72E462A
:10C7A400E1E74A4629462046FFF71EFFDCE700BFC3
:10C7B400A8460020322B0020332B0020E86203001F
:10C7C400106203005479030038B50446084B197805
:10C7D400FDF724F90546074B19782046FDF71EF9A5
:10C7E400014601232A462046FFF77EFF38BD00BFDD
:10C7F400332B0020322B0020002943D0F8B5054606
:10C804000C46FDF7CFF8064600283DD02846FDF734
:10C81400C5FF0746022E14BF00260126237866F3BF
:10C82400000323704FF6FF73C31A18BF0123227845
:10C8340063F3C30222702846FDF7C6F8237860F339
:10C84400410323702846FDF7CDF8237860F3820373
:10C8540023702846FDF7D4F830B10122237862F31F
:10C86400041323700020F8BD2846FDF7ADF808B97D
:10C874000022F3E73846FFF757FE08B90022EDE738
:10C884000122EBE70E20704743F20200EBE710B5FC
:10C8940082B00C4600238DF80430E0238DF8043078
:10C8A40001A9FFF7A9FF9DF80430DB435BB22278AE
:10C8B4001A4010B912B9012000E0002002B010BDE6
:10C8C40030B583B00446194B1B6833B34088FDF779
:10C8D4007BF8014608B9024621E000258DF8045092
:10C8E400237AC3F340012A4661F382028DF80420BF
:10C8F400D2B263F3C3028DF80420C3F38003D2B22F
:10C9040063F304128DF8042001A96088FFF7BFFFC8
:10C9140080F00102D2B2294601E000220121012364
:10C924006088FFF7E1FE03B030BD00BFAC460020D5
:10C9340010B504460378062B07D0132B01D1FFF75B
:10C94400BFFF2046FFF70DFE10BD81684088FFF74A
:10C95400A3FEF9E708B503780C2B02D8092B02D201
:10C9640008BD142BFCD100220549064B1878FDF7AD
:10C9740089F800220449054B1878FDF783F8EFE79E
:10C98400E1C60200312B0020CDC70200342B002069
:10C9940008B5FFF78EFD00220549064B1878FDF710
:10C9A40071F800220449054B1878FDF76BF808BDAF
:10C9B400E1C60200312B0020CDC70200342B002039
:10C9C4000268134600E01B6813B18B42FBD101E0FF
:10C9D4000A60016070470346006808B102681A6083
:10C9E4007047000038B5054608B9064C04E0064C0B
:10C9F40002E04368284698472046FFF7ECFF0028EA
:10CA0400F7D138BDB8460020C046002010B5044612
:10CA140010B1012C06D010BD054B01225A70FFF74E
:10CA2400E1FFF6E70120024B9870FFF7DBFFF2E726
:10CA3400B046002000B1704708B5034B01225A707C
:10CA4400FFF7D0FF08BD00BFB046002008B505F0D1
:10CA540065F920B9074BD3F800342BB108BD06495A
:10CA64007B2003F033F9F5E700F0EEF9034B0022E5
:10CA74009A70F3E700000140BC790300B04600203F
:10CA840010B5104B1B784BB185240F4BD3F80034F1
:10CA940013B10C4B01229A70204610BD094B0022A1
:10CAA4009A605A601A61DA60084800F07FF9044617
:10CAB40005F034F918B1034B01221A70E5E700F0D0
:10CAC4008DF9F8E7B04600200000014011CA0200C9
:10CAD40010B582B00446224B1B78D3B1204B9B780F
:10CAE400E3B114B163680120984700238DF807303F
:10CAF4000DF1070002F0F0F8194AD3680133D3604E
:10CB04009DF8070002F0FAF8154BDB680BB302B08E
:10CB140010BD1449F62003F0D9F8DFE700238DF89F
:10CB240007300DF1070002F0D7F81CB121460E487A
:10CB3400FFF746FF0A4BDB6843B1094AD368013368
:10CB4400D3609DF8070002F0D9F8DDE700F05CF946
:10CB5400F3E704494FF4897003F0B8F8D7E700BF4E
:10CB6400B0460020BC790300C046002000B583B065
:10CB7400144B1B78B3B1134BDB68CBB100238DF896
:10CB840007300DF1070002F0A7F80E4BDA68013AFE
:10CB9400DA60DB6893B19DF8070002F0AFF803B0E8
:10CBA4005DF804FB084940F2171003F08FF8E2E740
:10CBB40005494FF48C7003F089F8DFE7FFF746FF6F
:10CBC400E9E700BFB0460020BC79030000B583B09C
:10CBD40001280DD0032823D038B9184B0122C3F8FB
:10CBE4008020BFF34F8FBFF36F8F03B05DF804FB5A
:10CBF40000238DF807300DF1070002F06DF8104B9B
:10CC04001B7853B10E4BDA680132DA6001229A7054
:10CC14009DF8070002F072F8E7E7FFF731FFF1E74C
:10CC2400074B1B7823B100F0D9F8FFF79FFFDCE72F
:10CC3400044940F2522003F049F8F4E700E100E02F
:10CC4400B0460020BC79030000B587B003788DF8A6
:10CC540004304368029383688DF80C30C3680493EE
:10CC640003698DF81430054B53F82130044A52F807
:10CC7400211001A8984707B05DF804FBD4460020B2
:10CC8400C446002070B584B08C46144686461EF80F
:10CC9400045B1C4A42F825401B4A42F825301B4BD2
:10CCA4000FCB04AE06E90F009CF800308DF800307D
:10CCB4009CF801308DF801309CF802308DF8023078
:10CCC4009CF803308DF803309CF804308DF805305F
:10CCD4009CF805308DF80630DCF8083002939CF897
:10CCE4000C308DF80C309CF80D308DF80D3004B1FB
:10CCF400074C2B4622466946704601F0B7FC04B047
:10CD040070BD00BFD4460020C446002080B203009A
:10CD14004DCC0200002807DB00F01F02400901236C
:10CD24009340024A42F82030704700BF00E100E01F
:10CD3400002808DB4901C9B200F1604000F56140F8
:10CD440080F80013704700F00F004901C9B2014B8D
:10CD54001954704714ED00E038B505460C468B1E97
:10CD6400DBB2012B03D94B1FDBB2022B04D82146C3
:10CD74002846FFF7DDFF38BD02496B2002F0A6FF0D
:10CD8400F5E700BF607A030008B5074B1B6813F092
:10CD9400010F00D008BD06210020FFF7DDFF0020B1
:10CDA400FFF7B8FFF6E700BF00E100E010B5044666
:10CDB40048B1084B1B795BB9064B1C6001221A7100
:10CDC4000020587110BD0449A42002F07FFFF0E751
:10CDD4008520F7E7E4460020B07A030008B5084B45
:10CDE4001B793BB1FFF7D0FF4FF080430122C3F81A
:10CDF400182508BD0349BD2002F068FFF2E700BF13
:10CE0400E4460020B07A030000B583B00C4B1B79D4
:10CE140083B14FF080430022C3F80421D3F80421E6
:10CE24000192019A0222C3F8042301229A6003B0FA
:10CE34005DF804FB0349EA2002F048FFE9E700BF7C
:10CE4400E4460020B07A030000B583B00F4B1B7991
:10CE5400BBB14FF080430222C3F808230022C3F879
:10CE64000421D3F804210192019A0122DA604FF0DF
:10CE74008043D3F8183413F4803FF8D103B05DF83D
:10CE840004FB0349F72002F021FFE2E7E446002017
:10CE9400B07A030000B583B04FF08043D3F800317B
:10CEA4009BB14FF080430022C3F80021D3F8002146
:10CEB4000092009A0122C3F80823104B5B7923B92E
:10CEC4000E4B5A711B68002098474FF08043D3F8EB
:10CED40004317BB14FF080430022C3F80421D3F81E
:10CEE40004210192019A0222C3F80823034B1B6810
:10CEF4000120984703B05DF804FB00BFE44600201E
:10CF0400002807DB00F01F02400901239340024A76
:10CF140042F82030704700BF00E100E0002808DB41
:10CF24004901C9B200F1604000F5614080F8001386
:10CF3400704700F00F004901C9B2014B1954704702
:10CF440014ED00E010B40D4C00F5A27054F820303C
:10CF540023F44F3323F4407344F8203054F8203042
:10CF6400090201F47C51120402F4403211430B43D0
:10CF740044F820305DF8044B704700BF0060004067
:10CF840000B583B084468E460D4B93E8030002AB94
:10CF940003E9030063460BE002A901EB830151F8A6
:10CFA400081CD1F8200542F8040BC1F82005013310
:10CFB4000CEB0E009842EFD803B05DF804FB00BF01
:10CFC40090B20300430904D0012B0BD14FF6FF7339
:10CFD40001E04FF0FF3300F01F0023FA00F000F0EF
:10CFE400010070470023F6E7034B034493F9600004
:10CFF40000F03F00704700BFEC460020034B0344A1
:10D0040093F96000C0F38110704700BFEC46002024
:10D0140010B5864614461AB100234FF0080C04E0FC
:10D0240008234FF00C0C00E00133634513D20B4A84
:10D0340052F82320B2F1FF3FF6D158B2074A02EB6F
:10D044000E0C8CF8300042F8231034B9083B13441A
:10D0540083F860E001E04FF0FF3010BDEC460020A3
:10D06400064B4FF0FF3243F82020072804D9083834
:10D074000344FF2283F86020704700BFEC46002081
:10D0840010B50446024602210020FFF779FF002371
:10D09400012B04D854F823201AB90133F8E70020EF
:10D0A40010BD0120FCE7000010B504460068FFF73E
:10D0B40089FF38B123681F2B0AD903F01F032360AB
:10D0C400054810BD05494FF4F67002F0FFFDF1E785
:10D0D4004FF0A040F5E700BF00030050AC69030027
:10D0E40010B582B00C46019001A8FFF7DDFFA40043
:10D0F400019B03F5E07340F8234002B010BD00B576
:10D1040083B0019001A8FFF7CFFF019B03F5E07303
:10D1140050F8232022F0020240F8232003B05DF8E7
:10D1240004FB00B583B0019001A8FFF7BDFFD0F860
:10D134001005019BD84000F0010003B05DF804FB2A
:10D1440010B582B001900C4601A8FFF7ADFF019B1A
:10D1540003F5E07350F8232022F4403240F82320F2
:10D1640050F8232042EA044240F8232002B010BDC4
:10D1740000B583B0019001A8FFF796FF019B03F56A
:10D18400E07350F82300C0F3014003B05DF804FBE2
:10D1940000B583B0019001A8FFF786FF0123019A2F
:10D1A4009340C0F8203503B05DF804FB2DE9F0414D
:10D1B400064645E0032126E0B8F1010F36D1414689
:10D1C400284698470134032C36D81F4B234493F93F
:10D1D4006030B3F1FF3FF5D02046FFF705FF054669
:10D1E400C20800F0070101238B40B25C1342E9D06E
:10D1F4002046FFF703FF80462846FFF7B9FF07469E
:10D204000228D7D002212846FFF79AFF2846FFF7C5
:10D21400BFFF0D4B5A1992F9302053F82230002BDE
:10D22400D0D0B8F1030FCAD0022FC5D0032FC9D173
:10D23400B8F1020FC6D1C2E73046FFF721FF08B1AB
:10D244000024C0E7BDE8F081EC46002030B583B08F
:10D254001C4B93F86A5095BB2C4601E00134E4B2B0
:10D264002F2C0FD82046FFF7ADFE0028F6D0154B23
:10D274002344FF2283F83020F0E72846FFF7F0FE2E
:10D284000135EDB20B2DF8D90F4D00242C60AC8084
:10D2940006210846FFF742FE0620FFF731FE0B4B3E
:10D2A400C3F87C41D3F87C210192019A4FF00042EB
:10D2B400C3F804230123AB71204603B030BD08201A
:10D2C400FBE700BFEC460020504700200060004010
:10D2D40070B504460D461646FFF774FE38B1254B6B
:10D2E400234493F93030002B07DB082070BD22491A
:10D2F4004FF40C7002F0EAFCF1E7AA78C2F34002A2
:10D3040031462046FFF784FE0646B0F1FF3F2FD09A
:10D31400AB7813F0040F0FD113F0010F1CD020468B
:10D32400FFF7EDFEE30804F0070C1448C25C01218A
:10D3340001FA0CF10A43C254AB7813F0020F10D176
:10D34400083E0C4B334493F96020297842EA811259
:10D3540083F860200020C9E769782046FFF7C0FE03
:10D36400E0E72A7821463046FFF7ECFD0020BDE7D0
:10D374000420BBE7EC460020507B0300504700200C
:10D3840030B583B004460D46FFF71CFED0B12C4BDC
:10D39400234493F93030002B1ADB294B234493F9AF
:10D3A4003000072823DD0838FFF728FE0546032848
:10D3B40014D0012819D0032529462046FFF7C0FEC2
:10D3C40003B030BD1F494FF4187002F07FFCDEE754
:10D3D4001C4940F2612002F079FCDEE72046FFF7A9
:10D3E400A0FE0028E8D10225E6E70225E4E7C3B25F
:10D3F400072BE5D800F140039BB29B009BB2124976
:10D4040000F5A27C51F82C2042F0010241F82C20B6
:10D4140003F1804303F5C04300221A601B680193A3
:10D42400019B002DCCD0064B1C4494F9302053F8BA
:10D434002230002BC4D001238340C1F80433BFE75A
:10D44400EC460020507B03000060004010B5044609
:10D45400FFF7B8FD30B12046FFF763FE003818BF70
:10D46400012010BD024940F2B22002F02FFCF2E785
:10D47400507B030070B584B000250295039501200C
:10D484004FF48073294603E0400004339BB201311A
:10D49400072912D803F1804202F5C0421468012C16
:10D4A400F2D1234CD4F804432042EDD0002414607C
:10D4B40012680092009A0543E6E71D4BD3F87C31CD
:10D4C400012B06D015F0FF0F2AD1002D2BDB04B061
:10D4D40070BD174B0020C3F87C01D3F87C31019355
:10D4E400019B45F0004502AA0221FFF749FDE9E747
:10D4F40076000134072CE8D82E42F9D00C4B04F501
:10D50400A27253F82200C0F3052053F82210C1F38D
:10D514000141084B53F82430002BE9D09847E7E742
:10D5240001260024E6E702A8FFF740FECFE700BF8C
:10D5340000600040EC460020034B984201D10348B0
:10D5440070470020704700BF00200040584700206B
:10D5540008B5064B1B681BB1044B1B68984708BDF4
:10D564000349512002F0B2FBF6E700BF5847002000
:10D57400F87B030070B582B00C460546B8B1284666
:10D58400FFF7DAFF0546B8B100238DF807300DF137
:10D59400070001F0A1FB2E7916B92C6001232B7131
:10D5A4009DF8070001F0AAFB4EB9002005E00549EB
:10D5B400772002F08BFBE2E7002002B070BD11205F
:10D5C400FBE700BFF87B0300002807DB00F01F0225
:10D5D400400901239340024A42F82030704700BFBB
:10D5E40000E100E0002808DB4901C9B200F1604015
:10D5F40000F5614080F80013704700F00F00490106
:10D60400C9B2014B1954704714ED00E0430904D02A
:10D61400012B0BD14FF6FF7301E04FF0FF3300F005
:10D624001F0023FA00F000F0010070470023F6E722
:10D6340010B483B0844602240C714A71096889B11C
:10D6440012F0040F23D1822112F0080F01D041F00F
:10D65400200112F0100F01D021F08001DCF800004D
:10D66400C0F80013DCF800100024C1F80441D1F81C
:10D6740004110191019912F0800F0AD1DCF8002005
:10D684000121D150002003B05DF8044B7047922172
:10D69400DAE7DCF800001844F5E730B585B0044655
:10D6A4000D46D0F8103173B10023C0F81031D0F812
:10D6B40010310093009B4B7913F0040F03D00B68D7
:10D6C4000BB101209847D4F8143173B10023C4F886
:10D6D4001431D4F814310193019B6B7913F0080FC2
:10D6E40003D02B680BB102209847D4F81C3173B1D6
:10D6F4000023C4F81C31D4F81C310293029B6B79CB
:10D7040013F0100F03D12B680BB100209847D4F805
:10D71400043163B10023C4F80431D4F80431039311
:10D72400039B01232B712B680BB10320984705B091
:10D7340030BD000010B504460068FFF767FF38B13C
:10D7440023681F2B0AD903F01F032360054810BD6B
:10D7540005494FF4F67002F0B9FAF1E74FF0A04032
:10D76400F5E700BF00030050AC69030000B583B0C7
:10D77400019001A8FFF7DEFF0123019A9340C0F84E
:10D78400083503B05DF804FB00B583B0019001A82F
:10D79400FFF7D0FF0123019A9340C0F80C3503B082
:10D7A4005DF804FB00B583B0019001A8FFF7C2FF48
:10D7B400019B03F5E073032240F8232003B05DF8D6
:10D7C40004FBF0B585B007460E4600240AE0FFF7D7
:10D7D400CDFF04AB03EB850555F8100CFFF7E2FF12
:10D7E4000134E4B2032C18D82546335DFF2B0CD04A
:10D7F40023F0800004AA02EB840242F8100C13F018
:10D80400800FE4D1FFF7C0FFE3E74FF0FF3204AB32
:10D8140003EB840343F8102CE2E7386800230AE0A2
:10D8240004AA02EB830252F8101C03F5AC7240F810
:10D8340022100133DBB2032BF2D905B0F0BD000096
:10D8440038B505460C468B1EDBB2012B03D94B1FA2
:10D85400DBB2022B04D821462846FFF7C3FE38BDAD
:10D8640002496B2002F032FAF5E700BF607A030048
:10D8740070B506460C461546012904D84DB1293425
:10D884006401355170BD064940F2B72002F01EFA1A
:10D89400F4E703494FF42E7002F018FAEFE700BFE3
:10D8A400987C030070B505460C461646012908D835
:10D8B4006EB116F4004F10D1293405EB44156E6097
:10D8C40070BD09494FF4307002F000FAF0E70649E0
:10D8D40040F2C12002F0FAF9EBE7034940F2C2201A
:10D8E40002F0F4F9E8E700BF987C030070B5044641
:10D8F4000E461546012907D8B5F1807F0AD204EBFC
:10D904004614C4F8285570BD054940F2CA2002F0F7
:10D91400DDF9F1E7024940F2CB2002F0D7F9EEE756
:10D92400987C030070B504460E461546012907D8B5
:10D93400B5F1807F0AD204EB4614C4F82C5570BDAF
:10D94400054940F2D32002F0C1F9F1E702494FF44E
:10D95400357002F0BBF9EEE7987C030070B504461D
:10D964000D461646A2B1326829462046FFF780FFCD
:10D97400B28829462046FFF795FFB268294620461B
:10D98400FFF7B4FFF26829462046FFF7CBFF70BDCE
:10D99400024940F2AB2002F099F9E4E7987C0300D5
:10D9A4002DE9F04784B0044617460D46002964D09B
:10D9B4002679384B03EBC6031B79002B68D1354B12
:10D9C40043F8367029462046FFF7FBFE2368012200
:10D9D400C3F80025276895F805A095F80690B5F8D2
:10D9E4000880B5F90830002B4CDBC7F80CA5C7F844
:10D9F4000495C7F808852268AB7AE97A43EA0123DB
:10DA0400C2F8103522680023C2F800322268C2F836
:10DA140000332268C2F81C31D2F81C210392039A05
:10DA24002268C2F81031D2F810210292029A2268B8
:10DA3400C2F81431D2F814210192019A2268C2F872
:10DA44000431D2F804310093009B124B53F8363062
:10DA540053B12068297940F30730FFF7F1FE2068BD
:10DA640040F30730FFF7B0FD0A4B03EBC603012276
:10DA74001A71002004B0BDE8F0870749802002F045
:10DA840025F995E705494FF4287002F01FF9ACE732
:10DA94000820EFE760470020E87C0300987C03003F
:10DAA4002DE9F04104460F4616461D460279254BE2
:10DAB40003EBC20898F8043003B32EB33B6803F0B9
:10DAC4006043B3F1005F25D13A4600212068FFF797
:10DAD40045FF3A4601212068FFF740FF06F00101A7
:10DAE400226801EB5603C2F8143515F0010F17D163
:10DAF40015F0020315D001B3082312E012494FF4C4
:10DB04008D7002F0E3F8D8E70F4940F21B1002F0E1
:10DB1400DDF8D3E70C494FF48E7002F0D7F8D3E761
:10DB240010232268C2F80032EAB241B10C23414604
:10DB34002046FFF77DFDBDE8F0810423F1E70823CB
:10DB4400F5E700BF60470020E87C030038B50446D1
:10DB540005790F4B03EBC5031B798BB10C4B03EB1E
:10DB6400C5031B79DBB2022B10D001202368D3F844
:10DB7400043123B1064B03EBC5030120187138BDF2
:10DB840004494FF4CC7002F0A1F8E7E70020EDE778
:10DB940060470020E87C030038B504460D4602794E
:10DBA400104B03EBC2031B79ABB123680022C3F80B
:10DBB4000022236801225A602046FFF7C7FF03466C
:10DBC40038B92046FFF7C2FF034610B9002DF8D13B
:10DBD4002B46184638BD044940F2731002F076F81B
:10DBE400E3E700BF60470020E87C030008B5024972
:10DBF4000248FFF752FD08BD6047002000C0014005
:10DC0400002807DB00F01F02400901239340024A69
:10DC140042F82030704700BF00E100E000280CDB30
:10DC240000F01F024009012393402030034A42F8C8
:10DC34002030BFF34F8FBFF36F8F704700E100E0D8
:10DC4400002808DB4901C9B200F1604000F56140D9
:10DC540080F80013704700F00F004901C9B2014B6E
:10DC64001954704714ED00E010B40B7803F003036B
:10DC74004A78120102F0300213438A78120202F445
:10DC8400E0621343CA78120302F4805213430A7900
:10DC9400120402F4E02213434A79120502F48012BA
:10DCA40013438A79120602F080721343074A02EB87
:10DCB4000014C4F81835CC79097A5130030102EB09
:10DCC40000104160D4505DF8044B70470070004070
:10DCD40038B505460C468B1EDBB2012B03D94B1F0E
:10DCE400DBB2022B04D821462846FFF7A9FF38BD32
:10DCF40002496B2001F0EAFFF5E700BF607A0300F8
:10DD040010B588B0684BD3F80431002B2CD0664B87
:10DD14000022C3F80421D3F804310093009B634B21
:10DD240093F82E2012B193F82F30EBB100238DF825
:10DD340014305E4B596806911989ADF81C10D968E6
:10DD4400002964D0594B188B5883596018810021DD
:10DD5400D96012B9544B01221A60544C236805A8A7
:10DD64009847002384F82F30504B93F82E3053B348
:10DD74004D4BD3F8003133B34B4B0022C3F8002191
:10DD8400D3F800310193019B484A538B92F82D201C
:10DD940093423FD99B1A9BB244494B8348680989F3
:10DDA40089B2CB1A00EB43033F49C1F82C36C1F8C2
:10DDB40030263D4B0022C3F80421D3F804210292FB
:10DDC400029A01225A60384BD3F810317BB1364B9A
:10DDD4000022C3F81021D3F810310393039B334B73
:10DDE4001A7402228DF814201B6805A898472E4B3C
:10DDF400D3F814314BB32C4A0023C2F81431D2F8AF
:10DE040014210592059A294A137408B010BD002202
:10DE14001A74A2E7934208D09342CAD1234B012239
:10DE240083F82F2000225A83C3E72049C9680029B8
:10DE3400F2D01E4B012083F82F00002058831A4B88
:10DE4400C3F82C16C3F83026B3E7184B5C69002CD2
:10DE5400DBD0B4FA84F34FF00042DA4024EA02043F
:10DE640046339B0003F1804202F5E0421168002929
:10DE7400EDD00021116012680492049A01228DF8F9
:10DE84001420A3F58C73C3F3C7028DF8182013F084
:10DE9400040F0CBF01230B468DF81930034B1B688C
:10DEA40005A89847D3E700BF0070004068470020EA
:10DEB40070B584B00C460646002849D0002C4CD0DE
:10DEC400294B93F82C30002B4CD1274D2C60337800
:10DED400264CC4F8F0357378C4F8F435F37885F833
:10DEE4002E30012385F82C3000232B7485F82D3037
:10DEF4006B6185F82F306FF00042C4F80823C4F832
:10DF04000431D4F804210392039AC4F80031D4F8FC
:10DF140000210292029AC4F81431D4F81431019306
:10DF2400019BB1780720FFF7D3FE0720FFF768FEB7
:10DF34000223C4F8043395F82E3013B10122C4F837
:10DF440004230A4B0122C3F80025002004B070BD4D
:10DF54000749D82001F0BAFEB0E70549D92001F0FD
:10DF6400B5FEADE70820F1E76847002000700040E7
:10DF7400847D030038B505460C462D4B93F82C30B0
:10DF8400002B34D0072D38D82A4BD3F8F43513F0AE
:10DF9400FF0F04D0264B93F82D30002B33D1E379B7
:10DFA400013BDBB20C2B34D8237A0D2B37D8204B12
:10DFB4001B7C002B39D105F10C021D4B03EB4203F2
:10DFC4001B792BB91A4A92F82D30013382F82D307F
:10DFD400E27905F10C01164B03EB41031A71227A25
:10DFE4005A7121462846FFF73FFE002038BD1249EA
:10DFF40040F2251001F06AFEC4E70F494FF4937014
:10E0040001F064FEC0E70C494FF4947001F05EFE29
:10E01400C5E709494FF4967001F058FEC4E7064974
:10E024004FF4977001F052FEC1E71120DEE700BF04
:10E034006847002000700040847D0300404B1B7C37
:10E04400002B7AD130B583B03D4A012414743D4B82
:10E054000325C3F80853C3F82C16C3F8304692F8C6
:10E064002D30A3420DD9002209E0D3B235495133F2
:10E074001D0101EB031300245C604C510132072A9B
:10E08400F3D900F10C022E4B03EB420319795C79AE
:10E094002C4B5130020103EB0010446099500122D3
:10E0A4001A605A6042F21073264AD2F804211AB94F
:10E0B400013BF9D1002300E00123A3B1214B00224D
:10E0C400C3F80021D3F8001101910199C3F8042188
:10E0D400D3F804310093009B194B93F82D30012B96
:10E0E40019D9002215E018494FF4D27001F0EEFD61
:10E0F400E4E702F10C01124B03EB41031C795D7957
:10E10400D3B210495133180101EB03135D600C5075
:10E114000132072AEDD90A4B93F82E3043B1094B4B
:10E124000322C3F804230020054B187403B030BD48
:10E13400044B0222C3F80423F5E71120704700BF03
:10E144006847002000700040847D0300F8B5054650
:10E154000E461446414B93F82C30002B3BD03F4BDA
:10E164001B68002B3DD016F5006F40DBB4F5006F43
:10E1740043DAA64247DAB2B242EA04422B0103F17F
:10E18400804303F5E043C3F81C25072D41D86F00F5
:10E194008021B94016F5006F41D0304843697E1C98
:10E1A4004FF00042F240134343612D4BC3F8041374
:10E1B400072D41D84023BB4040F2FF72944241D026
:10E1C400264842694FF00041F9400A434261244A1B
:10E1D400C2F80433F8BD234940F2692001F076FD0A
:10E1E400BDE7204940F26A2001F070FDBBE71D49FC
:10E1F40040F26B2001F06AFDB8E71A494FF41B7036
:10E2040001F064FDB5E7174940F26D2001F05EFDB1
:10E21400B1E7154940F2D62001F058FDB7E70F48A1
:10E2240043697E1C4FF00042F24023EA020343613B
:10E234000B4BC3F80813BBE70B4940F2D62001F09F
:10E2440045FDB7E7054842694FF00041F94022EA2D
:10E2540001024261024AC2F80833BBE76847002062
:10E2640000700040847D03001C7E030038B5044622
:10E2740007282BD81C4B93F82C306BB31A4B1B7C00
:10E2840083BB04F10C02184B03EB42031B792BB143
:10E29400154A92F82D30013B82F82D3004F10C021E
:10E2A400114B03EB420300251D715D710F4A04F10C
:10E2B4005103190102EB03135D60555040F2FF72E4
:10E2C4000B492046FFF742FF284638BD09494FF461
:10E2D400B17001F0FBFCCDE7064940F2631001F098
:10E2E400F5FCCBE71120F0E7684700200070004000
:10E2F40000F8FFFF847D030010B5244B93F82C3005
:10E304009BB1234C6FF00043C4F808330720FFF798
:10E3140085FC0123A36042F210731D4AD2F8142134
:10E324004AB9013BF9D1002306E01A4940F207102B
:10E3340001F0CCFCE5E7012333B10024144BC3F80E
:10E344000045124B1C7406E012494FF4887001F02A
:10E35400BDFCF2E70134072C12D804F10C020B4B7C
:10E3640003EB42031B79002BF4D0E0B2FFF77EFFEE
:10E374000028EFD007494FF48D7001F0A7FCE9E7BE
:10E38400024B002283F82C2010BD00BF68470020F8
:10E3940000700040847D0300002807DB00F01F02AA
:10E3A400400901239340024A42F82030704700BFDD
:10E3B40000E100E0002808DB4901C9B200F1604037
:10E3C40000F5614080F80013704700F00F00490128
:10E3D400C9B2014B1954704714ED00E0003A18BF5C
:10E3E4000122022908D0032909D0012901D142F0D0
:10E3F4000202C0F85425704742F00402F9E742F0E3
:10E404000602F6E7430904D0012B0BD14FF6FF7344
:10E4140001E04FF0FF3300F01F0023FA00F000F09A
:10E42400010070470023F6E710B504460068FFF7C3
:10E43400E9FF38B123681F2B0AD903F01F032360B7
:10E44400054810BD05494FF4F67001F03FFCF1E7B3
:10E454004FF0A040F5E700BF00030050AC69030093
:10E4640010B582B00C46019001A8FFF7DDFFA400AF
:10E47400019B03F5E07340F8234002B010BD00B5E2
:10E4840083B0019001A8FFF7CFFF019B03F5E07370
:10E49400032240F8232003B05DF804FB00B583B0E9
:10E4A400019001A8FFF7C0FF0123019A9340C0F82F
:10E4B4000C3503B05DF804FB00B583B0019001A8EE
:10E4C400FFF7B2FF0123019A9340C0F8083503B067
:10E4D4005DF804FB10B582B08446106820B100F0EA
:10E4E4006044B4F1005F34D1946824B104F0604412
:10E4F400B4F1005F2DD15468CCF84405CCF84845FC
:10E504009068D268CCF83405CCF838250022CCF8D1
:10E514001821DCF818210192019A13F0010F1DD083
:10E524000122CCF8502513F0020F1BD00122CCF8A5
:10E53400402513F0080F02D10122CCF810200A68FC
:10E54400A2B113F0040022D04023CCF808330020F9
:10E5540002E000234B77102002B010BD0022CCF85B
:10E564005025E0E70022CCF84025E2E7DCF818313A
:10E57400002BFBD0C87FFF280DD08B7F1BB1FFF78A
:10E584008DFF0020E8E7FFF797FF0020E4E7402332
:10E59400CCF80433E0E70020DEE710B50446C07F82
:10E5A400FF2803D0A37F53B1FFF778FF00236377DD
:10E5B4002372204650F8083B6168984710BDFFF766
:10E5C4007BFFF3E738B505460C468B1EDBB2012B07
:10E5D40003D94B1FDBB2022B04D821462846FFF790
:10E5E400E9FE38BD02496B2001F070FBF5E700BF7E
:10E5F400607A0300D0F81831B3B110B582B00C467C
:10E604000023C0F81831D0F818310193019B0B682E
:10E6140023B12046FFF7C1FF02B010BD034940F209
:10E62400972001F053FBF4E7704700BF747E0300AA
:10E6340008B502490248FFF7DDFF08BD98470020EE
:10E644000030004008B503494FF04020FFF7D2FFE7
:10E6540008BD00BFBC47002008B502490248FFF7C7
:10E66400C9FF08BDE0470020003002402DE9F04713
:10E6740082B00646914698460D46002900F08A80ED
:10E68400347904EBC403534901EB83010B7F002B62
:10E6940040F099803768504B53F824103846FEF701
:10E6A40069FF8246002840F091804A4B04EBC40283
:10E6B40003EB820143F82290C1F804802B7B012BE9
:10E6C4006DD92878FFF7F8FE2B78019301A8FFF79E
:10E6D400ABFE019B03F5E073012240F8232095F87B
:10E6E4000180B8F1FF0F5ED14FF0FF39A878FF2801
:10E6F40061D14FF0FF38A97804EBC402354B03EB2A
:10E70400820383F82010E878D877FF280ED02B797D
:10E71400002B55D0FFF7C2FEE878FFF7B0FE297949
:10E7240004EBC4022B4B03EB820399772B78C7F8D5
:10E734000835C7F80C95C7F81085AB68C7F82435B9
:10E744006A7B297B3846FFF749FEAB79C7F8C035A9
:10E754000723C7F8003504EBC4031E4A52F82330DC
:10E7640053B13068697940F30730FFF72BFF306805
:10E7740040F30730FFF710FE164B04EBC40203EB23
:10E78400820200215177134601221A77504602B0C3
:10E79400BDE8F0871149AD2001F098FA70E72878B8
:10E7A400FFF77CFE90E7C1464046FFF777FE404600
:10E7B400FFF765FE9AE780460121FFF751FE9AE7CD
:10E7C400FFF77AFEA8E74FF0080ADFE74FF0110AD7
:10E7D400DCE700BF9847002098B20300747E030072
:10E7E4002DE9F04106460D469046047904EBC40336
:10E7F400354F07EB83073B7F002B48D02B68002B5A
:10E804004BD0AB68002B51D03379022B07D8EB687F
:10E81400B3F5803F03D26B68B3F5803F04D32B4933
:10E824004FF40C7001F052FA04EBC402264B03EBD4
:10E8340082035B7F002B45D11346234A52F82330D1
:10E844004BB118F0140F06D104EBC4021E4B03EBBA
:10E85400820301225A7704EBC4021B4B03EB820CA4
:10E864000CF10C0E95E80F008EE80F009CF81F00C9
:10E87400FF2804D09CF81E300BB3FFF71DFE43465F
:10E884002A4639463068FFF725FEBDE8F0810F4976
:10E8940040F22D2001F01AFAB0E76B68002BB0D0DB
:10E8A4000A4940F22E2001F011FAAAE7EB68002B86
:10E8B400AAD0064940F22F2001F008FAA4E7FFF796
:10E8C400EDFDDCE71120E0E798470020747E0300AB
:10E8D400F0B583B005460F461646002401E0013426
:10E8E400E4B2B44215D2A00000F5A0704FF4803316
:10E8F400A3402A58002AF2D0D5F804231342EED0BC
:10E9040000232B502B580193019B3B68796898474F
:10E91400E5E703B0F0BD000008B50422024903484E
:10E92400FFF7D6FF08BD00BF044800200080004068
:10E9340008B5042202490348FFF7CAFF08BD00BF17
:10E94400104800200090004008B504220249034802
:10E95400FFF7BEFF08BD00BF1C48002000A0004018
:10E9640008B5062202490348FFF7B2FF08BD00BFFD
:10E974002848002000A0014008B5062202490348A7
:10E98400FFF7A6FF08BD00BF3448002000B00140D7
:10E9940082B001238DF807309DF80730134B1860BF
:10E9A40059609A6044F20103984213D044F202037E
:10E9B400984207D10D4BDA60DA6812689A61DA6816
:10E9C4005268DA6172B69DF80730002BFBD162B64B
:10E9D40002B07047054B1A611A6992685A611A6944
:10E9E40012689A611A695268DA61EBE740480020BC
:10E9F40000B583B002900091019244F20100714687
:10EA04006A4600F003F803B000BD00002DE9F041B0
:10EA140084B004460E46154672B602F0E5FD02F0D7
:10EA240011FC0028FBD144F201039C423BD010D8D6
:10EA3400012C1FD041F201039C4250D12E482F4B90
:10EA4400C01AC00800042E4940F0010002F064FD21
:10EA54001AE044F202039C4241D12748274BC01AD2
:10EA6400C00800042B686A68264940F0010002F0DF
:10EA740063FD09E02048214BC01AC0080004224964
:10EA840040F0010002F048FD204BD3F8F03013F0C1
:10EA9400010F00D000BE2A4631462046FFF778FF1A
:10EAA40004B0BDE8F081144F144BFF1AFF083F0473
:10EAB40047F00107D5F80880404602F055F90346AF
:10EAC4006A682968029601910092424610493846C4
:10EAD40002F059FD0F49384602F01EFDD4E70648FE
:10EAE400064BC01AC008000432460B4940F001002E
:10EAF40002F018FDC8E700BF606203001062030063
:10EB0400587F03007C7F0300387F030000ED00E0A2
:10EB1400987F0300C07F0300D47F030030B585B025
:10EB24004568002D48D00446037B002B46D1026083
:10EB3400EFF3058323B300230393009303AB0A4647
:10EB44000921284606F0CEFB012801D0042036E036
:10EB540006F05CF802460023009303AB0621284626
:10EB640006F0C0FB0128F1D1039B0BB3164B4FF009
:10EB740080525A6040BFBFF34F8FBFF36F8F17E0CF
:10EB84000223009300230A460421284606F0AAFB28
:10EB9400012801D0042012E006F032F802460223D4
:10EBA400009300230121284606F09CFB012808D18C
:10EBB40001232373002002E0082000E0002005B0B8
:10EBC40030BD0420FBE700BF00ED00E010B584B0C9
:10EBD4000446406830B3EFF30583B3B100220392D7
:10EBE400009203AB082106F07DFB01280BD1039BA7
:10EBF400A3B10E4B4FF080525A6040BFBFF34F8F0A
:10EC0400BFF36F8F0AE004200AE00223009300237D
:10EC14001A46032106F066FB012805D10020207363
:10EC240004B010BD0820FBE70420F9E700ED00E084
:10EC3400EFF3108272B6114B9B68CBB930B40F4915
:10EC440001238B600E4BD3F880400E4D2C400C609A
:10EC5400C3F88050D3F884404C604FF0FF31C3F8C0
:10EC640084100023037002B962B6002030BC7047E0
:10EC74000123037002B962B6002070476048002087
:10EC840000E100E0FC06FFBD094B9B686BB160B975
:10EC9400EFF3108172B6064B1868064A1060586884
:10ECA400506000229A6001B962B60020704700BF2C
:10ECB4006048002000E100E0EFF30583C3F308039C
:10ECC4003BB9EFF3148313F0010F0CBF01200020B4
:10ECD400704701207047000010B50446FFF7ECFFB1
:10ECE400012803D12046FFF7A3FF10BD02494320AA
:10ECF40000F0ECFFF6E700BFEC7F030010B504461C
:10ED0400FFF7DAFF012803D12046FFF7BDFF10BD4E
:10ED14000249512000F0DAFFF6E700BFEC7F030060
:10ED240038B50546002402E0284698470134032CF0
:10ED340005D8034B53F82430002BF5D1F6E738BD42
:10ED4400E04800200378013B052B34D8DFE803F0CA
:10ED540003061120293100230B70704701230B7027
:10ED640003898B818388CB81C3688B6000230B74F8
:10ED7400704702230B7003898B818388CB81C3681E
:10ED84008B60837D062B14BF002301230B74704713
:10ED940003230B70C3888B810389CB81C3688B6089
:10EDA400704704230B70C3888B810023CB818B6055
:10EDB400704705230B707047884207D20368B3F18C
:10EDC400FF3F01D0012070470020704700207047AA
:10EDD4004388033300EB8300704738B504460D467F
:10EDE400FFF7F6FF85420CD3A2884FF6FF739A42D1
:10EDF40009D023884BB1A368B3F1FF3F07D00020AB
:10EE040038BD0220FCE70120FAE70120F8E70120E1
:10EE1400F6E7000060B10A4AD26882420AD8084A7A
:10EE24001269824208D310F0030F07D10120704702
:10EE34000020704700207047002070470020704772
:10EE4400082B00200A4A00EB800302EB83031B8992
:10EE54000B4400EB800002EB8002528912FA83F02B
:10EE640080B2B0F5806F8CBF00200120704700BFD6
:10EE7400A4480020002301E001339BB2012B0ED8EB
:10EE840003EB830C074A02EB8C0252688A42F3D2EA
:10EE940002F580528A42EFD903800020704748F27D
:10EEA40009607047A44800208B7D022B04D9038994
:10EEB400CA881344033303814389CA889B1A033BDA
:10EEC40043817047F8B5033086B240F2FE339E4268
:10EED40025D80D46002401E00134A4B2012C1BD82E
:10EEE40004EB84030F4A12F82330002BF4D131468B
:10EEF4002046FFF7A7FF0028EED02C80094B04EB37
:10EF0400840203EB8202528904EB840703EB870338
:10EF140032445A81002001E048F20660F8BD48F20C
:10EF24000860FBE7A4480020064A01EB810302EBDA
:10EF340083035B8901EB810102EB81021B1A033B12
:10EF440053817047A4480020F8B50E4600EB8000BA
:10EF5400134B03EB80035C6804F580550868A0B18B
:10EF6400FFF736FF044629462046FFF725FF0746EC
:10EF740098B129462046FFF730FF012807D0022820
:10EF84000AD00028EFD1346007E00834EBE72046CC
:10EF9400FFF71EFF0446E6E700273846F8BD00BF2A
:10EFA400A448002030B583B005460C464068FFF7FE
:10EFB40031FF20B12A89174B1B899A4218D00023AC
:10EFC40023802388012B23D80023019301A92088BF
:10EFD400FFF7BAFF0146B8B1019B2A6898689042CE
:10EFE400F4D16B600B4B1B892B81084603B030BDF9
:10EFF4002A6869688B689A42E1D12046FFF73AFF94
:10F00400B0FA80F14909F0E7238801332380D8E777
:10F014000021EAE78C480020F8B51C461F4B1B78FA
:10F02400002B34D005460F461646002A32D03CB990
:10F0340048F2046027E000232360A3880133A380FF
:10F04400A388012B20D803EB8303154A12F823303D
:10F05400002BF2D12146A088FFF776FF0028EAD0E2
:10F0640023681DB199882A889142F3D11FB1198868
:10F074003A889142EED19B68336023687360094BF0
:10F084001B8933810020F8BD48F20960FBE748F290
:10F094000160F8E748F20460F5E700BFF448002097
:10F0A400A44800208C4800200B4A138901331381A3
:10F0B4000023538013730CE003EB83018A00074998
:10F0C4008A5CB2FA82F25209034919448A72013302
:10F0D4009BB2012BF0D970478C480020A448002033
:10F0E40000B58646002301E001339BB2012B19D8F9
:10F0F4000E4A1A44927A002AF6D00C4A1A44002185
:10F10400917203EB83010A4A02EB8102D268002A5E
:10F11400EAD1074A02EB8102107C0028E4D0AEF861
:10F12400003000E000205DF804FB00BF8C480020A4
:10F13400A4480020044B5B685B880333034A91882E
:10F1440011FA83F3938070478C4800209C48002078
:10F1540030B40E4804680E4B5B880E4903EB830CF5
:10F164004FEA8C020A44556805605460B0F804C044
:10F17400A2F808C00222828003EB830303FA02F29E
:10F18400114400230B7430BC704700BF9C4800201E
:10F194008C480020A448002008B5124B1B78072B8C
:10F1A4000AD8DFE803F00409090A1016161AFFF753
:10F1B4007BFF0C4B01221A7008BDFFF7BBFF094B04
:10F1C40002221A70F8E7FFF7C3FF064B06221A70F3
:10F1D400F2E7044B07221A70EEE7024B01221A7081
:10F1E400EAE700BF8C48002008B50146014800F05A
:10F1F400EBFD08BDCC48002008B5064B05221A706B
:10F20400054902238B80002301220968034801F089
:10F21400A9FA08BD8C4800209C480020082B002037
:10F2240008B50D4B5B8803EB83010C4A02EB8102AA
:10F23400D26872B9084A0421117003EB83030749A9
:10F2440001EB8301002301224968054801F08AFA91
:10F2540008BDFFF7D1FFFBE78C480020A44800203D
:10F26400082B002000B583B0002300930823044A30
:10F2740004490968044801F0A5F903B05DF804FBEA
:10F28400B0B203009C480020082B002008B5044BB2
:10F2940007221A7000225A60FFF7E4FF08BD00BF7E
:10F2A4008C48002000B583B0014600230093082356
:10F2B400034A044801F086F903B05DF804FB00BF7B
:10F2C400A8B20300082B002038B530B90B79032B02
:10F2D40062D8DFE803F0081E3843324B00225A603C
:10F2E4004FF4064005E001230B71FFF7BBFF002834
:10F2F40052D138BD0A4603EB8301890000205054E3
:10F3040003EB830302EB83025068FFF7CBFF012377
:10F314000FE00023012B09D803EB8302224911F8E3
:10F324002220022AE6D001339BB2F3E7002348F2FD
:10F334000E60002BDBD11B4B01221A7000225A6095
:10F3440041F61D50D5E700230B71184902228A802B
:10F3540001220968164801F005FAC8E74FF0000CCD
:10F3640081F804C0134B5B88104908680E4C03EB0A
:10F37400830204EB820255680D605060B1F804E02A
:10F38400A2F808E002228A8003EB8303934004F886
:10F3940003C0FFF787FFAAE7024B00225A6048F236
:10F3A4000D60A6E7F4480020A44800209C480020F3
:10F3B400082B00208C48002008B5064B06221A7042
:10F3C4005B8803EB83039A00034B13445868FFF7ED
:10F3D40069FF08BD8C480020A448002000B583B014
:10F3E40002238375002300930423C218044801F008
:10F3F400E9F810B903B05DF804FB48F20D60F9E7D1
:10F40400082B002000B583B0036973B1032383750F
:10F4140000230093042300F10C020831054801F095
:10F42400D1F820B903B05DF804FB0123EFE748F2FB
:10F434000D60F7E7082B002000B583B00123837526
:10F44400C388002200929B0002690C31044801F039
:10F45400B9F810B903B05DF804FB48F20D60F9E7A0
:10F46400082B002000B583B00378032B0ED00623AD
:10F47400837500230093042300F10802194406480D
:10F4840001F0A0F820B903B05DF804FB0523EFE711
:10F4940048F20D60F7E700BF082B002010B582B0DA
:10F4A4000C46002300930423084A0146084801F04F
:10F4B40089F840B904EB8404064B03EB840301226E
:10F4C4001A7402B010BD48F20D60FAE7A4B203004A
:10F4D400082B0020A448002070B50C468B8A03EB4F
:10F4E40083022B4E06EB820688B9294A03EB83017B
:10F4F40002EB81014D680B8905EB8305A37D062B87
:10F504000BD8DFE803F0162E22280D343E003046D7
:10F51400FFF7CAFC4FF4064515E048F20E650EE00D
:10F524001C4800234360A36903601B49FFF73AFDAD
:10F5340050B329462046FFF751FF05461DB1214629
:10F544003046FFF7B1FC284670BD29462046FFF738
:10F5540059FF0546F2E729462046FFF76DFF0546A9
:10F56400ECE729462046FFF77DFF0546E6E706233C
:10F57400A375094B1988074B5868FFF78FFF054699
:10F58400DCE741F61D55DAE748F20965DBE700BF21
:10F59400A4480020784800207448002010B584B0A6
:10F5A40004460023009301930293C36800930DF172
:10F5B4000E016846FFF7F6FC18B948F2096004B07A
:10F5C40010BD01988388E38003882381BDF80E1061
:10F5D400FFF764FFF3E7000000B583B00B4842680F
:10F5E4000B4B1968B3F804C0538803339BB24FF034
:10F5F400030E80F800E0002000909B0001EB8C01DA
:10F60400044800F0DFFF03B05DF804FB8C480020E1
:10F614009C480020082B002008B5064931F8020C4C
:10F62400FFF792FC10B1FFF7D7FF08BDFFF7F8FD15
:10F63400FBE700BF9048002008B50748FFF750FDDE
:10F6440010B1FFF7E9FF08BD044B00221A705A807D
:10F654005A6041F61D50F6E78E4800208C48002081
:10F6640030BB08B5154B1B7B6BB1144B00221A73CE
:10F67400124B1B78013B062B1DD8DFE803F0070A69
:10F684000D101C131600FFF787FDF1E7FFF7D4FFF9
:10F6940008BDFFF7C1FFFBE7FFF79EFFF8E7FFF7A1
:10F6A400BFFDF5E7FFF788FEF2E7FFF7EFFDEFE7B1
:10F6B4004FF40640704748F20E60E9E78C4800209A
:10F6C40000B585B0094B01AA00210630FFF7A4FC60
:10F6D40038B9064B99880298FFF7E0FE05B05DF84B
:10F6E40004FB024B00221A605A60F7E76C480020C2
:10F6F400B0B908B50B79012B08D0022B13D0ABB9E4
:10F7040002230B710846FFF749FF0EE00846FFF796
:10F71400D7FF48F20963984207D141F61D5004E02F
:10F724004FF40640704741F61D5008BD48F20E6084
:10F73400FBE7000008B50146014800F051FB08BD95
:10F74400CC48002008B5084B1B683BB10121064892
:10F7540000F001FC003818BF012008BD03494FF434
:10F76400247000F0B3FAF1E7F04800208C80030025
:10F7740010B586B004462CE02E48FFF735FD2E4B1D
:10F7840018602AE02D494FF4B46000F09FFA28E095
:10F794002046FFF799FD002849D0002301930293E6
:10F7A40003930493059341F61D5398423DD0029070
:10F7B400214C01A92068FFF7C5FA01A8FFF7B0FAA8
:10F7C400002323601B48FFF7B5FFFFF7BBFF70B3AF
:10F7D4000024194B1B68002BCED0174B1B68002B41
:10F7E400D0D0154B19680B78013B052B1AD801A210
:10F7F40052F823F095F7020011F8020011F8020004
:10F8040019F8020019F8020021F802002046FFF757
:10F8140063FEC0E72046FFF76BFFBCE72046FFF717
:10F824001FFFB8E748F20E60B7E70020BFE706B055
:10F8340010BD00BF84480020884800208C8003004D
:10F8440008B54068FFF794FF08BD000008B5012122
:10F85400014800F075FB08BDDC48002008B50146EE
:10F86400054800F09AFA0022026042608260C26099
:10F8740002614261826108BDCC48002008B501469E
:10F88400014800F096FA08BDCC48002008B50121D3
:10F89400034800F04AFB00B108BDFFF769FFFBE72E
:10F8A400F04800202DE9F04383B00C46384909782C
:10F8B40000295DD005469846002C5CD021884FF67F
:10F8C400FF7399425AD06388002B5AD0676817F0A7
:10F8D400030759D1002A33D01388ADF80630B2F8A3
:10F8E40002906846FFF7BAFF0646002833D080F836
:10F8F400008000238375BDF806308382636803614A
:10F90400FFF7A4FFF060238833816388B380A6F8EF
:10F914000690B8F1030F26D0002373816846FFF7E1
:10F92400ADFF3DB100236B60F2682A60AB72194BE6
:10F934001B892B81FFF7AAFF384603B0BDE8F0838B
:10F94400B4F808900DF106014846FFF7BBFA002809
:10F95400C7D00746F0E7BDF806104846FFF7E4FABB
:10F9640048F20767E8E70423B3752B68B361D3E76C
:10F9740048F20167E0E748F20467DDE748F203670D
:10F98400DAE748F20367D7E748F20267D4E700BF33
:10F99400F44800208C48002010B370B582B00C46A7
:10F9A400054601B30DF10601FFF7FCFA18B948F258
:10F9B400096002B070BD6E68BDF8063003EB8300C9
:10F9C40080000830094B18440121043000F0B8FAD3
:10F9D40026606B680C3363600123AB720020E8E798
:10F9E40048F20460704748F20460E2E7A44800204B
:10F9F400F8B110B582B004460DF10601FFF7D2FA52
:10FA0400D0B1BDF8063003EB8301104A02EB81024A
:10FA1400D268AAB1A27AB2B10C4A02EB8101C968D8
:10FA2400013903EB830302EB8302D1600020A0724F
:10FA340004E048F20460704748F2096002B010BD67
:10FA440048F20560FAE748F20560F7E7A4480020A9
:10FA540008B502230022FFF725FF08BD28B108B529
:10FA640003230022FFF71EFF08BD48F2046070471D
:10FA7400114B1B78BBB110B582B004464FF6FF732F
:10FA8400984213D001A8FFF7E9FE90B10522027055
:10FA940001220271C48001A8FFF7F0FEFFF7F6FE11
:10FAA400002002B010BD48F20160704748F20360C4
:10FAB400F7E748F20760F4E7F448002000B583B0A4
:10FAC400ADF80600ADF8041001A90DF10600FFF72A
:10FAD400A3FA03B05DF804FB00B583B01346ADF898
:10FAE40006000A460DF106010020FFF795FA03B05F
:10FAF4005DF804FB00B583B01346ADF806000A4672
:10FB040000210DF10600FFF787FA03B05DF804FB4E
:10FB140020B131B103680B600020704748F20460E3
:10FB2400704748F2046070471EF0040F1CBFEFF3E7
:10FB340009800AE0EFF308800549064A884201D8A3
:10FB4400904202D88D464FF00000034B1847000046
:10FB54000000042000F803208DFB0200BFF34F8F48
:10FB64000549CA6802F4E062044B1343CB60BFF357
:10FB74004F8F00BFFDE700BF00ED00E00400FA0571
:10FB840008B5FFF7EBFF000070B582B0064601F040
:10FB94002BFD01F057FB0028FBD1404B9D6A26B397
:10FBA4003F4C404BE41AE408240444F00104B269D5
:10FBB4003D49204601F0B6FCB368F2680192009317
:10FBC400736832683949204601F0CEFCF36900932A
:10FBD400736932693649204601F0B9FC2F4BDB6A60
:10FBE40013F0020F0CD1002420E02D482D4BC01A35
:10FBF400C00800042F4940F0010001F08DFCEDE73E
:10FC04002748284BC01AC00800042B4940F00100C3
:10FC140001F082FCE7E72248224BC01AC008000426
:10FC2400264940F0010001F07DFC0134192C09D86B
:10FC34000123A3402B42F8D0214B53F82420002A5F
:10FC4400E9D1F2E715F0800F0ED115F4004F18D169
:10FC5400124BD3F8F03013F0010F00D000BE304641
:10FC6400FFF78EFF02B070BD0D480E4BC01AC008DE
:10FC740000040A4B5A6B134940F0010001F052FC96
:10FC8400E3E70748074BC01AC0080004034B9A6B0C
:10FC94000D4940F0010001F045FCD9E700ED00E01A
:10FCA4008062030010620300208103003881030096
:10FCB4007081030098810300CC810300108203004B
:10FCC400B8B203001C8203003C82030000B583B079
:10FCD400009001916A46002144F20200FEF796FE6C
:10FCE40003B05DF804FB82B050E8013F1FFA83FCC7
:10FCF400C28994448289944528BFACEB020C0289E2
:10FD0400944502BFBFF32F8F002007E0CCEA030C19
:10FD140040E801C2002AE7D14FF001008DF8070046
:10FD24000093009B0B609DF8070002B0704750E8F9
:10FD3400012FC2EA024240E80123002BF7D17047A9
:10FD440082B050E8023F1FFAA3FCC288944502BF68
:10FD5400BFF32F8F00200EE0C2899444828994451A
:10FD640028BFACEB020CC3EA0C4C40E802C2002AE8
:10FD7400E7D14FF001008DF807000093009B0B6062
:10FD84009DF8070002B0704750E8022FC2EA2242F1
:10FD940040E80223002BF7D1704738B505460C46DE
:10FDA400FFF7A1FF18B128682388184438BD002044
:10FDB400FCE708B50A884B889A4201D0002008BDA8
:10FDC400FFF7B5FF0120FAE738B505460C46FFF703
:10FDD400B7FF18B128686388184438BD0020FCE7D1
:10FDE40008B50A884B889A4201D0002008BDFFF765
:10FDF400CBFF0120FAE708B54B0901F01F010122EE
:10FE040002FA01F100EB830000F06EF808BD10B5B2
:10FE14004B0901F01F040121A14000EB830000F015
:10FE240058F8E04000F0010010BD08B54A0901F09F
:10FE34001F01012303FA01F1C94300EB820000F022
:10FE440069F808BD4B0950F8230001F01F01C840B0
:10FE540000F0010070472DE9F04106460F460025E9
:10FE640018E0202300E020231F2B12D803EB4514B5
:10FE7400A7420ED921463046FFF7C9FFE0B1D8F8B2
:10FE84000030DB4393FAA3F3002BECD0B3FA83F3F3
:10FE9400EAE701357B1E5B090133AB420BD906EB64
:10FEA400850856F82530DB4393FAA3F3002BD8D00A
:10FEB400B3FA83F3D8E73C462046BDE8F081034615
:10FEC40053E8000F0A4643E8002C9CF0000FF7D1DA
:10FED4007047034653E8000F40EA010243E8002C50
:10FEE4009CF0000FF6D17047034653E8002F42EA16
:10FEF400010043E8000C9CF0000FF6D17047034664
:10FF040053E8000F00EA010243E8002C9CF0000FC4
:10FF1400F6D17047034653E8002F02EA010043E894
:10FF2400000C9CF0000FF6D17047034653E8000F15
:10FF340000EB010243E8002C9CF0000FF6D170475F
:10FF4400034653E8002F02EB010043E8000C9CF049
:10FF5400000FF6D17047034653E8002FA2EB0100CF
:10FF640043E8000C9CF0000FF6D1704708B501215E
:10FF7400FFF7BAFF08BD08B50021FFF7C0FF08BDB1
:10FF840038B50C46054620B1EB68288A00FB0430DE
:10FF940038BD0249E820FFF799FEF5E738870300EA
:10FFA40038B50C46054630B1EB68E01A2B8AB0FB35
:10FFB400F3F0C0B238BD0249F520FFF787FEF3E73E
:10FFC4003887030000283DD010B50446036873B198
:10FFD40063688BB1A368ABB1E368CBB1238AEBB19F
:10FFE400A2686368D21AD2B221680B6022E0164973
:0CFFF400FF20FFF76BFEEBE713494FF412
:020000023000CC
:100000008070FFF765FEE7E7104940F20110FFF747
:100010005FFEE3E70D494FF48170FFF759FEDFE71C
:100020000A4940F20310FFF753FEDBE721680A6834
:10003000501C086013701A46531EDBB2002AF5D11B
:1000400023680020187110BD0E2070473887030008
:1000500030B583B00446E8B100238DF807300DF1C8
:100060000700FEF73BFE2268136861688B4217D9D0
:10007000591E116013F8011C2046FFF783FF054647
:10008000A368226811685B1ADBB21179994208D221
:10009000137106E006494FF49270FFF719FEDBE793
:1000A00000259DF80700FEF72BFE284603B030BD63
:1000B0003887030070B582B00C460646B0B1DCB19B
:1000C00000238DF807300DF10700FEF707FE3368B7
:1000D0001D686A1C1A6021463046FFF763FF2870CE
:1000E0009DF80700FEF70CFE02B070BD054940F216
:1000F0004710FFF7EDFDE2E702494FF4A470FFF768
:10010000E7FDDDE73887030010B5044640B1A2687B
:100110002AB163692168206998470023A36010BD54
:1001200002493120FFF7D4FDF1E700BFD487030077
:100130000EB430B582B0059D0446A0B16369BBB171
:100140002368D3B16368EBB145B10023019306ABDB
:10015000019301AA2946204600F026F902B0BDE825
:10016000304003B070470A494220FFF7B1FDE5E790
:1001700007494320FFF7ACFDE2E705494420FFF7BC
:10018000A7FDDFE702494520FFF7A2FDDCE700BF3E
:10019000D487030038B504460D460A2909D02268E1
:1001A000A368591CA160D554A26863689A4204D21E
:1001B00038BD0D21FFF7EEFFF1E72046FFF7A4FF62
:1001C000F6E700002DE9F84F82460F4615461E4619
:1001D000DDF828900B9A0B464FF0010803E0B3FBC3
:1001E000F5F308F10108AB42F9D2B04500D2B046B0
:1001F00012F0010B13D1B9F1000F10D012F0020F61
:100200000FD086B1202405E009F1FF392146504680
:10021000FFF7C0FFB9F1000F01D0C145F4D80124A8
:1002200006E02024F6E73024F4E7013E05FB04F461
:10023000012EFAD8B7FBF4F39D42F7D9B7FBF4F3DC
:1002400004FB13770E4AD15C5046FFF7A3FF234609
:10025000B4FBF5F4AB42F1D2BBF1000F02D0B9F11F
:10026000000F07D1BDE8F88F09F1FF392021504672
:10027000FFF790FFB9F1000FF4D0C145F4D8F1E7D2
:1002800020B303002DE9F04782B080460F461446A4
:1002900099460A9EDDF82CA081EAE17CACEBE17C7A
:1002A000012502E09CFBF4FC01356445FADD4D4577
:1002B00000D24D462EB1002F02DB1AF0040F00D001
:1002C000013E1AF0020F02D0B9F1000F03D01AF06C
:1002D000010F00D1CEB9002F1CDB1AF0040F1FD183
:1002E0000AF00303022B20D0CDF804A000964B4661
:1002F000224639464046FFF765FF02B0BDE8F08769
:10030000013E20214046FFF745FF002EE3D0AE42DC
:10031000F6D8E0E77F422D214046FFF73BFFDFE7BD
:100320002B214046FFF736FFDAE7B9F1000FDBD1AA
:100330002EB9D9E7013E30214046FFF72BFF002EB2
:10034000D2D0AE42F6D8CFE7F8B506460C461546F1
:1003500013F001070ED1E1B1084605F084FE07460F
:1003600017E0013401373046FFF714FF21780029E8
:10037000F7D106E00027F9E7013D20213046FFF7DD
:1003800009FFBD42F8D8F8BD013D20213046FFF7F6
:1003900001FFBD42F8D803E001343046FFF7FAFE12
:1003A00021780029F8D1EEE7F0B583B00C46164667
:1003B000054648B16B696BB12B688BB16B68ABB10B
:1003C000002C40F08B80DAE0704940F25220FFF7B9
:1003D0007FFCEFE76D494FF41570FFF779FCEBE711
:1003E0006A4940F25520FFF773FCE7E7674940F29E
:1003F0005620FFF76DFCE3E70027012303E047F0F9
:100400000107013483B121782D29F8D0302903D098
:100410002B2905D00023F5E747F002070134F1E767
:1004200047F004070134EDE700222A290CD0217897
:10043000A1F13000C0B209280CD8013402EB8202CD
:1004400001EB4202303AF0E73368191D31601B6856
:100450001A44013423782E2B02D00023217811E096
:10046000013400232178A1F13000C0B20928F5D869
:10047000013403EB830301EB4301A1F13003F1E706
:1004800014F8011F6C29FBD06829F9D025296FD0F9
:1004900020D378291ED858291CD35839202919D897
:1004A000DFE801F03C181818181818181818181157
:1004B0002618181818261818181818185018184739
:1004C000183118183C0033681A1D32601978284614
:1004D000FFF760FE01342378002B4ED014F8011B87
:1004E00000294AD0252987D02846FFF753FEF2E796
:1004F0003168081D30600968019700920A22284679
:10050000FFF7C0FEE6E73168081D30600968019713
:1005100000920A222846FFF755FEDBE73168081DE6
:10052000306009680197009210222846FFF74AFEC2
:10053000D0E731680B1D33603B4609682846FFF75A
:1005400003FFC7E733681A1D32601F683021284651
:10055000FFF720FE78212846FFF71CFE00230193B9
:1005600008230093102239462846FFF72BFEB1E7F7
:1005700025212846FFF70EFEACE72B7B0BB903B015
:10058000F0BD2846FFF7C0FDF9E700BF688803000B
:10059000C3688B4206D8114401390369994203D9D3
:1005A00000207047002070470120704710F0030FB3
:1005B0000CBF01200020704743681B68013B0B42C1
:1005C0000CBF0120002070472DE9F04182B00028C7
:1005D00031D00E4615461C460746002A3BD0D0F8BF
:1005E0000080B8F1000F46D0002B54D043685A6801
:1005F000B4FBF2F302FB1343002B5CD10846FFF778
:10060000D5FF002867D02846FFF7D0FF002872D01A
:10061000224631463846FFF7BBFF00287BD0D8F88A
:100620000C80089B009323462A4631463846C04733
:1006300002B0BDE8F0814048404BC01AC008000439
:100640000E2400943E4B3F4A3F4940F0010000F029
:1006500080FF2046ECE73848384BC01AC008000439
:100660000E240094364B394A374940F0010000F01F
:1006700070FF2046DCE73048304BC01AC008000449
:10068000082400942E4B324A2F4940F0010000F01C
:1006900060FF2046CCE72848284BC01AC008000459
:1006A00009240094264B2B4A274940F0010000F012
:1006B00050FF2046BCE72048204BC01AC008000469
:1006C000092400941E4B244A1F4940F0010000F009
:1006D00040FF2046ACE71848184BC01AC008000479
:1006E00010240094164B1D4A174940F0010000F0F9
:1006F00030FF20469CE71048104BC01AC008000489
:10070000102400940E4B164A0F4940F0010000F0EF
:1007100020FF20468CE70848084BC01AC008000498
:1007200010240094064B0F4A074940F0010000F0E6
:1007300010FF20467CE700BF9062030010620300B8
:1007400044B303000089030008890300948903006F
:100750003C890300508903009C890300C889030079
:10076000E0890300048A03002DE9F04182B0F0B172
:10077000884614461F460546066846B3002A36D00A
:10078000FFF71AFF002842D06B681A6804FB02F2D8
:1007900041462846FFF7FCFE002848D036693B4614
:1007A000224641462846B04702B0BDE8F0812848BD
:1007B000284BC01AC00800040E240094264B274A78
:1007C000274940F0010000F0C4FE2046ECE7204835
:1007D000204BC01AC0080004082400941E4B214A74
:1007E0001F4940F0010000F0B4FE2046DCE7184845
:1007F000184BC01AC008000409240094164B1A4A6A
:10080000174940F0010000F0A4FE2046CCE7104854
:10081000104BC01AC0080004102400940E4B134A59
:100820000F4940F0010000F094FE2046BCE7084864
:10083000084BC01AC008000410240094064B0C4A50
:10084000074940F0010000F084FE2046ACE700BFFD
:10085000906203001062030030B3030000890300BC
:10086000088903003C890300508903002C8A030097
:10087000548A030029DF704728DF704703689B68AC
:10088000002B28D000B587B000230093019302937A
:10089000039304930593019183680593037953B1FE
:1008A000012B11D102238DF80030C3681B03029382
:1008B0004369049308E001238DF800300369029333
:1008C000C36803934369049303689B686846984729
:1008D00007B05DF804FB704710B542698369D21A0E
:1008E000B2F5805F28BF4FF4805292080469C16856
:1008F000012A38BF012219441819FFF7BBFF10BDA8
:1009000008B5C26800691044FFF7B6FF08BD0000D3
:10091000114B0022DA6003791BB1012B0FD0104676
:10092000704742698369D11AB1F5805F94BF5B1843
:1009300003F5805383619A4209D000207047036910
:10094000013303614269934203D0002070470120C4
:1009500070470120704700BF04490020064AD36851
:100960000133D360082B01D80020704713460022C2
:10097000DA600120704700BF04490020034B0122C8
:100980005A74187AB0FA80F0400970470449002080
:1009900008B502490248FFF725FA08BDFC480020C7
:1009A0001849002008B505490548FFF70FFA054B1F
:1009B0001860003818BF012008BD00BFFC480020A7
:1009C000184900200049002008B51A4B1B7AA3B132
:1009D000184B02221A72184B18680379ABB1012B1D
:1009E0001CD00321144B1868FFF748FF114B00225D
:1009F0001A725A60FFF7CCFF08BDFFF7D3FF00283B
:100A0000E6D10C4B00225A60F6E7FFF765FF40B1D4
:100A10001128E6D1074B01221A72EDE7FFF770FFAC
:100A2000F5E7044B1B7C002BE6D10021022000F0EF
:100A300005F8E1E70449002000490020831E012B4E
:100A40002DD810B50446164B1B7A53B1022B03D197
:100A5000022807D0032818D0114B5B7CE3B9FFF7BD
:100A6000B3FF10BD0F4B1868FFF752FF0028F3D0FB
:100A70000B4B00221A720B4B1868022C0AD00D2166
:100A8000FFF7FCFEFFF784FFE6E7064B1868FFF769
:100A900065FFEBE71146F3E701F02EF9E1E7704758
:100AA0000449002000490020012802D0032800D07A
:100AB000704708B5054B00225A74012814BF002066
:100AC00001201874FFF780FF08BD00BF0449002013
:100AD0002DE9F04F83B0884601929B469DF83090F7
:100AE0000446D0B1B4F806A0637903FB0AFAAAF170
:100AF000040ADA4516D9E7880BF10403B3FBF7F6CD
:100B000007FB1633019A156805EB0B02524501D914
:100B1000AAEB0B05019A15600BE01949B620FFF707
:100B2000D7F8DFE71649C420FFF7D2F8E3E72468D7
:100B3000013E002EFBD1A7EB030AAA4528BFAA4617
:100B4000B3460DE052460146184605F0A3FA246864
:100B5000A5EB0A05D344BA46AF4228BFAA4633469E
:100B60005DB108EB0B0023440433B9F1000FE9D069
:100B70005246194605F08EFAE9E703B0BDE8F08F5A
:100B8000B48A030008B5FFF71FFA08BDF8B501469F
:100B90004679701E0A46002301E012680133834241
:100BA000FBD31768002405E00D683846FFF782FA8A
:100BB00001342946A642F7D8F8BD2DE9F843074687
:100BC000048A231F19440331B1FBF3F8FFF740FAFD
:100BD0000646F8B10025057101234371043CC48029
:100BE0005FFA88F808F1FF3807608146454511D261
:100BF0003846FFF72DFA044640B17379013373711B
:100C0000C9F80000076001358146EFE73046FFF77D
:100C1000BDFF26463046BDE8F88308B50121043003
:100C2000FFF790F908BD10B5044601210430FFF725
:100C300094F910F0FF0F00D010BD2046FFF7A6FF7B
:100C4000FAE7000010B584B0144603920022009227
:100C500003AAFFF73DFF039BA34201D104B010BDDF
:100C60000249F620FFF734F8F8E700BFB48A030022
:100C700010B584B0144603920122009203AAFFF734
:100C800027FF039BA34201D104B010BD02494FF4DA
:100C90008070FFF71DF8F7E7B48A0300826800232D
:100CA000936082681361826853618268D36082684E
:100CB000536082681360704738B50C46054638B1FA
:100CC0005CB12C6023686B60626893420AD038BDC7
:100CD00006495020FEF7FCFFF2E704495120FEF7D9
:100CE000F7FFEEE700236B60F1E700BF508B0300D6
:100CF00010B5044658B1236873B1636833B12268F4
:100D000091680B446360526893420AD010BD064953
:100D10006320FEF7DDFFEEE703496420FEF7D8FF0E
:100D2000EBE700236360F1E7508B03000E49A1F568
:100D30009472914215D9A1EB020C4FEADC7303EBDC
:100D4000EC035B1002EBC30C52F83330834201D941
:100D50006146EEE702D20CF10802EAE7DCF8040093
:100D600070470020704700BF80B4030008B5FFF74C
:100D7000DDFF00B108BD0148FCE700BF80B40300FF
:100D80007047704700B583B0044B00934FF4806305
:100D9000034A00F033F803B05DF804FBA50D03002F
:100DA000284900200AB3F8B50F461446032600254B
:100DB00003E00E4B01221A70B4B1224679190020CB
:100DC00000F0D0FD0544241A0028F2D1074B1B780F
:100DD00053B1074B4FF47A4043F001039847013E6B
:100DE000E7D1024B00221A70F8BD7047284D002051
:100DF000A0B4030008B500F0EBFD08BDF0B595B058
:100E00000E4615461C460846FFF707FF0E950F9441
:100E1000002310938DF8443012931A9A13920822EB
:100E200008A93046FFF724FF0A9B0B93BDF8243036
:100E3000ADF83030BDF82630ADF8323001238DF8F2
:100E400035309DF8203003F00303012B06D0022B30
:100E500021D03046FFF7E7FE15B0F0BD089DC5F381
:100E600095259DF82030C3F3C2038DF83430BDF8CA
:100E70002040C4F383140823A2000DEB0301304685
:100E8000FFF7F6FE0EAB00930BAB224602A92846F5
:100E900000F020FCDDE7BDF82250C5F389159DF870
:100EA0002030C3F3C2038DF8343008272C46082DB8
:100EB00028BF08243B46224602A93046FFF7D8FE49
:100EC00027442D1B0EAB0BAA214602A800F064FCA0
:100ED000002DEBD1BDE7000008B5FFF78BFF042123
:100EE000064800F063FB002803DB054B01225A7122
:100EF00008BD04494120FEF7EBFEF6E7F862030067
:100F0000382B0020F08F0300037813F0040F19D062
:100F100003F00303012B03D0022B0AD001207047FA
:100F20000388C3F383130A68134402330B60012060
:100F300070474388C3F389130A68134402330B6074
:100F40000120704700207047002002E001238BB988
:100F5000013009280CDC084BD3F81034002BF5D0F5
:100F6000DB681A79824201D01B68F7E70023EEE7BD
:100F70004FF0FF30704700BF2C4D002010B584B0FB
:100F80002D4C2046FEF7F4FF201FFEF7F1FFA4F5DD
:100F90008364A3680393DBB2023304EB8304201D54
:100FA00006E09DF80C300233244800EB8300043047
:100FB00003A9FFF7A9FF0028F3D100220BE0039B50
:100FC000591C0391DBB202331C4901EB83035B68BC
:100FD0004DF822300132012AF1D99DF8003003F09A
:100FE0000303012B16D0022B1ED1BDF80640BDF81D
:100FF0000230C3F389130333039A02EB9302039283
:101000000F48FEF7BAFF10B10C4B039A9A602046C6
:1010100004B010BDBDF80640BDF80020C2F3831235
:10102000039B13440393EBE706494FF4C270FEF7AA
:101030004FFE0024E4E700BF445100202C4D002067
:1010400040510020AC900300F0B583B006460C463A
:101050001746851C00238DF807300DF10700FDF7BA
:101060003DFE1E4B5A6822609B689B1A03F58073F5
:1010700011E01B4C01212046FEF764FFFFF77EFFC5
:1010800001462046FEF75EFFA4F21C44A368626896
:101090009B1A03F58073AB42EBD30022B7B1012357
:1010A00063F3010242F0040266F389120B484168BF
:1010B000CBB2023300EB83035A60294441609DF8B0
:1010C0000700FDF71DFE012003B0F0BD022363F30E
:1010D000010242F0040266F39F52E7E72C4D002024
:1010E0004851002010B5074B01221A700648FFF73F
:1010F00049FD044608B1204610BD0448FFF7CEFD67
:10110000F9E700BF2C4D0020FC610300B4B40300DC
:101110000248034BC01AC008704700BFF8620300C2
:101120001062030099B110B50446FFF7F1FF0023E8
:1011300083420AD2074A32F823102268914201D032
:101140000133F5E72360002000E0052010BD0020FA
:10115000704700BF1C2B00202DE9F04706460F46C4
:1011600090461D46DDF82090040C00211A48FEF739
:10117000A8FE80F3100AFFF7CBFFA04225D96B1C15
:1011800003EA090344EA0A42144C023304EB8303E2
:101190005A6005EA0905023504EB85031A7966F3FE
:1011A000C5021A719A8868F389129A805A6867F39F
:1011B0009F225A601A79012161F301021A71D2B299
:1011C00022F004021A71BDE8F087054940F2A91027
:1011D000FEF77EFDD3E700BF485100202C4D0020D4
:1011E000AC90030000B583B0019001A8FFF79AFF0F
:1011F00030B9019A034B53F8320003B05DF804FB99
:101200000020FAE710620300094B03EBC003013929
:10121000032909D8DFE801F0020A0406022070471A
:10122000187970475879704700207047042070473C
:1012300010620300034B98685B68984214BF00205B
:10124000012070472C4D00202DE9F04186B0FFF7BA
:10125000F1FF002840F01F81044690480023C0F8A9
:101260001834BFF34F8F83680593DBB2023300EB72
:101270008300043005E0DBB20233884800EB8300D2
:10128000043005A9FFF740FE30B3844BD3F818347F
:1012900023BB824B5A68059B9A42ECD87F4B9A60DD
:1012A000F5E0059B591C0591DBB202337B4901EB4C
:1012B0008303596802AB43F822100132012AF0D9A6
:1012C0009DF8083003F00303022B09D0012B6DD0E9
:1012D000724BD3F81044C9E00022EFE70022EDE79B
:1012E000BDF80A30C3F38916B046502E28BF4FF020
:1012F000500868F38F13ADF80A3008F10801684808
:10130000FFF75BFC05460028E2D0FFF786FC0023D0
:1013100008220DEB02012846FFF794FC0599CB4308
:10132000DBB201339F00B8EB830F33D91FBB5FFAE9
:1013300088F700245B49A04608233A462846FFF771
:1013400081FC07F1080324B1424621462846FFF7F5
:1013500079FC0336059B03EB96030593002DB7D06C
:101360004E4BD3F81044D3F81834002B57D02846EE
:10137000FFF759FC86E0C9B20231484C04EB810109
:101380000431FFB25FFA88F8A8EB07085FFA88F823
:101390000C34D1E7CBB20233404901EB830108237F
:1013A000424604312846FFF74DFCD2E7BDF808203D
:1013B000C2F38313062B28BF062363F38912ADF80B
:1013C0000820023399003648FFF7F7FB054600284E
:1013D0003FF47EAFFFF721FC002308220DEB020152
:1013E0002846FFF72FFC002408260FE0059B5A1C17
:1013F0000592DBB20233294901EB83013346042213
:1014000011442846FFF71EFC04360134BDF80830AD
:10141000C3F38313A342E9D8A0E7E3681C684CB187
:10142000E3685B79002BF8D023681B6829462046C7
:101430009847F2E72846FFF7F6FB00238DF80730C0
:101440000DF10700FDF74AFC144BD3F8183413B91B
:10145000124B059A9A609DF80700FDF751FC11E0C8
:1014600023689B6820469847E3681C68002CF7D1E6
:101470000D480E4BC01AC00800040D4940F0020090
:1014800000F04CF8FFF7D6FE80F00104E4B22046ED
:1014900006B0BDE8F0810024F9E700BF2C4D002024
:1014A000FC610300384D00206062030010620300FD
:1014B000509103002DE9F04184B007468846164656
:1014C0001D46012203A91846FFF7BEFDC8B1039BC4
:1014D000991C4FF0000C0BE0CAB202320E4C04EB28
:1014E000820E56F82C20CEF804200CF1010C0131AC
:1014F000AC45F1D3FF2200922A4641463846FFF719
:101500002BFE054B1B781BB1FFF79EFE0028FBD17D
:1015100004B0BDE8F08100BF2C4D002008B50023C9
:101520001A46FFF7C7FF08BD00B583B0019201233B
:1015300001AAFFF7BFFF03B05DF804FB00B583B05D
:101540000092019302236A46FFF7B4FF03B05DF8EF
:1015500004FB00B585B001920293069B039303231D
:1015600001AAFFF7A7FF05B05DF804FB00B585B041
:1015700000920193069B0293079B039304236A4600
:10158000FFF798FF05B05DF804FB00B587B0019246
:101590000293089B0393099B04930A9B05930523DD
:1015A00001AAFFF787FF07B05DF804FB10B50446FA
:1015B000FFF7CAFCB0F1FF3F0ED0E36818710A4B89
:1015C000D3F810344BB1DA68E36812681A60064B3E
:1015D000D3F81034DB681C6010BD034BC3F8104413
:1015E000E36800221A60F7E72C4D002010B5094B84
:1015F000D3F8104401221A7008E0E36801225A71FE
:1016000023685B6820469847E3681C68002CF4D187
:1016100010BD00BF2C4D002070B582B004460D46B1
:10162000C388A3B9217A05290FD0637ABBB9227A7E
:10163000104B53F822600021A088FFF7D3FD03462A
:1016400032460D492846FEF773FD02B070BD0B4AC5
:1016500000920B4A0B492846FEF76AFDE2E7A08894
:10166000FFF7D2FD084B53F8202008492846FEF723
:101670005FFDDCE7E4B4030094910300889103006C
:101680006891030070910300C0B4030090910300BF
:1016900010B50C46037A052B0FD0437A3BB90A49A3
:1016A0002046FEF745FD2046FEF72EFD10BD074AF9
:1016B00007492046FEF73CFDF1E7002AF3D0024936
:1016C0002046FEF735FDEEE76C69030088910300C4
:1016D000909103002DE9F04385B081460D46904678
:1016E0001E460C9C277B0023237321463046FFF7C0
:1016F00093FFB8F1060F09D8DFE808F00411171EB0
:1017000027323F0049462046FEF712FD00222146BF
:101710003046FFF7BDFF277305B0BDE8F0832A68A8
:1017200049462046FEF704FDF0E76B682A68494603
:101730002046FEF7FDFCE9E7AB6800936B682A687A
:1017400049462046FEF7F4FCE0E7EB680193AB68FE
:1017500000936B682A6849462046FEF7E9FCD5E706
:101760002B690293EB680193AB6800936B682A685E
:1017700049462046FEF7DCFCC8E76B6903932B69FA
:101780000293EB680193AB6800936B682A68494643
:101790002046FEF7CDFCB9E7082900D970472DE9AE
:1017A000F04707460E4690461D4693F80C900024DD
:1017B0001C7319461046FFF72FFF04E01C4928460A
:1017C000FEF7B6FC0134072C07D8B442F6D23A5DD6
:1017D00018492846FEF7ACFCF4E717492846FEF7FF
:1017E000A7FC002407E04FF02E0A52461349284672
:1017F000FEF79EFC0134072C11D8B4420AD2385DA2
:101800007E28F0D8824604F0D7F80028EDD14FF0BA
:101810002E0AEAE70A492846FEF78AFCEAE701228F
:1018200029464046FFF734FF85F80C90BDE8F08765
:10183000A8910300A0910300AC910300B0910300B4
:10184000B49103000369C268934204D881688A1A7C
:101850001344581E7047981A013870472DE9F84311
:10186000044688461646C5688768A7EB0509914572
:1018700007D94068284404F00DFC3544E560BDE814
:10188000F88340684A46284404F004FCED1B3544C4
:101890002A4608EB0901606804F0FCFBE560EEE70E
:1018A0002DE9F843064688461746C5684FF00009FB
:1018B00018E05B1B5A1EB3685C1B944228BF144699
:1018C000BC4228BF3C46706822464146284404F08A
:1018D000E1FBA144A0443F1B2544B368AB4209D0BF
:1018E000F5604FB133699D42E3D3B2685B1B1A4484
:1018F000013AE0E70025F3E74846BDE8F883000039
:10190000124B02221A615A6111499961114ADA6136
:101910004FF400721A6200229A625A62DA62996483
:101920000D49D964102119659A655A65DA650B4A23
:101930001068C3F807000A4A92E80300186099800B
:10194000090C997120229A71704700BFC45400207D
:1019500008920300C4520020B452002014920300E5
:1019600018920300F8B50F461646441C04EB4404D5
:10197000164B03EBC40400EB400003EBC003DD6A2D
:10198000012D0ED0022D1AD0F5B92046FFF75AFFCF
:10199000864212D8324639462046FFF75FFF354669
:1019A0000BE02046FFF74EFF3546864228BF05462E
:1019B0002A4639462046FFF751FF2846F8BD204603
:1019C000FFF76EFF0546F8E70025F6E7C454002050
:1019D00008B5FFF795FF08BD002807DB00F01F02E0
:1019E000400901239340024A42F82030704700BF6B
:1019F00000E100E000280CDB00F01F024009012399
:101A000093402030034A42F82030BFF34F8FBFF39A
:101A10006F8F704700E100E0002807DB00F16040B5
:101A200000F5614090F800034009704700F00F0096
:101A3000014B185C4009704714ED00E010DF70475F
:101A400011DF70471F2808DD3F280CDC20380123F8
:101A5000834014BF012000207047044B23FA00F09C
:101A600000F0010070470120704700BFFC06FFBD79
:101A700038B50446FFF7E6FFE8B12046FFF7CCFF94
:101A800007281CD8EC23034113F0010F1AD00F4B89
:101A90009D6865B16009194653F8203004F01F04B1
:101AA0000122A240134341F82030002505E02046E2
:101AB000FFF792FF01E042F20105284638BD42F2ED
:101AC0000205FAE742F20205F7E700BF604800208E
:101AD00038B50446FFF7B6FFA8B10C4B9D6875B149
:101AE0006009194653F8203004F01F040122A24077
:101AF00023EA020341F820300025284638BD20465D
:101B0000FFF778FFF9E742F20105F6E760480020A9
:101B100070B582B00646154D154BED1AED082D0433
:101B200045F00405024613492846FFF7FDFC12491B
:101B30006846FFF7C1F807E0224610492846FFF73C
:101B4000F3FC6846FFF7D4F8019C64B12368616830
:101B5000304698470028EFD1224609492846FFF72A
:101B6000E3FC112000E0002002B070BD9862030089
:101B7000106203002092030010B5030038920300A6
:101B80005892030010B582B004460E480E4BC01A9E
:101B9000C008000422460D4940F00400FFF7C4FCD1
:101BA0000B496846FFF788F806E01A68596820462E
:101BB00090476846FFF79CF8019B002BF5D102B0D7
:101BC00010BD00BF98620300106203007C92030006
:101BD00004B5030008B51620FFF74AFF00B908BD99
:101BE000024AA121FCF706FFF9E700BF9492030027
:101BF00008B51620FFF76CFF00B908BD024AAD21F9
:101C0000FCF7F8FEF9E700BF9492030010B582B02C
:101C10001B4B1B7873BB1B4B01221A700020FFF774
:101C200077FF11282AD00020FFF7ACFF164B1B6866
:101C3000019300238DF803300DF10300FDF74EF8FA
:101C4000124901A8FFF7FAFE0446B0FA80F04009F5
:101C50000B4B18709DF80300FDF752F85CB9002398
:101C6000084A13700A4A1370FFF7B4FF0120FFF708
:101C700089FF00E00824204602B010BD0024FAE7E6
:101C80003E5500203C5500201CB5030011EA02001F
:101C90003D55002030B583B0154B1B7813B30120A0
:101CA000144B1870FFF734FF11281FD00220FFF7E4
:101CB00069FF00258DF807500DF10700FDF70EF8BC
:101CC000FFF7BEFE04460A4B1D709DF80700FDF7A6
:101CD00017F844B9074B1D70FFF78AFF0320FFF781
:101CE00051FF00E00824204603B030BD0024FAE78D
:101CF0003E5500203C55002008B5074B1B7843B1EA
:101D0000064B1B7813B1FFF7C5FF08BDFFF77EFF39
:101D1000FBE70820F9E700BF3C5500203E550020B6
:101D2000014B1878704700BF3E55002000B583B0C6
:101D300008496846FEF7C0FF05E01A6858689047F2
:101D40006846FEF7D5FF019B002BF6D103B05DF886
:101D500004FB00BFF8B4030008B5FFF7E7FF08BDB8
:101D600060DF704769DF704761DF70474FF0805375
:101D7000D3F80C01800200F100507047164B1B781D
:101D800043B300B5ADF5017D09E01A68596803A8B1
:101D9000904701A8FEF7ACFF029B002BF5D14FF452
:101DA000FA73ADF802300DF1020103A8FFF7DCFF72
:101DB00020B90A4901A8FEF77FFFEDE7052803D106
:101DC0000DF5017D5DF804FB054A40F23B11FCF77F
:101DD00011FEF5E7704700BF3F55002020B5030016
:101DE0003893030018B1034A0260002070470E20A8
:101DF000704700BF082B0020F0B585B005460C46A3
:101E00000846FFF7EFFF064610B1304605B0F0BDBB
:101E100000230193029303938DF8045001238DF85E
:101E200006300623ADF80830226801A92020FFF70C
:101E300099FF002858D100230193029303930123B3
:101E40008DF80530226801A94020FFF78BFF00289C
:101E500058D100230193029303938DF80450F72384
:101E6000ADF80630226801A92320FFF77BFF002888
:101E700056D1002301930293039303238DF804307A
:101E8000226801A90120FFF76DFF002856D1002329
:101E90000193029303934FF4B0630193226801A965
:101EA000A120FFF75FFF002856D100230193029382
:101EB00003939DF8043043F001038DF80430226849
:101EC00001A9A020FFF74EFF00289ED0294C2A4AE6
:101ED000A41AE4082404FEF749FF0246274944F007
:101EE0000100FFF721FB90E7224F234ABF1AFF08AA
:101EF0003F04FEF73BFF0246214947F00100FFF790
:101F000013FB98E71B4F1C4ABF1AFF083F04FEF75C
:101F10002DFF02461B4947F00100FFF705FB98E73C
:101F2000144D154AAD1AED082D04FEF71FFF0246A9
:101F3000154945F00100FFF7F7FA9AE70D4D0E4AF3
:101F4000AD1AED082D04FEF711FF02460F4945F0CA
:101F50000100FFF7E9FA9AE7064D074AAD1AED08C6
:101F60002D04FEF703FF0246094945F00100FFF783
:101F7000DBFA9AE7A06203001062030054950300A5
:101F8000D8930300209403006C940300B4940300DE
:101F900000950300F8B504460768FFF7E1FE054623
:101FA0002368BB4205D8F5B9164B01221A702846A2
:101FB000F8BD154E154BF61AF608360446F0020623
:101FC00013493046FFF7AAFA23683A4611493046CA
:101FD000FFF7B4FAFFF7CAFE2268821A0E493046AC
:101FE000FFF7A2FADFE7084C084BE41AE4082404E0
:101FF0002846FEF7BBFE0246084944F00100FFF701
:1020000093FAD4E73F550020A0620300106203005A
:10201000A8950300D89503000C960300389603009A
:102020004BDF704700B585B009E01A685968019820
:10203000904702A8FEF75CFE039B002BF5D101A898
:10204000FFF7EEFF78B90D480D4BC01AC008000429
:10205000019A0C4940F00400FFF766FA0A4902A809
:10206000FEF72AFEE8E7052802D105B05DF804FB7B
:10207000064A6B21FCF7BEFCF7E700BFA86203002D
:1020800010620300649603002CB5030078960300E9
:10209000FEE77047704738B50C464568284600F0A3
:1020A00059F8E1B2022906D004290BD1416828462B
:1020B000F6F729F806E000F087F800220321084629
:1020C000F5F7BAFF38BD08B500F0A8F808BD38B577
:1020D0000C464568284600F03DF8E1B2062906D0D6
:1020E000072908D101682846F6F70DF803E00168D2
:1020F0002846F6F708F838BD08B500F0BDF808BD69
:1021000002460C4942F8141B426000228260C26001
:10211000094A0261094A0260094A4261806109492B
:10212000C1610949416102624062084A8262084A0B
:102130000262704734B103002497030068B50300BE
:1021400020B103003497030040B50300B0700300D2
:1021500054B50300034600F1140202480260203324
:10216000436070474055002008B50948094BC01A24
:10217000C0080004084940F00400FFF7CFF9074801
:10218000F6F759F8002207210320F5F755FF08BD9F
:1021900060620300106203003C9703004855002072
:1021A00000B583B0054B0093002342F2107204493E
:1021B0000448F5F7CFFF03B05DF804FB6921030085
:1021C000549703004855002008B50248F6F7A8F9CF
:1021D00008BD00BF99230300014B1860704700BF82
:1021E000402B002008B50848084BC01AC00800045E
:1021F000074940F00400FFF791F9064B19680648BB
:10220000F5F7D5FF08BD00BF606203001062030050
:1022100064970300402B00204855002008B507486C
:10222000074BC01AC0080004064940F00400FFF73D
:1022300075F9F6F7F9F8FFF7D5FF08BD60620300FE
:1022400010620300EC67030008B50748074BC01A8B
:10225000C0080004064940F00400FFF75FF9054894
:10226000F5F7C0FF08BD00BF606203001062030005
:102270007C9703004855002008B50748074BC01A53
:10228000C0080004064940F00400FFF747F9F6F7DC
:10229000EBF8FFF7D9FF08BD60620300106203008E
:1022A0009497030008B5114682189378D27843EAD0
:1022B00002231BB213F5716F00D008BD01F10C03AE
:1022C000C35C03F0010C204A82F800C0C3F3400C49
:1022D00082F801C0C3F3800C82F802C0C3F3C00CC3
:1022E00082F803C0C3F3001C82F804C0C3F3401C8F
:1022F00082F805C0C3F3801393710844437A03EB5B
:1023000083035B001381837A03EB83035B005381B8
:10231000C37A03EB83035B00938143794FF0640C32
:102320000CFB03F381790CFB01F143EA01431361D8
:102330000023536108210320F5F794FE034B19682D
:102340000348F5F75DFFB8E77C550020402B0020DF
:1023500048550020F8B507460E46002503E02C44FA
:10236000A4B20134A5B2B5420FD22B467C5D64B154
:102370002A19B24209DA0133FB5CFF2BEFD12A465E
:1023800031463846FFF78EFFE9E7F8BD08B5017919
:102390000068FFF7DFFF08BD08B50378042B13D8EA
:1023A000DFE803F013121E2903001548154BC01A6D
:1023B000C0080004144940F00400FFF7AFF8002201
:1023C00007210320F5F738FE08BD0D480D4BC01A54
:1023D000C00800040D4940F00400FFF79FF8F3E740
:1023E0000748084BC01AC0080004094940F004001F
:1023F000FFF794F8E8E74068FFF7C8FFE4E700BF9D
:102400006062030010620300A4970300B497030006
:10241000C497030008B5FFF7C3FE08BD70B50546B5
:102420000C46164600F022F83246214600F05EF8CF
:1024300021462846F5F72CFE70BD000010B5044675
:10244000F5F7E0FD014B2360204610BD74B5030095
:1024500010B50446FFF7F2FF04F15C00F5F7EBFC62
:1024600004F6EC10FFF74CFE204610BD08B50A4BF1
:102470001B68BFF35B8F13F0010F01D0074808BD45
:10248000054803F069FE0028F8D00448FFF7E0FF94
:10249000014803F075FEF1E7B4550020B85500205F
:1024A00038B504460D4B0E4A9B1ADB081B040D4938
:1024B00043F00300FFF732F804F15C050A4A0521F6
:1024C0002846F5F7CDFC2A4603212046F5F7A2FD64
:1024D00004F6EC10F5F72BFE38BD00BF6062030078
:1024E00010620300DC970300F897030008B500F6BC
:1024F000EC10F5F700FE08BD08B5C06800F0CAFA98
:102500000548064BC01AC0080004054940F0040005
:10251000FFF704F808BD00BF60620300106203000B
:10252000FC970300F8B50D464668284C284BE41A82
:10253000E408240444F0040426492046FEF7EEFF94
:10254000304600F099F90746E9B20D2939D8DFE89D
:1025500001F0070C38113838161B24383829382E6A
:102560001D492046FEF7DAFFF8BD1C492046FEF75C
:10257000D5FFF9E741683046F5F7C5FDF4E718499E
:102580002046FEF7CBFFEFE716492046FEF7C6FFD1
:1025900039683046F5F7B7FDE6E713492046FEF700
:1025A000BDFFE1E711492046FEF7B8FFDCE710491F
:1025B0002046FEF7B3FF002204210846F5F73CFD54
:1025C000D2E70C495520FDF783FBCDE7606203009D
:1025D00010620300289803006098030084980300A9
:1025E000A4980300E8980300289903006499030065
:1025F000AC990300EC99030008B5C06800F062FADA
:102600000548064BC01AC0080004054940F0040004
:10261000FEF784FF08BD00BF606203001062030084
:10262000789A030008B5C06800F004FA0548064B24
:10263000C01AC0080004054940F00400FEF76EFF10
:1026400008BD00BF6062030010620300A49A03008B
:1026500070B50D4646681E4C1E4BE41AE40824046F
:1026600044F004041C492046FEF758FF304600F0B1
:1026700003F9E9B20D2926D8DFE801F0070C250B94
:102680001125162525252525251B14492046FEF74D
:1026900045FF70BD12492046FEF740FFF9E701688B
:1026A0003046F5F730FDF4E781683046F5F72BFD4D
:1026B000EFE70C492046FEF731FF002204210846CF
:1026C000F5F7BAFCE5E708494920FDF701FBE0E72B
:1026D0006062030010620300C89A03006098030060
:1026E00084980300F89A0300309B030008B5C06883
:1026F00000F0B8F90548064BC01AC00800040549A7
:1027000040F00400FEF70AFF08BD00BF606203004E
:1027100010620300B09B030008B50548054BC01AC2
:10272000C0080004044940F00400FEF7F7FE08BDAD
:102730006062030010620300D09B030008B50548E7
:10274000054BC01AC0080004044940F00400FEF71D
:10275000E5FE08BD6062030010620300F09B030009
:10276000F8B505460F4646681C4C1D4BE41AE408B4
:10277000240444F004041B492046FEF7CFFE3046F3
:1027800000F07AF8F9B20B2923D8DFE801F0060B44
:1027900010180A221D220A0A220A13492046FEF7AF
:1027A000BDFEF8BD11492046FEF7B8FEF9E7E8681E
:1027B00000F02AF90E492046FEF7B0FEF1E7416825
:1027C0003046F5F7A0FCECE781683046F5F79BFC56
:1027D000E7E708495220FDF77BFAE2E76062030071
:1027E00010620300109C03006098030084980300AB
:1027F000389C0300589C030038B504460346144A2D
:1028000043F8142B436000238360C360114B0361C2
:10281000114B0360114D45618061114BC361114B38
:10282000436100F04BF820626562A4620E4BE362E4
:102830000E4B636200F042F820636563A4630C4BA7
:10284000E3630C4B636300F039F82064204638BD25
:1028500034B10300D89C0300BCB5030020B10300D1
:10286000DC9C0300A8B50300E49C030094B50300BE
:10287000EC9C030080B50300034600F114020448F9
:10288000026003F12402426034338360704700BF6A
:10289000D05F002010B504461423436009238360F1
:1028A0001523C360162303610A2343610223836156
:1028B0001C30F5F751FD204610BD000008B50A4B4D
:1028C0001B68BFF35B8F13F0010F01D0074808BDF1
:1028D000054803F041FC0028F8D00448FFF7DAFF70
:1028E000014803F04DFCF1E7DC5F0020E05F0020D1
:1028F0002DE9F04399B005463C483D4BC01AC0084D
:1029000000043C4940F00400FEF708FE12AB00242E
:1029100012941394149415941694179401271397F2
:1029200014976A68129218AA12E903008DE803004E
:102930000FCBF6F7B1F821466868F6F78CF80CABC8
:102940000C940D940E940F94109411940D970E976F
:10295000AA680C9210AA92E803008DE803000FCB3E
:10296000F6F79AF82146A868F6F775F8224BD3F8DF
:102970000080ADF82C804FEA18498DF82E90032680
:102980008DF82D601D4B0B9A3146E868F6F7A1F8DB
:10299000ADF828808DF82A908DF82960184B0A9A96
:1029A00031462869F6F795F8ADF824808DF8269021
:1029B0008DF82560134B099A31466869F6F789F856
:1029C00003AB039404940594069407940894059724
:1029D0000696AA69039207AA92E803008DE803000D
:1029E0000FCBF6F759F819B0BDE8F0836062030029
:1029F00010620300009D0300C0B503005D2B0300BF
:102A0000B12B0300F92B030010B50446064B074A0F
:102A10009B1ADB081B04064943F00400FEF77EFD09
:102A20002046FFF765FF10BD6062030010620300DF
:102A30001C9D030010B50446074B084A9B1ADB088F
:102A40001B04074943F00400FEF768FD012160689C
:102A5000F6F701F810BD00BF6062030010620300CA
:102A6000309D030010B50446074B084A9B1ADB084B
:102A70001B04074943F00400FEF750FD0021606885
:102A8000F5F7E9FF10BD00BF6062030010620300AC
:102A9000549D030010B50446074B084A9B1ADB08F7
:102AA0001B04074943F00400FEF738FD0121A0682C
:102AB000F5F7D1FF10BD00BF606203001062030094
:102AC000789D030010B50446074B084A9B1ADB08A3
:102AD0001B04074943F00400FEF720FD0021A06815
:102AE000F5F7B9FF10BD00BF60620300106203007C
:102AF0009C9D030008B51C30F5F774FC0548064B97
:102B0000C01AC0080004054940F00400FEF706FDA5
:102B100008BD00BF6062030010620300C09D030097
:102B200010B504460A4B0B4A9B1ADB081B040A49E2
:102B300043F00400FEF7F2FCE068F5F787FF012898
:102B400000D010BD00220B210420F5F775FAF8E73C
:102B50006062030010620300E09D030008B5FFF708
:102B6000ADFEFFF7DDFF08BD10B504460D4B0E4A64
:102B70009B1ADB081B040D4943F00400FEF7CEFC52
:102B80002069F5F763FF012805D000220821042001
:102B9000F5F752FA10BD002207210420F5F74CFA90
:102BA000F8E700BF6062030010620300149E030098
:102BB00008B5FFF783FEFFF7D7FF08BD10B5044641
:102BC0000A4B0B4A9B1ADB081B040A4943F004001A
:102BD000FEF7A4FC6069F5F739FF00B110BD0022D3
:102BE00009210420F5F728FAF8E700BF6062030026
:102BF00010620300409E030008B5FFF75FFEFFF779
:102C0000DDFF08BD38B50C4615460848084BC01A0C
:102C1000C0080004074940F00400FEF77FFC00F004
:102C200023F82A46214600F04FF838BD60620300C1
:102C300010620300709E030010B50446F5F7E2F938
:102C4000014B2360204610BDCCB5030010B50446EF
:102C5000FFF7F2FF04F15C00F5F7EDF804F6EC1075
:102C6000FFF7CAFD204610BD08B50A4B1B68BFF32D
:102C70005B8F13F0010F01D0074808BD054803F032
:102C80006BFA0028F8D00448FFF7E0FF014803F092
:102C900077FAF1E7606000206460002038B50446F0
:102CA00000F15C05074A01212846F5F7D9F82A46C4
:102CB00004212046F5F7AEF904F6EC10F5F737FAE3
:102CC00038BD00BFD89C030008B500F6EC10F5F73E
:102CD00012FA08BD08B50548054BC01AC008000423
:102CE000044940F00400FEF719FC08BD60620300CF
:102CF00010620300889E030010B50446064B074A85
:102D00009B1ADB081B04064943F00400FEF706FC8F
:102D1000E06800F0B3FB10BD6062030010620300C6
:102D2000AC9E03002DE9F84306460D4690464768E1
:102D3000394C3A4BE41AE408240444F004043849BA
:102D40002046FEF7EBFB384600F034F9EDB20E2DCD
:102D50000DD8DFE805F0080E0C13180C1D26303ACC
:102D60000C483F4D57002F492046FEF7D7FBBDE8E2
:102D7000F8832D492046FEF7D1FBF8E72B49204682
:102D8000FEF7CCFBF3E72A492046FEF7C7FBEEE748
:102D9000F06800F0E7FA002208210220F5F74CF96C
:102DA000E5E78146F06800F0B7FDD9F80010384635
:102DB000F5F7A9F9DBE71F492046FEF7AFFB002234
:102DC00007210220F5F738F9D1E71B492046FEF725
:102DD000A5FBCCE719492046FEF7A0FB0021F068CF
:102DE00000F050FDC3E716492046FEF797FBBEE70B
:102DF00014492046FEF792FB002207210220F5F736
:102E00001BF9B4E710492046FEF788FB5FFA88F10A
:102E1000F06800F037FDAAE760620300106203006B
:102E2000D09E0300009F0300249F0300449F0300E3
:102E3000689F03008C9F0300C89F0300F09F03005E
:102E40003CA0030080A00300B8A0030008B505481B
:102E5000054BC01AC0080004044940F00400FEF706
:102E60005DFB08BD6062030010620300F0A0030078
:102E700008B50548054BC01AC0080004044940F0D5
:102E80000400FEF74BFB08BD606203001062030004
:102E900010A10300F8B505460F4646681A4C1B4BB7
:102EA000E41AE408240444F0040419492046FEF717
:102EB00035FB304600F07EF8F9B20C290CD8DFE87B
:102EC00001F0070C11190B0B0B0B0B0B0B0B1E005E
:102ED00010492046FEF722FBF8BD0F492046FEF7B9
:102EE0001DFBF9E70D492046FEF718FBE86800F0E6
:102EF000C1FEF1E7C1683046F5F705F9ECE78168F6
:102F00003046F5F700F9E7E760620300106203005E
:102F100030A10300009F0300249F030058A1030079
:102F200038B504460346174A43F8142B4360002380
:102F30008360C360144B0361144B0360144D4561FF
:102F40008061144BC361144B436100F0B3F92062FC
:102F50006562A462114BE362114B63622563646393
:102F6000104BA363104B236300F0A4F9E0632564C6
:102F700064640E4BA3640E4B236400F09BF9E06481
:102F8000204638BD34B1030078A1030000B6030029
:102F900020B10300DC9C0300ECB503007CA103001E
:102FA00020B6030084A103000CB6030090A1030027
:102FB000D8B50300034600F114020548026003F18E
:102FC0002402426003F1300282604033C3607047E4
:102FD000946A002008B50548054BC01AC0080004D3
:102FE000044940F00400FEF799FA08BD606203004E
:102FF000106203009CA1030010B50446064B074A6B
:103000009B1ADB081B04064943F00400FEF786FA0E
:10301000E06800F033FA10BD606203001062030044
:10302000C0A103002DE9F04105460F4646682F4C2C
:103030002F4BE41AE408240444F004042D492046EC
:10304000FEF76CFA3046FFF7B5FF8046F9B20D295E
:103050000CD8DFE801F0070D0B121C0B262B410BDF
:103060000B0B0B3424492046FEF758FABDE8F081DB
:1030700022492046FEF752FAF8E721492046FEF79A
:103080004DFAD8F80C103046F5F73DF8EEE71D493B
:103090002046FEF743FAD8F80C103046F5F733F81F
:1030A000E4E719492046FEF739FADFE7E86800F05F
:1030B00033FCD8F800103046F5F725F8D6E7134969
:1030C0002046FEF72BFAE86800F026FAD8F8001040
:1030D0003046F5F718F8C9E70D492046FEF71EFA05
:1030E000002207210220F4F7A7FFBFE76062030078
:1030F00010620300C0A10300E0A1030014A20300BA
:1031000044A2030078A20300A8A2030080A0030049
:103110008C9F030008B50548054BC01AC008000481
:10312000044940F00400FEF7F9F908BD60620300AD
:1031300010620300DCA2030008B50548054BC01A65
:10314000C0080004044940F00400FEF7E7F908BD98
:103150006062030010620300FCA2030070B50D461C
:1031600046681D4C1D4BE41AE408240444F0040492
:103170001B492046FEF7D2F93046FFF71BFFE9B2A4
:1031800008290AD8DFE801F0050A090F1409191EF9
:10319000230014492046FEF7C1F970BD12492046AC
:1031A000FEF7BCF9F9E711492046FEF7B7F9F4E755
:1031B0000F492046FEF7B2F9EFE70E492046FEF729
:1031C000ADF9EAE70C492046FEF7A8F9E5E70B4917
:1031D0002046FEF7A3F9E0E76062030010620300F7
:1031E0001CA30300009F0300249F0300449F0300CF
:1031F000689F030044A3030068A303008CA303009B
:1032000008B50A480A4BC01AC0080004094940F032
:103210000400FEF783F9F5F745FF012800D008BD4B
:1032200000220D210220F4F71DFFF8E76062030081
:1032300010620300B4A3030000B583B00E4B0093EB
:1032400001234FF4FA720D490D48F4F783FF0D4B3B
:103250000093002341F288320B490C48F4F77AFFBF
:103260000B4B009301234FF4FA620A490A48F4F722
:1032700071FF03B05DF804FBE9330300DCA3030036
:10328000106B002001320300ECA30300DC6A002075
:10329000393C030004A40300A86A002010B50446CA
:1032A0000830F5F7DFF904F51870F5F73DFF204613
:1032B00010BD000008B50A4B1B68BFF35B8F13F00D
:1032C000010F01D0074808BD054802F045FF00285E
:1032D000F8D00448FFF7E2FF014802F051FFF1E7A0
:1032E000446B0020486B002010B582B0164C174B81
:1032F000E41AE408240444F0040415492046FEF7C7
:103300000DF914492046FEF709F913492046FEF746
:1033100005F9124B03F1100292E803008DE8030057
:103320000FCBF5F7B9FB01212F20F5F794FB0C4BE0
:1033300003F1100292E803008DE803000FCBF5F7CC
:10334000ABFB02B010BD00BF60620300106203005F
:1033500018A4030034A4030060A4030044B60300CF
:103360002CB6030008B500F51870F5F72FFE0548D8
:10337000054BC01AC0080004044940F00400FEF7E1
:10338000CDF808BD60620300106203008CA4030046
:1033900008B500F51870F5F781FE0548054BC01A11
:1033A000C0080004044940F00400FEF7B7F808BD67
:1033B0006062030010620300A8A4030010B5044675
:1033C000F5F770FE20600548054BC01AC0080004E0
:1033D000044940F00400FEF7A1F810BD606203004C
:1033E00010620300C8A4030010B5084C2046FFF784
:1033F000E5FF0748074BC01AC008000422680649C9
:1034000040F00400FEF790F810BD00BFA46A002051
:103410006062030010620300E8A4030008B50748D7
:10342000074BC01AC0080004064940F00400FEF72C
:1034300075F80548F4F7A8FE08BD00BF60620300F8
:10344000106203000CA50300DC6A002008B50748E1
:10345000074BC01AC0080004064940F00400FEF7FC
:103460005DF80548F4F790FE08BD00BF60620300F8
:103470001062030034A50300106B002010B5044651
:1034800000F51870F5F796FD2046FFF7C7FF2046B8
:10349000FFF7DCFF0548064BC01AC00800040549C9
:1034A00040F00400FEF73AF810BD00BF6062030070
:1034B0001062030058A5030008B50748074BC01A5F
:1034C000C0080004064940F00400FEF727F805484C
:1034D000F4F788FE08BD00BF6062030010620300BD
:1034E00070A50300106B002008B50748074BC01AF1
:1034F000C0080004064940F00400FEF70FF8054834
:10350000F4F742FE08BD00BF6062030010620300D2
:1035100094A50300A86A002008B50748074BC01A05
:10352000C0080004064940F00400FDF7F7FF054815
:10353000F4F758FE08BD00BF60620300106203008C
:10354000C8A50300A86A002010B52DED028B8A1AC9
:1035500007EE902AF8EEE77A401A07EE100AB8EE66
:10356000C77A9FED376AC7EE066A87EEA68A354CA2
:10357000354BE41AE4082404FCEEC87A17EE902ACE
:10358000324944F00300FDF7CFFFDFED317AB4EEAE
:10359000E78AF1EE10FA4CDADFED2E7AB4EEE78A24
:1035A000F1EE10FA48D9002300E00133032B36D89E
:1035B000294A02EBC302526807EE902AB8EE677AF6
:1035C000B4EEC87AF1EE10FAEFDB581C224901EB99
:1035D000C001496807EE901AF8EE677AF4EEC87AEF
:1035E000F1EE10FAE1D81C4C14F9300014F9333024
:1035F000C01A07EE900AF8EEE76A521A07EE902A10
:10360000F8EE677A37EE487A06EE103AB8EEC60A58
:1036100087EE276A66EE267A30EE270A06E00F4923
:1036200044F00100FDF77AFF9FED0D0ABDEC028B1F
:1036300010BDB3EE040AF9E79FED090AF6E700BFF3
:1036400000EC42476062030010620300F8A503002B
:1036500000E0F64700FE03475CB6030020A6030027
:103660000000484230B52DED028B89B0F4F7DCFA4A
:1036700000F060FB02AC724D0FCD0FC495E8030063
:1036800084E80300BDF81420BDF81210BDF8100046
:10369000FFF75AFFB0EE408A6A4C6B4BE41AE4081D
:1036A000240444F00305FCEEC07A17EE902A674923
:1036B0002846FDF739FFDFED667AB4EEE78AF1EED2
:1036C00010FA47DADFED637AB4EEE78AF1EE10FA2A
:1036D00006DBDFED5F7AB4EEE78AF1EE10FA64D430
:1036E000DFED5D7AB4EEE78AF1EE10FA07DDDFED8B
:1036F000597AB4EEE78AF1EE10FA00F18480DFED3A
:10370000577A68EE277AFDEEE77A17EE903A544939
:1037100081FB0321DA17C2EB6112642101FB123233
:103720000092FDEEC87A17EE903A24224D492846C1
:10373000FDF70FFF4C4B1B789BB34C492846FDF718
:10374000EDFE002203210220F4F78CFC464B002200
:103750001A7026E044F00104DFED407A68EE277A23
:10376000FDEEE77A17EE902A3D4981FB0231D3172F
:10377000C3EB6113642101FB1323FDEEC87A17EE3E
:10378000902A3B492046FDF7D9FE3A492046FDF7ED
:10379000C5FE002203210120F4F764FC324B012214
:1037A0001A7009B0BDEC028B30BDDFED2C7A68EEEB
:1037B000277AFDEEE77A17EE902A294981FB02313C
:1037C000D317C3EB611327210091642101FB13235D
:1037D000FDEEC87A17EE902A274944F00200FDF763
:1037E000B8FE214B1B78002BDBD1244944F00100AB
:1037F000FDF794FE002207210220F4F733FC1A4B58
:1038000001221A70CDE7DFED157A68EE277AFDEE1A
:10381000E77A17EE903A124981FB0321DA17C2EBDF
:103820006112642101FB12320092FDEEC87A17EE9C
:10383000903A242212492846FDF78BFEB1E700BFDB
:103840007C550020606203001062030078A603002C
:103850000000244200001C42000010420000C84248
:103860001F85EB5104A80300CC70002050A8030072
:103870009CA60300D8A6030024A7030074A7030096
:10388000B8A7030038B504460D46084B084A9B1AF2
:10389000DB081B04074943F00400FDF73FFE2946FF
:1038A00004F51870F5F713FC38BD00BF6062030023
:1038B000106203009CA8030008B500230C4A137093
:1038C0000C4A13700C4A13700C4A13700C4A137094
:1038D0000C4A13700C4A13700C480D4BC01AC008E8
:1038E00000040C4940F00300FDF718FE08BD00BFBE
:1038F000CA700020C9700020C8700020C770002066
:10390000C6700020C5700020C470002060620300F3
:1039100010620300C8A8030010B5044600F5187033
:10392000F5F74EFB2046FFF7C7FDFFF7C5FF204622
:10393000FFF7F2FD0548064BC01AC0080004054910
:1039400040F00400FDF7EAFD10BD00BF6062030017
:103950001062030000A9030008B502460E210220F0
:10396000F4F780FB08BD00002DE9F04188B00DF1AF
:10397000080C934C0FCCACE80F0094E803008CE8E3
:1039800003009DF80A703D1E18BF01258D4C8E4B1B
:10399000E41AE408240444F003088C4E8C4B1B7892
:1039A000009333782A468B494046FDF7D2FD3378A1
:1039B000042B13D8DFE813F0050017004A007D0040
:1039C000F000834C00202070FFF7C6FF2278824968
:1039D0004046FDF7A9FD7D4B01221A707F4B1D70FB
:1039E00008B0BDE8F0818FB9794B1B787C4A12781A
:1039F00093421BD20133D8B2754C2070FFF7ACFF55
:103A0000227878494046FDF78FFDE7E7704C227831
:103A100075494046FDF788FD2278744B1A70744B47
:103A200000221A70694B02221A70D7E7714944F0DC
:103A30000200FDF773FD664C00202070FFF78CFF3D
:103A400022786D494046FDF76FFDC7E747B3684CE4
:103A500022780132D2B222705D4B1B786749404612
:103A6000FDF76CFD2378092BB8D9594B1A785C4BBC
:103A70001B789A420CD262494046FDF74FFD002365
:103A8000604A1370604A1370504B03221A70A5E706
:103A90005E494046FDF742FD4C4B04221A709DE7FB
:103AA0005B4944F00200FDF739FD484B00221A70D3
:103AB00094E74A4B1B78AB4215D1002F52D04C4AA9
:103AC00013780133DBB21370092B87D9404C22786D
:103AD00050494046FDF728FD2278444B1A703B4B75
:103AE00004221A707AE7484E32780132D2B232702C
:103AF00049494046FDF718FD3378022B7FF66EAF3B
:103B0000404B1A78012A19D801321A70304A1378BA
:103B10000133DBB21370324A1278934201D92C4B35
:103B20001A702B4C2078FFF717FF22783B4940464C
:103B3000FDF7FAFC344B00221A704FE7384944F085
:103B40000200FDF7F1FC294B1878214C2070FFF79B
:103B500003FF227833494046FDF7E6FC1B4B042265
:103B60001A703BE71A4E32782F4944F00200FDF7F5
:103B7000DBFC33780BB1013B3370154C2078FFF739
:103B8000EBFE227829494046FDF7CEFC00231E4A71
:103B90001370174A137021E757B90D4B1A7824494F
:103BA00044F00200FDF7C0FC084B01221A7015E733
:103BB000074B1A781F494046FDF7B6FC0EE700BFD9
:103BC0007C5500206062030010620300CA70002070
:103BD000C97000201CA9030058A90300C47000206C
:103BE000CB700020CCA903008CA90300C870002072
:103BF000C6700020F8A9030034AA030068AA0300D5
:103C0000A4AA0300C5700020C7700020E0AA03002A
:103C100014AB030020AC030044AB030080AB0300F3
:103C2000BCAB0300F0AB030050AC030090AC03004E
:103C3000B8AC0300E8AC030008B50948094BC01A4A
:103C4000C0080004084940F00400FDF767FCFFF7D6
:103C500009FDFFF789FEFDF7F7FA0028FBD108BD43
:103C6000606203001062030018AD030008B5FFF79F
:103C7000E3FA08BD10B504460E480F4BC01AC00841
:103C800000040E4940F00400FDF748FC2046FFF711
:103C90002BFB04F10800F4F71FFD04F5187420460F
:103CA000F5F72EFAFFF708FE2046F5F790F9044BDA
:103CB000187010BD606203001062030040AD030085
:103CC000CB70002070B505460C4616460A4B0B4AD1
:103CD0009B1ADB081B040A4943F00400FDF71EFC95
:103CE00000F028F83246214600F054F821462846D4
:103CF000F4F7CEF970BD00BF6062030010620300EC
:103D000054AD030010B50446F4F77CF9014B236071
:103D1000204610BD8CB6030010B50446FFF7F2FF35
:103D200004F15C00F4F787F804F6EC10FFF7F8F8FC
:103D3000204610BD08B50A4B1B68BFF35B8F13F01C
:103D4000010F01D0074808BD054802F005FA002818
:103D5000F8D00448FFF7E0FF014802F011FAF1E75C
:103D6000D0700020D470002038B5044600F15C0506
:103D7000074A01212846F4F773F82A460221204613
:103D8000F4F748F904F6EC10F4F7D1F938BD00BFA8
:103D900078A1030008B500F6EC10F4F7ACF908BD03
:103DA00028B108B502498320FBF792FF08BD704790
:103DB0006CAD030000F1080343604FF0FF328260F6
:103DC000C3600361002303607047002303617047F1
:103DD00043684B609A688A60516099600861036823
:103DE00001330360704730B40D68B5F1FF3F11D067
:103DF00000F108031C465B681A68AA42FAD9636896
:103E00004B6099608C6061600861036801330360F6
:103E100030BC70470469F2E70369416882688A60D0
:103E2000416851605A68824206D0002202611A68D5
:103E3000013A1A601868704782685A60F5E7000016
:103E40000748006880F3088862B661B6BFF34F8FF9
:103E5000BFF36F8F4FF4F07080F3118800DF00BF65
:103E600000700200064B19680868B0E8F04F80F354
:103E70000988BFF36F8F4FF0000080F311887047FF
:103E8000547C0020EFF30980BFF36F8F144B1A6846
:103E90001EF0100F08BF20ED108A20E9F04F1060CF
:103EA0004DF8043D4FF0400080F31188BFF34F8F71
:103EB000BFF36F8F00F0B0FF4FF0000080F3118868
:103EC00008BC19680868B0E8F04F1EF0100F08BF72
:103ED000B0EC108A80F30988BFF36F8F704700BF82
:103EE000547C0020034AD2F8883043F47003C2F8AF
:103EF0008830704700ED00E008B5074B1B68B3F150
:103F0000FF3F03D1402383F31188FEE703499E203E
:103F1000FBF7DEFEF6E700BF187B002014AE0300BF
:103F20004FF0807340F8043C40F8081C054B40F803
:103F30000C3C40F8202C6FF0020340F8243C44383D
:103F4000704700BFF93E030010B582B0264B1A68D7
:103F5000264B9A4213D1264B1A78D2B20192FF22F5
:103F60001A701B78DBB28DF803309DF8033003F034
:103F70000203204A1370204B07221A600EE01F49EB
:103F8000B020FBF7A5FEE6E71B4A1368013B136070
:103F90009DF803305B00DBB28DF803309DF80330F1
:103FA00013F0800FF0D1144A136803F00703136075
:103FB000019BDBB20E4A13700B4CE02384F82230D5
:103FC00000F0BAF80E4B00221A60FFF78BFF0D4A83
:103FD000536B43F040435363236943F01003236161
:103FE000FFF72EFFFFF788FF00ED00E041C20F4111
:103FF00000E400E0147B0020107B002014AE0300DE
:10400000187B002000EF00E008B5402383F31188FF
:10401000094A136801331360012B00D008BD074B18
:104020005B68C3F30803002BF8D0054940F2111078
:10403000FBF74EFEF2E700BF187B002000ED00E02A
:1040400014AE030008B5084B1B683BB1064A136861
:10405000013B13600BB983F3118808BD03494FF48A
:104060008C70FBF735FEF1E7187B002014AE0300DF
:1040700008B5EFF30583C3F308030F2B09D903F148
:10408000E023F03393F80033DBB20C4A12789A4203
:1040900008D80B4BDB68C3F302230A4A12689A4222
:1040A00006D308BD08494FF4A970FBF711FEF0E7ED
:1040B00005494FF4B170FBF70BFEF2E7147B0020CB
:1040C00000ED00E0107B002014AE0300F0B583B0DB
:1040D000EFF31187402383F31188154BD3F8044580
:1040E0000022C3F80021D3F800310193019B00F0B6
:1040F00089FD241A24F07F4434F0010301D1002506
:1041000009E000F0A1FF0228F9D00124F7E700F050
:1041100087FD05433446661E002CF8D125B1054BBA
:104120004FF080525A6040BF87F3118803B0F0BD52
:104130000010014000ED00E008B50020F8F7CAFCCF
:10414000094B1F22C3F808250122C3F804239A60F3
:104150001A600222C3F84423044BE02283F811239F
:104160004FF400321A6008BD0010014000E100E089
:1041700010B50446FFF748FFA26BE36B9A4204D0E8
:104180000024FFF75FFF204610BD0124F9E710B5BA
:104190000446FFF739FFA36B23B90124FFF752FF51
:1041A000204610BD0024F9E770B504461546866B1D
:1041B000026C5AB903681BB100200136A66370BDBA
:1041C000406800F051FF00236360F6E76DB9806836
:1041D00001F060FFA368226C1344A36062689342FD
:1041E00019D32368A3602846E7E7C06801F052FFAF
:1041F000E368226C51429B1AE3602268934202D228
:1042000063680B44E360022D01D00020D5E726B19E
:10421000013E0020D1E72846CFE70020CDE7034646
:10422000026C6AB110B50846D9681144D9605C685F
:10423000A14201D31968D960D96801F02BFF10BDE4
:10424000704738B50546FFF7DFFE95F8454064B284
:1042500001E0013C64B2002C0ADD6B6A43B105F158
:10426000240000F05DFE0028F3D000F0E7FEF0E748
:10427000FF2385F84530FFF7E5FEFFF7C5FE95F80B
:10428000444064B201E0013C64B2002C0ADD2B69B9
:1042900043B105F1100000F043FE0028F3D000F018
:1042A000CDFEF0E7FF2385F84430FFF7CBFE38BDA5
:1042B00038B50D460446D0B1FFF7A6FE2368E26B81
:1042C000216C01FB023060600020A063A360013A12
:1042D00002FB0133E360FF2384F8443084F8453067
:1042E000D5B9236943B9FFF7ADFE012038BD0F49A9
:1042F000FC20FBF7EDFCDFE704F1100000F010FEFE
:104300000028F0D00A4B4FF080525A6040BFBFF3F4
:104310004F8FBFF36F8FE6E704F11000FFF74AFD00
:1043200004F12400FFF746FDDDE700BFBCAE03004B
:1043300000ED00E010B5034602980C4631B900606C
:10434000C36304640121FFF7B3FF10BD0260F7E708
:10435000F0B585B00D4616461C460746B0B1DCB137
:1043600006B33DB348230393039B482B28D154B194
:10437000012384F8463000949DF8283032462946BF
:104380003846FFF7D7FF204605B0F0BD0F4940F291
:104390003310FBF79DFCE2E70C4940F23710FBF7C6
:1043A00097FCDDE7002DDDD008494FF49E70FBF748
:1043B0008FFCD7E7054940F23B10FBF789FCD1E7BA
:1043C00002494FF4A270FBF783FCD0E7BCAE0300B8
:1043D000F0B585B00F4601921D46044648B177B14D
:1043E000022D15D000F030FE08B9019BCBB9002694
:1043F00059E051494FF43770FBF76AFCEFE7236C43
:10440000002BEDD04C4940F2DD20FBF761FCE7E7E3
:10441000E36B012BE6D0484940F2DE20FBF758FC65
:10442000E0E7454940F2E120FBF752FCDFE72A468E
:1044300039462046FFF7B8FE636A73B940B13F4B77
:104440004FF080525A6040BFBFF34F8FBFF36F8F62
:10445000FFF7F8FD012005B0F0BD04F1240000F0E5
:104460005FFD0028F4D0354B4FF080525A6040BFBA
:10447000BFF34F8FBFF36F8FEAE7FFF7E3FD002035
:10448000E9E702A800F090FD012619E0002384F876
:10449000443021E0002384F8453023E02046FFF734
:1044A000D0FE00F03DFCFFF7AFFDA26BE36B9A423C
:1044B000BDD3022DBBD0019B002BDED0002EE0D05F
:1044C000FFF7C0FD00F096FBFFF79EFD94F8440057
:1044D00040B2B0F1FF3FD9D094F8450040B2B0F1FE
:1044E000FF3FD7D0FFF7AEFD01A902A800F068FD9D
:1044F000D0B92046FFF73CFE0028CFD0019904F147
:10450000100000F0D5FC2046FFF79BFE00F008FCF1
:104510000028C8D1094B4FF080525A6040BFBFF30A
:104520004F8FBFF36F8FBEE72046FFF78AFE00F084
:10453000F7FB00208FE700BFBCAE030000ED00E0FA
:104540002DE9F8430E4691461D460446A0B1CEB172
:10455000022D20D0FFF78CFDEFF31188402383F369
:104560001188A26BE36B9A421ED3022D1CD000204F
:1045700088F31188BDE8F8831E4940F2A230FBF7AA
:10458000A7FBE4E7236C002BE2D01A4940F2A330EA
:10459000FBF79EFBDCE7E36B012BDBD015494FF407
:1045A0006970FBF795FBD5E794F845707FB22A4612
:1045B00031462046FFF7F8FDB7F1FF3F05D0013740
:1045C0007FB284F845700120D2E7636A0BB90120FD
:1045D000CEE704F1240000F0A3FC30B1B9F1000FE4
:1045E00005D00120C9F80000C2E70120C0E7012082
:1045F000BEE700BFBCAE0300F0B585B00F46019228
:10460000044638B167B100F01FFD08B9019B83B9BA
:10461000002652E0494940F2DF40FBF759FBF1E741
:10462000236C002BEFD0454940F2E340FBF750FBF1
:10463000E9E742494FF49D60FBF74AFBE8E739465A
:104640002046FFF7ECFD013DA563236923B9FFF781
:10465000F9FC012005B0F0BD04F1100000F060FC91
:104660000028F4D0364B4FF080525A6040BFBFF361
:104670004F8FBFF36F8FEAE7FFF7E4FC0020E9E715
:1046800002A800F091FC012621E0002384F84430C8
:1046900029E0002384F845302BE02046FFF7D1FDC8
:1046A00000F03EFB09E02046FFF7CBFD00F038FBB1
:1046B0002046FFF76CFD00283ED1FFF7A5FCA56B57
:1046C000002DBCD1019B002BD6D0002ED8D0FFF7F7
:1046D000B9FC00F08FFAFFF797FC94F844305BB216
:1046E000B3F1FF3FD1D094F845305BB2B3F1FF3F57
:1046F000CFD0FFF7A7FC01A902A800F061FC0028B9
:10470000D1D12046FFF743FD0028C6D0019904F11E
:10471000240000F0CDFB2046FFF793FD00F000FBE6
:104720000028CAD1064B4FF080525A6040BFBFF3F9
:104730004F8FBFF36F8FC0E700208BE7BCAE030045
:1047400000ED00E00023012B0CD8074A52F833207B
:104750000AB10133F7E7044A42F8331002EBC3020F
:1047600050607047704700BF1C7B002070B5044646
:104770000D461646FFF748FC94F844305BB2B3F19F
:10478000FF3F0DD094F845305BB2B3F1FF3F0BD043
:10479000FFF758FCA36B5BB12046FFF752FD70BDDD
:1047A000002384F84430EDE7002384F84530EFE738
:1047B0003246294604F1240000F094FBECE70000A7
:1047C000084B1B681B6823B9074B4FF0FF321A6078
:1047D0007047044B1B68DB68DB685A68024B1A6041
:1047E000704700BF9C7B0020347B00202DE9F04700
:1047F00080460D4617469946089EDDF824A00A9C7F
:104800009200A521206B01F077FC236B07F1804219
:10481000013A03EB820727F007074FF0000CBCF1C9
:10482000090F09D815F80C3004EB0C0282F834306B
:1048300013B10CF1010CF2E7002384F83D30062E91
:1048400000D90626E662266400256564201DFFF770
:10485000BCFA04F11800FFF7B8FA2461C6F10706A4
:10486000A6616462A56484F84C504A4641463846C5
:10487000FFF756FB2060BAF1000F01D0CAF80040E4
:10488000BDE8F08738B5002407E004EB840293000C
:104890000E481844FFF78EFA0134062CF5D90C4D5A
:1048A0002846FFF787FA0B4C2046FFF783FA0A48A1
:1048B000FFF780FA0948FFF77DFA0948FFF77AFA0F
:1048C000084B1D60084B1C6038BD00BFC87B002032
:1048D000B47B0020A07B0020847B0020707B002024
:1048E000587B00209C7B0020987B002010B504465C
:1048F000FFF78AFB214A136801331360204B1B68C2
:104900005BB1204B1B686BB91D4B1B68DA6AE36A0D
:104910009A4207D81A4B1C6004E0194B1C601368BC
:10492000012B27D0184A136801331360E06A012372
:104930008340164A11680B43136000EB8000211D71
:10494000134B03EB8000FFF743FAFFF77BFB0D4BA4
:104950001B6873B10A4B1B68DA6AE36A9A4208D291
:104960000C4B4FF080525A6040BFBFF34F8FBFF3E4
:104970006F8F10BDFFF786FFD4E700BF547B002088
:10498000547C0020487B0020387B00204C7B00209A
:10499000C87B002000ED00E010B5044690F84D30D3
:1049A0004BB1012B0ED0022B0BD0084940F688608A
:1049B000FBF78EF905E0006BFFF7F2F92046FFF7F1
:1049C000EFF910BDFFF7ECF9FBE700BF50AF0300B4
:1049D0000F4B1B68D3B110B5FFF716FB0D4BDB680F
:1049E000DC68201DFFF718FA0B4A1368013B1360BF
:1049F000074A1368013B1360FFF724FB2046FFF7CB
:104A0000CBFF034B1B68002BE6D110BD704700BFE6
:104A10006C7B0020707B0020547B002070B5044626
:104A20000D461D4B1E681D4B18680430FFF7F4F946
:104A300048B91A4B1B68DB6A01229A4018490B6877
:104A400023EA02030B60B4F1FF3F0DD03444134B53
:104A50001B685C60A64210D9124B18680F4B19688E
:104A60000431FFF7C0F970BD002DEFD00B4B196872
:104A700004310D48FFF7ACF9F5E70C4B1868074B0C
:104A800019680431FFF7AFF9094B1B68A342EAD953
:104A9000074B1C60E7E700BF507B0020547C0020E0
:104AA0004C7B0020987B0020587B00209C7B0020C2
:104AB000347B002008B50AE0084B4FF080525A6062
:104AC00040BFBFF34F8FBFF36F8FF3F76DFAFFF760
:104AD0007FFF034B1B68012BEED8F6E700ED00E0EB
:104AE000C87B00202DE9F04387B080460E4617466C
:104AF00099460F9D109CE5B10CB350220492049A84
:104B0000502A22D13CB335B32563022384F84D30BB
:104B100000230393029405AB01930E9B00934B4635
:104B20003A4631464046FFF761FE2046FFF7DEFE7B
:104B300013E00C494FF41470FBF7CAF8DCE709499D
:104B400040F25120FBF7C4F8D7E7064940F259205C
:104B5000FBF7BEF8D6E700230593059807B0BDE83C
:104B6000F08300BF50AF030010B588B00024059457
:104B7000069407AA06A905A8F3F7C4F9059B0293B2
:104B8000069B019300942346079A13491348FFF7A5
:104B9000A9FF134B186098B100F048FB012810D111
:104BA000402383F311880F4B4FF0FF321A600E4BF6
:104BB00001221A600D4B00221A60FFF7C5F903E0CD
:104BC0000020B0F1FF3F01D008B010BD084940F20D
:104BD000DC70FBF77DF8F7E7E4AF0300B54A0300AC
:104BE000307B0020347B0020487B0020507B00205D
:104BF00050AF0300024A136801331360704700BFCF
:104C00002C7B0020014B1868704700BF507B0020B0
:104C100008B5FFF72DFA014B186808BD507B00203E
:104C2000F8B5334B1B68002B56D1324B1E6801364A
:104C30001E607EB9304B1B681B688BB92E4A116809
:104C40002E4B1868106019602D4A136801331360E9
:104C5000FFF7B6FD2B4B1B68B34233D9002740E06A
:104C6000294940F63320FBF733F8E7E70127224BC9
:104C70001B681B6843B3204B1B68DB68DC686368F8
:104C80009E4226D3251D2846FFF7C6F8A36A1BB10E
:104C900004F11800FFF7C0F8E36A01229A401B49AB
:104CA000086802430A6003EB83039A002946184808
:104CB0001044FFF78DF8E26A164B1B68DB6A9A42D4
:104CC000D4D2D4E70027D2E70E4B4FF0FF321A6060
:104CD00007E00C4A136004E00F4A136801331360C5
:104CE00000270E4B1B6803B101273846F8BD00BFF3
:104CF0002C7B0020507B00209C7B0020987B002098
:104D00003C7B0020347B002050AF03004C7B002014
:104D1000C87B0020547C0020447B0020407B002086
:104D200038B5334B1B686BB1FFF76EF9304B1A681F
:104D3000013A1A601B68002B54D12E4B1B683BB9FB
:104D4000002450E02C494FF40460FAF7C1FFEBE770
:104D500000242A4B1B681BB3284BDB68DC6804F17A
:104D60001800FFF759F8251D2846FFF755F8E06AA7
:104D700001238340224A11680B43136000EB80003B
:104D80002946204B03EB8000FFF722F8E26A1E4B16
:104D90001B68DB6A9A42DCD31C4B01221A60D8E7FD
:104DA0000CB1FFF70DFD1A4B1C687CB9174B1C6842
:104DB000CCB1184B4FF080525A6040BFBFF34F8FB9
:104DC000BFF36F8F01240EE0013C07D0FFF728FFEF
:104DD0000028F9D00D4B01221A60F5E70C4B002298
:104DE0001A60E3E70024FFF72DF9204638BD00BF25
:104DF0002C7B0020547B002050AF0300847B0020DC
:104E00004C7B0020C87B0020547C0020407B00208D
:104E1000447B002000ED00E01F4B1B681BB11F4BC3
:104E200001221A60704710B51C4B00221A601C4BFF
:104E30001C6814B3B4FA84F4C4F11F0404EB8402B4
:104E40009300184AD358D3B1164904EB8402930057
:104E50000B445A6852685A6004EB8400830008339C
:104E60000B449A4211D004EB8404A2000D4B13446E
:104E70005B68DA680C4B1A6010BD2024DCE70B4934
:104E80004FF43560FAF724FFDEE751688200054BE6
:104E900013445960E7E700BF2C7B0020407B0020D3
:104EA0004C7B0020C87B0020547C002050AF0300C6
:104EB00038B50C46054650B1084B196818312846DC
:104EC000FEF791FF01212046FFF7A8FD38BD0449F8
:104ED0004FF43660FAF7FCFEEEE700BF547C00208A
:104EE00050AF030070B50D461446064668B10A4B34
:104EF000196818313046FEF76BFF0CB14FF0FF35E3
:104F000021462846FFF78AFD70BD044940F68B30E4
:104F1000FAF7DEFEEBE700BF547C002050AF030041
:104F200038B5C368DC6824B304F118052846FEF7D9
:104F300073FF164B1B6813BB251D2846FEF76CFF3D
:104F4000E06A01238340124A11680B43136000EBAF
:104F5000800029460F4B03EB8000FEF739FFE26A21
:104F60000D4B1B68DB6A9A420ED901200B4B18606F
:104F700038BD0B4940F6BB30FAF7AAFED4E7294604
:104F80000848FEF725FFEAE70020F1E72C7B002028
:104F90004C7B0020C87B0020547C0020407B0020FC
:104FA00050AF0300847B0020034B1B680360034B5E
:104FB0001B684360704700BF3C7B0020507B002093
:104FC000F8B50C460546B8B1E4B1FFF71DF8184B2B
:104FD00019686B68C81A2268B2F1FF3F20D0154EDD
:104FE00036682F68B74201D08B421ED982420FD853
:104FF00000232360012414E00F4940F62640FAF70D
:1050000067FEE1E70C4940F62740FAF761FEDCE76E
:105010005B1A134423602846FFF7C6FF002400E014
:105020000024FFF70FF82046F8BD0124F9E700BF80
:10503000507B00203C7B002050AF0300014B01223D
:105040001A607047407B0020054B1B6833B1054B4D
:105050001B680BB100207047022070470120704789
:10506000487B00202C7B0020002846D038B5044621
:10507000244B1B68834204D0234940F63B70FAF767
:1050800027FE636C4BB1636C013B6364E16A226C85
:10509000914234D03BB1002038BD1B4940F63C70F2
:1050A000FAF716FEEFE7251D2846FEF7B5FE70B9A4
:1050B000E26A02EB82039B001449CB583BB90123FF
:1050C00003FA02F212490B6823EA02030B60206C18
:1050D000E062C0F10703A361012404FA00F30C4A63
:1050E00011680B43136000EB80002946074B03EB6C
:1050F0008000FEF76DFE2046CEE7002070470020BE
:10510000CAE700BF547C002050AF0300C87B0020DA
:105110004C7B0020064B1A681368B3FA83F35B09D3
:10512000036013B9D368186870470020704700BF48
:10513000B07E002008B54160006191420CD8D21ABF
:1051400083699A4201D3012008BD011D094B1868EB
:10515000FEF749FE0020F7E79A4201D2994206D2B3
:10516000011D054B1868FEF73EFE0020ECE701200C
:10517000EAE700BFAC7E0020B07E002030B583B0EF
:10518000FEF742FF114B1B681BB1FEF75BFF03B03C
:1051900030BD0F4D2846FEF70DFE0E4C2046FEF7A3
:1051A00009FE0D4B1D600D4B1C60002300930C4B42
:1051B0000C4A10212020FFF7CBF8044B1860002880
:1051C000E3D00949FFF7BEFADFE700BFA87E002061
:1051D000C87E0020B47E0020B07E0020AC7E00207F
:1051E000587C0020A07C0020ECAF03002DE9F041AA
:1051F000074616461D46079C884671B15CB1FFF70D
:10520000BDFF2760C4F81880E6612562069B6362D3
:10521000201DFEF7DAFDBDE8F081034940F2691078
:10522000FAF756FDEAE700BFF4AF030010B588B007
:10523000FFF7A4FF114B1B68C3B10024059406942B
:1052400007AA06A905A8F2F769FE059B0293069B2B
:105250000193022300932346079A09490948FFF75F
:1052600041FC094B186008B1012005E007494FF4E3
:105270008870FAF72DFD002008B010BDA87E002030
:1052800088B00300C1550300A47E0020F4AF0300E2
:105290002DE9F04184B005460E4690461F460B9C12
:1052A0002C230393039B2C2B10D1ACB101940A9BAC
:1052B00000933B46424631462846FFF797FF0123BD
:1052C00084F82830204604B0BDE8F08105494FF449
:1052D000A370FAF7FDFCE8E7024940F24B10FAF739
:1052E000F7FCEFE7F4AF0300F0B585B00C461546C8
:1052F0001E46074698B1154B186828B300940195CF
:105300000297052C19DCFFF79FFE02280DD0002321
:105310001A4669460D480068FFF75AF812E00C4932
:1053200040F28310FAF7D4FCE5E700230A9A6946B5
:1053300006480068FFF74CF804E00023324669464F
:10534000FFF7FEF805B0F0BD0020FBE7A87E0020C7
:10535000F4AF030070B582B0194B1B681A683AB3FA
:10536000DB681E68DC68251D2846FEF755FD636A6C
:1053700020469847E369012BEED1A36933449E424E
:1053800007D26360246129460D4B1868FEF72BFD98
:10539000E2E7002100910B4632462046FFF7A4FFCA
:1053A0000028D9D1074940F26F30FAF791FCD3E7D2
:1053B000054A106802490860136002B070BD00BF62
:1053C000B07E0020F4AF0300AC7E002038B5054667
:1053D000FFF718FC0446074B1B68834205D80023DF
:1053E0002B60044B1C60204638BDFFF7B3FF012340
:1053F0002B60F6E7A07E002070B582B006460D4611
:1054000013490968C968CC68201DFEF705FDE169EC
:10541000012904D0636A2046984702B070BDA16993
:1054200033462A4631442046FFF784FE0028F1D057
:10543000002100910B4632462046FFF755FF002819
:10544000E8D1044940F2E510FAF742FCE2E700BF78
:10545000B07E0020F4AF030070B582B006460C4663
:10546000FFF7C8FB01A8FFF7B1FF019B1BBB054677
:1054700044B9B0420CD3FFF753FC29463046FFF73E
:10548000BBFF1AE00E4B1B681C68B4FA84F4640975
:105490002246711B0B4B1868FFF768F9FFF740FCB9
:1054A00058B9094B4FF080525A6040BFBFF34F8F3D
:1054B000BFF36F8F01E0FFF733FC02B070BD00BF98
:1054C000AC7E0020A87E002000ED00E030B589B061
:1054D00002E0049B002B0FDA002204A9364B186867
:1054E000FFF78AF8002864D0049B002BF1DA0799B3
:1054F0000698059B9847ECE7069C636913B1201D4D
:10550000FEF78AFC03A8FFF761FF0546049B092B01
:10551000E2D801A252F823F041550300415503009F
:1055200041550300D954030081550300A3550300DE
:105530004155030041550300D95403008155030030
:10554000059BA169024619442046FFF7F3FD002898
:10555000C2D0636A20469847E369012BBCD1A26997
:10556000002100910B46059802442046FFF7BCFE3F
:105570000028B1D1114940F2FE20FAF7A9FBABE7B0
:10558000059BA3613BB1A1692B462A4629442046CD
:10559000FFF7D0FDA0E7094940F21530FAF798FB74
:1055A000F1E794F82830002B96D12046FEF7F8FB5F
:1055B00092E709B030BD00BFA87E0020F4AF030021
:1055C00000B583B001A8FFF7A5FD0199FFF744FFDF
:1055D000FFF77CFFF6E70000BFF34F8F0549CA686D
:1055E00002F4E062044B1343CB60BFF34F8F00BF64
:1055F000FDE700BF00ED00E00400FA0508B54FF03C
:105600001023D3F80C3203B908BD0F4B0122C3F8A5
:1056100004250D4BD3F80034002BFAD04FF01023A3
:105620000022C3F80C22084BD3F80034002BFAD028
:10563000054B0022C3F80425034BD3F80034002B9C
:10564000FAD0FFF7C9FF00BF00E0014010B5FFF737
:10565000D5FFF2F7E9FA0446F2F700FB2046F2F72D
:105660003DFB002010BD51EC102BC1F30A53002B61
:105670001CBF40F2FF7C634500D170471844604571
:1056800006DB0020C7F6F07060F31E01002208E080
:105690000028C7BF6FF31E5141EA005101F00041DD
:1056A000002241EC102B704752EC10CBC2F30A538E
:1056B00040F2FF718B4211BF002B00210160704747
:1056C000A3F2FE31016040F2FE3060F31E5242EC64
:1056D00010CB7047000000002DE9F84F2DED028B34
:1056E00082B050EC101B4FF0FF3202EB105240F230
:1056F000FE739A4280F09F8001A8FFF7D5FF55EC1A
:10570000106B00245E4B30462946002200F090F9D1
:1057100080460F464AF29E00C3F6E67043F6CE314D
:10572000C6F27F61019A711A75EB00000092B8BF52
:105730000124002C284631461CBF3846414640EC27
:10574000101B4FF0FF30FFF78EFFB0EE408AF0EEF7
:10575000608A4C4B30462946002200F069F9054624
:105760000E46494B51EC180B002C1CBF3E464546DB
:10577000002200F05DF902460B462846314600F053
:105780000FFB05460E4602460B4600F071FA8346B3
:105790008A464BF29069C0F2030941EC180B484667
:1057A0000221B0EE480AF0EE680A00F079F8374AB4
:1057B000374B51EC100B00F03BF980460F4609F1D6
:1057C00010000321B0EE480AF0EE680A00F09CF8E1
:1057D00053EC102B4046394600F0E2FA5A46534645
:1057E00000F046FA2A46334600F042FA2A4633468B
:1057F00000F01EF980460D46002C009818BF0138B5
:1058000000F0D6FB06460F46224A234B00F030FA42
:1058100042462B4600F00CF980460D461F4B3046A1
:105820003946002200F024FA42462B4600F000F9E7
:1058300041EC100B1AE0420042EAD1720023CFF68D
:10584000E0730027B7EB410773EB02020ED300228F
:10585000C7F6F072104207D00028BCBF02F5002046
:10586000002140EC101B01E09FED030B02B0BDECEA
:10587000028BBDE8F88F00BF000000000000F0FFC1
:105880000000E0BF0000F0BF0000E03F9AB5B31297
:10589000FF0750C0A80C615C10D02BBF0030E63F62
:1058A000F8B52DED028B00EBC1070E4657E902015A
:1058B00017ED048B54EC105B2A46234600F0D8F910
:1058C00053EC182B00F0B4F841EC100B032E10DB56
:1058D000183F013E51EC100B2A46234600F0C8F950
:1058E00077E8022300F0A4F8013E41EC100B012EF2
:1058F000F0D851EC100B2A46234600F0B9F941ECE0
:10590000100BBDEC028BF8BD2DE9F041804600EB99
:10591000C100022915DBA0F108074C1C56EC105BF6
:1059200077E8022351EC100B00F082F82A46334648
:1059300000F09EF9013C41EC100B022CF0D808F16C
:10594000080050E9022351EC100B00F071F841EC13
:10595000100BBDE8F08184460020002918BF002A02
:1059600000D17047097848B2002844BF6FF00100A9
:105970007047BCF1000F18BFCCF800100021C3E93C
:105980000011002818BF012070477F298EBF6FF0DB
:10599000010001700120704747F6DC62C2F200028C
:1059A0001368002B02BF42F64433C2F200031360B7
:1059B0005A689268126810470921FFF7EDBF7F28E7
:1059C00084BF002070474BF6CC02C0F20302515C4A
:1059D0004BF64C02C0F20302105C08407047A0F185
:1059E00061011A2938BF20387047A0F141011A29F6
:1059F00038BF203070477F2884BF002070474BF6A7
:105A0000CC02C0F20302515C4BF64C02C0F203021E
:105A1000105C08407047A0F161011A2938BF203896
:105A20007047A0F141011A2938BF203070470000AB
:105A300030B591EA030F00F18280841A71EB030CF8
:105A400005D2121953EB0C03001B71EB0C0140F251
:105A5000000CCFF6E07C1CEA430F52D0BCEB410FA8
:105A60005FD90C0DA4EB135E5FF0010C6CF31F51BA
:105A70006CF31F53DEF1200C2AD303FA0CF5401906
:105A800041F1000122FA0EF5401923FA0EF56941A1
:105A900012FA0CF2CD0208D349085FEA30005FEA3F
:105AA000320228BF42F001020134013C5FEA500C8F
:105AB00072F1004250F1000051EB04514FF4001319
:105AC00013EB410F38BF30BD6FF31301002030BD21
:105AD000BEF1200EBEF1200F1ED223FA0EF54019A2
:105AE00041F10001CEF1200C124218BF012203FA4D
:105AF0000CF52A43CEE711EA5C0F04BF0020002119
:105B000030BD1CEA410F04BF01F00041002030BD50
:105B100001F00041002030BD21F4801101EB04515F
:105B200030BD004218BF41F00101BCEB410F08BF7E
:105B300030BD4FF0FE4141F47801002030BD83F0CC
:105B40000043841A71EB030E07D28EF0004E001B47
:105B500071EB0E01121953EB0E0340F2000CCFF65D
:105B6000E07C1CEA430FC6D0BCEB410F72D90C0D90
:105B7000A4EB135EC90241EA5051C00241F000415A
:105B8000DB0243EA5253D20243F00043DEF1200C21
:105B900041D312FA0CF522FA0EF203FA0CF542EA9E
:105BA000050218BF42F0010223FA0EF3801A994150
:105BB000E30AC4F30A0411F0404F03D418D0013CA7
:105BC00040004941013C23D44205C00A40EA41500B
:105BD000C90A51EAC3715FEA500C72F1004250F1F8
:105BE000000051EB045130BD01002FD00020203CBB
:105BF0000029F9D0B1FA81FCDCF1200E11FA0CF188
:105C000030FA0EF510FA0CF02943A4EB0C04D9E796
:105C10000020D90730BDAEF1200EBEF1200F0DD20D
:105C2000CEF1200C03FA0CF533FA0EF32A4318BF19
:105C300043F00103C01A61F10001B9E721F000410E
:105C4000C00A40EA4150C90A01EB045130BD0020AE
:105C5000002130BD004218BF41F00101BCEB410FF3
:105C60007FF467AFBCEB430F3FF463AF30BD00BFC1
:105C7000F0B540F2FF7681EA030C16EA115E1EBF12
:105C8000B64516EA1355B54252D021EA465141F4C1
:105C90008011A1FB024723EA465343F48013AE442C
:105CA000A0FB03650CF0004C36197D41A1FB0347B6
:105CB00047F10003A0FB0217F619654153F10003F9
:105CC000094218BF46F0010640F2FE74B3F5007FAA
:105CD00013D2AEF5806EA64523D24CEA03312803D9
:105CE00041EA155140EA16503203450872F100426C
:105CF00050F1000051EB0E51F0BDAEF2FF3EA64553
:105D00000FD24CEAC321E80241EA555140EA56500D
:105D1000F202450872F1004250F1000051EB0E51C1
:105D2000F0BD1EEA0E0F2DD50CF000410020F0BD95
:105D300016EA115F04BF01F000410020004218BFC5
:105D400041F0010116EA135F04BF03F00043002293
:105D5000124218BF43F0010306EA1354B44218BFBD
:105D6000B64503D00CF000410020F0BD21F0004109
:105D700023F00043B1EB065F0CD8B3EB065F09D804
:105D800041B13BB10CF0004141F0FE4141F47001E2
:105D90000020F0BD40F20001C7F6F8710020F0BD10
:105DA0002DE9F04391EA030E0EF0004E40F2000799
:105DB000CFF6E07717EA41051EBFBD4217EA43055B
:105DC000BD4200F09F807F0D17EA135623EA475328
:105DD00043F4801317EA115521EA475141F4801129
:105DE000AD1B05F2FD354FEAD31C1CF1010C4FF041
:105DF0000047B7FBFCF77F01A2FB079C0024E3FBF5
:105E000007C4D9F100096CEB4C0CA0FB0762002021
:105E1000E1FB072000275FEAC628E0FB0987760D33
:105E200046EAC226520DF61900277A41E0FB0C62C1
:105E30005FEAC823E2FB09375FEA585848EAC628F8
:105E4000760D18EB070800214E41E2FB0C8602EBB1
:105E5000C020DA02E6FB09215B0D43EAC8235FEAB2
:105E600058585B18002758EB0708E6FB0C38D1029E
:105E7000E8FB0917520D42EAC3225B0DD219002735
:105E80007B41E8FB0C2308EBC6265FEAC128E3FB55
:105E90000987490D41EAC221520DC91942F1000298
:105EA000E3FB0C12470019EB08095CEB010C72EBE9
:105EB000040453EBC62047EB56530026B3F5000FFE
:105EC0007641AD190236D6F1200910FA09F4F040F6
:105ED00013FA09F21043F340E40F001943F10003F1
:105EE000B3F5001F24BF5B08013540F2FE77BD42C9
:105EF00004D24EEA05511944BDE8F0832D4224D561
:105F0000714626E0004218BF41F00101124218BF5D
:105F100043F00103B7EB410F2CBFB7EB430F1BE07E
:105F2000B7EB410F04BFB7EB430F15E017EA410F82
:105F300004BF17EA430F0FE017EA410FE0D017EA5A
:105F4000430F02D0B7EB430FDAD04EF0FE4141F4DD
:105F500070010020BDE8F08340F20001C7F6F8713F
:105F6000F7E700BFC1F30A5340F21E42D21A0EDD1A
:105F7000202A0AD8CB0243EA505040F00040D040DB
:105F800090EAE170B0EBE1707047002070474B0081
:105F9000004218BF43F0010313F5001F88BF21F032
:105FA000004111F0004058BF6FF00040704700BF43
:105FB00010F0004160B148BF40420A0D02F21D429C
:105FC000B0FA80F3D21A9840C30A400503EB02519D
:105FD000704700BFC0F3C75191B142004FEA407013
:105FE0004FEAD2014FEA310101F16051B2F17F4F26
:105FF00038BF704701F1605118BF41F4002170476C
:1060000010F0004100207047082938BF7047002277
:10601000C0E9002147F6E061C2F200010860704764
:10602000042A08D350F804CB0B689C4506D1043AE7
:106030000431032AF6D8A2B1D0F800C0086880EA7B
:106040000C0191FAA1F1B1FA81F1B2EBD10F08D9AB
:1060500001F038012CFA01F2C840C0B2D1B2081ADE
:106060007047002070470178002904BF0020704766
:1060700000214FF001324358C2FA53F30431002B90
:10608000F9D093FAA3F0B0FA80F001EBD000043815
:10609000704700005AB3844690EA01039B071FD162
:1060A000830707D011F8013B00F8013B013AF7D113
:1060B0001CE08446203A09D32DE9F007B1E8F8073F
:1060C000A0E8F807203AF9D2BDE8F0071C3205D461
:1060D00051F8043B40F8043B043AF9D2043205D0AD
:1060E00011F8013B00F8013B013AF9D160467047D5
:1060F00000220B0011001A0084465AB3830704D013
:1061000000F8011B013AF9D124E0C9B241EA0121AA
:1061100041EA0141202A11D3203A2DE9F0030B4630
:106120000C460D460E460F4688468946A0E8FA03FF
:10613000203AFBD2BDE8F00320320BD0042A05D36D
:1061400040F8041B043A05D0042AF9D200F8011BD8
:10615000013AFBD16046704708B50346007858B94C
:106160005A78012A07D0920702D5044800F00CF8AB
:1061700002225A70012008BD0020FCE7D9B80300B4
:1061800001230370437070470FB408B5FBF780FF1D
:02619000FEE728
:1061940039CA0200000000003D0A030000000000AC
:1061A400C198020000000000B97D02000000000058
:1061B40051AE020028410020459702000000000073
:1061C40011B9020000000000258402000000000054
:0861D4007D090300000000003A
:1061DC00D1CB020000000000A90A0300000000005F
:1061EC007D1D0300000000002520030000000000BE
:1061FC00E4510020AC520020B4520020EC5100209D
:04620C001800000076
:10621000487B030003030000EC7B03000303000042
:10622000F47B030003030000947C030003030000DD
:10623000807D0300030300006C7E03000303000065
:106240000C7F030003030000147F0300030300001E
:106250001C7F030003030000247F030003030000EE
:1062600064910300030304042C7F03000303000074
:10627000BC70030003030404587A03000303000006
:106280002C87030003030404407003000303040489
:10629000A48A0300030304043093030000000404F1
:1062A000589603000000030318970300000004043D
:1062B000CC73030000000303346E030000000303EB
:1062C0001C70030000000303E874030000000303D4
:1062D0003070030000000303707303000000030329
:1062E0006C71030000000303AC790300000003039A
:0862F0001C7803000000030309
:1062F800A8B40300000000009C900300382B002085
:10630800000000000000000045F802000000000046
:046318000000000081
:0C631C006D8E0200152403006D3C030090
:1063280041707000496E697469616C697A61746959
:106338006F6E000043686172676500005761697499
:1063480000000000536C6F77204368617267652016
:10635800416E64205363616E0000000053746174E1
:10636800654D616368696E653A204E6577204950CE
:1063780047206461746120726563656976656400AD
:106388004368617267696E6720506172616D6574F8
:106398006572733A0000000020205672656374200D
:1063A800646574656374696F6E3A20256400000043
:1063B80020205672656374204F56503A2025640099
:1063C800202056636867207261696C20737570704D
:1063D8006C79206369726375697420706F77657270
:1063E80020676F6F643A202564000000202043482E
:1063F8004731207374617475733A2025642C204FDB
:106408005650206572726F723A20256400000000B1
:10641800202043484732207374617475733A2025ED
:10642800642C204F5650206572726F723A20256492
:1064380000000000546865726D616C2050617261E3
:106448006D65746572733A002020546865726D201A
:106458007265666572656E63653A202564000000A2
:106468002020546865726D206F757075743A202508
:10647800640000002020546865726D206F666673A2
:1064880065743A202564000042617474657279204D
:10649800766F6C74616765206D656173757265648C
:1064A8003A20256C64206D56000000005465737412
:1064B80020496E666F726D6174696F6E3A000000F4
:1064C8002020485620537570706C7920456E6162A3
:1064D8006C653A202564000020205644445320531C
:1064E8007570706C7920456E61626C653A20256420
:1064F8000000000020205644444120537570706C01
:106508007920456E61626C653A20256400000000C0
:1065180053746174654D616368696E653A20416CB6
:106528006C20626174746572696573206368617256
:106538006765642028434847313D25642043484720
:10654800323D25642050474F4F443D2564290000C3
:1065580053746174654D616368696E653A20436878
:10656800617267696E6720696E2070726F67726505
:1065780073732028434847313D25642043484732F8
:106588003D25642050474F4F443D256429000000B5
:106598004368617267652053746174653A20504D91
:1065A8004320706F776572206F6E0A00417070200B
:1065B8007374617465206D616368696E653A20491A
:1065C8006E697469616C697A6174696F6E2053745D
:1065D80061746520456E7472790A000052656365BE
:1065E800697665642053797374656D206576656E88
:1065F8007420256420696E207363616E2073746152
:106608007465000048656172746265617420766122
:106618006C75652025640A005750542043686172E0
:10662800676572204E54432054656D7065726174BD
:1066380075726520256420430A0000004261747465
:1066480065727920766F6C74616765206C65766514
:106658006C202564206D560A0000000048656172B0
:10666800746265617454696D65720000537973745E
:10667800656D4163746976654F626A65637400008D
:1066880053797374656D20496E697469616C697AB0
:106698006564202D2056657273696F6E2025642EFF
:1066A80025642E256420282573290A0048542D497D
:1066B800452D4649482D4657000000005374617225
:1066C800742073797374656D20696E697469616C7F
:1066D800697A6174696F6E200A00000053797374D7
:1066E800656D20696E697469616C697A6174696F36
:1066F8006E20646F6E65200A000000005379737481
:10670800656D20537461727473204544410A00001A
:1067180043616C6C6261636B206578656375746551
:106728006420666F72206576656E74202564206922
:106738006E20706F72742025640000004E6F206315
:10674800616C6C6261636B20646566696E65642068
:10675800666F72206576656E7420256420696E20E8
:10676800706F7274202564002F55736572732F61E2
:106778006C657862616C6477696E2F4465736B74BD
:106788006F702F4F70656E4E657276652D43686128
:10679800726765722F4669726D776172652F536FE4
:1067A800757263652D436F64652F7372632F68611B
:1067B8006C5F6C617965722F68616C5F6164632ED0
:1067C8006370700042617474657279206D656173DD
:1067D8007572656D656E7420737461727465640A90
:1067E800000000005374617274696E6720736361FE
:1067F8006E2E00002F55736572732F616C65786279
:10680800616C6477696E2F4465736B746F702F4F7A
:1068180070656E4E657276652D4368617267657244
:106828002F4669726D776172652F536F7572636554
:106838002D436F64652F7372632F68616C5F6C61A1
:106848007965722F68616C5F626C652E6370700089
:10685800427574746F6E2025752070726573736548
:10686800640A0000427574746F6E20257520726585
:106878006C65617365640A002F55736572732F61C7
:106888006C657862616C6477696E2F4465736B74AC
:106898006F702F4F70656E4E657276652D43686117
:1068A800726765722F4669726D776172652F536FD3
:1068B800757263652D436F64652F7372632F68610A
:1068C8006C5F6C617965722F68616C5F6275747456
:1068D8006F6E2E6370700000546F6F206D616E795B
:1068E80020627574746F6E732E204D617820616C10
:1068F8006C6F7765643A2025640A00004572726FF0
:10690800722077726974696E6720746F20444143FE
:106918002072656769737465720000005374617250
:1069280074204446552070726F636573732C20740D
:1069380068652073797374656D2077696C6C207253
:10694800657365740D0A00004661696C656420749E
:106958006F20636C65617220475052454752455419
:106968003A2025640D0A00004661696C656420744C
:106978006F207365742044465520666C61673A2021
:1069880025640D0A0000000053797374656D207248
:106998006573657420666F7220444655206D6F6478
:1069A800650D0A002E2E2F2E2E2F636F72655F6CD9
:1069B800617965722F73646B2F6E7266352F6E5214
:1069C80046355F53444B5F31372E312E305F646458
:1069D80064653536302F6D6F64756C65732F6E7214
:1069E80066782F68616C2F6E72665F6770696F2EAC
:1069F800680000002F55736572732F616C657862AB
:106A0800616C6477696E2F4465736B746F702F4F78
:106A180070656E4E657276652D4368617267657242
:106A28002F4669726D776172652F536F7572636552
:106A38002D436F64652F7372632F636F72655F6C8C
:106A4800617965722F73646B2F6E7266352F6E5283
:106A580046355F53444B5F31372E312E305F6464C7
:106A680064653536302F636F6D706F6E656E747345
:106A78002F626C652F636F6D6D6F6E2F626C655F33
:106A8800636F6E6E5F73746174652E63000000003F
:106A9800546865206C6F63616C2064617461626125
:106AA800736520686173206368616E6765642C2074
:106AB800736F20736F6D652073756273637269708D
:106AC80074696F6E7320746F206E6F746966696382
:106AD8006174696F6E7320616E6420696E646963A6
:106AE8006174696F6E7320636F756C64206E6F7468
:106AF80020626520726573746F72656420666F72B8
:106B080020636F6E6E5F68616E646C65202564003B
:106B18006773636D5F6C6F63616C5F64625F636111
:106B28006368655F6170706C792829207265747577
:106B3800726E6564202573207768696368207368BE
:106B48006F756C64206E6F742068617070656E2E4E
:106B580020636F6E6E5F68616E646C653A202564B1
:106B6800000000002E2E2F2E2E2F636F72655F6C93
:106B7800617965722F73646B2F6E7266352F6E5252
:106B880046355F53444B5F31372E312E305F646496
:106B980064653536302F636F6D706F6E656E747314
:106BA8002F6C69627261726965732F6D757465788F
:106BB8002F6E72665F6D74782E6800002F557365AE
:106BC80072732F616C657862616C6477696E2F44AB
:106BD80065736B746F702F4F70656E4E6572766556
:106BE8002D436861726765722F4669726D776172AD
:106BF800652F536F757263652D436F64652F7372CC
:106C0800632F636F72655F6C617965722F73646B54
:106C18002F6E7266352F6E5246355F53444B5F3187
:106C2800372E312E305F646464653536302F636FDC
:106C38006D706F6E656E74732F626C652F7065650D
:106C4800725F6D616E616765722F676174745F63EF
:106C5800616368655F6D616E616765722E630000D0
:106C6800466C6173682066756C6C2E20436F756C7A
:106C780064206E6F742073746F7265206461746130
:106C880020666F7220636F6E6E5F68616E646C65FC
:106C98003A202564000000006773636D5F6C6F63C2
:106CA800616C5F64625F63616368655F757064618E
:106CB800746528292072657475726E656420257361
:106CC80020666F7220636F6E6E5F68616E646C65BC
:106CD8003A202564000000006773636D5F73657276
:106CE800766963655F6368616E6765645F696E6432
:106CF8005F73656E6428292072657475726E6564A9
:106D080020257320666F7220636F6E6E5F68616EF8
:106D1800646C653A202564004341522063686172BF
:106D28002076616C756520636F756C646E277420BE
:106D380062652073746F72656420286572726F7261
:106D48003A202573292E205265617474656D70741C
:106D58002077696C6C2068617070656E206F6E209A
:106D6800746865206E65787420636F6E6E656374F1
:106D7800696F6E2E00000000556E6578706563744B
:106D88006564204741545420737461747573207787
:106D980068696C652067657474696E672043415241
:106DA80020636861722076616C75653A20307825B9
:106DB800780000004D756C7469706C652028256436
:106DC8002920434152206368617261637465726966
:106DD800737469637320666F756E642C20757369AC
:106DE8006E67207468652066697273742E000000EF
:106DF800556E6578706563746564204341522063FD
:106E0800686172616374657269737469632076611D
:106E18006C7565206C656E67746820282564292C5C
:106E28002073746F726520302E00000070656572E3
:106E38005F6D616E616765725F67636D000000007A
:106E48007064735F706565725F646174615F7374A9
:106E58006F726528292072657475726E65642025C5
:106E680073207768696C652073746F72696E672028
:106E780073657276696365206368616E67656473BC
:106E88007461746520666F7220706565722069642C
:106E98002025642E000000007064625F70656572D2
:106EA8005F646174615F7074725F6765742829201C
:106EB80072657475726E656420257320666F722022
:106EC800636F6E6E5F68616E646C653A202564005E
:106ED80044696420616E6F746865722074687265B5
:106EE8006164206D616E6970756C61746520504DC8
:106EF8005F504545525F444154415F49445F4741B3
:106F080054545F4C4F43414C20666F722070656546
:106F1800725F696420256420617420746865207339
:106F2800616D652074696D653F207064625F77727A
:106F38006974655F6275665F72656C656173652803
:106F4800292072657475726E65642025732E0000A1
:106F580073645F626C655F67617474735F73797380
:106F68005F617474725F7365742829207265747523
:106F7800726E6564204E52465F4552524F525F49C9
:106F88004E56414C49445F4441544120666F72203B
:106F98004E554C4C20706F696E7465722077686925
:106FA80063682073686F756C64206E6576657220FF
:106FB80068617070656E2E20636F6E6E5F68616EBB
:106FC800646C653A2025640073645F626C655F6772
:106FD800617474735F696E697469616C5F757365F8
:106FE800725F68616E646C655F67657428292072DA
:106FF800657475726E6564202573207768696368A7
:107008002073686F756C64206E6F7420686170708F
:10701800656E2E00706565725F6D616E6167657281
:107028005F6773636D000000706565725F6D616E08
:10703800616765725F696D006E72665F626C655F3D
:107048006761747400000000424C455F4741505F1F
:107058005343414E5F54494D454F5554000000007D
:10706800436F6E6E656374696E670000436F6E6E82
:10707800656374696F6E207374617475733A202543
:107088006400000073645F626C655F6761705F73C2
:1070980063616E5F73746172742072657475726E69
:1070A80065642030782578005363616E6E696E6779
:1070B80000000000626C655F7363616E0000000091
:1070C800436F756C64206E6F742064656C657465BD
:1070D800207065657220646174612E206664735F38
:1070E80066696C655F64656C6574652829207265DE
:1070F8007475726E6564203078257820666F72200A
:10710800706565725F69643A20256400436F756C29
:1071180064206E6F7420777269746520646174618D
:1071280020746F20666C6173682E206664735F72CA
:1071380065636F72645F7B77726974657C75706470
:107148006174657D28292072657475726E65642086
:10715800307825782E20706565725F69643A20253D
:1071680064000000706565725F6D616E61676572CD
:107178005F70647300000000706D5F62756666651D
:10718800725F7074725F676574282920636F756C0D
:1071980064206E6F7420726574726965766520521A
:1071A800414D206275666665722E20626C6F636B56
:1071B8005F69643A202564007064735F7065657266
:1071C8005F646174615F73746F72652829207265EA
:1071D8007475726E65642025732E20706565725F04
:1071E80069643A2025640000536F6D6520706565F9
:1071F80072206461746120776173206E6F742070EF
:10720800726F7065726C79207772697474656E201C
:10721800746F20666C6173682E2077726974655F7D
:107228006275665F73746F7265282920726574755C
:10723800726E656420257320666F722070656572B2
:107248005F69643A2025640043616E6E6F74207331
:10725800746F7265206461746120746F20666C615C
:107268007368206265636175736520706D5F627510
:10727800666665725F7074725F676574282920633B
:107288006F756C64206E6F742072657472696576B0
:10729800652052414D206275666665722E204973DD
:1072A80020626C6F636B5F6964202564206E6F7465
:1072B80020616C6C6F63617465643F007064625F29
:1072C80077726974655F6275665F72656C65617314
:1072D8006528292072657475726E6564202573208F
:1072E80077686963682073686F756C64206E6F7463
:1072F8002068617070656E2E20706565725F6964C4
:107308003A2025642C20646174615F69643A202501
:107318006400000050656572204944202564207788
:107328006173206E6F742070726F7065726C792053
:1073380072656C65617365642E207064735F706537
:1073480065725F69645F6672656528292072657475
:1073580075726E65642025732E20706565725F698D
:10736800643A202564000000706565725F6D616E87
:10737800616765725F70646200000000436F756C3E
:1073880064206E6F74207265747265697665207208
:10739800616E6B732E207064625F706565725F64E6
:1073A8006174615F6C6F61642829207265747572FD
:1073B8006E65642025732E20706565725F69643A76
:1073C80020256400706565725F6D616E6167657226
:1073D80000000000557064617465000044656C65C8
:1073E800746500004F7574646174656420283029E1
:1073F8000000000053657276696365206368616EFA
:107408006765642070656E64696E6720666C616785
:10741800000000004F757464617465642028322987
:10742800000000004F757464617465642028332976
:10743800000000004170706C69636174696F6E20B0
:10744800646174610000000052656D6F74652064AA
:107458006174616261736500506565722072616E66
:107468006B000000426F6E64696E6720646174612E
:10747800000000004C6F63616C206461746162619C
:107488007365000043656E7472616C206164647298
:10749800657373207265736F6C7574696F6E000025
:1074A800456E6372797074696F6E0000426F6E6426
:1074B800696E670050616972696E6700496E76612E
:1074C8006C696420526F6C65000000005065726939
:1074D80070686572616C000043656E7472616C005F
:1074E800706565725F6D616E616765725F68616E18
:1074F800646C657200000000496E7465726E616CA0
:10750800206572726F723A2025732072656365690F
:10751800766564204E554C4C20666F7220705F7300
:1075280065635F6B65797365742E0000436F756CD6
:1075380064206E6F74207265747269657665205276
:10754800414D2062756666657220666F7220696EAD
:10755800636F6D696E6720626F6E642E207064625F
:107568005F77726974655F6275665F6765742829FD
:107578002072657475726E65642025732E20636FA2
:107588006E6E5F68616E646C653A20256400000069
:10759800696D5F626C655F616464725F67657428BA
:1075A800292072657475726E65642025732E2063B8
:1075B8006F6E6E5F68616E646C653A2025642E207C
:1075C8004C696E6B20776173206C696B656C7920F0
:1075D800646973636F6E6E65637465642E00000082
:1075E800436F756C64206E6F7420636C65616E20E8
:1075F8007570206166746572206661696C656420C7
:10760800626F6E64696E672070726F63656475720D
:10761800652E207064625F77726974655F62756653
:107628005F72656C6561736528292072657475726F
:107638006E65642025732E20636F6E6E5F68616EC1
:10764800646C653A2025642E0000000073645F6254
:107658006C655F6761705F7365635F696E666F5FB6
:107668007265706C7928292072657475726E65640C
:10767800204E52465F45524F525F494E56414C4943
:10768800445F53544154452C2077686963682069E6
:107698007320616E6572726F7220756E6C6573739C
:1076A80020746865206C696E6B2069732064697347
:1076B800636F6E6E656374696E672E00436F756CD9
:1076C80064206E6F7420636F6D706C6574652065DF
:1076D8006E6372797074696F6E2070726F6365641F
:1076E8007572652E2073645F626C655F6761705F99
:1076F8007365635F696E666F5F7265706C79282960
:107708002072657475726E65642025732E20636F10
:107718006E6E5F68616E646C653A2025642C20701B
:107728006565725F69643A2025642E0052414D20D8
:1077380062756666657220666F72206E6577206274
:107748006F6E642077617320756E617661696C6114
:10775800626C652E207064625F77726974655F621F
:1077680075665F67657428292072657475726E6521
:10777800642025732E20636F6E6E5F68616E646C83
:10778800653A2025642E0000436F756C64206E6F87
:107798007420616C6C6F63617465206E657720700E
:1077A8006565725F696420666F7220696E636F6DCC
:1077B800696E6720626F6E642E000000436F756CFF
:1077C80064206E6F742073746F726520626F6E64CC
:1077D8002E207064625F77726974655F6275665F98
:1077E80073746F726528292072657475726E65648A
:1077F8002025732E20636F6E6E5F68616E646C6502
:107808003A2025642C20706565725F69643A2025EA
:1078180064000000706565725F6D616E6167657216
:107828005F736D640000000043616E6E6F742073B7
:107838006563757265206C696E6B2062656361753E
:10784800736520612070726576696F757320736542
:107858006375726974792070726F63656475726597
:1078680020656E64656420696E2074696D656F7546
:10787800742E20446973636F6E6E65637420616E45
:10788800642072657472792E20736D645F70617202
:10789800616D735F7265706C792829206F7220732F
:1078A8006D645F6C696E6B5F7365637572652829BB
:1078B8002072657475726E6564204E52465F45523B
:1078C800524F525F54494D454F55542E20636F6EA9
:1078D8006E5F68616E646C653A2025640000000084
:1078E800436F756C64206E6F7420706572666F727A
:1078F8006D2073656375726974792070726F636542
:10790800647572652E20736D645F706172616D734A
:107918005F7265706C792829206F7220736D645FBF
:107928006C696E6B5F736563757265282920726573
:107938007475726E65642025732E20636F6E6E5F9A
:1079480068616E646C653A2025640000436F756C4D
:1079580064206E6F7420706572666F726D20736537
:107968006375726974792070726F63656475726586
:107978002E20736D645F6C696E6B5F7365637572DF
:107988006528292072657475726E65642025732ECA
:1079980020636F6E6E5F68616E646C653A20256463
:1079A80000000000706565725F6D616E61676572E9
:1079B8005F736D002F55736572732F616C65786204
:1079C800616C6477696E2F4465736B746F702F4FA9
:1079D80070656E4E657276652D4368617267657273
:1079E8002F4669726D776172652F536F7572636583
:1079F8002D436F64652F7372632F636F72655F6CBD
:107A0800617965722F73646B2F6E7266352F6E52B3
:107A180046355F53444B5F31372E312E305F6464F7
:107A280064653536302F696E746567726174696F85
:107A38006E2F6E7266782F6C65676163792F6E7230
:107A4800665F6472765F636C6F636B2E6300000021
:107A5800636C6F636B0000002E2E2F2E2E2F636F2A
:107A680072655F6C617965722F73646B2F6E7266D5
:107A7800352F6E5246355F53444B5F31372E312ECA
:107A8800305F646464653536302F696E746567727B
:107A98006174696F6E2F6E7266782F6E7266785F8A
:107AA800676C75652E6800002F55736572732F61BA
:107AB8006C657862616C6477696E2F4465736B746A
:107AC8006F702F4F70656E4E657276652D436861D5
:107AD800726765722F4669726D776172652F536F91
:107AE800757263652D436F64652F7372632F636FBF
:107AF80072655F6C617965722F73646B2F6E726645
:107B0800352F6E5246355F53444B5F31372E312E39
:107B1800305F646464653536302F6D6F64756C65ED
:107B2800732F6E7266782F647269766572732F731D
:107B380072632F6E7266785F636C6F636B2E63007F
:107B4800434C4F434B0000002F55736572732F61F0
:107B58006C657862616C6477696E2F4465736B74C9
:107B68006F702F4F70656E4E657276652D43686134
:107B7800726765722F4669726D776172652F536FF0
:107B8800757263652D436F64652F7372632F636F1E
:107B980072655F6C617965722F73646B2F6E7266A4
:107BA800352F6E5246355F53444B5F31372E312E99
:107BB800305F646464653536302F6D6F64756C654D
:107BC800732F6E7266782F647269766572732F737D
:107BD80072632F6E7266785F6770696F74652E6363
:107BE800000000004750494F5445000050504900DC
:107BF8002F55736572732F616C657862616C647759
:107C0800696E2F4465736B746F702F4F70656E4E7D
:107C1800657276652D436861726765722F46697271
:107C28006D776172652F536F757263652D436F644D
:107C3800652F7372632F636F72655F6C617965720C
:107C48002F73646B2F6E7266352F6E5246355F53F5
:107C5800444B5F31372E312E305F646464653536AE
:107C6800302F6D6F64756C65732F6E7266782F6434
:107C78007269766572732F7372632F7072732F6EC9
:107C88007266785F7072732E630000005052530062
:107C98002E2E2F2E2E2F636F72655F6C61796572A1
:107CA8002F73646B2F6E7266352F6E5246355F5395
:107CB800444B5F31372E312E305F6464646535364E
:107CC800302F6D6F64756C65732F6E7266782F68D0
:107CD800616C2F6E72665F70776D2E680000000011
:107CE8002F55736572732F616C657862616C647768
:107CF800696E2F4465736B746F702F4F70656E4E8D
:107D0800657276652D436861726765722F46697280
:107D18006D776172652F536F757263652D436F645C
:107D2800652F7372632F636F72655F6C617965721B
:107D38002F73646B2F6E7266352F6E5246355F5304
:107D4800444B5F31372E312E305F646464653536BD
:107D5800302F6D6F64756C65732F6E7266782F6443
:107D68007269766572732F7372632F6E7266785FAD
:107D780070776D2E6300000050574D002F557365C6
:107D880072732F616C657862616C6477696E2F44D9
:107D980065736B746F702F4F70656E4E6572766584
:107DA8002D436861726765722F4669726D776172DB
:107DB800652F536F757263652D436F64652F7372FA
:107DC800632F636F72655F6C617965722F73646B83
:107DD8002F6E7266352F6E5246355F53444B5F31B6
:107DE800372E312E305F646464653536302F6D6F01
:107DF80064756C65732F6E7266782F647269766528
:107E080072732F7372632F6E7266785F7361616429
:107E1800632E63002E2E2F2E2E2F636F72655F6CDC
:107E2800617965722F73646B2F6E7266352F6E528F
:107E380046355F53444B5F31372E312E305F6464D3
:107E480064653536302F6D6F64756C65732F6E728F
:107E580066782F68616C2F6E72665F736161646308
:107E68002E68000053414144430000002F557365BC
:107E780072732F616C657862616C6477696E2F44E8
:107E880065736B746F702F4F70656E4E6572766593
:107E98002D436861726765722F4669726D776172EA
:107EA800652F536F757263652D436F64652F737209
:107EB800632F636F72655F6C617965722F73646B92
:107EC8002F6E7266352F6E5246355F53444B5F31C5
:107ED800372E312E305F646464653536302F6D6F10
:107EE80064756C65732F6E7266782F647269766537
:107EF80072732F7372632F6E7266785F7370696D19
:107F08002E6300005350494D0000000054494D4570
:107F1800520000005541525400000000554152548F
:107F2800450000006170705F627574746F6E0000C8
:107F3800534F46544445564943453A2041535345C7
:107F48005254494F4E204641494C454400000000D8
:107F5800534F46544445564943453A20494E5641A5
:107F68004C4944204D454D4F5259204143434553B8
:107F780053000000415353455254494F4E20464147
:107F8800494C45442061742025733A25750000004A
:107F98004552524F52202575205B25735D20617430
:107FA8002025733A25750D0A50432061743A203014
:107FB8007825303878000000456E64206F662065AB
:107FC80072726F72207265706F727400554E4B4EEC
:107FD8004F574E204641554C542061742030782527
:107FE800303858002F55736572732F616C6578624D
:107FF800616C6477696E2F4465736B746F702F4F73
:1080080070656E4E657276652D436861726765723C
:108018002F4669726D776172652F536F757263654C
:108028002D436F64652F7372632F636F72655F6C86
:10803800617965722F73646B2F6E7266352F6E527D
:1080480046355F53444B5F31372E312E305F6464C1
:1080580064653536302F636F6D706F6E656E74733F
:108068002F6C69627261726965732F7574696C2F00
:108078006170705F7574696C5F706C6174666F7243
:108088006D2E63002F55736572732F616C6578626E
:10809800616C6477696E2F4465736B746F702F4FD2
:1080A80070656E4E657276652D436861726765729C
:1080B8002F4669726D776172652F536F75726365AC
:1080C8002D436F64652F7372632F636F72655F6CE6
:1080D800617965722F73646B2F6E7266352F6E52DD
:1080E80046355F53444B5F31372E312E305F646421
:1080F80064653536302F636F6D706F6E656E74739F
:108108002F6C69627261726965732F6664732F667A
:1081180064732E63000000004841524420464155D4
:108128004C54206174203078253038580000000005
:10813800202052303A2020307825303858202052DC
:10814800313A2020307825303858202052323A20D1
:1081580020307825303858202052333A2020307883
:10816800253038580000000020205231323A2030A3
:10817800782530385820204C523A20203078253045
:10818800385820205053523A20307825303858003B
:10819800537461636B2076696F6C6174696F6E3AB2
:1081A80020737461636B20706F696E746572206FE1
:1081B80075747369646520737461636B206172659B
:1081C800612E000043617573653A204275734661FC
:1081D800756C74206F6E206120766563746F7220F1
:1081E8007461626C65207265616420647572696E81
:1081F8006720657863657074696F6E2070726F634D
:10820800657373696E672E0043617573653A20253F
:10821800732E00004D656D4D616E61676520466186
:10822800756C7420416464726573733A20307825E4
:1082380030385800427573204661756C742041646B
:1082480064726573733A203078253038580000001E
:108258005468652070726F636573736F722068610C
:108268007320617474656D7074656420746F206523
:1082780078656375746520616E20756E64656669DE
:108288006E656420696E737472756374696F6E00CD
:108298005468652070726F636573736F72206174C0
:1082A80074656D707465642061206C6F6164206F03
:1082B800722073746F72652061742061206C6F6323
:1082C8006174696F6E207468617420646F657320CF
:1082D8006E6F74207065726D697420746865206FA4
:1082E8007065726174696F6E00000000556E73747A
:1082F80061636B20666F7220616E206578636570BC
:1083080074696F6E2072657475726E20686173206F
:10831800636175736564206F6E65206F72206D6F81
:108328007265206163636573732076696F6C61742D
:10833800696F6E7300000000537461636B696E6748
:1083480020666F7220616E20657863657074696F4E
:108358006E20656E7472792068617320636175732D
:108368006564206F6E65206F72206D6F7265206185
:1083780063636573732076696F6C6174696F6E737C
:108388000000000041204D656D4D616E61676520FC
:108398006661756C74206F636375727265642064BE
:1083A8007572696E6720666C6F6174696E672D708F
:1083B8006F696E74206C617A7920737461746520BA
:1083C800707265736572766174696F6E0000000083
:1083D800496E737472756374696F6E206275732069
:1083E8006572726F72000000446174612062757377
:1083F800206572726F72202850432076616C756513
:1084080020737461636B656420666F72207468659D
:1084180020657863657074696F6E20726574757213
:108428006E20706F696E747320746F207468652095
:10843800696E737472756374696F6E2074686174A1
:108448002063617573656420746865206661756C66
:10845800742900004461746120627573206572722A
:108468006F72202872657475726E2061646472651B
:10847800737320696E2074686520737461636B2060
:108488006672616D65206973206E6F742072656C09
:108498006174656420746F2074686520696E7374F4
:1084A80072756374696F6E20746861742063617596
:1084B80073656420746865206572726F72290000A4
:1084C800556E737461636B20666F7220616E2065F0
:1084D8007863657074696F6E2072657475726E204A
:1084E80068617320636175736564206F6E65206FC2
:1084F80072206D6F7265204275734661756C747376
:1085080000000000537461636B696E6720666F72C8
:1085180020616E20657863657074696F6E20656E82
:108528007472792068617320636175736564206F64
:108538006E65206F72206D6F72652042757346619B
:10854800756C7473000000004120627573206661C9
:10855800756C74206F6363757272656420647572DC
:10856800696E6720666C6F6174696E672D706F69DC
:108578006E74206C617A79207374617465207072EE
:1085880065736572766174696F6E00005468652062
:1085980070726F636573736F7220686173206174A2
:1085A80074656D7074656420746F20657865637593
:1085B800746520616E20696E737472756374696F77
:1085C8006E2074686174206D616B657320696C6CD2
:1085D8006567616C20757365206F66207468652017
:1085E80045505352000000005468652070726F6354
:1085F8006573736F722068617320617474656D7040
:1086080074656420616E20696C6C6567616C206CB0
:108618006F6164206F66204558435F524554555238
:108628004E20746F207468652050432C206173209D
:108638006120726573756C74206F6620616E2069A5
:108648006E76616C696420636F6E746578742C2033
:108658006F7220616E20696E76616C69642045587E
:10866800435F52455455524E2076616C7565000043
:108678005468652070726F636573736F72206861E8
:108688007320617474656D7074656420746F206103
:108698006363657373206120636F70726F636573C2
:1086A800736F72005468652070726F636573736FBF
:1086B8007220686173206D61646520616E20756E3B
:1086C800616C69676E6564206D656D6F7279206194
:1086D80063636573730000005468652070726F638C
:1086E8006573736F7220686173206578656375744C
:1086F800656420616E2053444956206F72205544AA
:10870800495620696E737472756374696F6E207749
:1087180069746820612064697669736F72206F6676
:1087280020300000686172646661756C7400000036
:108738002F55736572732F616C657862616C64770D
:10874800696E2F4465736B746F702F4F70656E4E32
:10875800657276652D436861726765722F46697226
:108768006D776172652F536F757263652D436F6402
:10877800652F7372632F636F72655F6C61796572C1
:108788002F73646B2F6E7266352F6E5246355F53AA
:10879800444B5F31372E312E305F64646465353663
:1087A800302F636F6D706F6E656E74732F6C6962B6
:1087B8007261726965732F62616C6C6F632F6E7280
:1087C800665F62616C6C6F632E6300002F55736582
:1087D80072732F616C657862616C6477696E2F447F
:1087E80065736B746F702F4F70656E4E657276652A
:1087F8002D436861726765722F4669726D77617281
:10880800652F536F757263652D436F64652F73729F
:10881800632F636F72655F6C617965722F73646B28
:108828002F6E7266352F6E5246355F53444B5F315B
:10883800372E312E305F646464653536302F6578A5
:108848007465726E616C2F667072696E74662F6ED5
:1088580072665F667072696E74662E63000000004F
:108868002F55736572732F616C657862616C6477DC
:10887800696E2F4465736B746F702F4F70656E4E01
:10888800657276652D436861726765722F466972F5
:108898006D776172652F536F757263652D436F64D1
:1088A800652F7372632F636F72655F6C6179657290
:1088B8002F73646B2F6E7266352F6E5246355F5379
:1088C800444B5F31372E312E305F64646465353632
:1088D800302F65787465726E616C2F667072696E80
:1088E80074662F6E72665F667072696E74665F6614
:1088F8006F726D61742E6300705F66730000000014
:10890800257320636865636B206661696C65642004
:10891800696E202573282920776974682076616C30
:10892800756520307825782E00000000705F617032
:1089380069000000705F66732D3E705F61706900AA
:10894800705F6465737400006C656E0061646472C6
:108958005F69735F616C69676E656433322873722F
:1089680063290000616464725F69735F7769746882
:10897800696E5F626F756E647328705F66732C2012
:108988007372632C206C656E29000000705F73722F
:108998006300000021286C656E202520705F6673D7
:1089A8002D3E705F666C6173685F696E666F2D3E01
:1089B80070726F6772616D5F756E6974290000006F
:1089C800616464725F69735F616C69676E65643363
:1089D8003228646573742900616464725F69735F27
:1089E800616C69676E65643332282875696E743303
:1089F800325F7429705F7372632900006164647266
:108A08005F69735F77697468696E5F626F756E64BA
:108A18007328705F66732C20646573742C206C65F2
:108A28006E290000616464725F69735F70616765D5
:108A38005F616C69676E656428705F66732C20706F
:108A48006167655F61646472290000006164647233
:108A58005F69735F77697468696E5F626F756E646A
:108A68007328705F66732C20706167655F6164644A
:108A7800722C20286C656E202A20705F66732D3E4C
:108A8800705F666C6173685F696E666F2D3E6572B4
:108A98006173655F756E6974292900006E72665F7F
:108AA8006673746F72616765000000002F55736507
:108AB80072732F616C657862616C6477696E2F449C
:108AC80065736B746F702F4F70656E4E6572766547
:108AD8002D436861726765722F4669726D7761729E
:108AE800652F536F757263652D436F64652F7372BD
:108AF800632F636F72655F6C617965722F73646B46
:108B08002F6E7266352F6E5246355F53444B5F3178
:108B1800372E312E305F646464653536302F636FCD
:108B28006D706F6E656E74732F6C696272617269B5
:108B380065732F6D656D6F626A2F6E72665F6D6506
:108B48006D6F626A2E6300002F55736572732F6113
:108B58006C657862616C6477696E2F4465736B74B9
:108B68006F702F4F70656E4E657276652D43686124
:108B7800726765722F4669726D776172652F536FE0
:108B8800757263652D436F64652F7372632F636F0E
:108B980072655F6C617965722F73646B2F6E726694
:108BA800352F6E5246355F53444B5F31372E312E89
:108BB800305F646464653536302F636F6D706F6E37
:108BC800656E74732F6C69627261726965732F6563
:108BD80078706572696D656E74616C5F73656374D6
:108BE800696F6E5F766172732F6E72665F7365630D
:108BF80074696F6E5F697465722E63004E52465FCA
:108C080053554343455353004E52465F4552524FC6
:108C1800525F5356435F48414E444C45525F4D495D
:108C28005353494E470000004E52465F4552524F3B
:108C3800525F534F46544445564943455F4E4F543F
:108C48005F454E41424C4544000000004E52465F8D
:108C58004552524F525F494E5445524E414C0000C6
:108C68004E52465F4552524F525F4E4F5F4D454DF3
:108C7800000000004E52465F4552524F525F4E4F21
:108C8800545F464F554E44004E52465F4552524F30
:108C9800525F4E4F545F535550504F525445440005
:108CA8004E52465F4552524F525F494E56414C49CB
:108CB800445F504152414D004E52465F4552524F1B
:108CC800525F494E56414C49445F53544154450004
:108CD8004E52465F4552524F525F494E56414C499B
:108CE800445F4C454E475448000000004E52465FD2
:108CF8004552524F525F494E56414C49445F464C8B
:108D0800414753004E52465F4552524F525F494EBB
:108D180056414C49445F4441544100004E52465F1D
:108D28004552524F525F444154415F53495A45009E
:108D38004E52465F4552524F525F54494D454F552A
:108D4800540000004E52465F4552524F525F4E55F6
:108D58004C4C00004E52465F4552524F525F464FB0
:108D68005242494444454E004E52465F4552524F86
:108D7800525F494E56414C49445F414444520000B9
:108D88004E52465F4552524F525F4255535900006A
:108D98004E52465F4552524F525F434F4E4E5F43CD
:108DA8004F554E54000000004E52465F4552524FF8
:108DB800525F5245534F5552434553004E52465FFA
:108DC8004552524F525F4D4F44554C455F4E4F549C
:108DD8005F494E495449414C495A454400000000F6
:108DE8004E52465F4552524F525F4D555445585F5B
:108DF800494E49545F4641494C4544004E52465FEE
:108E08004552524F525F4D555445585F4C4F434B56
:108E18005F4641494C4544004E52465F4552524FC9
:108E2800525F4D555445585F554E4C4F434B5F4626
:108E380041494C45440000004E52465F4552524F4E
:108E4800525F4D555445585F434F4E445F494E4914
:108E5800545F4641494C4544000000004E52465F6D
:108E68004552524F525F4D4F44554C455F414C520D
:108E7800454144595F494E495449414C495A454432
:108E8800000000004E52465F4552524F525F535405
:108E98004F524147455F46554C4C00004E52465F85
:108EA8004552524F525F4150495F4E4F545F494DB2
:108EB800504C454D454E5445440000004E52465FC7
:108EC8004552524F525F464541545552455F4E4FA9
:108ED800545F454E41424C45440000004E52465FA7
:108EE8004552524F525F494F5F50454E44494E4795
:108EF800000000004E52465F4552524F525F4452A6
:108F0800565F5457495F4552525F4F564552525526
:108F18004E0000004E52465F4552524F525F445237
:108F2800565F5457495F4552525F414E41434B008B
:108F38004E52465F4552524F525F4452565F545705
:108F4800495F4552525F444E41434B004E52465F83
:108F58004552524F525F424C455F495053505F5201
:108F6800585F504B545F5452554E4341544544004A
:108F78004E52465F4552524F525F424C455F4950F0
:108F880053505F4348414E4E454C5F414C5245411A
:108F980044595F4558495354530000004E52465FA8
:108FA8004552524F525F424C455F495053505F4CB7
:108FB800494E4B5F444953434F4E4E4543544544F5
:108FC800000000004E52465F4552524F525F424CDD
:108FD800455F495053505F504545525F52454A4599
:108FE80043544544000000002F55736572732F6188
:108FF8006C657862616C6477696E2F4465736B7415
:109008006F702F4F70656E4E657276652D4368617F
:10901800726765722F4669726D776172652F536F3B
:10902800757263652D436F64652F7372632F636F69
:1090380072655F6C617965722F73646B2F6E7266EF
:10904800352F6E5246355F53444B5F31372E312EE4
:10905800305F646464653536302F636F6D706F6E92
:10906800656E74732F6C69627261726965732F6CB7
:109078006F672F7372632F6E72665F6C6F675F64C2
:10908800656661756C745F6261636B656E64732E8F
:10909800630000007274745F6C6F675F6261636B7A
:1090A800656E64002F55736572732F616C65786205
:1090B800616C6477696E2F4465736B746F702F4FA2
:1090C80070656E4E657276652D436861726765726C
:1090D8002F4669726D776172652F536F757263657C
:1090E8002D436F64652F7372632F636F72655F6CB6
:1090F800617965722F73646B2F6E7266352F6E52AD
:1091080046355F53444B5F31372E312E305F6464F0
:1091180064653536302F636F6D706F6E656E74736E
:109128002F6C69627261726965732F6C6F672F7338
:1091380072632F6E72665F6C6F675F66726F6E74B4
:10914800656E642E630000004261636B656E647334
:1091580020666C75736865640000000061707000BB
:109168001B5B313B33316D0025734C6F6773206493
:10917800726F70706564202825642925730D0A00B4
:109188001B5B306D00000000257300003C25733E1A
:109198002025733A20000000202530327800000096
:1091A800202020007C000000256300002000000033
:1091B8001B5B313B33306D001B5B313B33326D0041
:1091C8001B5B313B33336D001B5B313B33346D002C
:1091D8001B5B313B33356D001B5B313B33366D0018
:1091E8001B5B313B33376D007761726E696E6700C8
:1091F800696E666F000000006465627567000000B4
:109208005465726D696E616C000000005254540020
:109218005345474745520000537461746520726591
:1092280071756573743A203078253038580000001D
:109238004E6F74696679206F627365727665722005
:10924800307825303858203D3E20726561647900B9
:109258004E6F74696679206F6273657276657220E5
:10926800307825303858203D3E20626C6F636B693A
:109278006E6700005374617465206368616E67658A
:109288003A20307825303858000000002F55736593
:1092980072732F616C657862616C6477696E2F44B4
:1092A80065736B746F702F4F70656E4E657276655F
:1092B8002D436861726765722F4669726D776172B6
:1092C800652F536F757263652D436F64652F7372D5
:1092D800632F636F72655F6C617965722F73646B5E
:1092E8002F6E7266352F6E5246355F53444B5F3191
:1092F800372E312E305F646464653536302F636FE6
:109308006D706F6E656E74732F736F6674646576B7
:109318006963652F636F6D6D6F6E2F6E72665F7315
:1093280064682E63000000006E72665F73646800F4
:109338002F55736572732F616C657862616C647701
:10934800696E2F4465736B746F702F4F70656E4E26
:10935800657276652D436861726765722F4669721A
:109368006D776172652F536F757263652D436F64F6
:10937800652F7372632F636F72655F6C61796572B5
:109388002F73646B2F6E7266352F6E5246355F539E
:10939800444B5F31372E312E305F64646465353657
:1093A800302F636F6D706F6E656E74732F736F6699
:1093B800746465766963652F636F6D6D6F6E2F6E6C
:1093C80072665F7364685F626C652E6300000000FC
:1093D80073645F626C655F6366675F736574282991
:1093E8002072657475726E656420257320776865D0
:1093F8006E20617474656D7074696E6720746F2077
:1094080073657420424C455F434F4E4E5F43464759
:109418005F4741502E00000073645F626C655F63B4
:1094280066675F73657428292072657475726E6546
:1094380064202573207768656E20617474656D708B
:1094480074696E6720746F2073657420424C455FA1
:109458004741505F4346475F524F4C455F434F5526
:109468004E542E0073645F626C655F6366675F735A
:10947800657428292072657475726E656420257379
:10948800207768656E20617474656D7074696E67A5
:1094980020746F2073657420424C455F434F4E4ED5
:1094A8005F4346475F474154542E000073645F6230
:1094B8006C655F6366675F736574282920726574DD
:1094C80075726E6564202573207768656E206174F7
:1094D80074656D7074696E6720746F20736574208D
:1094E800424C455F434F4D4D4F4E5F4346475F5695
:1094F800535F555549442E0073645F626C655F6322
:1095080066675F73657428292072657475726E6565
:1095180064202573207768656E20617474656D70AA
:1095280074696E6720746F2073657420424C455FC0
:1095380047415454535F4346475F415454525F5424
:1095480041425F53495A452E0000000073645F6230
:109558006C655F6366675F7365742829207265743C
:1095680075726E6564202573207768656E20617456
:1095780074656D7074696E6720746F2073657420EC
:10958800424C455F47415454535F4346475F5345F8
:1095980052564943455F4348414E4745442E0000D3
:1095A800496E73756666696369656E742052414DCC
:1095B80020616C6C6F636174656420666F722074DF
:1095C800686520536F66744465766963652E00008C
:1095D8004368616E6765207468652052414D207349
:1095E80074617274206C6F636174696F6E20667247
:1095F8006F6D203078257820746F20307825782E8C
:10960800000000004D6178696D756D2052414D2054
:1096180073697A6520666F72206170706C69636126
:1096280074696F6E20697320307825782E000000E9
:1096380073645F626C655F656E61626C6528292082
:1096480072657475726E65642025732E00000000C3
:109658006E72665F7364685F626C6500536F432067
:109668006576656E743A20307825782E0000000003
:109678002F55736572732F616C657862616C6477BE
:10968800696E2F4465736B746F702F4F70656E4EE3
:10969800657276652D436861726765722F466972D7
:1096A8006D776172652F536F757263652D436F64B3
:1096B800652F7372632F636F72655F6C6179657272
:1096C8002F73646B2F6E7266352F6E5246355F535B
:1096D800444B5F31372E312E305F64646465353614
:1096E800302F636F6D706F6E656E74732F736F6656
:1096F800746465766963652F636F6D6D6F6E2F6E29
:1097080072665F7364685F736F632E6300000000A6
:109718006E72665F7364685F736F6300426C655353
:10972800746174654D616368696E6500426C654972
:10973800646C650054696D656F75742074696D6536
:109748007220657870697265642E0000426C6554F9
:10975800696D656F757454696D65720053746172D3
:1097680074696E672074696D656F75742074696DAE
:1097780065722E0053746F7070696E672074696D1E
:10978800656F75742074696D65722E0053746F70FF
:1097980070696E67207363616E2E00005363616E9B
:1097A8002074696D6564206F75742E0046696C7449
:1097B8006572206D617463682E00000057686974D3
:1097C800656C69737420616476207265706F727459
:1097D8002E000000426C65537562737974656D3AAA
:1097E80020496E697469616C697A6564200A0000B1
:1097F800426C6500504D43205374617465204D617F
:109808006368696E653A204368617267696E6720AC
:109818004261747465727920456E7472790A000029
:10982800504D43205374617465204D616368696EBF
:10983800653A5374617465204368617267696E673D
:10984800204261747465727920446973706174632D
:10985800684576656E740A00504D432053746174F0
:1098680065204D616368696E653A20496E76616C62
:109878006964204576656E740A000000504D4320E7
:109888005374617465204D616368696E653A205050
:10989800696E6720506F72740A000000504D4320B3
:1098A8005374617465204D616368696E652043680F
:1098B800617267696E67204261747465727920739A
:1098C800746174653A2042617474657279205374C6
:1098D800617274204368617267696E670A000000EC
:1098E800504D43205374617465204D616368696EFF
:1098F80065204368617267696E67204261747465A8
:1099080072792073746174653A2042617474657267
:10991800792046756C6C20436861726765640A003B
:10992800504D43205374617465204D616368696EBE
:1099380065204368617267696E6720426174746567
:1099480072792073746174653A2042617474657227
:1099580079204368617267696E670A00504D432039
:109968005374617465204D616368696E652043684E
:10997800617267696E6720426174746572792073D9
:10998800746174653A20426174746572792050720A
:109998006573656E7420496E64696361746F720AD9
:1099A80000000000504D43205374617465204D61E0
:1099B8006368696E65204368617267696E672042F3
:1099C8006174746572792073746174653A20504DBE
:1099D80043204661756C7420436F6E646974696FC7
:1099E8006E0A00002F55736572732F616C6578627B
:1099F800616C6477696E2F4465736B746F702F4F59
:109A080070656E4E657276652D4368617267657222
:109A18002F4669726D776172652F536F7572636532
:109A28002D436F64652F7372632F73657276696354
:109A3800655F6C617965722F706D632F73746174E3
:109A4800655F6D616368696E652F7376635F706DBE
:109A5800635F73746174655F6368617267696E6779
:109A68005F626174746572792E6370700000000023
:109A7800504D43205374617465204D616368696E6D
:109A8800653A204368617267696E67204261747441
:109A980065727920457869740A000000504D4320AA
:109AA8005374617465204D616368696E653A204539
:109AB8006E61626C6520456E7472790A0000000060
:109AC800504D43205374617465204D616368696E1D
:109AD800653A5374617465456E61626C65204469CA
:109AE8007370617463684576656E740A00000000DF
:109AF800504D43205374617465204D616368696EED
:109B08006520456E61626C652073746174653A20E6
:109B1800504D43204661756C7420436F6E646974C0
:109B2800696F6E0A000000002F55736572732F610C
:109B38006C657862616C6477696E2F4465736B74C9
:109B48006F702F4F70656E4E657276652D43686134
:109B5800726765722F4669726D776172652F536FF0
:109B6800757263652D436F64652F7372632F736518
:109B780072766963655F6C617965722F706D632FAA
:109B880073746174655F6D616368696E652F737660
:109B9800635F706D635F73746174655F656E616246
:109BA8006C652E6370700000504D432053746174CF
:109BB80065204D616368696E653A20456E61626C27
:109BC8006520457869740A00504D432053746174C8
:109BD80065204D616368696E653A2049646C65204B
:109BE800456E7472790A0000504D432053746174B5
:109BF80065204D616368696E653A2049646C65202B
:109C0800457869740A000000504D4320537461740C
:109C180065204D616368696E653A2049646C65200A
:109C280044697370617463684576656E740A0000F0
:109C3800504D43205374617465204D616368696EAB
:109C4800653A20496E697469616C697A650A000031
:109C58002F55736572732F616C657862616C6477D8
:109C6800696E2F4465736B746F702F4F70656E4EFD
:109C7800657276652D436861726765722F466972F1
:109C88006D776172652F536F757263652D436F64CD
:109C9800652F7372632F736572766963655F6C6194
:109CA8007965722F706D632F73746174655F6D6170
:109CB8006368696E652F7376635F706D635F737435
:109CC8006174655F69646C652E63707000000000E4
:109CD800504D430049646C6500000000456E6162A8
:109CE8006C6500004368617267696E672042617441
:109CF8007465727900000000504D43204D616E611B
:109D08006765723A20436F6E6669674770696F735B
:109D18000A000000504D43204D616E616765723A3C
:109D280020496E69740A0000504D43204D616E61F0
:109D38006765723A20456E61626C65566363526569
:109D480067756C61746F720A00000000504D432003
:109D58004D616E616765723A2044697361626C6532
:109D6800566363526567756C61746F720A00000010
:109D7800504D43204D616E616765723A20456E61B2
:109D8800626C654261747465727943686172676573
:109D9800720A0000504D43204D616E616765723A4A
:109DA8002044697361626C654261747465727943B9
:109DB8006861726765720A00504D43204D616E619B
:109DC8006765723A204765744261747465727956A2
:109DD8006F6C746167650A00504D43204D616E6178
:109DE8006765723A2052656164426174746572797C
:109DF8004368617267657250726573656E74496E07
:109E080064696361746F720A00000000504D43205A
:109E18004D616E616765723A205265616442617492
:109E280074657279436861726765496E64696361D4
:109E3800746F7250696E0A00504D43204D616E6117
:109E48006765723A2052656164426174746572791B
:109E580046617374436861726765496E64696361DA
:109E6800746F720A00000000504D4320506F7274E6
:109E78003A20457865637574654576656E740A00A1
:109E8800575054205374617465204D616368696E3E
:109E9800653A204368617267696E6720457869741E
:109EA8000A000000575054205374617465204D61B6
:109EB8006368696E653A204368617267696E6720F6
:109EC800456E7472790A00005750542053746174B7
:109ED80065204D616368696E653A537461746543C2
:109EE80068617267696E672044697370617463683A
:109EF8004576656E740A0000575054205374617497
:109F080065204D616368696E653A20496E76616CBB
:109F18006964204576656E740A0000005750542025
:109F28005374617465204D616368696E653A2050A9
:109F3800696E6720506F72740A00000057505420F1
:109F48005374617465204D616368696E653A205782
:109F5800505420506F776572204F6E0A0000000041
:109F6800575054205374617465204D616368696E5D
:109F7800653A2057505420537461727420536361BA
:109F88006E0A0000575054205374617465204D6167
:109F98006368696E6520536C6F77436861726765A3
:109FA8002073746174653A20575054204661756C6B
:109FB8007420436F6E646974696F6E0A0000000054
:109FC800575054205374617465204D616368696EFD
:109FD800653A2042617474657279204368617267DA
:109FE800696E670A0000000057505420537461746A
:109FF80065204D616368696E6520436861726769B1
:10A008006E672073746174653A2057505420536CFE
:10A018006F7720436861726765202D2073657474BB
:10A02800696E67206D696E696D756D20706F7765F3
:10A03800720A0000575054205374617465204D61B2
:10A048006368696E653A2042617474657279204369
:10A058006861726765642028575054207368757466
:10A06800646F776E2076696120617070206C617909
:10A078006572290A00000000575054205374617417
:10A0880065204D616368696E6520536C6F7743681E
:10A09800617267652073746174653A205750542063
:10A0A8005363616E2054696D656F75740A00000012
:10A0B800575054205374617465204D616368696E0C
:10A0C8006520536C6F7743686172676520737461AC
:10A0D80074653A205750542041646A75737420504F
:10A0E8006F7765720A0000005750542053746174EA
:10A0F80065204D616368696E653A2049646C652026
:10A10800456E7472790A0000575054205374617474
:10A1180065204D616368696E653A2049646C652005
:10A12800457869740A0000005750542053746174CC
:10A1380065204D616368696E653A2049646C6520E5
:10A1480044697370617463684576656E740A0000CB
:10A15800575054205374617465204D616368696E6B
:10A16800653A20496E697469616C697A650A00000C
:10A17800575054005465737400000000536C6F7797
:10A1880020436861726765004368617267696E673A
:10A1980000000000575054205374617465204D61CD
:10A1A8006368696E653A20536C6F77204368617203
:10A1B8006765200A000000005750542053746174EA
:10A1C80065204D616368696E653A20536C6F77202E
:10A1D8004368617267650A0057505420537461746C
:10A1E80065204D616368696E6520536C6F774368BD
:10A1F800617267652073746174653A20496E76618F
:10A208006C6964204576656E740A000057505420C6
:10A218005374617465204D616368696E6520536C81
:10A228006F774368617267652073746174653A205B
:10A2380050696E6720506F72740A0000575054209E
:10A248005374617465204D616368696E6520536C51
:10A258006F774368617267652073746174653A202B
:10A2680057505420506F776572204F6E0A000000D7
:10A27800575054205374617465204D616368696E4A
:10A288006520536C6F7743686172676520737461EA
:10A2980074653A20575054205363616E0A000000D9
:10A2A800575054205374617465204D616368696E1A
:10A2B8006520536C6F7743686172676520737461BA
:10A2C80074653A205750542053746F70205363615B
:10A2D8006E0A0000575054205374617465204D6114
:10A2E8006368696E653A205465737420456E7472AC
:10A2F800790A0000575054205374617465204D61E9
:10A308006368696E653A205465737420457869748A
:10A318000A000000575054205374617465204D6141
:10A328006368696E653A2054657374204469737074
:10A33800617463684576656E740A0000575054204E
:10A348005374617465204D616368696E653A20577E
:10A3580050542053746F70205363616E0A000000DC
:10A36800575054205374617465204D616368696E59
:10A37800653A2057505420506F776572204F6666B3
:10A388000A000000575054205374617465204D61D1
:10A398006368696E653A20575054204661756C743D
:10A3A80020436F6E646974696F6E0A0057505420B9
:10A3B8004D616E616765723A2053746174757354A8
:10A3C800696D656F75744D6F6E69746F72696E67CC
:10A3D8000A00000057707453746174757354696D82
:10A3E8006572000057707453746174757354696DA5
:10A3F800656F757454696D65720000005770745309
:10A40800746174757354656D7050676F6F64000084
:10A41800575054204D616E616765723A20436F6EE4
:10A428006669674770696F730A00000043616C6C66
:10A4380020612068616C5F646163206D6574686F7A
:10A4480064207468617420636F6E66696720677042
:10A45800696F730A0000000043616C6C206120681A
:10A46800616C5F777074206D6574686F64207468C0
:10A47800617420636F6E666967206770696F730A1D
:10A4880000000000575054204D616E616765723AB4
:10A498002053746F705770745363616E0A00000024
:10A4A800575054204D616E616765723A2047657454
:10A4B80054656D70657261747572650A00000000FC
:10A4C800575054204D616E616765723A2047657434
:10A4D8004368617267655374617475730A0000009C
:10A4E800575054204D616E616765723A205374610C
:10A4F8007475732070696E2076616C75653A2025D5
:10A5080064200A00575054204D616E616765723AA5
:10A5180020537461727453746174757354696D65F2
:10A528006F757454696D65720A00000057505420A5
:10A538004D616E616765723A205374617274537429
:10A54800617475734D6F6E69746F72696E670A0016
:10A55800575054204D616E616765723A20456E61AF
:10A56800626C655770740A00575054204D616E61D3
:10A578006765723A2053746F705374617475734DC4
:10A588006F6E69746F72696E670A000057505420C5
:10A598004D616E616765723A2053746172744970D7
:10A5A8006754656D70657261747572654D6F6E691B
:10A5B800746F72696E6754696D65720A00000000F5
:10A5C800575054204D616E616765723A2053746F1D
:10A5D8007049706754656D70657261747572654D08
:10A5E8006F6E69746F72696E6754696D65720A007F
:10A5F800575054204D616E616765723A2049504743
:10A6080020746865726D616C20726573697374611A
:10A618006E63653A20256400575054204D616E6181
:10A628006765723A2054656D7065726174757265FC
:10A6380020696E746572706F6C6174696F6E2066E4
:10A6480061696C6564202D20706F737369626C6535
:10A65800206C6F6F6B7570207461626C65206F720F
:10A66800646572696E672069737375650000000020
:10A67800575054204D616E616765723A20495047C2
:10A688002054656D7065726174757265202564204B
:10A69800430A0000575054204D616E616765723A55
:10A6A80020437269746963616C204950472074655E
:10A6B8006D70657261747572652064657465637424
:10A6C80065642025642E2530326420430000000094
:10A6D800575054204D616E616765723A2045787411
:10A6E80072656D656C7920637269746963616C2049
:10A6F80074656D70657261747572652064657465E2
:10A70800637465642C2053746F7020706F77657262
:10A71800207472616E736665720000005750542091
:10A728004D616E616765723A204950472054656DE6
:10A738007065726174757265207761726E696E6793
:10A748002025642E253032642043206578636565B2
:10A758006473206D656469756D20746872657368CB
:10A768006F6C64202825642043290000575054202A
:10A778004D616E616765723A2043726974696361FD
:10A788006C2074656D70657261747572652064659E
:10A79800746563746564202C20506175736520703E
:10A7A8006F776572207472616E736665720000005F
:10A7B800575054204D616E616765723A2049504781
:10A7C8002054656D706572617475726520697320B7
:10A7D80061626F766520746865206C6F7720746895
:10A7E800726573686F6C64202825642043292025CE
:10A7F800642E2530326420432E0000005750542028
:10A808004D616E616765723A204950472054656D05
:10A81800706572617475726520697320756E646500
:10A828007220746865206C6F77207468726573682D
:10A838006F6C64202825642043292025642E253048
:10A84800326420432E000000575054204D616E6141
:10A858006765723A204950472054656D706572618A
:10A86800747572652072657475726E656420746F94
:10A878002073616665206C6576656C2C2052657363
:10A88800756D6520706F776572207472616E73667E
:10A8980065720000575054204D616E616765723AC9
:10A8A8002053657450756C7365576964746854688F
:10A8B800726573686F6C64537465700A00000000F9
:10A8C800575054204D616E616765723A2050474F6A
:10A8D8004F44207374617465206D616368696E65A7
:10A8E800207661726961626C657320696E6974694A
:10A8F800616C697A65640000575054204D616E613F
:10A908006765723A2044697361626C655770740AAE
:10A9180000000000575054204D616E616765723A1F
:10A928002050474F4F44207374617475733A202543
:10A93800642C2053746174653A2025642C20506F70
:10A94800776572206C6576656C3A20256400000096
:10A95800575054204D616E616765723A20496E699F
:10A968007469616C697A696E6720706F77657220A7
:10A978006174206D696E696D756D206C6576656CA6
:10A9880020256400575054204D616E616765723A06
:10A998002050474F4F443D312064657465637465AA
:10A9A8006420617420706F776572206C6576656CC1
:10A9B8002025642C2073746162696C697A696E67FA
:10A9C80000000000575054204D616E616765723A6F
:10A9D80020496E6372656173696E6720706F776571
:10A9E8007220746F206C6576656C20256400000009
:10A9F800575054204D616E616765723A2052656107
:10AA080063686564206D6178696D756D20706F7716
:10AA18006572206C6576656C20776974686F7574EB
:10AA28002050474F4F443D310000000057505420FC
:10AA38004D616E616765723A205265736574746919
:10AA48006E6720746F206D696E696D756D20706F0B
:10AA5800776572206C6576656C20256400000000BF
:10AA6800575054204D616E616765723A2050474FC8
:10AA78004F4420737461626C6520666F7220256490
:10AA8800206379636C657320617420706F776572D9
:10AA9800206C6576656C20256400000057505420B2
:10AAA8004D616E616765723A20537461626C65200E
:10AAB80050474F4F442061636869657665642C2070
:10AAC800617474656D7074696E672066696E652D52
:10AAD80074756E696E670000575054204D616E6141
:10AAE8006765723A20537461626C652050474F4F16
:10AAF80044206174206D6178696D756D20706F7781
:10AB08006572206C6576656C000000005750542013
:10AB18004D616E616765723A204E6F207374616291
:10AB28006C65206C6576656C20666F756E642C208C
:10AB380072657374617274696E67000057505420AF
:10AB48004D616E616765723A2050474F4F442074DB
:10AB58006F67676C656420647572696E67206669E3
:10AB68006E652D74756E696E672C20636F756E74D3
:10AB78003A20256400000000575054204D616E6152
:10AB88006765723A20547279696E6720616E6F74D6
:10AB98006865722066696E652D74756E65207374BC
:10ABA80065702C20706F776572206C6576656C20F7
:10ABB80025640000575054204D616E616765723AF4
:10ABC8002046696E652D74756E696E6720666169C9
:10ABD8006C656420616674657220256420617474F4
:10ABE800656D707473000000575054204D616E619C
:10ABF8006765723A20526576657274696E6720746B
:10AC08006F20737461626C6520706F776572206C59
:10AC18006576656C20256400575054204D616E613F
:10AC28006765723A20466F756E6420696D70726F41
:10AC380076656420737461626C65206C6576656CFA
:10AC48002061742025640000575054204D616E61C6
:10AC58006765723A20506F776572206C6576656C0F
:10AC680020256420697320746F6F20686967682CD9
:10AC78002050474F4F4420636F6E73697374656E3D
:10AC8800746C792030000000575054204D616E617B
:10AC98006765723A205265647563696E6720746FE0
:10ACA80020706F776572206C6576656C202564006E
:10ACB800575054204D616E616765723A2053746134
:10ACC80062696C697479206C6F7374206174207088
:10ACD8006F776572206C6576656C202564000000CE
:10ACE800575054204D616E616765723A2053746104
:10ACF800626C65206F7065726174696F6E20617433
:10AD080020706F776572206C6576656C202564000D
:10AD1800575054204D616E616765723A20537461D3
:10AD280074757354656D7050676F6F644D6F6E699D
:10AD3800746F72696E670A00575054204D616E61D6
:10AD48006765723A20496E69740A000057505420AA
:10AD5800506F72743A2045786563757465457665F9
:10AD68006E740A002F55736572732F616C65786273
:10AD7800616C6477696E2F4465736B746F702F4FC5
:10AD880070656E4E657276652D436861726765728F
:10AD98002F4669726D776172652F536F757263659F
:10ADA8002D436F64652F7372632F636F72655F6CD9
:10ADB800617965722F73646B2F6E7266352F6E52D0
:10ADC80046355F53444B5F31372E312E305F646414
:10ADD80064653536302F65787465726E616C2F66E0
:10ADE80072656572746F732F736F757263652F70F8
:10ADF8006F727461626C652F4D656D4D616E672F62
:10AE0800686561705F312E63000000002F5573651F
:10AE180072732F616C657862616C6477696E2F4418
:10AE280065736B746F702F4F70656E4E65727665C3
:10AE38002D436861726765722F4669726D7761721A
:10AE4800652F536F757263652D436F64652F737239
:10AE5800632F636F72655F6C617965722F73646BC2
:10AE68002F6E7266352F6E5246355F53444B5F31F5
:10AE7800372E312E305F646464653536302F65783F
:10AE88007465726E616C2F6672656572746F732F6C
:10AE9800706F727461626C652F434D5349532F6E06
:10AEA800726635322F706F72745F636D7369732EBB
:10AEB800630000002F55736572732F616C657862AB
:10AEC800616C6477696E2F4465736B746F702F4F74
:10AED80070656E4E657276652D436861726765723E
:10AEE8002F4669726D776172652F536F757263654E
:10AEF8002D436F64652F7372632F636F72655F6C88
:10AF0800617965722F73646B2F6E7266352F6E527E
:10AF180046355F53444B5F31372E312E305F6464C2
:10AF280064653536302F65787465726E616C2F668E
:10AF380072656572746F732F736F757263652F71A5
:10AF4800756575652E6300002F55736572732F61E3
:10AF58006C657862616C6477696E2F4465736B7495
:10AF68006F702F4F70656E4E657276652D43686100
:10AF7800726765722F4669726D776172652F536FBC
:10AF8800757263652D436F64652F7372632F636FEA
:10AF980072655F6C617965722F73646B2F6E726670
:10AFA800352F6E5246355F53444B5F31372E312E65
:10AFB800305F646464653536302F65787465726E09
:10AFC800616C2F6672656572746F732F736F75721B
:10AFD80063652F7461736B732E63000049444C459D
:10AFE80000000000546D7251000000002F55736579
:10AFF80072732F616C657862616C6477696E2F4437
:10B0080065736B746F702F4F70656E4E65727665E1
:10B018002D436861726765722F4669726D77617238
:10B02800652F536F757263652D436F64652F737257
:10B03800632F636F72655F6C617965722F73646BE0
:10B048002F6E7266352F6E5246355F53444B5F3113
:10B05800372E312E305F646464653536302F65785D
:10B068007465726E616C2F6672656572746F732F8A
:10B07800736F757263652F74696D6572732E6300E3
:10B08800546D722053766300000000000000000039
:10B09800497702000000000000000000D977020094
:10B0A8002D78020057780200000000000000000020
:10B0B800DD780200D97802002D7902000000000036
:10B0C8000000000061790200F57902007D79020034
:10B0D8000000000000000000277A0200117A020038
:10B0E800677A02000000000000000000137B0200E5
:10B0F800497B0200157B02000000000000000000F0
:10B10800577B020000000000000000000000000063
:10B118000000000000000000F1800200F38002003F
:10B12800000000000000000000000000F5800200A0
:10B13800010006005A62020001010000030002003B
:10B1480000000000000000000000000000000000F7
:10B158000000000000000000D986020033870200CA
:10B168000F0000010001020304050608090A0B008C
:10B1780000000002010000000B00000000000000B9
:10B18800290000002800000008000000000000005E
:10B1980000000000000000000338FDD870470000E0
:10B1A8000E00000001000000010000000000000087
:10B1B80000000000000000000EFFFFFF0600000076
:10B1C800140000000001020304050600000000004E
:10B1D80000300040000000000100000001000000F5
:10B1E8000040004001000000010000000080004015
:10B1F80000040000009000400104000000A000408E
:10B208000204000000A001400306000000B0014055
:10B218000406000000000306000000002E310100B3
:10B22800010200002E3101000101000000000000B1
:10B23800010000000100FFFF000000000100000005
:10B248000100010044B203000100010040B2030004
:10B2580059B90200D19F020099BA020059C90200E7
:10B26800A1A30200F59F02007365635F6B657973A4
:10B2780065745F66696C6C00FFFFFFFF0006FF00E6
:10B2880000000040000000000000005000030050D3
:10B2980035E6020049E602005DE602000000FFFF15
:10B2A800DEC0ADDEFE011EF1DEC0ADDEFF011EF127
:10B2B800588203009882030000000000F482030013
:10B2C800408303008C83030000000000000000009E
:10B2D800D8830300F08303005C840300C884030060
:10B2E8000C850300508503000000000000000000EA
:10B2F8005882030094850300F085030078860300D4
:10B308000000000000000000000000000000000035
:10B31800AC860300E08603003031323334353637EB
:10B3280038394142434445466E72665F6673746FAE
:10B33800726167655F657261736500006E72665F52
:10B348006673746F726167655F7772697465000010
:10B3580000000000048C030001000000108C0300B2
:10B3680002000000308C030003000000548C03002E
:10B3780004000000688C0300050000007C8C0300BA
:10B3880006000000908C030007000000A88C030052
:10B3980008000000C08C030009000000D88C0300DE
:10B3A8000A000000F48C03000B0000000C8D030061
:10B3B8000C000000248D03000D000000388D0300F0
:10B3C8000E0000004C8D03000F0000005C8D030090
:10B3D80010000000708D030011000000888D03002C
:10B3E80012000000988D030013000000B08D0300C8
:10B3F80080000000C48D030081000000E88D030078
:10B4080082000000048E030083000000208E0300E9
:10B4180084000000408E030085000000648E030055
:10B42800860000008C8E030090000000A48E0300AC
:10B4380091000000C48E030092000000E48E030017
:10B4480000820000FC8E0300018200001C8F0300B4
:10B4580002820000388F030000840000548F03002C
:10B4680001840000788F030002840000A48F030089
:10B4780003840000CC8F0300556E6B6E6F776E20CF
:10B488006572726F7220636F6465000000000000CF
:10B4980000000000000000000338FDD870470000DD
:10B4A800850D0300830D0300810D03006451002006
:10B4B8007F0000004C51002088910300B8910300E0
:10B4C80068910300C0910300C8910300D091030064
:10B4D800D8910300E0910300E89103000000000008
:10B4E800E8830300F0910300F89103000092030041
:10B4F800EC610300FC61030008000000DC6103004C
:10B50800EC61030008000000D4610300DC61030063
:10B518000800000001000007A4610300D4610300D3
:10B528000800000094610300A46103000800000003
:10B538000000000000000000932003009520030095
:10B54800972003000000000000000000C72003004F
:10B55800F9200300CF2003000000000000000000D5
:10B56800F580020000000000000000001D24030018
:10B578000000000000000000F9240300F925030082
:10B588002525030000000000000000002526030018
:10B59800ED26030051260300000000000000000013
:10B5A800192703003D27030061270300000000005E
:10B5B80000000000F5800200030002000000000007
:10B5C80000000000052C030000000000000000003F
:10B5D800F92C0300D52C0300252D030000000000E2
:10B5E800000000004D2E0300712E0300952E03006D
:10B5F8000000000000000000F580020000000000CC
:10B6080000000000F92F0300D52F030025300300A8
:10B61800000000000000000015310300393103006C
:10B628005D3103000700000000000000000000007A
:10B638000300000000000000000000002F000000D0
:10B6480001000000010000000300000000000000ED
:10B658000000000014000000C0ED01001900000007
:10B66800A08601001E000000E63601002800000048
:10B6780078C8000032000000FE83000000000000CF
:10B6880000000000C53C0300EDAF16204A623040C0
:10B6980029BD56B31544E9BF77900D9CFE0B88C0B1
:10B6A8007E2615FA838073400FCE674B80D541C044
:10B6B800C4B60300F4B70300C8B603004300000093
:10B6C800BF590300DF590300EB590300F759030082
:10B6D800175A0300235A03008B59030057590300D4
:10B6E80053756E004D6F6E005475650057656400A4
:10B6F800546875004672690053617400004A616EAF
:10B7080000466562004D617200417072004D6179BA
:10B71800004A756E004A756C004175670053657084
:10B72800004F6374004E6F760044656300002E007E
:10B738000053756E646179004D6F6E6461790054D1
:10B74800756573646179005765646E6573646179C2
:10B75800005468757273646179004672696461792E
:10B7680000536174757264617900004A616E756195
:10B778007279004665627275617279004D61726313
:10B788006800417072696C004D6179004A756E6598
:10B79800004A756C7900417567757374005365705C
:10B7A80074656D626572004F63746F626572004EF6
:10B7B8006F76656D62657200446563656D6265727A
:10B7C8000000414D00504D0000256D2F25642F25A8
:10B7D800790025483A254D3A2553002561202562F0
:10B7E80020256520255420255900000036B7030080
:10B7F80038B7030038B7030038B7030038B7030079
:10B8080038B7030038B7030038B7030038B7030068
:10B8180038B70300FFFFFFFFFFFFFFFFFFFFFFFF3A
:10B82800FFFF000039B70300E8B6030073B7030051
:10B8380005B70300CAB70300D1B70300DAB703009E
:10B84800E3B703002020202020202020206828287B
:10B8580028282020202020202020202020202020D0
:10B868002020202048101010101010101010101058
:10B878001010101084848484848484848484101038
:10B888001010101010818181818181010101010155
:10B898000101010101010101010101010101011081
:10B8A800101010101082828282828202020202022A
:10B8B8000202020202020202020202020202021052
:10B8C8001010102000070320041702010857104029
:10B8D800805F5F6378615F67756172645F616371E0
:10B8E8007569726520646574656374656420726542
:10B8F8006375727369766520696E697469616C69CC
:07B908007A6174696F6E00A3
:10B910000100000005010000070000000090D003B6
:10B92000181818181818181818000000000000003F
:10B93000FF00000010270000B8B60300B8B60300EF
:0CB94000B8B60300B8B60300B8B60300A8
:04000003200072194E
:00000001FF
