:020000022000DC
:107000000000042019720200017202003DFA020021
:1070100005720200077202000972020000000000FF
:10702000000000000000000000000000393D0300E7
:107030000D72020000000000593D030011720200B1
:10704000A9CD02001372020065D4020045E50200DA
:1070500059E502001372020089D3020015DC020018
:107060002DE8020045E802005DE80200137202000C
:1070700013720200137202001372020013720200F4
:1070800013720200A13F0300137202001372020088
:107090001372020013720200691C030013720200D3
:1070A000137202001372020075E802008DE80200FC
:1070B00001DB02001372020000000000000000006B
:1070C0001372020013720200137202006DE50200D7
:1070D0001372020013720200137202001372020094
:1070E000137202001372020013720200000000000B
:1070F0000000000013720200000000001372020082
:10710000000000000000000000000000000000007F
:10711000000000000000000000000000000000006F
:10712000000000000000000000000000000000005F
:10713000000000000000000000000000000000004F
:10714000000000000000000000000000000000003F
:10715000000000000000000000000000000000002F
:10716000000000000000000000000000000000001F
:10717000000000000000000000000000000000000F
:1071800000000000000000000000000000000000FF
:1071900000000000000000000000000000000000EF
:1071A00000000000000000000000000000000000DF
:1071B00000000000000000000000000000000000CF
:1071C00000000000000000000000000000000000BF
:1071D00000000000000000000000000000000000AF
:1071E000000000000000000000000000000000009F
:1071F000000000000000000000000000000000008F
:10720000FEE7FEE7FEE7FEE7FEE7FEE7FEE7FEE756
:10721000FEE7FEE700F002B8FFF7FCBF0F484FF0B3
:107220000701884385460E4880470E48016841F4AF
:1072300070010160BFF34F8FBFF36F8F00F01AB87A
:1072400009480A490A4A884207D0521A05D00378E9
:1072500001300B700131013AF9D170470000042070
:107260000992020088ED00E0D8610300082B00209D
:107270001C2B00203A493B480A1A02D007229143AE
:107280008D46394939480A1A06D00722914381F3BD
:107290000988022282F3148835483649364A00F0BC
:1072A00041F836483649374A00F03CF83648374905
:1072B000374A00F037F837483749384A00F032F893
:1072C00037483849384A00F02DF838483849394AA3
:1072D00000F028F838483949394A00F023F839488D
:1072E0003949002200F036F838483949002200F0C8
:1072F00031F838483849091A0EF0EEFD374A904700
:1073000025482649884205D00268043003B49047D6
:1073100003BCF7E700208646EC4600200021304AF7
:107320009047FEE7884214D0521A12D003460B430E
:1073300013430324234206D1036804300B60043155
:10734000043AF9D17047037801300B700131013AEA
:10735000F9D17047884202D002700130FAE77047D5
:107360000000042000F80320000004200000042096
:10737000F0B603001C2B0020542B0020E473020005
:10738000E473020062600300F0B603001C2B0020CF
:107390001C2B0020EC610300EC610300F86103008A
:1073A000EC610300EC610300EC610300F861030091
:1073B000F8610300EFB6030028B70300542B002048
:1073C000542B0020542B0020DC7E0020DC7E00208B
:1073D000DC7E0020DC7E0020DC8200204172020086
:0473E0002155030030
:1073E40010B5044600F0CAFB22460D21012000F02E
:1073F400CDFD10BD10B5044600F0C0FB22460821A7
:10740400012000F0C3FD10BD10B5044600F0B6FB2A
:1074140022460F21012000F0B9FD10BD10B504462D
:1074240000F0ACFB22460E21012000F0AFFD10BDA0
:1074340008B500F0A3FB00221021012000F0BCFDE0
:1074440008BD08B500F09AFB00221121012000F0CC
:10745400B3FD08BD38B504460346194A43F8142B56
:10746400436000238360C360164B0361164B0360C3
:10747400164D45618061164BC361164B436105622D
:107484004062154B8362154B0362C5620063144B63
:107494004363144BC3620BF075FEA063E56324647D
:1074A400114B6364114BE363A564E464104B2365DF
:1074B400104BA3640BF066FE6065204638BD00BF28
:1074C40018AF0300F86103007CAE030004AF0300AF
:1074D400FC6103009CAE03000C62030088AE030051
:1074E4002C620300B0AE030014620300D8AE0300A4
:1074F4001C620300C4AE0300034600F114020748F3
:10750400026003F12002426003F12C02826003F165
:107514003C02C26048330361704700BF542B002013
:10752400F0B587B0064600F029FB6C46454D0FCDFB
:107534000FC495E8030084E80300434C434BE41A6A
:10754400E408240444F003044149204609F06CFF94
:107554004049204609F068FF9DF800203E49204636
:1075640009F068FF9DF801203C49204609F062FFBC
:107574009DF802203A49204609F05CFF9DF803700B
:107584009DF804303A463749204609F05DFF9DF8DE
:1075940006309DF805203449204609F055FF33494B
:1075A400204609F041FFBDF808203149204609F082
:1075B40041FFBDF80A202F49204609F03BFFBDF8E2
:1075C4000C202D49204609F035FF049A2B4920460A
:1075D40009F030FF2A49204609F026FF059DEAB24A
:1075E4002849204609F026FFC5F3072226492046EC
:1075F40009F020FFC5F307422449204609F01AFF89
:107604001FB1012F09D007B0F0BD0CF0FBFA3246D0
:107614000921022000F0BAFCF5E70CF0F3FA324637
:107624000B21022000F0B2FC0AF08EFE3246062145
:10763400032000F0ABFC32460C21012000F0A6FC34
:10764400E1E700BF7455002030610300E0600300EF
:10765400346203005862030070620300886203000E
:1076640098620300C4620300E86203000C63030031
:1076740020630300386303004C630300606303006A
:107684008463030098630300B0630300CC630300C6
:1076940010B5044600F072FA2046FFF741FF224677
:1076A4000921012000F072FC10BD000010B50AF0A1
:1076B4004BFE0446074A032100F062FC064A0821F7
:1076C400204600F05DFC054A0721204600F058FCE6
:1076D40010BD00BFE573020095760200F973020045
:1076E40010B50CF08FFA0446044A052100F048FC5A
:1076F400034A0D21204600F043FC10BD0D74020026
:107704002174020008B5FFF7D1FFFFF7E9FF00F08D
:107714002DFF1A4B1B68BFF35B8F13F0010F0ED0C4
:10772400174B1B68BFF35B8F13F0010F16D001F0EA
:10773400ADF901F06FF9014601F0B3FA08BD0F4845
:107744000EF070FC0028EBD000230E4A13210E48E3
:1077540000F0C2FE09480EF079FCE1E708480EF09B
:1077640061FC0028E3D00023084A0D21084800F0FA
:10777400B3FE03480EF06AFCD9E700BF782B002063
:10778400682B0020357402007C2B00204774020013
:107794006C2B002008B50BF0D5F90022032104203E
:1077A40000F0F4FB0748084BC01AC008000407495E
:1077B40040F0030009F038FE01F02CF9012101F03A
:1077C40098FA08BD30610300E0600300E863030039
:1077D40070B50C4646683046FFF78EFE0546A1B2EA
:1077E40003390E290DD8DFE801F0170C0C0C0C1C22
:1077F4000C0C0C0D0C210C082600C168304600F05E
:107804002CFC70BD01F006F9012101F09BFAE96836
:10781400304600F022FCF4E7C168304600F01DFC5D
:10782400EFE7C168304600F018FCEAE7C16830466B
:1078340000F013FCE5E700F0A3FF00F0BBFF002815
:10784400DFD100F09DFF00F0B7FFDAE708B50AF0DA
:107854007BFD00220621032000F098FB0CF0D2F9F6
:1078640000220721022000F091FB01F0D3F800214F
:1078740001F03FFA08BD704708B51048104BC01A14
:10788400C00800040F4940F0030009F0CDFD0AF0E0
:107894005BFD00220221032000F078FB0CF0B2F91A
:1078A40000220221084600F071FB0BF04BF9002284
:1078B4000221042000F06AFB08BD00BF3061030010
:1078C400E06003000464030038B50C4645682846AC
:1078D400FFF712FEA1B20D290BD011290DD100F032
:1078E4004FFF00F067FF40B900F04AFF00F064FF6B
:1078F40003E0C168284600F0B0FB38BD08B50AF0C3
:1079040023FD00220421032000F040FB01F082F853
:10791400012101F0DAF908BDF8B504460F464668BE
:107924003046FFF7E9FD0546164B174A9B1ADB085C
:107934001B043A46154943F0030009F07BFDB9B234
:1079440009290BD0112911D0082906D1E0680BF0C0
:107954004BFD2969304600F080FBF8BDE0680BF070
:107964002BFD6968304600F078FBF6E700F008FF6D
:1079740000F020FF0028F0D100F002FF00F01CFF0F
:10798400EBE700BF30610300E060030034640300F0
:1079940008B50CF037F900220321022000F0F6FAB2
:1079A40001F038F8002101F090F908BD08B50CF099
:1079B40029F900220721022000F0E8FA01F02AF850
:1079C400002101F0AAF908BD08B50AF0BDFC0022A7
:1079D4000421032000F0DAFA0CF014F900220C213F
:1079E400022000F0D3FA01F015F8012101F095F915
:1079F40008BDF8B505460C4647683846FFF77CFDD8
:107A04000646A1B20839092914D8DFE801F00514A3
:107A1400131313131C1313210AF096FC00220621DE
:107A2400032000F0B3FAE8680BF0DEFCF168384696
:107A340000F013FBF8BDE8680BF0BEFC7168384633
:107A440000F00BFBF6E7C168384600F006FBF1E7EF
:107A540000F096FE00F0AEFE0028EBD100F090FEA0
:107A640000F0AAFEE6E7704738B50C46456828469C
:107A7400FFF742FDA1B210290BD011290DD100F05E
:107A84007FFE00F097FE40B900F07AFE00F094FE0D
:107A940003E08168284600F0E0FA38BD08B500F03C
:107AA400B9FF014601F0FDF808BD38B50C4615468E
:107AB40000F064F82A46214600F6EC1000F0C5FAFE
:107AC40038BD000010B5044600F046FA014B2360AF
:107AD400204610BDECAE030038B5134B1A680132D2
:107AE4001A60124C124BE41AE408240444F0030410
:107AF4001049204609F09EFC0BF044FB05460BF0B0
:107B0400AFFBB5F904200C49204609F093FC0AF0B8
:107B140043FE05460AF05CFFB5F9002007492046FC
:107B240009F088FC38BD00BF882B002030610300B9
:107B3400E06003005C640300706403009464030069
:107B440010B582B0044600F020F904F51960FFF77F
:107B5400B9FF04F6EC10FFF77DFC064B00930123FC
:107B640041F28832044904F6442000F09DFA20468C
:107B740002B010BDDD7A0200B464030008B50A4BFC
:107B84001B68BFF35B8F13F0010F01D0074808BDDA
:107B940005480EF047FA0028F8D00448FFF7D0FF54
:107BA40001480EF053FAF1E78C2B0020902B0020B3
:107BB40010B582B0044600F0A9F9184A0421204601
:107BC40000F0F8F82246012104F5196000F0CCF920
:107BD4000AF0B8FF0AF0D0FF0CF014F80CF02CF8FF
:107BE4000AF0B2FB0AF0CAFB04F6EC1000F049FA02
:107BF40004F6442000F072FA09480A4BC01AC0087F
:107C04000004094B0193002200920123074940F02C
:107C1400030009F031FC02B010BD00BFC4640300CE
:107C240030610300E060030004650300D8640300CE
:107C340008B500F029F908BD032824D8012A06D084
:107C440001290CD0022910D0B1B1072070470129B5
:107C540001D00022F4E700F10E02D2B2F0E700EB0B
:107C640040000A4B1A540020704700EB4000074BB9
:107C740003445A700020704700EB4000034B034458
:107C84009A70002070470720704700BF0836002014
:107C940008B5012200210846FFF7CEFF10B10346C4
:107CA400072812D1072202210120FFF7C5FF03464E
:107CB40008B1072809D1042202210020FFF7BCFFE4
:107CC400034610B1072800D10023184608BD08B5A3
:107CD400012202210020FFF7AFFF10B1034607285D
:107CE40012D1072202210120FFF7A6FF034608B1A3
:107CF400072809D10A2200210846FFF79DFF034601
:107D040010B1072800D10023184608BD08B5038820
:107D1400102B0ED0112B13D10F4A1368013B1360A3
:107D240073B9FFF7D4FF58B10C4B1B6843B19847A4
:107D340006E0094B1B6823B1074A1368013313603B
:107D440008BDFFF7A5FF0028F6D0044B1B68002BE5
:107D5400F2D09847F0E700BF143600201836002010
:107D640010B584B004464FF0FF3201A9D4F8F408EA
:107D74000CF0AAFB0128F6D101980028F3D003687F
:107D84001B68039A02999847EDE738B50446002525
:107D9400C0F8F058C0F8F4585022294600F6F8000C
:107DA4000EF010F94822294604F648100EF00AF99C
:107DB400204638BD10B584B004460B46114600F188
:107DC400F00200F6F80002900192009323464FF46B
:107DD400007209480CF0EEFDC4F8F008002300938B
:107DE40004F6481322460C2114200CF019FAC4F8A6
:107DF400F40804B010BD00BF657D020000B585B075
:107E040001910292039300231A4601A9D0F8F408C1
:107E14000CF046FA05B05DF804FB000000B585B02F
:107E2400019102920393002300936A4601A9D0F8BA
:107E3400F4080CF0EDFA009B43B1064B4FF080526E
:107E44005A6040BFBFF34F8FBFF36F8F05B05DF82B
:107E540004FB00BF00ED00E0034B0360034B0B6029
:107E640080231360704700BF6C4000206C3E0020EC
:107E7400034B0360034B0B604FF4007313607047B4
:107E84001C3E00201C36002008B50CF0D5FDFEE792
:107E940010B50E4C0E4BE41AE40824040D4944F0CA
:107EA400020009F0C1FA4FF40041002009F0A0F8E3
:107EB40008F098FF44F003040749204609F0B4FA97
:107EC4000649204609F0B0FA10BD00BF3061030036
:107ED400E060030014650300346503005465030087
:107EE40008B503E009F036F9034B1870024B1B7810
:107EF400002BF7D108BD00BF1C2B002008B5FFF7ED
:107F0400EFFF08BD08B504F043FD08BD30B589B0E6
:107F1400FFF7F8FFFFF7BCFF0024DCB109B030BD68
:107F240004F01F0343EA4513029300230393012241
:107F3400049205930693079308AB13E903008DE8B5
:107F4400030002AB0FCB00F02FFD0135002DE7D06D
:107F54000134E2E72546F9E7024A02600022027191
:107F640082607047F8AE03004B1EDBB2092B04D8C5
:107F74000171024B43F8210082607047BC4000202D
:107F8400023100EB810042607047000000F1FF3CC9
:107F94005FFA8CFCBCF1090F00D9704708B5054B9A
:107FA40053F8200013460A4601468068FFF726FF6F
:107FB40008BD00BFBC40002000F1FF3C5FFA8CFC10
:107FC400BCF1090F00D9704708B5054B53F82000E0
:107FD40013460A4601468068FFF720FF08BD00BF2C
:107FE400BC40002038B505460C468B1C00EB8303CF
:107FF4005B688BB1002098470E4B0F4AA3EB020C31
:108004004FEADC0C4FEA0C4C2B7922460B494CF01E
:10801400040009F019FA38BD0648074BC01AC00815
:1080240000042B790A46064940F0040009F00CFAD2
:10803400F1E700BF30610300E060030068650300FE
:1080440094650300704770477047406820B108B5D5
:1080540003689B68984708BD704738B504460D46C9
:10806400406803685B6898476368A36065602B6831
:108074001B682846984738BDC068003818BF0120DF
:10808400704710B5044603681B6898472046FFF7FD
:10809400F3FF20B1E368A36063600023E3606068DA
:1080A40003681B68984710BD30B583B00446084682
:1080B40011461A46069B63608902074DA5FB0151D0
:1080C40004F1080501950093002389090DF048F88F
:1080D4002060204603B030BDD34D621030B583B06C
:1080E400056865B10CF0F6FC0246002400942346B2
:1080F400012128460DF060F8204603B030BD012070
:10810400FBE7006850B100B583B00022009213462B
:1081140003210DF051F803B05DF804FB704730B54E
:1081240083B0056865B10CF0DBFC024600240094C2
:108134002346062128460DF03FF8204603B030BD03
:108144000120FBE7006850B100B583B00022009223
:10815400134608210DF030F803B05DF804FB7047B6
:108164007047000010B503681B681878044C013888
:108174002146C0B205F0EAFEB4F9000010BD00BF0C
:10818400EE40002030B589B001900C460178254BB3
:1081940000221A705A709A70DA70022018715A719B
:1081A4009A71D9711A722049204805F009FE58B90C
:1081B400019B187801381B49C0B205F063FE40B931
:1081C40001AB029303AD0EE0194A262106F098FB99
:1081D400EEE7174A272106F093FBF1E702A8FFF721
:1081E400C1FF25F8020B08AB9D42F7D1002303AA77
:1081F40002E032F9021B0B4408A98A42F9D10D4A64
:1082040082FB0312DB17C3EBA2031BB2C3EB031302
:10821400C3EB03139B09238005F0F6FF002009B08C
:1082240030BD00BFE4400020658102001CAF0300A4
:10823400C06503006766666608B5094B1B68BFF333
:108244005B8F13F0010F01D0064808BD04480DF000
:10825400E9FE0028F8D002480DF0F8FEF4E700BF6C
:10826400F4400020F840002030B583B004460025D7
:1082740040F8045B074A00942B4606CA00F0F6FD5A
:108284002022294604F144000DF09CFE204603B050
:1082940030BD00BF20AF030010B51048104BC01A0A
:1082A400C00800040F4940F0030009F0BDF8FFF7CF
:1082B400C3FF0D4C21460D48FFF764FF0AF06CFA2A
:1082C400B4F9003040F2145202FB03F3084A82FB73
:1082D4000312DB17C3EBA213038010BD306103004C
:1082E400E06003001C660300F0400020202B002007
:1082F400D34D621008B5FFF7CFFF08BD08B502786B
:10830400094B1A70094A5A60436843B1996911606C
:108314009B8B9380064B1B680348984708BD034B0F
:1083240000221A609A80F5E704410020FC400020F6
:108334001C4100207047000008B50A480A4BC01AC7
:10834400C0080004094940F0030009F06DF808482A
:1083540002F0BEFC00B908BD064A2E2106F0D0FA90
:10836400F9E700BF30610300E06003003C660300EE
:10837400204100204C66030008B502F0C1FB08BD93
:1083840000B583B009F0C8FB68B90023019301A9C3
:10839400012009F0B7FC58B901A809F081FD60B9C2
:1083A40003B05DF804FB074A3B2106F0A9FAECE7A9
:1083B400044A3F2106F0A4FAEEE7024A422106F0FD
:1083C4009FFAEDE74C660300084B4FF4FA725A80AB
:1083D4004FF47A729A800022DA80197862F382016B
:1083E4001970C9B262F3C401197070470C410020BE
:1083F40000B585B000230093019302930393084BC7
:108404000093084A6946084802F021FC10B905B0F7
:108414005DF804FB054A5C2106F072FAF7E700BF39
:108424000C41002001830200204100204C6603001F
:1084340008B5044B1860FFF7A3FFFFF7C5FFFFF76C
:10844400D7FF08BD1C41002038B50446002313E0C3
:108454001B4B53F825309B6803B1984719481A4BB6
:10846400C01AC00800042246184940F0030008F06E
:10847400E1FF24E00133DBB2154A12789A421ED997
:108484001D460F4A52F82320002AF3D01268A24254
:10849400F0D1204604F062FF0028D9D1084B53F8EC
:1084A40025305B6803B198470648074BC01AC008DB
:1084B40000042246074940F0030008F0BBFF38BD22
:1084C4008C41002030610300E0600300BC660300BF
:1084D40088410020A866030030B583B004460160DB
:1084E40042608360194B1B78022B23D80D46184B2E
:1084F4001B68ADF804301B0C8DF8063003238DF88F
:108504000530144A01A9284604F06AFE68B901211D
:10851400284604F0BDFE0D4A1378591C11700E4A0A
:1085240042F82340204603B030BD0C4A242106F013
:10853400E7F9ECE70A480B4BC01AC0080004032211
:10854400094940F0010008F075FFEBE7884100207D
:1085540028AF03004D8402008C410020D066030044
:1085640030610300E06003003067030008B500F0E9
:10857400E7F908BD10B50446054B0360054B0360DD
:10858400054B1B684360083000F068F8204610BDB6
:1085940034AF030044AF03004CAF03000804034BA3
:1085A400A3FB0030C0F30F30704700BF5917B7D199
:1085B40008B50A430221083000F098F808BD08B550
:1085C40000220321083000F091F808BD08B50A43E1
:1085D4000421083000F08AF808BD08B50A220521F4
:1085E400083000F083F808BD10B50446FFF7F5FF26
:1085F4004FF4704211462046FFF7DAFF2046FFF79A
:10860400DEFF0F2200212046FFF7E0FF10BD022904
:1086140005D0032905D0012905D108207047092078
:1086240070470A2070470720704738B5044615463E
:10863400FFF7EDFF01462A4604F1080000F056F862
:1086440038BD38B504460D461146FFF7A7FF02466C
:1086540029462046FFF7E9FF38BD000030B58FB04A
:108664000446174B844693E80700ACE803002CF853
:10867400022B120C8CF80020012284F84C220DF1FC
:108684001C0E03F10C0CBCE80F00AEE80F009CE8D4
:1086940007008EE8070004F10C05002304930EABD9
:1086A40013E90F008DE80F0007AB0ECB284600F04E
:1086B40075FB284600F066FB20460FB030BD00BFB6
:1086C40050AF030023B90170130A437082707047DE
:1086D400012BF9D141F080010170F5E703780B70AB
:1086E40043784B7083788B707047000010B582B06C
:1086F40004460023415C01A8FFF7E4FF694601A892
:10870400FFF7ECFF00210B2000F02DF9032269464E
:1087140004F10C0000F08EFB044601210B2000F054
:1087240022F90CB902B010BD0548064BC01AC008A6
:108734000004054940F0010008F076FEF2E700BFAE
:1087440030610300E060030054670300BFF34F8F00
:108754000549CA6802F4E062044B1343CB60BFF3DB
:108764004F8F00BFFDE700BF00ED00E00400FA05F5
:108774003CDF70473DDF7047002202707047000005
:1087840008B50A4B1B68BFF35B8F13F0010F01D0D0
:10879400074808BD05480DF045FC0028F8D00448FA
:1087A400FFF7EAFF01480DF051FCF1E79841002082
:1087B4009C4100200078704770B50646164C174B54
:1087C400E41AE408240444F002051549284608F094
:1087D4002BFE4FF0FF310020FFF7CCFF60B9B12131
:1087E4000020FFF7C5FF024668B10E4944F00100BE
:1087F40008F020FE002070BD02460B4944F0010041
:1088040008F018FEF6E7012333700849284608F0FB
:108814000BFEFFF79BFF00BF30610300E060030025
:1088240074670300C0670300A0670300E0670300E8
:1088340010B5044603685A0904D0012A13D14FF62F
:10884400FF7201E04FF0FF3203F01F0322FA03F33B
:1088540013F0010F09D023681F2B0CD903F01F0359
:108864002360064810BD0022EEE705494FF4F67078
:1088740007F0B4F9EFE74FF0A040F3E7000300502E
:10888400FC67030000B583B0019001A8FFF7D0FF97
:10889400D0F81005019BD84000F0010003B05DF84A
:1088A40004FB00B583B0019001A8FFF7C1FF0123C9
:1088B400019A9340C0F80C3503B05DF804FB00B591
:1088C40083B0019001A8FFF7B3FF0123019A9340FD
:1088D400C0F8083503B05DF804FB08B511B9FFF71B
:1088E400E0FF08BDFFF7EBFFFBE770B582B0019036
:1088F4000C4616461D4601A8FFF79AFF44EA4604B3
:1089040044EA85049DF8183044EA03249DF81C3099
:1089140044EA0344019B03F5E07340F8234002B0AA
:1089240070BD00B583B0019001A8FFF781FF019BE2
:1089340003F5E073022240F8232003B05DF804FB42
:1089440008B5054B1B7803B908BD04F007FC024BBE
:1089540000221A70F8E700BF212B002008B5FFF7AA
:1089640091FFC0B208BD08B5FFF7B7FF08BD00000E
:1089740000B5064B01EB410C03EB8C0E43F82C00C5
:10898400CEF804108EF808205DF804FBA041002006
:1089940008B500EB4000034B53F820309847002003
:1089A40008BD00BFA041002084B010B582B004AC63
:1089B40084E80F000446FFF7B4FF9DF820309DF8CB
:1089C4002420019200939DF81C309DF818209DF8F6
:1089D40014102046FFF789FF02B0BDE8104004B030
:1089E400704730B583B004460D4601920A460146ED
:1089F4001846FFF7BDFF29462046FFF7C9FF024688
:108A040001A9204604F0ECFB0121204604F040FCBF
:108A140003B030BD00487047844300206422427094
:108A240000228270014941600272704700C0014017
:108A340008B50248FFF7F2FF08BD00BF84430020D9
:108A440030B58DB00546104C0DF1180CA646BEE8A5
:108A54000F00ACE80F009EE803008CE803008DE8EB
:108A6400030006AB0FCBFFF79FFF0DF10C0C04F1D5
:108A7400180393E807008CE8070000226146281DCC
:108A840004F016FF0DB030BD88AF030008B5064BE7
:108A94001B7803B108BDFFF7BDFFFFF7D1FF024B01
:108AA40001221A70F6E700BF80430020F0B583B0BE
:108AB40007EE903A4B7806EE903AF8EE666A9FED30
:108AC400326A86EE867AF8EEE77A67EE877AFCEE0B
:108AD400E77ACDED017A9DF804509DF8203007EE39
:108AE400903AF8EEE77A67EE877AFCEEE77ACDED16
:108AF400017A9DF804409DF8243007EE903AF8EE90
:108B0400E77A67EE877AFCEEE77ACDED017A9DF895
:108B140004E000210EE048F2070715E048F20707D9
:108B240022E048F2070C10331844184B23F810C005
:108B34000131C9B2072925D80B4604FA01F010F017
:108B4400800FE8D048F20D0702EB420C4FEACC004C
:108B540003EBCC0C0D4E26F81C7005FA03F616F048
:108B6400800FDBD048F20D0703F1080C8444074E54
:108B740026F81C700EFA03FC1CF0800FD1D048F2CA
:108B84000D0CD0E703B0F0BD0000C84290430020B4
:108B940010B582B0062B0BD8DFE803F0040C131ACF
:108BA40021282F000023019300936423FFF77EFF05
:108BB40002B010BD0023019364240094FFF776FFF4
:108BC400F6E76423019300230093FFF76FFFEFE7B9
:108BD4000023019364230093FFF768FFE8E764230D
:108BE400019300240094FFF761FFE1E764230193FC
:108BF40000930023FFF75AFFDAE7642301930093FD
:108C0400FFF754FFD4E7000030B585B005460023D4
:108C140000930193029303930E4B00934823ADF802
:108C2400043003E00121204604F03EFF2C1D2046C1
:108C340004F014FF0028F5D001231A4669462046A3
:108C440004F0B6FE4FF49650034B43F001039847EB
:108C540005B030BD9043002080AF030008B5012368
:108C64008B70FFF7D1FF08BD70B582B005460E4684
:108C740000240194009423462246FFF717FF019431
:108C840000942346012231462846FFF70FFF019442
:108C940000942346022231462846FFF707FF02B01C
:108CA40070BD10B5044600228A70FFF7DDFF204630
:108CB400FFF7AAFF10BD00B583B000230193009312
:108CC400FFF7F4FE03B05DF804FB10B5044664231B
:108CD400437049B1022300220146FFF759FF2146A0
:108CE4002046FFF7BBFF10BD00220146FFF7E3FF5C
:108CF400F5E710B504466423437049B10323002209
:108D04000146FFF745FF21462046FFF7A7FF10BDA8
:108D140000220146FFF7CFFFF5E710B504466423B0
:108D2400437049B1062300220146FFF731FF214673
:108D34002046FFF793FF10BD00220146FFF7BBFF5B
:108D4400F5E7000010B504466423437079B10123AC
:108D54001A460146FFF71CFF21462046FFF77EFF17
:108D64004FF4C850044B43F00103984710BD01224F
:108D74000146FFF7A0FFEFE780AF030008B5FFF758
:108D840057FE08BD08B500231A4600F12C011C301B
:108D940003F000FF00B908BD0120FCE784B070B403
:108DA400844604A880E80E000B9B43B1012B0CD130
:108DB4000CF11C041D4B0FCB84E80F0005E01C4B89
:108DC4000CF11C040FCB84E80F00079ECCF80C6058
:108DD400049DCCF800509DF818308CF80830059CA0
:108DE400CCF804400998CCF81400089ACCF8102068
:108DF4000A99CCF818108CF83960CCF834508CF8F7
:108E040038408CF82D008CF82E108CF82C208CF81F
:108E14002F30FF238CF8313006238CF830300123B7
:108E24008CF84032002070BC04B07047C4AF03001B
:108E3400B4AF030070B584B00546144600F59F76C0
:108E440030460DF08DF8E4B205F13C030096019430
:108E5400029303940022694605F1200005F048FCC2
:108E640008B904B070BD0120FBE7000010B582B062
:108E74008646684680E8060003C88EE80500CEF8FA
:108E840008300EF1180C0E4C0FCCACE80F000FCCD0
:108E9400ACE80F0094E803008CE80300049BCEF8D0
:108EA40014309DF8053003330EF10C020EEBC303AE
:108EB40093E8030082E80300704602B010BD00BFCF
:108EC400D4AF030008B500212F20FFF74CFD08BDE7
:108ED40008B501212F20FFF746FD08BD70470C207F
:108EE4007047000008B541F28733994234DC41F2FF
:108EF400883303FB01F05B1A90FBF3F007EE900A52
:108F0400F8EEE77A17EE900A0CF0CAFF18A3D3E93B
:108F140000230CF0ABFE41EC100B0CF043FB51ECC6
:108F2400100B0CF085FF0F4B03FB00F00E4A82FB85
:108F34000031C317C3EBA11303F698530B4890FBFE
:108F4400F3F0A0F58520A0F2FE2082FB0032C017CA
:108F5400C0EBA21000B208BD6FF48870FBE700BF3D
:108F6400AFF30080A68C0400D34D621090F0D73D7F
:108F7400000000000088B34070B50546FFF75CF9B7
:108F8400074E31460748FFF7FDF80AF0FBF80446A0
:108F9400B6F9001041802846FFF7A4FFA08070BDF9
:108FA40020440020242B002008B5FFF7E5FF08BD6E
:108FB4000020704708B540F2DC520321FFF741FB63
:108FC40008BD08B500220221FFF73BFB08BD08B528
:108FD4000A460121FFF735FB08BD08B50C2904D961
:108FE4004FF4C861FFF7F3FF08BD01EB810101EB0A
:108FF4008101890001F5C87189B2FFF7E8FFF3E741
:1090040008B564220021FFF71CFB08BD10B5044617
:10901400FFF7D0FF2046FFF7D4FF4FF4C871204676
:10902400FFF7D5FF2046FFF7EBFF10BD08B5FFF7AC
:10903400DBFA08BD30B583B00446FFF79BFA202560
:109044002A46002104F516700CF0BCFF2A460021C4
:1090540004F51E700CF0B6FF0025A4F89852A4F88D
:109064009A520C4A00942B4606CA04F52770FFF75F
:10907400FDFE094A00942B4606CA04F53770FFF733
:10908400F5FE2046FFF7D2FF2046FFF7BFFF20463C
:1090940003B030BD0CB0030004B00300BFF34F8F26
:1090A4000549CA6802F4E062044B1343CB60BFF382
:1090B4004F8F00BFFDE700BF00ED00E00400FA059C
:1090C4004FF08053D3F83031082B01D00020704783
:1090D400012070474FF08053D3F83031082B01D072
:1090E40000207047012070474FF08053D3F830219F
:1090F400D3F83431082A01D000207047002B04D85B
:10910400DFE803F0010001207047002070474FF0B2
:109114008053D3F83021D3F83431082A01D0002009
:109124007047002B04D8DFE803F0010001207047EA
:10913400002070474FF08053D3F83021D3F83431F6
:10914400082A01D000207047002B04D8DFE803F080
:10915400010001207047002070474FF08053D3F87E
:109164003021D3F83431082A01D000207047002B75
:1091740004D8DFE803F001000120704700207047A5
:109184004FF08053D3F83031082B01D000207047C2
:10919400012070474FF08053D3F83021D3F8343195
:1091A400082A01D000207047032B01D80020704703
:1091B4000120704708B5FFF7EDFF38B14FF01023D9
:1091C400D3F808224FF08043C3F8582508BD0000A7
:1091D400024BD3F80034002BFAD0704700E0014072
:1091E40008B5034BC3F80405FFF7F2FF08BD00BF41
:1091F40000E00140014B024A1A607047282B00200E
:109204000090D00338B5FFF75BFF40B14FF08043C7
:109214000022C3F80C21C3F81021C3F83825FFF746
:1092240059FF002846D04FF08052D2F80414554B11
:10923400C3F82015D2F80814C3F82415D2F80C1476
:10924400C3F82815D2F81014C3F82C15D2F8141446
:10925400C3F83015D2F81814C3F83415D2F81C1416
:10926400C3F84015D2F82014C3F84415D2F82414D6
:10927400C3F84815D2F82814C3F84C15D2F82C14A6
:10928400C3F85015D2F83014C3F85415D2F8341476
:10929400C3F86015D2F83814C3F86415D2F83C1436
:1092A400C3F86815D2F84014C3F86C15D2F84424F6
:1092B400C3F87025FFF718FF18B1334B334AC3F8CE
:1092C4008C26FFF724FF18B1314BFB22C3F8182575
:1092D400FFF730FF70B14FF08041D1F8E43E23F046
:1092E4000F034FF08052D2F8582202F00F021343BA
:1092F400C1F8E43EFFF731FF20B1264B4FF4007272
:10930400C3F84026FFF73CFF60B14FF08043D3F829
:10931400003413F0010F05D04FF080436FF00102C9
:10932400C3F800241C4AD2F8883043F47003C2F80E
:109334008830BFF34F8FBFF36F8FFFF73BFF4FF0C2
:109344001023D3F80032002B08DB4FF01023D3F89E
:109354000432002B02DBFFF74DFF38BD0120FFF77D
:109364003FFF4FF010241225C4F80052FFF730FFDE
:10937400C4F80452FFF72CFF0020FFF731FFFFF77A
:109384008DFE00BF00C00040005000404881030033
:1093940000F000400090024000ED00E048B300B54A
:1093A400864642B34FF0000C06E01EF80C00604401
:1093B40080B201301FFA80FC0CF10100884207DA08
:1093C40010886045F1D80EEB0C0040789842ECD13F
:1093D4008C4512D20CF102039BB21EF80C0078B13A
:1093E400013880B250B103EB000C61450ADB1380F5
:1093F40004E000207047002000E000205DF804FB3A
:109404000020FBE70020F9E770B582B00023ADF837
:109414000630DAB10446164609230DF10602FFF7B9
:10942400BDFF0546BDF806301C448BB198B13046EB
:109434000CF07FFDA84201D000200AE02A46214614
:1094440030460CF053FD40B1002002E0002000E063
:10945400002002B070BD0020FBE70120F9E7000006
:1094640000230BB10020704703EB8302054931F858
:109474002220824201D00133F3E703EB830301EBA3
:10948400830070474844002030B5B0F804C002EBB4
:109494000C04944594BFACEB0C0CACEB020CC288EE
:1094A4009D189A4294BF921AD21A4B88B0F800E0E1
:1094B40073450ED3408883420DD88B8863450CD303
:1094C400A3420CD8CB8893420BD3AB420BD80120D8
:1094D40000E0002030BD0020FCE70020FAE7002077
:1094E400F8E70020F6E70020F4E7000008B5024B97
:1094F4009B6903B1984708BD2C44002010B58088AF
:10950400FFF7AEFF38B10446406805F0E7FA18B932
:109514004FF6FF73238010BDFFF7E8FFF8E7000064
:1095240000B583B002460B46497A69B9197A41B944
:109534000D494968586805F079FA88B1FFF7D6FFF4
:109544000EE009498968F5E700211972064B5B6949
:1095540033B101218DF80410ADF8060001A8984735
:1095640003B05DF804FB00BF2C44002070B5C37B3E
:109574008688012B1DD104464FF6FF70FFF770FF5C
:109584000546B8B10680002303720F4B03CBC5F820
:109594000A00C5F80E104FF6FF7340F2F31204F1FF
:1095A400100105F10A00FFF76FFF6872074BDB89B2
:1095B40023B170BD0420FFF799FFFAE7294630462E
:1095C400FFF7AEFFF5E700BF244400202C44002041
:1095D40070B5044686883046FFF742FF70B10546F1
:1095E4004FF6FF7340F2F31204F108010A30FFF75B
:1095F4004BFF687229463046FFF792FF70BD0000AA
:10960400C288124BDB899A4200D0704770B5044679
:10961400038A022B00D070BD85882846FFF720FFFF
:1096240006460028F7D004F1120000F0C9F920B171
:1096340031462846FFF774FFEDE7706805F04EFAEF
:109644000028E8D0FFF752FFE5E700BF2C440020D4
:1096540008B50388122B0FD006D8102B09D0112B74
:1096640009D1FFF74BFF06E0502B04D1FFF7C8FFE9
:1096740001E0FFF77BFF08BDFFF7AAFFFBE700004F
:1096840008B50146014806F065FB08BD5C440020AE
:10969400F0B583B00190B9B116460F46019D85B966
:1096A400284603B0F0BD0134132CF9D8214601A893
:1096B40006F050FB0028F6D03146A0B2B847013579
:1096C400F1E700242546EFE70025E9E7132801D94F
:1096D4000020704738B50446054D0146284606F07B
:1096E40012FB2146281F06F00EFB012038BD00BFE7
:1096F4006444002038B50546002407E0054800EB23
:1097040084002946043006F018FB01341D2CF5D9D9
:1097140038BD00BF5C44002008B50146014806F08E
:109724000CFB08BD6444002008B512B106F0EBFA46
:1097340008BD06F002FBFBE730B583B00546019196
:1097440000230360019B93B9284603B030BD013464
:10975400132CF9D8214601A806F0FCFA0028F6D00B
:109764002B685A1C2A6005EB43039C80EFE7002416
:10977400EEE7000010B598B0134A9368DB431793E3
:10978400516817A806F04EFB17996846FFF7D4FFF7
:109794000DF1300C6C460FCCACE80F000FCCACE8EC
:1097A4000F0094E807008CE80700002407E018ABDA
:1097B40003EB440333F82C0CFFF79CFF01340C9BA0
:1097C400A342F4D818B010BD5C44002070B5044620
:1097D40085880388103B0A2B1ED8DFE803F0061A9D
:1097E4001D1D1D1D1D1D1D3B1E00FFF7C3FF28462B
:1097F400FFF76CFF38B1E37B022B0DD129461B48E0
:1098040006F081FA08E01A4AF021042005F078F8FD
:1098140002E02846FFF780FF70BD027A1609154C56
:109824003F2A94BF0022012229462046FFF77CFFED
:10983400022E94BF002201222946201FFFF774FF45
:10984400012E94BF002201222946A4F10800FFF74B
:109854006BFFE1E7037A002BDED1427AC2F3C00248
:1098640029460448FFF760FFD6E700BF684400209C
:109874004C68030074440020132801D90020704769
:1098840008B50146014806F065FA08BD60440020A9
:1098940010B50446FFF7F0FF08B9002010BD2146BB
:1098A400034806F057FA08B90120F7E70220F5E764
:1098B4006844002010B50446FFF7DEFF08B9002015
:1098C40010BD2146034806F045FA08B90120F7E720
:1098D4000220F5E76444002010B50446FFF7CCFFEE
:1098E40000B910BD2146024806F034FAF9E700BF7A
:1098F4006C44002010B50446FFF7BEFF00B910BD4C
:109904002146024806F026FAF9E700BF7044002019
:1099140010B50446FFF7B0FF00B910BD2146024858
:1099240006F018FAF9E700BF7444002038B505467C
:109934000C460846FFF7A4FE08B9002038BD2846A7
:10994400FFF79AFF0028F8D00634044800EB84009F
:109954002946043006F0FEF9F0E700BF5C4400201D
:1099640070B506460C4615460846FFF789FE00B951
:1099740070BD3046FFF780FF0028F9D00634044854
:1099840000EB84002A4631460430FFF7CDFEEFE7B2
:109994005C44002070B504460E461546FFF770FE81
:1099A40008B9002070BDA01D044B03EB8003586868
:1099B4002A463146FFF76CFEF4E700BF5C44002002
:1099C400007800F001007047A0DF7047A1DF704706
:1099D400ADDF7047B3DF7047B4DF70478379012B85
:1099E40001D0002070470379012B01D0002070477B
:1099F400428842F602139A4201D0002070470120A7
:109A0400704738B50446408800F050FEA080002519
:109A140005B138BD204601F01DFF0135F8E700B55A
:109A240087B00023019302930393049305930823BF
:109A34008DF80430ADF80600039101A8FFF7E1FFAB
:109A440007B05DF804FB000070B586B000230193F5
:109A54000293039304930593ADF806004FF6FF7346
:109A640098422ED0044600F0CFFC054611283FD082
:109A740015D8D0B10B2826D110238DF804301D48F9
:109A84001D4BC01AC008000422461C4940F00200C5
:109A940007F0D0FC01A8FFF7B4FF00220CE043F26A
:109AA400020398420FD1002206E00F238DF8043000
:109AB40001A8FFF7A6FF0022114B19782046FFF7F3
:109AC4004FFF06B070BD0B4E0B4BF61AF60836046A
:109AD400284607F0D1F8024623460A4946F0010019
:109AE40007F0B2FC29462046FFF799FF0022E3E77E
:109AF4000122E1E788610300E0600300E8680300F5
:109B0400DD4400206869030008B5FFF79DFF08BD28
:109B140010B5044600F0DAFC00B910BD0122034B75
:109B240019782046FFF71CFFF7E700BFDC4400204C
:109B340010B582B0044600F0B9FD00236A4609213D
:109B440001F0CAF9052801D002B010BD0122034B6F
:109B540019782046FFF704FFF6E700BFDA44002037
:109B640008B500220649074B1878FFF713FF00B128
:109B740008BD00220449054B1878FFF70BFFF7E7EF
:109B8400AD9D0200DE440020C59B0200DA440020A3
:109B940008B500220249034B1878FFF7FBFE08BD05
:109BA400C59E0200DC44002008B500220249034B94
:109BB4001878FFF7EFFE08BD0D9B0200DD4400207E
:109BC40010B582B004460023019342F6A623ADF8F3
:109BD400043001238DF80630084B1B6800936A4655
:109BE40001A9FFF7F1FE08B102B010BD0122044B38
:109BF40019782046FFF7B4FEF6E700BF1CB0030057
:109C0400D944002010B5044638B12368012B09D18A
:109C1400BFF35F8F0023236010BD0549922005F038
:109C2400DDFFF2E70249932005F0D8FFF0E700BF1B
:109C3400BC690300F0B585B006460F460DF10E0071
:109C4400FFF7C8FE10B9012400250DE01A494FF4AE
:109C5400997005F0C3FFF6E7BDF8002042F6021341
:109C64009A421DD00134A4B2BDF80E30A3421FD9CC
:109C74000223ADF804300022ADF80620CDF808D058
:109C840069462046FFF7A8FE034690B9002DE3D1AC
:109C9400BDF8002042F605239A42E3D10125E1E70D
:109CA400029701AA21463046FFF792FE034600E0E0
:109CB4000523184605B0F0BD146A030010B5044628
:109CC40048B10121204606F082F8BFF35F8FB0FA55
:109CD40080F0400910BD0249852005F07FFFF0E7C0
:109CE400BC69030070B586B0054600F0EDFA112892
:109CF40047D0044619D8002846D00B2847D0254E13
:109D0400254BF61AF6083604204606F0B5FF02463F
:109D14002B46224946F0010007F096FB21462846CF
:109D2400FFF77DFE0024224623E0862806D043F276
:109D340002039842E3D1002422461AE00026019649
:109D4400029603960496059607238DF80430ADF821
:109D540006501048104BC01AC00800042A46104987
:109D640040F0020007F066FB01A8FFF74AFE344604
:109D740032460C4909782846FFF7F2FD204606B022
:109D840070BD00240122F4E701240022F1E700243D
:109D94002246EEE788610300E0600300F06A0300F6
:109DA400B86A0300DE44002010B504460648FFF7F5
:109DB40085FF00B910BD2046FFF794FF0028F9D1B4
:109DC4000148FFF71FFFF5E7E044002070B586B0B7
:109DD400044600F08FFB054611280CD8112848D8FA
:109DE400DFE800F0174747474747334728474747C7
:109DF40047474747475D43F20203984252D043F234
:109E04000143984235D12046FFF71EFE002501226A
:109E140022E00023019302930393049305931123F7
:109E24008DF80430ADF8064001A8FFF7EAFD0125DE
:109E34002A4611E001A92046FFF7FCFE28B9BDF827
:109E4400043013B10025012206E0204600F02EFC68
:109E540000F082FB00252A46144B19782046FFF7B0
:109E64007FFD2A46124B19782046FFF779FD06B08C
:109E740070BD104E104BF61AF6083604284606F04C
:109E8400FBFE024623460D4946F0010007F0DCFACA
:109E940029462046FFF7C3FD00250122DCE7002503
:109EA4000122D9E700250122D6E700BFDC440020C7
:109EB400DB44002088610300E0600300306B030092
:109EC40010B50446044B1978FFF730FD00B110BDFE
:109ED4002046FFF77BFFFAE7DB440020037803B159
:109EE400704710B504464088FFF7AEFD6088FFF761
:109EF4000FFE6088FFF71CFEFFF732FE10BD000066
:109F040010B582B00378092B03D0FFF729FE02B005
:109F140010BD0446437A002BF7D1037A072B1DD0DA
:109F2400082B2CD0012BF0D16A460121808801F046
:109F34009DFA0028E9D1019B1B78002BE5D0A0886D
:109F440000F0E8FB4FF6FF739842DED00122104B7D
:109F54001978FFF705FDFFF71BFED6E7808800F0B0
:109F6400D9FB04464FF6FF739842CED00122094B29
:109F74001978FFF7F5FC2046FFF7DAFDC5E7064B35
:109F84001B68012BC1D10448FFF73CFEBDE700BFAD
:109F9400DC440020DE440020E044002030B583B0DF
:109FA40004460D460022009201920123ADF80030D0
:109FB40009238DF80230104B1978FFF7D1FC5DB1FD
:109FC4000E4B0193204600F071FB0022694600F01D
:109FD400F5FF18B903B030BD094BF2E7094C0A4A42
:109FE400A41AE408240406F047FE0246074944F094
:109FF400020007F01FFAEDE7DA44002018B003006E
:10A0040014B0030088610300E0600300706B030078
:10A0140030B587B0044685880388353B1F2B14D898
:10A02400DFE803F0499413131313131313131313D7
:10A034001313131313131313131313131313133BC4
:10A04400131013192846FFF7FFFCFFF7ADFDFFF7C8
:10A054009FFD07B030BD002401940294039404943E
:10A06400059412238DF80430ADF80650284600F00C
:10A074001DFBADF8080000F06FFA22464D4B19782D
:10A084002846FFF76DFC22464B4B19782846FFF70C
:10A0940067FC01A8FFF7B5FCD7E70630FFF79EFC85
:10A0A4000028D2D00122454B19782846FFF758FCE6
:10A0B400FFF756FDC9E7424B19782846FFF736FCEF
:10A0C4000028C2D000223E4B19782846FFF748FCEE
:10A0D400E288B2F5857F10D0A2B96289012A1CD129
:10A0E400A289012A24D03748374BC01AC00800047B
:10A0F400364940F0020007F09DF900212846FFF799
:10A104004DFFA2E72F48304BC01AC0080004304965
:10A1140040F0020007F08EF9EFE72A482A4BC01AF4
:10A12400C00800042B4940F0020007F083F9D7E788
:10A134000022E1892846FFF749FC0028DDD10122ED
:10A14400254B19782846FFF70BFC7EE7224B19783C
:10A154002846FFF7EBFB00283FF477AF00221E4BA5
:10A1640019782846FFF7FCFBE28852B9E289012AF4
:10A1740013D1217C003918BF01212846FFF70EFFB7
:10A1840063E71048104BC01AC0080004104940F09F
:10A19400020007F04FF90021EFE70A480A4BC01A02
:10A1A400C0080004094940F0020007F043F9002107
:10A1B400E3E700BFDB440020DC440020DE44002051
:10A1C400D944002088610300E0600300486C030068
:10A1D400D06B03000C6C0300D8440020AFDF704741
:10A1E400B1DF7047B2DF7047B3DF704738B504465C
:10A1F400808800F08FFA6080002505B138BD2046C4
:10A2040001F02CFB0135F8E730B589B0224B93E817
:10A21400030008AB03E903000BE007238DF80430C7
:10A2240001A8FFF7E3FF35E01C4C208800F045FF50
:10A2340020801A4B18884FF6FF7398422AD00022C8
:10A2440006A900F0BBFE04460028EDD000230193CC
:10A254000293039304930593104B1B88ADF80830C5
:10A26400112817D08628D8D00D4D0E4BED1AED08C5
:10A274002D0406F001FD0246084B1B880A4945F0EF
:10A28400010007F0E1F808238DF80430039401A8D5
:10A29400FFF7ACFF09B030BD28B00300E64400204E
:10A2A40090610300E0600300986C030008B5054B5F
:10A2B4001A884FF6FF739A4200D108BDFFF7A4FF36
:10A2C400FBE700BFE64400202DE9F04784B0824656
:10A2D40000F0ECF94FF6FF73984200F087800746D0
:10A2E400012449E002AA0821384601F0BFF888B9E0
:10A2F400B8F8042003998B889A420DD10631284678
:10A304000BF0F4FD40B90821384601F025F9D8B91D
:10A314000B2607E0052807D13A460821384601F004
:10A3240073F90646002525E0334C344AA41AE408A0
:10A33400240406F0A1FC02465346314944F00100CE
:10A3440007F082F8032653E02B4D2C4AAD1AED0892
:10A354002D0406F091FC03463A462A4945F00100D3
:10A3640007F072F80326DDE701250821384601F0DD
:10A37400F3F818BB002D3BD022460134A4B26B463F
:10A384000821384601F078F8814638BBDDF80480AE
:10A394000323454645F8063B08F104022946504686
:10A3A400FFF720FF064600289CD00C28DCD00528A7
:10A3B40001D00025D9E74E460025D6E70E4E0F4AB8
:10A3C400B61AF608360406F057FC03463A460D4919
:10A3D40046F0010007F038F80326CBE7072802D13E
:10A3E40000250C26C6E706460025C3E743F202060D
:10A3F400304604B0BDE8F08790610300E0600300DC
:10A40400F06C0300286D03002DE9F04182B005468D
:10A4140000F04CF94FF6FF73984205D1032400264F
:10A4240037464FF0010825E06A46082101F01EF87E
:10A4340020B9019B9F1D9E881C68F2E70324002617
:10A444003746EEE726B14FF00008032446460FE0F6
:10A454001B481C4BC01AC00800042A461A4940F085
:10A46400010006F0E7FF4FF00008032000E0112090
:10A474000B281CD12346324639462846FFF7B0FE46
:10A484000428F4D008280CD00B28F1D114F0020FC2
:10A4940009D1002FD6D04FF0000803244646474682
:10A4A400E6E70020E4E74FF000080124E0E7B8F114
:10A4B400000F02D002B0BDE8F0810B20FAE700BF24
:10A4C40090610300E0600300A86D030000B585B04F
:10A4D4000DF10F03029300F0E9F801AA012100F045
:10A4E400C5FF20B9029B187805B05DF804FB002075
:10A4F400FAE7000010B504461348FFF775FE90B163
:10A50400124C134AA41AE408240406F0B5FB0246CC
:10A51400104944F0010006F08DFF032010BD43F202
:10A5240003039842FAD14FF6FF72074B198820466D
:10A53400FFF754FE43F203039842F0D1024A138812
:10A5440001331380EBE700BFE44400209061030073
:10A55400E0600300206E030000B583B084466B46C0
:10A56400064A92E8030083E8030000221946604685
:10A5740000F024FD03B05DF804FB00BF30B003001D
:10A5840046DF704738B50546002405E0044B53F810
:10A594002430284698470134012CF7D938BD00BF30
:10A5A40038B0030000230F2B03D8C25C1AB901335F
:10A5B400F9E7002070470120704778B181B108B5F0
:10A5C40003780A785340012B0CD80622013101305C
:10A5D4000BF08CFCB0FA80F0400908BD00207047F5
:10A5E400002070470020F8E72DE9F04104460D46AD
:10A5F40000F1110701F111081022013101300BF0B3
:10A6040075FC50B90646601CFFF7CCFF30B1681CDE
:10A61400FFF7C8FF10B1012600E0002606F001068E
:10A6240041463846FFF7C9FF637C03F0FE03042B61
:10A634000CD0062B11D06B7C03F0FE03042B0ED040
:10A64400062B01D0012302E0002300E0002300B127
:10A654003BB946B153B1002006E00023F7E70023DD
:10A66400F5E7012000E00020BDE8F0810120FBE7D0
:10A6740070B584B006460D4600F06AFC01AA0DF1DF
:10A684000E01072000F06CFC50B1BDF80E40AC4246
:10A69400F4D002993046FFF7A7FF0028EED001E07E
:10A6A4004FF6FF74204604B070BD000013280DD887
:10A6B40010B50446FFF7E0F828B104EB8404054B19
:10A6C40033F8140010BD4FF6FF70FBE74FF6FF7030
:10A6D400704700BFE8440020132816D838B5044654
:10A6E4000D46FFF7C9F868B104EB8404084B03EB8B
:10A6F4004403D3F802202A60DA881B7AAA80AB715B
:10A70400002038BD43F20200FBE743F20200704729
:10A71400E844002038B505464FF6FF73984216D03A
:10A72400002401E00134A4B2132C0CD804EB8403FC
:10A73400084A32F81330AB42F4D12046FFF79CF8B4
:10A744000028EFD001E04FF6FF74204638BD0446E0
:10A75400FBE700BFE8440020038843B9072B04D873
:10A76400C21892782AB90133F8E700207047012013
:10A7740070470120704738B504460D46FFF7ECFFDB
:10A7840068B122882B889A4208D10822A91CA01CEF
:10A794000BF0ACFBB0FA80F0400900E0002038BDBB
:10A7A40030B585B0054600F0D3FB01AA0DF10E01CA
:10A7B400072000F0D5FB88B1029C04F1460128462D
:10A7C400FFF7D9FF30B904F12A012846FFF7D3FF78
:10A7D4000028EAD0BDF80E0005B030BD4FF6FF707A
:10A7E400FAE70000132804D800EB8000014B23F89B
:10A7F40010107047E844002038B50546FFF78AFF7B
:10A804000446284600F0B2FE40B9132C06D804EBE7
:10A814008404034B4FF6FF7223F8142038BD00BFA5
:10A82400E844002010B58CB0144600230AE0C3F1BC
:10A834000F0C10F80CE003F130020DEB020C0CF8D5
:10A8440030EC01330F2BF2D90023049305930693C4
:10A854008DF81C3007E0C3F10F02C85C30326A4443
:10A8640002F8200C0133022BF5D96846FFF788FE65
:10A87400002307E0C3F10F0230326A4412F8102CAF
:10A88400E2540133022BF5D90CB010BD0346027813
:10A8940002F0FE02042A01D00020704700B585B002
:10A8A4000846B3F80110DA78ADF80C108DF80E20D4
:10A8B4009A889B79ADF804208DF8063002AA01A984
:10A8C400FFF7B0FF032202A903A80BF00FFBB0FAB5
:10A8D40080F0400905B05DF804FB00000388102BEC
:10A8E40072D100B593B00DF11C0E00F1040CBCE85C
:10A8F4000F00AEE80F00BCE80F00AEE80F009CE8C4
:10A9040007008EE807009DF8203003F0FE03062BB5
:10A914001BD14FF6FF71BDF81C202C4B02EB8200BB
:10A9240023F8101003EB40030898C3F80200BDF8A5
:10A9340024C09DF82600A3F806C018724FF6FF73D2
:10A94400994236D113B05DF804FB00F001FB9DF889
:10A9540020305A08032B15D9022A10D102AA0DF16E
:10A964000601072000F0FCFA00B30399013108A89E
:10A97400FFF78CFF0028F1D0BDF80610CBE74FF6A7
:10A98400FF71C8E702AA0DF10601072000F0E8FAFA
:10A9940048B10399113108A8FFF70FFE0028F1D040
:10A9A400BDF80610B7E74FF6FF71B4E74FF6FF7135
:10A9B400B1E7ADF80A20ADF80C1000238DF808308B
:10A9C40002A8FFF7DFFDBDE7704700BFE8440020A1
:10A9D4008ADF70478BDF70478CDF704790F82E302A
:10A9E40043F0040380F82E30A023038650234386CB
:10A9F4000022828690F82E3062F3C40380F82E3051
:10AA0400012380F82F3070474FF4C8734385062321
:10AA140083841823C38400230385704700B587B05B
:10AA240000230193029303930493059306238DF863
:10AA340004300B1D02930B88ADF80C3000F12E038B
:10AA44000593C36B0BB101A8984707B05DF804FBED
:10AA540030B587B0002301930293039304930593C5
:10AA64000B79012B01D007B030BD05460C460C48CC
:10AA74000C4BC01AC00800040B4940F0040006F057
:10AA8400D3FCEB6B002BEED004228DF804202E3582
:10AA9400059522798DF8082001A89847E3E700BFBF
:10AAA40040610300E0600300A06E03002DE9F04163
:10AAB40005460E4691F82070B0F81C80002401E091
:10AAC4000134E4B2BC4209D206EB44124146A869FF
:10AAD400FEF79AFC03460028F2D000E00023184653
:10AAE400BDE8F08190F82E3003F01803082B03D052
:10AAF400182B03D0002070470120704701207047B5
:10AB040008B5FFF767FF08BD2DE9F04186B090F85E
:10AB14002C8090F8233013B906B0BDE8F0810446C8
:10AB24008D1C00F12E0600F12407FFF7E9FF002336
:10AB34000193029303930493059343463A463146A3
:10AB44002846FFF749FF06460D4D0E4BED1AED085A
:10AB54002D0445F004050C49284606F065FC052340
:10AB64008DF80430029632460849284606F062FC05
:10AB7400002ED1D0E36B002BCED001A89847CBE7B1
:10AB840040610300E0600300B86E0300C46E03007C
:10AB940070B586B004460D460023019302930393D7
:10ABA4000493059300F12E030593FFF79BFFC8B9A7
:10ABB40094F8226094F821302BBB002211460295B0
:10ABC400002E3AD0914230D003238DF80430E36B49
:10ABD4000BB101A8984704F160010020FFF7F8FECB
:10ABE40006B070BD02238DF804300295E36B01A812
:10ABF400984704F160010020FFF7EAFE2946204649
:10AC0400FFF782FFECE721462846FFF74FFF034694
:10AC140040B19DF80C2042F001028DF80C20012275
:10AC24001146CCE700220121C9E700238DF8043046
:10AC340029462046FFF768FFC9E7002BC4D000234C
:10AC44008DF8043029462046FFF75EFFBFE7002851
:10AC54003CD038B50D460446C263232200210BF0D4
:10AC6400B1F94DB32B7984F823302B7B84F82C3045
:10AC74002B68CBB1186859689A68C4F82E00C4F8D8
:10AC84003210C4F836209B896387AA6882B104F124
:10AC940024031068516803C304F1400323661F238F
:10ACA400A4F86430002038BD2046FFF797FEECE797
:10ACB4002046FFF7A9FEEFE72046FFF78FFE204668
:10ACC400FFF7A2FE002384F82330E5E70E20704747
:10ACD40010B586B0002837D00446002301930293B0
:10ACE400039304930593FFF70BFF2046FFF7FAFE47
:10ACF40030B1E36B23B101228DF8042001A89847F9
:10AD040004F1600104F12E00FFF762FE04460828F6
:10AD140000D068B90D480E4BC01AC00800040D4994
:10AD240040F0040006F080FB0024204606B010BD6D
:10AD34000648074BC01AC00800042246064940F0E2
:10AD4400010006F077FBF0E70E24EEE74061030014
:10AD5400E0600300006F0300DC6E030008B50346E7
:10AD6400084603F10802194631F8043B1B2B0AD0AC
:10AD74001D2B04D0102B05D1FFF750FE02E0114625
:10AD8400FFF706FF08BDFFF763FEFBE7A0F5804071
:10AD940080B2704700F5804080B27047A0F58040D3
:10ADA40080B270470138082806D8DFE800F00705AC
:10ADB40005070707070707000020704701207047B1
:10ADC40038B505464FF6FF734380002404B138BDFF
:10ADD400284600F017FB0134F8E700B587B00023DC
:10ADE4000193029303930493059308238DF804308D
:10ADF400ADF80800039101A8FFF7E2FF07B05DF882
:10AE040004FB000030B587B00023234A137001937C
:10AE140002934FF6FF7000F0B3FC044606E02046B0
:10AE240000F056FC204600F0ABFC04464FF6FF73DE
:10AE34009C420AD02046FFF7A9FF01AA03A904F007
:10AE4400E1FD48F209639842E9D04FF6FF739C4252
:10AE540001D107B030BD2046FFF798FF04F090FD04
:10AE6400054648F20763984212D00028F1D00B48F7
:10AE74000B4BC01AC008000423462A46094940F077
:10AE8400010006F0E1FA29462046FFF7A6FFE0E7B5
:10AE9400014B01221A70DCE7B8450020B0610300C1
:10AEA400E0600300186F030070B582B00E461546CB
:10AEB400002300930193FFF769FF04463046FFF730
:10AEC4006DFF01466B462A46204604F07FFD08B913
:10AED40002B070BD0520FBE7F0B587B0FF282DD880
:10AEE40005460C4617461E460846FFF75BFF38B377
:10AEF40003AA21462846FFF7D7FF28BB01A903A8C8
:10AF040004F0D2FC054608BBBC70019B5B883B8007
:10AF140076B19C003368A34228BF23461E461A46D6
:10AF2400029978680BF01CF8B44203D90C2508E0A8
:10AF3400029B7B6003A804F0E3FC02E0072500E029
:10AF44000725284607B0F0BD0525FAE70525F8E7EB
:10AF5400024B00221A605A60704700BFB0450020BF
:10AF6400F0B587B007460E461446FFF71BFF18B925
:10AF74000125284607B0F0BD05463846FFF70EFF09
:10AF84000D4A03A904F030FD08B10025F1E701A939
:10AF940003A804F089FC08B10025EAE7A770019B27
:10AFA4005A882280029A62609888FFF7F3FE308004
:10AFB40003A804F0A5FCDCE7B0450020F0B587B099
:10AFC400FF2856D806460C4617468D782846FFF7C4
:10AFD400E9FE00284FD03046FFF7D8FEADF80C004C
:10AFE4002846FFF7DBFEADF80E0063680493238860
:10AFF40005936A46A1783046FFF756FF05281AD014
:10B0040003A9684604F0B2FC0446E4B148F20D63B7
:10B014009C4220D848F202639C421CD3A4F5064308
:10B02400023B0B2B17D8DFE803F0141616162A0C74
:10B0340016161616160C03A9684604F091FC04466D
:10B04400E3E7112418E0BFB13946684604F0E8FC90
:10B0540012E0102410E00B480B4BC01AC008000487
:10B0640033462246094940F0010006F0EDF9032475
:10B0740002E0072400E00724204607B0F0BD862440
:10B08400FAE700BFB0610300E0600300646F0300EF
:10B0940008B54FF6FF7000F001FB08BDFF2806D885
:10B0A40008B500F003FBFFF7ADFE002008BD072044
:10B0B400704708B500F01AFB08BD08B500F048FB5E
:10B0C40008BD08B500F05CFB08BD4FF6FF730380B4
:10B0D4008370FF234372837A23F002038372DBB20B
:10B0E40023F001038372002303724360704700005E
:10B0F4000B68032B14D810B403EB4302094C34F847
:10B104002220824204D00133032BF5D9002004E02D
:10B114000B6003EB430304EB83005DF8044B7047BF
:10B1240000207047BC45002030B583B005460C466E
:10B134000023019301A9FFF7DBFF06E0019B013324
:10B14400019301A92846FFF7D3FF48B18378A342AE
:10B15400F4D1837A13F0030FF0D14368002BEDD1BF
:10B1640003B030BD0023032B0DDC03EB4301074A7E
:10B1740002EB81025268824201D00133F3E70348B3
:10B1840000EB810070470020704700BFBC450020E1
:10B1940008B5FF214FF6FF70FFF7C6FF08BD58B191
:10B1A40070B50D4614460646FFF7F2FF306010B145
:10B1B400058033689C7070BD7047000038B5054643
:10B1C400002405E0044B53F8243028469847013402
:10B1D400032CF7D938BD00BF40B0030003EB830351
:10B1E4001B019BB2817042609B080380704708B5C5
:10B1F4009BB2FFF7F3FF08BD8378013B072B13D8FD
:10B20400DFE803F007121212120A040D142303805C
:10B21400704701230380704701230380704743680C
:10B224009B8809339B0803807047000038B50546A6
:10B23400002406E0697A2144C9B2054800F093FC71
:10B2440001342B7AA342F5D82846FFF73EFF38BDD8
:10B25400EC45002030B583B00446002300930193ED
:10B2640083788DF80230417A2D4800F068FC20B3D1
:10B274000246237AA1786846FFF7B9FF6846FFF7CC
:10B28400BBFF224632F8040B6946FFF797FE1128EC
:10B2940038D01FD860B3072832D0224D224BED1A84
:10B2A400ED082D0405F0E8FC024623881F4945F00B
:10B2B400010006F0C9F8032022E01A481A4BC01A0C
:10B2C400C0080004627A1A4940F0010006F0B2F89E
:10B2D400032015E08628E0D1A37A23F00203A372A9
:10B2E400DBB243F00103A372124B01221A7007E090
:10B2F400A37A23F00203A372DBB223F00103A37247
:10B3040003B030BDA37A43F00203A372DBB223F08F
:10B314000103A372074B01221A700020F0E700BF5B
:10B32400EC450020A8610300E060030010700300F6
:10B33400D06F0300B945002030B587B00446FFF74D
:10B3440089FF10B9012007B030BD4FF6FF72ADF888
:10B3540006202288ADF80820862807D107238DF817
:10B36400043001A8FFF72AFF0020ECE708228DF83B
:10B3740004200390074D084AAD1AED082D0405F08A
:10B384007BFC02462388054945F0010006F05CF881
:10B39400E7E700BFA8610300E0600300407003001A
:10B3A40038B5164B1B783BB305460024134B1C7071
:10B3B4000DE0124B01221A7001B93DB104EB4400B7
:10B3C4000F4B03EB8000FFF7B7FFA8B10134032C48
:10B3D40012D804EB44020A4B03EB82039B7AC3F3B7
:10B3E400400113F0020FE4D1054B03EB82039B7A77
:10B3F40013F0010FEAD0DCE738BD00BFB9450020E7
:10B40400BC45002038B50446C068FFF7ABFE23787E
:10B414000A2B0AD0142B15D0092B1BD1637ADBB964
:10B42400E0B1FFF703FF00250DE0637AC3B9C8B1AB
:10B4340000254560837A43F0020383720A4B01229C
:10B444001A7003E001252046FFF7B8FE2846FFF7EF
:10B45400A7FF38BD0025F6E70025F4E70025F2E74D
:10B464000025F0E70025EEE7B945002008B50023E4
:10B47400FFF732FD08BD0000002B59D0F0B583B0B2
:10B4840006460C4615461F46CB1FDBB2012B51D88E
:10B49400531E032B51D8FFF747FE0190D0B1037A16
:10B4A400AB424CD1019E737AFF2B1DD00026019B29
:10B4B4001D72597A244800F042FB024618B3ABB21D
:10B4C40021463846FFF78AFE002E3AD0082C28D0B1
:10B4D400002030E02246314601A8FFF760FE019BC0
:10B4E400002BDFD1112026E02946174800F050FB3D
:10B4F40070720198437AFF2B01D00126D7E7FFF73A
:10B50400E4FD112017E01148114BC01AC0080004D3
:10B51400019B5A7A0F4940F0010005F08BFF03208C
:10B5240009E03B887A689B00063B9380002002E098
:10B534000E207047072003B0F0BD0720FBE70F2063
:10B54400F9E70020F7E700BFEC450020A8610300FD
:10B55400E0600300A070030008B5FFF7E5FD18B133
:10B56400FFF764FE002008BD0520FCE770B584B039
:10B5740005460023039303A9FFF7BAFD044607E039
:10B58400039B0133039303A92846FFF7B1FD044647
:10B59400D4B1A1782846FFF7DFFF0028F0D00528B2
:10B5A400EED0154E154AB61AF608360405F064FBBB
:10B5B4000246A37800932B46114946F0010005F09A
:10B5C4004EFF032004B070BD2846FFF767FD002836
:10B5D400F8D00728F6D0084C084BE41AE4082404F1
:10B5E40005F04AFB03462A46064944F0010005F0EB
:10B5F4002BFF0320E6E700BFA8610300E06003001F
:10B60400147103006C710300CB1FDBB2012B11D842
:10B6140070B506460C4615461046FFF74AFD58B16C
:10B6240021463046FFF780FD40B105808470FFF766
:10B6340011FE70BD072070470720FAE70520F8E7E0
:10B6440010B5044608464FF6FF739C4204D0FF2C05
:10B654000CD94FF6FF7010BD4FF4807104F083FBDA
:10B6640080B2B0F5807FF6D12046F4E7214604F09D
:10B6740056FB80F0010010F0FF0F01D02046EAE7EE
:10B684004FF6FF70E7E708B50346FF2800D908BD69
:10B694000846194604F051FBF9E7000008B50249D1
:10B6A400FFF7CEFF08BD00BFFC4500204FF6FF7337
:10B6B400984209D010B504460449FFF7C1FF8442FB
:10B6C40014BF0020012010BD002070471C4600203C
:10B6D40038B50446044D2946FFF7D5FF05F120018E
:10B6E4002046FFF7D0FF38BDFC450020FF2801D9D4
:10B6F4000020704708B50146014804F02BFB08BD43
:10B70400FC450020FF2801D90020704708B50146F8
:10B71400014804F01FFB08BD1C46002038B50D4647
:10B724004FF6FF73984202D0441CA4B203E00024F5
:10B7340001E00134A4B2FF2C06D82146284604F0C7
:10B7440009FB0028F5D001E04FF6FF74204638BD10
:10B7540010B50A49FFF7E2FF044604E00749204612
:10B76400FFF7DCFF04464FF6FF739C4204D02046EB
:10B77400FFF7C8FF0028F1D1204610BDFC4500208A
:10B7840008B50249FFF7CAFF08BD00BF1C460020E8
:10B7940038B50546002405E0054B53F82430284607
:10B7A40098470134034B1B78A342F5DC38BD00BF36
:10B7B400404600203C46002010B586B084880388AB
:10B7C400102B06D0144B19782046FEF7AFF806B0BC
:10B7D40010BD00238DF80330019302930393049367
:10B7E400059301238DF804304FF6FF73ADF808304C
:10B7F400ADF80640083003900DF10303049301A84B
:10B80400FFF7C6FF9DF80320034B19782046FEF787
:10B81400A7F89DF80300DAE72C2B0020094B1B78CE
:10B8240003B9704710B50446FFF7C6FF00B110BD59
:10B834002046FFF753F8204601F032F82046FEF781
:10B84400E7FBF4E75A46002018B108B5FFF7A0FF5C
:10B8540008BD704708B5FFF79BFF08BD08B5FFF7A3
:10B8640097FF08BD08B5FFF793FF08BD2DE9F04F1A
:10B8740087B00193364B1B78002B63D083468A46EE
:10B8840091464FF6FF70FFF718FC0446002305931A
:10B89400042204920293039305AB039304AB02AA1C
:10B8A4000621FFF719FB072850D04FF6FF77B8465B
:10B8B4004FF0FF35002611E0059BB34201D3A046AB
:10B8C4001E46AB4201D227461D462046FFF7F5FB34
:10B8D400044604AB02AA0621FFF7FEFA0028EBD0C7
:10B8E4000528F2D04FF6FF739C421BD1984517D020
:10B8F4009F4213D00020BBF1000F01D0ABF80080B1
:10B90400BAF1000F01D0CAF80060B9F1000F01D0FC
:10B91400A9F80070019BB3B11D6014E00520EAE7AB
:10B924000520E8E70B4D0C4BED1AED082D0405F04E
:10B93400A3F902462346094945F0010005F084FDB8
:10B94400032000E0082007B0BDE8F08F0520FAE7E7
:10B954005A46002080610300E0600300D4710300B4
:10B9640008B500231A460C490C48FFF77FFF052849
:10B9740004D068B1052809D000220AE0074B4FF62D
:10B98400FF721A80044B00221A60F2E7012200E0E1
:10B994000122034B1A7008BD504600204C4600207B
:10B9A4005946002030B587B004468088FEF7B2FEC1
:10B9B40060802378093B032B00F28280DFE803F0E8
:10B9C4000232457D637AE3B94D4B1B6813B1E268DB
:10B9D40093420ED04B4B1B78002B71D0A2884A4B5C
:10B9E4001B889A426CD1237A062B69D1FFF7B8FFE2
:10B9F40066E00023424A1360A188434A1180E36051
:10BA04005EE0012B5CD13F4B1B78002B58D0A28801
:10BA14003D4B1B889A4253D1237A062B50D1FFF712
:10BA24009FFF4DE0637A002B4AD1354B1B68002BF6
:10BA340046D0E268934243D10022314B1A60334925
:10BA44000B68013B0B60E2603AE0314B1D7855B95D
:10BA540001252C4B1B7823B1A2882B4B1B889A42BF
:10BA640028D085B32CE04FF6FF70FFF726FB4FF686
:10BA7400FF739842EDD11846FFF723FB4FF6FF738F
:10BA84009842E6D10025224B1D700195029503953D
:10BA9400049505950D238DF804304FF6FF73ADF82A
:10BAA4000830ADF806302046FFF772FE01A8FFF714
:10BAB4006FFECEE7FFF754FFD3E7154B1B7823B98E
:10BAC4002046FFF765FE07B030BD0023104A13700F
:10BAD400019302930393049305930E238DF804308A
:10BAE4004FF6FF73ADF80830ADF80630A368039342
:10BAF4002046FFF74DFE01A8FFF74AFEE3E700BF2B
:10BB040054460020594600204C4600205046002050
:10BB14005846002008B504F002F980F00100C0B2D4
:10BB2400BFF35F8F08BD08B5BFF35F8F04F012F950
:10BB340008BD08B5BFF35F8F04F0FFF808BD38B542
:10BB4400054668B10C46006850B1686840B1FF29E9
:10BB540007D0FFF7E8FF20B12868EB6803FB040077
:10BB640038BD0020FCE790B138B50C4605460368A3
:10BB74001BB1406808B1FF2900D138BDFFF7D3FFDE
:10BB84000028FAD021466868FFF7D3FFF5E770472D
:10BB9400F8B550B30F460646036843B3436843B34E
:10BBA4000025FF2405E02B1B0133BB421BD00135CC
:10BBB400EDB2B3689D4215D229467068FFF7AAFF1B
:10BBC40018B1FF2CEFD12C46EDE7FF2CEFD005E0A8
:10BBD40021463046FFF7C7FF0134E4B2A542F7D847
:10BBE400FF24E4E7FF242046F8BDFF24FBE7FF24FD
:10BBF400F9E7FF24F7E77EDF70477FDF704786DFD2
:10BC0400704708B5FFF7F7FF042800D008BD1120DE
:10BC1400FCE719B108B5FFF7F4FF08BD0020704731
:10BC240038B504464088FEF741FDA080002505B1E3
:10BC340038BD204600F004FE0135F8E700B587B0B2
:10BC440000230193029303930493059305238DF832
:10BC54000430ADF8060001A8FFF7E2FF07B05DF875
:10BC640004FB00B587B0002301930293039304936C
:10BC7400059308238DF80430ADF80600039101A85C
:10BC8400FFF7CEFF07B05DF804FB000000B587B0F6
:10BC940094460022019202920392049205924FF07C
:10BCA400040E8DF804E0ADF806008DF80C10ADF824
:10BCB4000EC08DF81030054B1978FDF751FE01A820
:10BCC400FFF7AEFF07B05DF804FB00BF302B002088
:10BCD40000B587B000230193029303930493059363
:10BCE40002238DF80430ADF806008DF80C1001A87D
:10BCF400FFF796FF07B05DF804FB000070B505463A
:10BD04000C4616460A460E4B1978FDF729FE04B96F
:10BD140070BD321E18BF01220A4B19782846FDF760
:10BD24001FFE012E14BF00220122074B197828465A
:10BD3400FDF716FE31462846FFF7CAFFE8E700BFC5
:10BD4400302B00202F2B00202E2B002000B587B095
:10BD540000230193029303930493059306238DF820
:10BD64000430ADF80600039101A8FFF759FF07B0AE
:10BD74005DF804FB10B504460088FDF789FD012831
:10BD840005D0214631F8040BFFF7E0FF10BD024651
:10BD94002088237913F0010F00D102220121FFF73B
:10BDA400ADFFEEE700B587B0002301930293039340
:10BDB4000493059307238DF80430ADF8060001A819
:10BDC400FFF72EFF07B05DF804FB00B587B003232F
:10BDD4008DF804300388ADF80630437913F0040F6E
:10BDE4000AD001238DF80C308DF80D1001A8FFF74F
:10BDF40017FF07B05DF804FB0223F3E7F0B583B047
:10BE040043B304460E4617461D4600F580706B4644
:10BE14000122072180B2FFF72FFB112818D030BB75
:10BE24005022002101980AF0CDF8019B1E7001995F
:10BE340001F134032B60EF6001F118032B614B1CFB
:10BE44006B611B4BEB6111312046FEF745FCF0B9E9
:10BE540003B0F0BD1748184BC01AC0080004174AB5
:10BE6400174940F0010005F0E5FA0320F0E7114D11
:10BE7400114BED1AED082D0404F0FEFE0246234694
:10BE8400104945F0010005F0DFFA0320E0E7094D11
:10BE9400094BED1AED082D0404F0EEFE024623468C
:10BEA400094945F0020005F0CFFA0820D0E700BFA9
:10BEB4005C460020C0610300E060030050B0030052
:10BEC4005073030084730300E87303002DE9F843FF
:10BED40004460D461646184B1978FDF727FD90B118
:10BEE400012704F58070072180B2FFF735FB8046F7
:10BEF40008B1052809D133462A4639462046FFF7BA
:10BF0400C5FEBDE8F8830227EBE70C4B0C4AA3EB14
:10BF140002094FEAD9094FEA094904F0ADFE024685
:10BF24002346084949F0010005F08EFA41462046AF
:10BF3400FFF797FEDFE700BF2E2B0020C061030050
:10BF4400E06003003874030070B506460C461546DD
:10BF54000C4B1978FDF7EAFC00B970BD0A4B19784F
:10BF64003046FDF7E3FC28B12A4621463046FFF768
:10BF7400ADFFF2E72B46224600213046FFF786FE4E
:10BF8400EBE700BF302B00202F2B002008B50379EE
:10BF94003D2B06D04FF4885100220088FFF7D4FFD0
:10BFA40008BD41F23D01F7E708B5427902F003020A
:10BFB40001790088FFF7C8FF08BD0000F0B585B01F
:10BFC400044600F10C063046FEF7EAFB4FF6FF7319
:10BFD400984227D0054601462088FEF703FC00223C
:10BFE40001212088FFF78AFE4FF6FF739D421ED180
:10BFF400002700231A4639462088FFF700FE06462C
:10C00400082833D000283CD1A37D13F0010F4BD076
:10C01400002F49D1002341F2060219462088FFF778
:10C0240035FE41E02088FEF741FB0546D7E702AA2A
:10C0340007212846FFF71AFAA0B9039FA37D13F03E
:10C04400010F11D097F8443013F0010F01D03437A9
:10C05400CFE7314607F14600FEF78DFB0028F6D105
:10C064000027C6E70027C4E70027C2E70F48104BA4
:10C07400C01AC00800040F4940F0020005F0D4F9CA
:10C0840012E00A4F0A4BFF1AFF083F0404F0F4FDC4
:10C09400024600952388084947F0010005F0DFF9BE
:10C0A40031462088FFF7DDFD05B0F0BDC061030017
:10C0B400E0600300A4740300147503002DE9F04349
:10C0C40085B00446078800225D4B19783846FDF791
:10C0D40047FC637913F0040F3FD007F58076B6B2BE
:10C0E40002AB012207213046FFF7C6F9804600283B
:10C0F4003AD13846FEF7DAFA05464FF6FF7398420E
:10C1040049D04FF000082A4607213046FFF77CFA51
:10C114008146002800F08680862800F08880494EF9
:10C12400494BF61AF608360404F0A6FD02460095BB
:10C134003B46464946F0010005F091F94946384628
:10C14400FFF78FFD00212046FFF73FFEB8F1000FF7
:10C1540007D02846FEF750FB03E000212046FFF7F6
:10C1640034FE05B0BDE8F083364D374BED1AED08CB
:10C174002D0404F081FD02463B46354945F001009B
:10C1840005F062F941463846FFF76BFD0021204671
:10C19400FFF71BFEE5E719460398FEF769FA054623
:10C1A4004FF6FF7398421CD001463846FEF71AFB3F
:10C1B400284B19783846FDF7B9FB804610B14FF08B
:10C1C4000008A0E73846FFF739FD224B19783846B6
:10C1D400FDF7ACFB002896D100212046FFF7F5FDC2
:10C1E400BFE7FEF755FF05464FF6FF73984206D0AA
:10C1F40001463846FEF7F6FA4FF0010883E7114886
:10C20400114BC01AC0080004134940F0010005F0A6
:10C214000BF904213846FFF724FD00212046FFF7DF
:10C22400D4FD9EE701212046FFF7CFFD99E738466C
:10C23400FFF7B8FD01212046FFF7C7FD91E700BFD6
:10C24400302B0020C0610300E0600300147603007B
:10C25400847503002D2B0020E075030008B50379D5
:10C2640013B9FFF72BFF08BDFFF79EFEFBE70000A5
:10C2740010B586B00446144B19780088FDF756FBB8
:10C2840008B106B010BD2088FDF726FB38B901239C
:10C2940041F2060200212088FFF7F8FCF1E70022B2
:10C2A4000A4B19782088FDF75BFB03238DF80430D3
:10C2B4002388ADF8063000238DF80C308DF80D304E
:10C2C40001A8FFF7ADFCDCE72F2B0020302B00206A
:10C2D4002DE9F04188B007460D461646FDF7D8FA19
:10C2E400044620220021684609F06CFE012C16D079
:10C2F400002C4FD0002D3FD03846FEF7D7F94FF62B
:10C30400FF73984227D0012C10D04FF000082B78EF
:10C3140013F0010F25D10396204B07932EE0002242
:10C324001F4B19783846FDF71BFBE1E71C4B1978C6
:10C334003846FDF7FBFA10B14FF00008E7E738463E
:10C34400FFF77CFC164B19783846FDF7EFFA28B155
:10C354004FF00008DBE74FF00008D8E74FF08508FE
:10C36400D5E7B8F1850F09D06B46324621463846E9
:10C37400FFF744FD58B901E04FF08508012C00D0C7
:10C3840000256B462A4641463846FFF736FC08B07E
:10C39400BDE8F08143F20200F9E700BF5C460020EB
:10C3A4002D2B002038B504460D46FDF771FA0128FF
:10C3B40002D043F2020038BD29462046FFF729FC8B
:10C3C400F9E708B50388113B092B09D8DFE803F026
:10C3D4000508090D0808080811150430FFF7D6FDF3
:10C3E40008BD0430FFF7C6FCFAE70430FFF7E6FDAA
:10C3F400F6E70430FFF732FFF2E70430FFF738FFC7
:10C40400EEE700000022026042608260014A126886
:10C4140002607047A446002010B50446104600236D
:10C4240023606360A360E360236121706280FEF790
:10C434003DF9A080204610BD00B583B06A460721AF
:10C44400FFF714F838B9019B93F8443013F0010F47
:10C4540002D0012000E0002003B05DF804FB38B5F1
:10C464000546002404B138BD2846FFF7EDF9013430
:10C47400F8E708B5FFF7F3FF08BD30B587B00D4600
:10C4840014460246062101A8FFF7C6FF039504944B
:10C4940001A8FFF7E4FF07B030BD10B586B002462F
:10C4A4000C46082101A8FFF7B7FF039401A8FFF782
:10C4B400D6FF06B010BD000010B50446134611297E
:10C4C4000DD000226BB10A4B19782046FDF748FACB
:10C4D4000022084B19782046FDF742FA10BD0122CC
:10C4E400F0E7044B19782046FDF73AFAF6E700BF67
:10C4F400312B0020342B002070B586B0054611295D
:10C5040034D8DFE801F02D333333333333332D3371
:10C51400333333093333332D16461F481F4BC01AA8
:10C52400C00800042A461E4940F0020004F082FFBD
:10C534002A4604210DEB0100FFF76EFF96B1337814
:10C5440013F0010F10D102238DF80C3000238DF865
:10C55400103041F20113ADF80E3001A8FFF77FFF50
:10C5640006B070BD0223EFE70123EDE70C460A4E47
:10C574000A4BF61AF6083604084604F07DFB024618
:10C584002B46084946F0010004F05EFF2146284688
:10C59400FFF783FFE4E700BFB8610300E060030036
:10C5A400807603003877030030B585B004460D4625
:10C5B40001A8FFF727FF01AA29462046FFF75DFFE0
:10C5C400094B1A6801992046FFF782FE05460122AD
:10C5D40001462046FFF770FF019A29462046FFF7DF
:10C5E4008BFF05B030BD00BF9C46002008B500217C
:10C5F400FFF7DAFF08BD00002DE9F04385B00446DB
:10C6040016461F46884689B901A8FFF7FBFE01AA12
:10C6140000212046FFF731FFDDF80490284B1B78FA
:10C6240033B99DF80D301BB9052625E04FF00009FC
:10C63400324649462046FFF7B5FE0546002201462C
:10C644002046FFF739FF112D1AD80123AB4042F6DB
:10C654000112134229D113F4003F15D04246194B5D
:10C6640019782046FDF77CF93246174B1978204695
:10C67400FDF776F90026E7B9304605B0BDE8F0834A
:10C6840043F202039D4212D0104E114BF61AF608E3
:10C694003604284604F0F0FA024623460D4946F0D3
:10C6A400010004F0D1FE0326E5E72E46E3E72E461B
:10C6B400E1E74A4629462046FFF71EFFDCE700BFB4
:10C6C400A0460020322B0020332B0020B861030049
:10C6D400E0600300A477030038B50446084B1978DA
:10C6E400FDF724F90546074B19782046FDF71EF996
:10C6F400014601232A462046FFF77EFF38BD00BFCE
:10C70400332B0020322B0020002943D0F8B50546F6
:10C714000C46FDF7CFF8064600283DD02846FDF725
:10C72400C5FF0746022E14BF00260126237866F3B0
:10C73400000323704FF6FF73C31A18BF0123227836
:10C7440063F3C30222702846FDF7C6F8237860F32A
:10C75400410323702846FDF7CDF8237860F3820364
:10C7640023702846FDF7D4F830B10122237862F310
:10C77400041323700020F8BD2846FDF7ADF808B96E
:10C784000022F3E73846FFF757FE08B90022EDE729
:10C794000122EBE70E20704743F20200EBE710B5ED
:10C7A40082B00C4600238DF80430E0238DF8043069
:10C7B40001A9FFF7A9FF9DF80430DB435BB222789F
:10C7C4001A4010B912B9012000E0002002B010BDD7
:10C7D40030B583B00446194B1B6833B34088FDF76A
:10C7E4007BF8014608B9024621E000258DF8045083
:10C7F400237AC3F340012A4661F382028DF80420B0
:10C80400D2B263F3C3028DF80420C3F38003D2B21F
:10C8140063F304128DF8042001A96088FFF7BFFFB9
:10C8240080F00102D2B2294601E000220121012355
:10C834006088FFF7E1FE03B030BD00BFA4460020CE
:10C8440010B504460378062B07D0132B01D1FFF74C
:10C85400BFFF2046FFF70DFE10BD81684088FFF73B
:10C86400A3FEF9E708B503780C2B02D8092B02D2F2
:10C8740008BD142BFCD100220549064B1878FDF79E
:10C8840089F800220449054B1878FDF783F8EFE78F
:10C89400F1C50200312B0020DDC60200342B00203C
:10C8A40008B5FFF78EFD00220549064B1878FDF701
:10C8B40071F800220449054B1878FDF76BF808BDA0
:10C8C400F1C50200312B0020DDC60200342B00200C
:10C8D4000268134600E01B6813B18B42FBD101E0F0
:10C8E4000A60016070470346006808B102681A6074
:10C8F4007047000038B5054608B9064C04E0064CFC
:10C9040002E04368284698472046FFF7ECFF0028DA
:10C91400F7D138BDB0460020B846002010B5044613
:10C9240010B1012C06D010BD054B01225A70FFF73F
:10C93400E1FFF6E70120024B9870FFF7DBFFF2E717
:10C94400A846002000B1704708B5034B01225A7075
:10C95400FFF7D0FF08BD00BFA846002008B505F0CA
:10C9640065F920B9074BD3F800342BB108BD06494B
:10C974007B2003F033F9F5E700F0EEF9034B0022D6
:10C984009A70F3E7000001400C780300A8460020E9
:10C9940010B5104B1B784BB185240F4BD3F80034E2
:10C9A40013B10C4B01229A70204610BD094B002292
:10C9B4009A605A601A61DA60084800F07FF9044608
:10C9C40005F034F918B1034B01221A70E5E700F0C1
:10C9D4008DF9F8E7A84600200000014021C90200B3
:10C9E40010B582B00446224B1B78D3B1204B9B7800
:10C9F400E3B114B163680120984700238DF8073030
:10CA04000DF1070002F0F0F8194AD3680133D3603E
:10CA14009DF8070002F0FAF8154BDB680BB302B07F
:10CA240010BD1449F62003F0D9F8DFE700238DF890
:10CA340007300DF1070002F0D7F81CB121460E486B
:10CA4400FFF746FF0A4BDB6843B1094AD368013359
:10CA5400D3609DF8070002F0D9F8DDE700F05CF937
:10CA6400F3E704494FF4897003F0B8F8D7E700BF3F
:10CA7400A84600200C780300B846002000B583B017
:10CA8400144B1B78B3B1134BDB68CBB100238DF887
:10CA940007300DF1070002F0A7F80E4BDA68013AEF
:10CAA400DA60DB6893B19DF8070002F0AFF803B0D9
:10CAB4005DF804FB084940F2171003F08FF8E2E731
:10CAC40005494FF48C7003F089F8DFE7FFF746FF60
:10CAD400E9E700BFA84600200C78030000B583B046
:10CAE40001280DD0032823D038B9184B0122C3F8EC
:10CAF4008020BFF34F8FBFF36F8F03B05DF804FB4B
:10CB040000238DF807300DF1070002F06DF8104B8B
:10CB14001B7853B10E4BDA680132DA6001229A7045
:10CB24009DF8070002F072F8E7E7FFF731FFF1E73D
:10CB3400074B1B7823B100F0D9F8FFF79FFFDCE720
:10CB4400044940F2522003F049F8F4E700E100E020
:10CB5400A84600200C78030000B587B003788DF850
:10CB640004304368029383688DF80C30C3680493DF
:10CB740003698DF81430054B53F82130044A52F8F8
:10CB8400211001A8984707B05DF804FBCC460020AB
:10CB9400BC46002070B584B08C46144686461EF808
:10CBA400045B1C4A42F825401B4A42F825301B4BC3
:10CBB4000FCB04AE06E90F009CF800308DF800306E
:10CBC4009CF801308DF801309CF802308DF8023069
:10CBD4009CF803308DF803309CF804308DF8053050
:10CBE4009CF805308DF80630DCF8083002939CF888
:10CBF4000C308DF80C309CF80D308DF80D3004B1EC
:10CC0400074C2B4622466946704601F0B7FC04B037
:10CC140070BD00BFCC460020BC46002060B00300BD
:10CC24005DCB0200002807DB00F01F02400901234E
:10CC34009340024A42F82030704700BF00E100E010
:10CC4400002808DB4901C9B200F1604000F56140E9
:10CC540080F80013704700F00F004901C9B2014B7E
:10CC64001954704714ED00E038B505460C468B1E88
:10CC7400DBB2012B03D94B1FDBB2022B04D82146B4
:10CC84002846FFF7DDFF38BD02496B2002F0A6FFFE
:10CC9400F5E700BFB078030008B5074B1B6813F035
:10CCA400010F00D008BD06210020FFF7DDFF0020A2
:10CCB400FFF7B8FFF6E700BF00E100E010B5044657
:10CCC40048B1084B1B795BB9064B1C6001221A71F1
:10CCD4000020587110BD0449A42002F07FFFF0E742
:10CCE4008520F7E7DC4600200079030008B5084BEF
:10CCF4001B793BB1FFF7D0FF4FF080430122C3F80B
:10CD0400182508BD0349BD2002F068FFF2E700BF03
:10CD1400DC4600200079030000B583B00C4B1B797E
:10CD240083B14FF080430022C3F80421D3F80421D7
:10CD34000192019A0222C3F8042301229A6003B0EB
:10CD44005DF804FB0349EA2002F048FFE9E700BF6D
:10CD5400DC4600200079030000B583B00F4B1B793B
:10CD6400BBB14FF080430222C3F808230022C3F86A
:10CD74000421D3F804210192019A0122DA604FF0D0
:10CD84008043D3F8183413F4803FF8D103B05DF82E
:10CD940004FB0349F72002F021FFE2E7DC46002010
:10CDA4000079030000B583B04FF08043D3F800311D
:10CDB4009BB14FF080430022C3F80021D3F8002137
:10CDC4000092009A0122C3F80823104B5B7923B91F
:10CDD4000E4B5A711B68002098474FF08043D3F8DC
:10CDE40004317BB14FF080430022C3F80421D3F80F
:10CDF40004210192019A0222C3F80823034B1B6801
:10CE04000120984703B05DF804FB00BFDC46002016
:10CE1400002807DB00F01F02400901239340024A67
:10CE240042F82030704700BF00E100E0002808DB32
:10CE34004901C9B200F1604000F5614080F8001377
:10CE4400704700F00F004901C9B2014B19547047F3
:10CE540014ED00E010B40D4C00F5A27054F820302D
:10CE640023F44F3323F4407344F8203054F8203033
:10CE7400090201F47C51120402F4403211430B43C1
:10CE840044F820305DF8044B704700BF0060004058
:10CE940000B583B084468E460D4B93E8030002AB85
:10CEA40003E9030063460BE002A901EB830151F897
:10CEB400081CD1F8200542F8040BC1F82005013301
:10CEC4000CEB0E009842EFD803B05DF804FB00BFF2
:10CED40070B00300430904D0012B0BD14FF6FF734C
:10CEE40001E04FF0FF3300F01F0023FA00F000F0E0
:10CEF400010070470023F6E7034B034493F96000F5
:10CF040000F03F00704700BFE4460020034B034499
:10CF140093F96000C0F38110704700BFE44600201D
:10CF240010B5864614461AB100234FF0080C04E0ED
:10CF340008234FF00C0C00E00133634513D20B4A75
:10CF440052F82320B2F1FF3FF6D158B2074A02EB60
:10CF54000E0C8CF8300042F8231034B9083B13440B
:10CF640083F860E001E04FF0FF3010BDE44600209C
:10CF7400064B4FF0FF3243F82020072804D9083825
:10CF84000344FF2283F86020704700BFE44600207A
:10CF940010B50446024602210020FFF779FF002362
:10CFA400012B04D854F823201AB90133F8E70020E0
:10CFB40010BD0120FCE7000010B504460068FFF72F
:10CFC40089FF38B123681F2B0AD903F01F0323609C
:10CFD400054810BD05494FF4F67002F0FFFDF1E776
:10CFE4004FF0A040F5E700BF00030050FC670300CA
:10CFF40010B582B00C46019001A8FFF7DDFFA40034
:10D00400019B03F5E07340F8234002B010BD00B566
:10D0140083B0019001A8FFF7CFFF019B03F5E073F4
:10D0240050F8232022F0020240F8232003B05DF8D8
:10D0340004FB00B583B0019001A8FFF7BDFFD0F851
:10D044001005019BD84000F0010003B05DF804FB1B
:10D0540010B582B001900C4601A8FFF7ADFF019B0B
:10D0640003F5E07350F8232022F4403240F82320E3
:10D0740050F8232042EA044240F8232002B010BDB5
:10D0840000B583B0019001A8FFF796FF019B03F55B
:10D09400E07350F82300C0F3014003B05DF804FBD3
:10D0A40000B583B0019001A8FFF786FF0123019A20
:10D0B4009340C0F8203503B05DF804FB2DE9F0413E
:10D0C400064645E0032126E0B8F1010F36D141467A
:10D0D400284698470134032C36D81F4B234493F930
:10D0E4006030B3F1FF3FF5D02046FFF705FF05465A
:10D0F400C20800F0070101238B40B25C1342E9D05F
:10D104002046FFF703FF80462846FFF7B9FF07468E
:10D114000228D7D002212846FFF79AFF2846FFF7B6
:10D12400BFFF0D4B5A1992F9302053F82230002BCF
:10D13400D0D0B8F1030FCAD0022FC5D0032FC9D164
:10D14400B8F1020FC6D1C2E73046FFF721FF08B19C
:10D154000024C0E7BDE8F081E446002030B583B088
:10D164001C4B93F86A5095BB2C4601E00134E4B2A1
:10D174002F2C0FD82046FFF7ADFE0028F6D0154B14
:10D184002344FF2283F83020F0E72846FFF7F0FE1F
:10D194000135EDB20B2DF8D90F4D00242C60AC8075
:10D1A40006210846FFF742FE0620FFF731FE0B4B2F
:10D1B400C3F87C41D3F87C210192019A4FF00042DC
:10D1C400C3F804230123AB71204603B030BD08200B
:10D1D400FBE700BFE4460020484700200060004011
:10D1E40070B504460D461646FFF774FE38B1254B5C
:10D1F400234493F93030002B07DB082070BD22490B
:10D204004FF40C7002F0EAFCF1E7AA78C2F3400292
:10D2140031462046FFF784FE0646B0F1FF3F2FD08B
:10D22400AB7813F0040F0FD113F0010F1CD020467C
:10D23400FFF7EDFEE30804F0070C1448C25C01217B
:10D2440001FA0CF10A43C254AB7813F0020F10D167
:10D25400083E0C4B334493F96020297842EA81124A
:10D2640083F860200020C9E769782046FFF7C0FEF4
:10D27400E0E72A7821463046FFF7ECFD0020BDE7C1
:10D284000420BBE7E4460020A079030048470020BF
:10D2940030B583B004460D46FFF71CFED0B12C4BCD
:10D2A400234493F93030002B1ADB294B234493F9A0
:10D2B4003000072823DD0838FFF728FE0546032839
:10D2C40014D0012819D0032529462046FFF7C0FEB3
:10D2D40003B030BD1F494FF4187002F07FFCDEE745
:10D2E4001C4940F2612002F079FCDEE72046FFF79A
:10D2F400A0FE0028E8D10225E6E70225E4E7C3B250
:10D30400072BE5D800F140039BB29B009BB2124966
:10D3140000F5A27C51F82C2042F0010241F82C20A7
:10D3240003F1804303F5C04300221A601B68019394
:10D33400019B002DCCD0064B1C4494F9302053F8AB
:10D344002230002BC4D001238340C1F80433BFE74B
:10D35400E4460020A07903000060004010B50446B4
:10D36400FFF7B8FD30B12046FFF763FE003818BF61
:10D37400012010BD024940F2B22002F02FFCF2E776
:10D38400A079030070B584B00025029503950120AF
:10D394004FF48073294603E0400004339BB201310B
:10D3A400072912D803F1804202F5C0421468012C07
:10D3B400F2D1234CD4F804432042EDD0002414606D
:10D3C40012680092009A0543E6E71D4BD3F87C31BE
:10D3D400012B06D015F0FF0F2AD1002D2BDB04B052
:10D3E40070BD174B0020C3F87C01D3F87C31019346
:10D3F400019B45F0004502AA0221FFF749FDE9E738
:10D4040076000134072CE8D82E42F9D00C4B04F5F1
:10D41400A27253F82200C0F3052053F82210C1F37E
:10D424000141084B53F82430002BE9D09847E7E733
:10D4340001260024E6E702A8FFF740FECFE700BF7D
:10D4440000600040E4460020034B984201D10348A9
:10D4540070470020704700BF002000405047002064
:10D4640008B5064B1B681BB1044B1B68984708BDE5
:10D474000349512002F0B2FBF6E700BF50470020F9
:10D48400487A030070B582B00C460546B8B1284608
:10D49400FFF7DAFF0546B8B100238DF807300DF128
:10D4A400070001F0A1FB2E7916B92C6001232B7122
:10D4B4009DF8070001F0AAFB4EB9002005E00549DC
:10D4C400772002F08BFBE2E7002002B070BD112050
:10D4D400FBE700BF487A0300002807DB00F01F02C7
:10D4E400400901239340024A42F82030704700BFAC
:10D4F40000E100E0002808DB4901C9B200F1604006
:10D5040000F5614080F80013704700F00F004901F6
:10D51400C9B2014B1954704714ED00E0430904D01B
:10D52400012B0BD14FF6FF7301E04FF0FF3300F0F6
:10D534001F0023FA00F000F0010070470023F6E713
:10D5440010B483B0844602240C714A71096889B10D
:10D5540012F0040F23D1822112F0080F01D041F000
:10D56400200112F0100F01D021F08001DCF800003E
:10D57400C0F80013DCF800100024C1F80441D1F80D
:10D5840004110191019912F0800F0AD1DCF80020F6
:10D594000121D150002003B05DF8044B7047922163
:10D5A400DAE7DCF800001844F5E730B585B0044646
:10D5B4000D46D0F8103173B10023C0F81031D0F803
:10D5C40010310093009B4B7913F0040F03D00B68C8
:10D5D4000BB101209847D4F8143173B10023C4F877
:10D5E4001431D4F814310193019B6B7913F0080FB3
:10D5F40003D02B680BB102209847D4F81C3173B1C7
:10D604000023C4F81C31D4F81C310293029B6B79BB
:10D6140013F0100F03D12B680BB100209847D4F8F6
:10D62400043163B10023C4F80431D4F80431039302
:10D63400039B01232B712B680BB10320984705B082
:10D6440030BD000010B504460068FFF767FF38B12D
:10D6540023681F2B0AD903F01F032360054810BD5C
:10D6640005494FF4F67002F0B9FAF1E74FF0A04023
:10D67400F5E700BF00030050FC67030000B583B06A
:10D68400019001A8FFF7DEFF0123019A9340C0F83F
:10D69400083503B05DF804FB00B583B0019001A820
:10D6A400FFF7D0FF0123019A9340C0F80C3503B073
:10D6B4005DF804FB00B583B0019001A8FFF7C2FF39
:10D6C400019B03F5E073032240F8232003B05DF8C7
:10D6D40004FBF0B585B007460E4600240AE0FFF7C8
:10D6E400CDFF04AB03EB850555F8100CFFF7E2FF03
:10D6F4000134E4B2032C18D82546335DFF2B0CD03B
:10D7040023F0800004AA02EB840242F8100C13F008
:10D71400800FE4D1FFF7C0FFE3E74FF0FF3204AB23
:10D7240003EB840343F8102CE2E7386800230AE093
:10D7340004AA02EB830252F8101C03F5AC7240F801
:10D7440022100133DBB2032BF2D905B0F0BD000087
:10D7540038B505460C468B1EDBB2012B03D94B1F93
:10D76400DBB2022B04D821462846FFF7C3FE38BD9E
:10D7740002496B2002F032FAF5E700BFB0780300EB
:10D7840070B506460C461546012904D84DB1293416
:10D794006401355170BD064940F2B72002F01EFA0B
:10D7A400F4E703494FF42E7002F018FAEFE700BFD4
:10D7B400E87A030070B505460C461646012908D8D8
:10D7C4006EB116F4004F10D1293405EB44156E6088
:10D7D40070BD09494FF4307002F000FAF0E70649D1
:10D7E40040F2C12002F0FAF9EBE7034940F2C2200B
:10D7F40002F0F4F9E8E700BFE87A030070B50446E4
:10D804000E461546012907D8B5F1807F0AD204EBEC
:10D814004614C4F8285570BD054940F2CA2002F0E8
:10D82400DDF9F1E7024940F2CB2002F0D7F9EEE747
:10D83400E87A030070B504460E461546012907D858
:10D84400B5F1807F0AD204EB4614C4F82C5570BDA0
:10D85400054940F2D32002F0C1F9F1E702494FF43F
:10D86400357002F0BBF9EEE7E87A030070B50446C0
:10D874000D461646A2B1326829462046FFF780FFBE
:10D88400B28829462046FFF795FFB268294620460C
:10D89400FFF7B4FFF26829462046FFF7CBFF70BDBF
:10D8A400024940F2AB2002F099F9E4E7E87A030078
:10D8B4002DE9F04784B0044617460D46002964D08C
:10D8C4002679384B03EBC6031B79002B68D1354B03
:10D8D40043F8367029462046FFF7FBFE23680122F1
:10D8E400C3F80025276895F805A095F80690B5F8C3
:10D8F4000880B5F90830002B4CDBC7F80CA5C7F835
:10D904000495C7F808852268AB7AE97A43EA0123CB
:10D91400C2F8103522680023C2F800322268C2F827
:10D9240000332268C2F81C31D2F81C210392039AF6
:10D934002268C2F81031D2F810210292029A2268A9
:10D94400C2F81431D2F814210192019A2268C2F863
:10D954000431D2F804310093009B124B53F8363053
:10D9640053B12068297940F30730FFF7F1FE2068AE
:10D9740040F30730FFF7B0FD0A4B03EBC603012267
:10D984001A71002004B0BDE8F0870749802002F036
:10D9940025F995E705494FF4287002F01FF9ACE723
:10D9A4000820EFE758470020387B0300E87A03009B
:10D9B4002DE9F04104460F4616461D460279254BD3
:10D9C40003EBC20898F8043003B32EB33B6803F0AA
:10D9D4006043B3F1005F25D13A4600212068FFF788
:10D9E40045FF3A4601212068FFF740FF06F0010198
:10D9F400226801EB5603C2F8143515F0010F17D154
:10DA040015F0020315D001B3082312E012494FF4B4
:10DA14008D7002F0E3F8D8E70F4940F21B1002F0D2
:10DA2400DDF8D3E70C494FF48E7002F0D7F8D3E752
:10DA340010232268C2F80032EAB241B10C234146F5
:10DA44002046FFF77DFDBDE8F0810423F1E70823BC
:10DA5400F5E700BF58470020387B030038B504467B
:10DA640005790F4B03EBC5031B798BB10C4B03EB0F
:10DA7400C5031B79DBB2022B10D001202368D3F835
:10DA8400043123B1064B03EBC5030120187138BDE3
:10DA940004494FF4CC7002F0A1F8E7E70020EDE769
:10DAA40058470020387B030038B504460D460279F8
:10DAB400104B03EBC2031B79ABB123680022C3F8FC
:10DAC4000022236801225A602046FFF7C7FF03465D
:10DAD40038B92046FFF7C2FF034610B9002DF8D12C
:10DAE4002B46184638BD044940F2731002F076F80C
:10DAF400E3E700BF58470020387B030008B502491C
:10DB04000248FFF752FD08BD5847002000C00140FD
:10DB1400002807DB00F01F02400901239340024A5A
:10DB240042F82030704700BF00E100E000280CDB21
:10DB340000F01F024009012393402030034A42F8B9
:10DB44002030BFF34F8FBFF36F8F704700E100E0C9
:10DB5400002808DB4901C9B200F1604000F56140CA
:10DB640080F80013704700F00F004901C9B2014B5F
:10DB74001954704714ED00E010B40B7803F003035C
:10DB84004A78120102F0300213438A78120202F436
:10DB9400E0621343CA78120302F4805213430A79F1
:10DBA400120402F4E02213434A79120502F48012AB
:10DBB40013438A79120602F080721343074A02EB78
:10DBC4000014C4F81835CC79097A5130030102EBFA
:10DBD40000104160D4505DF8044B70470070004061
:10DBE40038B505460C468B1EDBB2012B03D94B1FFF
:10DBF400DBB2022B04D821462846FFF7A9FF38BD23
:10DC040002496B2001F0EAFFF5E700BFB07803009A
:10DC140010B588B0684BD3F80431002B2CD0664B78
:10DC24000022C3F80421D3F804310093009B634B12
:10DC340093F82E2012B193F82F30EBB100238DF816
:10DC440014305E4B596806911989ADF81C10D968D7
:10DC5400002964D0594B188B5883596018810021CE
:10DC6400D96012B9544B01221A60544C236805A898
:10DC74009847002384F82F30504B93F82E3053B339
:10DC84004D4BD3F8003133B34B4B0022C3F8002182
:10DC9400D3F800310193019B484A538B92F82D200D
:10DCA40093423FD99B1A9BB244494B8348680989E4
:10DCB40089B2CB1A00EB43033F49C1F82C36C1F8B3
:10DCC40030263D4B0022C3F80421D3F804210292EC
:10DCD400029A01225A60384BD3F810317BB1364B8B
:10DCE4000022C3F81021D3F810310393039B334B64
:10DCF4001A7402228DF814201B6805A898472E4B2D
:10DD0400D3F814314BB32C4A0023C2F81431D2F89F
:10DD140014210592059A294A137408B010BD0022F3
:10DD24001A74A2E7934208D09342CAD1234B01222A
:10DD340083F82F2000225A83C3E72049C9680029A9
:10DD4400F2D01E4B012083F82F00002058831A4B79
:10DD5400C3F82C16C3F83026B3E7184B5C69002CC3
:10DD6400DBD0B4FA84F34FF00042DA4024EA020430
:10DD740046339B0003F1804202F5E042116800291A
:10DD8400EDD00021116012680492049A01228DF8EA
:10DD94001420A3F58C73C3F3C7028DF8182013F075
:10DDA400040F0CBF01230B468DF81930034B1B687D
:10DDB40005A89847D3E700BF0070004060470020E3
:10DDC40070B584B00C460646002849D0002C4CD0CF
:10DDD400294B93F82C30002B4CD1274D2C603378F1
:10DDE400264CC4F8F0357378C4F8F435F37885F824
:10DDF4002E30012385F82C3000232B7485F82D3028
:10DE04006B6185F82F306FF00042C4F80823C4F822
:10DE14000431D4F804210392039AC4F80031D4F8ED
:10DE240000210292029AC4F81431D4F814310193F7
:10DE3400019BB1780720FFF7D3FE0720FFF768FEA8
:10DE44000223C4F8043395F82E3013B10122C4F828
:10DE540004230A4B0122C3F80025002004B070BD3E
:10DE64000749D82001F0BAFEB0E70549D92001F0EE
:10DE7400B5FEADE70820F1E76047002000700040E0
:10DE8400D47B030038B505460C462D4B93F82C3053
:10DE9400002B34D0072D38D82A4BD3F8F43513F09F
:10DEA400FF0F04D0264B93F82D30002B33D1E379A8
:10DEB400013BDBB20C2B34D8237A0D2B37D8204B03
:10DEC4001B7C002B39D105F10C021D4B03EB4203E3
:10DED4001B792BB91A4A92F82D30013382F82D3070
:10DEE400E27905F10C01164B03EB41031A71227A16
:10DEF4005A7121462846FFF73FFE002038BD1249DB
:10DF040040F2251001F06AFEC4E70F494FF4937004
:10DF140001F064FEC0E70C494FF4947001F05EFE1A
:10DF2400C5E709494FF4967001F058FEC4E7064965
:10DF34004FF4977001F052FEC1E71120DEE700BFF5
:10DF44006047002000700040D47B0300404B1B7CE2
:10DF5400002B7AD130B583B03D4A012414743D4B73
:10DF64000325C3F80853C3F82C16C3F8304692F8B7
:10DF74002D30A3420DD9002209E0D3B235495133E3
:10DF84001D0101EB031300245C604C510132072A8C
:10DF9400F3D900F10C022E4B03EB420319795C799F
:10DFA4002C4B5130020103EB0010446099500122C4
:10DFB4001A605A6042F21073264AD2F804211AB940
:10DFC400013BF9D1002300E00123A3B1214B00223E
:10DFD400C3F80021D3F8001101910199C3F8042179
:10DFE400D3F804310093009B194B93F82D30012B87
:10DFF40019D9002215E018494FF4D27001F0EEFD52
:10E00400E4E702F10C01124B03EB41031C795D7947
:10E01400D3B210495133180101EB03135D600C5066
:10E024000132072AEDD90A4B93F82E3043B1094B3C
:10E034000322C3F804230020054B187403B030BD39
:10E04400044B0222C3F80423F5E71120704700BFF4
:10E054006047002000700040D47B0300F8B50546FB
:10E064000E461446414B93F82C30002B3BD03F4BCB
:10E074001B68002B3DD016F5006F40DBB4F5006F34
:10E0840043DAA64247DAB2B242EA04422B0103F170
:10E09400804303F5E043C3F81C25072D41D86F00E6
:10E0A4008021B94016F5006F41D0304843697E1C89
:10E0B4004FF00042F240134343612D4BC3F8041365
:10E0C400072D41D84023BB4040F2FF72944241D017
:10E0D400264842694FF00041F9400A434261244A0C
:10E0E400C2F80433F8BD234940F2692001F076FDFB
:10E0F400BDE7204940F26A2001F070FDBBE71D49ED
:10E1040040F26B2001F06AFDB8E71A494FF41B7026
:10E1140001F064FDB5E7174940F26D2001F05EFDA2
:10E12400B1E7154940F2D62001F058FDB7E70F4892
:10E1340043697E1C4FF00042F24023EA020343612C
:10E144000B4BC3F80813BBE70B4940F2D62001F090
:10E1540045FDB7E7054842694FF00041F94022EA1E
:10E1640001024261024AC2F80833BBE7604700205B
:10E1740000700040D47B03006C7C030038B5044677
:10E1840007282BD81C4B93F82C306BB31A4B1B7CF1
:10E1940083BB04F10C02184B03EB42031B792BB134
:10E1A400154A92F82D30013B82F82D3004F10C020F
:10E1B400114B03EB420300251D715D710F4A04F1FD
:10E1C4005103190102EB03135D60555040F2FF72D5
:10E1D4000B492046FFF742FF284638BD09494FF452
:10E1E400B17001F0FBFCCDE7064940F2631001F089
:10E1F400F5FCCBE71120F0E76047002000700040F9
:10E2040000F8FFFFD47B030010B5244B93F82C30A7
:10E214009BB1234C6FF00043C4F808330720FFF789
:10E2240085FC0123A36042F210731D4AD2F8142125
:10E234004AB9013BF9D1002306E01A4940F207101C
:10E2440001F0CCFCE5E7012333B10024144BC3F8FF
:10E254000045124B1C7406E012494FF4887001F01B
:10E26400BDFCF2E70134072C12D804F10C020B4B6D
:10E2740003EB42031B79002BF4D0E0B2FFF77EFFDF
:10E284000028EFD007494FF48D7001F0A7FCE9E7AF
:10E29400024B002283F82C2010BD00BF60470020F1
:10E2A40000700040D47B0300002807DB00F01F024D
:10E2B400400901239340024A42F82030704700BFCE
:10E2C40000E100E0002808DB4901C9B200F1604028
:10E2D40000F5614080F80013704700F00F00490119
:10E2E400C9B2014B1954704714ED00E0003A18BF4D
:10E2F4000122022908D0032909D0012901D142F0C1
:10E304000202C0F85425704742F00402F9E742F0D3
:10E314000602F6E7430904D0012B0BD14FF6FF7335
:10E3240001E04FF0FF3300F01F0023FA00F000F08B
:10E33400010070470023F6E710B504460068FFF7B4
:10E34400E9FF38B123681F2B0AD903F01F032360A8
:10E35400054810BD05494FF4F67001F03FFCF1E7A4
:10E364004FF0A040F5E700BF00030050FC67030036
:10E3740010B582B00C46019001A8FFF7DDFFA400A0
:10E38400019B03F5E07340F8234002B010BD00B5D3
:10E3940083B0019001A8FFF7CFFF019B03F5E07361
:10E3A400032240F8232003B05DF804FB00B583B0DA
:10E3B400019001A8FFF7C0FF0123019A9340C0F820
:10E3C4000C3503B05DF804FB00B583B0019001A8DF
:10E3D400FFF7B2FF0123019A9340C0F8083503B058
:10E3E4005DF804FB10B582B08446106820B100F0DB
:10E3F4006044B4F1005F34D1946824B104F0604403
:10E40400B4F1005F2DD15468CCF84405CCF84845EC
:10E414009068D268CCF83405CCF838250022CCF8C2
:10E424001821DCF818210192019A13F0010F1DD074
:10E434000122CCF8502513F0020F1BD00122CCF896
:10E44400402513F0080F02D10122CCF810200A68ED
:10E45400A2B113F0040022D04023CCF808330020EA
:10E4640002E000234B77102002B010BD0022CCF84C
:10E474005025E0E70022CCF84025E2E7DCF818312B
:10E48400002BFBD0C87FFF280DD08B7F1BB1FFF77B
:10E494008DFF0020E8E7FFF797FF0020E4E7402323
:10E4A400CCF80433E0E70020DEE710B50446C07F73
:10E4B400FF2803D0A37F53B1FFF778FF00236377CE
:10E4C4002372204650F8083B6168984710BDFFF757
:10E4D4007BFFF3E738B505460C468B1EDBB2012BF8
:10E4E40003D94B1FDBB2022B04D821462846FFF781
:10E4F400E9FE38BD02496B2001F070FBF5E700BF6F
:10E50400B0780300D0F81831B3B110B582B00C461E
:10E514000023C0F81831D0F818310193019B0B681F
:10E5240023B12046FFF7C1FF02B010BD034940F2FA
:10E53400972001F053FBF4E7704700BFC47C03004D
:10E5440008B502490248FFF7DDFF08BD90470020E7
:10E554000030004008B503494FF04020FFF7D2FFD8
:10E5640008BD00BFB447002008B502490248FFF7C0
:10E57400C9FF08BDD8470020003002402DE9F0470C
:10E5840082B00646914698460D46002900F08A80DE
:10E59400347904EBC403534901EB83010B7F002B53
:10E5A40040F099803768504B53F824103846FEF7F2
:10E5B40069FF8246002840F091804A4B04EBC40274
:10E5C40003EB820143F82290C1F804802B7B012BDA
:10E5D4006DD92878FFF7F8FE2B78019301A8FFF78F
:10E5E400ABFE019B03F5E073012240F8232095F86C
:10E5F4000180B8F1FF0F5ED14FF0FF39A878FF28F2
:10E6040061D14FF0FF38A97804EBC402354B03EB1A
:10E61400820383F82010E878D877FF280ED02B796E
:10E62400002B55D0FFF7C2FEE878FFF7B0FE29793A
:10E6340004EBC4022B4B03EB820399772B78C7F8C6
:10E644000835C7F80C95C7F81085AB68C7F82435AA
:10E654006A7B297B3846FFF749FEAB79C7F8C0359A
:10E664000723C7F8003504EBC4031E4A52F82330CD
:10E6740053B13068697940F30730FFF72BFF3068F6
:10E6840040F30730FFF710FE164B04EBC40203EB14
:10E69400820200215177134601221A77504602B0B4
:10E6A400BDE8F0871149AD2001F098FA70E72878A9
:10E6B400FFF77CFE90E7C1464046FFF777FE4046F1
:10E6C400FFF765FE9AE780460121FFF751FE9AE7BE
:10E6D400FFF77AFEA8E74FF0080ADFE74FF0110AC8
:10E6E400DCE700BF9047002078B00300C47C03003F
:10E6F4002DE9F04106460D469046047904EBC40327
:10E70400354F07EB83073B7F002B48D02B68002B4A
:10E714004BD0AB68002B51D03379022B07D8EB6870
:10E72400B3F5803F03D26B68B3F5803F04D32B4924
:10E734004FF40C7001F052FA04EBC402264B03EBC5
:10E7440082035B7F002B45D11346234A52F82330C2
:10E754004BB118F0140F06D104EBC4021E4B03EBAB
:10E76400820301225A7704EBC4021B4B03EB820C95
:10E774000CF10C0E95E80F008EE80F009CF81F00BA
:10E78400FF2804D09CF81E300BB3FFF71DFE434650
:10E794002A4639463068FFF725FEBDE8F0810F4967
:10E7A40040F22D2001F01AFAB0E76B68002BB0D0CC
:10E7B4000A4940F22E2001F011FAAAE7EB68002B77
:10E7C400AAD0064940F22F2001F008FAA4E7FFF787
:10E7D400EDFDDCE71120E0E790470020C47C030056
:10E7E400F0B583B005460F461646002401E0013417
:10E7F400E4B2B44215D2A00000F5A0704FF4803307
:10E80400A3402A58002AF2D0D5F804231342EED0AC
:10E8140000232B502B580193019B3B687968984740
:10E82400E5E703B0F0BD000008B50422024903483F
:10E83400FFF7D6FF08BD00BFFC4700200080004062
:10E8440008B5042202490348FFF7CAFF08BD00BF08
:10E85400084800200090004008B5042202490348FB
:10E86400FFF7BEFF08BD00BF1448002000A0004011
:10E8740008B5062202490348FFF7B2FF08BD00BFEE
:10E884002048002000A0014008B5062202490348A0
:10E89400FFF7A6FF08BD00BF2C48002000B00140D0
:10E8A40082B001238DF807309DF80730134B1860B0
:10E8B40059609A6044F20103984213D044F202036F
:10E8C400984207D10D4BDA60DA6812689A61DA6807
:10E8D4005268DA6172B69DF80730002BFBD162B63C
:10E8E40002B07047054B1A611A6992685A611A6935
:10E8F40012689A611A695268DA61EBE738480020B5
:10E9040000B583B002900091019244F20100714677
:10E914006A4600F003F803B000BD00002DE9F041A1
:10E9240084B004460E46154672B602F0E5FD02F0C8
:10E9340011FC0028FBD144F201039C423BD010D8C7
:10E94400012C1FD041F201039C4250D12E482F4B81
:10E95400C01AC00800042E4940F0010002F064FD12
:10E964001AE044F202039C4241D12748274BC01AC3
:10E97400C00800042B686A68264940F0010002F0D0
:10E9840063FD09E02048214BC01AC0080004224955
:10E9940040F0010002F048FD204BD3F8F03013F0B2
:10E9A400010F00D000BE2A4631462046FFF778FF0B
:10E9B40004B0BDE8F081144F144BFF1AFF083F0464
:10E9C40047F00107D5F80880404602F055F90346A0
:10E9D4006A682968029601910092424610493846B5
:10E9E40002F059FD0F49384602F01EFDD4E70648EF
:10E9F400064BC01AC008000432460B4940F001001F
:10EA040002F018FDC8E700BF30610300E0600300B6
:10EA1400A87D0300CC7D0300887D030000ED00E0A9
:10EA2400E87D0300107E0300247E030030B585B02A
:10EA34004568002D48D00446037B002B46D1026074
:10EA4400EFF3058323B300230393009303AB0A4638
:10EA54000921284606F0B0FB012801D0042036E045
:10EA640006F03EF802460023009303AB0621284635
:10EA740006F0A2FB0128F1D1039B0BB3164B4FF018
:10EA840080525A6040BFBFF34F8FBFF36F8F17E0C0
:10EA94000223009300230A460421284606F08CFB37
:10EAA400012801D0042012E006F014F802460223E3
:10EAB400009300230121284606F07EFB012808D19B
:10EAC40001232373002002E0082000E0002005B0A9
:10EAD40030BD0420FBE700BF00ED00E010B584B0BA
:10EAE4000446406830B3EFF30583B3B100220392C8
:10EAF400009203AB082106F05FFB01280BD1039BB6
:10EB0400A3B10E4B4FF080525A6040BFBFF34F8FFA
:10EB1400BFF36F8F0AE004200AE00223009300236E
:10EB24001A46032106F048FB012805D10020207372
:10EB340004B010BD0820FBE70420F9E700ED00E075
:10EB4400EFF3108272B6114B9B68CBB930B40F4906
:10EB540001238B600E4BD3F880400E4D2C400C608B
:10EB6400C3F88050D3F884404C604FF0FF31C3F8B1
:10EB740084100023037002B962B6002030BC7047D1
:10EB84000123037002B962B6002070475848002080
:10EB940000E100E0FC06FFBD094B9B686BB160B966
:10EBA400EFF3108172B6064B1868064A1060586875
:10EBB400506000229A6001B962B60020704700BF1D
:10EBC4005848002000E100E0EFF30583C3F3080395
:10EBD4003BB9EFF3148313F0010F0CBF01200020A5
:10EBE400704701207047000010B50446FFF7ECFFA2
:10EBF400012803D12046FFF7A3FF10BD024943209B
:10EC040000F0ECFFF6E700BF3C7E030010B50446BD
:10EC1400FFF7DAFF012803D12046FFF7BDFF10BD3F
:10EC24000249512000F0DAFFF6E700BF3C7E030002
:10EC340038B50546002402E0284698470134032CE1
:10EC440005D8034B53F82430002BF5D1F6E738BD33
:10EC5400D84800200378013B052B34D8DFE803F0C3
:10EC640003061120293100230B70704701230B7018
:10EC740003898B818388CB81C3688B6000230B74E9
:10EC8400704702230B7003898B818388CB81C3680F
:10EC94008B60837D062B14BF002301230B74704704
:10ECA40003230B70C3888B810389CB81C3688B607A
:10ECB400704704230B70C3888B810023CB818B6046
:10ECC400704705230B707047884207D20368B3F17D
:10ECD400FF3F01D00120704700207047002070479B
:10ECE4004388033300EB8300704738B504460D4670
:10ECF400FFF7F6FF85420CD3A2884FF6FF739A42C2
:10ED040009D023884BB1A368B3F1FF3F07D000209B
:10ED140038BD0220FCE70120FAE70120F8E70120D2
:10ED2400F6E7000060B10A4AD26882420AD8084A6B
:10ED34001269824208D310F0030F07D101207047F3
:10ED44000020704700207047002070470020704763
:10ED5400082B00200A4A00EB800302EB83031B8983
:10ED64000B4400EB800002EB8002528912FA83F01C
:10ED740080B2B0F5806F8CBF00200120704700BFC7
:10ED84009C480020002301E001339BB2012B0ED8E4
:10ED940003EB830C074A02EB8C0252688A42F3D2DB
:10EDA40002F580528A42EFD903800020704748F26E
:10EDB400096070479C4800208B7D022B04D903898D
:10EDC400CA881344033303814389CA889B1A033BCB
:10EDD40043817047F8B5033086B240F2FE339E4259
:10EDE40025D80D46002401E00134A4B2012C1BD81F
:10EDF40004EB84030F4A12F82330002BF4D131467C
:10EE04002046FFF7A7FF0028EED02C80094B04EB27
:10EE1400840203EB8202528904EB840703EB870329
:10EE240032445A81002001E048F20660F8BD48F2FD
:10EE34000860FBE79C480020064A01EB810302EBD3
:10EE440083035B8901EB810102EB81021B1A033B03
:10EE5400538170479C480020F8B50E4600EB8000B3
:10EE6400134B03EB80035C6804F580550868A0B17C
:10EE7400FFF736FF044629462046FFF725FF0746DD
:10EE840098B129462046FFF730FF012807D0022811
:10EE94000AD00028EFD1346007E00834EBE72046BD
:10EEA400FFF71EFF0446E6E700273846F8BD00BF1B
:10EEB4009C48002030B583B005460C464068FFF7F7
:10EEC40031FF20B12A89174B1B899A4218D000239D
:10EED40023802388012B23D80023019301A92088B0
:10EEE400FFF7BAFF0146B8B1019B2A6898689042BF
:10EEF400F4D16B600B4B1B892B81084603B030BDEA
:10EF04002A6869688B689A42E1D12046FFF73AFF84
:10EF1400B0FA80F14909F0E7238801332380D8E768
:10EF24000021EAE784480020F8B51C461F4B1B78F3
:10EF3400002B34D005460F461646002A32D03CB981
:10EF440048F2046027E000232360A3880133A380F0
:10EF5400A388012B20D803EB8303154A12F823302E
:10EF6400002BF2D12146A088FFF776FF0028EAD0D3
:10EF740023681DB199882A889142F3D11FB1198859
:10EF84003A889142EED19B68336023687360094BE1
:10EF94001B8933810020F8BD48F20960FBE748F281
:10EFA4000160F8E748F20460F5E700BFEC48002090
:10EFB4009C480020844800200B4A138901331381A4
:10EFC4000023538013730CE003EB83018A00074989
:10EFD4008A5CB2FA82F25209034919448A720133F3
:10EFE4009BB2012BF0D97047844800209C48002034
:10EFF40000B58646002301E001339BB2012B19D8EA
:10F004000E4A1A44927A002AF6D00C4A1A44002175
:10F01400917203EB83010A4A02EB8102D268002A4F
:10F02400EAD1074A02EB8102107C0028E4D0AEF852
:10F03400003000E000205DF804FB00BF844800209D
:10F044009C480020044B5B685B880333034A918827
:10F0540011FA83F393807047844800209448002079
:10F0640030B40E4804680E4B5B880E4903EB830CE6
:10F074004FEA8C020A44556805605460B0F804C035
:10F08400A2F808C00222828003EB830303FA02F28F
:10F09400114400230B7430BC704700BF9448002017
:10F0A400844800209C48002008B5124B1B78072B8D
:10F0B4000AD8DFE803F00409090A1016161AFFF744
:10F0C4007BFF0C4B01221A7008BDFFF7BBFF094BF5
:10F0D40002221A70F8E7FFF7C3FF064B06221A70E4
:10F0E400F2E7044B07221A70EEE7024B01221A7072
:10F0F400EAE700BF8448002008B50146014800F053
:10F10400EBFD08BDC448002008B5064B05221A7063
:10F11400054902238B80002301220968034801F07A
:10F12400A9FA08BD8448002094480020082B002038
:10F1340008B50D4B5B8803EB83010C4A02EB81029B
:10F14400D26872B9084A0421117003EB830307499A
:10F1540001EB8301002301224968054801F08AFA82
:10F1640008BDFFF7D1FFFBE7844800209C4800203E
:10F17400082B002000B583B0002300930823044A21
:10F1840004490968044801F0A5F903B05DF804FBDB
:10F1940090B0030094480020082B002008B5044BCD
:10F1A40007221A7000225A60FFF7E4FF08BD00BF6F
:10F1B4008448002000B583B001460023009308234F
:10F1C400034A044801F086F903B05DF804FB00BF6C
:10F1D40088B00300082B002038B530B90B79032B15
:10F1E40062D8DFE803F0081E3843324B00225A602D
:10F1F4004FF4064005E001230B71FFF7BBFF002825
:10F2040052D138BD0A4603EB8301890000205054D3
:10F2140003EB830302EB83025068FFF7CBFF012368
:10F224000FE00023012B09D803EB8302224911F8D4
:10F234002220022AE6D001339BB2F3E7002348F2EE
:10F244000E60002BDBD11B4B01221A7000225A6086
:10F2540041F61D50D5E700230B71184902228A801C
:10F2640001220968164801F005FAC8E74FF0000CBE
:10F2740081F804C0134B5B88104908680E4C03EBFB
:10F28400830204EB820255680D605060B1F804E01B
:10F29400A2F808E002228A8003EB8303934004F877
:10F2A40003C0FFF787FFAAE7024B00225A6048F227
:10F2B4000D60A6E7EC4800209C48002094480020FC
:10F2C400082B00208448002008B5064B06221A703B
:10F2D4005B8803EB83039A00034B13445868FFF7DE
:10F2E40069FF08BD844800209C48002000B583B015
:10F2F40002238375002300930423C218044801F0F9
:10F30400E9F810B903B05DF804FB48F20D60F9E7C1
:10F31400082B002000B583B0036973B10323837500
:10F3240000230093042300F10C020831054801F086
:10F33400D1F820B903B05DF804FB0123EFE748F2EC
:10F344000D60F7E7082B002000B583B00123837517
:10F35400C388002200929B0002690C31044801F02A
:10F36400B9F810B903B05DF804FB48F20D60F9E791
:10F37400082B002000B583B00378032B0ED006239E
:10F38400837500230093042300F1080219440648FE
:10F3940001F0A0F820B903B05DF804FB0523EFE702
:10F3A40048F20D60F7E700BF082B002010B582B0CB
:10F3B4000C46002300930423084A0146084801F040
:10F3C40089F840B904EB8404064B03EB840301225F
:10F3D4001A7402B010BD48F20D60FAE784B003005D
:10F3E400082B00209C48002070B50C468B8A03EB48
:10F3F40083022B4E06EB820688B9294A03EB83016C
:10F4040002EB81014D680B8905EB8305A37D062B77
:10F414000BD8DFE803F0162E22280D343E003046C8
:10F42400FFF7CAFC4FF4064515E048F20E650EE0FE
:10F434001C4800234360A36903601B49FFF73AFD9E
:10F4440050B329462046FFF751FF05461DB121461A
:10F454003046FFF7B1FC284670BD29462046FFF729
:10F4640059FF0546F2E729462046FFF76DFF05469A
:10F47400ECE729462046FFF77DFF0546E6E706232D
:10F48400A375094B1988074B5868FFF78FFF05468A
:10F49400DCE741F61D55DAE748F20965DBE700BF12
:10F4A4009C480020704800206C48002010B584B0AF
:10F4B40004460023009301930293C36800930DF163
:10F4C4000E016846FFF7F6FC18B948F2096004B06B
:10F4D40010BD01988388E38003882381BDF80E1052
:10F4E400FFF764FFF3E7000000B583B00B48426800
:10F4F4000B4B1968B3F804C0538803339BB24FF025
:10F50400030E80F800E0002000909B0001EB8C01CA
:10F51400044800F0DFFF03B05DF804FB84480020DA
:10F5240094480020082B002008B5064931F8020C45
:10F53400FFF792FC10B1FFF7D7FF08BDFFF7F8FD06
:10F54400FBE700BF8848002008B50748FFF750FDD7
:10F5540010B1FFF7E9FF08BD044B00221A705A806E
:10F564005A6041F61D50F6E7864800208448002082
:10F5740030BB08B5154B1B7B6BB1144B00221A73BF
:10F58400124B1B78013B062B1DD8DFE803F0070A5A
:10F594000D101C131600FFF787FDF1E7FFF7D4FFEA
:10F5A40008BDFFF7C1FFFBE7FFF79EFFF8E7FFF792
:10F5B400BFFDF5E7FFF788FEF2E7FFF7EFFDEFE7A2
:10F5C4004FF40640704748F20E60E9E78448002093
:10F5D40000B585B0094B01AA00210630FFF7A4FC51
:10F5E40038B9064B99880298FFF7E0FE05B05DF83C
:10F5F40004FB024B00221A605A60F7E764480020BB
:10F60400B0B908B50B79012B08D0022B13D0ABB9D4
:10F6140002230B710846FFF749FF0EE00846FFF787
:10F62400D7FF48F20963984207D141F61D5004E020
:10F634004FF40640704741F61D5008BD48F20E6075
:10F64400FBE7000008B50146014800F051FB08BD86
:10F65400C448002008B5084B1B683BB1012106488B
:10F6640000F001FC003818BF012008BD03494FF425
:10F67400247000F0B3FAF1E7E8480020DC7E0300D0
:10F6840010B586B004462CE02E48FFF735FD2E4B0E
:10F6940018602AE02D494FF4B46000F09FFA28E086
:10F6A4002046FFF799FD002849D0002301930293D7
:10F6B40003930493059341F61D5398423DD0029061
:10F6C400214C01A92068FFF7C5FA01A8FFF7B0FA99
:10F6D400002323601B48FFF7B5FFFFF7BBFF70B3A0
:10F6E4000024194B1B68002BCED0174B1B68002B32
:10F6F400D0D0154B19680B78013B052B1AD801A201
:10F7040052F823F0A5F6020021F7020021F70200C7
:10F7140029F7020029F7020031F702002046FFF71B
:10F7240063FEC0E72046FFF76BFFBCE72046FFF708
:10F734001FFFB8E748F20E60B7E70020BFE706B046
:10F7440010BD00BF7C48002080480020DC7E030000
:10F7540008B54068FFF794FF08BD000008B5012113
:10F76400014800F075FB08BDD448002008B50146E7
:10F77400054800F09AFA0022026042608260C2608A
:10F7840002614261826108BDC448002008B5014697
:10F79400014800F096FA08BDC448002008B50121CC
:10F7A400034800F04AFB00B108BDFFF769FFFBE71F
:10F7B400E84800202DE9F04383B00C463849097825
:10F7C40000295DD005469846002C5CD021884FF670
:10F7D400FF7399425AD06388002B5AD0676817F098
:10F7E400030759D1002A33D01388ADF80630B2F894
:10F7F40002906846FFF7BAFF0646002833D080F827
:10F80400008000238375BDF806308382636803613A
:10F81400FFF7A4FFF060238833816388B380A6F8E0
:10F824000690B8F1030F26D0002373816846FFF7D2
:10F83400ADFF3DB100236B60F2682A60AB72194BD7
:10F844001B892B81FFF7AAFF384603B0BDE8F0837C
:10F85400B4F808900DF106014846FFF7BBFA0028FA
:10F86400C7D00746F0E7BDF806104846FFF7E4FAAC
:10F8740048F20767E8E70423B3752B68B361D3E75D
:10F8840048F20167E0E748F20467DDE748F20367FE
:10F89400DAE748F20367D7E748F20267D4E700BF24
:10F8A400EC4800208448002010B370B582B00C46A8
:10F8B400054601B30DF10601FFF7FCFA18B948F249
:10F8C400096002B070BD6E68BDF8063003EB8300BA
:10F8D40080000830094B18440121043000F0B8FAC4
:10F8E40026606B680C3363600123AB720020E8E789
:10F8F40048F20460704748F20460E2E79C48002044
:10F90400F8B110B582B004460DF10601FFF7D2FA42
:10F91400D0B1BDF8063003EB8301104A02EB81023B
:10F92400D268AAB1A27AB2B10C4A02EB8101C968C9
:10F93400013903EB830302EB8302D1600020A07240
:10F9440004E048F20460704748F2096002B010BD58
:10F9540048F20560FAE748F20560F7E79C480020A2
:10F9640008B502230022FFF725FF08BD28B108B51A
:10F9740003230022FFF71EFF08BD48F2046070470E
:10F98400114B1B78BBB110B582B004464FF6FF7320
:10F99400984213D001A8FFF7E9FE90B10522027046
:10F9A40001220271C48001A8FFF7F0FEFFF7F6FE02
:10F9B400002002B010BD48F20160704748F20360B5
:10F9C400F7E748F20760F4E7EC48002000B583B09D
:10F9D400ADF80600ADF8041001A90DF10600FFF71B
:10F9E400A3FA03B05DF804FB00B583B01346ADF889
:10F9F40006000A460DF106010020FFF795FA03B050
:10FA04005DF804FB00B583B01346ADF806000A4662
:10FA140000210DF10600FFF787FA03B05DF804FB3F
:10FA240020B131B103680B600020704748F20460D4
:10FA3400704748F2046070471EF0040F1CBFEFF3D8
:10FA440009800AE0EFF308800549064A884201D894
:10FA5400904202D88D464FF00000034B1847000037
:10FA64000000042000F803209DFA0200BFF34F8F2A
:10FA74000549CA6802F4E062044B1343CB60BFF348
:10FA84004F8F00BFFDE700BF00ED00E00400FA0562
:10FA940008B5FFF7EBFF000070B582B0064601F031
:10FAA4002BFD01F057FB0028FBD1404B9D6A26B388
:10FAB4003F4C404BE41AE408240444F00104B269C6
:10FAC4003D49204601F0B6FCB368F2680192009308
:10FAD400736832683949204601F0CEFCF36900931B
:10FAE400736932693649204601F0B9FC2F4BDB6A51
:10FAF40013F0020F0CD1002420E02D482D4BC01A26
:10FB0400C00800042F4940F0010001F08DFCEDE72E
:10FB14002748284BC01AC00800042B4940F00100B4
:10FB240001F082FCE7E72248224BC01AC008000417
:10FB3400264940F0010001F07DFC0134192C09D85C
:10FB44000123A3402B42F8D0214B53F82420002A50
:10FB5400E9D1F2E715F0800F0ED115F4004F18D15A
:10FB6400124BD3F8F03013F0010F00D000BE304632
:10FB7400FFF78EFF02B070BD0D480E4BC01AC008CF
:10FB840000040A4B5A6B134940F0010001F052FC87
:10FB9400E3E70748074BC01AC0080004034B9A6BFD
:10FBA4000D4940F0010001F045FCD9E700ED00E00B
:10FBB40050610300E0600300707F0300887F03004E
:10FBC400C07F0300E87F03001C8003006080030003
:10FBD40098B003006C8003008C80030000B583B0F0
:10FBE400009001916A46002144F20200FEF796FE5D
:10FBF40003B05DF804FB82B050E8013F1FFA83FCB8
:10FC0400C28994448289944528BFACEB020C0289D2
:10FC1400944502BFBFF32F8F002007E0CCEA030C0A
:10FC240040E801C2002AE7D14FF001008DF8070037
:10FC34000093009B0B609DF8070002B0704750E8EA
:10FC4400012FC2EA024240E80123002BF7D170479A
:10FC540082B050E8023F1FFAA3FCC288944502BF59
:10FC6400BFF32F8F00200EE0C2899444828994450B
:10FC740028BFACEB020CC3EA0C4C40E802C2002AD9
:10FC8400E7D14FF001008DF807000093009B0B6053
:10FC94009DF8070002B0704750E8022FC2EA2242E2
:10FCA40040E80223002BF7D1704738B505460C46CF
:10FCB400FFF7A1FF18B128682388184438BD002035
:10FCC400FCE708B50A884B889A4201D0002008BD99
:10FCD400FFF7B5FF0120FAE738B505460C46FFF7F4
:10FCE400B7FF18B128686388184438BD0020FCE7C2
:10FCF40008B50A884B889A4201D0002008BDFFF756
:10FD0400CBFF0120FAE708B54B0901F01F010122DE
:10FD140002FA01F100EB830000F06EF808BD10B5A3
:10FD24004B0901F01F040121A14000EB830000F006
:10FD340058F8E04000F0010010BD08B54A0901F090
:10FD44001F01012303FA01F1C94300EB820000F013
:10FD540069F808BD4B0950F8230001F01F01C840A1
:10FD640000F0010070472DE9F04106460F460025DA
:10FD740018E0202300E020231F2B12D803EB4514A6
:10FD8400A7420ED921463046FFF7C9FFE0B1D8F8A3
:10FD94000030DB4393FAA3F3002BECD0B3FA83F3E4
:10FDA400EAE701357B1E5B090133AB420BD906EB55
:10FDB400850856F82530DB4393FAA3F3002BD8D0FB
:10FDC400B3FA83F3D8E73C462046BDE8F081034606
:10FDD40053E8000F0A4643E8002C9CF0000FF7D1CB
:10FDE4007047034653E8000F40EA010243E8002C41
:10FDF4009CF0000FF6D17047034653E8002F42EA07
:10FE0400010043E8000C9CF0000FF6D17047034654
:10FE140053E8000F00EA010243E8002C9CF0000FB5
:10FE2400F6D17047034653E8002F02EA010043E885
:10FE3400000C9CF0000FF6D17047034653E8000F06
:10FE440000EB010243E8002C9CF0000FF6D1704750
:10FE5400034653E8002F02EB010043E8000C9CF03A
:10FE6400000FF6D17047034653E8002FA2EB0100C0
:10FE740043E8000C9CF0000FF6D1704708B501214F
:10FE8400FFF7BAFF08BD08B50021FFF7C0FF08BDA2
:10FE940038B50C46054620B1EB68288A00FB0430CF
:10FEA40038BD0249E820FFF799FEF5E7888503008D
:10FEB40038B50C46054630B1EB68E01A2B8AB0FB26
:10FEC400F3F0C0B238BD0249F520FFF787FEF3E72F
:10FED4008885030000283DD010B50446036873B13B
:10FEE40063688BB1A368ABB1E368CBB1238AEBB190
:10FEF400A2686368D21AD2B221680B6022E0164964
:10FF0400FF20FFF76BFEEBE713494FF48070FFF718
:10FF140065FEE7E7104940F20110FFF75FFEE3E7F3
:10FF24000D494FF48170FFF759FEDFE70A4940F2AB
:10FF34000310FFF753FEDBE721680A68501C0860D2
:10FF440013701A46531EDBB2002AF5D12368002031
:10FF5400187110BD0E2070478885030030B583B03A
:10FF64000446E8B100238DF807300DF10700FEF7D1
:10FF74003BFE2268136861688B4217D9591E1160D1
:10FF840013F8011C2046FFF783FF0546A368226887
:10FF940011685B1ADBB21179994208D2137106E039
:10FFA40006494FF49270FFF719FEDBE700259DF830
:10FFB4000700FEF72BFE284603B030BD88850300FA
:10FFC40070B582B00C460646B0B1DCB100238DF8A2
:10FFD40007300DF10700FEF707FE33681D686A1C41
:10FFE4001A6021463046FFF763FF28709DF807002A
:0CFFF400FEF70CFE02B070BD054940F2A3
:020000023000CC
:100000004710FFF7EDFDE2E702494FF4A470FFF758
:10001000E7FDDDE78885030010B5044640B1A2681E
:100020002AB163692168206998470023A36010BD45
:1000300002493120FFF7D4FDF1E700BF2486030019
:100040000EB430B582B0059D0446A0B16369BBB162
:100050002368D3B16368EBB145B10023019306ABCC
:10006000019301AA2946204600F026F902B0BDE816
:10007000304003B070470A494220FFF7B1FDE5E781
:1000800007494320FFF7ACFDE2E705494420FFF7AD
:10009000A7FDDFE702494520FFF7A2FDDCE700BF2F
:1000A0002486030038B504460D460A2909D0226883
:1000B000A368591CA160D554A26863689A4204D20F
:1000C00038BD0D21FFF7EEFFF1E72046FFF7A4FF53
:1000D000F6E700002DE9F84F82460F4615461E460A
:1000E000DDF828900B9A0B464FF0010803E0B3FBB4
:1000F000F5F308F10108AB42F9D2B04500D2B046A1
:1001000012F0010B13D1B9F1000F10D012F0020F51
:100110000FD086B1202405E009F1FF392146504671
:10012000FFF7C0FFB9F1000F01D0C145F4D8012499
:1001300006E02024F6E73024F4E7013E05FB04F452
:10014000012EFAD8B7FBF4F39D42F7D9B7FBF4F3CD
:1001500004FB13770E4AD15C5046FFF7A3FF2346FA
:10016000B4FBF5F4AB42F1D2BBF1000F02D0B9F110
:10017000000F07D1BDE8F88F09F1FF392021504663
:10018000FFF790FFB9F1000FF4D0C145F4D8F1E7C3
:1001900000B103002DE9F04782B080460F461446B7
:1001A00099460A9EDDF82CA081EAE17CACEBE17C6B
:1001B000012502E09CFBF4FC01356445FADD4D4568
:1001C00000D24D462EB1002F02DB1AF0040F00D0F2
:1001D000013E1AF0020F02D0B9F1000F03D01AF05D
:1001E000010F00D1CEB9002F1CDB1AF0040F1FD174
:1001F0000AF00303022B20D0CDF804A000964B4652
:10020000224639464046FFF765FF02B0BDE8F08759
:10021000013E20214046FFF745FF002EE3D0AE42CD
:10022000F6D8E0E77F422D214046FFF73BFFDFE7AE
:100230002B214046FFF736FFDAE7B9F1000FDBD19B
:100240002EB9D9E7013E30214046FFF72BFF002EA3
:10025000D2D0AE42F6D8CFE7F8B506460C461546E2
:1002600013F001070ED1E1B1084605F064FE074620
:1002700017E0013401373046FFF714FF21780029D9
:10028000F7D106E00027F9E7013D20213046FFF7CE
:1002900009FFBD42F8D8F8BD013D20213046FFF7E7
:1002A00001FFBD42F8D803E001343046FFF7FAFE03
:1002B00021780029F8D1EEE7F0B583B00C46164658
:1002C000054648B16B696BB12B688BB16B68ABB1FC
:1002D000002C40F08B80DAE0704940F25220FFF7AA
:1002E0007FFCEFE76D494FF41570FFF779FCEBE702
:1002F0006A4940F25520FFF773FCE7E7674940F28F
:100300005620FFF76DFCE3E70027012303E047F0E9
:100310000107013483B121782D29F8D0302903D089
:100320002B2905D00023F5E747F002070134F1E758
:1003300047F004070134EDE700222A290CD0217888
:10034000A1F13000C0B209280CD8013402EB8202BE
:1003500001EB4202303AF0E73368191D31601B6847
:100360001A44013423782E2B02D00023217811E087
:10037000013400232178A1F13000C0B20928F5D85A
:10038000013403EB830301EB4301A1F13003F1E7F7
:1003900014F8011F6C29FBD06829F9D025296FD0EA
:1003A00020D378291ED858291CD35839202919D888
:1003B000DFE801F03C181818181818181818181148
:1003C000261818181826181818181818501818472A
:1003D000183118183C0033681A1D32601978284605
:1003E000FFF760FE01342378002B4ED014F8011B78
:1003F00000294AD0252987D02846FFF753FEF2E787
:100400003168081D30600968019700920A22284669
:10041000FFF7C0FEE6E73168081D30600968019704
:1004200000920A222846FFF755FEDBE73168081DD7
:10043000306009680197009210222846FFF74AFEB3
:10044000D0E731680B1D33603B4609682846FFF74B
:1004500003FFC7E733681A1D32601F683021284642
:10046000FFF720FE78212846FFF71CFE00230193AA
:1004700008230093102239462846FFF72BFEB1E7E8
:1004800025212846FFF70EFEACE72B7B0BB903B006
:10049000F0BD2846FFF7C0FDF9E700BFB8860300AE
:1004A000C3688B4206D8114401390369994203D9C4
:1004B00000207047002070470120704710F0030FA4
:1004C0000CBF01200020704743681B68013B0B42B2
:1004D0000CBF0120002070472DE9F04182B00028B8
:1004E00031D00E4615461C460746002A3BD0D0F8B0
:1004F0000080B8F1000F46D0002B54D043685A68F2
:10050000B4FBF2F302FB1343002B5CD10846FFF768
:10051000D5FF002867D02846FFF7D0FF002872D00B
:10052000224631463846FFF7BBFF00287BD0D8F87B
:100530000C80089B009323462A4631463846C04724
:1005400002B0BDE8F0814048404BC01AC00800042A
:100550000E2400943E4B3F4A3F4940F0010000F01A
:1005600080FF2046ECE73848384BC01AC00800042A
:100570000E240094364B394A374940F0010000F010
:1005800070FF2046DCE73048304BC01AC00800043A
:10059000082400942E4B324A2F4940F0010000F00D
:1005A00060FF2046CCE72848284BC01AC00800044A
:1005B00009240094264B2B4A274940F0010000F003
:1005C00050FF2046BCE72048204BC01AC00800045A
:1005D000092400941E4B244A1F4940F0010000F0FA
:1005E00040FF2046ACE71848184BC01AC00800046A
:1005F00010240094164B1D4A174940F0010000F0EA
:1006000030FF20469CE71048104BC01AC008000479
:10061000102400940E4B164A0F4940F0010000F0E0
:1006200020FF20468CE70848084BC01AC008000489
:1006300010240094064B0F4A074940F0010000F0D7
:1006400010FF20467CE700BF60610300E06003000C
:1006500024B103005087030058870300E487030098
:100660008C870300A0870300EC8703001888030031
:1006700030880300548803002DE9F04182B0F0B1C6
:10068000884614461F460546066846B3002A36D0FB
:10069000FFF71AFF002842D06B681A6804FB02F2C9
:1006A00041462846FFF7FCFE002848D036693B4605
:1006B000224641462846B04702B0BDE8F0812848AE
:1006C000284BC01AC00800040E240094264B274A69
:1006D000274940F0010000F0C4FE2046ECE7204826
:1006E000204BC01AC0080004082400941E4B214A65
:1006F0001F4940F0010000F0B4FE2046DCE7184836
:10070000184BC01AC008000409240094164B1A4A5A
:10071000174940F0010000F0A4FE2046CCE7104845
:10072000104BC01AC0080004102400940E4B134A4A
:100730000F4940F0010000F094FE2046BCE7084855
:10074000084BC01AC008000410240094064B0C4A41
:10075000074940F0010000F084FE2046ACE700BFEE
:1007600060610300E060030010B1030050870300E4
:10077000588703008C870300A08703007C88030050
:10078000A488030029DF704728DF704703689B684F
:10079000002B28D000B587B000230093019302936B
:1007A000039304930593019183680593037953B1EF
:1007B000012B11D102238DF80030C3681B03029373
:1007C0004369049308E001238DF800300369029324
:1007D000C36803934369049303689B68684698471A
:1007E00007B05DF804FB704710B542698369D21AFF
:1007F000B2F5805F28BF4FF4805292080469C16847
:10080000012A38BF012219441819FFF7BBFF10BD98
:1008100008B5C26800691044FFF7B6FF08BD0000C4
:10082000114B0022DA6003791BB1012B0FD0104667
:10083000704742698369D11AB1F5805F94BF5B1834
:1008400003F5805383619A4209D000207047036901
:10085000013303614269934203D0002070470120B5
:1008600070470120704700BFFC480020064AD3684B
:100870000133D360082B01D80020704713460022B3
:10088000DA600120704700BFFC480020034B0122C2
:100890005A74187AB0FA80F040097047FC4800207A
:1008A00008B502490248FFF725FA08BDF4480020C0
:1008B0001049002008B505490548FFF70FFA054B18
:1008C0001860003818BF012008BD00BFF4480020A0
:1008D00010490020F848002008B51A4B1B7AA3B134
:1008E000184B02221A72184B18680379ABB1012B0E
:1008F0001CD00321144B1868FFF748FF114B00224E
:100900001A725A60FFF7CCFF08BDFFF7D3FF00282B
:10091000E6D10C4B00225A60F6E7FFF765FF40B1C5
:100920001128E6D1074B01221A72EDE7FFF770FF9D
:10093000F5E7044B1B7C002BE6D10021022000F0E0
:1009400005F8E1E7FC480020F8480020831E012B51
:100950002DD810B50446164B1B7A53B1022B03D188
:10096000022807D0032818D0114B5B7CE3B9FFF7AE
:10097000B3FF10BD0F4B1868FFF752FF0028F3D0EC
:100980000B4B00221A720B4B1868022C0AD00D2157
:10099000FFF7FCFEFFF784FFE6E7064B1868FFF75A
:1009A00065FFEBE71146F3E701F02EF9E1E7704749
:1009B000FC480020F8480020012802D0032800D07D
:1009C000704708B5054B00225A74012814BF002057
:1009D00001201874FFF780FF08BD00BFFC4800200D
:1009E0002DE9F04F83B0884601929B469DF83090E8
:1009F0000446D0B1B4F806A0637903FB0AFAAAF161
:100A0000040ADA4516D9E7880BF10403B3FBF7F6BD
:100A100007FB1633019A156805EB0B02524501D905
:100A2000AAEB0B05019A15600BE01949B620FFF7F8
:100A3000D7F8DFE71649C420FFF7D2F8E3E72468C8
:100A4000013E002EFBD1A7EB030AAA4528BFAA4608
:100A5000B3460DE052460146184605F083FA246875
:100A6000A5EB0A05D344BA46AF4228BFAA4633468F
:100A70005DB108EB0B0023440433B9F1000FE9D05A
:100A80005246194605F06EFAE9E703B0BDE8F08F6B
:100A90000489030008B5FFF71FFA08BDF8B5014641
:100AA0004679701E0A46002301E012680133834232
:100AB000FBD31768002405E00D683846FFF782FA7B
:100AC00001342946A642F7D8F8BD2DE9F843074678
:100AD000048A231F19440331B1FBF3F8FFF740FAEE
:100AE0000646F8B10025057101234371043CC4801A
:100AF0005FFA88F808F1FF3807608146454511D252
:100B00003846FFF72DFA044640B17379013373710B
:100B1000C9F80000076001358146EFE73046FFF76E
:100B2000BDFF26463046BDE8F88308B501210430F4
:100B3000FFF790F908BD10B5044601210430FFF716
:100B400094F910F0FF0F00D010BD2046FFF7A6FF6C
:100B5000FAE7000010B584B0144603920022009218
:100B600003AAFFF73DFF039BA34201D104B010BDD0
:100B70000249F620FFF734F8F8E700BF04890300C4
:100B800010B584B0144603920122009203AAFFF725
:100B900027FF039BA34201D104B010BD02494FF4CB
:100BA0008070FFF71DF8F7E70489030082680023CF
:100BB000936082681361826853618268D36082683F
:100BC000536082681360704738B50C46054638B1EB
:100BD0005CB12C6023686B60626893420AD038BDB8
:100BE00006495020FEF7FCFFF2E704495120FEF7CA
:100BF000F7FFEEE700236B60F1E700BFA089030079
:100C000010B5044658B1236873B1636833B12268E4
:100C100091680B446360526893420AD010BD064944
:100C20006320FEF7DDFFEEE703496420FEF7D8FFFF
:100C3000EBE700236360F1E7A08903000E49A1F50B
:100C40009472914215D9A1EB020C4FEADC7303EBCD
:100C5000EC035B1002EBC30C52F83330834201D932
:100C60006146EEE702D20CF10802EAE7DCF8040084
:100C700070470020704700BF60B2030008B5FFF75F
:100C8000DDFF00B108BD0148FCE700BF60B2030012
:100C90007047704700B583B0044B00934FF48063F6
:100CA000034A00F033F803B05DF804FBB50C030011
:100CB000204900200AB3F8B50F4614460326002544
:100CC00003E00E4B01221A70B4B1224679190020BC
:100CD00000F0D0FD0544241A0028F2D1074B1B7800
:100CE00053B1074B4FF47A4043F001039847013E5C
:100CF000E7D1024B00221A70F8BD7047204D00204A
:100D000080B2030008B500F0EBFD08BDF0B595B06A
:100D10000E4615461C460846FFF707FF0E950F9432
:100D2000002310938DF8443012931A9A13920822DC
:100D300008A93046FFF724FF0A9B0B93BDF8243027
:100D4000ADF83030BDF82630ADF8323001238DF8E3
:100D500035309DF8203003F00303012B06D0022B21
:100D600021D03046FFF7E7FE15B0F0BD089DC5F372
:100D700095259DF82030C3F3C2038DF83430BDF8BB
:100D80002040C4F383140823A2000DEB0301304676
:100D9000FFF7F6FE0EAB00930BAB224602A92846E6
:100DA00000F020FCDDE7BDF82250C5F389159DF861
:100DB0002030C3F3C2038DF8343008272C46082DA9
:100DC00028BF08243B46224602A93046FFF7D8FE3A
:100DD00027442D1B0EAB0BAA214602A800F064FC91
:100DE000002DEBD1BDE7000008B5FFF78BFF042114
:100DF000064800F063FB002803DB054B01225A7113
:100E000008BD04494120FEF7EBFEF6E7C861030088
:100E1000382B0020408E0300037813F0040F19D004
:100E200003F00303012B03D0022B0AD001207047EB
:100E30000388C3F383130A68134402330B60012051
:100E400070474388C3F389130A68134402330B6065
:100E50000120704700207047002002E001238BB979
:100E6000013009280CDC084BD3F81034002BF5D0E6
:100E7000DB681A79824201D01B68F7E70023EEE7AE
:100E80004FF0FF30704700BF244D002010B584B0F4
:100E90002D4C2046FEF7F4FF201FFEF7F1FFA4F5CE
:100EA0008364A3680393DBB2023304EB8304201D45
:100EB00006E09DF80C300233244800EB8300043038
:100EC00003A9FFF7A9FF0028F3D100220BE0039B41
:100ED000591C0391DBB202331C4901EB83035B68AD
:100EE0004DF822300132012AF1D99DF8003003F08B
:100EF0000303012B16D0022B1ED1BDF80640BDF80E
:100F00000230C3F389130333039A02EB9302039273
:100F10000F48FEF7BAFF10B10C4B039A9A602046B7
:100F200004B010BDBDF80640BDF80020C2F3831226
:100F3000039B13440393EBE706494FF4C270FEF79B
:100F40004FFE0024E4E700BF3C510020244D002068
:100F500038510020FC8E0300F0B583B006460C46E5
:100F60001746851C00238DF807300DF10700FDF7AB
:100F70003DFE1E4B5A6822609B689B1A03F58073E6
:100F800011E01B4C01212046FEF764FFFFF77EFFB6
:100F900001462046FEF75EFFA4F21C44A368626887
:100FA0009B1A03F58073AB42EBD30022B7B1012348
:100FB00063F3010242F0040266F389120B484168B0
:100FC000CBB2023300EB83035A60294441609DF8A1
:100FD0000700FDF71DFE012003B0F0BD022363F3FF
:100FE000010242F0040266F39F52E7E7244D00201D
:100FF0004051002010B5074B01221A700648FFF738
:1010000049FD044608B1204610BD0448FFF7CEFD57
:10101000F9E700BF244D0020CC60030094B2030028
:101020000248034BC01AC008704700BFC8610300E4
:10103000E060030099B110B50446FFF7F1FF00230B
:1010400083420AD2074A32F823102268914201D023
:101050000133F5E72360002000E0052010BD0020EB
:10106000704700BF1C2B00202DE9F04706460F46B5
:1010700090461D46DDF82090040C00211A48FEF72A
:10108000A8FE80F3100AFFF7CBFFA04225D96B1C06
:1010900003EA090344EA0A42144C023304EB8303D3
:1010A0005A6005EA0905023504EB85031A7966F3EF
:1010B000C5021A719A8868F389129A805A6867F390
:1010C0009F225A601A79012161F301021A71D2B28A
:1010D00022F004021A71BDE8F087054940F2A91018
:1010E000FEF77EFDD3E700BF40510020244D0020D5
:1010F000FC8E030000B583B0019001A8FFF79AFFB2
:1011000030B9019A034B53F8320003B05DF804FB89
:101110000020FAE7E0600300094B03EBC00301394C
:10112000032909D8DFE801F0020A0406022070470B
:10113000187970475879704700207047042070472D
:10114000E0600300034B98685B68984214BF00207E
:1011500001207047244D00202DE9F04186B0FFF7B3
:10116000F1FF002840F01F81044690480023C0F89A
:101170001834BFF34F8F83680593DBB2023300EB63
:101180008300043005E0DBB20233884800EB8300C3
:10119000043005A9FFF740FE30B3844BD3F8183470
:1011A00023BB824B5A68059B9A42ECD87F4B9A60CE
:1011B000F5E0059B591C0591DBB202337B4901EB3D
:1011C0008303596802AB43F822100132012AF0D997
:1011D0009DF8083003F00303022B09D0012B6DD0DA
:1011E000724BD3F81044C9E00022EFE70022EDE78C
:1011F000BDF80A30C3F38916B046502E28BF4FF011
:10120000500868F38F13ADF80A3008F108016848F8
:10121000FFF75BFC05460028E2D0FFF786FC0023C1
:1012200008220DEB02012846FFF794FC0599CB43F9
:10123000DBB201339F00B8EB830F33D91FBB5FFADA
:1012400088F700245B49A04608233A462846FFF762
:1012500081FC07F1080324B1424621462846FFF7E6
:1012600079FC0336059B03EB96030593002DB7D05D
:101270004E4BD3F81044D3F81834002B57D02846DF
:10128000FFF759FC86E0C9B20231484C04EB8101FA
:101290000431FFB25FFA88F8A8EB07085FFA88F814
:1012A0000C34D1E7CBB20233404901EB8301082370
:1012B000424604312846FFF74DFCD2E7BDF808202E
:1012C000C2F38313062B28BF062363F38912ADF8FC
:1012D0000820023399003648FFF7F7FB054600283F
:1012E0003FF47EAFFFF721FC002308220DEB020143
:1012F0002846FFF72FFC002408260FE0059B5A1C08
:101300000592DBB20233294901EB83013346042203
:1013100011442846FFF71EFC04360134BDF808309E
:10132000C3F38313A342E9D8A0E7E3681C684CB178
:10133000E3685B79002BF8D023681B6829462046B8
:101340009847F2E72846FFF7F6FB00238DF80730B1
:101350000DF10700FDF74AFC144BD3F8183413B90C
:10136000124B059A9A609DF80700FDF751FC11E0B9
:1013700023689B6820469847E3681C68002CF7D1D7
:101380000D480E4BC01AC00800040D4940F0020081
:1013900000F04CF8FFF7D6FE80F00104E4B22046DE
:1013A00006B0BDE8F0810024F9E700BF244D00201D
:1013B000CC600300304D002030610300E06003008A
:1013C000A08F03002DE9F04184B0074688461646F9
:1013D0001D46012203A91846FFF7BEFDC8B1039BB5
:1013E000991C4FF0000C0BE0CAB202320E4C04EB19
:1013F000820E56F82C20CEF804200CF1010C01319D
:10140000AC45F1D3FF2200922A4641463846FFF709
:101410002BFE054B1B781BB1FFF79EFE0028FBD16E
:1014200004B0BDE8F08100BF244D002008B50023C2
:101430001A46FFF7C7FF08BD00B583B0019201232C
:1014400001AAFFF7BFFF03B05DF804FB00B583B04E
:101450000092019302236A46FFF7B4FF03B05DF8E0
:1014600004FB00B585B001920293069B039303230E
:1014700001AAFFF7A7FF05B05DF804FB00B585B032
:1014800000920193069B0293079B039304236A46F1
:10149000FFF798FF05B05DF804FB00B587B0019237
:1014A0000293089B0393099B04930A9B05930523CE
:1014B00001AAFFF787FF07B05DF804FB10B50446EB
:1014C000FFF7CAFCB0F1FF3F0ED0E36818710A4B7A
:1014D000D3F810344BB1DA68E36812681A60064B2F
:1014E000D3F81034DB681C6010BD034BC3F8104404
:1014F000E36800221A60F7E7244D002010B5094B7D
:10150000D3F8104401221A7008E0E36801225A71EE
:1015100023685B6820469847E3681C68002CF4D178
:1015200010BD00BF244D002070B582B004460D46AA
:10153000C388A3B9217A05290FD0637ABBB9227A6F
:10154000104B53F822600021A088FFF7D3FD03461B
:1015500032460D492846FEF773FD02B070BD0B4AB6
:1015600000920B4A0B492846FEF76AFDE2E7A08885
:10157000FFF7D2FD084B53F8202008492846FEF714
:101580005FFDDCE7C4B20300E48F0300D88F0300E3
:10159000B88F0300C08F0300A0B20300E08F0300E8
:1015A00010B50C46037A052B0FD0437A3BB90A4994
:1015B0002046FEF745FD2046FEF72EFD10BD074AEA
:1015C00007492046FEF73CFDF1E7002AF3D0024927
:1015D0002046FEF735FDEEE7BC670300D88F030019
:1015E000E08F03002DE9F04385B081460D4690461B
:1015F0001E460C9C277B0023237321463046FFF7B1
:1016000093FFB8F1060F09D8DFE808F00411171EA0
:1016100027323F0049462046FEF712FD00222146B0
:101620003046FFF7BDFF277305B0BDE8F0832A6899
:1016300049462046FEF704FDF0E76B682A684946F4
:101640002046FEF7FDFCE9E7AB6800936B682A686B
:1016500049462046FEF7F4FCE0E7EB680193AB68EF
:1016600000936B682A6849462046FEF7E9FCD5E7F7
:101670002B690293EB680193AB6800936B682A684F
:1016800049462046FEF7DCFCC8E76B6903932B69EB
:101690000293EB680193AB6800936B682A68494634
:1016A0002046FEF7CDFCB9E7082900D970472DE99F
:1016B000F04707460E4690461D4693F80C900024CE
:1016C0001C7319461046FFF72FFF04E01C492846FB
:1016D000FEF7B6FC0134072C07D8B442F6D23A5DC7
:1016E00018492846FEF7ACFCF4E717492846FEF7F0
:1016F000A7FC002407E04FF02E0A52461349284663
:10170000FEF79EFC0134072C11D8B4420AD2385D92
:101710007E28F0D8824604F0B7F80028EDD14FF0CB
:101720002E0AEAE70A492846FEF78AFCEAE7012280
:1017300029464046FFF734FF85F80C90BDE8F08756
:10174000F88F0300F08F0300FC8F0300009003006C
:10175000049003000369C268934204D881688A1A1E
:101760001344581E7047981A013870472DE9F84302
:10177000044688461646C5688768A7EB0509914563
:1017800007D94068284404F0EDFB3544E560BDE826
:10179000F88340684A46284404F0E4FBED1B3544D6
:1017A0002A4608EB0901606804F0DCFBE560EEE71F
:1017B0002DE9F843064688461746C5684FF00009EC
:1017C00018E05B1B5A1EB3685C1B944228BF14468A
:1017D000BC4228BF3C46706822464146284404F07B
:1017E000C1FBA144A0443F1B2544B368AB4209D0D0
:1017F000F5604FB133699D42E3D3B2685B1B1A4475
:10180000013AE0E70025F3E74846BDE8F883000029
:10181000124B02221A615A6111499961114ADA6127
:101820004FF400721A6200229A625A62DA62996474
:101830000D49D964102119659A655A65DA650B4A14
:101840001068C3F807000A4A92E8030018609980FC
:10185000090C997120229A71704700BFBC54002076
:1018600058900300BC520020AC520020649003004A
:1018700068900300F8B50F461646441C04EB440478
:10188000164B03EBC40400EB400003EBC003DD6A1E
:10189000012D0ED0022D1AD0F5B92046FFF75AFFC0
:1018A000864212D8324639462046FFF75FFF35465A
:1018B0000BE02046FFF74EFF3546864228BF05461F
:1018C0002A4639462046FFF751FF2846F8BD2046F4
:1018D000FFF76EFF0546F8E70025F6E7BC54002049
:1018E00008B5FFF795FF08BD002807DB00F01F02D1
:1018F000400901239340024A42F82030704700BF5C
:1019000000E100E000280CDB00F01F024009012389
:1019100093402030034A42F82030BFF34F8FBFF38B
:101920006F8F704700E100E0002807DB00F16040A6
:1019300000F5614090F800034009704700F00F0087
:10194000014B185C4009704714ED00E010DF704750
:1019500011DF70471F2808DD3F280CDC20380123E9
:10196000834014BF012000207047044B23FA00F08D
:1019700000F0010070470120704700BFFC06FFBD6A
:1019800038B50446FFF7E6FFE8B12046FFF7CCFF85
:1019900007281CD8EC23034113F0010F1AD00F4B7A
:1019A0009D6865B16009194653F8203004F01F04A2
:1019B0000122A240134341F82030002505E02046D3
:1019C000FFF792FF01E042F20105284638BD42F2DE
:1019D0000205FAE742F20205F7E700BF5848002087
:1019E00038B50446FFF7B6FFA8B10C4B9D6875B13A
:1019F0006009194653F8203004F01F040122A24068
:101A000023EA020341F820300025284638BD20464D
:101A1000FFF778FFF9E742F20105F6E758480020A2
:101A200070B582B00646154D154BED1AED082D0424
:101A300045F00405024613492846FFF7FDFC12490C
:101A40006846FFF7C1F807E0224610492846FFF72D
:101A5000F3FC6846FFF7D4F8019C64B12368616821
:101A6000304698470028EFD1224609492846FFF71B
:101A7000E3FC112000E0002002B070BD68610300AB
:101A8000E060030070900300F0B203008890030050
:101A9000A890030010B582B004460E480E4BC01A41
:101AA000C008000422460D4940F00400FFF7C4FCC2
:101AB0000B496846FFF788F806E01A68596820461F
:101AC00090476846FFF79CF8019B002BF5D102B0C8
:101AD00010BD00BF68610300E0600300CC9003000C
:101AE000E4B2030008B51620FFF74AFF00B908BDAD
:101AF000024AA121FCF706FFF9E700BFE4900300CA
:101B000008B51620FFF76CFF00B908BD024AAD21E9
:101B1000FCF7F8FEF9E700BFE490030010B582B0CF
:101B20001B4B1B7873BB1B4B01221A700020FFF765
:101B300077FF11282AD00020FFF7ACFF164B1B6857
:101B4000019300238DF803300DF10300FDF74EF8EB
:101B5000124901A8FFF7FAFE0446B0FA80F04009E6
:101B60000B4B18709DF80300FDF752F85CB9002389
:101B7000084A13700A4A1370FFF7B4FF0120FFF7F9
:101B800089FF00E00824204602B010BD0024FAE7D7
:101B90003655002034550020FCB2030021E9020034
:101BA0003555002030B583B0154B1B7813B3012099
:101BB000144B1870FFF734FF11281FD00220FFF7D5
:101BC00069FF00258DF807500DF10700FDF70EF8AD
:101BD000FFF7BEFE04460A4B1D709DF80700FDF797
:101BE00017F844B9074B1D70FFF78AFF0320FFF772
:101BF00051FF00E00824204603B030BD0024FAE77E
:101C0000365500203455002008B5074B1B7843B1EA
:101C1000064B1B7813B1FFF7C5FF08BDFFF77EFF2A
:101C2000FBE70820F9E700BF3455002036550020B7
:101C3000014B1878704700BF3655002000B583B0BF
:101C400008496846FEF7C0FF05E01A6858689047E3
:101C50006846FEF7D5FF019B002BF6D103B05DF877
:101C600004FB00BFD8B2030008B5FFF7E7FF08BDCB
:101C700060DF704769DF704761DF70474FF0805366
:101C8000D3F80C01800200F100507047164B1B780E
:101C900043B300B5ADF5017D09E01A68596803A8A2
:101CA000904701A8FEF7ACFF029B002BF5D14FF443
:101CB000FA73ADF802300DF1020103A8FFF7DCFF63
:101CC00020B90A4901A8FEF77FFFEDE7052803D1F7
:101CD0000DF5017D5DF804FB054A40F23B11FCF770
:101CE00011FEF5E7704700BF3755002000B3030031
:101CF0008891030018B1034A0260002070470E204B
:101D0000704700BF082B0020F0B585B005460C4693
:101D10000846FFF7EFFF064610B1304605B0F0BDAC
:101D200000230193029303938DF8045001238DF84F
:101D300006300623ADF80830226801A92020FFF7FD
:101D400099FF002858D100230193029303930123A4
:101D50008DF80530226801A94020FFF78BFF00288D
:101D600058D100230193029303938DF80450F72375
:101D7000ADF80630226801A92320FFF77BFF002879
:101D800056D1002301930293039303238DF804306B
:101D9000226801A90120FFF76DFF002856D100231A
:101DA0000193029303934FF4B0630193226801A956
:101DB000A120FFF75FFF002856D100230193029373
:101DC00003939DF8043043F001038DF8043022683A
:101DD00001A9A020FFF74EFF00289ED0294C2A4AD7
:101DE000A41AE4082404FEF749FF0246274944F0F8
:101DF0000100FFF721FB90E7224F234ABF1AFF089B
:101E00003F04FEF73BFF0246214947F00100FFF780
:101E100013FB98E71B4F1C4ABF1AFF083F04FEF74D
:101E20002DFF02461B4947F00100FFF705FB98E72D
:101E3000144D154AAD1AED082D04FEF71FFF02469A
:101E4000154945F00100FFF7F7FA9AE70D4D0E4AE4
:101E5000AD1AED082D04FEF711FF02460F4945F0BB
:101E60000100FFF7E9FA9AE7064D074AAD1AED08B7
:101E70002D04FEF703FF0246094945F00100FFF774
:101E8000DBFA9AE770610300E0600300A4930300AB
:101E90002892030070920300BC9203000493030095
:101EA00050930300F8B504460768FFF7E1FE0546C6
:101EB0002368BB4205D8F5B9164B01221A70284693
:101EC000F8BD154E154BF61AF608360446F0020614
:101ED00013493046FFF7AAFA23683A4611493046BB
:101EE000FFF7B4FAFFF7CAFE2268821A0E4930469D
:101EF000FFF7A2FADFE7084C084BE41AE4082404D1
:101F00002846FEF7BBFE0246084944F00100FFF7F1
:101F100093FAD4E73755002070610300E0600300B6
:101F2000F8930300289403005C9403008894030052
:101F30004BDF704700B585B009E01A685968019811
:101F4000904702A8FEF75CFE039B002BF5D101A889
:101F5000FFF7EEFF78B90D480D4BC01AC00800041A
:101F6000019A0C4940F00400FFF766FA0A4902A8FA
:101F7000FEF72AFEE8E7052802D105B05DF804FB6C
:101F8000064A6B21FCF7BEFCF7E700BF786103004F
:101F9000E0600300B49403000CB30300C894030092
:101FA000FEE77047704738B50C464568284600F094
:101FB00059F8E1B2022906D004290BD1416828461C
:101FC000F6F74DF806E000F087F8002203210846F6
:101FD000F5F7DEFF38BD08B500F09EF808BD38B54E
:101FE0000C464568284600F03DF8E1B2062906D0C7
:101FF000072908D101682846F6F731F803E001689F
:102000002846F6F72CF838BD08B500F0B3F808BD3F
:1020100002460C4942F8141B426000228260C260F2
:10202000094A0261094A0260094A4261806109491C
:10203000C1610949416102624062084A8262084AFC
:102040000262704718AF03007495030048B30300A1
:1020500004AF03008495030020B30300006F030066
:1020600034B30300034600F1140202480260203337
:10207000436070473855002008B50948094BC01A1D
:10208000C0080004084940F00400FFF7CFF90748F2
:10209000F6F75AF8002207210320F5F779FF08BD6B
:1020A00030610300E06003008C9503004055002080
:1020B00000B583B0054B0093002342F2107204492F
:1020C0000448F5F7F3FF03B05DF804FB7920030043
:1020D000A49503004055002008B50248F6F7AAF978
:1020E00008BD00BF7922030008B50748074BC01A96
:1020F000C0080004064940F00400FFF797F90548BE
:10210000F5F7EEFF08BD00BF30610300E06003009B
:10211000B49503004055002008B50748074BC01A86
:10212000C0080004064940F00400FFF77FF9F6F705
:1021300005F9FFF7D9FF08BD30610300E060030037
:102140003C66030008B50748074BC01AC0080004E6
:10215000064940F00400FFF769F90548F5F7D3FF99
:1021600008BD00BF30610300E0600300CC950300B0
:102170004055002008B50748074BC01AC0080004A6
:10218000064940F00400FFF751F9F6F7F7F8FFF7BA
:10219000D9FF08BD30610300E0600300E49503004F
:1021A00008B581188B78C97843EA01231BB2B3F1D3
:1021B000FF3F00D008BD104403791C4A13704379D7
:1021C000537083799370C379D370037A1371437A10
:1021D0005371837A9371C37A017B43EA012313819C
:1021E000437B817B43EA01235381C37B017C43EA28
:1021F00001239381437C817C43EA0123C17C43EA30
:102200000143017D43EA01631361437D817D43EA1C
:102210000123C17D43EA0143536108210320F5F7FF
:10222000CDFE0348F5F77DFFC4E700BF74550020DD
:1022300040550020F8B507460E46002503E02C4423
:10224000A4B20134A5B2B5420FD22B467C5D64B175
:102250002A19B24209DA0133FB5CFF2BEFD12A467F
:1022600031463846FFF79CFFE9E7F8BD08B501792C
:102270000068FFF7DFFF08BD08B50378042B13D80B
:10228000DFE803F013121E2903001548154BC01A8E
:10229000C0080004144940F00400FFF7C7F800220A
:1022A00007210320F5F774FE08BD0D480D4BC01A39
:1022B000C00800040D4940F00400FFF7B7F8F3E749
:1022C0000748084BC01AC0080004094940F0040040
:1022D000FFF7ACF8E8E74068FFF7C8FFE4E700BFA6
:1022E00030610300E0600300F495030004960300EE
:1022F0001496030008B5FFF7DBFE08BD70B5054670
:102300000C46164600F022F83246214600F05EF8F0
:1023100021462846F5F768FE70BD000010B504465A
:10232000F5F71CFE014B2360204610BD54B303009B
:1023300010B50446FFF7F2FF04F15C00F5F727FD46
:1023400004F6EC10FFF764FE204610BD08B50A4BFA
:102350001B68BFF35B8F13F0010F01D0074808BD66
:10236000054803F061FE0028F8D00448FFF7E0FFBD
:10237000014803F06DFEF1E7AC550020B055002098
:1023800038B504460D4B0E4A9B1ADB081B040D4959
:1023900043F00300FFF74AF804F15C050A4A0521FF
:1023A0002846F5F709FD2A4603212046F5F7DEFD0C
:1023B00004F6EC10F5F767FE38BD00BF306103008E
:1023C000E06003002C9603004896030008B500F671
:1023D000EC10F5F73CFE08BD08B5C06800F0CAFA7D
:1023E0000548064BC01AC0080004054940F0040027
:1023F000FFF71CF808BD00BF30610300E060030078
:102400004C960300F8B50D464668284C284BE41A54
:10241000E408240444F0040426492046FFF706F8A3
:10242000304600F099F90746E9B20D2939D8DFE8BE
:1024300001F0070C38113838161B24383829382E8B
:102440001D492046FEF7F2FFF8BD1C492046FEF765
:10245000EDFFF9E741683046F5F701FEF4E718496A
:102460002046FEF7E3FFEFE716492046FEF7DEFFC2
:1024700039683046F5F7F3FDE6E713492046FEF7E5
:10248000D5FFE1E711492046FEF7D0FFDCE7104910
:102490002046FEF7CBFF002204210846F5F778FD21
:1024A000D2E70C495520FDF79BFBCDE730610300D7
:1024B000E060030078960300B0960300D496030012
:1024C000F49603003897030078970300B49703004D
:1024D000FC9703003C98030008B5C06800F062FA5E
:1024E0000548064BC01AC0080004054940F0040026
:1024F000FEF79CFF08BD00BF30610300E0600300F1
:10250000C898030008B5C06800F004FA0548064BF7
:10251000C01AC0080004054940F00400FEF786FF19
:1025200008BD00BF30610300E0600300F4980300C1
:1025300070B50D4646681E4C1E4BE41AE408240490
:1025400044F004041C492046FEF770FF304600F0BA
:1025500003F9E9B20D2926D8DFE801F0070C250BB5
:102560001125162525252525251B14492046FEF76E
:102570005DFF70BD12492046FEF758FFF9E701687C
:102580003046F5F76CFDF4E781683046F5F767FDF6
:10259000EFE70C492046FEF749FF002204210846D8
:1025A000F5F7F6FCE5E708494920FDF719FBE0E7F8
:1025B00030610300E060030018990300B096030047
:1025C000D4960300489903008099030008B5C068B9
:1025D00000F0B8F90548064BC01AC00800040549C8
:1025E00040F00400FEF722FF08BD00BF3061030089
:1025F000E0600300009A030008B50548054BC01AC7
:10260000C0080004044940F00400FEF70FFF08BDB5
:1026100030610300E0600300209A030008B505481C
:10262000054BC01AC0080004044940F00400FEF73E
:10263000FDFE08BD30610300E0600300409A030026
:10264000F8B505460F4646681C4C1D4BE41AE408D5
:10265000240444F004041B492046FEF7E7FE3046FC
:1026600000F07AF8F9B20B2923D8DFE801F0060B65
:1026700010180A221D220A0A220A13492046FEF7D0
:10268000D5FEF8BD11492046FEF7D0FEF9E7E8680F
:1026900000F02AF90E492046FEF7C8FEF1E741682E
:1026A0003046F5F7DCFCECE781683046F5F7D7FCFF
:1026B000E7E708495220FDF793FAE2E730610300AB
:1026C000E0600300609A0300B0960300D496030014
:1026D000889A0300A89A030038B504460346144AB2
:1026E00043F8142B436000238360C360114B0361E4
:1026F000114B0360114D45618061114BC361114B5A
:10270000436100F04BF820626562A4620E4BE36205
:102710000E4B636200F042F820636563A4630C4BC8
:10272000E3630C4B636300F039F82064204638BD46
:1027300018AF0300289B03009CB3030004AF030001
:102740002C9B030088B30300349B030074B3030085
:102750003C9B030060B30300034600F114020448ED
:10276000026003F12402426034338360704700BF8B
:10277000C85F002010B5044614234360092383601A
:102780001523C360162303610A2343610223836177
:102790001C30F5F76BFD204610BD000008B50A4B54
:1027A0001B68BFF35B8F13F0010F01D0074808BD12
:1027B000054803F039FC0028F8D00448FFF7DAFF99
:1027C000014803F045FCF1E7D45F0020D85F00200A
:1027D0002DE9F04399B005463C483D4BC01AC0086E
:1027E00000043C4940F00400FEF720FE12AB002438
:1027F0001294139414941594169417940127139714
:1028000014976A68129218AA12E903008DE803006F
:102810000FCBF6F7CBF821466868F6F7A6F80CABB5
:102820000C940D940E940F94109411940D970E9790
:10283000AA680C9210AA92E803008DE803000FCB5F
:10284000F6F7B4F82146A868F6F78FF8224BD3F8CC
:102850000080ADF82C804FEA18498DF82E900326A1
:102860008DF82D601D4B0B9A3146E868F6F7BBF8E2
:10287000ADF828808DF82A908DF82960184B0A9AB7
:1028800031462869F6F7AFF8ADF824808DF8269028
:102890008DF82560134B099A31466869F6F7A3F85D
:1028A00003AB039404940594069407940894059745
:1028B0000696AA69039207AA92E803008DE803002E
:1028C0000FCBF6F773F819B0BDE8F0833061030061
:1028D000E0600300509B0300A0B303003D2A030007
:1028E000912A0300D92A030010B50446064B074A73
:1028F0009B1ADB081B04064943F00400FEF796FD13
:102900002046FFF765FF10BD30610300E060030063
:102910006C9B030010B50446074B084A9B1ADB0862
:102920001B04074943F00400FEF780FD01216068A5
:10293000F6F71BF810BD00BF30610300E060030034
:10294000809B030010B50446074B084A9B1ADB081E
:102950001B04074943F00400FEF768FD002160688E
:10296000F6F703F810BD00BF30610300E06003001C
:10297000A49B030010B50446074B084A9B1ADB08CA
:102980001B04074943F00400FEF750FD0121A06835
:10299000F5F7EBFF10BD00BF30610300E0600300FE
:1029A000C89B030010B50446074B084A9B1ADB0876
:1029B0001B04074943F00400FEF738FD0021A0681E
:1029C000F5F7D3FF10BD00BF30610300E0600300E6
:1029D000EC9B030008B51C30F5F78EFC0548064B50
:1029E000C01AC0080004054940F00400FEF71EFDAF
:1029F00008BD00BF30610300E0600300109C0300CD
:102A000010B504460A4B0B4A9B1ADB081B040A4903
:102A100043F00400FEF70AFDE068F5F7A1FF012886
:102A200000D010BD00220B210420F5F7B1FAF8E721
:102A300030610300E0600300309C030008B5FFF73D
:102A4000ADFEFFF7DDFF08BD10B504460D4B0E4A85
:102A50009B1ADB081B040D4943F00400FEF7E6FC5B
:102A60002069F5F77DFF012805D000220821042008
:102A7000F5F78EFA10BD002207210420F5F788FA39
:102A8000F8E700BF30610300E0600300649C0300CE
:102A900008B5FFF783FEFFF7D7FF08BD10B5044662
:102AA0000A4B0B4A9B1ADB081B040A4943F004003B
:102AB000FEF7BCFC6069F5F753FF00B110BD0022C2
:102AC00009210420F5F764FAF8E700BF306103003C
:102AD000E0600300909C030008B5FFF75FFEFFF77E
:102AE000DDFF08BD38B50C4615460848084BC01A2E
:102AF000C0080004074940F00400FEF797FC00F00E
:102B000023F82A46214600F04FF838BD3061030013
:102B1000E0600300C09C030010B50446F5F71EFA00
:102B2000014B2360204610BDACB3030010B5044632
:102B3000FFF7F2FF04F15C00F5F729F904F6EC1059
:102B4000FFF7CAFD204610BD08B50A4B1B68BFF34E
:102B50005B8F13F0010F01D0074808BD054803F053
:102B600063FA0028F8D00448FFF7E0FF014803F0BB
:102B70006FFAF1E7586000205C60002038B5044629
:102B800000F15C05074A01212846F5F715F92A46A8
:102B900004212046F5F7EAF904F6EC10F5F773FA8C
:102BA00038BD00BF289B030008B500F6EC10F5F710
:102BB0004EFA08BD08B50548054BC01AC008000408
:102BC000044940F00400FEF731FC08BD3061030009
:102BD000E0600300D89C030010B50446064B074A8A
:102BE0009B1ADB081B04064943F00400FEF71EFC99
:102BF000E06800F0ADFB10BD30610300E060030051
:102C0000FC9C03002DE9F84306460D4690464768B4
:102C1000374C384BE41AE408240444F004043649E1
:102C20002046FEF703FC384600F02EF9EDB20E2DDB
:102C30000DD8DFE805F0080E0C13180C1D26303AED
:102C40000C3F0C4953002D492046FEF7EFFBBDE831
:102C5000F8832B492046FEF7E9FBF8E7294920468F
:102C6000FEF7E4FBF3E728492046FEF7DFFBEEE73B
:102C7000F06800F0E1FA002208210220F5F788F957
:102C8000E5E78146F06800F0B1FDD9F8001038465C
:102C9000F5F7E5F9DBE71D492046FEF7C7FB002203
:102CA00007210220F5F774F9D1E719492046FEF70C
:102CB000BDFBCCE717492046FEF7B8FB00220721F1
:102CC0000220F5F765F9C2E713492046FEF7AEFB8F
:102CD000002207210220F5F75BF9B8E70F492046EB
:102CE000FEF7A4FB5FFA88F1F06800F035FDAEE76F
:102CF00030610300E0600300209D0300509D03004D
:102D0000749D0300949D0300B89D0300DC9D0300A7
:102D1000189E0300409E0300649E03009C9E0300D7
:102D200008B50548054BC01AC0080004044940F026
:102D30000400FEF77BFB08BD30610300E060030088
:102D4000D49E030008B50548054BC01AC00800040E
:102D5000044940F00400FEF769FB08BD3061030040
:102D6000E0600300F49E0300F8B505460F46466890
:102D70001A4C1B4BE41AE408240444F004041949D7
:102D80002046FEF753FB304600F07EF8F9B20C29DE
:102D90000CD8DFE801F0070C11190B0B0B0B0B0B18
:102DA0000B0B1E0010492046FEF740FBF8BD0F49F3
:102DB0002046FEF73BFBF9E70D492046FEF736FBC0
:102DC000E86800F0C1FEF1E7C1683046F5F747F961
:102DD000ECE781683046F5F742F9E7E73061030038
:102DE000E0600300149F0300509D0300749D0300E6
:102DF0003C9F030038B504460346174A43F8142B9A
:102E0000436000238360C360144B0361144B036071
:102E1000144D45618061144BC361144B436100F054
:102E2000B3F920626562A462114BE362114B6362E5
:102E300025636463104BA363104B236300F0A4F974
:102E4000E063256464640E4BA3640E4B236400F0BE
:102E50009BF9E064204638BD18AF03005C9F030077
:102E6000E0B3030004AF03002C9B0300CCB30300CA
:102E7000609F030000B40300689F0300ECB30300ED
:102E8000749F0300B8B30300034600F11402054821
:102E9000026003F12402426003F130028260403399
:102EA000C36070478C6A002008B50548054BC01AFE
:102EB000C0080004044940F00400FEF7B7FA08BD5A
:102EC00030610300E0600300809F030010B50446FA
:102ED000064B074A9B1ADB081B04064943F0040013
:102EE000FEF7A4FAE06800F033FA10BD3061030089
:102EF000E0600300A49F03002DE9F04105460F4662
:102F000046682F4C2F4BE41AE408240444F00404D0
:102F10002D492046FEF78AFA3046FFF7B5FF804676
:102F2000F9B20D290CD8DFE801F0070D0B121C0BCC
:102F3000262B410B0B0B0B3424492046FEF776FA67
:102F4000BDE8F08122492046FEF770FAF8E72149F2
:102F50002046FEF76BFAD8F80C103046F5F77FF8EC
:102F6000EEE71D492046FEF761FAD8F80C1030460E
:102F7000F5F775F8E4E719492046FEF757FADFE759
:102F8000E86800F033FCD8F800103046F5F767F831
:102F9000D6E713492046FEF749FAE86800F026FA1A
:102FA000D8F800103046F5F75AF8C9E70D49204621
:102FB000FEF73CFA002207210220F4F7E9FFBFE701
:102FC00030610300E0600300A49F0300C49F03007E
:102FD000F89F030028A003005CA003008CA003005E
:102FE000649E0300DC9D030008B50548054BC01A2C
:102FF000C0080004044940F00400FEF717FA08BDB9
:1030000030610300E0600300C0A0030008B505487C
:10301000054BC01AC0080004044940F00400FEF744
:1030200005FA08BD30610300E0600300E0A0030082
:1030300070B50D4646681D4C1D4BE41AE408240487
:1030400044F004041B492046FEF7F0F93046FFF730
:103050001BFFE9B208290AD8DFE801F0050A090FC9
:103060001409191E230014492046FEF7DFF970BD2C
:1030700012492046FEF7DAF9F9E711492046FEF732
:10308000D5F9F4E70F492046FEF7D0F9EFE70E49EE
:103090002046FEF7CBF9EAE70C492046FEF7C6F9D1
:1030A000E5E70B492046FEF7C1F9E0E73061030090
:1030B000E060030000A10300509D0300749D030025
:1030C000949D0300B89D030028A103004CA10300B8
:1030D00070A1030008B50A480A4BC01AC0080004D2
:1030E000094940F00400FEF7A1F9F5F763FF012854
:1030F00000D008BD00220D210220F4F75FFFF8E7A1
:1031000030610300E060030098A1030000B583B0C4
:103110000E4B009301234FF4FA720D490D48F4F75A
:10312000C5FF0D4B0093002341F288320B490C4838
:10313000F4F7BCFF0B4B009301234FF4FA620A49EA
:103140000A48F4F7B3FF03B05DF804FBBD32030097
:10315000C0A10300086B0020D5300300D0A10300FC
:10316000D46A00200D3B0300E8A10300A06A002000
:1031700010B504460830F5F7FFF904F51870F5F7B7
:103180005BFF204610BD000008B50A4B1B68BFF36B
:103190005B8F13F0010F01D0074808BD054802F00E
:1031A00043FF0028F8D00448FFF7E2FF014802F08F
:1031B0004FFFF1E73C6B0020406B002010B582B060
:1031C000164C174BE41AE408240444F0040415498F
:1031D0002046FEF72BF914492046FEF727F913493C
:1031E0002046FEF723F9124B03F1100292E8030088
:1031F0008DE803000FCBF5F7D9FB01212F20F5F760
:10320000B4FB0C4B03F1100292E803008DE80300BD
:103210000FCBF5F7CBFB02B010BD00BF3061030050
:10322000E0600300FCA1030018A2030044A2030015
:1032300024B403000CB4030008B500F51870F5F7CA
:103240004FFE0548054BC01AC0080004044940F071
:103250000400FEF7EBF808BD30610300E0600300F6
:1032600070A2030008B500F51870F5F79FFE054839
:10327000054BC01AC0080004044940F00400FEF7E2
:10328000D5F808BD30610300E06003008CA20300A4
:1032900010B50446F5F78EFE20600548054BC01AB0
:1032A000C0080004044940F00400FEF7BFF810BD58
:1032B00030610300E0600300ACA2030010B5084CCD
:1032C0002046FFF7E5FF0748074BC01AC008000477
:1032D0002268064940F00400FEF7AEF810BD00BFBA
:1032E0009C6A002030610300E0600300CCA2030070
:1032F00008B50748074BC01AC0080004064940F04B
:103300000400FEF793F80548F4F7EAFE08BD00BF95
:1033100030610300E0600300F0A20300D46A0020E3
:1033200008B50748074BC01AC0080004064940F01A
:103330000400FEF77BF80548F4F7D2FE08BD00BF95
:1033400030610300E060030018A30300086B002055
:1033500010B5044600F51870F5F7B6FD2046FFF7E6
:10336000C7FF2046FFF7DCFF0548064BC01AC00820
:103370000004054940F00400FEF758F810BD00BFF6
:1033800030610300E06003003CA3030008B5074878
:10339000074BC01AC0080004064940F00400FEF7BD
:1033A00045F80548F4F7AFFE08BD00BF30610300E3
:1033B000E060030054A30300086B002008B5074831
:1033C000074BC01AC0080004064940F00400FEF78D
:1033D0002DF80548F4F784FE08BD00BF30610300F6
:1033E000E060030078A30300A06A002008B5074846
:1033F000074BC01AC0080004064940F00400FEF75D
:1034000015F80548F4F77FFE08BD00BF30610300E2
:10341000E0600300ACA30300A06A002010B52DED0E
:10342000028B8A1A07EE902AF8EEE77A401A07EE26
:10343000100AB8EEC77A9FED376AC7EE066A87EEC4
:10344000A68A354C354BE41AE4082404FCEEC87A0D
:1034500017EE902A324944F00300FDF7EDFFDFED4F
:10346000317AB4EEE78AF1EE10FA4CDADFED2E7A1B
:10347000B4EEE78AF1EE10FA48D9002300E00133F8
:10348000032B36D8294A02EBC302526807EE902A72
:10349000B8EE677AB4EEC87AF1EE10FAEFDB581C9A
:1034A000224901EBC001496807EE901AF8EE677AED
:1034B000F4EEC87AF1EE10FAE1D81C4C14F93000A1
:1034C00014F93330C01A07EE900AF8EEE76A521A80
:1034D00007EE902AF8EE677A37EE487A06EE103A51
:1034E000B8EEC60A87EE276A66EE267A30EE270A1D
:1034F00006E00F4944F00100FDF798FF9FED0D0A2B
:10350000BDEC028B10BDB3EE040AF9E79FED090A8A
:10351000F6E700BF00EC424730610300E0600300C3
:10352000DCA3030000E0F64700FE03473CB40300C1
:1035300004A403000000484230B52DED028B89B091
:10354000F4F71EFB00F060FB02AC724D0FCD0FC410
:1035500095E8030084E80300BDF81420BDF81210BC
:10356000BDF81000FFF75AFFB0EE408A6A4C6B4B73
:10357000E41AE408240444F00305FCEEC07A17EED4
:10358000902A67492846FDF757FFDFED667AB4EECB
:10359000E78AF1EE10FA47DADFED637AB4EEE78AF4
:1035A000F1EE10FA06DBDFED5F7AB4EEE78AF1EEBA
:1035B00010FA64D4DFED5D7AB4EEE78AF1EE10FA2A
:1035C00007DDDFED597AB4EEE78AF1EE10FA00F18B
:1035D0008480DFED577A68EE277AFDEEE77A17EE02
:1035E000903A544981FB0321DA17C2EB611264213E
:1035F00001FB12320092FDEEC87A17EE903A2422B7
:103600004D492846FDF72DFF4C4B1B789BB34C4989
:103610002846FDF70BFF002203210220F4F7CEFC21
:10362000464B00221A7026E044F00104DFED407A98
:1036300068EE277AFDEEE77A17EE902A3D4981FB86
:103640000231D317C3EB6113642101FB1323FDEE99
:10365000C87A17EE902A3B492046FDF7F7FE3A4913
:103660002046FDF7E3FE002203210120F4F7A6FC2B
:10367000324B01221A7009B0BDEC028B30BDDFED78
:103680002C7A68EE277AFDEEE77A17EE902A294920
:1036900081FB0231D317C3EB611327210091642111
:1036A00001FB1323FDEEC87A17EE902A274944F058
:1036B0000200FDF7D6FE214B1B78002BDBD12449FD
:1036C00044F00100FDF7B2FE002207210220F4F7CA
:1036D00075FC1A4B01221A70CDE7DFED157A68EE02
:1036E000277AFDEEE77A17EE903A124981FB032123
:1036F000DA17C2EB6112642101FB12320092FDEE77
:10370000C87A17EE903A242212492846FDF7A9FEFE
:10371000B1E700BF7455002030610300E060030092
:103720005CA403000000244200001C420000104280
:103730000000C8421F85EB51E8A50300C4700020BB
:1037400034A6030080A40300BCA4030008A5030062
:1037500058A503009CA5030038B504460D46084B48
:10376000084A9B1ADB081B04074943F00400FDF7D5
:103770005DFE294604F51870F5F731FC38BD00BF31
:1037800030610300E060030080A6030008B5002359
:103790000C4A13700C4A13700C4A13700C4A1370C5
:1037A0000C4A13700C4A13700C4A13700C480D4BE2
:1037B000C01AC00800040C4940F00300FDF736FEB3
:1037C00008BD00BFC2700020C1700020C070002082
:1037D000BF700020BE700020BD700020BC700020B3
:1037E00030610300E0600300ACA6030010B504469E
:1037F00000F51870F5F76EFB2046FFF7C7FDFFF7E1
:10380000C5FF2046FFF7F2FD0548064BC01AC00869
:103810000004054940F00400FDF708FE10BD00BF9C
:1038200030610300E0600300E4A6030008B502462F
:103830000E210220F4F7C2FB08BD00002DE9F04183
:1038400088B00DF1080C934C0FCCACE80F0094E855
:1038500003008CE803009DF80A703D1E18BF012587
:103860008D4C8E4BE41AE408240444F003088C4E7B
:103870008C4B1B78009333782A468B494046FDF7E2
:10388000F0FD3378042B13D8DFE813F005001700A0
:103890004A007D00F000834C00202070FFF7C6FF37
:1038A000227882494046FDF7C7FD7D4B01221A7000
:1038B0007F4B1D7008B0BDE8F0818FB9794B1B7844
:1038C0007C4A127893421BD20133D8B2754C2070D7
:1038D000FFF7ACFF227878494046FDF7ADFDE7E7FA
:1038E000704C227875494046FDF7A6FD2278744B4E
:1038F0001A70744B00221A70694B02221A70D7E7B3
:10390000714944F00200FDF791FD664C00202070E3
:10391000FFF78CFF22786D494046FDF78DFDC7E724
:1039200047B3684C22780132D2B222705D4B1B78CB
:1039300067494046FDF78AFD2378092BB8D9594BD2
:103940001A785C4B1B789A420CD262494046FDF7CC
:103950006DFD0023604A1370604A1370504B0322C0
:103960001A70A5E75E494046FDF760FD4C4B042206
:103970001A709DE75B4944F00200FDF757FD484B84
:1039800000221A7094E74A4B1B78AB4215D1002FE6
:1039900052D04C4A13780133DBB21370092B87D90C
:1039A000404C227850494046FDF746FD2278444B72
:1039B0001A703B4B04221A707AE7484E3278013273
:1039C000D2B2327049494046FDF736FD3378022BBA
:1039D0007FF66EAF404B1A78012A19D801321A705F
:1039E000304A13780133DBB21370324A12789342B3
:1039F00001D92C4B1A702B4C2078FFF717FF227837
:103A00003B494046FDF718FD344B00221A704FE742
:103A1000384944F00200FDF70FFD294B1878214C7E
:103A20002070FFF703FF227833494046FDF704FD7D
:103A30001B4B04221A703BE71A4E32782F4944F090
:103A40000200FDF7F9FC33780BB1013B3370154CE4
:103A50002078FFF7EBFE227829494046FDF7ECFC81
:103A600000231E4A1370174A137021E757B90D4BF4
:103A70001A78244944F00200FDF7DEFC084B0122CD
:103A80001A7015E7074B1A781F494046FDF7D4FC1A
:103A90000EE700BF7455002030610300E0600300B2
:103AA000C2700020C170002000A703003CA70300E3
:103AB000BC700020C3700020B0A7030070A70300F3
:103AC000C0700020BE700020DCA7030018A803000F
:103AD0004CA8030088A80300BD700020BF70002020
:103AE000C4A80300F8A8030004AA030028A903003F
:103AF00064A90300A0A90300D4A9030034AA030009
:103B000074AA03009CAA0300CCAA030008B50948C4
:103B1000094BC01AC0080004084940F00400FDF732
:103B200085FCFFF709FDFFF789FEFDF715FB00286F
:103B3000FBD108BD30610300E0600300FCAA030074
:103B400008B5FFF7E3FA08BD10B504460E480F4B61
:103B5000C01AC00800040E4940F00400FDF766FCDE
:103B60002046FFF72BFB04F10800F4F73FFD04F5B6
:103B700018742046F5F74CFAFFF708FE2046F5F7D3
:103B8000B0F9044B187010BD30610300E060030011
:103B900024AB0300C370002070B505460C461646E2
:103BA0000A4B0B4A9B1ADB081B040A4943F004002A
:103BB000FDF73CFC00F028F83246214600F054F8AE
:103BC00021462846F4F710FA70BD00BF30610300AB
:103BD000E060030038AB030010B50446F4F7BEF90B
:103BE000014B2360204610BD6CB4030010B50446A1
:103BF000FFF7F2FF04F15C00F4F7C9F804F6EC10EB
:103C0000FFF7F8F8204610BD08B50A4B1B68BFF354
:103C10005B8F13F0010F01D0074808BD054802F083
:103C200003FA0028F8D00448FFF7E0FF014802F04B
:103C30000FFAF1E7C8700020CC70002038B50446B8
:103C400000F15C05074A01212846F4F7B5F82A4639
:103C500002212046F4F78AF904F6EC10F4F713FA7F
:103C600038BD00BF5C9F030008B500F6EC10F4F708
:103C7000EEF908BD28B108B502498320FBF7B0FF73
:103C800008BD704750AB030000F1080343604FF0DC
:103C9000FF328260C360036100230360704700232A
:103CA0000361704743684B609A688A60516099600D
:103CB0000861036801330360704730B40D68B5F1E3
:103CC000FF3F11D000F108031C465B681A68AA4246
:103CD000FAD963684B6099608C6061600861036821
:103CE0000133036030BC70470469F2E7036941683F
:103CF00082688A60416851605A68824206D0002218
:103D000002611A68013A1A601868704782685A603E
:103D1000F5E700000748006880F3088862B661B6DE
:103D2000BFF34F8FBFF36F8F4FF4F07080F31188A4
:103D300000DF00BF00700200064B19680868B0E899
:103D4000F04F80F30988BFF36F8F4FF0000080F3CE
:103D5000118870474C7C0020EFF30980BFF36F8F10
:103D6000144B1A681EF0100F08BF20ED108A20E9CE
:103D7000F04F10604DF8043D4FF0400080F3118883
:103D8000BFF34F8FBFF36F8F00F0B0FF4FF0000015
:103D900080F3118808BC19680868B0E8F04F1EF07D
:103DA000100F08BFB0EC108A80F30988BFF36F8F43
:103DB000704700BF4C7C0020034AD2F8883043F49F
:103DC0007003C2F88830704700ED00E008B5074B7B
:103DD0001B68B3F1FF3F03D1402383F31188FEE753
:103DE00003499E20FBF7FCFEF6E700BF107B002096
:103DF000F8AB03004FF0807340F8043C40F8081C17
:103E0000054B40F80C3C40F8202C6FF0020340F8C2
:103E1000243C4438704700BFCD3D030010B582B04C
:103E2000264B1A68264B9A4213D1264B1A78D2B2E7
:103E30000192FF221A701B78DBB28DF803309DF8D7
:103E4000033003F00203204A1370204B07221A604C
:103E50000EE01F49B020FBF7C3FEE6E71B4A1368DC
:103E6000013B13609DF803305B00DBB28DF803303B
:103E70009DF8033013F0800FF0D1144A136803F05B
:103E800007031360019BDBB20E4A13700B4CE02357
:103E900084F8223000F0BAF80E4B00221A60FFF7C7
:103EA0008BFF0D4A536B43F040435363236943F048
:103EB00010032361FFF72EFFFFF788FF00ED00E0FE
:103EC00041C20F4100E400E00C7B0020087B002091
:103ED000F8AB0300107B002000EF00E008B54023A2
:103EE00083F31188094A136801331360012B00D052
:103EF00008BD074B5B68C3F30803002BF8D00549E6
:103F000040F21110FBF76CFEF2E700BF107B0020BF
:103F100000ED00E0F8AB030008B5084B1B683BB1AF
:103F2000064A1368013B13600BB983F3118808BD7F
:103F300003494FF48C70FBF753FEF1E7107B002030
:103F4000F8AB030008B5EFF30583C3F308030F2BA9
:103F500009D903F1E023F03393F80033DBB20C4AC4
:103F600012789A4208D80B4BDB68C3F302230A4A43
:103F700012689A4206D308BD08494FF4A970FBF7AE
:103F80002FFEF0E705494FF4B170FBF729FEF2E789
:103F90000C7B002000ED00E0087B0020F8AB030064
:103FA000F0B583B0EFF31187402383F31188154BED
:103FB000D3F804450022C3F80021D3F8003101935F
:103FC000019B00F089FD241A24F07F4434F00103A2
:103FD00001D1002509E000F0A1FF0228F9D0012459
:103FE000F7E700F087FD05433446661E002CF8D144
:103FF00025B1054B4FF080525A6040BF87F31188BE
:1040000003B0F0BD0010014000ED00E008B5002055
:10401000F8F7E8FC094B1F22C3F808250122C3F872
:1040200004239A601A600222C3F84423044BE0225E
:1040300083F811234FF400321A6008BD00100140CC
:1040400000E100E010B50446FFF748FFA26BE36B08
:104050009A4204D00024FFF75FFF204610BD0124E0
:10406000F9E710B50446FFF739FFA36B23B9012424
:10407000FFF752FF204610BD0024F9E770B5044653
:104080001546866B026C5AB903681BB100200136D5
:10409000A66370BD406800F051FF00236360F6E73F
:1040A0006DB9806801F05EFFA368226C1344A360C1
:1040B0006268934219D32368A3602846E7E7C06883
:1040C00001F050FFE368226C51429B1AE3602268C2
:1040D000934202D263680B44E360022D01D00020BA
:1040E000D5E726B1013E0020D1E72846CFE70020E2
:1040F000CDE70346026C6AB110B50846D968114491
:10410000D9605C68A14201D31968D960D96801F00F
:1041100029FF10BD704738B50546FFF7DFFE95F85B
:10412000454064B201E0013C64B2002C0ADD6B6AD8
:1041300043B105F1240000F05DFE0028F3D000F04B
:10414000E7FEF0E7FF2385F84530FFF7E5FEFFF7D0
:10415000C5FE95F8444064B201E0013C64B2002C15
:104160000ADD2B6943B105F1100000F043FE002881
:10417000F3D000F0CDFEF0E7FF2385F84430FFF7E1
:10418000CBFE38BD38B50D460446D0B1FFF7A6FECC
:104190002368E26B216C01FB023060600020A063A9
:1041A000A360013A02FB0133E360FF2384F844304B
:1041B00084F84530D5B9236943B9FFF7ADFE012036
:1041C00038BD0F49FC20FBF70BFDDFE704F11000C1
:1041D00000F010FE0028F0D00A4B4FF080525A60D9
:1041E00040BFBFF34F8FBFF36F8FE6E704F11000BE
:1041F000FFF74AFD04F12400FFF746FDDDE700BFAD
:10420000A0AC030000ED00E010B5034602980C4698
:1042100031B90060C36304640121FFF7B3FF10BD2F
:104220000260F7E7F0B585B00D4616461C46074616
:10423000B0B1DCB106B33DB348230393039B482BD5
:1042400028D154B1012384F8463000949DF82830D9
:10425000324629463846FFF7D7FF204605B0F0BD65
:104260000F4940F23310FBF7BBFCE2E70C4940F288
:104270003710FBF7B5FCDDE7002DDDD008494FF422
:104280009E70FBF7ADFCD7E7054940F23B10FBF70A
:10429000A7FCD1E702494FF4A270FBF7A1FCD0E7DD
:1042A000A0AC0300F0B585B00F4601921D46044650
:1042B00048B177B1022D15D000F030FE08B9019B4E
:1042C000CBB9002659E051494FF43770FBF788FC11
:1042D000EFE7236C002BEDD04C4940F2DD20FBF7DB
:1042E0007FFCE7E7E36B012BE6D0484940F2DE2094
:1042F000FBF776FCE0E7454940F2E120FBF770FC74
:10430000DFE72A4639462046FFF7B8FE636A73B9ED
:1043100040B13F4B4FF080525A6040BFBFF34F8FC8
:10432000BFF36F8FFFF7F8FD012005B0F0BD04F17A
:10433000240000F05FFD0028F4D0354B4FF0805290
:104340005A6040BFBFF34F8FBFF36F8FEAE7FFF7AD
:10435000E3FD0020E9E702A800F090FD012619E046
:10436000002384F8443021E0002384F8453023E022
:104370002046FFF7D0FE00F03DFCFFF7AFFDA26B3B
:10438000E36B9A42BDD3022DBBD0019B002BDED044
:10439000002EE0D0FFF7C0FD00F096FBFFF79EFD7A
:1043A00094F8440040B2B0F1FF3FD9D094F84500F2
:1043B00040B2B0F1FF3FD7D0FFF7AEFD01A902A890
:1043C00000F068FDD0B92046FFF73CFE0028CFD0B2
:1043D000019904F1100000F0D5FC2046FFF79BFE88
:1043E00000F008FC0028C8D1094B4FF080525A60F9
:1043F00040BFBFF34F8FBFF36F8FBEE72046FFF77D
:104400008AFE00F0F7FB00208FE700BFA0AC03009E
:1044100000ED00E02DE9F8430E4691461D460446A6
:10442000A0B1CEB1022D20D0FFF78CFDEFF31188A3
:10443000402383F31188A26BE36B9A421ED3022DB3
:104440001CD0002088F31188BDE8F8831E4940F293
:10445000A230FBF7C5FBE4E7236C002BE2D01A493E
:1044600040F2A330FBF7BCFBDCE7E36B012BDBD0B6
:1044700015494FF46970FBF7B3FBD5E794F8457025
:104480007FB22A4631462046FFF7F8FDB7F1FF3FDD
:1044900005D001377FB284F845700120D2E7636A06
:1044A0000BB90120CEE704F1240000F0A3FC30B1E9
:1044B000B9F1000F05D00120C9F80000C2E70120C2
:1044C000C0E70120BEE700BFA0AC0300F0B585B097
:1044D0000F460192044638B167B100F01FFD08B9DC
:1044E000019B83B9002652E0494940F2DF40FBF7C7
:1044F00077FBF1E7236C002BEFD0454940F2E34016
:10450000FBF76EFBE9E742494FF49D60FBF768FB60
:10451000E8E739462046FFF7ECFD013DA563236936
:1045200023B9FFF7F9FC012005B0F0BD04F110003C
:1045300000F060FC0028F4D0364B4FF080525A60F7
:1045400040BFBFF34F8FBFF36F8FEAE7FFF7E4FC85
:104550000020E9E702A800F091FC012621E00023F9
:1045600084F8443029E0002384F845302BE02046CD
:10457000FFF7D1FD00F03EFB09E02046FFF7CBFD41
:1045800000F038FB2046FFF76CFD00283ED1FFF716
:10459000A5FCA56B002DBCD1019B002BD6D0002E15
:1045A000D8D0FFF7B9FC00F08FFAFFF797FC94F82A
:1045B00044305BB2B3F1FF3FD1D094F845305BB2E9
:1045C000B3F1FF3FCFD0FFF7A7FC01A902A800F08D
:1045D00061FC0028D1D12046FFF743FD0028C6D05A
:1045E000019904F1240000F0CDFB2046FFF793FD74
:1045F00000F000FB0028CAD1064B4FF080525A60F1
:1046000040BFBFF34F8FBFF36F8FC0E700208BE732
:10461000A0AC030000ED00E00023012B0CD8074AFA
:1046200052F833200AB10133F7E7044A42F8331055
:1046300002EBC30250607047704700BF147B00203C
:1046400070B504460D461646FFF748FC94F8443012
:104650005BB2B3F1FF3F0DD094F845305BB2B3F1DC
:10466000FF3F0BD0FFF758FCA36B5BB12046FFF771
:1046700052FD70BD002384F84430EDE7002384F838
:104680004530EFE73246294604F1240000F094FB60
:10469000ECE70000084B1B681B6823B9074B4FF081
:1046A000FF321A607047044B1B68DB68DB685A688E
:1046B000024B1A60704700BF947B00202C7B0020C7
:1046C0002DE9F04780460D4617469946089EDDF8CD
:1046D00024A00A9C9200A521206B01F075FC236B9D
:1046E00007F18042013A03EB820727F007074FF0FA
:1046F000000CBCF1090F09D815F80C3004EB0C02C2
:1047000082F8343013B10CF1010CF2E7002384F885
:104710003D30062E00D90626E66226640025656433
:10472000201DFFF7BCFA04F11800FFF7B8FA246166
:10473000C6F10706A6616462A56484F84C504A4637
:1047400041463846FFF756FB2060BAF1000F01D012
:10475000CAF80040BDE8F08738B5002407E004EB54
:10476000840293000E481844FFF78EFA0134062C99
:10477000F5D90C4D2846FFF787FA0B4C2046FFF77A
:1047800083FA0A48FFF780FA0948FFF77DFA0948DB
:10479000FFF77AFA084B1D60084B1C6038BD00BF5C
:1047A000C07B0020AC7B0020987B00207C7B00201D
:1047B000687B0020507B0020947B0020907B0020B1
:1047C00010B50446FFF78AFB214A136801331360D2
:1047D000204B1B685BB1204B1B686BB91D4B1B68E2
:1047E000DA6AE36A9A4207D81A4B1C6004E0194B54
:1047F0001C601368012B27D0184A1368013313601B
:10480000E06A01238340164A11680B43136000EBF2
:104810008000211D134B03EB8000FFF743FAFFF7E5
:104820007BFB0D4B1B6873B10A4B1B68DA6AE36AAA
:104830009A4208D20C4B4FF080525A6040BFBFF3EF
:104840004F8FBFF36F8F10BDFFF786FFD4E700BF18
:104850004C7B00204C7C0020407B0020307B0020E3
:10486000447B0020C07B002000ED00E010B5044632
:1048700090F84D304BB1012B0ED0022B0BD00849D4
:1048800040F68860FBF7ACF905E0006BFFF7F2F942
:104890002046FFF7EFF910BDFFF7ECF9FBE700BF8B
:1048A00034AD03000F4B1B68D3B110B5FFF716FBF7
:1048B0000D4BDB68DC68201DFFF718FA0B4A136804
:1048C000013B1360074A1368013B1360FFF724FBA9
:1048D0002046FFF7CBFF034B1B68002BE6D110BD32
:1048E000704700BF647B0020687B00204C7B002069
:1048F00070B504460D461D4B1E681D4B18680430EC
:10490000FFF7F4F948B91A4B1B68DB6A01229A4099
:1049100018490B6823EA02030B60B4F1FF3F0DD086
:104920003444134B1B685C60A64210D9124B1868C4
:104930000F4B19680431FFF7C0F970BD002DEFD09F
:104940000B4B196804310D48FFF7ACF9F5E70C4B38
:104950001868074B19680431FFF7AFF9094B1B685A
:10496000A342EAD9074B1C60E7E700BF487B002061
:104970004C7C0020447B0020907B0020507B00205A
:10498000947B00202C7B002008B50AE0084B4FF0F8
:1049900080525A6040BFBFF34F8FBFF36F8FF3F762
:1049A000AFFAFFF77FFF034B1B68012BEED8F6E74A
:1049B00000ED00E0C07B00202DE9F04387B0804689
:1049C0000E46174699460F9D109CE5B10CB3502238
:1049D0000492049A502A22D13CB335B325630223B2
:1049E00084F84D3000230393029405AB01930E9B92
:1049F00000934B463A4631464046FFF761FE20465B
:104A0000FFF7DEFE13E00C494FF41470FBF7E8F8F3
:104A1000DCE7094940F25120FBF7E2F8D7E7064905
:104A200040F25920FBF7DCF8D6E700230593059800
:104A300007B0BDE8F08300BF34AD030010B588B007
:104A400000240594069407AA06A905A8F3F706FA18
:104A5000059B0293069B019300942346079A1349F2
:104A60001348FFF7A9FF134B186098B100F048FBFB
:104A7000012810D1402383F311880F4B4FF0FF32F0
:104A80001A600E4B01221A600D4B00221A60FFF7CC
:104A9000C5F903E00020B0F1FF3F01D008B010BD20
:104AA000084940F2DC70FBF79BF8F7E7C8AD03005C
:104AB00089490300287B00202C7B0020407B0020BC
:104AC000487B002034AD0300024A136801331360B1
:104AD000704700BF247B0020014B1868704700BF5F
:104AE000487B002008B5FFF72DFA014B186808BD78
:104AF000487B0020F8B5334B1B68002B56D1324B56
:104B00001E6801361E607EB9304B1B681B688BB96E
:104B10002E4A11682E4B1868106019602D4A1368D0
:104B200001331360FFF7B6FD2B4B1B68B34233D93B
:104B3000002740E0294940F63320FBF751F8E7E72A
:104B40000127224B1B681B6843B3204B1B68DB68A3
:104B5000DC6863689E4226D3251D2846FFF7C6F809
:104B6000A36A1BB104F11800FFF7C0F8E36A012241
:104B70009A401B49086802430A6003EB83039A00CA
:104B8000294618481044FFF78DF8E26A164B1B6857
:104B9000DB6A9A42D4D2D4E70027D2E70E4B4FF01B
:104BA000FF321A6007E00C4A136004E00F4A1368F2
:104BB0000133136000270E4B1B6803B101273846F1
:104BC000F8BD00BF247B0020487B0020947B0020A0
:104BD000907B0020347B00202C7B002034AD030030
:104BE000447B0020C07B00204C7C00203C7B0020CC
:104BF000387B002038B5334B1B686BB1FFF76EF97B
:104C0000304B1A68013A1A601B68002B54D12E4BA6
:104C10001B683BB9002450E02C494FF40460FAF7BC
:104C2000DFFFEBE700242A4B1B681BB3284BDB6834
:104C3000DC6804F11800FFF759F8251D2846FFF736
:104C400055F8E06A01238340224A11680B43136040
:104C500000EB80002946204B03EB8000FFF722F891
:104C6000E26A1E4B1B68DB6A9A42DCD31C4B0122B2
:104C70001A60D8E70CB1FFF70DFD1A4B1C687CB920
:104C8000174B1C68CCB1184B4FF080525A6040BF94
:104C9000BFF34F8FBFF36F8F01240EE0013C07D0AD
:104CA000FFF728FF0028F9D00D4B01221A60F5E725
:104CB0000C4B00221A60E3E70024FFF72DF9204691
:104CC00038BD00BF247B00204C7B002034AD0300A6
:104CD0007C7B0020447B0020C07B00204C7C00209B
:104CE000387B00203C7B002000ED00E01F4B1B6860
:104CF0001BB11F4B01221A60704710B51C4B0022DC
:104D00001A601C4B1C6814B3B4FA84F4C4F11F0479
:104D100004EB84029300184AD358D3B1164904EB2C
:104D2000840293000B445A6852685A6004EB840072
:104D3000830008330B449A4211D004EB8404A20090
:104D40000D4B13445B68DA680C4B1A6010BD2024CD
:104D5000DCE70B494FF43560FAF742FFDEE75168B4
:104D60008200054B13445960E7E700BF247B002015
:104D7000387B0020447B0020C07B00204C7C00203E
:104D800034AD030038B50C46054650B1084B1968E0
:104D900018312846FEF791FF01212046FFF7A8FDB4
:104DA00038BD04494FF43660FAF71AFFEEE700BF4A
:104DB0004C7C002034AD030070B50D461446064609
:104DC00068B10A4B196818313046FEF76BFF0CB119
:104DD0004FF0FF3521462846FFF78AFD70BD044994
:104DE00040F68B30FAF7FCFEEBE700BF4C7C00206E
:104DF00034AD030038B5C368DC6824B304F118058A
:104E00002846FEF773FF164B1B6813BB251D28466B
:104E1000FEF76CFFE06A01238340124A11680B43DE
:104E2000136000EB800029460F4B03EB8000FEF778
:104E300039FFE26A0D4B1B68DB6A9A420ED90120EA
:104E40000B4B186038BD0B4940F6BB30FAF7C8FE73
:104E5000D4E729460848FEF725FFEAE70020F1E7F6
:104E6000247B0020447B0020C07B00204C7C002061
:104E7000387B002034AD03007C7B0020034B1B6893
:104E80000360034B1B684360704700BF347B002006
:104E9000487B0020F8B50C460546B8B1E4B1FFF7F1
:104EA0001DF8184B19686B68C81A2268B2F1FF3FE9
:104EB00020D0154E36682F68B74201D08B421ED9DC
:104EC00082420FD800232360012414E00F4940F6EA
:104ED0002640FAF785FEE1E70C4940F62740FAF74D
:104EE0007FFEDCE75B1A134423602846FFF7C6FF0A
:104EF000002400E00024FFF70FF82046F8BD01244D
:104F0000F9E700BF487B0020347B002034AD03006C
:104F1000014B01221A607047387B0020054B1B684B
:104F200033B1054B1B680BB100207047022070475E
:104F300001207047407B0020247B0020002846D0C1
:104F400038B50446244B1B68834204D0234940F6FD
:104F50003B70FAF745FE636C4BB1636C013B6364D5
:104F6000E16A226C914234D03BB1002038BD1B492C
:104F700040F63C70FAF734FEEFE7251D2846FEF7B1
:104F8000B5FE70B9E26A02EB82039B001449CB586C
:104F90003BB9012303FA02F212490B6823EA020328
:104FA0000B60206CE062C0F10703A361012404FAE6
:104FB00000F30C4A11680B43136000EB8000294694
:104FC000074B03EB8000FEF76DFE2046CEE7002086
:104FD00070470020CAE700BF4C7C002034AD0300BE
:104FE000C07B0020447B0020064B1A681368B3FA8C
:104FF00083F35B09036013B9D36818687047002016
:10500000704700BFA87E002008B541600061914252
:105010000CD8D21A83699A4201D3012008BD011D20
:10502000094B1868FEF749FE0020F7E79A4201D2C3
:10503000994206D2011D054B1868FEF73EFE00207E
:10504000ECE70120EAE700BFA47E0020A87E002054
:1050500030B583B0FEF742FF114B1B681BB1FEF762
:105060005BFF03B030BD0F4D2846FEF70DFE0E4C22
:105070002046FEF709FE0D4B1D600D4B1C60002302
:1050800000930C4B0C4A10212020FFF7CBF8044B67
:1050900018600028E3D00949FFF7BEFADFE700BF38
:1050A000A07E0020C07E0020AC7E0020A87E0020D4
:1050B000A47E0020507C0020987C0020D0AD03000E
:1050C0002DE9F041074616461D46079C884671B1FA
:1050D0005CB1FFF7BDFF2760C4F81880E661256268
:1050E000069B6362201DFEF7DAFDBDE8F0810349EF
:1050F00040F26910FAF774FDEAE700BFD8AD03008B
:1051000010B588B0FFF7A4FF114B1B68C3B1002492
:105110000594069407AA06A905A8F2F7ABFE059B1D
:105120000293069B0193022300932346079A0949A1
:105130000948FFF741FC094B186008B1012005E060
:1051400007494FF48870FAF74BFD002008B010BDF6
:10515000A07E00206CAE0300955403009C7E0020CE
:10516000D8AD03002DE9F04184B005460E469046C7
:105170001F460B9C2C230393039B2C2B10D1ACB10B
:1051800001940A9B00933B46424631462846FFF76E
:1051900097FF012384F82830204604B0BDE8F08151
:1051A00005494FF4A370FAF71BFDE8E7024940F206
:1051B0004B10FAF715FDEFE7D8AD0300F0B585B059
:1051C0000C4615461E46074698B1154B186828B37D
:1051D000009401950297052C19DCFFF79FFE022829
:1051E0000DD000231A4669460D480068FFF75AF8AB
:1051F00012E00C4940F28310FAF7F2FCE5E70023D5
:105200000A9A694606480068FFF74CF804E0002354
:1052100032466946FFF7FEF805B0F0BD0020FBE717
:10522000A07E0020D8AD030070B582B0194B1B687A
:105230001A683AB3DB681E68DC68251D2846FEF74D
:1052400055FD636A20469847E369012BEED1A369B7
:1052500033449E4207D26360246129460D4B18688F
:10526000FEF72BFDE2E7002100910B463246204677
:10527000FFF7A4FF0028D9D1074940F26F30FAF7B1
:10528000AFFCD3E7054A106802490860136002B01A
:1052900070BD00BFA87E0020D8AD0300A47E002012
:1052A00038B50546FFF718FC0446074B1B688342D8
:1052B00005D800232B60044B1C60204638BDFFF747
:1052C000B3FF01232B60F6E7987E002070B582B013
:1052D00006460D4613490968C968CC68201DFEF7CB
:1052E00005FDE169012904D0636A2046984702B0B0
:1052F00070BDA16933462A4631442046FFF784FE3B
:105300000028F1D0002100910B4632462046FFF7DD
:1053100055FF0028E8D1044940F2E510FAF760FC97
:10532000E2E700BFA87E0020D8AD030070B582B0D0
:1053300006460C46FFF7C8FB01A8FFF7B1FF019B2B
:105340001BBB054644B9B0420CD3FFF753FC2946BA
:105350003046FFF7BBFF1AE00E4B1B681C68B4FA1F
:1053600084F464092246711B0B4B1868FFF768F937
:10537000FFF740FC58B9094B4FF080525A6040BFCC
:10538000BFF34F8FBFF36F8F01E0FFF733FC02B025
:1053900070BD00BFA47E0020A07E002000ED00E0D4
:1053A00030B589B002E0049B002B0FDA002204A97B
:1053B000364B1868FFF78AF8002864D0049B002B4E
:1053C000F1DA07990698059B9847ECE7069C636914
:1053D00013B1201DFEF78AFC03A8FFF761FF054605
:1053E000049B092BE2D801A252F823F015540300C4
:1053F0001554030015540300AD5303005554030026
:10540000775403001554030015540300AD530300F3
:1054100055540300059BA169024619442046FFF735
:10542000F3FD0028C2D0636A20469847E369012B48
:10543000BCD1A269002100910B4605980244204688
:10544000FFF7BCFE0028B1D1114940F2FE20FAF767
:10545000C7FBABE7059BA3613BB1A1692B462A467D
:1054600029442046FFF7D0FDA0E7094940F2153056
:10547000FAF7B6FBF1E794F82830002B96D12046D6
:10548000FEF7F8FB92E709B030BD00BFA07E002018
:10549000D8AD030000B583B001A8FFF7A5FD0199C1
:1054A000FFF744FFFFF77CFFF6E70000BFF34F8FE5
:1054B0000549CA6802F4E062044B1343CB60BFF3B2
:1054C0004F8F00BFFDE700BF00ED00E00400FA05CC
:1054D00008B54FF01023D3F80C3203B908BD0F4BB9
:1054E0000122C3F804250D4BD3F80034002BFAD069
:1054F0004FF010230022C3F80C22084BD3F80034DD
:10550000002BFAD0054B0022C3F80425034BD3F837
:105510000034002BFAD0FFF7C9FF00BF00E00140C4
:1055200010B5FFF7D5FFF2F72BFB0446F2F742FB6D
:105530002046F2F77FFB002010BD51EC102BC1F389
:105540000A53002B1CBF40F2FF7C634500D170471B
:105550001844604506DB0020C7F6F07060F31E01BA
:10556000002208E00028C7BF6FF31E5141EA005136
:1055700001F00041002241EC102B704752EC10CB9F
:10558000C2F30A5340F2FF718B4211BF002B00217E
:1055900001607047A3F2FE31016040F2FE3060F31B
:1055A0001E5242EC10CB70472DE9F84F2DED028BC7
:1055B00082B050EC101B4FF0FF3202EB105240F261
:1055C000FE739A4280F09F8001A8FFF7D7FF55EC49
:1055D000106B00245E4B30462946002200F090F903
:1055E00080460F464AF29E00C3F6E67043F6CE317F
:1055F000C6F27F61019A711A75EB00000092B8BF84
:105600000124002C284631461CBF3846414640EC58
:10561000101B4FF0FF30FFF790FFB0EE408AF0EE26
:10562000608A4C4B30462946002200F069F9054655
:105630000E46494B51EC180B002C1CBF3E4645460C
:10564000002200F05DF902460B462846314600F084
:105650000FFB05460E4602460B4600F071FA8346E4
:105660008A464BF27049C0F2030941EC180B4846D8
:105670000221B0EE480AF0EE680A00F079F8374AE5
:10568000374B51EC100B00F03BF980460F4609F107
:1056900010000321B0EE480AF0EE680A00F09CF812
:1056A00053EC102B4046394600F0E2FA5A46534676
:1056B00000F046FA2A46334600F042FA2A463346BC
:1056C00000F01EF980460D46002C009818BF0138E6
:1056D00000F0D6FB06460F46224A234B00F030FA74
:1056E00042462B4600F00CF980460D461F4B3046D3
:1056F0003946002200F024FA42462B4600F000F919
:1057000041EC100B1AE0420042EAD1720023CFF6BE
:10571000E0730027B7EB410773EB02020ED30022C0
:10572000C7F6F072104207D00028BCBF02F5002077
:10573000002140EC101B01E09FED030B02B0BDEC1B
:10574000028BBDE8F88F00BF000000000000F0FFF2
:105750000000E0BF0000F0BF0000E03F9AB5B312C8
:10576000FF0750C0A80C615C10D02BBF0030E63F93
:10577000F8B52DED028B00EBC1070E4657E902018B
:1057800017ED048B54EC105B2A46234600F0D8F941
:1057900053EC182B00F0B4F841EC100B032E10DB87
:1057A000183F013E51EC100B2A46234600F0C8F981
:1057B00077E8022300F0A4F8013E41EC100B012E23
:1057C000F0D851EC100B2A46234600F0B9F941EC11
:1057D000100BBDEC028BF8BD2DE9F041804600EBCB
:1057E000C100022915DBA0F108074C1C56EC105B28
:1057F00077E8022351EC100B00F082F82A4633467A
:1058000000F09EF9013C41EC100B022CF0D808F19D
:10581000080050E9022351EC100B00F071F841EC44
:10582000100BBDE8F08184460020002918BF002A33
:1058300000D17047097848B2002844BF6FF00100DA
:105840007047BCF1000F18BFCCF800100021C3E96D
:105850000011002818BF012070477F298EBF6FF00C
:10586000010001700120704747F6D462C2F20002C5
:105870001368002B02BF42F64033C2F200031360EC
:105880005A689268126810470921FFF7EDBF7F2818
:1058900084BF002070474BF2AC62C0F20302515C3F
:1058A0004BF22C62C0F20302105C08407047A0F17A
:1058B00061011A2938BF20387047A0F141011A2927
:1058C00038BF203070477F2884BF002070474BF2DC
:1058D000AC62C0F20302515C4BF22C62C0F20302D4
:1058E000105C08407047A0F161011A2938BF2038C8
:1058F0007047A0F141011A2938BF203070470000DD
:1059000030B591EA030F00F18280841A71EB030C29
:1059100005D2121953EB0C03001B71EB0C0140F282
:10592000000CCFF6E07C1CEA430F52D0BCEB410FD9
:105930005FD90C0DA4EB135E5FF0010C6CF31F51EB
:105940006CF31F53DEF1200C2AD303FA0CF5401937
:1059500041F1000122FA0EF5401923FA0EF56941D2
:1059600012FA0CF2CD0208D349085FEA30005FEA70
:10597000320228BF42F001020134013C5FEA500CC0
:1059800072F1004250F1000051EB04514FF400134A
:1059900013EB410F38BF30BD6FF31301002030BD52
:1059A000BEF1200EBEF1200F1ED223FA0EF54019D3
:1059B00041F10001CEF1200C124218BF012203FA7E
:1059C0000CF52A43CEE711EA5C0F04BF002000214A
:1059D00030BD1CEA410F04BF01F00041002030BD82
:1059E00001F00041002030BD21F4801101EB045191
:1059F00030BD004218BF41F00101BCEB410F08BFB0
:105A000030BD4FF0FE4141F47801002030BD83F0FD
:105A10000043841A71EB030E07D28EF0004E001B78
:105A200071EB0E01121953EB0E0340F2000CCFF68E
:105A3000E07C1CEA430FC6D0BCEB410F72D90C0DC1
:105A4000A4EB135EC90241EA5051C00241F000418B
:105A5000DB0243EA5253D20243F00043DEF1200C52
:105A600041D312FA0CF522FA0EF203FA0CF542EACF
:105A7000050218BF42F0010223FA0EF3801A994181
:105A8000E30AC4F30A0411F0404F03D418D0013CD8
:105A900040004941013C23D44205C00A40EA41503C
:105AA000C90A51EAC3715FEA500C72F1004250F129
:105AB000000051EB045130BD01002FD00020203CEC
:105AC0000029F9D0B1FA81FCDCF1200E11FA0CF1B9
:105AD00030FA0EF510FA0CF02943A4EB0C04D9E7C8
:105AE0000020D90730BDAEF1200EBEF1200F0DD23F
:105AF000CEF1200C03FA0CF533FA0EF32A4318BF4B
:105B000043F00103C01A61F10001B9E721F000413F
:105B1000C00A40EA4150C90A01EB045130BD0020DF
:105B2000002130BD004218BF41F00101BCEB410F24
:105B30007FF467AFBCEB430F3FF463AF30BD00BFF2
:105B4000F0B540F2FF7681EA030C16EA115E1EBF43
:105B5000B64516EA1355B54252D021EA465141F4F2
:105B60008011A1FB024723EA465343F48013AE445D
:105B7000A0FB03650CF0004C36197D41A1FB0347E7
:105B800047F10003A0FB0217F619654153F100032A
:105B9000094218BF46F0010640F2FE74B3F5007FDB
:105BA00013D2AEF5806EA64523D24CEA033128030A
:105BB00041EA155140EA16503203450872F100429D
:105BC00050F1000051EB0E51F0BDAEF2FF3EA64584
:105BD0000FD24CEAC321E80241EA555140EA56503F
:105BE000F202450872F1004250F1000051EB0E51F3
:105BF000F0BD1EEA0E0F2DD50CF000410020F0BDC7
:105C000016EA115F04BF01F000410020004218BFF6
:105C100041F0010116EA135F04BF03F000430022C4
:105C2000124218BF43F0010306EA1354B44218BFEE
:105C3000B64503D00CF000410020F0BD21F000413A
:105C400023F00043B1EB065F0CD8B3EB065F09D835
:105C500041B13BB10CF0004141F0FE4141F4700113
:105C60000020F0BD40F20001C7F6F8710020F0BD41
:105C70002DE9F04391EA030E0EF0004E40F20007CA
:105C8000CFF6E07717EA41051EBFBD4217EA43058C
:105C9000BD4200F09F807F0D17EA135623EA475359
:105CA00043F4801317EA115521EA475141F480115A
:105CB000AD1B05F2FD354FEAD31C1CF1010C4FF072
:105CC0000047B7FBFCF77F01A2FB079C0024E3FB26
:105CD00007C4D9F100096CEB4C0CA0FB0762002053
:105CE000E1FB072000275FEAC628E0FB0987760D65
:105CF00046EAC226520DF61900277A41E0FB0C62F3
:105D00005FEAC823E2FB09375FEA585848EAC62829
:105D1000760D18EB070800214E41E2FB0C8602EBE2
:105D2000C020DA02E6FB09215B0D43EAC8235FEAE3
:105D300058585B18002758EB0708E6FB0C38D102CF
:105D4000E8FB0917520D42EAC3225B0DD219002766
:105D50007B41E8FB0C2308EBC6265FEAC128E3FB86
:105D60000987490D41EAC221520DC91942F10002C9
:105D7000E3FB0C12470019EB08095CEB010C72EB1A
:105D8000040453EBC62047EB56530026B3F5000F2F
:105D90007641AD190236D6F1200910FA09F4F04027
:105DA00013FA09F21043F340E40F001943F1000322
:105DB000B3F5001F24BF5B08013540F2FE77BD42FA
:105DC00004D24EEA05511944BDE8F0832D4224D592
:105DD000714626E0004218BF41F00101124218BF8F
:105DE00043F00103B7EB410F2CBFB7EB430F1BE0B0
:105DF000B7EB410F04BFB7EB430F15E017EA410FB4
:105E000004BF17EA430F0FE017EA410FE0D017EA8B
:105E1000430F02D0B7EB430FDAD04EF0FE4141F40E
:105E200070010020BDE8F08340F20001C7F6F87170
:105E3000F7E700BFC1F30A5340F21E42D21A0EDD4B
:105E4000202A0AD8CB0243EA505040F00040D0400C
:105E500090EAE170B0EBE1707047002070474B00B2
:105E6000004218BF43F0010313F5001F88BF21F063
:105E7000004111F0004058BF6FF00040704700BF74
:105E800010F0004160B148BF40420A0D02F21D42CD
:105E9000B0FA80F3D21A9840C30A400503EB0251CE
:105EA000704700BFC0F3C75191B142004FEA407044
:105EB0004FEAD2014FEA310101F16051B2F17F4F57
:105EC00038BF704701F1605118BF41F4002170479D
:105ED00010F0004100207047082938BF70470022A9
:105EE000C0E9002147F6D861C2F20001086070479E
:105EF000042A08D350F804CB0B689C4506D1043A19
:105F00000431032AF6D8A2B1D0F800C0086880EAAC
:105F10000C0191FAA1F1B1FA81F1B2EBD10F08D9DC
:105F200001F038012CFA01F2C840C0B2D1B2081A0F
:105F30007047002070470178002904BF0020704797
:105F400000214FF001324358C2FA53F30431002BC1
:105F5000F9D093FAA3F0B0FA80F001EBD000043846
:105F6000704700005AB3844690EA01039B071FD193
:105F7000830707D011F8013B00F8013B013AF7D144
:105F80001CE08446203A09D32DE9F007B1E8F80770
:105F9000A0E8F807203AF9D2BDE8F0071C3205D492
:105FA00051F8043B40F8043B043AF9D2043205D0DE
:105FB00011F8013B00F8013B013AF9D16046704706
:105FC00000220B0011001A0084465AB3830704D044
:105FD00000F8011B013AF9D124E0C9B241EA0121DC
:105FE00041EA0141202A11D3203A2DE9F0030B4662
:105FF0000C460D460E460F4688468946A0E8FA0331
:10600000203AFBD2BDE8F00320320BD0042A05D39E
:1060100040F8041B043A05D0042AF9D200F8011B09
:10602000013AFBD16046704708B50346007858B97D
:106030005A78012A07D0920702D5044800F00CF8DC
:1060400002225A70012008BD0020FCE7B9B6030007
:1060500001230370437070470FB408B5FBF7A0FF2E
:02606000FEE759
:1060640049C90200000000004D09030000000000BF
:10607400D197020000000000117D02000000000022
:1060840061AD02002041002055960200000000008E
:1060940021B8020000000000398302000000000063
:0860A4008D080300000000005C
:1060AC00E1CA020000000000B90903000000000072
:1060BC008D1C030000000000351F030000000000D1
:1060CC00DC510020A4520020AC520020E4510020EE
:0460DC0018000000A8
:1060E00098790300030300003C7A030003030000D7
:1060F000447A030003030000E47A03000303000072
:10610000D07B030003030000BC7C030003030000FA
:106110005C7D030003030000647D030003030000B3
:106120006C7D030003030000747D03000303000083
:10613000B48F0300030304047C7D03000303000009
:106140000C6F030003030404A8780300030300009A
:106150007C85030003030404906E0300030304041E
:10616000F488030003030404809103000000040486
:10617000A8940300000003036895030000000404D2
:106180001C72030000000303846C0300000003037F
:106190006C6E030000000303387303000000030368
:1061A000806E030000000303C071030000000303BE
:1061B000BC6F030000000303FC770300000003032F
:0861C0006C76030000000303EC
:1061C80088B2030000000000EC8E0300382B00208A
:1061D800000000000000000055F702000000000069
:0461E80000000000B3
:0C61EC00818D0200F5220300413B0300FE
:1061F80041707000496E697469616C697A6174698B
:106208006F6E0000436861726765000057616974CA
:1062180000000000536C6F77204368617267652047
:10622800416E64205363616E000000005374617412
:10623800654D616368696E653A204E6577204950FF
:1062480047206461746120726563656976656400DE
:106258004368617267696E6720506172616D657429
:106268006572733A0000000020205672656374203E
:10627800646574656374696F6E3A20256400000074
:1062880020205672656374204F56503A20256400CA
:10629800202056636867207261696C20737570707E
:1062A8006C79206369726375697420706F776572A1
:1062B80020676F6F643A202564000000202043485F
:1062C8004731207374617475733A2025642C204F0C
:1062D8005650206572726F723A20256400000000E3
:1062E800202043484732207374617475733A20251F
:1062F800642C204F5650206572726F723A202564C4
:1063080000000000546865726D616C205061726114
:106318006D65746572733A002020546865726D204B
:106328007265666572656E63653A202564000000D3
:106338002020546865726D206F757075743A202539
:10634800640000002020546865726D206F666673D3
:1063580065743A202564000042617474657279207E
:10636800766F6C74616765206D65617375726564BD
:106378003A20256C64206D56000000005465737443
:1063880020496E666F726D6174696F6E3A00000025
:106398002020485620537570706C7920456E6162D4
:1063A8006C653A202564000020205644445320534D
:1063B8007570706C7920456E61626C653A20256451
:1063C8000000000020205644444120537570706C32
:1063D8007920456E61626C653A20256400000000F2
:1063E8004368617267652053746174653A20504D43
:1063F8004320706F776572206F6E0A0041707020BD
:106408007374617465206D616368696E653A2049CB
:106418006E697469616C697A6174696F6E2053740E
:1064280061746520456E7472790A0000526563656F
:10643800697665642053797374656D206576656E39
:106448007420256420696E207363616E2073746103
:1064580074650000486561727462656174207661D4
:106468006C75652025640A00575054204368617292
:10647800676572204E54432054656D70657261746F
:1064880075726520256420430A0000004261747417
:1064980065727920766F6C74616765206C657665C6
:1064A8006C202564206D560A000000004865617262
:1064B800746265617454696D657200005379737410
:1064C800656D4163746976654F626A65637400003F
:1064D80053797374656D20496E697469616C697A62
:1064E8006564202D2056657273696F6E2025642EB1
:1064F80025642E256420282573290A0048542D492F
:10650800452D4649482D46570000000053746172D6
:10651800742073797374656D20696E697469616C30
:10652800697A6174696F6E200A0000005379737488
:10653800656D20696E697469616C697A6174696FE7
:106548006E20646F6E65200A000000005379737432
:10655800656D20537461727473204544410A0000CC
:1065680043616C6C6261636B206578656375746503
:106578006420666F72206576656E742025642069D4
:106588006E20706F72742025640000004E6F2063C7
:10659800616C6C6261636B20646566696E6564201A
:1065A800666F72206576656E7420256420696E209A
:1065B800706F7274202564002F55736572732F6194
:1065C8006C657862616C6477696E2F4465736B746F
:1065D8006F702F4F70656E4E657276652D436861DA
:1065E800726765722F4669726D776172652F536F96
:1065F800757263652D436F64652F7372632F6861CD
:106608006C5F6C617965722F68616C5F6164632E81
:106618006370700042617474657279206D6561738E
:106628007572656D656E7420737461727465640A41
:10663800000000005374617274696E6720736361AF
:106648006E2E00002F55736572732F616C6578622A
:10665800616C6477696E2F4465736B746F702F4F2C
:1066680070656E4E657276652D43686172676572F6
:106678002F4669726D776172652F536F7572636506
:106688002D436F64652F7372632F68616C5F6C6153
:106698007965722F68616C5F626C652E637070003B
:1066A800427574746F6E20257520707265737365FA
:1066B800640A0000427574746F6E20257520726537
:1066C8006C65617365640A002F55736572732F6179
:1066D8006C657862616C6477696E2F4465736B745E
:1066E8006F702F4F70656E4E657276652D436861C9
:1066F800726765722F4669726D776172652F536F85
:10670800757263652D436F64652F7372632F6861BB
:106718006C5F6C617965722F68616C5F6275747407
:106728006F6E2E6370700000546F6F206D616E790C
:1067380020627574746F6E732E204D617820616CC1
:106748006C6F7765643A2025640A00004572726FA1
:10675800722077726974696E6720746F20444143B0
:106768002072656769737465720000005374617202
:1067780074204446552070726F636573732C2074BF
:1067880068652073797374656D2077696C6C207205
:10679800657365740D0A00004661696C6564207450
:1067A8006F20636C656172204750524547524554CB
:1067B8003A2025640D0A00004661696C65642074FE
:1067C8006F207365742044465520666C61673A20D3
:1067D80025640D0A0000000053797374656D2072FA
:1067E8006573657420666F7220444655206D6F642A
:1067F800650D0A002E2E2F2E2E2F636F72655F6C8B
:10680800617965722F73646B2F6E7266352F6E52C5
:1068180046355F53444B5F31372E312E305F646409
:1068280064653536302F6D6F64756C65732F6E72C5
:1068380066782F68616C2F6E72665F6770696F2E5D
:10684800680000002F55736572732F616C6578625C
:10685800616C6477696E2F4465736B746F702F4F2A
:1068680070656E4E657276652D43686172676572F4
:106878002F4669726D776172652F536F7572636504
:106888002D436F64652F7372632F636F72655F6C3E
:10689800617965722F73646B2F6E7266352F6E5235
:1068A80046355F53444B5F31372E312E305F646479
:1068B80064653536302F636F6D706F6E656E7473F7
:1068C8002F626C652F636F6D6D6F6E2F626C655FE5
:1068D800636F6E6E5F73746174652E6300000000F1
:1068E800546865206C6F63616C20646174616261D7
:1068F800736520686173206368616E6765642C2026
:10690800736F20736F6D652073756273637269703E
:1069180074696F6E7320746F206E6F746966696333
:106928006174696F6E7320616E6420696E64696357
:106938006174696F6E7320636F756C64206E6F7419
:1069480020626520726573746F72656420666F7269
:1069580020636F6E6E5F68616E646C6520256400ED
:106968006773636D5F6C6F63616C5F64625F6361C3
:106978006368655F6170706C792829207265747529
:10698800726E656420257320776869636820736870
:106998006F756C64206E6F742068617070656E2E00
:1069A80020636F6E6E5F68616E646C653A20256463
:1069B800000000002E2E2F2E2E2F636F72655F6C45
:1069C800617965722F73646B2F6E7266352F6E5204
:1069D80046355F53444B5F31372E312E305F646448
:1069E80064653536302F636F6D706F6E656E7473C6
:1069F8002F6C69627261726965732F6D7574657841
:106A08002F6E72665F6D74782E6800002F5573655F
:106A180072732F616C657862616C6477696E2F445C
:106A280065736B746F702F4F70656E4E6572766507
:106A38002D436861726765722F4669726D7761725E
:106A4800652F536F757263652D436F64652F73727D
:106A5800632F636F72655F6C617965722F73646B06
:106A68002F6E7266352F6E5246355F53444B5F3139
:106A7800372E312E305F646464653536302F636F8E
:106A88006D706F6E656E74732F626C652F706565BF
:106A9800725F6D616E616765722F676174745F63A1
:106AA800616368655F6D616E616765722E63000082
:106AB800466C6173682066756C6C2E20436F756C2C
:106AC80064206E6F742073746F72652064617461E2
:106AD80020666F7220636F6E6E5F68616E646C65AE
:106AE8003A202564000000006773636D5F6C6F6374
:106AF800616C5F64625F63616368655F7570646140
:106B0800746528292072657475726E656420257312
:106B180020666F7220636F6E6E5F68616E646C656D
:106B28003A202564000000006773636D5F73657227
:106B3800766963655F6368616E6765645F696E64E3
:106B48005F73656E6428292072657475726E65645A
:106B580020257320666F7220636F6E6E5F68616EAA
:106B6800646C653A20256400434152206368617271
:106B78002076616C756520636F756C646E27742070
:106B880062652073746F72656420286572726F7213
:106B98003A202573292E205265617474656D7074CE
:106BA8002077696C6C2068617070656E206F6E204C
:106BB800746865206E65787420636F6E6E656374A3
:106BC800696F6E2E00000000556E657870656374FD
:106BD8006564204741545420737461747573207739
:106BE80068696C652067657474696E6720434152F3
:106BF80020636861722076616C75653A203078256B
:106C0800780000004D756C7469706C6520282564E7
:106C18002920434152206368617261637465726917
:106C2800737469637320666F756E642C207573695D
:106C38006E67207468652066697273742E000000A0
:106C4800556E6578706563746564204341522063AE
:106C580068617261637465726973746963207661CF
:106C68006C7565206C656E67746820282564292C0E
:106C78002073746F726520302E0000007065657295
:106C88005F6D616E616765725F67636D000000002C
:106C98007064735F706565725F646174615F73745B
:106CA8006F726528292072657475726E6564202577
:106CB80073207768696C652073746F72696E6720DA
:106CC80073657276696365206368616E676564736E
:106CD8007461746520666F722070656572206964DE
:106CE8002025642E000000007064625F7065657284
:106CF8005F646174615F7074725F676574282920CE
:106D080072657475726E656420257320666F7220D3
:106D1800636F6E6E5F68616E646C653A202564000F
:106D280044696420616E6F74686572207468726566
:106D38006164206D616E6970756C61746520504D79
:106D48005F504545525F444154415F49445F474164
:106D580054545F4C4F43414C20666F7220706565F8
:106D6800725F6964202564206174207468652073EB
:106D7800616D652074696D653F207064625F77722C
:106D88006974655F6275665F72656C6561736528B5
:106D9800292072657475726E65642025732E000053
:106DA80073645F626C655F67617474735F73797332
:106DB8005F617474725F73657428292072657475D5
:106DC800726E6564204E52465F4552524F525F497B
:106DD8004E56414C49445F4441544120666F7220ED
:106DE8004E554C4C20706F696E74657220776869D7
:106DF80063682073686F756C64206E6576657220B1
:106E080068617070656E2E20636F6E6E5F68616E6C
:106E1800646C653A2025640073645F626C655F6723
:106E2800617474735F696E697469616C5F757365A9
:106E3800725F68616E646C655F676574282920728B
:106E4800657475726E656420257320776869636858
:106E58002073686F756C64206E6F74206861707041
:106E6800656E2E00706565725F6D616E6167657233
:106E78005F6773636D000000706565725F6D616EBA
:106E8800616765725F696D006E72665F626C655FEF
:106E98006761747400000000424C455F4741505FD1
:106EA8005343414E5F54494D454F5554000000002F
:106EB800436F6E6E656374696E670000436F6E6E34
:106EC800656374696F6E207374617475733A2025F5
:106ED8006400000073645F626C655F6761705F7374
:106EE80063616E5F73746172742072657475726E1B
:106EF80065642030782578005363616E6E696E672B
:106F080000000000626C655F7363616E0000000042
:106F1800436F756C64206E6F742064656C6574656E
:106F2800207065657220646174612E206664735FE9
:106F380066696C655F64656C65746528292072658F
:106F48007475726E6564203078257820666F7220BB
:106F5800706565725F69643A20256400436F756CDB
:106F680064206E6F7420777269746520646174613F
:106F780020746F20666C6173682E206664735F727C
:106F880065636F72645F7B77726974657C75706422
:106F98006174657D28292072657475726E65642038
:106FA800307825782E20706565725F69643A2025EF
:106FB80064000000706565725F6D616E616765727F
:106FC8005F70647300000000706D5F6275666665CF
:106FD800725F7074725F676574282920636F756CBF
:106FE80064206E6F742072657472696576652052CC
:106FF800414D206275666665722E20626C6F636B08
:107008005F69643A202564007064735F7065657217
:107018005F646174615F73746F726528292072659B
:107028007475726E65642025732E20706565725FB5
:1070380069643A2025640000536F6D6520706565AA
:1070480072206461746120776173206E6F742070A0
:10705800726F7065726C79207772697474656E20CE
:10706800746F20666C6173682E2077726974655F2F
:107078006275665F73746F7265282920726574750E
:10708800726E656420257320666F72207065657264
:107098005F69643A2025640043616E6E6F742073E3
:1070A800746F7265206461746120746F20666C610E
:1070B8007368206265636175736520706D5F6275C2
:1070C800666665725F7074725F67657428292063ED
:1070D8006F756C64206E6F74207265747269657662
:1070E800652052414D206275666665722E2049738F
:1070F80020626C6F636B5F6964202564206E6F7417
:1071080020616C6C6F63617465643F007064625FDA
:1071180077726974655F6275665F72656C656173C5
:107128006528292072657475726E65642025732040
:1071380077686963682073686F756C64206E6F7414
:107148002068617070656E2E20706565725F696475
:107158003A2025642C20646174615F69643A2025B3
:10716800640000005065657220494420256420773A
:107178006173206E6F742070726F7065726C792005
:1071880072656C65617365642E207064735F7065E9
:1071980065725F69645F6672656528292072657427
:1071A80075726E65642025732E20706565725F693F
:1071B800643A202564000000706565725F6D616E39
:1071C800616765725F70646200000000436F756CF0
:1071D80064206E6F742072657472656976652072BA
:1071E800616E6B732E207064625F706565725F6498
:1071F8006174615F6C6F61642829207265747572AF
:107208006E65642025732E20706565725F69643A27
:1072180020256400706565725F6D616E61676572D7
:1072280000000000557064617465000044656C6579
:10723800746500004F757464617465642028302992
:107248000000000053657276696365206368616EAB
:107258006765642070656E64696E6720666C616737
:10726800000000004F757464617465642028322939
:10727800000000004F757464617465642028332928
:10728800000000004170706C69636174696F6E2062
:10729800646174610000000052656D6F746520645C
:1072A8006174616261736500506565722072616E18
:1072B8006B000000426F6E64696E672064617461E0
:1072C800000000004C6F63616C206461746162614E
:1072D8007365000043656E7472616C20616464724A
:1072E800657373207265736F6C7574696F6E0000D7
:1072F800456E6372797074696F6E0000426F6E64D8
:10730800696E670050616972696E6700496E7661DF
:107318006C696420526F6C650000000050657269EA
:1073280070686572616C000043656E7472616C0010
:10733800706565725F6D616E616765725F68616EC9
:10734800646C657200000000496E7465726E616C51
:10735800206572726F723A202573207265636569C1
:10736800766564204E554C4C20666F7220705F73B2
:1073780065635F6B65797365742E0000436F756C88
:1073880064206E6F74207265747269657665205228
:10739800414D2062756666657220666F7220696E5F
:1073A800636F6D696E6720626F6E642E2070646211
:1073B8005F77726974655F6275665F6765742829AF
:1073C8002072657475726E65642025732E20636F54
:1073D8006E6E5F68616E646C653A2025640000001B
:1073E800696D5F626C655F616464725F676574286C
:1073F800292072657475726E65642025732E20636A
:107408006F6E6E5F68616E646C653A2025642E202D
:107418004C696E6B20776173206C696B656C7920A1
:10742800646973636F6E6E65637465642E00000033
:10743800436F756C64206E6F7420636C65616E2099
:107448007570206166746572206661696C65642078
:10745800626F6E64696E672070726F6365647572BF
:10746800652E207064625F77726974655F62756605
:107478005F72656C65617365282920726574757221
:107488006E65642025732E20636F6E6E5F68616E73
:10749800646C653A2025642E0000000073645F6206
:1074A8006C655F6761705F7365635F696E666F5F68
:1074B8007265706C7928292072657475726E6564BE
:1074C800204E52465F45524F525F494E56414C49F5
:1074D800445F53544154452C207768696368206998
:1074E8007320616E6572726F7220756E6C6573734E
:1074F80020746865206C696E6B20697320646973F9
:10750800636F6E6E656374696E672E00436F756C8A
:1075180064206E6F7420636F6D706C657465206590
:107528006E6372797074696F6E2070726F636564D0
:107538007572652E2073645F626C655F6761705F4A
:107548007365635F696E666F5F7265706C79282911
:107558002072657475726E65642025732E20636FC2
:107568006E6E5F68616E646C653A2025642C2070CD
:107578006565725F69643A2025642E0052414D208A
:1075880062756666657220666F72206E6577206226
:107598006F6E642077617320756E617661696C61C6
:1075A800626C652E207064625F77726974655F62D1
:1075B80075665F67657428292072657475726E65D3
:1075C800642025732E20636F6E6E5F68616E646C35
:1075D800653A2025642E0000436F756C64206E6F39
:1075E8007420616C6C6F63617465206E65772070C0
:1075F8006565725F696420666F7220696E636F6D7E
:10760800696E6720626F6E642E000000436F756CB0
:1076180064206E6F742073746F726520626F6E647D
:107628002E207064625F77726974655F6275665F49
:1076380073746F726528292072657475726E65643B
:107648002025732E20636F6E6E5F68616E646C65B3
:107658003A2025642C20706565725F69643A20259C
:1076680064000000706565725F6D616E61676572C8
:107678005F736D640000000043616E6E6F74207369
:107688006563757265206C696E6B206265636175F0
:10769800736520612070726576696F7573207365F4
:1076A8006375726974792070726F63656475726549
:1076B80020656E64656420696E2074696D656F75F8
:1076C800742E20446973636F6E6E65637420616EF7
:1076D800642072657472792E20736D645F706172B4
:1076E800616D735F7265706C792829206F722073E1
:1076F8006D645F6C696E6B5F73656375726528296D
:107708002072657475726E6564204E52465F4552EC
:10771800524F525F54494D454F55542E20636F6E5A
:107728006E5F68616E646C653A2025640000000035
:10773800436F756C64206E6F7420706572666F722B
:107748006D2073656375726974792070726F6365F3
:10775800647572652E20736D645F706172616D73FC
:107768005F7265706C792829206F7220736D645F71
:107778006C696E6B5F736563757265282920726525
:107788007475726E65642025732E20636F6E6E5F4C
:1077980068616E646C653A2025640000436F756CFF
:1077A80064206E6F7420706572666F726D207365E9
:1077B8006375726974792070726F63656475726538
:1077C8002E20736D645F6C696E6B5F736563757291
:1077D8006528292072657475726E65642025732E7C
:1077E80020636F6E6E5F68616E646C653A20256415
:1077F80000000000706565725F6D616E616765729B
:107808005F736D002F55736572732F616C657862B5
:10781800616C6477696E2F4465736B746F702F4F5A
:1078280070656E4E657276652D4368617267657224
:107838002F4669726D776172652F536F7572636534
:107848002D436F64652F7372632F636F72655F6C6E
:10785800617965722F73646B2F6E7266352F6E5265
:1078680046355F53444B5F31372E312E305F6464A9
:1078780064653536302F696E746567726174696F37
:107888006E2F6E7266782F6C65676163792F6E72E2
:10789800665F6472765F636C6F636B2E63000000D3
:1078A800636C6F636B0000002E2E2F2E2E2F636FDC
:1078B80072655F6C617965722F73646B2F6E726687
:1078C800352F6E5246355F53444B5F31372E312E7C
:1078D800305F646464653536302F696E746567722D
:1078E8006174696F6E2F6E7266782F6E7266785F3C
:1078F800676C75652E6800002F55736572732F616C
:107908006C657862616C6477696E2F4465736B741B
:107918006F702F4F70656E4E657276652D43686186
:10792800726765722F4669726D776172652F536F42
:10793800757263652D436F64652F7372632F636F70
:1079480072655F6C617965722F73646B2F6E7266F6
:10795800352F6E5246355F53444B5F31372E312EEB
:10796800305F646464653536302F6D6F64756C659F
:10797800732F6E7266782F647269766572732F73CF
:1079880072632F6E7266785F636C6F636B2E630031
:10799800434C4F434B0000002F55736572732F61A2
:1079A8006C657862616C6477696E2F4465736B747B
:1079B8006F702F4F70656E4E657276652D436861E6
:1079C800726765722F4669726D776172652F536FA2
:1079D800757263652D436F64652F7372632F636FD0
:1079E80072655F6C617965722F73646B2F6E726656
:1079F800352F6E5246355F53444B5F31372E312E4B
:107A0800305F646464653536302F6D6F64756C65FE
:107A1800732F6E7266782F647269766572732F732E
:107A280072632F6E7266785F6770696F74652E6314
:107A3800000000004750494F54450000505049008D
:107A48002F55736572732F616C657862616C64770A
:107A5800696E2F4465736B746F702F4F70656E4E2F
:107A6800657276652D436861726765722F46697223
:107A78006D776172652F536F757263652D436F64FF
:107A8800652F7372632F636F72655F6C61796572BE
:107A98002F73646B2F6E7266352F6E5246355F53A7
:107AA800444B5F31372E312E305F64646465353660
:107AB800302F6D6F64756C65732F6E7266782F64E6
:107AC8007269766572732F7372632F7072732F6E7B
:107AD8007266785F7072732E630000005052530014
:107AE8002E2E2F2E2E2F636F72655F6C6179657253
:107AF8002F73646B2F6E7266352F6E5246355F5347
:107B0800444B5F31372E312E305F646464653536FF
:107B1800302F6D6F64756C65732F6E7266782F6881
:107B2800616C2F6E72665F70776D2E6800000000C2
:107B38002F55736572732F616C657862616C647719
:107B4800696E2F4465736B746F702F4F70656E4E3E
:107B5800657276652D436861726765722F46697232
:107B68006D776172652F536F757263652D436F640E
:107B7800652F7372632F636F72655F6C61796572CD
:107B88002F73646B2F6E7266352F6E5246355F53B6
:107B9800444B5F31372E312E305F6464646535366F
:107BA800302F6D6F64756C65732F6E7266782F64F5
:107BB8007269766572732F7372632F6E7266785F5F
:107BC80070776D2E6300000050574D002F55736578
:107BD80072732F616C657862616C6477696E2F448B
:107BE80065736B746F702F4F70656E4E6572766536
:107BF8002D436861726765722F4669726D7761728D
:107C0800652F536F757263652D436F64652F7372AB
:107C1800632F636F72655F6C617965722F73646B34
:107C28002F6E7266352F6E5246355F53444B5F3167
:107C3800372E312E305F646464653536302F6D6FB2
:107C480064756C65732F6E7266782F6472697665D9
:107C580072732F7372632F6E7266785F73616164DB
:107C6800632E63002E2E2F2E2E2F636F72655F6C8E
:107C7800617965722F73646B2F6E7266352F6E5241
:107C880046355F53444B5F31372E312E305F646485
:107C980064653536302F6D6F64756C65732F6E7241
:107CA80066782F68616C2F6E72665F7361616463BA
:107CB8002E68000053414144430000002F5573656E
:107CC80072732F616C657862616C6477696E2F449A
:107CD80065736B746F702F4F70656E4E6572766545
:107CE8002D436861726765722F4669726D7761729C
:107CF800652F536F757263652D436F64652F7372BB
:107D0800632F636F72655F6C617965722F73646B43
:107D18002F6E7266352F6E5246355F53444B5F3176
:107D2800372E312E305F646464653536302F6D6FC1
:107D380064756C65732F6E7266782F6472697665E8
:107D480072732F7372632F6E7266785F7370696DCA
:107D58002E6300005350494D0000000054494D4522
:107D68005200000055415254000000005541525441
:107D7800450000006170705F627574746F6E00007A
:107D8800534F46544445564943453A204153534579
:107D98005254494F4E204641494C4544000000008A
:107DA800534F46544445564943453A20494E564157
:107DB8004C4944204D454D4F52592041434345536A
:107DC80053000000415353455254494F4E204641F9
:107DD800494C45442061742025733A2575000000FC
:107DE8004552524F52202575205B25735D206174E2
:107DF8002025733A25750D0A50432061743A2030C6
:107E08007825303878000000456E64206F6620655C
:107E180072726F72207265706F727400554E4B4E9D
:107E28004F574E204641554C5420617420307825D8
:107E3800303858002F55736572732F616C657862FE
:107E4800616C6477696E2F4465736B746F702F4F24
:107E580070656E4E657276652D43686172676572EE
:107E68002F4669726D776172652F536F75726365FE
:107E78002D436F64652F7372632F636F72655F6C38
:107E8800617965722F73646B2F6E7266352F6E522F
:107E980046355F53444B5F31372E312E305F646473
:107EA80064653536302F636F6D706F6E656E7473F1
:107EB8002F6C69627261726965732F7574696C2FB2
:107EC8006170705F7574696C5F706C6174666F72F5
:107ED8006D2E63002F55736572732F616C65786220
:107EE800616C6477696E2F4465736B746F702F4F84
:107EF80070656E4E657276652D436861726765724E
:107F08002F4669726D776172652F536F757263655D
:107F18002D436F64652F7372632F636F72655F6C97
:107F2800617965722F73646B2F6E7266352F6E528E
:107F380046355F53444B5F31372E312E305F6464D2
:107F480064653536302F636F6D706F6E656E747350
:107F58002F6C69627261726965732F6664732F662C
:107F680064732E6300000000484152442046415586
:107F78004C542061742030782530385800000000B7
:107F8800202052303A20203078253038582020528E
:107F9800313A2020307825303858202052323A2083
:107FA80020307825303858202052333A2020307835
:107FB800253038580000000020205231323A203055
:107FC800782530385820204C523A202030782530F7
:107FD800385820205053523A2030782530385800ED
:107FE800537461636B2076696F6C6174696F6E3A64
:107FF80020737461636B20706F696E746572206F93
:1080080075747369646520737461636B206172654C
:10801800612E000043617573653A204275734661AD
:10802800756C74206F6E206120766563746F7220A2
:108038007461626C65207265616420647572696E32
:108048006720657863657074696F6E2070726F63FE
:10805800657373696E672E0043617573653A2025F1
:10806800732E00004D656D4D616E61676520466138
:10807800756C7420416464726573733A2030782596
:1080880030385800427573204661756C742041641D
:1080980064726573733A20307825303858000000D0
:1080A8005468652070726F636573736F72206861BE
:1080B8007320617474656D7074656420746F2065D5
:1080C80078656375746520616E20756E6465666990
:1080D8006E656420696E737472756374696F6E007F
:1080E8005468652070726F636573736F7220617472
:1080F80074656D707465642061206C6F6164206FB5
:10810800722073746F72652061742061206C6F63D4
:108118006174696F6E207468617420646F65732080
:108128006E6F74207065726D697420746865206F55
:108138007065726174696F6E00000000556E73742B
:1081480061636B20666F7220616E2065786365706D
:1081580074696F6E2072657475726E206861732021
:10816800636175736564206F6E65206F72206D6F33
:108178007265206163636573732076696F6C6174DF
:10818800696F6E7300000000537461636B696E67FA
:1081980020666F7220616E20657863657074696F00
:1081A8006E20656E747279206861732063617573DF
:1081B8006564206F6E65206F72206D6F7265206137
:1081C80063636573732076696F6C6174696F6E732E
:1081D8000000000041204D656D4D616E61676520AE
:1081E8006661756C74206F63637572726564206470
:1081F8007572696E6720666C6F6174696E672D7041
:108208006F696E74206C617A79207374617465206B
:10821800707265736572766174696F6E0000000034
:10822800496E737472756374696F6E20627573201A
:108238006572726F72000000446174612062757328
:10824800206572726F72202850432076616C7565C4
:1082580020737461636B656420666F72207468654F
:1082680020657863657074696F6E207265747572C5
:108278006E20706F696E747320746F207468652047
:10828800696E737472756374696F6E207468617453
:108298002063617573656420746865206661756C18
:1082A80074290000446174612062757320657272DC
:1082B8006F72202872657475726E206164647265CD
:1082C800737320696E2074686520737461636B2012
:1082D8006672616D65206973206E6F742072656CBB
:1082E8006174656420746F2074686520696E7374A6
:1082F80072756374696F6E20746861742063617548
:1083080073656420746865206572726F7229000055
:10831800556E737461636B20666F7220616E2065A1
:108328007863657074696F6E2072657475726E20FB
:1083380068617320636175736564206F6E65206F73
:1083480072206D6F7265204275734661756C747327
:1083580000000000537461636B696E6720666F727A
:1083680020616E20657863657074696F6E20656E34
:108378007472792068617320636175736564206F16
:108388006E65206F72206D6F72652042757346614D
:10839800756C74730000000041206275732066617B
:1083A800756C74206F63637572726564206475728E
:1083B800696E6720666C6F6174696E672D706F698E
:1083C8006E74206C617A79207374617465207072A0
:1083D80065736572766174696F6E00005468652014
:1083E80070726F636573736F722068617320617454
:1083F80074656D7074656420746F20657865637545
:10840800746520616E20696E737472756374696F28
:108418006E2074686174206D616B657320696C6C83
:108428006567616C20757365206F662074686520C8
:1084380045505352000000005468652070726F6305
:108448006573736F722068617320617474656D70F1
:1084580074656420616E20696C6C6567616C206C62
:108468006F6164206F66204558435F5245545552EA
:108478004E20746F207468652050432C206173204F
:108488006120726573756C74206F6620616E206957
:108498006E76616C696420636F6E746578742C20E5
:1084A8006F7220616E20696E76616C696420455830
:1084B800435F52455455524E2076616C75650000F5
:1084C8005468652070726F636573736F722068619A
:1084D8007320617474656D7074656420746F2061B5
:1084E8006363657373206120636F70726F63657374
:1084F800736F72005468652070726F636573736F71
:108508007220686173206D61646520616E20756EEC
:10851800616C69676E6564206D656D6F7279206145
:1085280063636573730000005468652070726F633D
:108538006573736F722068617320657865637574FD
:10854800656420616E2053444956206F722055445B
:10855800495620696E737472756374696F6E2077FB
:1085680069746820612064697669736F72206F6628
:1085780020300000686172646661756C74000000E8
:108588002F55736572732F616C657862616C6477BF
:10859800696E2F4465736B746F702F4F70656E4EE4
:1085A800657276652D436861726765722F466972D8
:1085B8006D776172652F536F757263652D436F64B4
:1085C800652F7372632F636F72655F6C6179657273
:1085D8002F73646B2F6E7266352F6E5246355F535C
:1085E800444B5F31372E312E305F64646465353615
:1085F800302F636F6D706F6E656E74732F6C696268
:108608007261726965732F62616C6C6F632F6E7231
:10861800665F62616C6C6F632E6300002F55736533
:1086280072732F616C657862616C6477696E2F4430
:1086380065736B746F702F4F70656E4E65727665DB
:108648002D436861726765722F4669726D77617232
:10865800652F536F757263652D436F64652F737251
:10866800632F636F72655F6C617965722F73646BDA
:108678002F6E7266352F6E5246355F53444B5F310D
:10868800372E312E305F646464653536302F657857
:108698007465726E616C2F667072696E74662F6E87
:1086A80072665F667072696E74662E630000000001
:1086B8002F55736572732F616C657862616C64778E
:1086C800696E2F4465736B746F702F4F70656E4EB3
:1086D800657276652D436861726765722F466972A7
:1086E8006D776172652F536F757263652D436F6483
:1086F800652F7372632F636F72655F6C6179657242
:108708002F73646B2F6E7266352F6E5246355F532A
:10871800444B5F31372E312E305F646464653536E3
:10872800302F65787465726E616C2F667072696E31
:1087380074662F6E72665F667072696E74665F66C5
:108748006F726D61742E6300705F667300000000C5
:10875800257320636865636B206661696C656420B6
:10876800696E202573282920776974682076616CE2
:10877800756520307825782E00000000705F6170E4
:1087880069000000705F66732D3E705F617069005C
:10879800705F6465737400006C656E006164647278
:1087A8005F69735F616C69676E65643332287372E1
:1087B80063290000616464725F69735F7769746834
:1087C800696E5F626F756E647328705F66732C20C4
:1087D8007372632C206C656E29000000705F7372E1
:1087E8006300000021286C656E202520705F667389
:1087F8002D3E705F666C6173685F696E666F2D3EB3
:1088080070726F6772616D5F756E69742900000020
:10881800616464725F69735F616C69676E65643314
:108828003228646573742900616464725F69735FD8
:10883800616C69676E65643332282875696E7433B4
:10884800325F7429705F7372632900006164647217
:108858005F69735F77697468696E5F626F756E646C
:108868007328705F66732C20646573742C206C65A4
:108878006E290000616464725F69735F7061676587
:108888005F616C69676E656428705F66732C207021
:108898006167655F616464722900000061646472E5
:1088A8005F69735F77697468696E5F626F756E641C
:1088B8007328705F66732C20706167655F616464FC
:1088C800722C20286C656E202A20705F66732D3EFE
:1088D800705F666C6173685F696E666F2D3E657266
:1088E8006173655F756E6974292900006E72665F31
:1088F8006673746F72616765000000002F557365B9
:1089080072732F616C657862616C6477696E2F444D
:1089180065736B746F702F4F70656E4E65727665F8
:108928002D436861726765722F4669726D7761724F
:10893800652F536F757263652D436F64652F73726E
:10894800632F636F72655F6C617965722F73646BF7
:108958002F6E7266352F6E5246355F53444B5F312A
:10896800372E312E305F646464653536302F636F7F
:108978006D706F6E656E74732F6C69627261726967
:1089880065732F6D656D6F626A2F6E72665F6D65B8
:108998006D6F626A2E6300002F55736572732F61C5
:1089A8006C657862616C6477696E2F4465736B746B
:1089B8006F702F4F70656E4E657276652D436861D6
:1089C800726765722F4669726D776172652F536F92
:1089D800757263652D436F64652F7372632F636FC0
:1089E80072655F6C617965722F73646B2F6E726646
:1089F800352F6E5246355F53444B5F31372E312E3B
:108A0800305F646464653536302F636F6D706F6EE8
:108A1800656E74732F6C69627261726965732F6514
:108A280078706572696D656E74616C5F7365637487
:108A3800696F6E5F766172732F6E72665F736563BE
:108A480074696F6E5F697465722E63004E52465F7B
:108A580053554343455353004E52465F4552524F78
:108A6800525F5356435F48414E444C45525F4D490F
:108A78005353494E470000004E52465F4552524FED
:108A8800525F534F46544445564943455F4E4F54F1
:108A98005F454E41424C4544000000004E52465F3F
:108AA8004552524F525F494E5445524E414C000078
:108AB8004E52465F4552524F525F4E4F5F4D454DA5
:108AC800000000004E52465F4552524F525F4E4FD3
:108AD800545F464F554E44004E52465F4552524FE2
:108AE800525F4E4F545F535550504F5254454400B7
:108AF8004E52465F4552524F525F494E56414C497D
:108B0800445F504152414D004E52465F4552524FCC
:108B1800525F494E56414C49445F535441544500B5
:108B28004E52465F4552524F525F494E56414C494C
:108B3800445F4C454E475448000000004E52465F83
:108B48004552524F525F494E56414C49445F464C3C
:108B5800414753004E52465F4552524F525F494E6D
:108B680056414C49445F4441544100004E52465FCF
:108B78004552524F525F444154415F53495A450050
:108B88004E52465F4552524F525F54494D454F55DC
:108B9800540000004E52465F4552524F525F4E55A8
:108BA8004C4C00004E52465F4552524F525F464F62
:108BB8005242494444454E004E52465F4552524F38
:108BC800525F494E56414C49445F4144445200006B
:108BD8004E52465F4552524F525F4255535900001C
:108BE8004E52465F4552524F525F434F4E4E5F437F
:108BF8004F554E54000000004E52465F4552524FAA
:108C0800525F5245534F5552434553004E52465FAB
:108C18004552524F525F4D4F44554C455F4E4F544D
:108C28005F494E495449414C495A454400000000A7
:108C38004E52465F4552524F525F4D555445585F0C
:108C4800494E49545F4641494C4544004E52465F9F
:108C58004552524F525F4D555445585F4C4F434B08
:108C68005F4641494C4544004E52465F4552524F7B
:108C7800525F4D555445585F554E4C4F434B5F46D8
:108C880041494C45440000004E52465F4552524F00
:108C9800525F4D555445585F434F4E445F494E49C6
:108CA800545F4641494C4544000000004E52465F1F
:108CB8004552524F525F4D4F44554C455F414C52BF
:108CC800454144595F494E495449414C495A4544E4
:108CD800000000004E52465F4552524F525F5354B7
:108CE8004F524147455F46554C4C00004E52465F37
:108CF8004552524F525F4150495F4E4F545F494D64
:108D0800504C454D454E5445440000004E52465F78
:108D18004552524F525F464541545552455F4E4F5A
:108D2800545F454E41424C45440000004E52465F58
:108D38004552524F525F494F5F50454E44494E4746
:108D4800000000004E52465F4552524F525F445257
:108D5800565F5457495F4552525F4F5645525255D8
:108D68004E0000004E52465F4552524F525F4452E9
:108D7800565F5457495F4552525F414E41434B003D
:108D88004E52465F4552524F525F4452565F5457B7
:108D9800495F4552525F444E41434B004E52465F35
:108DA8004552524F525F424C455F495053505F52B3
:108DB800585F504B545F5452554E434154454400FC
:108DC8004E52465F4552524F525F424C455F4950A2
:108DD80053505F4348414E4E454C5F414C524541CC
:108DE80044595F4558495354530000004E52465F5A
:108DF8004552524F525F424C455F495053505F4C69
:108E0800494E4B5F444953434F4E4E4543544544A6
:108E1800000000004E52465F4552524F525F424C8E
:108E2800455F495053505F504545525F52454A454A
:108E380043544544000000002F55736572732F6139
:108E48006C657862616C6477696E2F4465736B74C6
:108E58006F702F4F70656E4E657276652D43686131
:108E6800726765722F4669726D776172652F536FED
:108E7800757263652D436F64652F7372632F636F1B
:108E880072655F6C617965722F73646B2F6E7266A1
:108E9800352F6E5246355F53444B5F31372E312E96
:108EA800305F646464653536302F636F6D706F6E44
:108EB800656E74732F6C69627261726965732F6C69
:108EC8006F672F7372632F6E72665F6C6F675F6474
:108ED800656661756C745F6261636B656E64732E41
:108EE800630000007274745F6C6F675F6261636B2C
:108EF800656E64002F55736572732F616C657862B7
:108F0800616C6477696E2F4465736B746F702F4F53
:108F180070656E4E657276652D436861726765721D
:108F28002F4669726D776172652F536F757263652D
:108F38002D436F64652F7372632F636F72655F6C67
:108F4800617965722F73646B2F6E7266352F6E525E
:108F580046355F53444B5F31372E312E305F6464A2
:108F680064653536302F636F6D706F6E656E747320
:108F78002F6C69627261726965732F6C6F672F73EA
:108F880072632F6E72665F6C6F675F66726F6E7466
:108F9800656E642E630000004261636B656E6473E6
:108FA80020666C757368656400000000617070006D
:108FB8001B5B313B33316D0025734C6F6773206445
:108FC800726F70706564202825642925730D0A0066
:108FD8001B5B306D00000000257300003C25733ECC
:108FE8002025733A20000000202530327800000048
:108FF800202020007C0000002563000020000000E5
:109008001B5B313B33306D001B5B313B33326D00F2
:109018001B5B313B33336D001B5B313B33346D00DD
:109028001B5B313B33356D001B5B313B33366D00C9
:109038001B5B313B33376D007761726E696E670079
:10904800696E666F00000000646562756700000065
:109058005465726D696E616C0000000052545400D2
:109068005345474745520000537461746520726543
:1090780071756573743A20307825303858000000CF
:109088004E6F74696679206F6273657276657220B7
:10909800307825303858203D3E207265616479006B
:1090A8004E6F74696679206F627365727665722097
:1090B800307825303858203D3E20626C6F636B69EC
:1090C8006E6700005374617465206368616E67653C
:1090D8003A20307825303858000000002F55736545
:1090E80072732F616C657862616C6477696E2F4466
:1090F80065736B746F702F4F70656E4E6572766511
:109108002D436861726765722F4669726D77617267
:10911800652F536F757263652D436F64652F737286
:10912800632F636F72655F6C617965722F73646B0F
:109138002F6E7266352F6E5246355F53444B5F3142
:10914800372E312E305F646464653536302F636F97
:109158006D706F6E656E74732F736F667464657669
:109168006963652F636F6D6D6F6E2F6E72665F73C7
:1091780064682E63000000006E72665F73646800A6
:109188002F55736572732F616C657862616C6477B3
:10919800696E2F4465736B746F702F4F70656E4ED8
:1091A800657276652D436861726765722F466972CC
:1091B8006D776172652F536F757263652D436F64A8
:1091C800652F7372632F636F72655F6C6179657267
:1091D8002F73646B2F6E7266352F6E5246355F5350
:1091E800444B5F31372E312E305F64646465353609
:1091F800302F636F6D706F6E656E74732F736F664B
:10920800746465766963652F636F6D6D6F6E2F6E1D
:1092180072665F7364685F626C652E6300000000AD
:1092280073645F626C655F6366675F736574282942
:109238002072657475726E65642025732077686581
:109248006E20617474656D7074696E6720746F2028
:1092580073657420424C455F434F4E4E5F4346470B
:109268005F4741502E00000073645F626C655F6366
:1092780066675F73657428292072657475726E65F8
:1092880064202573207768656E20617474656D703D
:1092980074696E6720746F2073657420424C455F53
:1092A8004741505F4346475F524F4C455F434F55D8
:1092B8004E542E0073645F626C655F6366675F730C
:1092C800657428292072657475726E65642025732B
:1092D800207768656E20617474656D7074696E6757
:1092E80020746F2073657420424C455F434F4E4E87
:1092F8005F4346475F474154542E000073645F62E2
:109308006C655F6366675F7365742829207265748E
:1093180075726E6564202573207768656E206174A8
:1093280074656D7074696E6720746F20736574203E
:10933800424C455F434F4D4D4F4E5F4346475F5646
:10934800535F555549442E0073645F626C655F63D3
:1093580066675F73657428292072657475726E6517
:1093680064202573207768656E20617474656D705C
:1093780074696E6720746F2073657420424C455F72
:1093880047415454535F4346475F415454525F54D6
:1093980041425F53495A452E0000000073645F62E2
:1093A8006C655F6366675F736574282920726574EE
:1093B80075726E6564202573207768656E20617408
:1093C80074656D7074696E6720746F20736574209E
:1093D800424C455F47415454535F4346475F5345AA
:1093E80052564943455F4348414E4745442E000085
:1093F800496E73756666696369656E742052414D7E
:1094080020616C6C6F636174656420666F72207490
:10941800686520536F66744465766963652E00003D
:109428004368616E6765207468652052414D2073FA
:1094380074617274206C6F636174696F6E206672F8
:109448006F6D203078257820746F20307825782E3D
:10945800000000004D6178696D756D2052414D2006
:1094680073697A6520666F72206170706C696361D8
:1094780074696F6E20697320307825782E0000009B
:1094880073645F626C655F656E61626C6528292034
:1094980072657475726E65642025732E0000000075
:1094A8006E72665F7364685F626C6500536F432019
:1094B8006576656E743A20307825782E00000000B5
:1094C8002F55736572732F616C657862616C647770
:1094D800696E2F4465736B746F702F4F70656E4E95
:1094E800657276652D436861726765722F46697289
:1094F8006D776172652F536F757263652D436F6465
:10950800652F7372632F636F72655F6C6179657223
:109518002F73646B2F6E7266352F6E5246355F530C
:10952800444B5F31372E312E305F646464653536C5
:10953800302F636F6D706F6E656E74732F736F6607
:10954800746465766963652F636F6D6D6F6E2F6EDA
:1095580072665F7364685F736F632E630000000058
:109568006E72665F7364685F736F6300426C655305
:10957800746174654D616368696E6500426C654924
:10958800646C650054696D656F75742074696D65E8
:109598007220657870697265642E0000426C6554AB
:1095A800696D656F757454696D6572005374617285
:1095B80074696E672074696D656F75742074696D60
:1095C80065722E0053746F7070696E672074696DD0
:1095D800656F75742074696D65722E0053746F70B1
:1095E80070696E67207363616E2E00005363616E4D
:1095F8002074696D6564206F75742E0046696C74FB
:109608006572206D617463682E0000005768697484
:10961800656C69737420616476207265706F72740A
:109628002E000000426C65537562737974656D3A5B
:1096380020496E697469616C697A6564200A000062
:10964800426C6500504D43205374617465204D6130
:109658006368696E653A204368617267696E67205E
:109668004261747465727920456E7472790A0000DB
:10967800504D43205374617465204D616368696E71
:10968800653A5374617465204368617267696E67EF
:1096980020426174746572792044697370617463DF
:1096A800684576656E740A00504D432053746174A2
:1096B80065204D616368696E653A20496E76616C14
:1096C8006964204576656E740A000000504D432099
:1096D8005374617465204D616368696E653A205002
:1096E800696E6720506F72740A000000504D432065
:1096F8005374617465204D616368696E65204368C1
:10970800617267696E67204261747465727920734B
:10971800746174653A204261747465727920537477
:10972800617274204368617267696E670A0000009D
:10973800504D43205374617465204D616368696EB0
:1097480065204368617267696E6720426174746559
:1097580072792073746174653A2042617474657219
:10976800792046756C6C20436861726765640A00ED
:10977800504D43205374617465204D616368696E70
:1097880065204368617267696E6720426174746519
:1097980072792073746174653A20426174746572D9
:1097A80079204368617267696E670A00504D4320EB
:1097B8005374617465204D616368696E6520436800
:1097C800617267696E67204261747465727920738B
:1097D800746174653A2042617474657279205072BC
:1097E8006573656E7420496E64696361746F720A8B
:1097F80000000000504D43205374617465204D6192
:109808006368696E65204368617267696E672042A4
:109818006174746572792073746174653A20504D6F
:1098280043204661756C7420436F6E646974696F78
:109838006E0A00002F55736572732F616C6578622C
:10984800616C6477696E2F4465736B746F702F4F0A
:1098580070656E4E657276652D43686172676572D4
:109868002F4669726D776172652F536F75726365E4
:109878002D436F64652F7372632F73657276696306
:10988800655F6C617965722F706D632F7374617495
:10989800655F6D616368696E652F7376635F706D70
:1098A800635F73746174655F6368617267696E672B
:1098B8005F626174746572792E63707000000000D5
:1098C800504D43205374617465204D616368696E1F
:1098D800653A204368617267696E672042617474F3
:1098E80065727920457869740A000000504D43205C
:1098F8005374617465204D616368696E653A2045EB
:109908006E61626C6520456E7472790A0000000011
:10991800504D43205374617465204D616368696ECE
:10992800653A5374617465456E61626C652044697B
:109938007370617463684576656E740A0000000090
:10994800504D43205374617465204D616368696E9E
:109958006520456E61626C652073746174653A2098
:10996800504D43204661756C7420436F6E64697472
:10997800696F6E0A000000002F55736572732F61BE
:109988006C657862616C6477696E2F4465736B747B
:109998006F702F4F70656E4E657276652D436861E6
:1099A800726765722F4669726D776172652F536FA2
:1099B800757263652D436F64652F7372632F7365CA
:1099C80072766963655F6C617965722F706D632F5C
:1099D80073746174655F6D616368696E652F737612
:1099E800635F706D635F73746174655F656E6162F8
:1099F8006C652E6370700000504D43205374617481
:109A080065204D616368696E653A20456E61626CD8
:109A18006520457869740A00504D43205374617479
:109A280065204D616368696E653A2049646C6520FC
:109A3800456E7472790A0000504D43205374617466
:109A480065204D616368696E653A2049646C6520DC
:109A5800457869740A000000504D432053746174BE
:109A680065204D616368696E653A2049646C6520BC
:109A780044697370617463684576656E740A0000A2
:109A8800504D43205374617465204D616368696E5D
:109A9800653A20496E697469616C697A650A0000E3
:109AA8002F55736572732F616C657862616C64778A
:109AB800696E2F4465736B746F702F4F70656E4EAF
:109AC800657276652D436861726765722F466972A3
:109AD8006D776172652F536F757263652D436F647F
:109AE800652F7372632F736572766963655F6C6146
:109AF8007965722F706D632F73746174655F6D6122
:109B08006368696E652F7376635F706D635F7374E6
:109B18006174655F69646C652E6370700000000095
:109B2800504D430049646C6500000000456E616259
:109B38006C6500004368617267696E6720426174F2
:109B48007465727900000000504D43204D616E61CC
:109B58006765723A20436F6E6669674770696F730D
:109B68000A000000504D43204D616E616765723AEE
:109B780020496E69740A0000504D43204D616E61A2
:109B88006765723A20456E61626C6556636352651B
:109B980067756C61746F720A00000000504D4320B5
:109BA8004D616E616765723A2044697361626C65E4
:109BB800566363526567756C61746F720A000000C2
:109BC800504D43204D616E616765723A20456E6164
:109BD800626C654261747465727943686172676525
:109BE800720A0000504D43204D616E616765723AFC
:109BF8002044697361626C6542617474657279436B
:109C08006861726765720A00504D43204D616E614C
:109C18006765723A20476574426174746572795653
:109C28006F6C746167650A00504D43204D616E6129
:109C38006765723A2052656164426174746572792D
:109C48004368617267657250726573656E74496EB8
:109C580064696361746F720A00000000504D43200C
:109C68004D616E616765723A205265616442617444
:109C780074657279436861726765496E6469636186
:109C8800746F7250696E0A00504D43204D616E61C9
:109C98006765723A205265616442617474657279CD
:109CA80046617374436861726765496E646963618C
:109CB800746F720A00000000504D4320506F727498
:109CC8003A20457865637574654576656E740A0053
:109CD800575054205374617465204D616368696EF0
:109CE800653A204368617267696E672045786974D0
:109CF8000A000000575054205374617465204D6168
:109D08006368696E653A204368617267696E6720A7
:109D1800456E7472790A0000575054205374617468
:109D280065204D616368696E653A53746174654373
:109D380068617267696E67204469737061746368EB
:109D48004576656E740A0000575054205374617448
:109D580065204D616368696E653A20496E76616C6D
:109D68006964204576656E740A00000057505420D7
:109D78005374617465204D616368696E653A20505B
:109D8800696E6720506F72740A00000057505420A3
:109D98005374617465204D616368696E653A205734
:109DA800505420506F776572204F6E0A00000000F3
:109DB800575054205374617465204D616368696E0F
:109DC800653A20575054205374617274205363616C
:109DD8006E0A0000575054205374617465204D6119
:109DE8006368696E6520536C6F7743686172676555
:109DF8002073746174653A20575054204661756C1D
:109E08007420436F6E646974696F6E0A0000000005
:109E1800575054205374617465204D616368696EAE
:109E2800653A20426174746572792043686172678B
:109E3800696E670A0000000057505420537461741B
:109E480065204D616368696E653A20426174746586
:109E5800727920436861726765640A00575054201C
:109E68005374617465204D616368696E6520536C35
:109E78006F774368617267652073746174653A200F
:109E8800575054205363616E2054696D656F757423
:109E98000A000000575054205374617465204D61C6
:109EA8006368696E6520536C6F7743686172676594
:109EB8002073746174653A205750542041646A7560
:109EC800737420506F7765720A0000005750542051
:109ED8005374617465204D616368696E653A204901
:109EE800646C6520456E7472790A000057505420DE
:109EF8005374617465204D616368696E653A2049E1
:109F0800646C6520457869740A0000005750542035
:109F18005374617465204D616368696E653A2049C0
:109F2800646C652044697370617463684576656E16
:109F3800740A0000575054205374617465204D61B1
:109F48006368696E653A20496E697469616C697AFB
:109F5800650A0000575054005465737400000000EF
:109F6800536C6F772043686172676500436861725C
:109F780067696E670000000057505420537461747D
:109F880065204D616368696E653A20536C6F772070
:109F9800436861726765200A00000000575054202A
:109FA8005374617465204D616368696E653A205326
:109FB8006C6F77204368617267650A0057505420B8
:109FC8005374617465204D616368696E6520536CD4
:109FD8006F774368617267652073746174653A20AE
:109FE800496E76616C6964204576656E740A000076
:109FF800575054205374617465204D616368696ECD
:10A008006520536C6F77436861726765207374616C
:10A0180074653A2050696E6720506F72740A0000A8
:10A02800575054205374617465204D616368696E9C
:10A038006520536C6F77436861726765207374613C
:10A0480074653A2057505420506F776572204F6ED0
:10A058000A000000575054205374617465204D6104
:10A068006368696E6520536C6F77436861726765D2
:10A078002073746174653A20575054205363616E9D
:10A088000A000000575054205374617465204D61D4
:10A098006368696E6520536C6F77436861726765A2
:10A0A8002073746174653A205750542053746F704C
:10A0B800205363616E0A0000575054205374617432
:10A0C80065204D616368696E653A20546573742034
:10A0D800456E7472790A00005750542053746174A5
:10A0E80065204D616368696E653A20546573742014
:10A0F800457869740A0000005750542053746174FD
:10A1080065204D616368696E653A205465737420F3
:10A1180044697370617463684576656E740A0000FB
:10A12800575054205374617465204D616368696E9B
:10A13800653A205750542053746F70205363616EF2
:10A148000A000000575054205374617465204D6113
:10A158006368696E653A2057505420506F7765726E
:10A16800204F66660A0000005750542053746174EB
:10A1780065204D616368696E653A205750542046E2
:10A1880061756C7420436F6E646974696F6E0A0040
:10A19800575054204D616E616765723A205374615F
:10A1A80074757354696D656F75744D6F6E69746FEE
:10A1B80072696E670A000000577074537461747591
:10A1C8007354696D657200005770745374617475C7
:10A1D8007354696D656F757454696D65720000001C
:10A1E80057707453746174757354656D7050676FEC
:10A1F8006F640000575054204D616E616765723A74
:10A2080020436F6E6669674770696F730A000000C4
:10A2180043616C6C20612068616C5F646163206DD0
:10A228006574686F64207468617420636F6E666912
:10A2380067206770696F730A0000000043616C6CE7
:10A2480020612068616C5F777074206D6574686F39
:10A2580064207468617420636F6E66696720677034
:10A26800696F730A00000000575054204D616E61F9
:10A278006765723A2053746F705770745363616ED8
:10A288000A000000575054204D616E616765723AAC
:10A298002047657454656D70657261747572650ADE
:10A2A80000000000575054204D616E616765723A96
:10A2B8002047657443686172676553746174757388
:10A2C8000A000000575054204D616E616765723A6C
:10A2D800205374617475732070696E2076616C7593
:10A2E800653A202564200A00575054204D616E615C
:10A2F8006765723A2053746172745374617475732C
:10A3080054696D656F757454696D65720A00000053
:10A31800575054204D616E616765723A20537461DD
:10A3280072745374617475734D6F6E69746F72696A
:10A338006E670A00575054204D616E616765723A26
:10A3480020456E61626C655770740A00575054203E
:10A358004D616E616765723A2053746F7053746112
:10A368007475734D6F6E69746F72696E670A000059
:10A37800575054204D616E616765723A205374617D
:10A38800727449706754656D706572617475726531
:10A398004D6F6E69746F72696E6754696D65720A84
:10A3A80000000000575054204D616E616765723A95
:10A3B8002053746F7049706754656D70657261746D
:10A3C8007572654D6F6E69746F72696E6754696DE9
:10A3D80065720A00575054204D616E616765723A84
:10A3E8002049504720746865726D616C20726573EE
:10A3F800697374616E63653A202564005750542070
:10A408004D616E616765723A2054656D7065726161
:10A418007475726520696E746572706F6C617469A9
:10A428006F6E206661696C6564202D20706F737390
:10A4380069626C65206C6F6F6B7570207461626CFB
:10A4480065206F72646572696E67206973737565DC
:10A4580000000000575054204D616E616765723AE4
:10A46800204950472054656D706572617475726536
:10A4780020256420430A0000575054204D616E6126
:10A488006765723A20437269746963616C20495048
:10A49800472074656D7065726174757265206465B6
:10A4A8007465637465642025642E25303264204306
:10A4B80000000000575054204D616E616765723A84
:10A4C8002045787472656D656C792063726974696A
:10A4D80063616C2074656D70657261747572652056
:10A4E80064657465637465642C2053746F702070A0
:10A4F8006F776572207472616E7366657200000012
:10A50800575054204D616E616765723A2049504733
:10A518002054656D7065726174757265207761721B
:10A528006E696E672025642E2530326420432065CD
:10A53800786365656473206D656469756D207468FA
:10A54800726573686F6C64202825642043290000B5
:10A55800575054204D616E616765723A20437269A5
:10A56800746963616C2074656D706572617475726D
:10A5780065206465746563746564202C205061757A
:10A58800736520706F776572207472616E7366658B
:10A5980072000000575054204D616E616765723A31
:10A5A800204950472054656D7065726174757265F5
:10A5B8002069732061626F766520746865206C6F0E
:10A5C80077207468726573686F6C6420282564202E
:10A5D80043292025642E2530326420432E000000B4
:10A5E800575054204D616E616765723A2049504753
:10A5F8002054656D70657261747572652069732089
:10A60800756E64657220746865206C6F7720746855
:10A61800726573686F6C642028256420432920259F
:10A62800642E2530326420432E00000057505420F9
:10A638004D616E616765723A204950472054656DD7
:10A6480070657261747572652072657475726E6575
:10A658006420746F2073616665206C6576656C2C68
:10A6680020526573756D6520706F776572207472FE
:10A67800616E736665720000575054204D616E61BB
:10A688006765723A2053657450756C7365576964D1
:10A6980074685468726573686F6C64537465700A83
:10A6A80000000000575054204D616E616765723A92
:10A6B8002050474F4F44207374617465206D616367
:10A6C80068696E65207661726961626C657320697C
:10A6D8006E697469616C697A65640000575054202A
:10A6E8004D616E616765723A2044697361626C6599
:10A6F8005770740A00000000575054204D616E6175
:10A708006765723A2050474F4F44207374617475DF
:10A71800733A2025642C2053746174653A202564AB
:10A728002C20506F776572206C6576656C3A202511
:10A7380064000000575054204D616E616765723A9D
:10A7480020496E697469616C697A696E6720706FF7
:10A75800776572206174206D696E696D756D206C06
:10A768006576656C20256400575054204D616E61F4
:10A778006765723A2050474F4F443D3120646574F5
:10A78800656374656420617420706F776572206CEE
:10A798006576656C2025642C2073746162696C6928
:10A7A8007A696E6700000000575054204D616E6151
:10A7B8006765723A20496E6372656173696E6720D6
:10A7C800706F77657220746F206C6576656C2025D4
:10A7D80064000000575054204D616E616765723AFD
:10A7E8002052656163686564206D6178696D756D77
:10A7F80020706F776572206C6576656C2077697458
:10A80800686F75742050474F4F443D310000000079
:10A81800575054204D616E616765723A20526573D6
:10A82800657474696E6720746F206D696E696D75E3
:10A838006D20706F776572206C6576656C20256475
:10A8480000000000575054204D616E616765723AF0
:10A858002050474F4F4420737461626C6520666FC7
:10A8680072202564206379636C657320617420709D
:10A878006F776572206C6576656C20256400000032
:10A88800575054204D616E616765723A2053746168
:10A89800626C652050474F4F442061636869657654
:10A8A80065642C20617474656D7074696E672066C8
:10A8B800696E652D74756E696E6700005750542077
:10A8C8004D616E616765723A20537461626C6520F0
:10A8D80050474F4F44206174206D6178696D756DE4
:10A8E80020706F776572206C6576656C00000000DB
:10A8F800575054204D616E616765723A204E6F2043
:10A90800737461626C65206C6576656C20666F7522
:10A918006E642C2072657374617274696E670000CE
:10A92800575054204D616E616765723A2050474F09
:10A938004F4420746F67676C656420647572696E34
:10A94800672066696E652D74756E696E672C206365
:10A958006F756E743A20256400000000575054202B
:10A968004D616E616765723A20547279696E67202D
:10A97800616E6F746865722066696E652D74756E98
:10A988006520737465702C20706F776572206C6514
:10A9980076656C2025640000575054204D616E6127
:10A9A8006765723A2046696E652D74756E696E67C3
:10A9B800206661696C65642061667465722025642F
:10A9C80020617474656D70747300000057505420D2
:10A9D8004D616E616765723A205265766572746979
:10A9E8006E6720746F20737461626C6520706F7776
:10A9F8006572206C6576656C20256400575054207C
:10AA08004D616E616765723A20466F756E642069A4
:10AA18006D70726F76656420737461626C65206C0A
:10AA28006576656C206174202564000057505420B9
:10AA38004D616E616765723A20506F776572206C60
:10AA48006576656C20256420697320746F6F2068B3
:10AA58006967682C2050474F4F4420636F6E7369B5
:10AA68007374656E746C7920300000005750542060
:10AA78004D616E616765723A205265647563696EEF
:10AA88006720746F20706F776572206C6576656CCF
:10AA980020256400575054204D616E616765723AF5
:10AAA8002053746162696C697479206C6F737420C7
:10AAB800617420706F776572206C6576656C2025EF
:10AAC80064000000575054204D616E616765723A0A
:10AAD80020537461626C65206F7065726174696F70
:10AAE8006E20617420706F776572206C6576656C76
:10AAF80020256400575054204D616E616765723A95
:10AB08002053746174757354656D7050676F6F640A
:10AB18004D6F6E69746F72696E670A0057505420E2
:10AB28004D616E616765723A20496E69740A00006A
:10AB380057505420506F72743A2045786563757485
:10AB4800654576656E740A002F55736572732F61BB
:10AB58006C657862616C6477696E2F4465736B7499
:10AB68006F702F4F70656E4E657276652D43686104
:10AB7800726765722F4669726D776172652F536FC0
:10AB8800757263652D436F64652F7372632F636FEE
:10AB980072655F6C617965722F73646B2F6E726674
:10ABA800352F6E5246355F53444B5F31372E312E69
:10ABB800305F646464653536302F65787465726E0D
:10ABC800616C2F6672656572746F732F736F75721F
:10ABD80063652F706F727461626C652F4D656D4D82
:10ABE800616E672F686561705F312E630000000039
:10ABF8002F55736572732F616C657862616C647729
:10AC0800696E2F4465736B746F702F4F70656E4E4D
:10AC1800657276652D436861726765722F46697241
:10AC28006D776172652F536F757263652D436F641D
:10AC3800652F7372632F636F72655F6C61796572DC
:10AC48002F73646B2F6E7266352F6E5246355F53C5
:10AC5800444B5F31372E312E305F6464646535367E
:10AC6800302F65787465726E616C2F6672656572D7
:10AC7800746F732F706F727461626C652F434D53DC
:10AC880049532F6E726635322F706F72745F636D21
:10AC98007369732E630000002F55736572732F61FB
:10ACA8006C657862616C6477696E2F4465736B7448
:10ACB8006F702F4F70656E4E657276652D436861B3
:10ACC800726765722F4669726D776172652F536F6F
:10ACD800757263652D436F64652F7372632F636F9D
:10ACE80072655F6C617965722F73646B2F6E726623
:10ACF800352F6E5246355F53444B5F31372E312E18
:10AD0800305F646464653536302F65787465726EBB
:10AD1800616C2F6672656572746F732F736F7572CD
:10AD280063652F71756575652E6300002F55736512
:10AD380072732F616C657862616C6477696E2F44F9
:10AD480065736B746F702F4F70656E4E65727665A4
:10AD58002D436861726765722F4669726D776172FB
:10AD6800652F536F757263652D436F64652F73721A
:10AD7800632F636F72655F6C617965722F73646BA3
:10AD88002F6E7266352F6E5246355F53444B5F31D6
:10AD9800372E312E305F646464653536302F657820
:10ADA8007465726E616C2F6672656572746F732F4D
:10ADB800736F757263652F7461736B732E63000014
:10ADC80049444C4500000000546D725100000000D9
:10ADD8002F55736572732F616C657862616C647747
:10ADE800696E2F4465736B746F702F4F70656E4E6C
:10ADF800657276652D436861726765722F46697260
:10AE08006D776172652F536F757263652D436F643B
:10AE1800652F7372632F636F72655F6C61796572FA
:10AE28002F73646B2F6E7266352F6E5246355F53E3
:10AE3800444B5F31372E312E305F6464646535369C
:10AE4800302F65787465726E616C2F6672656572F5
:10AE5800746F732F736F757263652F74696D657284
:10AE6800732E6300546D7220537663000000000057
:10AE78000000000009770200000000000000000048
:10AE88009977020051780200D5770200000000008F
:10AE9800000000007D7802007B780200CD78020077
:10AEA800000000000000000001790200957902000E
:10AEB8001D7902000000000000000000CD790200AA
:10AEC800B1790200F77902000000000000000000DC
:10AED8006B7A0200A17A02006D7A0200000000007D
:10AEE80000000000AF7A020000000000000000002F
:10AEF800000000000000000000000000498002007F
:10AF08004B8002000000000000000000000000006C
:10AF18004D800200010006005A6202000101000093
:10AF28000300020000000000000000000000000014
:10AF3800000000000000000000000000ED85020095
:10AF4800478602000F0000010001020304050608FD
:10AF5800090A0B0000000002010000000B000000BD
:10AF68000000000029000000280000000800000080
:10AF780000000000000000000338FDD87047000002
:10AF88000E000000010000000100000000000000A9
:10AF980000000000000000000EFFFFFF0600000098
:10AFA8001400000000010203040506000000000070
:10AFB8000030004000000000010000000100000017
:10AFC8000040004001000000010000000080004037
:10AFD80000040000009000400104000000A00040B0
:10AFE8000204000000A001400306000000B0014078
:10AFF8000406000000000306000000002E310100D6
:10B00800010200002E3101000101000000000000D3
:10B01800010000000100FFFF000000000100000027
:10B028000100010024B003000100010020B003006A
:10B0380069B80200E19E0200A9B9020069C80200CD
:10B04800B1A20200059F02007365635F6B657973A7
:10B0580065745F66696C6C00FFFFFFFF0006FF0008
:10B0680000000040000000000000005000030050F5
:10B0780045E5020059E502006DE502000000FFFF0A
:10B08800DEC0ADDEFE011EF1DEC0ADDEFF011EF149
:10B09800A8800300E880030000000000448103004A
:10B0A80090810300DC810300000000000000000024
:10B0B8002882030040820300AC8203001883030047
:10B0C8005C830300A0830300000000000000000070
:10B0D800A8800300E483030040840300C8840300BD
:10B0E8000000000000000000000000000000000058
:10B0F800FC84030030850300303132333435363771
:10B1080038394142434445466E72665F6673746FD0
:10B11800726167655F657261736500006E72665F74
:10B128006673746F726167655F7772697465000032
:10B1380000000000548A030001000000608A030038
:10B1480002000000808A030003000000A48A0300B4
:10B1580004000000B88A030005000000CC8A030040
:10B1680006000000E08A030007000000F88A0300D8
:10B1780008000000108B030009000000288B030062
:10B188000A000000448B03000B0000005C8B0300E6
:10B198000C000000748B03000D000000888B030076
:10B1A8000E0000009C8B03000F000000AC8B030016
:10B1B80010000000C08B030011000000D88B0300B2
:10B1C80012000000E88B030013000000008C03004D
:10B1D80080000000148C030081000000388C0300FC
:10B1E80082000000548C030083000000708C030070
:10B1F80084000000908C030085000000B48C0300DC
:10B2080086000000DC8C030090000000F48C030032
:10B2180091000000148D030092000000348D03009B
:10B22800008200004C8D0300018200006C8D030039
:10B2380002820000888D030000840000A48D0300B2
:10B2480001840000C88D030002840000F48D03000F
:10B25800038400001C8E0300556E6B6E6F776E20A2
:10B268006572726F7220636F6465000000000000F1
:10B2780000000000000000000338FDD870470000FF
:10B28800950C0300930C0300910C03005C51002003
:10B298007F00000044510020D88F0300089003006D
:10B2A800B88F03001090030018900300209003004B
:10B2B800289003003090030038900300000000003D
:10B2C8003882030040900300489003005090030028
:10B2D800BC600300CC60030008000000AC60030001
:10B2E800BC60030008000000A4600300AC60030019
:10B2F800080000000100000774600300A460030058
:10B308000800000064600300746003000800000087
:10B318000000000000000000A31F0300A51F030099
:10B32800A71F03000000000000000000D71F030053
:10B3380009200300DF1F03000000000000000000D8
:10B348004D8002000000000000000000FD22030004
:10B358000000000000000000D9230300D9240300E6
:10B36800052403000000000000000000052503007C
:10B37800CD25030031250300000000000000000077
:10B38800F92503001D2603004126030000000000E4
:10B39800000000004D8002000300020000000000D1
:10B3A80000000000E52A0300000000000000000083
:10B3B800D92B0300B52B0300052C03000000000067
:10B3C80000000000212D0300452D0300692D030016
:10B3D80000000000000000004D8002000000000096
:10B3E80000000000CD2E0300A92E0300F92E030053
:10B3F8000000000000000000E92F03000D300300EA
:10B4080031300300070000000000000000000000C9
:10B418000300000000000000000000002F000000F2
:10B42800010000000100000003000000000000000F
:10B438000000000014000000C0ED01001900000029
:10B44800A08601001E000000E6360100280000006A
:10B4580078C8000032000000FE83000000000000F1
:10B4680000000000993B0300EDAF16204A6230400F
:10B4780029BD56B31544E9BF77900D9CFE0B88C0D3
:10B488007E2615FA838073400FCE674B80D541C066
:10B49800A4B40300D4B50300A8B40300430000001B
:10B4A8008F580300AF580300BB580300C758030068
:10B4B800E7580300F35803005B58030027580300BC
:10B4C80053756E004D6F6E005475650057656400C6
:10B4D800546875004672690053617400004A616ED1
:10B4E80000466562004D617200417072004D6179DD
:10B4F800004A756E004A756C0041756700536570A7
:10B50800004F6374004E6F760044656300002E00A0
:10B518000053756E646179004D6F6E6461790054F3
:10B52800756573646179005765646E6573646179E4
:10B538000054687572736461790046726964617950
:10B5480000536174757264617900004A616E7561B7
:10B558007279004665627275617279004D61726335
:10B568006800417072696C004D6179004A756E65BA
:10B57800004A756C7900417567757374005365707E
:10B5880074656D626572004F63746F626572004E18
:10B598006F76656D62657200446563656D6265729C
:10B5A8000000414D00504D0000256D2F25642F25CA
:10B5B800790025483A254D3A255300256120256212
:10B5C80020256520255420255900000016B50300C4
:10B5D80018B5030018B5030018B5030018B5030023
:10B5E80018B5030018B5030018B5030018B5030013
:10B5F80018B50300FFFFFFFFFFFFFFFFFFFFFFFF7F
:10B60800FFFF000019B50300C8B4030053B50300D9
:10B61800E5B40300AAB50300B1B50300BAB5030049
:10B62800C3B50300202020202020202020682828BF
:10B6380028282020202020202020202020202020F2
:10B64800202020204810101010101010101010107A
:10B65800101010108484848484848484848410105A
:10B668001010101010818181818181010101010177
:10B6780001010101010101010101010101010110A3
:10B68800101010101082828282828202020202024C
:10B698000202020202020202020202020202021074
:10B6A800101010200007032004170201085710404B
:10B6B800805F5F6378615F67756172645F61637102
:10B6C8007569726520646574656374656420726564
:10B6D8006375727369766520696E697469616C69EE
:07B6E8007A6174696F6E00C6
:10B6F0000100000005010000070000000090D003D9
:10B700001818181818181818180000000000000061
:10B71000FF00000098B4030098B4030098B403003D
:08B7200098B4030098B4030083
:04000003200072194E
:00000001FF
