:020000022000DC
:107000000000042019720200017202003DFA020021
:1070100005720200077202000972020000000000FF
:107020000000000000000000000000004D3D0300D3
:107030000D720200000000006D3D0300117202009D
:10704000A9CD02001372020065D4020045E50200DA
:1070500059E502001372020089D3020015DC020018
:107060002DE8020045E802005DE80200137202000C
:1070700013720200137202001372020013720200F4
:1070800013720200B53F0300137202001372020074
:107090001372020013720200691C030013720200D3
:1070A000137202001372020075E802008DE80200FC
:1070B00001DB02001372020000000000000000006B
:1070C0001372020013720200137202006DE50200D7
:1070D0001372020013720200137202001372020094
:1070E000137202001372020013720200000000000B
:1070F0000000000013720200000000001372020082
:10710000000000000000000000000000000000007F
:10711000000000000000000000000000000000006F
:10712000000000000000000000000000000000005F
:10713000000000000000000000000000000000004F
:10714000000000000000000000000000000000003F
:10715000000000000000000000000000000000002F
:10716000000000000000000000000000000000001F
:10717000000000000000000000000000000000000F
:1071800000000000000000000000000000000000FF
:1071900000000000000000000000000000000000EF
:1071A00000000000000000000000000000000000DF
:1071B00000000000000000000000000000000000CF
:1071C00000000000000000000000000000000000BF
:1071D00000000000000000000000000000000000AF
:1071E000000000000000000000000000000000009F
:1071F000000000000000000000000000000000008F
:10720000FEE7FEE7FEE7FEE7FEE7FEE7FEE7FEE756
:10721000FEE7FEE700F002B8FFF7FCBF0F484FF0B3
:107220000701884385460E4880470E48016841F4AF
:1072300070010160BFF34F8FBFF36F8F00F01AB87A
:1072400009480A490A4A884207D0521A05D00378E9
:1072500001300B700131013AF9D170470000042070
:107260000992020088ED00E0F0610300082B002085
:107270001C2B00203A493B480A1A02D007229143AE
:107280008D46394939480A1A06D00722914381F3BD
:107290000988022282F3148835483649364A00F0BC
:1072A00041F836483649374A00F03CF83648374905
:1072B000374A00F037F837483749384A00F032F893
:1072C00037483849384A00F02DF838483849394AA3
:1072D00000F028F838483949394A00F023F839488D
:1072E0003949002200F036F838483949002200F0C8
:1072F00031F838483849091A0EF0FAFD374A9047F4
:1073000025482649884205D00268043003B49047D6
:1073100003BCF7E700208646EC4600200021304AF7
:107320009047FEE7884214D0521A12D003460B430E
:1073300013430324234206D1036804300B60043155
:10734000043AF9D17047037801300B700131013AEA
:10735000F9D17047884202D002700130FAE77047D5
:107360000000042000F80320000004200000042096
:1073700000B703001C2B0020542B0020E4730200F4
:10738000E47302007A60030000B703001C2B0020A6
:107390001C2B00200462030004620300106203003F
:1073A000046203000462030004620300106203002D
:1073B00010620300FFB6030038B70300542B00200F
:1073C000542B0020542B0020DC7E0020DC7E00208B
:1073D000DC7E0020DC7E0020DC8200204172020086
:0473E000355503001C
:1073E40010B5044600F0CAFB22460D21012000F02E
:1073F400CDFD10BD10B5044600F0C0FB22460821A7
:10740400012000F0C3FD10BD10B5044600F0B6FB2A
:1074140022460F21012000F0B9FD10BD10B504462D
:1074240000F0ACFB22460E21012000F0AFFD10BDA0
:1074340008B500F0A3FB00221021012000F0BCFDE0
:1074440008BD08B500F09AFB00221121012000F0CC
:10745400B3FD08BD38B504460346194A43F8142B56
:10746400436000238360C360164B0361164B0360C3
:10747400164D45618061164BC361164B436105622D
:107484004062154B8362154B0362C5620063144B63
:107494004363144BC3620BF07FFEA063E563246473
:1074A400114B6364114BE363A564E464104B2365DF
:1074B400104BA3640BF070FE6065204638BD00BF1E
:1074C40030AF03001062030094AE03001CAF03004E
:1074D40014620300B4AE030024620300A0AE0300F0
:1074E40044620300C8AE03002C620300F0AE030044
:1074F40034620300DCAE0300034600F114020748C3
:10750400026003F12002426003F12C02826003F165
:107514003C02C26048330361704700BF542B002013
:10752400F0B587B0064600F029FB6C46454D0FCDFB
:107534000FC495E8030084E80300434C434BE41A6A
:10754400E408240444F003044149204609F06CFF94
:107554004049204609F068FF9DF800203E49204636
:1075640009F068FF9DF801203C49204609F062FFBC
:107574009DF802203A49204609F05CFF9DF803700B
:107584009DF804303A463749204609F05DFF9DF8DE
:1075940006309DF805203449204609F055FF33494B
:1075A400204609F041FFBDF808203149204609F082
:1075B40041FFBDF80A202F49204609F03BFFBDF8E2
:1075C4000C202D49204609F035FF049A2B4920460A
:1075D40009F030FF2A49204609F026FF059DEAB24A
:1075E4002849204609F026FFC5F3072226492046EC
:1075F40009F020FFC5F307422449204609F01AFF89
:107604001FB1012F09D007B0F0BD0CF005FB3246C5
:107614000921022000F0BAFCF5E70CF0FDFA32462D
:107624000B21022000F0B2FC0AF098FE324606213B
:10763400032000F0ABFC32460C21012000F0A6FC34
:10764400E1E700BF7455002048610300F8600300BF
:107654004C6203007062030088620300A0620300AE
:10766400B0620300DC6203000063030024630300D0
:10767400386303005063030064630300786303000A
:107684009C630300B0630300C8630300E463030066
:1076940010B5044600F072FA2046FFF741FF224677
:1076A4000921012000F072FC10BD000010B50AF0A1
:1076B40055FE0446074A032100F062FC064A0821ED
:1076C400204600F05DFC054A0721204600F058FCE6
:1076D40010BD00BFE573020095760200F973020045
:1076E40010B50CF099FA0446044A052100F048FC50
:1076F400034A0D21204600F043FC10BD0D74020026
:107704002174020008B5FFF7D1FFFFF7E9FF00F08D
:107714002DFF1A4B1B68BFF35B8F13F0010F0ED0C4
:10772400174B1B68BFF35B8F13F0010F16D001F0EA
:10773400ADF901F06FF9014601F0B3FA08BD0F4845
:107744000EF07CFC0028EBD000230E4A13210E48D7
:1077540000F0C2FE09480EF085FCE1E708480EF08F
:107764006DFC0028E3D00023084A0D21084800F0EE
:10777400B3FE03480EF076FCD9E700BF782B002057
:10778400682B0020357402007C2B00204774020013
:107794006C2B002008B50BF0DFF900220321042034
:1077A40000F0F4FB0748084BC01AC008000407495E
:1077B40040F0030009F038FE01F02CF9012101F03A
:1077C40098FA08BD48610300F860030000640300F0
:1077D40070B50C4646683046FFF78EFE0546A1B2EA
:1077E40003390E290DD8DFE801F0170C0C0C0C1C22
:1077F4000C0C0C0D0C210C082600C168304600F05E
:107804002CFC70BD01F006F9012101F09BFAE96836
:10781400304600F022FCF4E7C168304600F01DFC5D
:10782400EFE7C168304600F018FCEAE7C16830466B
:1078340000F013FCE5E700F0A3FF00F0BBFF002815
:10784400DFD100F09DFF00F0B7FFDAE708B50AF0DA
:1078540085FD00220621032000F098FB0CF0DCF9E2
:1078640000220721022000F091FB01F0D3F800214F
:1078740001F03FFA08BD704708B51048104BC01A14
:10788400C00800040F4940F0030009F0CDFD0AF0E0
:1078940065FD00220221032000F078FB0CF0BCF906
:1078A40000220221084600F071FB0BF055F900227A
:1078B4000221042000F06AFB08BD00BF48610300F8
:1078C400F86003001C64030038B50C46456828467C
:1078D400FFF712FEA1B20D290BD011290DD100F032
:1078E4004FFF00F067FF40B900F04AFF00F064FF6B
:1078F40003E0C168284600F0B0FB38BD08B50AF0C3
:107904002DFD00220421032000F040FB01F082F849
:10791400012101F0DAF908BDF8B504460F464668BE
:107924003046FFF7E9FD0546164B174A9B1ADB085C
:107934001B043A46154943F0030009F07BFDB9B234
:1079440009290BD0112911D0082906D1E0680BF0C0
:1079540055FD2969304600F080FBF8BDE0680BF066
:1079640035FD6968304600F078FBF6E700F008FF63
:1079740000F020FF0028F0D100F002FF00F01CFF0F
:10798400EBE700BF48610300F86003004C640300A8
:1079940008B50CF041F900220321022000F0F6FAA8
:1079A40001F038F8002101F090F908BD08B50CF099
:1079B40033F900220721022000F0E8FA01F02AF846
:1079C400002101F0AAF908BD08B50AF0C7FC00229D
:1079D4000421032000F0DAFA0CF01EF900220C2135
:1079E400022000F0D3FA01F015F8012101F095F915
:1079F40008BDF8B505460C4647683846FFF77CFDD8
:107A04000646A1B20839092914D8DFE801F00514A3
:107A1400131313131C1313210AF0A0FC00220621D4
:107A2400032000F0B3FAE8680BF0E8FCF16838468C
:107A340000F013FBF8BDE8680BF0C8FC7168384629
:107A440000F00BFBF6E7C168384600F006FBF1E7EF
:107A540000F096FE00F0AEFE0028EBD100F090FEA0
:107A640000F0AAFEE6E7704738B50C46456828469C
:107A7400FFF742FDA1B210290BD011290DD100F05E
:107A84007FFE00F097FE40B900F07AFE00F094FE0D
:107A940003E08168284600F0E0FA38BD08B500F03C
:107AA400B9FF014601F0FDF808BD38B50C4615468E
:107AB40000F064F82A46214600F6EC1000F0C5FAFE
:107AC40038BD000010B5044600F046FA014B2360AF
:107AD400204610BD04AF030038B5134B1A680132B9
:107AE4001A60124C124BE41AE408240444F0030410
:107AF4001049204609F09EFC0BF04EFB05460BF0A6
:107B0400B9FBB5F904200C49204609F093FC0AF0AE
:107B14004DFE05460AF066FFB5F9002007492046E8
:107B240009F088FC38BD00BF882B002048610300A1
:107B3400F86003007464030088640300AC64030009
:107B440010B582B0044600F020F904F51960FFF77F
:107B5400B9FF04F6EC10FFF77DFC064B00930123FC
:107B640041F28832044904F6442000F09DFA20468C
:107B740002B010BDDD7A0200CC64030008B50A4BE4
:107B84001B68BFF35B8F13F0010F01D0074808BDDA
:107B940005480EF053FA0028F8D00448FFF7D0FF48
:107BA40001480EF05FFAF1E78C2B0020902B0020A7
:107BB40010B582B0044600F0A9F9184A0421204601
:107BC40000F0F8F82246012104F5196000F0CCF920
:107BD4000AF0C2FF0AF0DAFF0CF01EF80CF036F8D7
:107BE4000AF0BCFB0AF0D4FB04F6EC1000F049FAEE
:107BF40004F6442000F072FA09480A4BC01AC0087F
:107C04000004094B0193002200920123074940F02C
:107C1400030009F031FC02B010BD00BFDC640300B6
:107C240048610300F86003001C650300F06403006E
:107C340008B500F029F908BD032824D8012A06D084
:107C440001290CD0022910D0B1B1072070470129B5
:107C540001D00022F4E700F10E02D2B2F0E700EB0B
:107C640040000A4B1A540020704700EB4000074BB9
:107C740003445A700020704700EB4000034B034458
:107C84009A70002070470720704700BF0836002014
:107C940008B5012200210846FFF7CEFF10B10346C4
:107CA400072812D1072202210120FFF7C5FF03464E
:107CB40008B1072809D1042202210020FFF7BCFFE4
:107CC400034610B1072800D10023184608BD08B5A3
:107CD400012202210020FFF7AFFF10B1034607285D
:107CE40012D1072202210120FFF7A6FF034608B1A3
:107CF400072809D10A2200210846FFF79DFF034601
:107D040010B1072800D10023184608BD08B5038820
:107D1400102B0ED0112B13D10F4A1368013B1360A3
:107D240073B9FFF7D4FF58B10C4B1B6843B19847A4
:107D340006E0094B1B6823B1074A1368013313603B
:107D440008BDFFF7A5FF0028F6D0044B1B68002BE5
:107D5400F2D09847F0E700BF143600201836002010
:107D640010B584B004464FF0FF3201A9D4F8F408EA
:107D74000CF0B4FB0128F6D101980028F3D0036875
:107D84001B68039A02999847EDE738B50446002525
:107D9400C0F8F058C0F8F4585022294600F6F8000C
:107DA4000EF01CF94822294604F648100EF016F984
:107DB400204638BD10B584B004460B46114600F188
:107DC400F00200F6F80002900192009323464FF46B
:107DD400007209480CF0F8FDC4F8F0080023009381
:107DE40004F6481322460C2114200CF023FAC4F89C
:107DF400F40804B010BD00BF657D020000B585B075
:107E040001910292039300231A4601A9D0F8F408C1
:107E14000CF050FA05B05DF804FB000000B585B025
:107E2400019102920393002300936A4601A9D0F8BA
:107E3400F4080CF0F7FA009B43B1064B4FF0805264
:107E44005A6040BFBFF34F8FBFF36F8F05B05DF82B
:107E540004FB00BF00ED00E0034B0360034B0B6029
:107E640080231360704700BF6C4000206C3E0020EC
:107E7400034B0360034B0B604FF4007313607047B4
:107E84001C3E00201C36002008B50CF0DFFDFEE788
:107E940010B50E4C0E4BE41AE40824040D4944F0CA
:107EA400020009F0C1FA4FF40041002009F0A0F8E3
:107EB40008F098FF44F003040749204609F0B4FA97
:107EC4000649204609F0B0FA10BD00BF486103001E
:107ED400F86003002C6503004C6503006C65030027
:107EE40008B503E009F036F9034B1870024B1B7810
:107EF400002BF7D108BD00BF1C2B002008B5FFF7ED
:107F0400EFFF08BD08B504F043FD08BD30B589B0E6
:107F1400FFF7F8FFFFF7BCFF0024DCB109B030BD68
:107F240004F01F0343EA4513029300230393012241
:107F3400049205930693079308AB13E903008DE8B5
:107F4400030002AB0FCB00F02FFD0135002DE7D06D
:107F54000134E2E72546F9E7024A02600022027191
:107F64008260704710AF03004B1EDBB2092B04D8AC
:107F74000171024B43F8210082607047BC4000202D
:107F8400023100EB810042607047000000F1FF3CC9
:107F94005FFA8CFCBCF1090F00D9704708B5054B9A
:107FA40053F8200013460A4601468068FFF726FF6F
:107FB40008BD00BFBC40002000F1FF3C5FFA8CFC10
:107FC400BCF1090F00D9704708B5054B53F82000E0
:107FD40013460A4601468068FFF720FF08BD00BF2C
:107FE400BC40002038B505460C468B1C00EB8303CF
:107FF4005B688BB1002098470E4B0F4AA3EB020C31
:108004004FEADC0C4FEA0C4C2B7922460B494CF01E
:10801400040009F019FA38BD0648074BC01AC00815
:1080240000042B790A46064940F0040009F00CFAD2
:10803400F1E700BF48610300F860030080650300B6
:10804400AC650300704770477047406820B108B5BD
:1080540003689B68984708BD704738B504460D46C9
:10806400406803685B6898476368A36065602B6831
:108074001B682846984738BDC068003818BF0120DF
:10808400704710B5044603681B6898472046FFF7FD
:10809400F3FF20B1E368A36063600023E3606068DA
:1080A40003681B68984710BD30B583B00446084682
:1080B40011461A46069B63608902074DA5FB0151D0
:1080C40004F1080501950093002389090DF052F885
:1080D4002060204603B030BDD34D621030B583B06C
:1080E400056865B10CF000FD0246002400942346A7
:1080F400012128460DF06AF8204603B030BD012066
:10810400FBE7006850B100B583B00022009213462B
:1081140003210DF05BF803B05DF804FB704730B544
:1081240083B0056865B10CF0E5FC024600240094B8
:108134002346062128460DF049F8204603B030BDF9
:108144000120FBE7006850B100B583B00022009223
:10815400134608210DF03AF803B05DF804FB7047AC
:108164007047000010B503681B681878044C013888
:108174002146C0B205F0EAFEB4F9000010BD00BF0C
:10818400EE40002030B589B001900C460178254BB3
:1081940000221A705A709A70DA70022018715A719B
:1081A4009A71D9711A722049204805F009FE58B90C
:1081B400019B187801381B49C0B205F063FE40B931
:1081C40001AB029303AD0EE0194A262106F098FB99
:1081D400EEE7174A272106F093FBF1E702A8FFF721
:1081E400C1FF25F8020B08AB9D42F7D1002303AA77
:1081F40002E032F9021B0B4408A98A42F9D10D4A64
:1082040082FB0312DB17C3EBA2031BB2C3EB031302
:10821400C3EB03139B09238005F0F6FF002009B08C
:1082240030BD00BFE44000206581020034AF03008C
:10823400D86503006766666608B5094B1B68BFF31B
:108244005B8F13F0010F01D0064808BD04480DF000
:10825400F5FE0028F8D002480DF004FFF4E700BF53
:10826400F4400020F840002030B583B004460025D7
:1082740040F8045B074A00942B4606CA00F0F6FD5A
:108284002022294604F144000DF0A8FE204603B044
:1082940030BD00BF38AF030010B51048104BC01AF2
:1082A400C00800040F4940F0030009F0BDF8FFF7CF
:1082B400C3FF0D4C21460D48FFF764FF0AF076FA20
:1082C400B4F9003040F2145202FB03F3084A82FB73
:1082D4000312DB17C3EBA213038010BD4861030034
:1082E400F860030034660300F0400020202B0020D7
:1082F400D34D621008B5FFF7CFFF08BD08B502786B
:10830400094B1A70094A5A60436843B1996911606C
:108314009B8B9380064B1B680348984708BD034B0F
:1083240000221A609A80F5E704410020FC400020F6
:108334001C4100207047000008B50A480A4BC01AC7
:10834400C0080004094940F0030009F06DF808482A
:1083540002F0BEFC00B908BD064A2E2106F0D0FA90
:10836400F9E700BF48610300F860030054660300A6
:10837400204100206466030008B502F0C1FB08BD7B
:1083840000B583B009F0C8FB68B90023019301A9C3
:10839400012009F0B7FC58B901A809F081FD60B9C2
:1083A40003B05DF804FB074A3B2106F0A9FAECE7A9
:1083B400044A3F2106F0A4FAEEE7024A422106F0FD
:1083C4009FFAEDE764660300084B4FF4FA725A8093
:1083D4004FF47A729A800022DA80197862F382016B
:1083E4001970C9B262F3C401197070470C410020BE
:1083F40000B585B000230093019302930393084BC7
:108404000093084A6946084802F021FC10B905B0F7
:108414005DF804FB054A5C2106F072FAF7E700BF39
:108424000C41002001830200204100206466030007
:1084340008B5044B1860FFF7A3FFFFF7C5FFFFF76C
:10844400D7FF08BD1C41002038B50446002313E0C3
:108454001B4B53F825309B6803B1984719481A4BB6
:10846400C01AC00800042246184940F0030008F06E
:10847400E1FF24E00133DBB2154A12789A421ED997
:108484001D460F4A52F82320002AF3D01268A24254
:10849400F0D1204604F062FF0028D9D1084B53F8EC
:1084A40025305B6803B198470648074BC01AC008DB
:1084B40000042246074940F0030008F0BBFF38BD22
:1084C4008C41002048610300F8600300D466030077
:1084D40088410020C066030030B583B004460160C3
:1084E40042608360194B1B78022B23D80D46184B2E
:1084F4001B68ADF804301B0C8DF8063003238DF88F
:108504000530144A01A9284604F06AFE68B901211D
:10851400284604F0BDFE0D4A1378591C11700E4A0A
:1085240042F82340204603B030BD0C4A242106F013
:10853400E7F9ECE70A480B4BC01AC0080004032211
:10854400094940F0010008F075FFEBE7884100207D
:1085540040AF03004D8402008C410020E866030014
:1085640048610300F86003004867030008B500F0A1
:10857400E7F908BD10B50446054B0360054B0360DD
:10858400054B1B684360083000F068F8204610BDB6
:108594004CAF03005CAF030064AF03000804034B5B
:1085A400A3FB0030C0F30F30704700BF5917B7D199
:1085B40008B50A430221083000F098F808BD08B550
:1085C40000220321083000F091F808BD08B50A43E1
:1085D4000421083000F08AF808BD08B50A220521F4
:1085E400083000F083F808BD10B50446FFF7F5FF26
:1085F4004FF4704211462046FFF7DAFF2046FFF79A
:10860400DEFF0F2200212046FFF7E0FF10BD022904
:1086140005D0032905D0012905D108207047092078
:1086240070470A2070470720704738B5044615463E
:10863400FFF7EDFF01462A4604F1080000F056F862
:1086440038BD38B504460D461146FFF7A7FF02466C
:1086540029462046FFF7E9FF38BD000030B58FB04A
:108664000446174B844693E80700ACE803002CF853
:10867400022B120C8CF80020012284F84C220DF1FC
:108684001C0E03F10C0CBCE80F00AEE80F009CE8D4
:1086940007008EE8070004F10C05002304930EABD9
:1086A40013E90F008DE80F0007AB0ECB284600F04E
:1086B40075FB284600F066FB20460FB030BD00BFB6
:1086C40068AF030023B90170130A437082707047C6
:1086D400012BF9D141F080010170F5E703780B70AB
:1086E40043784B7083788B707047000010B582B06C
:1086F40004460023415C01A8FFF7E4FF694601A892
:10870400FFF7ECFF00210B2000F02DF9032269464E
:1087140004F10C0000F08EFB044601210B2000F054
:1087240022F90CB902B010BD0548064BC01AC008A6
:108734000004054940F0010008F076FEF2E700BFAE
:1087440048610300F86003006C670300BFF34F8FB8
:108754000549CA6802F4E062044B1343CB60BFF3DB
:108764004F8F00BFFDE700BF00ED00E00400FA05F5
:108774003CDF70473DDF7047002202707047000005
:1087840008B50A4B1B68BFF35B8F13F0010F01D0D0
:10879400074808BD05480DF051FC0028F8D00448EE
:1087A400FFF7EAFF01480DF05DFCF1E79841002076
:1087B4009C4100200078704770B50646164C174B54
:1087C400E41AE408240444F002051549284608F094
:1087D4002BFE4FF0FF310020FFF7CCFF60B9B12131
:1087E4000020FFF7C5FF024668B10E4944F00100BE
:1087F40008F020FE002070BD02460B4944F0010041
:1088040008F018FEF6E7012333700849284608F0FB
:108814000BFEFFF79BFF00BF48610300F8600300F5
:108824008C670300D8670300B8670300F867030088
:1088340010B5044603685A0904D0012A13D14FF62F
:10884400FF7201E04FF0FF3203F01F0322FA03F33B
:1088540013F0010F09D023681F2B0CD903F01F0359
:108864002360064810BD0022EEE705494FF4F67078
:1088740007F0B4F9EFE74FF0A040F3E7000300502E
:108884001468030000B583B0019001A8FFF7D0FF7E
:10889400D0F81005019BD84000F0010003B05DF84A
:1088A40004FB00B583B0019001A8FFF7C1FF0123C9
:1088B400019A9340C0F80C3503B05DF804FB00B591
:1088C40083B0019001A8FFF7B3FF0123019A9340FD
:1088D400C0F8083503B05DF804FB08B511B9FFF71B
:1088E400E0FF08BDFFF7EBFFFBE770B582B0019036
:1088F4000C4616461D4601A8FFF79AFF44EA4604B3
:1089040044EA85049DF8183044EA03249DF81C3099
:1089140044EA0344019B03F5E07340F8234002B0AA
:1089240070BD00B583B0019001A8FFF781FF019BE2
:1089340003F5E073022240F8232003B05DF804FB42
:1089440008B5054B1B7803B908BD04F007FC024BBE
:1089540000221A70F8E700BF212B002008B5FFF7AA
:1089640091FFC0B208BD08B5FFF7B7FF08BD00000E
:1089740000B5064B01EB410C03EB8C0E43F82C00C5
:10898400CEF804108EF808205DF804FBA041002006
:1089940008B500EB4000034B53F820309847002003
:1089A40008BD00BFA041002084B010B582B004AC63
:1089B40084E80F000446FFF7B4FF9DF820309DF8CB
:1089C4002420019200939DF81C309DF818209DF8F6
:1089D40014102046FFF789FF02B0BDE8104004B030
:1089E400704730B583B004460D4601920A460146ED
:1089F4001846FFF7BDFF29462046FFF7C9FF024688
:108A040001A9204604F0ECFB0121204604F040FCBF
:108A140003B030BD00487047844300206422427094
:108A240000228270014941600272704700C0014017
:108A340008B50248FFF7F2FF08BD00BF84430020D9
:108A440030B58DB00546104C0DF1180CA646BEE8A5
:108A54000F00ACE80F009EE803008CE803008DE8EB
:108A6400030006AB0FCBFFF79FFF0DF10C0C04F1D5
:108A7400180393E807008CE8070000226146281DCC
:108A840004F016FF0DB030BD98AF030008B5064BD7
:108A94001B7803B108BDFFF7BDFFFFF7D1FF024B01
:108AA40001221A70F6E700BF80430020F0B583B0BE
:108AB40007EE903A4B7806EE903AF8EE666A9FED30
:108AC400326A86EE867AF8EEE77A67EE877AFCEE0B
:108AD400E77ACDED017A9DF804509DF8203007EE39
:108AE400903AF8EEE77A67EE877AFCEEE77ACDED16
:108AF400017A9DF804409DF8243007EE903AF8EE90
:108B0400E77A67EE877AFCEEE77ACDED017A9DF895
:108B140004E000210EE048F2070715E048F20707D9
:108B240022E048F2070C10331844184B23F810C005
:108B34000131C9B2072925D80B4604FA01F010F017
:108B4400800FE8D048F20D0702EB420C4FEACC004C
:108B540003EBCC0C0D4E26F81C7005FA03F616F048
:108B6400800FDBD048F20D0703F1080C8444074E54
:108B740026F81C700EFA03FC1CF0800FD1D048F2CA
:108B84000D0CD0E703B0F0BD0000C84290430020B4
:108B940010B582B0062B0BD8DFE803F0040C131ACF
:108BA40021282F000023019300936423FFF77EFF05
:108BB40002B010BD0023019364240094FFF776FFF4
:108BC400F6E76423019300230093FFF76FFFEFE7B9
:108BD4000023019364230093FFF768FFE8E764230D
:108BE400019300240094FFF761FFE1E764230193FC
:108BF40000930023FFF75AFFDAE7642301930093FD
:108C0400FFF754FFD4E7000030B585B005460023D4
:108C140000930193029303930E4B00934823ADF802
:108C2400043003E00121204604F03EFF2C1D2046C1
:108C340004F014FF0028F5D001231A4669462046A3
:108C440004F0B6FE4FF49650034B43F001039847EB
:108C540005B030BD9043002090AF030008B5012358
:108C64008B70FFF7D1FF08BD70B582B005460E4684
:108C740000240194009423462246FFF717FF019431
:108C840000942346012231462846FFF70FFF019442
:108C940000942346022231462846FFF707FF02B01C
:108CA40070BD10B5044600228A70FFF7DDFF204630
:108CB400FFF7AAFF10BD00B583B000230193009312
:108CC400FFF7F4FE03B05DF804FB10B5044664231B
:108CD400437049B1022300220146FFF759FF2146A0
:108CE4002046FFF7BBFF10BD00220146FFF7E3FF5C
:108CF400F5E710B504466423437049B10323002209
:108D04000146FFF745FF21462046FFF7A7FF10BDA8
:108D140000220146FFF7CFFFF5E710B504466423B0
:108D2400437049B1062300220146FFF731FF214673
:108D34002046FFF793FF10BD00220146FFF7BBFF5B
:108D4400F5E7000010B504466423437079B10123AC
:108D54001A460146FFF71CFF21462046FFF77EFF17
:108D64004FF4C850044B43F00103984710BD01224F
:108D74000146FFF7A0FFEFE790AF030008B5FFF748
:108D840057FE08BD08B500231A4600F12C011C301B
:108D940003F000FF00B908BD0120FCE784B070B403
:108DA400844604A880E80E000B9B43B1012B0CD130
:108DB4000CF11C041D4B0FCB84E80F0005E01C4B89
:108DC4000CF11C040FCB84E80F00079ECCF80C6058
:108DD400049DCCF800509DF818308CF80830059CA0
:108DE400CCF804400998CCF81400089ACCF8102068
:108DF4000A99CCF818108CF83960CCF834508CF8F7
:108E040038408CF82D008CF82E108CF82C208CF81F
:108E14002F30FF238CF8313006238CF830300123B7
:108E24008CF84032002070BC04B07047D4AF03000B
:108E3400C4AF030070B584B00546144600F59F76B0
:108E440030460DF099F8E4B205F13C030096019424
:108E5400029303940022694605F1200005F048FCC2
:108E640008B904B070BD0120FBE7000010B582B062
:108E74008646684680E8060003C88EE80500CEF8FA
:108E840008300EF1180C0E4C0FCCACE80F000FCCD0
:108E9400ACE80F0094E803008CE80300049BCEF8D0
:108EA40014309DF8053003330EF10C020EEBC303AE
:108EB40093E8030082E80300704602B010BD00BFCF
:108EC400E4AF030008B500212F20FFF74CFD08BDD7
:108ED40008B501212F20FFF746FD08BD70470C207F
:108EE4007047000008B541F28733994234DC41F2FF
:108EF400883303FB01F05B1A90FBF3F007EE900A52
:108F0400F8EEE77A17EE900A0CF0D6FF18A3D3E92F
:108F140000230CF0B7FE41EC100B0CF04FFB51ECAE
:108F2400100B0CF091FF0F4B03FB00F00E4A82FB79
:108F34000031C317C3EBA11303F698530B4890FBFE
:108F4400F3F0A0F58520A0F2FE2082FB0032C017CA
:108F5400C0EBA21000B208BD6FF48870FBE700BF3D
:108F6400AFF30080A68C0400D34D621090F0D73D7F
:108F7400000000000088B34070B50546FFF75CF9B7
:108F8400074E31460748FFF7FDF80AF005F9044695
:108F9400B6F9001041802846FFF7A4FFA08070BDF9
:108FA40020440020242B002008B5FFF7E5FF08BD6E
:108FB4000020704708B540F2DC520321FFF741FB63
:108FC40008BD08B500220221FFF73BFB08BD08B528
:108FD4000A460121FFF735FB08BD08B50C2904D961
:108FE4004FF4C861FFF7F3FF08BD01EB810101EB0A
:108FF4008101890001F5C87189B2FFF7E8FFF3E741
:1090040008B564220021FFF71CFB08BD10B5044617
:10901400FFF7D0FF2046FFF7D4FF4FF4C871204676
:10902400FFF7D5FF2046FFF7EBFF10BD08B5FFF7AC
:10903400DBFA08BD30B583B00446FFF79BFA202560
:109044002A46002104F516700CF0C8FF2A460021B8
:1090540004F51E700CF0C2FF0025A4F89852A4F881
:109064009A520C4A00942B4606CA04F52770FFF75F
:10907400FDFE094A00942B4606CA04F53770FFF733
:10908400F5FE2046FFF7D2FF2046FFF7BFFF20463C
:1090940003B030BD1CB0030014B00300BFF34F8F06
:1090A4000549CA6802F4E062044B1343CB60BFF382
:1090B4004F8F00BFFDE700BF00ED00E00400FA059C
:1090C4004FF08053D3F83031082B01D00020704783
:1090D400012070474FF08053D3F83031082B01D072
:1090E40000207047012070474FF08053D3F830219F
:1090F400D3F83431082A01D000207047002B04D85B
:10910400DFE803F0010001207047002070474FF0B2
:109114008053D3F83021D3F83431082A01D0002009
:109124007047002B04D8DFE803F0010001207047EA
:10913400002070474FF08053D3F83021D3F83431F6
:10914400082A01D000207047002B04D8DFE803F080
:10915400010001207047002070474FF08053D3F87E
:109164003021D3F83431082A01D000207047002B75
:1091740004D8DFE803F001000120704700207047A5
:109184004FF08053D3F83031082B01D000207047C2
:10919400012070474FF08053D3F83021D3F8343195
:1091A400082A01D000207047032B01D80020704703
:1091B4000120704708B5FFF7EDFF38B14FF01023D9
:1091C400D3F808224FF08043C3F8582508BD0000A7
:1091D400024BD3F80034002BFAD0704700E0014072
:1091E40008B5034BC3F80405FFF7F2FF08BD00BF41
:1091F40000E00140014B024A1A607047282B00200E
:109204000090D00338B5FFF75BFF40B14FF08043C7
:109214000022C3F80C21C3F81021C3F83825FFF746
:1092240059FF002846D04FF08052D2F80414554B11
:10923400C3F82015D2F80814C3F82415D2F80C1476
:10924400C3F82815D2F81014C3F82C15D2F8141446
:10925400C3F83015D2F81814C3F83415D2F81C1416
:10926400C3F84015D2F82014C3F84415D2F82414D6
:10927400C3F84815D2F82814C3F84C15D2F82C14A6
:10928400C3F85015D2F83014C3F85415D2F8341476
:10929400C3F86015D2F83814C3F86415D2F83C1436
:1092A400C3F86815D2F84014C3F86C15D2F84424F6
:1092B400C3F87025FFF718FF18B1334B334AC3F8CE
:1092C4008C26FFF724FF18B1314BFB22C3F8182575
:1092D400FFF730FF70B14FF08041D1F8E43E23F046
:1092E4000F034FF08052D2F8582202F00F021343BA
:1092F400C1F8E43EFFF731FF20B1264B4FF4007272
:10930400C3F84026FFF73CFF60B14FF08043D3F829
:10931400003413F0010F05D04FF080436FF00102C9
:10932400C3F800241C4AD2F8883043F47003C2F80E
:109334008830BFF34F8FBFF36F8FFFF73BFF4FF0C2
:109344001023D3F80032002B08DB4FF01023D3F89E
:109354000432002B02DBFFF74DFF38BD0120FFF77D
:109364003FFF4FF010241225C4F80052FFF730FFDE
:10937400C4F80452FFF72CFF0020FFF731FFFFF77A
:109384008DFE00BF00C00040005000404881030033
:1093940000F000400090024000ED00E048B300B54A
:1093A400864642B34FF0000C06E01EF80C00604401
:1093B40080B201301FFA80FC0CF10100884207DA08
:1093C40010886045F1D80EEB0C0040789842ECD13F
:1093D4008C4512D20CF102039BB21EF80C0078B13A
:1093E400013880B250B103EB000C61450ADB1380F5
:1093F40004E000207047002000E000205DF804FB3A
:109404000020FBE70020F9E770B582B00023ADF837
:109414000630DAB10446164609230DF10602FFF7B9
:10942400BDFF0546BDF806301C448BB198B13046EB
:109434000CF08BFDA84201D000200AE02A46214608
:1094440030460CF05FFD40B1002002E0002000E057
:10945400002002B070BD0020FBE70120F9E7000006
:1094640000230BB10020704703EB8302054931F858
:109474002220824201D00133F3E703EB830301EBA3
:10948400830070474844002030B5B0F804C002EBB4
:109494000C04944594BFACEB0C0CACEB020CC288EE
:1094A4009D189A4294BF921AD21A4B88B0F800E0E1
:1094B40073450ED3408883420DD88B8863450CD303
:1094C400A3420CD8CB8893420BD3AB420BD80120D8
:1094D40000E0002030BD0020FCE70020FAE7002077
:1094E400F8E70020F6E70020F4E7000008B5024B97
:1094F4009B6903B1984708BD2C44002010B58088AF
:10950400FFF7AEFF38B10446406805F0E7FA18B932
:109514004FF6FF73238010BDFFF7E8FFF8E7000064
:1095240000B583B002460B46497A69B9197A41B944
:109534000D494968586805F079FA88B1FFF7D6FFF4
:109544000EE009498968F5E700211972064B5B6949
:1095540033B101218DF80410ADF8060001A8984735
:1095640003B05DF804FB00BF2C44002070B5C37B3E
:109574008688012B1DD104464FF6FF70FFF770FF5C
:109584000546B8B10680002303720F4B03CBC5F820
:109594000A00C5F80E104FF6FF7340F2F31204F1FF
:1095A400100105F10A00FFF76FFF6872074BDB89B2
:1095B40023B170BD0420FFF799FFFAE7294630462E
:1095C400FFF7AEFFF5E700BF244400202C44002041
:1095D40070B5044686883046FFF742FF70B10546F1
:1095E4004FF6FF7340F2F31204F108010A30FFF75B
:1095F4004BFF687229463046FFF792FF70BD0000AA
:10960400C288124BDB899A4200D0704770B5044679
:10961400038A022B00D070BD85882846FFF720FFFF
:1096240006460028F7D004F1120000F0C9F920B171
:1096340031462846FFF774FFEDE7706805F04EFAEF
:109644000028E8D0FFF752FFE5E700BF2C440020D4
:1096540008B50388122B0FD006D8102B09D0112B74
:1096640009D1FFF74BFF06E0502B04D1FFF7C8FFE9
:1096740001E0FFF77BFF08BDFFF7AAFFFBE700004F
:1096840008B50146014806F065FB08BD5C440020AE
:10969400F0B583B00190B9B116460F46019D85B966
:1096A400284603B0F0BD0134132CF9D8214601A893
:1096B40006F050FB0028F6D03146A0B2B847013579
:1096C400F1E700242546EFE70025E9E7132801D94F
:1096D4000020704738B50446054D0146284606F07B
:1096E40012FB2146281F06F00EFB012038BD00BFE7
:1096F4006444002038B50546002407E0054800EB23
:1097040084002946043006F018FB01341D2CF5D9D9
:1097140038BD00BF5C44002008B50146014806F08E
:109724000CFB08BD6444002008B512B106F0EBFA46
:1097340008BD06F002FBFBE730B583B00546019196
:1097440000230360019B93B9284603B030BD013464
:10975400132CF9D8214601A806F0FCFA0028F6D00B
:109764002B685A1C2A6005EB43039C80EFE7002416
:10977400EEE7000010B598B0134A9368DB431793E3
:10978400516817A806F04EFB17996846FFF7D4FFF7
:109794000DF1300C6C460FCCACE80F000FCCACE8EC
:1097A4000F0094E807008CE80700002407E018ABDA
:1097B40003EB440333F82C0CFFF79CFF01340C9BA0
:1097C400A342F4D818B010BD5C44002070B5044620
:1097D40085880388103B0A2B1ED8DFE803F0061A9D
:1097E4001D1D1D1D1D1D1D3B1E00FFF7C3FF28462B
:1097F400FFF76CFF38B1E37B022B0DD129461B48E0
:1098040006F081FA08E01A4AF021042005F078F8FD
:1098140002E02846FFF780FF70BD027A1609154C56
:109824003F2A94BF0022012229462046FFF77CFFED
:10983400022E94BF002201222946201FFFF774FF45
:10984400012E94BF002201222946A4F10800FFF74B
:109854006BFFE1E7037A002BDED1427AC2F3C00248
:1098640029460448FFF760FFD6E700BF684400209C
:109874006468030074440020132801D90020704751
:1098840008B50146014806F065FA08BD60440020A9
:1098940010B50446FFF7F0FF08B9002010BD2146BB
:1098A400034806F057FA08B90120F7E70220F5E764
:1098B4006844002010B50446FFF7DEFF08B9002015
:1098C40010BD2146034806F045FA08B90120F7E720
:1098D4000220F5E76444002010B50446FFF7CCFFEE
:1098E40000B910BD2146024806F034FAF9E700BF7A
:1098F4006C44002010B50446FFF7BEFF00B910BD4C
:109904002146024806F026FAF9E700BF7044002019
:1099140010B50446FFF7B0FF00B910BD2146024858
:1099240006F018FAF9E700BF7444002038B505467C
:109934000C460846FFF7A4FE08B9002038BD2846A7
:10994400FFF79AFF0028F8D00634044800EB84009F
:109954002946043006F0FEF9F0E700BF5C4400201D
:1099640070B506460C4615460846FFF789FE00B951
:1099740070BD3046FFF780FF0028F9D00634044854
:1099840000EB84002A4631460430FFF7CDFEEFE7B2
:109994005C44002070B504460E461546FFF770FE81
:1099A40008B9002070BDA01D044B03EB8003586868
:1099B4002A463146FFF76CFEF4E700BF5C44002002
:1099C400007800F001007047A0DF7047A1DF704706
:1099D400ADDF7047B3DF7047B4DF70478379012B85
:1099E40001D0002070470379012B01D0002070477B
:1099F400428842F602139A4201D0002070470120A7
:109A0400704738B50446408800F050FEA080002519
:109A140005B138BD204601F01DFF0135F8E700B55A
:109A240087B00023019302930393049305930823BF
:109A34008DF80430ADF80600039101A8FFF7E1FFAB
:109A440007B05DF804FB000070B586B000230193F5
:109A54000293039304930593ADF806004FF6FF7346
:109A640098422ED0044600F0CFFC054611283FD082
:109A740015D8D0B10B2826D110238DF804301D48F9
:109A84001D4BC01AC008000422461C4940F00200C5
:109A940007F0D0FC01A8FFF7B4FF00220CE043F26A
:109AA400020398420FD1002206E00F238DF8043000
:109AB40001A8FFF7A6FF0022114B19782046FFF7F3
:109AC4004FFF06B070BD0B4E0B4BF61AF60836046A
:109AD400284607F0D1F8024623460A4946F0010019
:109AE40007F0B2FC29462046FFF799FF0022E3E77E
:109AF4000122E1E7A0610300F860030000690300AC
:109B0400DD4400208069030008B5FFF79DFF08BD10
:109B140010B5044600F0DAFC00B910BD0122034B75
:109B240019782046FFF71CFFF7E700BFDC4400204C
:109B340010B582B0044600F0B9FD00236A4609213D
:109B440001F0CAF9052801D002B010BD0122034B6F
:109B540019782046FFF704FFF6E700BFDA44002037
:109B640008B500220649074B1878FFF713FF00B128
:109B740008BD00220449054B1878FFF70BFFF7E7EF
:109B8400AD9D0200DE440020C59B0200DA440020A3
:109B940008B500220249034B1878FFF7FBFE08BD05
:109BA400C59E0200DC44002008B500220249034B94
:109BB4001878FFF7EFFE08BD0D9B0200DD4400207E
:109BC40010B582B004460023019342F6A623ADF8F3
:109BD400043001238DF80630084B1B6800936A4655
:109BE40001A9FFF7F1FE08B102B010BD0122044B38
:109BF40019782046FFF7B4FEF6E700BF2CB0030047
:109C0400D944002010B5044638B12368012B09D18A
:109C1400BFF35F8F0023236010BD0549922005F038
:109C2400DDFFF2E70249932005F0D8FFF0E700BF1B
:109C3400D4690300F0B585B006460F460DF10E0059
:109C4400FFF7C8FE10B9012400250DE01A494FF4AE
:109C5400997005F0C3FFF6E7BDF8002042F6021341
:109C64009A421DD00134A4B2BDF80E30A3421FD9CC
:109C74000223ADF804300022ADF80620CDF808D058
:109C840069462046FFF7A8FE034690B9002DE3D1AC
:109C9400BDF8002042F605239A42E3D10125E1E70D
:109CA400029701AA21463046FFF792FE034600E0E0
:109CB4000523184605B0F0BD2C6A030010B5044610
:109CC40048B10121204606F082F8BFF35F8FB0FA55
:109CD40080F0400910BD0249852005F07FFFF0E7C0
:109CE400D469030070B586B0054600F0EDFA11287A
:109CF40047D0044619D8002846D00B2847D0254E13
:109D0400254BF61AF6083604204606F0B5FF02463F
:109D14002B46224946F0010007F096FB21462846CF
:109D2400FFF77DFE0024224623E0862806D043F276
:109D340002039842E3D1002422461AE00026019649
:109D4400029603960496059607238DF80430ADF821
:109D540006501048104BC01AC00800042A46104987
:109D640040F0020007F066FB01A8FFF74AFE344604
:109D740032460C4909782846FFF7F2FD204606B022
:109D840070BD00240122F4E701240022F1E700243D
:109D94002246EEE7A0610300F8600300086B0300AD
:109DA400D06A0300DE44002010B504460648FFF7DD
:109DB40085FF00B910BD2046FFF794FF0028F9D1B4
:109DC4000148FFF71FFFF5E7E044002070B586B0B7
:109DD400044600F08FFB054611280CD8112848D8FA
:109DE400DFE800F0174747474747334728474747C7
:109DF40047474747475D43F20203984252D043F234
:109E04000143984235D12046FFF71EFE002501226A
:109E140022E00023019302930393049305931123F7
:109E24008DF80430ADF8064001A8FFF7EAFD0125DE
:109E34002A4611E001A92046FFF7FCFE28B9BDF827
:109E4400043013B10025012206E0204600F02EFC68
:109E540000F082FB00252A46144B19782046FFF7B0
:109E64007FFD2A46124B19782046FFF779FD06B08C
:109E740070BD104E104BF61AF6083604284606F04C
:109E8400FBFE024623460D4946F0010007F0DCFACA
:109E940029462046FFF7C3FD00250122DCE7002503
:109EA4000122D9E700250122D6E700BFDC440020C7
:109EB400DB440020A0610300F8600300486B03004A
:109EC40010B50446044B1978FFF730FD00B110BDFE
:109ED4002046FFF77BFFFAE7DB440020037803B159
:109EE400704710B504464088FFF7AEFD6088FFF761
:109EF4000FFE6088FFF71CFEFFF732FE10BD000066
:109F040010B582B00378092B03D0FFF729FE02B005
:109F140010BD0446437A002BF7D1037A072B1DD0DA
:109F2400082B2CD0012BF0D16A460121808801F046
:109F34009DFA0028E9D1019B1B78002BE5D0A0886D
:109F440000F0E8FB4FF6FF739842DED00122104B7D
:109F54001978FFF705FDFFF71BFED6E7808800F0B0
:109F6400D9FB04464FF6FF739842CED00122094B29
:109F74001978FFF7F5FC2046FFF7DAFDC5E7064B35
:109F84001B68012BC1D10448FFF73CFEBDE700BFAD
:109F9400DC440020DE440020E044002030B583B0DF
:109FA40004460D460022009201920123ADF80030D0
:109FB40009238DF80230104B1978FFF7D1FC5DB1FD
:109FC4000E4B0193204600F071FB0022694600F01D
:109FD400F5FF18B903B030BD094BF2E7094C0A4A42
:109FE400A41AE408240406F047FE0246074944F094
:109FF400020007F01FFAEDE7DA44002028B003005E
:10A0040024B00300A0610300F8600300886B030020
:10A0140030B587B0044685880388353B1F2B14D898
:10A02400DFE803F0499413131313131313131313D7
:10A034001313131313131313131313131313133BC4
:10A04400131013192846FFF7FFFCFFF7ADFDFFF7C8
:10A054009FFD07B030BD002401940294039404943E
:10A06400059412238DF80430ADF80650284600F00C
:10A074001DFBADF8080000F06FFA22464D4B19782D
:10A084002846FFF76DFC22464B4B19782846FFF70C
:10A0940067FC01A8FFF7B5FCD7E70630FFF79EFC85
:10A0A4000028D2D00122454B19782846FFF758FCE6
:10A0B400FFF756FDC9E7424B19782846FFF736FCEF
:10A0C4000028C2D000223E4B19782846FFF748FCEE
:10A0D400E288B2F5857F10D0A2B96289012A1CD129
:10A0E400A289012A24D03748374BC01AC00800047B
:10A0F400364940F0020007F09DF900212846FFF799
:10A104004DFFA2E72F48304BC01AC0080004304965
:10A1140040F0020007F08EF9EFE72A482A4BC01AF4
:10A12400C00800042B4940F0020007F083F9D7E788
:10A134000022E1892846FFF749FC0028DDD10122ED
:10A14400254B19782846FFF70BFC7EE7224B19783C
:10A154002846FFF7EBFB00283FF477AF00221E4BA5
:10A1640019782846FFF7FCFBE28852B9E289012AF4
:10A1740013D1217C003918BF01212846FFF70EFFB7
:10A1840063E71048104BC01AC0080004104940F09F
:10A19400020007F04FF90021EFE70A480A4BC01A02
:10A1A400C0080004094940F0020007F043F9002107
:10A1B400E3E700BFDB440020DC440020DE44002051
:10A1C400D9440020A0610300F8600300606C030020
:10A1D400E86B0300246C0300D8440020AFDF704711
:10A1E400B1DF7047B2DF7047B3DF704738B504465C
:10A1F400808800F08FFA6080002505B138BD2046C4
:10A2040001F02CFB0135F8E730B589B0224B93E817
:10A21400030008AB03E903000BE007238DF80430C7
:10A2240001A8FFF7E3FF35E01C4C208800F045FF50
:10A2340020801A4B18884FF6FF7398422AD00022C8
:10A2440006A900F0BBFE04460028EDD000230193CC
:10A254000293039304930593104B1B88ADF80830C5
:10A26400112817D08628D8D00D4D0E4BED1AED08C5
:10A274002D0406F001FD0246084B1B880A4945F0EF
:10A28400010007F0E1F808238DF80430039401A8D5
:10A29400FFF7ACFF09B030BD38B00300E64400203E
:10A2A400A8610300F8600300B06C030008B5054B17
:10A2B4001A884FF6FF739A4200D108BDFFF7A4FF36
:10A2C400FBE700BFE64400202DE9F04784B0824656
:10A2D40000F0ECF94FF6FF73984200F087800746D0
:10A2E400012449E002AA0821384601F0BFF888B9E0
:10A2F400B8F8042003998B889A420DD10631284678
:10A304000BF000FE40B90821384601F025F9D8B910
:10A314000B2607E0052807D13A460821384601F004
:10A3240073F90646002525E0334C344AA41AE408A0
:10A33400240406F0A1FC02465346314944F00100CE
:10A3440007F082F8032653E02B4D2C4AAD1AED0892
:10A354002D0406F091FC03463A462A4945F00100D3
:10A3640007F072F80326DDE701250821384601F0DD
:10A37400F3F818BB002D3BD022460134A4B26B463F
:10A384000821384601F078F8814638BBDDF80480AE
:10A394000323454645F8063B08F104022946504686
:10A3A400FFF720FF064600289CD00C28DCD00528A7
:10A3B40001D00025D9E74E460025D6E70E4E0F4AB8
:10A3C400B61AF608360406F057FC03463A460D4919
:10A3D40046F0010007F038F80326CBE7072802D13E
:10A3E40000250C26C6E706460025C3E743F202060D
:10A3F400304604B0BDE8F087A8610300F8600300AC
:10A40400086D0300406D03002DE9F04182B005465C
:10A4140000F04CF94FF6FF73984205D1032400264F
:10A4240037464FF0010825E06A46082101F01EF87E
:10A4340020B9019B9F1D9E881C68F2E70324002617
:10A444003746EEE726B14FF00008032446460FE0F6
:10A454001B481C4BC01AC00800042A461A4940F085
:10A46400010006F0E7FF4FF00008032000E0112090
:10A474000B281CD12346324639462846FFF7B0FE46
:10A484000428F4D008280CD00B28F1D114F0020FC2
:10A4940009D1002FD6D04FF0000803244646474682
:10A4A400E6E70020E4E74FF000080124E0E7B8F114
:10A4B400000F02D002B0BDE8F0810B20FAE700BF24
:10A4C400A8610300F8600300C06D030000B585B007
:10A4D4000DF10F03029300F0E9F801AA012100F045
:10A4E400C5FF20B9029B187805B05DF804FB002075
:10A4F400FAE7000010B504461348FFF775FE90B163
:10A50400124C134AA41AE408240406F0B5FB0246CC
:10A51400104944F0010006F08DFF032010BD43F202
:10A5240003039842FAD14FF6FF72074B198820466D
:10A53400FFF754FE43F203039842F0D1024A138812
:10A5440001331380EBE700BFE4440020A86103005B
:10A55400F8600300386E030000B583B084466B4690
:10A56400064A92E8030083E8030000221946604685
:10A5740000F024FD03B05DF804FB00BF40B003000D
:10A5840046DF704738B50546002405E0044B53F810
:10A594002430284698470134012CF7D938BD00BF30
:10A5A40048B0030000230F2B03D8C25C1AB901334F
:10A5B400F9E7002070470120704778B181B108B5F0
:10A5C40003780A785340012B0CD80622013101305C
:10A5D4000BF098FCB0FA80F0400908BD00207047E9
:10A5E400002070470020F8E72DE9F04104460D46AD
:10A5F40000F1110701F111081022013101300BF0B3
:10A6040081FC50B90646601CFFF7CCFF30B1681CD2
:10A61400FFF7C8FF10B1012600E0002606F001068E
:10A6240041463846FFF7C9FF637C03F0FE03042B61
:10A634000CD0062B11D06B7C03F0FE03042B0ED040
:10A64400062B01D0012302E0002300E0002300B127
:10A654003BB946B153B1002006E00023F7E70023DD
:10A66400F5E7012000E00020BDE8F0810120FBE7D0
:10A6740070B584B006460D4600F06AFC01AA0DF1DF
:10A684000E01072000F06CFC50B1BDF80E40AC4246
:10A69400F4D002993046FFF7A7FF0028EED001E07E
:10A6A4004FF6FF74204604B070BD000013280DD887
:10A6B40010B50446FFF7E0F828B104EB8404054B19
:10A6C40033F8140010BD4FF6FF70FBE74FF6FF7030
:10A6D400704700BFE8440020132816D838B5044654
:10A6E4000D46FFF7C9F868B104EB8404084B03EB8B
:10A6F4004403D3F802202A60DA881B7AAA80AB715B
:10A70400002038BD43F20200FBE743F20200704729
:10A71400E844002038B505464FF6FF73984216D03A
:10A72400002401E00134A4B2132C0CD804EB8403FC
:10A73400084A32F81330AB42F4D12046FFF79CF8B4
:10A744000028EFD001E04FF6FF74204638BD0446E0
:10A75400FBE700BFE8440020038843B9072B04D873
:10A76400C21892782AB90133F8E700207047012013
:10A7740070470120704738B504460D46FFF7ECFFDB
:10A7840068B122882B889A4208D10822A91CA01CEF
:10A794000BF0B8FBB0FA80F0400900E0002038BDAF
:10A7A40030B585B0054600F0D3FB01AA0DF10E01CA
:10A7B400072000F0D5FB88B1029C04F1460128462D
:10A7C400FFF7D9FF30B904F12A012846FFF7D3FF78
:10A7D4000028EAD0BDF80E0005B030BD4FF6FF707A
:10A7E400FAE70000132804D800EB8000014B23F89B
:10A7F40010107047E844002038B50546FFF78AFF7B
:10A804000446284600F0B2FE40B9132C06D804EBE7
:10A814008404034B4FF6FF7223F8142038BD00BFA5
:10A82400E844002010B58CB0144600230AE0C3F1BC
:10A834000F0C10F80CE003F130020DEB020C0CF8D5
:10A8440030EC01330F2BF2D90023049305930693C4
:10A854008DF81C3007E0C3F10F02C85C30326A4443
:10A8640002F8200C0133022BF5D96846FFF788FE65
:10A87400002307E0C3F10F0230326A4412F8102CAF
:10A88400E2540133022BF5D90CB010BD0346027813
:10A8940002F0FE02042A01D00020704700B585B002
:10A8A4000846B3F80110DA78ADF80C108DF80E20D4
:10A8B4009A889B79ADF804208DF8063002AA01A984
:10A8C400FFF7B0FF032202A903A80BF01BFBB0FAA9
:10A8D40080F0400905B05DF804FB00000388102BEC
:10A8E40072D100B593B00DF11C0E00F1040CBCE85C
:10A8F4000F00AEE80F00BCE80F00AEE80F009CE8C4
:10A9040007008EE807009DF8203003F0FE03062BB5
:10A914001BD14FF6FF71BDF81C202C4B02EB8200BB
:10A9240023F8101003EB40030898C3F80200BDF8A5
:10A9340024C09DF82600A3F806C018724FF6FF73D2
:10A94400994236D113B05DF804FB00F001FB9DF889
:10A9540020305A08032B15D9022A10D102AA0DF16E
:10A964000601072000F0FCFA00B30399013108A89E
:10A97400FFF78CFF0028F1D0BDF80610CBE74FF6A7
:10A98400FF71C8E702AA0DF10601072000F0E8FAFA
:10A9940048B10399113108A8FFF70FFE0028F1D040
:10A9A400BDF80610B7E74FF6FF71B4E74FF6FF7135
:10A9B400B1E7ADF80A20ADF80C1000238DF808308B
:10A9C40002A8FFF7DFFDBDE7704700BFE8440020A1
:10A9D4008ADF70478BDF70478CDF704790F82E302A
:10A9E40043F0040380F82E30A023038650234386CB
:10A9F4000022828690F82E3062F3C40380F82E3051
:10AA0400012380F82F3070474FF4C8734385062321
:10AA140083841823C38400230385704700B587B05B
:10AA240000230193029303930493059306238DF863
:10AA340004300B1D02930B88ADF80C3000F12E038B
:10AA44000593C36B0BB101A8984707B05DF804FBED
:10AA540030B587B0002301930293039304930593C5
:10AA64000B79012B01D007B030BD05460C460C48CC
:10AA74000C4BC01AC00800040B4940F0040006F057
:10AA8400D3FCEB6B002BEED004228DF804202E3582
:10AA9400059522798DF8082001A89847E3E700BFBF
:10AAA40058610300F8600300B86E03002DE9F0411B
:10AAB40005460E4691F82070B0F81C80002401E091
:10AAC4000134E4B2BC4209D206EB44124146A869FF
:10AAD400FEF79AFC03460028F2D000E00023184653
:10AAE400BDE8F08190F82E3003F01803082B03D052
:10AAF400182B03D0002070470120704701207047B5
:10AB040008B5FFF767FF08BD2DE9F04186B090F85E
:10AB14002C8090F8233013B906B0BDE8F0810446C8
:10AB24008D1C00F12E0600F12407FFF7E9FF002336
:10AB34000193029303930493059343463A463146A3
:10AB44002846FFF749FF06460D4D0E4BED1AED085A
:10AB54002D0445F004050C49284606F065FC052340
:10AB64008DF80430029632460849284606F062FC05
:10AB7400002ED1D0E36B002BCED001A89847CBE7B1
:10AB840058610300F8600300D06E0300DC6E03001C
:10AB940070B586B004460D460023019302930393D7
:10ABA4000493059300F12E030593FFF79BFFC8B9A7
:10ABB40094F8226094F821302BBB002211460295B0
:10ABC400002E3AD0914230D003238DF80430E36B49
:10ABD4000BB101A8984704F160010020FFF7F8FECB
:10ABE40006B070BD02238DF804300295E36B01A812
:10ABF400984704F160010020FFF7EAFE2946204649
:10AC0400FFF782FFECE721462846FFF74FFF034694
:10AC140040B19DF80C2042F001028DF80C20012275
:10AC24001146CCE700220121C9E700238DF8043046
:10AC340029462046FFF768FFC9E7002BC4D000234C
:10AC44008DF8043029462046FFF75EFFBFE7002851
:10AC54003CD038B50D460446C263232200210BF0D4
:10AC6400BDF94DB32B7984F823302B7B84F82C3039
:10AC74002B68CBB1186859689A68C4F82E00C4F8D8
:10AC84003210C4F836209B896387AA6882B104F124
:10AC940024031068516803C304F1400323661F238F
:10ACA400A4F86430002038BD2046FFF797FEECE797
:10ACB4002046FFF7A9FEEFE72046FFF78FFE204668
:10ACC400FFF7A2FE002384F82330E5E70E20704747
:10ACD40010B586B0002837D00446002301930293B0
:10ACE400039304930593FFF70BFF2046FFF7FAFE47
:10ACF40030B1E36B23B101228DF8042001A89847F9
:10AD040004F1600104F12E00FFF762FE04460828F6
:10AD140000D068B90D480E4BC01AC00800040D4994
:10AD240040F0040006F080FB0024204606B010BD6D
:10AD34000648074BC01AC00800042246064940F0E2
:10AD4400010006F077FBF0E70E24EEE758610300FC
:10AD5400F8600300186F0300F46E030008B503469F
:10AD6400084603F10802194631F8043B1B2B0AD0AC
:10AD74001D2B04D0102B05D1FFF750FE02E0114625
:10AD8400FFF706FF08BDFFF763FEFBE7A0F5804071
:10AD940080B2704700F5804080B27047A0F58040D3
:10ADA40080B270470138082806D8DFE800F00705AC
:10ADB40005070707070707000020704701207047B1
:10ADC40038B505464FF6FF734380002404B138BDFF
:10ADD400284600F017FB0134F8E700B587B00023DC
:10ADE4000193029303930493059308238DF804308D
:10ADF400ADF80800039101A8FFF7E2FF07B05DF882
:10AE040004FB000030B587B00023234A137001937C
:10AE140002934FF6FF7000F0B3FC044606E02046B0
:10AE240000F056FC204600F0ABFC04464FF6FF73DE
:10AE34009C420AD02046FFF7A9FF01AA03A904F007
:10AE4400E1FD48F209639842E9D04FF6FF739C4252
:10AE540001D107B030BD2046FFF798FF04F090FD04
:10AE6400054648F20763984212D00028F1D00B48F7
:10AE74000B4BC01AC008000423462A46094940F077
:10AE8400010006F0E1FA29462046FFF7A6FFE0E7B5
:10AE9400014B01221A70DCE7B8450020C8610300A9
:10AEA400F8600300306F030070B582B00E4615469B
:10AEB400002300930193FFF769FF04463046FFF730
:10AEC4006DFF01466B462A46204604F07FFD08B913
:10AED40002B070BD0520FBE7F0B587B0FF282DD880
:10AEE40005460C4617461E460846FFF75BFF38B377
:10AEF40003AA21462846FFF7D7FF28BB01A903A8C8
:10AF040004F0D2FC054608BBBC70019B5B883B8007
:10AF140076B19C003368A34228BF23461E461A46D6
:10AF2400029978680BF028F8B44203D90C2508E09C
:10AF3400029B7B6003A804F0E3FC02E0072500E029
:10AF44000725284607B0F0BD0525FAE70525F8E7EB
:10AF5400024B00221A605A60704700BFB0450020BF
:10AF6400F0B587B007460E461446FFF71BFF18B925
:10AF74000125284607B0F0BD05463846FFF70EFF09
:10AF84000D4A03A904F030FD08B10025F1E701A939
:10AF940003A804F089FC08B10025EAE7A770019B27
:10AFA4005A882280029A62609888FFF7F3FE308004
:10AFB40003A804F0A5FCDCE7B0450020F0B587B099
:10AFC400FF2856D806460C4617468D782846FFF7C4
:10AFD400E9FE00284FD03046FFF7D8FEADF80C004C
:10AFE4002846FFF7DBFEADF80E0063680493238860
:10AFF40005936A46A1783046FFF756FF05281AD014
:10B0040003A9684604F0B2FC0446E4B148F20D63B7
:10B014009C4220D848F202639C421CD3A4F5064308
:10B02400023B0B2B17D8DFE803F0141616162A0C74
:10B0340016161616160C03A9684604F091FC04466D
:10B04400E3E7112418E0BFB13946684604F0E8FC90
:10B0540012E0102410E00B480B4BC01AC008000487
:10B0640033462246094940F0010006F0EDF9032475
:10B0740002E0072400E00724204607B0F0BD862440
:10B08400FAE700BFC8610300F86003007C6F0300A7
:10B0940008B54FF6FF7000F001FB08BDFF2806D885
:10B0A40008B500F003FBFFF7ADFE002008BD072044
:10B0B400704708B500F01AFB08BD08B500F048FB5E
:10B0C40008BD08B500F05CFB08BD4FF6FF730380B4
:10B0D4008370FF234372837A23F002038372DBB20B
:10B0E40023F001038372002303724360704700005E
:10B0F4000B68032B14D810B403EB4302094C34F847
:10B104002220824204D00133032BF5D9002004E02D
:10B114000B6003EB430304EB83005DF8044B7047BF
:10B1240000207047BC45002030B583B005460C466E
:10B134000023019301A9FFF7DBFF06E0019B013324
:10B14400019301A92846FFF7D3FF48B18378A342AE
:10B15400F4D1837A13F0030FF0D14368002BEDD1BF
:10B1640003B030BD0023032B0DDC03EB4301074A7E
:10B1740002EB81025268824201D00133F3E70348B3
:10B1840000EB810070470020704700BFBC450020E1
:10B1940008B5FF214FF6FF70FFF7C6FF08BD58B191
:10B1A40070B50D4614460646FFF7F2FF306010B145
:10B1B400058033689C7070BD7047000038B5054643
:10B1C400002405E0044B53F8243028469847013402
:10B1D400032CF7D938BD00BF50B0030003EB830341
:10B1E4001B019BB2817042609B080380704708B5C5
:10B1F4009BB2FFF7F3FF08BD8378013B072B13D8FD
:10B20400DFE803F007121212120A040D142303805C
:10B21400704701230380704701230380704743680C
:10B224009B8809339B0803807047000038B50546A6
:10B23400002406E0697A2144C9B2054800F093FC71
:10B2440001342B7AA342F5D82846FFF73EFF38BDD8
:10B25400EC45002030B583B00446002300930193ED
:10B2640083788DF80230417A2D4800F068FC20B3D1
:10B274000246237AA1786846FFF7B9FF6846FFF7CC
:10B28400BBFF224632F8040B6946FFF797FE1128EC
:10B2940038D01FD860B3072832D0224D224BED1A84
:10B2A400ED082D0405F0E8FC024623881F4945F00B
:10B2B400010006F0C9F8032022E01A481A4BC01A0C
:10B2C400C0080004627A1A4940F0010006F0B2F89E
:10B2D400032015E08628E0D1A37A23F00203A372A9
:10B2E400DBB243F00103A372124B01221A7007E090
:10B2F400A37A23F00203A372DBB223F00103A37247
:10B3040003B030BDA37A43F00203A372DBB223F08F
:10B314000103A372074B01221A700020F0E700BF5B
:10B32400EC450020C0610300F860030028700300AE
:10B33400E86F0300B945002030B587B00446FFF735
:10B3440089FF10B9012007B030BD4FF6FF72ADF888
:10B3540006202288ADF80820862807D107238DF817
:10B36400043001A8FFF72AFF0020ECE708228DF83B
:10B3740004200390074D084AAD1AED082D0405F08A
:10B384007BFC02462388054945F0010006F05CF881
:10B39400E7E700BFC0610300F860030058700300D2
:10B3A40038B5164B1B783BB305460024134B1C7071
:10B3B4000DE0124B01221A7001B93DB104EB4400B7
:10B3C4000F4B03EB8000FFF7B7FFA8B10134032C48
:10B3D40012D804EB44020A4B03EB82039B7AC3F3B7
:10B3E400400113F0020FE4D1054B03EB82039B7A77
:10B3F40013F0010FEAD0DCE738BD00BFB9450020E7
:10B40400BC45002038B50446C068FFF7ABFE23787E
:10B414000A2B0AD0142B15D0092B1BD1637ADBB964
:10B42400E0B1FFF703FF00250DE0637AC3B9C8B1AB
:10B4340000254560837A43F0020383720A4B01229C
:10B444001A7003E001252046FFF7B8FE2846FFF7EF
:10B45400A7FF38BD0025F6E70025F4E70025F2E74D
:10B464000025F0E70025EEE7B945002008B50023E4
:10B47400FFF732FD08BD0000002B59D0F0B583B0B2
:10B4840006460C4615461F46CB1FDBB2012B51D88E
:10B49400531E032B51D8FFF747FE0190D0B1037A16
:10B4A400AB424CD1019E737AFF2B1DD00026019B29
:10B4B4001D72597A244800F042FB024618B3ABB21D
:10B4C40021463846FFF78AFE002E3AD0082C28D0B1
:10B4D400002030E02246314601A8FFF760FE019BC0
:10B4E400002BDFD1112026E02946174800F050FB3D
:10B4F40070720198437AFF2B01D00126D7E7FFF73A
:10B50400E4FD112017E01148114BC01AC0080004D3
:10B51400019B5A7A0F4940F0010005F08BFF03208C
:10B5240009E03B887A689B00063B9380002002E098
:10B534000E207047072003B0F0BD0720FBE70F2063
:10B54400F9E70020F7E700BFEC450020C0610300E5
:10B55400F8600300B870030008B5FFF7E5FD18B103
:10B56400FFF764FE002008BD0520FCE770B584B039
:10B5740005460023039303A9FFF7BAFD044607E039
:10B58400039B0133039303A92846FFF7B1FD044647
:10B59400D4B1A1782846FFF7DFFF0028F0D00528B2
:10B5A400EED0154E154AB61AF608360405F064FBBB
:10B5B4000246A37800932B46114946F0010005F09A
:10B5C4004EFF032004B070BD2846FFF767FD002836
:10B5D400F8D00728F6D0084C084BE41AE4082404F1
:10B5E40005F04AFB03462A46064944F0010005F0EB
:10B5F4002BFF0320E6E700BFC0610300F8600300EF
:10B604002C71030084710300CB1FDBB2012B11D812
:10B6140070B506460C4615461046FFF74AFD58B16C
:10B6240021463046FFF780FD40B105808470FFF766
:10B6340011FE70BD072070470720FAE70520F8E7E0
:10B6440010B5044608464FF6FF739C4204D0FF2C05
:10B654000CD94FF6FF7010BD4FF4807104F083FBDA
:10B6640080B2B0F5807FF6D12046F4E7214604F09D
:10B6740056FB80F0010010F0FF0F01D02046EAE7EE
:10B684004FF6FF70E7E708B50346FF2800D908BD69
:10B694000846194604F051FBF9E7000008B50249D1
:10B6A400FFF7CEFF08BD00BFFC4500204FF6FF7337
:10B6B400984209D010B504460449FFF7C1FF8442FB
:10B6C40014BF0020012010BD002070471C4600203C
:10B6D40038B50446044D2946FFF7D5FF05F120018E
:10B6E4002046FFF7D0FF38BDFC450020FF2801D9D4
:10B6F4000020704708B50146014804F02BFB08BD43
:10B70400FC450020FF2801D90020704708B50146F8
:10B71400014804F01FFB08BD1C46002038B50D4647
:10B724004FF6FF73984202D0441CA4B203E00024F5
:10B7340001E00134A4B2FF2C06D82146284604F0C7
:10B7440009FB0028F5D001E04FF6FF74204638BD10
:10B7540010B50A49FFF7E2FF044604E00749204612
:10B76400FFF7DCFF04464FF6FF739C4204D02046EB
:10B77400FFF7C8FF0028F1D1204610BDFC4500208A
:10B7840008B50249FFF7CAFF08BD00BF1C460020E8
:10B7940038B50546002405E0054B53F82430284607
:10B7A40098470134034B1B78A342F5DC38BD00BF36
:10B7B400404600203C46002010B586B084880388AB
:10B7C400102B06D0144B19782046FEF7AFF806B0BC
:10B7D40010BD00238DF80330019302930393049367
:10B7E400059301238DF804304FF6FF73ADF808304C
:10B7F400ADF80640083003900DF10303049301A84B
:10B80400FFF7C6FF9DF80320034B19782046FEF787
:10B81400A7F89DF80300DAE72C2B0020094B1B78CE
:10B8240003B9704710B50446FFF7C6FF00B110BD59
:10B834002046FFF753F8204601F032F82046FEF781
:10B84400E7FBF4E75A46002018B108B5FFF7A0FF5C
:10B8540008BD704708B5FFF79BFF08BD08B5FFF7A3
:10B8640097FF08BD08B5FFF793FF08BD2DE9F04F1A
:10B8740087B00193364B1B78002B63D083468A46EE
:10B8840091464FF6FF70FFF718FC0446002305931A
:10B89400042204920293039305AB039304AB02AA1C
:10B8A4000621FFF719FB072850D04FF6FF77B8465B
:10B8B4004FF0FF35002611E0059BB34201D3A046AB
:10B8C4001E46AB4201D227461D462046FFF7F5FB34
:10B8D400044604AB02AA0621FFF7FEFA0028EBD0C7
:10B8E4000528F2D04FF6FF739C421BD1984517D020
:10B8F4009F4213D00020BBF1000F01D0ABF80080B1
:10B90400BAF1000F01D0CAF80060B9F1000F01D0FC
:10B91400A9F80070019BB3B11D6014E00520EAE7AB
:10B924000520E8E70B4D0C4BED1AED082D0405F04E
:10B93400A3F902462346094945F0010005F084FDB8
:10B94400032000E0082007B0BDE8F08F0520FAE7E7
:10B954005A46002098610300F8600300EC7103006C
:10B9640008B500231A460C490C48FFF77FFF052849
:10B9740004D068B1052809D000220AE0074B4FF62D
:10B98400FF721A80044B00221A60F2E7012200E0E1
:10B994000122034B1A7008BD504600204C4600207B
:10B9A4005946002030B587B004468088FEF7B2FEC1
:10B9B40060802378093B032B00F28280DFE803F0E8
:10B9C4000232457D637AE3B94D4B1B6813B1E268DB
:10B9D40093420ED04B4B1B78002B71D0A2884A4B5C
:10B9E4001B889A426CD1237A062B69D1FFF7B8FFE2
:10B9F40066E00023424A1360A188434A1180E36051
:10BA04005EE0012B5CD13F4B1B78002B58D0A28801
:10BA14003D4B1B889A4253D1237A062B50D1FFF712
:10BA24009FFF4DE0637A002B4AD1354B1B68002BF6
:10BA340046D0E268934243D10022314B1A60334925
:10BA44000B68013B0B60E2603AE0314B1D7855B95D
:10BA540001252C4B1B7823B1A2882B4B1B889A42BF
:10BA640028D085B32CE04FF6FF70FFF726FB4FF686
:10BA7400FF739842EDD11846FFF723FB4FF6FF738F
:10BA84009842E6D10025224B1D700195029503953D
:10BA9400049505950D238DF804304FF6FF73ADF82A
:10BAA4000830ADF806302046FFF772FE01A8FFF714
:10BAB4006FFECEE7FFF754FFD3E7154B1B7823B98E
:10BAC4002046FFF765FE07B030BD0023104A13700F
:10BAD400019302930393049305930E238DF804308A
:10BAE4004FF6FF73ADF80830ADF80630A368039342
:10BAF4002046FFF74DFE01A8FFF74AFEE3E700BF2B
:10BB040054460020594600204C4600205046002050
:10BB14005846002008B504F002F980F00100C0B2D4
:10BB2400BFF35F8F08BD08B5BFF35F8F04F012F950
:10BB340008BD08B5BFF35F8F04F0FFF808BD38B542
:10BB4400054668B10C46006850B1686840B1FF29E9
:10BB540007D0FFF7E8FF20B12868EB6803FB040077
:10BB640038BD0020FCE790B138B50C4605460368A3
:10BB74001BB1406808B1FF2900D138BDFFF7D3FFDE
:10BB84000028FAD021466868FFF7D3FFF5E770472D
:10BB9400F8B550B30F460646036843B3436843B34E
:10BBA4000025FF2405E02B1B0133BB421BD00135CC
:10BBB400EDB2B3689D4215D229467068FFF7AAFF1B
:10BBC40018B1FF2CEFD12C46EDE7FF2CEFD005E0A8
:10BBD40021463046FFF7C7FF0134E4B2A542F7D847
:10BBE400FF24E4E7FF242046F8BDFF24FBE7FF24FD
:10BBF400F9E7FF24F7E77EDF70477FDF704786DFD2
:10BC0400704708B5FFF7F7FF042800D008BD1120DE
:10BC1400FCE719B108B5FFF7F4FF08BD0020704731
:10BC240038B504464088FEF741FDA080002505B1E3
:10BC340038BD204600F004FE0135F8E700B587B0B2
:10BC440000230193029303930493059305238DF832
:10BC54000430ADF8060001A8FFF7E2FF07B05DF875
:10BC640004FB00B587B0002301930293039304936C
:10BC7400059308238DF80430ADF80600039101A85C
:10BC8400FFF7CEFF07B05DF804FB000000B587B0F6
:10BC940094460022019202920392049205924FF07C
:10BCA400040E8DF804E0ADF806008DF80C10ADF824
:10BCB4000EC08DF81030054B1978FDF751FE01A820
:10BCC400FFF7AEFF07B05DF804FB00BF302B002088
:10BCD40000B587B000230193029303930493059363
:10BCE40002238DF80430ADF806008DF80C1001A87D
:10BCF400FFF796FF07B05DF804FB000070B505463A
:10BD04000C4616460A460E4B1978FDF729FE04B96F
:10BD140070BD321E18BF01220A4B19782846FDF760
:10BD24001FFE012E14BF00220122074B197828465A
:10BD3400FDF716FE31462846FFF7CAFFE8E700BFC5
:10BD4400302B00202F2B00202E2B002000B587B095
:10BD540000230193029303930493059306238DF820
:10BD64000430ADF80600039101A8FFF759FF07B0AE
:10BD74005DF804FB10B504460088FDF789FD012831
:10BD840005D0214631F8040BFFF7E0FF10BD024651
:10BD94002088237913F0010F00D102220121FFF73B
:10BDA400ADFFEEE700B587B0002301930293039340
:10BDB4000493059307238DF80430ADF8060001A819
:10BDC400FFF72EFF07B05DF804FB00B587B003232F
:10BDD4008DF804300388ADF80630437913F0040F6E
:10BDE4000AD001238DF80C308DF80D1001A8FFF74F
:10BDF40017FF07B05DF804FB0223F3E7F0B583B047
:10BE040043B304460E4617461D4600F580706B4644
:10BE14000122072180B2FFF72FFB112818D030BB75
:10BE24005022002101980AF0D9F8019B1E70019953
:10BE340001F134032B60EF6001F118032B614B1CFB
:10BE44006B611B4BEB6111312046FEF745FCF0B9E9
:10BE540003B0F0BD1748184BC01AC0080004174AB5
:10BE6400174940F0010005F0E5FA0320F0E7114D11
:10BE7400114BED1AED082D0404F0FEFE0246234694
:10BE8400104945F0010005F0DFFA0320E0E7094D11
:10BE9400094BED1AED082D0404F0EEFE024623468C
:10BEA400094945F0020005F0CFFA0820D0E700BFA9
:10BEB4005C460020D8610300F860030060B0030012
:10BEC400687303009C730300007403002DE9F843B6
:10BED40004460D461646184B1978FDF727FD90B118
:10BEE400012704F58070072180B2FFF735FB8046F7
:10BEF40008B1052809D133462A4639462046FFF7BA
:10BF0400C5FEBDE8F8830227EBE70C4B0C4AA3EB14
:10BF140002094FEAD9094FEA094904F0ADFE024685
:10BF24002346084949F0010005F08EFA41462046AF
:10BF3400FFF797FEDFE700BF2E2B0020D861030038
:10BF4400F86003005074030070B506460C461546AD
:10BF54000C4B1978FDF7EAFC00B970BD0A4B19784F
:10BF64003046FDF7E3FC28B12A4621463046FFF768
:10BF7400ADFFF2E72B46224600213046FFF786FE4E
:10BF8400EBE700BF302B00202F2B002008B50379EE
:10BF94003D2B06D04FF4885100220088FFF7D4FFD0
:10BFA40008BD41F23D01F7E708B5427902F003020A
:10BFB40001790088FFF7C8FF08BD0000F0B585B01F
:10BFC400044600F10C063046FEF7EAFB4FF6FF7319
:10BFD400984227D0054601462088FEF703FC00223C
:10BFE40001212088FFF78AFE4FF6FF739D421ED180
:10BFF400002700231A4639462088FFF700FE06462C
:10C00400082833D000283CD1A37D13F0010F4BD076
:10C01400002F49D1002341F2060219462088FFF778
:10C0240035FE41E02088FEF741FB0546D7E702AA2A
:10C0340007212846FFF71AFAA0B9039FA37D13F03E
:10C04400010F11D097F8443013F0010F01D03437A9
:10C05400CFE7314607F14600FEF78DFB0028F6D105
:10C064000027C6E70027C4E70027C2E70F48104BA4
:10C07400C01AC00800040F4940F0020005F0D4F9CA
:10C0840012E00A4F0A4BFF1AFF083F0404F0F4FDC4
:10C09400024600952388084947F0010005F0DFF9BE
:10C0A40031462088FFF7DDFD05B0F0BDD8610300FF
:10C0B400F8600300BC7403002C7503002DE9F04301
:10C0C40085B00446078800225D4B19783846FDF791
:10C0D40047FC637913F0040F3FD007F58076B6B2BE
:10C0E40002AB012207213046FFF7C6F9804600283B
:10C0F4003AD13846FEF7DAFA05464FF6FF7398420E
:10C1040049D04FF000082A4607213046FFF77CFA51
:10C114008146002800F08680862800F08880494EF9
:10C12400494BF61AF608360404F0A6FD02460095BB
:10C134003B46464946F0010005F091F94946384628
:10C14400FFF78FFD00212046FFF73FFEB8F1000FF7
:10C1540007D02846FEF750FB03E000212046FFF7F6
:10C1640034FE05B0BDE8F083364D374BED1AED08CB
:10C174002D0404F081FD02463B46354945F001009B
:10C1840005F062F941463846FFF76BFD0021204671
:10C19400FFF71BFEE5E719460398FEF769FA054623
:10C1A4004FF6FF7398421CD001463846FEF71AFB3F
:10C1B400284B19783846FDF7B9FB804610B14FF08B
:10C1C4000008A0E73846FFF739FD224B19783846B6
:10C1D400FDF7ACFB002896D100212046FFF7F5FDC2
:10C1E400BFE7FEF755FF05464FF6FF73984206D0AA
:10C1F40001463846FEF7F6FA4FF0010883E7114886
:10C20400114BC01AC0080004134940F0010005F0A6
:10C214000BF904213846FFF724FD00212046FFF7DF
:10C22400D4FD9EE701212046FFF7CFFD99E738466C
:10C23400FFF7B8FD01212046FFF7C7FD91E700BFD6
:10C24400302B0020D8610300F86003002C76030033
:10C254009C7503002D2B0020F875030008B50379A5
:10C2640013B9FFF72BFF08BDFFF79EFEFBE70000A5
:10C2740010B586B00446144B19780088FDF756FBB8
:10C2840008B106B010BD2088FDF726FB38B901239C
:10C2940041F2060200212088FFF7F8FCF1E70022B2
:10C2A4000A4B19782088FDF75BFB03238DF80430D3
:10C2B4002388ADF8063000238DF80C308DF80D304E
:10C2C40001A8FFF7ADFCDCE72F2B0020302B00206A
:10C2D4002DE9F04188B007460D461646FDF7D8FA19
:10C2E400044620220021684609F078FE012C16D06D
:10C2F400002C4FD0002D3FD03846FEF7D7F94FF62B
:10C30400FF73984227D0012C10D04FF000082B78EF
:10C3140013F0010F25D10396204B07932EE0002242
:10C324001F4B19783846FDF71BFBE1E71C4B1978C6
:10C334003846FDF7FBFA10B14FF00008E7E738463E
:10C34400FFF77CFC164B19783846FDF7EFFA28B155
:10C354004FF00008DBE74FF00008D8E74FF08508FE
:10C36400D5E7B8F1850F09D06B46324621463846E9
:10C37400FFF744FD58B901E04FF08508012C00D0C7
:10C3840000256B462A4641463846FFF736FC08B07E
:10C39400BDE8F08143F20200F9E700BF5C460020EB
:10C3A4002D2B002038B504460D46FDF771FA0128FF
:10C3B40002D043F2020038BD29462046FFF729FC8B
:10C3C400F9E708B50388113B092B09D8DFE803F026
:10C3D4000508090D0808080811150430FFF7D6FDF3
:10C3E40008BD0430FFF7C6FCFAE70430FFF7E6FDAA
:10C3F400F6E70430FFF732FFF2E70430FFF738FFC7
:10C40400EEE700000022026042608260014A126886
:10C4140002607047A446002010B50446104600236D
:10C4240023606360A360E360236121706280FEF790
:10C434003DF9A080204610BD00B583B06A460721AF
:10C44400FFF714F838B9019B93F8443013F0010F47
:10C4540002D0012000E0002003B05DF804FB38B5F1
:10C464000546002404B138BD2846FFF7EDF9013430
:10C47400F8E708B5FFF7F3FF08BD30B587B00D4600
:10C4840014460246062101A8FFF7C6FF039504944B
:10C4940001A8FFF7E4FF07B030BD10B586B002462F
:10C4A4000C46082101A8FFF7B7FF039401A8FFF782
:10C4B400D6FF06B010BD000010B50446134611297E
:10C4C4000DD000226BB10A4B19782046FDF748FACB
:10C4D4000022084B19782046FDF742FA10BD0122CC
:10C4E400F0E7044B19782046FDF73AFAF6E700BF67
:10C4F400312B0020342B002070B586B0054611295D
:10C5040034D8DFE801F02D333333333333332D3371
:10C51400333333093333332D16461F481F4BC01AA8
:10C52400C00800042A461E4940F0020004F082FFBD
:10C534002A4604210DEB0100FFF76EFF96B1337814
:10C5440013F0010F10D102238DF80C3000238DF865
:10C55400103041F20113ADF80E3001A8FFF77FFF50
:10C5640006B070BD0223EFE70123EDE70C460A4E47
:10C574000A4BF61AF6083604084604F07DFB024618
:10C584002B46084946F0010004F05EFF2146284688
:10C59400FFF783FFE4E700BFD0610300F860030006
:10C5A400987603005077030030B585B004460D46F5
:10C5B40001A8FFF727FF01AA29462046FFF75DFFE0
:10C5C400094B1A6801992046FFF782FE05460122AD
:10C5D40001462046FFF770FF019A29462046FFF7DF
:10C5E4008BFF05B030BD00BF9C46002008B500217C
:10C5F400FFF7DAFF08BD00002DE9F04385B00446DB
:10C6040016461F46884689B901A8FFF7FBFE01AA12
:10C6140000212046FFF731FFDDF80490284B1B78FA
:10C6240033B99DF80D301BB9052625E04FF00009FC
:10C63400324649462046FFF7B5FE0546002201462C
:10C644002046FFF739FF112D1AD80123AB4042F6DB
:10C654000112134229D113F4003F15D04246194B5D
:10C6640019782046FDF77CF93246174B1978204695
:10C67400FDF776F90026E7B9304605B0BDE8F0834A
:10C6840043F202039D4212D0104E114BF61AF608E3
:10C694003604284604F0F0FA024623460D4946F0D3
:10C6A400010004F0D1FE0326E5E72E46E3E72E461B
:10C6B400E1E74A4629462046FFF71EFFDCE700BFB4
:10C6C400A0460020322B0020332B0020D061030031
:10C6D400F8600300BC77030038B50446084B1978AA
:10C6E400FDF724F90546074B19782046FDF71EF996
:10C6F400014601232A462046FFF77EFF38BD00BFCE
:10C70400332B0020322B0020002943D0F8B50546F6
:10C714000C46FDF7CFF8064600283DD02846FDF725
:10C72400C5FF0746022E14BF00260126237866F3B0
:10C73400000323704FF6FF73C31A18BF0123227836
:10C7440063F3C30222702846FDF7C6F8237860F32A
:10C75400410323702846FDF7CDF8237860F3820364
:10C7640023702846FDF7D4F830B10122237862F310
:10C77400041323700020F8BD2846FDF7ADF808B96E
:10C784000022F3E73846FFF757FE08B90022EDE729
:10C794000122EBE70E20704743F20200EBE710B5ED
:10C7A40082B00C4600238DF80430E0238DF8043069
:10C7B40001A9FFF7A9FF9DF80430DB435BB222789F
:10C7C4001A4010B912B9012000E0002002B010BDD7
:10C7D40030B583B00446194B1B6833B34088FDF76A
:10C7E4007BF8014608B9024621E000258DF8045083
:10C7F400237AC3F340012A4661F382028DF80420B0
:10C80400D2B263F3C3028DF80420C3F38003D2B21F
:10C8140063F304128DF8042001A96088FFF7BFFFB9
:10C8240080F00102D2B2294601E000220121012355
:10C834006088FFF7E1FE03B030BD00BFA4460020CE
:10C8440010B504460378062B07D0132B01D1FFF74C
:10C85400BFFF2046FFF70DFE10BD81684088FFF73B
:10C86400A3FEF9E708B503780C2B02D8092B02D2F2
:10C8740008BD142BFCD100220549064B1878FDF79E
:10C8840089F800220449054B1878FDF783F8EFE78F
:10C89400F1C50200312B0020DDC60200342B00203C
:10C8A40008B5FFF78EFD00220549064B1878FDF701
:10C8B40071F800220449054B1878FDF76BF808BDA0
:10C8C400F1C50200312B0020DDC60200342B00200C
:10C8D4000268134600E01B6813B18B42FBD101E0F0
:10C8E4000A60016070470346006808B102681A6074
:10C8F4007047000038B5054608B9064C04E0064CFC
:10C9040002E04368284698472046FFF7ECFF0028DA
:10C91400F7D138BDB0460020B846002010B5044613
:10C9240010B1012C06D010BD054B01225A70FFF73F
:10C93400E1FFF6E70120024B9870FFF7DBFFF2E717
:10C94400A846002000B1704708B5034B01225A7075
:10C95400FFF7D0FF08BD00BFA846002008B505F0CA
:10C9640065F920B9074BD3F800342BB108BD06494B
:10C974007B2003F033F9F5E700F0EEF9034B0022D6
:10C984009A70F3E70000014024780300A8460020D1
:10C9940010B5104B1B784BB185240F4BD3F80034E2
:10C9A40013B10C4B01229A70204610BD094B002292
:10C9B4009A605A601A61DA60084800F07FF9044608
:10C9C40005F034F918B1034B01221A70E5E700F0C1
:10C9D4008DF9F8E7A84600200000014021C90200B3
:10C9E40010B582B00446224B1B78D3B1204B9B7800
:10C9F400E3B114B163680120984700238DF8073030
:10CA04000DF1070002F0F0F8194AD3680133D3603E
:10CA14009DF8070002F0FAF8154BDB680BB302B07F
:10CA240010BD1449F62003F0D9F8DFE700238DF890
:10CA340007300DF1070002F0D7F81CB121460E486B
:10CA4400FFF746FF0A4BDB6843B1094AD368013359
:10CA5400D3609DF8070002F0D9F8DDE700F05CF937
:10CA6400F3E704494FF4897003F0B8F8D7E700BF3F
:10CA7400A846002024780300B846002000B583B0FF
:10CA8400144B1B78B3B1134BDB68CBB100238DF887
:10CA940007300DF1070002F0A7F80E4BDA68013AEF
:10CAA400DA60DB6893B19DF8070002F0AFF803B0D9
:10CAB4005DF804FB084940F2171003F08FF8E2E731
:10CAC40005494FF48C7003F089F8DFE7FFF746FF60
:10CAD400E9E700BFA84600202478030000B583B02E
:10CAE40001280DD0032823D038B9184B0122C3F8EC
:10CAF4008020BFF34F8FBFF36F8F03B05DF804FB4B
:10CB040000238DF807300DF1070002F06DF8104B8B
:10CB14001B7853B10E4BDA680132DA6001229A7045
:10CB24009DF8070002F072F8E7E7FFF731FFF1E73D
:10CB3400074B1B7823B100F0D9F8FFF79FFFDCE720
:10CB4400044940F2522003F049F8F4E700E100E020
:10CB5400A84600202478030000B587B003788DF838
:10CB640004304368029383688DF80C30C3680493DF
:10CB740003698DF81430054B53F82130044A52F8F8
:10CB8400211001A8984707B05DF804FBCC460020AB
:10CB9400BC46002070B584B08C46144686461EF808
:10CBA400045B1C4A42F825401B4A42F825301B4BC3
:10CBB4000FCB04AE06E90F009CF800308DF800306E
:10CBC4009CF801308DF801309CF802308DF8023069
:10CBD4009CF803308DF803309CF804308DF8053050
:10CBE4009CF805308DF80630DCF8083002939CF888
:10CBF4000C308DF80C309CF80D308DF80D3004B1EC
:10CC0400074C2B4622466946704601F0B7FC04B037
:10CC140070BD00BFCC460020BC46002070B00300AD
:10CC24005DCB0200002807DB00F01F02400901234E
:10CC34009340024A42F82030704700BF00E100E010
:10CC4400002808DB4901C9B200F1604000F56140E9
:10CC540080F80013704700F00F004901C9B2014B7E
:10CC64001954704714ED00E038B505460C468B1E88
:10CC7400DBB2012B03D94B1FDBB2022B04D82146B4
:10CC84002846FFF7DDFF38BD02496B2002F0A6FFFE
:10CC9400F5E700BFC878030008B5074B1B6813F01D
:10CCA400010F00D008BD06210020FFF7DDFF0020A2
:10CCB400FFF7B8FFF6E700BF00E100E010B5044657
:10CCC40048B1084B1B795BB9064B1C6001221A71F1
:10CCD4000020587110BD0449A42002F07FFFF0E742
:10CCE4008520F7E7DC4600201879030008B5084BD7
:10CCF4001B793BB1FFF7D0FF4FF080430122C3F80B
:10CD0400182508BD0349BD2002F068FFF2E700BF03
:10CD1400DC4600201879030000B583B00C4B1B7966
:10CD240083B14FF080430022C3F80421D3F80421D7
:10CD34000192019A0222C3F8042301229A6003B0EB
:10CD44005DF804FB0349EA2002F048FFE9E700BF6D
:10CD5400DC4600201879030000B583B00F4B1B7923
:10CD6400BBB14FF080430222C3F808230022C3F86A
:10CD74000421D3F804210192019A0122DA604FF0D0
:10CD84008043D3F8183413F4803FF8D103B05DF82E
:10CD940004FB0349F72002F021FFE2E7DC46002010
:10CDA4001879030000B583B04FF08043D3F8003105
:10CDB4009BB14FF080430022C3F80021D3F8002137
:10CDC4000092009A0122C3F80823104B5B7923B91F
:10CDD4000E4B5A711B68002098474FF08043D3F8DC
:10CDE40004317BB14FF080430022C3F80421D3F80F
:10CDF40004210192019A0222C3F80823034B1B6801
:10CE04000120984703B05DF804FB00BFDC46002016
:10CE1400002807DB00F01F02400901239340024A67
:10CE240042F82030704700BF00E100E0002808DB32
:10CE34004901C9B200F1604000F5614080F8001377
:10CE4400704700F00F004901C9B2014B19547047F3
:10CE540014ED00E010B40D4C00F5A27054F820302D
:10CE640023F44F3323F4407344F8203054F8203033
:10CE7400090201F47C51120402F4403211430B43C1
:10CE840044F820305DF8044B704700BF0060004058
:10CE940000B583B084468E460D4B93E8030002AB85
:10CEA40003E9030063460BE002A901EB830151F897
:10CEB400081CD1F8200542F8040BC1F82005013301
:10CEC4000CEB0E009842EFD803B05DF804FB00BFF2
:10CED40080B00300430904D0012B0BD14FF6FF733C
:10CEE40001E04FF0FF3300F01F0023FA00F000F0E0
:10CEF400010070470023F6E7034B034493F96000F5
:10CF040000F03F00704700BFE4460020034B034499
:10CF140093F96000C0F38110704700BFE44600201D
:10CF240010B5864614461AB100234FF0080C04E0ED
:10CF340008234FF00C0C00E00133634513D20B4A75
:10CF440052F82320B2F1FF3FF6D158B2074A02EB60
:10CF54000E0C8CF8300042F8231034B9083B13440B
:10CF640083F860E001E04FF0FF3010BDE44600209C
:10CF7400064B4FF0FF3243F82020072804D9083825
:10CF84000344FF2283F86020704700BFE44600207A
:10CF940010B50446024602210020FFF779FF002362
:10CFA400012B04D854F823201AB90133F8E70020E0
:10CFB40010BD0120FCE7000010B504460068FFF72F
:10CFC40089FF38B123681F2B0AD903F01F0323609C
:10CFD400054810BD05494FF4F67002F0FFFDF1E776
:10CFE4004FF0A040F5E700BF0003005014680300B1
:10CFF40010B582B00C46019001A8FFF7DDFFA40034
:10D00400019B03F5E07340F8234002B010BD00B566
:10D0140083B0019001A8FFF7CFFF019B03F5E073F4
:10D0240050F8232022F0020240F8232003B05DF8D8
:10D0340004FB00B583B0019001A8FFF7BDFFD0F851
:10D044001005019BD84000F0010003B05DF804FB1B
:10D0540010B582B001900C4601A8FFF7ADFF019B0B
:10D0640003F5E07350F8232022F4403240F82320E3
:10D0740050F8232042EA044240F8232002B010BDB5
:10D0840000B583B0019001A8FFF796FF019B03F55B
:10D09400E07350F82300C0F3014003B05DF804FBD3
:10D0A40000B583B0019001A8FFF786FF0123019A20
:10D0B4009340C0F8203503B05DF804FB2DE9F0413E
:10D0C400064645E0032126E0B8F1010F36D141467A
:10D0D400284698470134032C36D81F4B234493F930
:10D0E4006030B3F1FF3FF5D02046FFF705FF05465A
:10D0F400C20800F0070101238B40B25C1342E9D05F
:10D104002046FFF703FF80462846FFF7B9FF07468E
:10D114000228D7D002212846FFF79AFF2846FFF7B6
:10D12400BFFF0D4B5A1992F9302053F82230002BCF
:10D13400D0D0B8F1030FCAD0022FC5D0032FC9D164
:10D14400B8F1020FC6D1C2E73046FFF721FF08B19C
:10D154000024C0E7BDE8F081E446002030B583B088
:10D164001C4B93F86A5095BB2C4601E00134E4B2A1
:10D174002F2C0FD82046FFF7ADFE0028F6D0154B14
:10D184002344FF2283F83020F0E72846FFF7F0FE1F
:10D194000135EDB20B2DF8D90F4D00242C60AC8075
:10D1A40006210846FFF742FE0620FFF731FE0B4B2F
:10D1B400C3F87C41D3F87C210192019A4FF00042DC
:10D1C400C3F804230123AB71204603B030BD08200B
:10D1D400FBE700BFE4460020484700200060004011
:10D1E40070B504460D461646FFF774FE38B1254B5C
:10D1F400234493F93030002B07DB082070BD22490B
:10D204004FF40C7002F0EAFCF1E7AA78C2F3400292
:10D2140031462046FFF784FE0646B0F1FF3F2FD08B
:10D22400AB7813F0040F0FD113F0010F1CD020467C
:10D23400FFF7EDFEE30804F0070C1448C25C01217B
:10D2440001FA0CF10A43C254AB7813F0020F10D167
:10D25400083E0C4B334493F96020297842EA81124A
:10D2640083F860200020C9E769782046FFF7C0FEF4
:10D27400E0E72A7821463046FFF7ECFD0020BDE7C1
:10D284000420BBE7E4460020B879030048470020A7
:10D2940030B583B004460D46FFF71CFED0B12C4BCD
:10D2A400234493F93030002B1ADB294B234493F9A0
:10D2B4003000072823DD0838FFF728FE0546032839
:10D2C40014D0012819D0032529462046FFF7C0FEB3
:10D2D40003B030BD1F494FF4187002F07FFCDEE745
:10D2E4001C4940F2612002F079FCDEE72046FFF79A
:10D2F400A0FE0028E8D10225E6E70225E4E7C3B250
:10D30400072BE5D800F140039BB29B009BB2124966
:10D3140000F5A27C51F82C2042F0010241F82C20A7
:10D3240003F1804303F5C04300221A601B68019394
:10D33400019B002DCCD0064B1C4494F9302053F8AB
:10D344002230002BC4D001238340C1F80433BFE74B
:10D35400E4460020B87903000060004010B504469C
:10D36400FFF7B8FD30B12046FFF763FE003818BF61
:10D37400012010BD024940F2B22002F02FFCF2E776
:10D38400B879030070B584B0002502950395012097
:10D394004FF48073294603E0400004339BB201310B
:10D3A400072912D803F1804202F5C0421468012C07
:10D3B400F2D1234CD4F804432042EDD0002414606D
:10D3C40012680092009A0543E6E71D4BD3F87C31BE
:10D3D400012B06D015F0FF0F2AD1002D2BDB04B052
:10D3E40070BD174B0020C3F87C01D3F87C31019346
:10D3F400019B45F0004502AA0221FFF749FDE9E738
:10D4040076000134072CE8D82E42F9D00C4B04F5F1
:10D41400A27253F82200C0F3052053F82210C1F37E
:10D424000141084B53F82430002BE9D09847E7E733
:10D4340001260024E6E702A8FFF740FECFE700BF7D
:10D4440000600040E4460020034B984201D10348A9
:10D4540070470020704700BF002000405047002064
:10D4640008B5064B1B681BB1044B1B68984708BDE5
:10D474000349512002F0B2FBF6E700BF50470020F9
:10D48400607A030070B582B00C460546B8B12846F0
:10D49400FFF7DAFF0546B8B100238DF807300DF128
:10D4A400070001F0A1FB2E7916B92C6001232B7122
:10D4B4009DF8070001F0AAFB4EB9002005E00549DC
:10D4C400772002F08BFBE2E7002002B070BD112050
:10D4D400FBE700BF607A0300002807DB00F01F02AF
:10D4E400400901239340024A42F82030704700BFAC
:10D4F40000E100E0002808DB4901C9B200F1604006
:10D5040000F5614080F80013704700F00F004901F6
:10D51400C9B2014B1954704714ED00E0430904D01B
:10D52400012B0BD14FF6FF7301E04FF0FF3300F0F6
:10D534001F0023FA00F000F0010070470023F6E713
:10D5440010B483B0844602240C714A71096889B10D
:10D5540012F0040F23D1822112F0080F01D041F000
:10D56400200112F0100F01D021F08001DCF800003E
:10D57400C0F80013DCF800100024C1F80441D1F80D
:10D5840004110191019912F0800F0AD1DCF80020F6
:10D594000121D150002003B05DF8044B7047922163
:10D5A400DAE7DCF800001844F5E730B585B0044646
:10D5B4000D46D0F8103173B10023C0F81031D0F803
:10D5C40010310093009B4B7913F0040F03D00B68C8
:10D5D4000BB101209847D4F8143173B10023C4F877
:10D5E4001431D4F814310193019B6B7913F0080FB3
:10D5F40003D02B680BB102209847D4F81C3173B1C7
:10D604000023C4F81C31D4F81C310293029B6B79BB
:10D6140013F0100F03D12B680BB100209847D4F8F6
:10D62400043163B10023C4F80431D4F80431039302
:10D63400039B01232B712B680BB10320984705B082
:10D6440030BD000010B504460068FFF767FF38B12D
:10D6540023681F2B0AD903F01F032360054810BD5C
:10D6640005494FF4F67002F0B9FAF1E74FF0A04023
:10D67400F5E700BF000300501468030000B583B051
:10D68400019001A8FFF7DEFF0123019A9340C0F83F
:10D69400083503B05DF804FB00B583B0019001A820
:10D6A400FFF7D0FF0123019A9340C0F80C3503B073
:10D6B4005DF804FB00B583B0019001A8FFF7C2FF39
:10D6C400019B03F5E073032240F8232003B05DF8C7
:10D6D40004FBF0B585B007460E4600240AE0FFF7C8
:10D6E400CDFF04AB03EB850555F8100CFFF7E2FF03
:10D6F4000134E4B2032C18D82546335DFF2B0CD03B
:10D7040023F0800004AA02EB840242F8100C13F008
:10D71400800FE4D1FFF7C0FFE3E74FF0FF3204AB23
:10D7240003EB840343F8102CE2E7386800230AE093
:10D7340004AA02EB830252F8101C03F5AC7240F801
:10D7440022100133DBB2032BF2D905B0F0BD000087
:10D7540038B505460C468B1EDBB2012B03D94B1F93
:10D76400DBB2022B04D821462846FFF7C3FE38BD9E
:10D7740002496B2002F032FAF5E700BFC8780300D3
:10D7840070B506460C461546012904D84DB1293416
:10D794006401355170BD064940F2B72002F01EFA0B
:10D7A400F4E703494FF42E7002F018FAEFE700BFD4
:10D7B400007B030070B505460C461646012908D8BF
:10D7C4006EB116F4004F10D1293405EB44156E6088
:10D7D40070BD09494FF4307002F000FAF0E70649D1
:10D7E40040F2C12002F0FAF9EBE7034940F2C2200B
:10D7F40002F0F4F9E8E700BF007B030070B50446CB
:10D804000E461546012907D8B5F1807F0AD204EBEC
:10D814004614C4F8285570BD054940F2CA2002F0E8
:10D82400DDF9F1E7024940F2CB2002F0D7F9EEE747
:10D83400007B030070B504460E461546012907D83F
:10D84400B5F1807F0AD204EB4614C4F82C5570BDA0
:10D85400054940F2D32002F0C1F9F1E702494FF43F
:10D86400357002F0BBF9EEE7007B030070B50446A7
:10D874000D461646A2B1326829462046FFF780FFBE
:10D88400B28829462046FFF795FFB268294620460C
:10D89400FFF7B4FFF26829462046FFF7CBFF70BDBF
:10D8A400024940F2AB2002F099F9E4E7007B03005F
:10D8B4002DE9F04784B0044617460D46002964D08C
:10D8C4002679384B03EBC6031B79002B68D1354B03
:10D8D40043F8367029462046FFF7FBFE23680122F1
:10D8E400C3F80025276895F805A095F80690B5F8C3
:10D8F4000880B5F90830002B4CDBC7F80CA5C7F835
:10D904000495C7F808852268AB7AE97A43EA0123CB
:10D91400C2F8103522680023C2F800322268C2F827
:10D9240000332268C2F81C31D2F81C210392039AF6
:10D934002268C2F81031D2F810210292029A2268A9
:10D94400C2F81431D2F814210192019A2268C2F863
:10D954000431D2F804310093009B124B53F8363053
:10D9640053B12068297940F30730FFF7F1FE2068AE
:10D9740040F30730FFF7B0FD0A4B03EBC603012267
:10D984001A71002004B0BDE8F0870749802002F036
:10D9940025F995E705494FF4287002F01FF9ACE723
:10D9A4000820EFE758470020507B0300007B03006A
:10D9B4002DE9F04104460F4616461D460279254BD3
:10D9C40003EBC20898F8043003B32EB33B6803F0AA
:10D9D4006043B3F1005F25D13A4600212068FFF788
:10D9E40045FF3A4601212068FFF740FF06F0010198
:10D9F400226801EB5603C2F8143515F0010F17D154
:10DA040015F0020315D001B3082312E012494FF4B4
:10DA14008D7002F0E3F8D8E70F4940F21B1002F0D2
:10DA2400DDF8D3E70C494FF48E7002F0D7F8D3E752
:10DA340010232268C2F80032EAB241B10C234146F5
:10DA44002046FFF77DFDBDE8F0810423F1E70823BC
:10DA5400F5E700BF58470020507B030038B5044663
:10DA640005790F4B03EBC5031B798BB10C4B03EB0F
:10DA7400C5031B79DBB2022B10D001202368D3F835
:10DA8400043123B1064B03EBC5030120187138BDE3
:10DA940004494FF4CC7002F0A1F8E7E70020EDE769
:10DAA40058470020507B030038B504460D460279E0
:10DAB400104B03EBC2031B79ABB123680022C3F8FC
:10DAC4000022236801225A602046FFF7C7FF03465D
:10DAD40038B92046FFF7C2FF034610B9002DF8D12C
:10DAE4002B46184638BD044940F2731002F076F80C
:10DAF400E3E700BF58470020507B030008B5024904
:10DB04000248FFF752FD08BD5847002000C00140FD
:10DB1400002807DB00F01F02400901239340024A5A
:10DB240042F82030704700BF00E100E000280CDB21
:10DB340000F01F024009012393402030034A42F8B9
:10DB44002030BFF34F8FBFF36F8F704700E100E0C9
:10DB5400002808DB4901C9B200F1604000F56140CA
:10DB640080F80013704700F00F004901C9B2014B5F
:10DB74001954704714ED00E010B40B7803F003035C
:10DB84004A78120102F0300213438A78120202F436
:10DB9400E0621343CA78120302F4805213430A79F1
:10DBA400120402F4E02213434A79120502F48012AB
:10DBB40013438A79120602F080721343074A02EB78
:10DBC4000014C4F81835CC79097A5130030102EBFA
:10DBD40000104160D4505DF8044B70470070004061
:10DBE40038B505460C468B1EDBB2012B03D94B1FFF
:10DBF400DBB2022B04D821462846FFF7A9FF38BD23
:10DC040002496B2001F0EAFFF5E700BFC878030082
:10DC140010B588B0684BD3F80431002B2CD0664B78
:10DC24000022C3F80421D3F804310093009B634B12
:10DC340093F82E2012B193F82F30EBB100238DF816
:10DC440014305E4B596806911989ADF81C10D968D7
:10DC5400002964D0594B188B5883596018810021CE
:10DC6400D96012B9544B01221A60544C236805A898
:10DC74009847002384F82F30504B93F82E3053B339
:10DC84004D4BD3F8003133B34B4B0022C3F8002182
:10DC9400D3F800310193019B484A538B92F82D200D
:10DCA40093423FD99B1A9BB244494B8348680989E4
:10DCB40089B2CB1A00EB43033F49C1F82C36C1F8B3
:10DCC40030263D4B0022C3F80421D3F804210292EC
:10DCD400029A01225A60384BD3F810317BB1364B8B
:10DCE4000022C3F81021D3F810310393039B334B64
:10DCF4001A7402228DF814201B6805A898472E4B2D
:10DD0400D3F814314BB32C4A0023C2F81431D2F89F
:10DD140014210592059A294A137408B010BD0022F3
:10DD24001A74A2E7934208D09342CAD1234B01222A
:10DD340083F82F2000225A83C3E72049C9680029A9
:10DD4400F2D01E4B012083F82F00002058831A4B79
:10DD5400C3F82C16C3F83026B3E7184B5C69002CC3
:10DD6400DBD0B4FA84F34FF00042DA4024EA020430
:10DD740046339B0003F1804202F5E042116800291A
:10DD8400EDD00021116012680492049A01228DF8EA
:10DD94001420A3F58C73C3F3C7028DF8182013F075
:10DDA400040F0CBF01230B468DF81930034B1B687D
:10DDB40005A89847D3E700BF0070004060470020E3
:10DDC40070B584B00C460646002849D0002C4CD0CF
:10DDD400294B93F82C30002B4CD1274D2C603378F1
:10DDE400264CC4F8F0357378C4F8F435F37885F824
:10DDF4002E30012385F82C3000232B7485F82D3028
:10DE04006B6185F82F306FF00042C4F80823C4F822
:10DE14000431D4F804210392039AC4F80031D4F8ED
:10DE240000210292029AC4F81431D4F814310193F7
:10DE3400019BB1780720FFF7D3FE0720FFF768FEA8
:10DE44000223C4F8043395F82E3013B10122C4F828
:10DE540004230A4B0122C3F80025002004B070BD3E
:10DE64000749D82001F0BAFEB0E70549D92001F0EE
:10DE7400B5FEADE70820F1E76047002000700040E0
:10DE8400EC7B030038B505460C462D4B93F82C303B
:10DE9400002B34D0072D38D82A4BD3F8F43513F09F
:10DEA400FF0F04D0264B93F82D30002B33D1E379A8
:10DEB400013BDBB20C2B34D8237A0D2B37D8204B03
:10DEC4001B7C002B39D105F10C021D4B03EB4203E3
:10DED4001B792BB91A4A92F82D30013382F82D3070
:10DEE400E27905F10C01164B03EB41031A71227A16
:10DEF4005A7121462846FFF73FFE002038BD1249DB
:10DF040040F2251001F06AFEC4E70F494FF4937004
:10DF140001F064FEC0E70C494FF4947001F05EFE1A
:10DF2400C5E709494FF4967001F058FEC4E7064965
:10DF34004FF4977001F052FEC1E71120DEE700BFF5
:10DF44006047002000700040EC7B0300404B1B7CCA
:10DF5400002B7AD130B583B03D4A012414743D4B73
:10DF64000325C3F80853C3F82C16C3F8304692F8B7
:10DF74002D30A3420DD9002209E0D3B235495133E3
:10DF84001D0101EB031300245C604C510132072A8C
:10DF9400F3D900F10C022E4B03EB420319795C799F
:10DFA4002C4B5130020103EB0010446099500122C4
:10DFB4001A605A6042F21073264AD2F804211AB940
:10DFC400013BF9D1002300E00123A3B1214B00223E
:10DFD400C3F80021D3F8001101910199C3F8042179
:10DFE400D3F804310093009B194B93F82D30012B87
:10DFF40019D9002215E018494FF4D27001F0EEFD52
:10E00400E4E702F10C01124B03EB41031C795D7947
:10E01400D3B210495133180101EB03135D600C5066
:10E024000132072AEDD90A4B93F82E3043B1094B3C
:10E034000322C3F804230020054B187403B030BD39
:10E04400044B0222C3F80423F5E71120704700BFF4
:10E054006047002000700040EC7B0300F8B50546E3
:10E064000E461446414B93F82C30002B3BD03F4BCB
:10E074001B68002B3DD016F5006F40DBB4F5006F34
:10E0840043DAA64247DAB2B242EA04422B0103F170
:10E09400804303F5E043C3F81C25072D41D86F00E6
:10E0A4008021B94016F5006F41D0304843697E1C89
:10E0B4004FF00042F240134343612D4BC3F8041365
:10E0C400072D41D84023BB4040F2FF72944241D017
:10E0D400264842694FF00041F9400A434261244A0C
:10E0E400C2F80433F8BD234940F2692001F076FDFB
:10E0F400BDE7204940F26A2001F070FDBBE71D49ED
:10E1040040F26B2001F06AFDB8E71A494FF41B7026
:10E1140001F064FDB5E7174940F26D2001F05EFDA2
:10E12400B1E7154940F2D62001F058FDB7E70F4892
:10E1340043697E1C4FF00042F24023EA020343612C
:10E144000B4BC3F80813BBE70B4940F2D62001F090
:10E1540045FDB7E7054842694FF00041F94022EA1E
:10E1640001024261024AC2F80833BBE7604700205B
:10E1740000700040EC7B0300847C030038B5044647
:10E1840007282BD81C4B93F82C306BB31A4B1B7CF1
:10E1940083BB04F10C02184B03EB42031B792BB134
:10E1A400154A92F82D30013B82F82D3004F10C020F
:10E1B400114B03EB420300251D715D710F4A04F1FD
:10E1C4005103190102EB03135D60555040F2FF72D5
:10E1D4000B492046FFF742FF284638BD09494FF452
:10E1E400B17001F0FBFCCDE7064940F2631001F089
:10E1F400F5FCCBE71120F0E76047002000700040F9
:10E2040000F8FFFFEC7B030010B5244B93F82C308F
:10E214009BB1234C6FF00043C4F808330720FFF789
:10E2240085FC0123A36042F210731D4AD2F8142125
:10E234004AB9013BF9D1002306E01A4940F207101C
:10E2440001F0CCFCE5E7012333B10024144BC3F8FF
:10E254000045124B1C7406E012494FF4887001F01B
:10E26400BDFCF2E70134072C12D804F10C020B4B6D
:10E2740003EB42031B79002BF4D0E0B2FFF77EFFDF
:10E284000028EFD007494FF48D7001F0A7FCE9E7AF
:10E29400024B002283F82C2010BD00BF60470020F1
:10E2A40000700040EC7B0300002807DB00F01F0235
:10E2B400400901239340024A42F82030704700BFCE
:10E2C40000E100E0002808DB4901C9B200F1604028
:10E2D40000F5614080F80013704700F00F00490119
:10E2E400C9B2014B1954704714ED00E0003A18BF4D
:10E2F4000122022908D0032909D0012901D142F0C1
:10E304000202C0F85425704742F00402F9E742F0D3
:10E314000602F6E7430904D0012B0BD14FF6FF7335
:10E3240001E04FF0FF3300F01F0023FA00F000F08B
:10E33400010070470023F6E710B504460068FFF7B4
:10E34400E9FF38B123681F2B0AD903F01F032360A8
:10E35400054810BD05494FF4F67001F03FFCF1E7A4
:10E364004FF0A040F5E700BF00030050146803001D
:10E3740010B582B00C46019001A8FFF7DDFFA400A0
:10E38400019B03F5E07340F8234002B010BD00B5D3
:10E3940083B0019001A8FFF7CFFF019B03F5E07361
:10E3A400032240F8232003B05DF804FB00B583B0DA
:10E3B400019001A8FFF7C0FF0123019A9340C0F820
:10E3C4000C3503B05DF804FB00B583B0019001A8DF
:10E3D400FFF7B2FF0123019A9340C0F8083503B058
:10E3E4005DF804FB10B582B08446106820B100F0DB
:10E3F4006044B4F1005F34D1946824B104F0604403
:10E40400B4F1005F2DD15468CCF84405CCF84845EC
:10E414009068D268CCF83405CCF838250022CCF8C2
:10E424001821DCF818210192019A13F0010F1DD074
:10E434000122CCF8502513F0020F1BD00122CCF896
:10E44400402513F0080F02D10122CCF810200A68ED
:10E45400A2B113F0040022D04023CCF808330020EA
:10E4640002E000234B77102002B010BD0022CCF84C
:10E474005025E0E70022CCF84025E2E7DCF818312B
:10E48400002BFBD0C87FFF280DD08B7F1BB1FFF77B
:10E494008DFF0020E8E7FFF797FF0020E4E7402323
:10E4A400CCF80433E0E70020DEE710B50446C07F73
:10E4B400FF2803D0A37F53B1FFF778FF00236377CE
:10E4C4002372204650F8083B6168984710BDFFF757
:10E4D4007BFFF3E738B505460C468B1EDBB2012BF8
:10E4E40003D94B1FDBB2022B04D821462846FFF781
:10E4F400E9FE38BD02496B2001F070FBF5E700BF6F
:10E50400C8780300D0F81831B3B110B582B00C4606
:10E514000023C0F81831D0F818310193019B0B681F
:10E5240023B12046FFF7C1FF02B010BD034940F2FA
:10E53400972001F053FBF4E7704700BFDC7C030035
:10E5440008B502490248FFF7DDFF08BD90470020E7
:10E554000030004008B503494FF04020FFF7D2FFD8
:10E5640008BD00BFB447002008B502490248FFF7C0
:10E57400C9FF08BDD8470020003002402DE9F0470C
:10E5840082B00646914698460D46002900F08A80DE
:10E59400347904EBC403534901EB83010B7F002B53
:10E5A40040F099803768504B53F824103846FEF7F2
:10E5B40069FF8246002840F091804A4B04EBC40274
:10E5C40003EB820143F82290C1F804802B7B012BDA
:10E5D4006DD92878FFF7F8FE2B78019301A8FFF78F
:10E5E400ABFE019B03F5E073012240F8232095F86C
:10E5F4000180B8F1FF0F5ED14FF0FF39A878FF28F2
:10E6040061D14FF0FF38A97804EBC402354B03EB1A
:10E61400820383F82010E878D877FF280ED02B796E
:10E62400002B55D0FFF7C2FEE878FFF7B0FE29793A
:10E6340004EBC4022B4B03EB820399772B78C7F8C6
:10E644000835C7F80C95C7F81085AB68C7F82435AA
:10E654006A7B297B3846FFF749FEAB79C7F8C0359A
:10E664000723C7F8003504EBC4031E4A52F82330CD
:10E6740053B13068697940F30730FFF72BFF3068F6
:10E6840040F30730FFF710FE164B04EBC40203EB14
:10E69400820200215177134601221A77504602B0B4
:10E6A400BDE8F0871149AD2001F098FA70E72878A9
:10E6B400FFF77CFE90E7C1464046FFF777FE4046F1
:10E6C400FFF765FE9AE780460121FFF751FE9AE7BE
:10E6D400FFF77AFEA8E74FF0080ADFE74FF0110AC8
:10E6E400DCE700BF9047002088B00300DC7C030017
:10E6F4002DE9F04106460D469046047904EBC40327
:10E70400354F07EB83073B7F002B48D02B68002B4A
:10E714004BD0AB68002B51D03379022B07D8EB6870
:10E72400B3F5803F03D26B68B3F5803F04D32B4924
:10E734004FF40C7001F052FA04EBC402264B03EBC5
:10E7440082035B7F002B45D11346234A52F82330C2
:10E754004BB118F0140F06D104EBC4021E4B03EBAB
:10E76400820301225A7704EBC4021B4B03EB820C95
:10E774000CF10C0E95E80F008EE80F009CF81F00BA
:10E78400FF2804D09CF81E300BB3FFF71DFE434650
:10E794002A4639463068FFF725FEBDE8F0810F4967
:10E7A40040F22D2001F01AFAB0E76B68002BB0D0CC
:10E7B4000A4940F22E2001F011FAAAE7EB68002B77
:10E7C400AAD0064940F22F2001F008FAA4E7FFF787
:10E7D400EDFDDCE71120E0E790470020DC7C03003E
:10E7E400F0B583B005460F461646002401E0013417
:10E7F400E4B2B44215D2A00000F5A0704FF4803307
:10E80400A3402A58002AF2D0D5F804231342EED0AC
:10E8140000232B502B580193019B3B687968984740
:10E82400E5E703B0F0BD000008B50422024903483F
:10E83400FFF7D6FF08BD00BFFC4700200080004062
:10E8440008B5042202490348FFF7CAFF08BD00BF08
:10E85400084800200090004008B5042202490348FB
:10E86400FFF7BEFF08BD00BF1448002000A0004011
:10E8740008B5062202490348FFF7B2FF08BD00BFEE
:10E884002048002000A0014008B5062202490348A0
:10E89400FFF7A6FF08BD00BF2C48002000B00140D0
:10E8A40082B001238DF807309DF80730134B1860B0
:10E8B40059609A6044F20103984213D044F202036F
:10E8C400984207D10D4BDA60DA6812689A61DA6807
:10E8D4005268DA6172B69DF80730002BFBD162B63C
:10E8E40002B07047054B1A611A6992685A611A6935
:10E8F40012689A611A695268DA61EBE738480020B5
:10E9040000B583B002900091019244F20100714677
:10E914006A4600F003F803B000BD00002DE9F041A1
:10E9240084B004460E46154672B602F0E5FD02F0C8
:10E9340011FC0028FBD144F201039C423BD010D8C7
:10E94400012C1FD041F201039C4250D12E482F4B81
:10E95400C01AC00800042E4940F0010002F064FD12
:10E964001AE044F202039C4241D12748274BC01AC3
:10E97400C00800042B686A68264940F0010002F0D0
:10E9840063FD09E02048214BC01AC0080004224955
:10E9940040F0010002F048FD204BD3F8F03013F0B2
:10E9A400010F00D000BE2A4631462046FFF778FF0B
:10E9B40004B0BDE8F081144F144BFF1AFF083F0464
:10E9C40047F00107D5F80880404602F055F90346A0
:10E9D4006A682968029601910092424610493846B5
:10E9E40002F059FD0F49384602F01EFDD4E70648EF
:10E9F400064BC01AC008000432460B4940F001001F
:10EA040002F018FDC8E700BF48610300F860030086
:10EA1400C07D0300E47D0300A07D030000ED00E061
:10EA2400007E0300287E03003C7E030030B585B0E1
:10EA34004568002D48D00446037B002B46D1026074
:10EA4400EFF3058323B300230393009303AB0A4638
:10EA54000921284606F0BAFB012801D0042036E03B
:10EA640006F048F802460023009303AB062128462B
:10EA740006F0ACFB0128F1D1039B0BB3164B4FF00E
:10EA840080525A6040BFBFF34F8FBFF36F8F17E0C0
:10EA94000223009300230A460421284606F096FB2D
:10EAA400012801D0042012E006F01EF802460223D9
:10EAB400009300230121284606F088FB012808D191
:10EAC40001232373002002E0082000E0002005B0A9
:10EAD40030BD0420FBE700BF00ED00E010B584B0BA
:10EAE4000446406830B3EFF30583B3B100220392C8
:10EAF400009203AB082106F069FB01280BD1039BAC
:10EB0400A3B10E4B4FF080525A6040BFBFF34F8FFA
:10EB1400BFF36F8F0AE004200AE00223009300236E
:10EB24001A46032106F052FB012805D10020207368
:10EB340004B010BD0820FBE70420F9E700ED00E075
:10EB4400EFF3108272B6114B9B68CBB930B40F4906
:10EB540001238B600E4BD3F880400E4D2C400C608B
:10EB6400C3F88050D3F884404C604FF0FF31C3F8B1
:10EB740084100023037002B962B6002030BC7047D1
:10EB84000123037002B962B6002070475848002080
:10EB940000E100E0FC06FFBD094B9B686BB160B966
:10EBA400EFF3108172B6064B1868064A1060586875
:10EBB400506000229A6001B962B60020704700BF1D
:10EBC4005848002000E100E0EFF30583C3F3080395
:10EBD4003BB9EFF3148313F0010F0CBF01200020A5
:10EBE400704701207047000010B50446FFF7ECFFA2
:10EBF400012803D12046FFF7A3FF10BD024943209B
:10EC040000F0ECFFF6E700BF547E030010B50446A5
:10EC1400FFF7DAFF012803D12046FFF7BDFF10BD3F
:10EC24000249512000F0DAFFF6E700BF547E0300EA
:10EC340038B50546002402E0284698470134032CE1
:10EC440005D8034B53F82430002BF5D1F6E738BD33
:10EC5400D84800200378013B052B34D8DFE803F0C3
:10EC640003061120293100230B70704701230B7018
:10EC740003898B818388CB81C3688B6000230B74E9
:10EC8400704702230B7003898B818388CB81C3680F
:10EC94008B60837D062B14BF002301230B74704704
:10ECA40003230B70C3888B810389CB81C3688B607A
:10ECB400704704230B70C3888B810023CB818B6046
:10ECC400704705230B707047884207D20368B3F17D
:10ECD400FF3F01D00120704700207047002070479B
:10ECE4004388033300EB8300704738B504460D4670
:10ECF400FFF7F6FF85420CD3A2884FF6FF739A42C2
:10ED040009D023884BB1A368B3F1FF3F07D000209B
:10ED140038BD0220FCE70120FAE70120F8E70120D2
:10ED2400F6E7000060B10A4AD26882420AD8084A6B
:10ED34001269824208D310F0030F07D101207047F3
:10ED44000020704700207047002070470020704763
:10ED5400082B00200A4A00EB800302EB83031B8983
:10ED64000B4400EB800002EB8002528912FA83F01C
:10ED740080B2B0F5806F8CBF00200120704700BFC7
:10ED84009C480020002301E001339BB2012B0ED8E4
:10ED940003EB830C074A02EB8C0252688A42F3D2DB
:10EDA40002F580528A42EFD903800020704748F26E
:10EDB400096070479C4800208B7D022B04D903898D
:10EDC400CA881344033303814389CA889B1A033BCB
:10EDD40043817047F8B5033086B240F2FE339E4259
:10EDE40025D80D46002401E00134A4B2012C1BD81F
:10EDF40004EB84030F4A12F82330002BF4D131467C
:10EE04002046FFF7A7FF0028EED02C80094B04EB27
:10EE1400840203EB8202528904EB840703EB870329
:10EE240032445A81002001E048F20660F8BD48F2FD
:10EE34000860FBE79C480020064A01EB810302EBD3
:10EE440083035B8901EB810102EB81021B1A033B03
:10EE5400538170479C480020F8B50E4600EB8000B3
:10EE6400134B03EB80035C6804F580550868A0B17C
:10EE7400FFF736FF044629462046FFF725FF0746DD
:10EE840098B129462046FFF730FF012807D0022811
:10EE94000AD00028EFD1346007E00834EBE72046BD
:10EEA400FFF71EFF0446E6E700273846F8BD00BF1B
:10EEB4009C48002030B583B005460C464068FFF7F7
:10EEC40031FF20B12A89174B1B899A4218D000239D
:10EED40023802388012B23D80023019301A92088B0
:10EEE400FFF7BAFF0146B8B1019B2A6898689042BF
:10EEF400F4D16B600B4B1B892B81084603B030BDEA
:10EF04002A6869688B689A42E1D12046FFF73AFF84
:10EF1400B0FA80F14909F0E7238801332380D8E768
:10EF24000021EAE784480020F8B51C461F4B1B78F3
:10EF3400002B34D005460F461646002A32D03CB981
:10EF440048F2046027E000232360A3880133A380F0
:10EF5400A388012B20D803EB8303154A12F823302E
:10EF6400002BF2D12146A088FFF776FF0028EAD0D3
:10EF740023681DB199882A889142F3D11FB1198859
:10EF84003A889142EED19B68336023687360094BE1
:10EF94001B8933810020F8BD48F20960FBE748F281
:10EFA4000160F8E748F20460F5E700BFEC48002090
:10EFB4009C480020844800200B4A138901331381A4
:10EFC4000023538013730CE003EB83018A00074989
:10EFD4008A5CB2FA82F25209034919448A720133F3
:10EFE4009BB2012BF0D97047844800209C48002034
:10EFF40000B58646002301E001339BB2012B19D8EA
:10F004000E4A1A44927A002AF6D00C4A1A44002175
:10F01400917203EB83010A4A02EB8102D268002A4F
:10F02400EAD1074A02EB8102107C0028E4D0AEF852
:10F03400003000E000205DF804FB00BF844800209D
:10F044009C480020044B5B685B880333034A918827
:10F0540011FA83F393807047844800209448002079
:10F0640030B40E4804680E4B5B880E4903EB830CE6
:10F074004FEA8C020A44556805605460B0F804C035
:10F08400A2F808C00222828003EB830303FA02F28F
:10F09400114400230B7430BC704700BF9448002017
:10F0A400844800209C48002008B5124B1B78072B8D
:10F0B4000AD8DFE803F00409090A1016161AFFF744
:10F0C4007BFF0C4B01221A7008BDFFF7BBFF094BF5
:10F0D40002221A70F8E7FFF7C3FF064B06221A70E4
:10F0E400F2E7044B07221A70EEE7024B01221A7072
:10F0F400EAE700BF8448002008B50146014800F053
:10F10400EBFD08BDC448002008B5064B05221A7063
:10F11400054902238B80002301220968034801F07A
:10F12400A9FA08BD8448002094480020082B002038
:10F1340008B50D4B5B8803EB83010C4A02EB81029B
:10F14400D26872B9084A0421117003EB830307499A
:10F1540001EB8301002301224968054801F08AFA82
:10F1640008BDFFF7D1FFFBE7844800209C4800203E
:10F17400082B002000B583B0002300930823044A21
:10F1840004490968044801F0A5F903B05DF804FBDB
:10F19400A0B0030094480020082B002008B5044BBD
:10F1A40007221A7000225A60FFF7E4FF08BD00BF6F
:10F1B4008448002000B583B001460023009308234F
:10F1C400034A044801F086F903B05DF804FB00BF6C
:10F1D40098B00300082B002038B530B90B79032B05
:10F1E40062D8DFE803F0081E3843324B00225A602D
:10F1F4004FF4064005E001230B71FFF7BBFF002825
:10F2040052D138BD0A4603EB8301890000205054D3
:10F2140003EB830302EB83025068FFF7CBFF012368
:10F224000FE00023012B09D803EB8302224911F8D4
:10F234002220022AE6D001339BB2F3E7002348F2EE
:10F244000E60002BDBD11B4B01221A7000225A6086
:10F2540041F61D50D5E700230B71184902228A801C
:10F2640001220968164801F005FAC8E74FF0000CBE
:10F2740081F804C0134B5B88104908680E4C03EBFB
:10F28400830204EB820255680D605060B1F804E01B
:10F29400A2F808E002228A8003EB8303934004F877
:10F2A40003C0FFF787FFAAE7024B00225A6048F227
:10F2B4000D60A6E7EC4800209C48002094480020FC
:10F2C400082B00208448002008B5064B06221A703B
:10F2D4005B8803EB83039A00034B13445868FFF7DE
:10F2E40069FF08BD844800209C48002000B583B015
:10F2F40002238375002300930423C218044801F0F9
:10F30400E9F810B903B05DF804FB48F20D60F9E7C1
:10F31400082B002000B583B0036973B10323837500
:10F3240000230093042300F10C020831054801F086
:10F33400D1F820B903B05DF804FB0123EFE748F2EC
:10F344000D60F7E7082B002000B583B00123837517
:10F35400C388002200929B0002690C31044801F02A
:10F36400B9F810B903B05DF804FB48F20D60F9E791
:10F37400082B002000B583B00378032B0ED006239E
:10F38400837500230093042300F1080219440648FE
:10F3940001F0A0F820B903B05DF804FB0523EFE702
:10F3A40048F20D60F7E700BF082B002010B582B0CB
:10F3B4000C46002300930423084A0146084801F040
:10F3C40089F840B904EB8404064B03EB840301225F
:10F3D4001A7402B010BD48F20D60FAE794B003004D
:10F3E400082B00209C48002070B50C468B8A03EB48
:10F3F40083022B4E06EB820688B9294A03EB83016C
:10F4040002EB81014D680B8905EB8305A37D062B77
:10F414000BD8DFE803F0162E22280D343E003046C8
:10F42400FFF7CAFC4FF4064515E048F20E650EE0FE
:10F434001C4800234360A36903601B49FFF73AFD9E
:10F4440050B329462046FFF751FF05461DB121461A
:10F454003046FFF7B1FC284670BD29462046FFF729
:10F4640059FF0546F2E729462046FFF76DFF05469A
:10F47400ECE729462046FFF77DFF0546E6E706232D
:10F48400A375094B1988074B5868FFF78FFF05468A
:10F49400DCE741F61D55DAE748F20965DBE700BF12
:10F4A4009C480020704800206C48002010B584B0AF
:10F4B40004460023009301930293C36800930DF163
:10F4C4000E016846FFF7F6FC18B948F2096004B06B
:10F4D40010BD01988388E38003882381BDF80E1052
:10F4E400FFF764FFF3E7000000B583B00B48426800
:10F4F4000B4B1968B3F804C0538803339BB24FF025
:10F50400030E80F800E0002000909B0001EB8C01CA
:10F51400044800F0DFFF03B05DF804FB84480020DA
:10F5240094480020082B002008B5064931F8020C45
:10F53400FFF792FC10B1FFF7D7FF08BDFFF7F8FD06
:10F54400FBE700BF8848002008B50748FFF750FDD7
:10F5540010B1FFF7E9FF08BD044B00221A705A806E
:10F564005A6041F61D50F6E7864800208448002082
:10F5740030BB08B5154B1B7B6BB1144B00221A73BF
:10F58400124B1B78013B062B1DD8DFE803F0070A5A
:10F594000D101C131600FFF787FDF1E7FFF7D4FFEA
:10F5A40008BDFFF7C1FFFBE7FFF79EFFF8E7FFF792
:10F5B400BFFDF5E7FFF788FEF2E7FFF7EFFDEFE7A2
:10F5C4004FF40640704748F20E60E9E78448002093
:10F5D40000B585B0094B01AA00210630FFF7A4FC51
:10F5E40038B9064B99880298FFF7E0FE05B05DF83C
:10F5F40004FB024B00221A605A60F7E764480020BB
:10F60400B0B908B50B79012B08D0022B13D0ABB9D4
:10F6140002230B710846FFF749FF0EE00846FFF787
:10F62400D7FF48F20963984207D141F61D5004E020
:10F634004FF40640704741F61D5008BD48F20E6075
:10F64400FBE7000008B50146014800F051FB08BD86
:10F65400C448002008B5084B1B683BB1012106488B
:10F6640000F001FC003818BF012008BD03494FF425
:10F67400247000F0B3FAF1E7E8480020F47E0300B8
:10F6840010B586B004462CE02E48FFF735FD2E4B0E
:10F6940018602AE02D494FF4B46000F09FFA28E086
:10F6A4002046FFF799FD002849D0002301930293D7
:10F6B40003930493059341F61D5398423DD0029061
:10F6C400214C01A92068FFF7C5FA01A8FFF7B0FA99
:10F6D400002323601B48FFF7B5FFFFF7BBFF70B3A0
:10F6E4000024194B1B68002BCED0174B1B68002B32
:10F6F400D0D0154B19680B78013B052B1AD801A201
:10F7040052F823F0A5F6020021F7020021F70200C7
:10F7140029F7020029F7020031F702002046FFF71B
:10F7240063FEC0E72046FFF76BFFBCE72046FFF708
:10F734001FFFB8E748F20E60B7E70020BFE706B046
:10F7440010BD00BF7C48002080480020F47E0300E8
:10F7540008B54068FFF794FF08BD000008B5012113
:10F76400014800F075FB08BDD448002008B50146E7
:10F77400054800F09AFA0022026042608260C2608A
:10F7840002614261826108BDC448002008B5014697
:10F79400014800F096FA08BDC448002008B50121CC
:10F7A400034800F04AFB00B108BDFFF769FFFBE71F
:10F7B400E84800202DE9F04383B00C463849097825
:10F7C40000295DD005469846002C5CD021884FF670
:10F7D400FF7399425AD06388002B5AD0676817F098
:10F7E400030759D1002A33D01388ADF80630B2F894
:10F7F40002906846FFF7BAFF0646002833D080F827
:10F80400008000238375BDF806308382636803613A
:10F81400FFF7A4FFF060238833816388B380A6F8E0
:10F824000690B8F1030F26D0002373816846FFF7D2
:10F83400ADFF3DB100236B60F2682A60AB72194BD7
:10F844001B892B81FFF7AAFF384603B0BDE8F0837C
:10F85400B4F808900DF106014846FFF7BBFA0028FA
:10F86400C7D00746F0E7BDF806104846FFF7E4FAAC
:10F8740048F20767E8E70423B3752B68B361D3E75D
:10F8840048F20167E0E748F20467DDE748F20367FE
:10F89400DAE748F20367D7E748F20267D4E700BF24
:10F8A400EC4800208448002010B370B582B00C46A8
:10F8B400054601B30DF10601FFF7FCFA18B948F249
:10F8C400096002B070BD6E68BDF8063003EB8300BA
:10F8D40080000830094B18440121043000F0B8FAC4
:10F8E40026606B680C3363600123AB720020E8E789
:10F8F40048F20460704748F20460E2E79C48002044
:10F90400F8B110B582B004460DF10601FFF7D2FA42
:10F91400D0B1BDF8063003EB8301104A02EB81023B
:10F92400D268AAB1A27AB2B10C4A02EB8101C968C9
:10F93400013903EB830302EB8302D1600020A07240
:10F9440004E048F20460704748F2096002B010BD58
:10F9540048F20560FAE748F20560F7E79C480020A2
:10F9640008B502230022FFF725FF08BD28B108B51A
:10F9740003230022FFF71EFF08BD48F2046070470E
:10F98400114B1B78BBB110B582B004464FF6FF7320
:10F99400984213D001A8FFF7E9FE90B10522027046
:10F9A40001220271C48001A8FFF7F0FEFFF7F6FE02
:10F9B400002002B010BD48F20160704748F20360B5
:10F9C400F7E748F20760F4E7EC48002000B583B09D
:10F9D400ADF80600ADF8041001A90DF10600FFF71B
:10F9E400A3FA03B05DF804FB00B583B01346ADF889
:10F9F40006000A460DF106010020FFF795FA03B050
:10FA04005DF804FB00B583B01346ADF806000A4662
:10FA140000210DF10600FFF787FA03B05DF804FB3F
:10FA240020B131B103680B600020704748F20460D4
:10FA3400704748F2046070471EF0040F1CBFEFF3D8
:10FA440009800AE0EFF308800549064A884201D894
:10FA5400904202D88D464FF00000034B1847000037
:10FA64000000042000F803209DFA0200BFF34F8F2A
:10FA74000549CA6802F4E062044B1343CB60BFF348
:10FA84004F8F00BFFDE700BF00ED00E00400FA0562
:10FA940008B5FFF7EBFF000070B582B0064601F031
:10FAA4002BFD01F057FB0028FBD1404B9D6A26B388
:10FAB4003F4C404BE41AE408240444F00104B269C6
:10FAC4003D49204601F0B6FCB368F2680192009308
:10FAD400736832683949204601F0CEFCF36900931B
:10FAE400736932693649204601F0B9FC2F4BDB6A51
:10FAF40013F0020F0CD1002420E02D482D4BC01A26
:10FB0400C00800042F4940F0010001F08DFCEDE72E
:10FB14002748284BC01AC00800042B4940F00100B4
:10FB240001F082FCE7E72248224BC01AC008000417
:10FB3400264940F0010001F07DFC0134192C09D85C
:10FB44000123A3402B42F8D0214B53F82420002A50
:10FB5400E9D1F2E715F0800F0ED115F4004F18D15A
:10FB6400124BD3F8F03013F0010F00D000BE304632
:10FB7400FFF78EFF02B070BD0D480E4BC01AC008CF
:10FB840000040A4B5A6B134940F0010001F052FC87
:10FB9400E3E70748074BC01AC0080004034B9A6BFD
:10FBA4000D4940F0010001F045FCD9E700ED00E00B
:10FBB40068610300F8600300887F0300A07F0300EE
:10FBC400D87F0300008003003480030078800300A2
:10FBD400A8B0030084800300A480030000B583B0B0
:10FBE400009001916A46002144F20200FEF796FE5D
:10FBF40003B05DF804FB82B050E8013F1FFA83FCB8
:10FC0400C28994448289944528BFACEB020C0289D2
:10FC1400944502BFBFF32F8F002007E0CCEA030C0A
:10FC240040E801C2002AE7D14FF001008DF8070037
:10FC34000093009B0B609DF8070002B0704750E8EA
:10FC4400012FC2EA024240E80123002BF7D170479A
:10FC540082B050E8023F1FFAA3FCC288944502BF59
:10FC6400BFF32F8F00200EE0C2899444828994450B
:10FC740028BFACEB020CC3EA0C4C40E802C2002AD9
:10FC8400E7D14FF001008DF807000093009B0B6053
:10FC94009DF8070002B0704750E8022FC2EA2242E2
:10FCA40040E80223002BF7D1704738B505460C46CF
:10FCB400FFF7A1FF18B128682388184438BD002035
:10FCC400FCE708B50A884B889A4201D0002008BD99
:10FCD400FFF7B5FF0120FAE738B505460C46FFF7F4
:10FCE400B7FF18B128686388184438BD0020FCE7C2
:10FCF40008B50A884B889A4201D0002008BDFFF756
:10FD0400CBFF0120FAE708B54B0901F01F010122DE
:10FD140002FA01F100EB830000F06EF808BD10B5A3
:10FD24004B0901F01F040121A14000EB830000F006
:10FD340058F8E04000F0010010BD08B54A0901F090
:10FD44001F01012303FA01F1C94300EB820000F013
:10FD540069F808BD4B0950F8230001F01F01C840A1
:10FD640000F0010070472DE9F04106460F460025DA
:10FD740018E0202300E020231F2B12D803EB4514A6
:10FD8400A7420ED921463046FFF7C9FFE0B1D8F8A3
:10FD94000030DB4393FAA3F3002BECD0B3FA83F3E4
:10FDA400EAE701357B1E5B090133AB420BD906EB55
:10FDB400850856F82530DB4393FAA3F3002BD8D0FB
:10FDC400B3FA83F3D8E73C462046BDE8F081034606
:10FDD40053E8000F0A4643E8002C9CF0000FF7D1CB
:10FDE4007047034653E8000F40EA010243E8002C41
:10FDF4009CF0000FF6D17047034653E8002F42EA07
:10FE0400010043E8000C9CF0000FF6D17047034654
:10FE140053E8000F00EA010243E8002C9CF0000FB5
:10FE2400F6D17047034653E8002F02EA010043E885
:10FE3400000C9CF0000FF6D17047034653E8000F06
:10FE440000EB010243E8002C9CF0000FF6D1704750
:10FE5400034653E8002F02EB010043E8000C9CF03A
:10FE6400000FF6D17047034653E8002FA2EB0100C0
:10FE740043E8000C9CF0000FF6D1704708B501214F
:10FE8400FFF7BAFF08BD08B50021FFF7C0FF08BDA2
:10FE940038B50C46054620B1EB68288A00FB0430CF
:10FEA40038BD0249E820FFF799FEF5E7A085030075
:10FEB40038B50C46054630B1EB68E01A2B8AB0FB26
:10FEC400F3F0C0B238BD0249F520FFF787FEF3E72F
:10FED400A085030000283DD010B50446036873B123
:10FEE40063688BB1A368ABB1E368CBB1238AEBB190
:10FEF400A2686368D21AD2B221680B6022E0164964
:10FF0400FF20FFF76BFEEBE713494FF48070FFF718
:10FF140065FEE7E7104940F20110FFF75FFEE3E7F3
:10FF24000D494FF48170FFF759FEDFE70A4940F2AB
:10FF34000310FFF753FEDBE721680A68501C0860D2
:10FF440013701A46531EDBB2002AF5D12368002031
:10FF5400187110BD0E207047A085030030B583B022
:10FF64000446E8B100238DF807300DF10700FEF7D1
:10FF74003BFE2268136861688B4217D9591E1160D1
:10FF840013F8011C2046FFF783FF0546A368226887
:10FF940011685B1ADBB21179994208D2137106E039
:10FFA40006494FF49270FFF719FEDBE700259DF830
:10FFB4000700FEF72BFE284603B030BDA0850300E2
:10FFC40070B582B00C460646B0B1DCB100238DF8A2
:10FFD40007300DF10700FEF707FE33681D686A1C41
:10FFE4001A6021463046FFF763FF28709DF807002A
:0CFFF400FEF70CFE02B070BD054940F2A3
:020000023000CC
:100000004710FFF7EDFDE2E702494FF4A470FFF758
:10001000E7FDDDE7A085030010B5044640B1A26806
:100020002AB163692168206998470023A36010BD45
:1000300002493120FFF7D4FDF1E700BF3C86030001
:100040000EB430B582B0059D0446A0B16369BBB162
:100050002368D3B16368EBB145B10023019306ABCC
:10006000019301AA2946204600F026F902B0BDE816
:10007000304003B070470A494220FFF7B1FDE5E781
:1000800007494320FFF7ACFDE2E705494420FFF7AD
:10009000A7FDDFE702494520FFF7A2FDDCE700BF2F
:1000A0003C86030038B504460D460A2909D022686B
:1000B000A368591CA160D554A26863689A4204D20F
:1000C00038BD0D21FFF7EEFFF1E72046FFF7A4FF53
:1000D000F6E700002DE9F84F82460F4615461E460A
:1000E000DDF828900B9A0B464FF0010803E0B3FBB4
:1000F000F5F308F10108AB42F9D2B04500D2B046A1
:1001000012F0010B13D1B9F1000F10D012F0020F51
:100110000FD086B1202405E009F1FF392146504671
:10012000FFF7C0FFB9F1000F01D0C145F4D8012499
:1001300006E02024F6E73024F4E7013E05FB04F452
:10014000012EFAD8B7FBF4F39D42F7D9B7FBF4F3CD
:1001500004FB13770E4AD15C5046FFF7A3FF2346FA
:10016000B4FBF5F4AB42F1D2BBF1000F02D0B9F110
:10017000000F07D1BDE8F88F09F1FF392021504663
:10018000FFF790FFB9F1000FF4D0C145F4D8F1E7C3
:1001900010B103002DE9F04782B080460F461446A7
:1001A00099460A9EDDF82CA081EAE17CACEBE17C6B
:1001B000012502E09CFBF4FC01356445FADD4D4568
:1001C00000D24D462EB1002F02DB1AF0040F00D0F2
:1001D000013E1AF0020F02D0B9F1000F03D01AF05D
:1001E000010F00D1CEB9002F1CDB1AF0040F1FD174
:1001F0000AF00303022B20D0CDF804A000964B4652
:10020000224639464046FFF765FF02B0BDE8F08759
:10021000013E20214046FFF745FF002EE3D0AE42CD
:10022000F6D8E0E77F422D214046FFF73BFFDFE7AE
:100230002B214046FFF736FFDAE7B9F1000FDBD19B
:100240002EB9D9E7013E30214046FFF72BFF002EA3
:10025000D2D0AE42F6D8CFE7F8B506460C461546E2
:1002600013F001070ED1E1B1084605F070FE074614
:1002700017E0013401373046FFF714FF21780029D9
:10028000F7D106E00027F9E7013D20213046FFF7CE
:1002900009FFBD42F8D8F8BD013D20213046FFF7E7
:1002A00001FFBD42F8D803E001343046FFF7FAFE03
:1002B00021780029F8D1EEE7F0B583B00C46164658
:1002C000054648B16B696BB12B688BB16B68ABB1FC
:1002D000002C40F08B80DAE0704940F25220FFF7AA
:1002E0007FFCEFE76D494FF41570FFF779FCEBE702
:1002F0006A4940F25520FFF773FCE7E7674940F28F
:100300005620FFF76DFCE3E70027012303E047F0E9
:100310000107013483B121782D29F8D0302903D089
:100320002B2905D00023F5E747F002070134F1E758
:1003300047F004070134EDE700222A290CD0217888
:10034000A1F13000C0B209280CD8013402EB8202BE
:1003500001EB4202303AF0E73368191D31601B6847
:100360001A44013423782E2B02D00023217811E087
:10037000013400232178A1F13000C0B20928F5D85A
:10038000013403EB830301EB4301A1F13003F1E7F7
:1003900014F8011F6C29FBD06829F9D025296FD0EA
:1003A00020D378291ED858291CD35839202919D888
:1003B000DFE801F03C181818181818181818181148
:1003C000261818181826181818181818501818472A
:1003D000183118183C0033681A1D32601978284605
:1003E000FFF760FE01342378002B4ED014F8011B78
:1003F00000294AD0252987D02846FFF753FEF2E787
:100400003168081D30600968019700920A22284669
:10041000FFF7C0FEE6E73168081D30600968019704
:1004200000920A222846FFF755FEDBE73168081DD7
:10043000306009680197009210222846FFF74AFEB3
:10044000D0E731680B1D33603B4609682846FFF74B
:1004500003FFC7E733681A1D32601F683021284642
:10046000FFF720FE78212846FFF71CFE00230193AA
:1004700008230093102239462846FFF72BFEB1E7E8
:1004800025212846FFF70EFEACE72B7B0BB903B006
:10049000F0BD2846FFF7C0FDF9E700BFD086030096
:1004A000C3688B4206D8114401390369994203D9C4
:1004B00000207047002070470120704710F0030FA4
:1004C0000CBF01200020704743681B68013B0B42B2
:1004D0000CBF0120002070472DE9F04182B00028B8
:1004E00031D00E4615461C460746002A3BD0D0F8B0
:1004F0000080B8F1000F46D0002B54D043685A68F2
:10050000B4FBF2F302FB1343002B5CD10846FFF768
:10051000D5FF002867D02846FFF7D0FF002872D00B
:10052000224631463846FFF7BBFF00287BD0D8F87B
:100530000C80089B009323462A4631463846C04724
:1005400002B0BDE8F0814048404BC01AC00800042A
:100550000E2400943E4B3F4A3F4940F0010000F01A
:1005600080FF2046ECE73848384BC01AC00800042A
:100570000E240094364B394A374940F0010000F010
:1005800070FF2046DCE73048304BC01AC00800043A
:10059000082400942E4B324A2F4940F0010000F00D
:1005A00060FF2046CCE72848284BC01AC00800044A
:1005B00009240094264B2B4A274940F0010000F003
:1005C00050FF2046BCE72048204BC01AC00800045A
:1005D000092400941E4B244A1F4940F0010000F0FA
:1005E00040FF2046ACE71848184BC01AC00800046A
:1005F00010240094164B1D4A174940F0010000F0EA
:1006000030FF20469CE71048104BC01AC008000479
:10061000102400940E4B164A0F4940F0010000F0E0
:1006200020FF20468CE70848084BC01AC008000489
:1006300010240094064B0F4A074940F0010000F0D7
:1006400010FF20467CE700BF78610300F8600300DC
:1006500034B103006887030070870300FC87030040
:10066000A4870300B88703000488030030880300D0
:10067000488803006C8803002DE9F04182B0F0B196
:10068000884614461F460546066846B3002A36D0FB
:10069000FFF71AFF002842D06B681A6804FB02F2C9
:1006A00041462846FFF7FCFE002848D036693B4605
:1006B000224641462846B04702B0BDE8F0812848AE
:1006C000284BC01AC00800040E240094264B274A69
:1006D000274940F0010000F0C4FE2046ECE7204826
:1006E000204BC01AC0080004082400941E4B214A65
:1006F0001F4940F0010000F0B4FE2046DCE7184836
:10070000184BC01AC008000409240094164B1A4A5A
:10071000174940F0010000F0A4FE2046CCE7104845
:10072000104BC01AC0080004102400940E4B134A4A
:100730000F4940F0010000F094FE2046BCE7084855
:10074000084BC01AC008000410240094064B0C4A41
:10075000074940F0010000F084FE2046ACE700BFEE
:1007600078610300F860030020B10300688703008C
:1007700070870300A4870300B887030094880300F0
:10078000BC88030029DF704728DF704703689B6837
:10079000002B28D000B587B000230093019302936B
:1007A000039304930593019183680593037953B1EF
:1007B000012B11D102238DF80030C3681B03029373
:1007C0004369049308E001238DF800300369029324
:1007D000C36803934369049303689B68684698471A
:1007E00007B05DF804FB704710B542698369D21AFF
:1007F000B2F5805F28BF4FF4805292080469C16847
:10080000012A38BF012219441819FFF7BBFF10BD98
:1008100008B5C26800691044FFF7B6FF08BD0000C4
:10082000114B0022DA6003791BB1012B0FD0104667
:10083000704742698369D11AB1F5805F94BF5B1834
:1008400003F5805383619A4209D000207047036901
:10085000013303614269934203D0002070470120B5
:1008600070470120704700BFFC480020064AD3684B
:100870000133D360082B01D80020704713460022B3
:10088000DA600120704700BFFC480020034B0122C2
:100890005A74187AB0FA80F040097047FC4800207A
:1008A00008B502490248FFF725FA08BDF4480020C0
:1008B0001049002008B505490548FFF70FFA054B18
:1008C0001860003818BF012008BD00BFF4480020A0
:1008D00010490020F848002008B51A4B1B7AA3B134
:1008E000184B02221A72184B18680379ABB1012B0E
:1008F0001CD00321144B1868FFF748FF114B00224E
:100900001A725A60FFF7CCFF08BDFFF7D3FF00282B
:10091000E6D10C4B00225A60F6E7FFF765FF40B1C5
:100920001128E6D1074B01221A72EDE7FFF770FF9D
:10093000F5E7044B1B7C002BE6D10021022000F0E0
:1009400005F8E1E7FC480020F8480020831E012B51
:100950002DD810B50446164B1B7A53B1022B03D188
:10096000022807D0032818D0114B5B7CE3B9FFF7AE
:10097000B3FF10BD0F4B1868FFF752FF0028F3D0EC
:100980000B4B00221A720B4B1868022C0AD00D2157
:10099000FFF7FCFEFFF784FFE6E7064B1868FFF75A
:1009A00065FFEBE71146F3E701F02EF9E1E7704749
:1009B000FC480020F8480020012802D0032800D07D
:1009C000704708B5054B00225A74012814BF002057
:1009D00001201874FFF780FF08BD00BFFC4800200D
:1009E0002DE9F04F83B0884601929B469DF83090E8
:1009F0000446D0B1B4F806A0637903FB0AFAAAF161
:100A0000040ADA4516D9E7880BF10403B3FBF7F6BD
:100A100007FB1633019A156805EB0B02524501D905
:100A2000AAEB0B05019A15600BE01949B620FFF7F8
:100A3000D7F8DFE71649C420FFF7D2F8E3E72468C8
:100A4000013E002EFBD1A7EB030AAA4528BFAA4608
:100A5000B3460DE052460146184605F08FFA246869
:100A6000A5EB0A05D344BA46AF4228BFAA4633468F
:100A70005DB108EB0B0023440433B9F1000FE9D05A
:100A80005246194605F07AFAE9E703B0BDE8F08F5F
:100A90001C89030008B5FFF71FFA08BDF8B5014629
:100AA0004679701E0A46002301E012680133834232
:100AB000FBD31768002405E00D683846FFF782FA7B
:100AC00001342946A642F7D8F8BD2DE9F843074678
:100AD000048A231F19440331B1FBF3F8FFF740FAEE
:100AE0000646F8B10025057101234371043CC4801A
:100AF0005FFA88F808F1FF3807608146454511D252
:100B00003846FFF72DFA044640B17379013373710B
:100B1000C9F80000076001358146EFE73046FFF76E
:100B2000BDFF26463046BDE8F88308B501210430F4
:100B3000FFF790F908BD10B5044601210430FFF716
:100B400094F910F0FF0F00D010BD2046FFF7A6FF6C
:100B5000FAE7000010B584B0144603920022009218
:100B600003AAFFF73DFF039BA34201D104B010BDD0
:100B70000249F620FFF734F8F8E700BF1C890300AC
:100B800010B584B0144603920122009203AAFFF725
:100B900027FF039BA34201D104B010BD02494FF4CB
:100BA0008070FFF71DF8F7E71C89030082680023B7
:100BB000936082681361826853618268D36082683F
:100BC000536082681360704738B50C46054638B1EB
:100BD0005CB12C6023686B60626893420AD038BDB8
:100BE00006495020FEF7FCFFF2E704495120FEF7CA
:100BF000F7FFEEE700236B60F1E700BFB889030061
:100C000010B5044658B1236873B1636833B12268E4
:100C100091680B446360526893420AD010BD064944
:100C20006320FEF7DDFFEEE703496420FEF7D8FFFF
:100C3000EBE700236360F1E7B88903000E49A1F5F3
:100C40009472914215D9A1EB020C4FEADC7303EBCD
:100C5000EC035B1002EBC30C52F83330834201D932
:100C60006146EEE702D20CF10802EAE7DCF8040084
:100C700070470020704700BF70B2030008B5FFF74F
:100C8000DDFF00B108BD0148FCE700BF70B2030002
:100C90007047704700B583B0044B00934FF48063F6
:100CA000034A00F033F803B05DF804FBB50C030011
:100CB000204900200AB3F8B50F4614460326002544
:100CC00003E00E4B01221A70B4B1224679190020BC
:100CD00000F0D0FD0544241A0028F2D1074B1B7800
:100CE00053B1074B4FF47A4043F001039847013E5C
:100CF000E7D1024B00221A70F8BD7047204D00204A
:100D000090B2030008B500F0EBFD08BDF0B595B05A
:100D10000E4615461C460846FFF707FF0E950F9432
:100D2000002310938DF8443012931A9A13920822DC
:100D300008A93046FFF724FF0A9B0B93BDF8243027
:100D4000ADF83030BDF82630ADF8323001238DF8E3
:100D500035309DF8203003F00303012B06D0022B21
:100D600021D03046FFF7E7FE15B0F0BD089DC5F372
:100D700095259DF82030C3F3C2038DF83430BDF8BB
:100D80002040C4F383140823A2000DEB0301304676
:100D9000FFF7F6FE0EAB00930BAB224602A92846E6
:100DA00000F020FCDDE7BDF82250C5F389159DF861
:100DB0002030C3F3C2038DF8343008272C46082DA9
:100DC00028BF08243B46224602A93046FFF7D8FE3A
:100DD00027442D1B0EAB0BAA214602A800F064FC91
:100DE000002DEBD1BDE7000008B5FFF78BFF042114
:100DF000064800F063FB002803DB054B01225A7113
:100E000008BD04494120FEF7EBFEF6E7E061030070
:100E1000382B0020588E0300037813F0040F19D0EC
:100E200003F00303012B03D0022B0AD001207047EB
:100E30000388C3F383130A68134402330B60012051
:100E400070474388C3F389130A68134402330B6065
:100E50000120704700207047002002E001238BB979
:100E6000013009280CDC084BD3F81034002BF5D0E6
:100E7000DB681A79824201D01B68F7E70023EEE7AE
:100E80004FF0FF30704700BF244D002010B584B0F4
:100E90002D4C2046FEF7F4FF201FFEF7F1FFA4F5CE
:100EA0008364A3680393DBB2023304EB8304201D45
:100EB00006E09DF80C300233244800EB8300043038
:100EC00003A9FFF7A9FF0028F3D100220BE0039B41
:100ED000591C0391DBB202331C4901EB83035B68AD
:100EE0004DF822300132012AF1D99DF8003003F08B
:100EF0000303012B16D0022B1ED1BDF80640BDF80E
:100F00000230C3F389130333039A02EB9302039273
:100F10000F48FEF7BAFF10B10C4B039A9A602046B7
:100F200004B010BDBDF80640BDF80020C2F3831226
:100F3000039B13440393EBE706494FF4C270FEF79B
:100F40004FFE0024E4E700BF3C510020244D002068
:100F500038510020148F0300F0B583B006460C46CC
:100F60001746851C00238DF807300DF10700FDF7AB
:100F70003DFE1E4B5A6822609B689B1A03F58073E6
:100F800011E01B4C01212046FEF764FFFFF77EFFB6
:100F900001462046FEF75EFFA4F21C44A368626887
:100FA0009B1A03F58073AB42EBD30022B7B1012348
:100FB00063F3010242F0040266F389120B484168B0
:100FC000CBB2023300EB83035A60294441609DF8A1
:100FD0000700FDF71DFE012003B0F0BD022363F3FF
:100FE000010242F0040266F39F52E7E7244D00201D
:100FF0004051002010B5074B01221A700648FFF738
:1010000049FD044608B1204610BD0448FFF7CEFD57
:10101000F9E700BF244D0020E4600300A4B2030000
:101020000248034BC01AC008704700BFE0610300CC
:10103000F860030099B110B50446FFF7F1FF0023F3
:1010400083420AD2074A32F823102268914201D023
:101050000133F5E72360002000E0052010BD0020EB
:10106000704700BF1C2B00202DE9F04706460F46B5
:1010700090461D46DDF82090040C00211A48FEF72A
:10108000A8FE80F3100AFFF7CBFFA04225D96B1C06
:1010900003EA090344EA0A42144C023304EB8303D3
:1010A0005A6005EA0905023504EB85031A7966F3EF
:1010B000C5021A719A8868F389129A805A6867F390
:1010C0009F225A601A79012161F301021A71D2B28A
:1010D00022F004021A71BDE8F087054940F2A91018
:1010E000FEF77EFDD3E700BF40510020244D0020D5
:1010F000148F030000B583B0019001A8FFF79AFF99
:1011000030B9019A034B53F8320003B05DF804FB89
:101110000020FAE7F8600300094B03EBC003013934
:10112000032909D8DFE801F0020A0406022070470B
:10113000187970475879704700207047042070472D
:10114000F8600300034B98685B68984214BF002066
:1011500001207047244D00202DE9F04186B0FFF7B3
:10116000F1FF002840F01F81044690480023C0F89A
:101170001834BFF34F8F83680593DBB2023300EB63
:101180008300043005E0DBB20233884800EB8300C3
:10119000043005A9FFF740FE30B3844BD3F8183470
:1011A00023BB824B5A68059B9A42ECD87F4B9A60CE
:1011B000F5E0059B591C0591DBB202337B4901EB3D
:1011C0008303596802AB43F822100132012AF0D997
:1011D0009DF8083003F00303022B09D0012B6DD0DA
:1011E000724BD3F81044C9E00022EFE70022EDE78C
:1011F000BDF80A30C3F38916B046502E28BF4FF011
:10120000500868F38F13ADF80A3008F108016848F8
:10121000FFF75BFC05460028E2D0FFF786FC0023C1
:1012200008220DEB02012846FFF794FC0599CB43F9
:10123000DBB201339F00B8EB830F33D91FBB5FFADA
:1012400088F700245B49A04608233A462846FFF762
:1012500081FC07F1080324B1424621462846FFF7E6
:1012600079FC0336059B03EB96030593002DB7D05D
:101270004E4BD3F81044D3F81834002B57D02846DF
:10128000FFF759FC86E0C9B20231484C04EB8101FA
:101290000431FFB25FFA88F8A8EB07085FFA88F814
:1012A0000C34D1E7CBB20233404901EB8301082370
:1012B000424604312846FFF74DFCD2E7BDF808202E
:1012C000C2F38313062B28BF062363F38912ADF8FC
:1012D0000820023399003648FFF7F7FB054600283F
:1012E0003FF47EAFFFF721FC002308220DEB020143
:1012F0002846FFF72FFC002408260FE0059B5A1C08
:101300000592DBB20233294901EB83013346042203
:1013100011442846FFF71EFC04360134BDF808309E
:10132000C3F38313A342E9D8A0E7E3681C684CB178
:10133000E3685B79002BF8D023681B6829462046B8
:101340009847F2E72846FFF7F6FB00238DF80730B1
:101350000DF10700FDF74AFC144BD3F8183413B90C
:10136000124B059A9A609DF80700FDF751FC11E0B9
:1013700023689B6820469847E3681C68002CF7D1D7
:101380000D480E4BC01AC00800040D4940F0020081
:1013900000F04CF8FFF7D6FE80F00104E4B22046DE
:1013A00006B0BDE8F0810024F9E700BF244D00201D
:1013B000E4600300304D002048610300F860030042
:1013C000B88F03002DE9F04184B0074688461646E1
:1013D0001D46012203A91846FFF7BEFDC8B1039BB5
:1013E000991C4FF0000C0BE0CAB202320E4C04EB19
:1013F000820E56F82C20CEF804200CF1010C01319D
:10140000AC45F1D3FF2200922A4641463846FFF709
:101410002BFE054B1B781BB1FFF79EFE0028FBD16E
:1014200004B0BDE8F08100BF244D002008B50023C2
:101430001A46FFF7C7FF08BD00B583B0019201232C
:1014400001AAFFF7BFFF03B05DF804FB00B583B04E
:101450000092019302236A46FFF7B4FF03B05DF8E0
:1014600004FB00B585B001920293069B039303230E
:1014700001AAFFF7A7FF05B05DF804FB00B585B032
:1014800000920193069B0293079B039304236A46F1
:10149000FFF798FF05B05DF804FB00B587B0019237
:1014A0000293089B0393099B04930A9B05930523CE
:1014B00001AAFFF787FF07B05DF804FB10B50446EB
:1014C000FFF7CAFCB0F1FF3F0ED0E36818710A4B7A
:1014D000D3F810344BB1DA68E36812681A60064B2F
:1014E000D3F81034DB681C6010BD034BC3F8104404
:1014F000E36800221A60F7E7244D002010B5094B7D
:10150000D3F8104401221A7008E0E36801225A71EE
:1015100023685B6820469847E3681C68002CF4D178
:1015200010BD00BF244D002070B582B004460D46AA
:10153000C388A3B9217A05290FD0637ABBB9227A6F
:10154000104B53F822600021A088FFF7D3FD03461B
:1015500032460D492846FEF773FD02B070BD0B4AB6
:1015600000920B4A0B492846FEF76AFDE2E7A08885
:10157000FFF7D2FD084B53F8202008492846FEF714
:101580005FFDDCE7D4B20300FC8F0300F08F0300A3
:10159000D08F0300D88F0300B0B20300F88F030090
:1015A00010B50C46037A052B0FD0437A3BB90A4994
:1015B0002046FEF745FD2046FEF72EFD10BD074AEA
:1015C00007492046FEF73CFDF1E7002AF3D0024927
:1015D0002046FEF735FDEEE7D4670300F08F0300E9
:1015E000F88F03002DE9F04385B081460D46904603
:1015F0001E460C9C277B0023237321463046FFF7B1
:1016000093FFB8F1060F09D8DFE808F00411171EA0
:1016100027323F0049462046FEF712FD00222146B0
:101620003046FFF7BDFF277305B0BDE8F0832A6899
:1016300049462046FEF704FDF0E76B682A684946F4
:101640002046FEF7FDFCE9E7AB6800936B682A686B
:1016500049462046FEF7F4FCE0E7EB680193AB68EF
:1016600000936B682A6849462046FEF7E9FCD5E7F7
:101670002B690293EB680193AB6800936B682A684F
:1016800049462046FEF7DCFCC8E76B6903932B69EB
:101690000293EB680193AB6800936B682A68494634
:1016A0002046FEF7CDFCB9E7082900D970472DE99F
:1016B000F04707460E4690461D4693F80C900024CE
:1016C0001C7319461046FFF72FFF04E01C492846FB
:1016D000FEF7B6FC0134072C07D8B442F6D23A5DC7
:1016E00018492846FEF7ACFCF4E717492846FEF7F0
:1016F000A7FC002407E04FF02E0A52461349284663
:10170000FEF79EFC0134072C11D8B4420AD2385D92
:101710007E28F0D8824604F0C3F80028EDD14FF0BF
:101720002E0AEAE70A492846FEF78AFCEAE7012280
:1017300029464046FFF734FF85F80C90BDE8F08756
:101740001090030008900300149003001890030009
:101750001C9003000369C268934204D881688A1A06
:101760001344581E7047981A013870472DE9F84302
:10177000044688461646C5688768A7EB0509914563
:1017800007D94068284404F0F9FB3544E560BDE81A
:10179000F88340684A46284404F0F0FBED1B3544CA
:1017A0002A4608EB0901606804F0E8FBE560EEE713
:1017B0002DE9F843064688461746C5684FF00009EC
:1017C00018E05B1B5A1EB3685C1B944228BF14468A
:1017D000BC4228BF3C46706822464146284404F07B
:1017E000CDFBA144A0443F1B2544B368AB4209D0C4
:1017F000F5604FB133699D42E3D3B2685B1B1A4475
:10180000013AE0E70025F3E74846BDE8F883000029
:10181000124B02221A615A6111499961114ADA6127
:101820004FF400721A6200229A625A62DA62996474
:101830000D49D964102119659A655A65DA650B4A14
:101840001068C3F807000A4A92E8030018609980FC
:10185000090C997120229A71704700BFBC54002076
:1018600070900300BC520020AC5200207C9003001A
:1018700080900300F8B50F461646441C04EB440460
:10188000164B03EBC40400EB400003EBC003DD6A1E
:10189000012D0ED0022D1AD0F5B92046FFF75AFFC0
:1018A000864212D8324639462046FFF75FFF35465A
:1018B0000BE02046FFF74EFF3546864228BF05461F
:1018C0002A4639462046FFF751FF2846F8BD2046F4
:1018D000FFF76EFF0546F8E70025F6E7BC54002049
:1018E00008B5FFF795FF08BD002807DB00F01F02D1
:1018F000400901239340024A42F82030704700BF5C
:1019000000E100E000280CDB00F01F024009012389
:1019100093402030034A42F82030BFF34F8FBFF38B
:101920006F8F704700E100E0002807DB00F16040A6
:1019300000F5614090F800034009704700F00F0087
:10194000014B185C4009704714ED00E010DF704750
:1019500011DF70471F2808DD3F280CDC20380123E9
:10196000834014BF012000207047044B23FA00F08D
:1019700000F0010070470120704700BFFC06FFBD6A
:1019800038B50446FFF7E6FFE8B12046FFF7CCFF85
:1019900007281CD8EC23034113F0010F1AD00F4B7A
:1019A0009D6865B16009194653F8203004F01F04A2
:1019B0000122A240134341F82030002505E02046D3
:1019C000FFF792FF01E042F20105284638BD42F2DE
:1019D0000205FAE742F20205F7E700BF5848002087
:1019E00038B50446FFF7B6FFA8B10C4B9D6875B13A
:1019F0006009194653F8203004F01F040122A24068
:101A000023EA020341F820300025284638BD20464D
:101A1000FFF778FFF9E742F20105F6E758480020A2
:101A200070B582B00646154D154BED1AED082D0424
:101A300045F00405024613492846FFF7FDFC12490C
:101A40006846FFF7C1F807E0224610492846FFF72D
:101A5000F3FC6846FFF7D4F8019C64B12368616821
:101A6000304698470028EFD1224609492846FFF71B
:101A7000E3FC112000E0002002B070BD8061030093
:101A8000F86003008890030000B30300A0900300F7
:101A9000C090030010B582B004460E480E4BC01A29
:101AA000C008000422460D4940F00400FFF7C4FCC2
:101AB0000B496846FFF788F806E01A68596820461F
:101AC00090476846FFF79CF8019B002BF5D102B0C8
:101AD00010BD00BF80610300F8600300E4900300C4
:101AE000F4B2030008B51620FFF74AFF00B908BD9D
:101AF000024AA121FCF706FFF9E700BFFC900300B2
:101B000008B51620FFF76CFF00B908BD024AAD21E9
:101B1000FCF7F8FEF9E700BFFC90030010B582B0B7
:101B20001B4B1B7873BB1B4B01221A700020FFF765
:101B300077FF11282AD00020FFF7ACFF164B1B6857
:101B4000019300238DF803300DF10300FDF74EF8EB
:101B5000124901A8FFF7FAFE0446B0FA80F04009E6
:101B60000B4B18709DF80300FDF752F85CB9002389
:101B7000084A13700A4A1370FFF7B4FF0120FFF7F9
:101B800089FF00E00824204602B010BD0024FAE7D7
:101B900036550020345500200CB3030021E9020023
:101BA0003555002030B583B0154B1B7813B3012099
:101BB000144B1870FFF734FF11281FD00220FFF7D5
:101BC00069FF00258DF807500DF10700FDF70EF8AD
:101BD000FFF7BEFE04460A4B1D709DF80700FDF797
:101BE00017F844B9074B1D70FFF78AFF0320FFF772
:101BF00051FF00E00824204603B030BD0024FAE77E
:101C0000365500203455002008B5074B1B7843B1EA
:101C1000064B1B7813B1FFF7C5FF08BDFFF77EFF2A
:101C2000FBE70820F9E700BF3455002036550020B7
:101C3000014B1878704700BF3655002000B583B0BF
:101C400008496846FEF7C0FF05E01A6858689047E3
:101C50006846FEF7D5FF019B002BF6D103B05DF877
:101C600004FB00BFE8B2030008B5FFF7E7FF08BDBB
:101C700060DF704769DF704761DF70474FF0805366
:101C8000D3F80C01800200F100507047164B1B780E
:101C900043B300B5ADF5017D09E01A68596803A8A2
:101CA000904701A8FEF7ACFF029B002BF5D14FF443
:101CB000FA73ADF802300DF1020103A8FFF7DCFF63
:101CC00020B90A4901A8FEF77FFFEDE7052803D1F7
:101CD0000DF5017D5DF804FB054A40F23B11FCF770
:101CE00011FEF5E7704700BF3755002010B3030021
:101CF000A091030018B1034A0260002070470E2033
:101D0000704700BF082B0020F0B585B005460C4693
:101D10000846FFF7EFFF064610B1304605B0F0BDAC
:101D200000230193029303938DF8045001238DF84F
:101D300006300623ADF80830226801A92020FFF7FD
:101D400099FF002858D100230193029303930123A4
:101D50008DF80530226801A94020FFF78BFF00288D
:101D600058D100230193029303938DF80450F72375
:101D7000ADF80630226801A92320FFF77BFF002879
:101D800056D1002301930293039303238DF804306B
:101D9000226801A90120FFF76DFF002856D100231A
:101DA0000193029303934FF4B0630193226801A956
:101DB000A120FFF75FFF002856D100230193029373
:101DC00003939DF8043043F001038DF8043022683A
:101DD00001A9A020FFF74EFF00289ED0294C2A4AD7
:101DE000A41AE4082404FEF749FF0246274944F0F8
:101DF0000100FFF721FB90E7224F234ABF1AFF089B
:101E00003F04FEF73BFF0246214947F00100FFF780
:101E100013FB98E71B4F1C4ABF1AFF083F04FEF74D
:101E20002DFF02461B4947F00100FFF705FB98E72D
:101E3000144D154AAD1AED082D04FEF71FFF02469A
:101E4000154945F00100FFF7F7FA9AE70D4D0E4AE4
:101E5000AD1AED082D04FEF711FF02460F4945F0BB
:101E60000100FFF7E9FA9AE7064D074AAD1AED08B7
:101E70002D04FEF703FF0246094945F00100FFF774
:101E8000DBFA9AE788610300F8600300BC93030063
:101E90004092030088920300D49203001C93030035
:101EA00068930300F8B504460768FFF7E1FE0546AE
:101EB0002368BB4205D8F5B9164B01221A70284693
:101EC000F8BD154E154BF61AF608360446F0020614
:101ED00013493046FFF7AAFA23683A4611493046BB
:101EE000FFF7B4FAFFF7CAFE2268821A0E4930469D
:101EF000FFF7A2FADFE7084C084BE41AE4082404D1
:101F00002846FEF7BBFE0246084944F00100FFF7F1
:101F100093FAD4E73755002088610300F860030086
:101F2000109403004094030074940300A0940300F1
:101F30004BDF704700B585B009E01A685968019811
:101F4000904702A8FEF75CFE039B002BF5D101A889
:101F5000FFF7EEFF78B90D480D4BC01AC00800041A
:101F6000019A0C4940F00400FFF766FA0A4902A8FA
:101F7000FEF72AFEE8E7052802D105B05DF804FB6C
:101F8000064A6B21FCF7BEFCF7E700BF9061030037
:101F9000F8600300CC9403001CB30300E09403003A
:101FA000FEE77047704738B50C464568284600F094
:101FB00059F8E1B2022906D004290BD1416828461C
:101FC000F6F74DF806E000F087F8002203210846F6
:101FD000F5F7DEFF38BD08B500F09EF808BD38B54E
:101FE0000C464568284600F03DF8E1B2062906D0C7
:101FF000072908D101682846F6F731F803E001689F
:102000002846F6F72CF838BD08B500F0B3F808BD3F
:1020100002460C4942F8141B426000228260C260F2
:10202000094A0261094A0260094A4261806109491C
:10203000C1610949416102624062084A8262084AFC
:102040000262704730AF03008C95030058B3030061
:102050001CAF03009C95030030B30300186F03000E
:1020600044B30300034600F1140202480260203327
:10207000436070473855002008B50948094BC01A1D
:10208000C0080004084940F00400FFF7CFF90748F2
:10209000F6F75AF8002207210320F5F779FF08BD6B
:1020A00048610300F8600300A49503004055002038
:1020B00000B583B0054B0093002342F2107204492F
:1020C0000448F5F7F3FF03B05DF804FB7920030043
:1020D000BC9503004055002008B50248F6F7AAF960
:1020E00008BD00BF8D22030008B50748074BC01A82
:1020F000C0080004064940F00400FFF797F90548BE
:10210000F5F7EEFF08BD00BF48610300F86003006B
:10211000CC9503004055002008B50748074BC01A6E
:10212000C0080004064940F00400FFF77FF9F6F705
:1021300005F9FFF7D9FF08BD48610300F860030007
:102140005466030008B50748074BC01AC0080004CE
:10215000064940F00400FFF769F90548F5F7D3FF99
:1021600008BD00BF48610300F8600300E495030068
:102170004055002008B50748074BC01AC0080004A6
:10218000064940F00400FFF751F9F6F7F7F8FFF7BA
:10219000D9FF08BD48610300F8600300FC95030007
:1021A00008B5114682189378D27843EA02231BB20D
:1021B00013F5716F00D008BD01F10C03C35C03F08F
:1021C000010C1F4A82F800C0C3F3400C82F801C022
:1021D000C3F3800C82F802C0C3F3C00C82F803C0C2
:1021E000C3F3001C82F804C0C3F3401C82F805C08E
:1021F000C3F3801393710844437A03EB83035B00BA
:102200001381837A03EB83035B005381C37A03EB6F
:1022100083035B00938143794FF0640C0CFB03F361
:1022200081790CFB01F143EA0143136100235361FF
:1022300008210320F5F7C2FE0248F5F772FFBAE75E
:102240007455002040550020F8B507460E4600257D
:1022500003E02C44A4B20134A5B2B5420FD22B4600
:102260007C5D64B12A19B24209DA0133FB5CFF2BB1
:10227000EFD12A4631463846FFF792FFE9E7F8BD2D
:1022800008B501790068FFF7DFFF08BD08B50378DE
:10229000042B13D8DFE803F013121E29030015489E
:1022A000154BC01AC0080004144940F00400FFF7A1
:1022B000BDF8002207210320F5F76AFE08BD0D488E
:1022C0000D4BC01AC00800040D4940F00400FFF790
:1022D000ADF8F3E70748084BC01AC00800040949E5
:1022E00040F00400FFF7A2F8E8E74068FFF7C8FFF6
:1022F000E4E700BF48610300F86003000C960300A8
:102300001C9603002C96030008B5FFF7D1FE08BD0C
:1023100070B505460C46164600F022F832462146B6
:1023200000F05EF821462846F5F75EFE70BD00001D
:1023300010B50446F5F712FE014B2360204610BD90
:1023400064B3030010B50446FFF7F2FF04F15C002C
:10235000F5F71DFD04F6EC10FFF75AFE204610BD00
:1023600008B50A4B1B68BFF35B8F13F0010F01D058
:10237000074808BD054803F063FE0028F8D004486C
:10238000FFF7E0FF014803F06FFEF1E7AC550020D6
:10239000B055002038B504460D4B0E4A9B1ADB0899
:1023A0001B040D4943F00300FFF740F804F15C05FE
:1023B0000A4A05212846F5F7FFFC2A460321204654
:1023C000F5F7D4FD04F6EC10F5F75DFE38BD00BF5F
:1023D00048610300F8600300449603006096030020
:1023E00008B500F6EC10F5F732FE08BD08B5C06878
:1023F00000F0CAFA0548064BC01AC0080004054997
:1024000040F00400FFF712F808BD00BF4861030068
:10241000F860030064960300F8B50D464668284C42
:10242000284BE41AE408240444F004042649204616
:10243000FEF7FCFF304600F099F90746E9B20D2996
:1024400039D8DFE801F0070C38113838161B24386A
:102450003829382E1D492046FEF7E8FFF8BD1C49F3
:102460002046FEF7E3FFF9E741683046F5F7F7FD50
:10247000F4E718492046FEF7D9FFEFE71649204652
:10248000FEF7D4FF39683046F5F7E9FDE6E7134972
:102490002046FEF7CBFFE1E711492046FEF7C6FFD5
:1024A000DCE710492046FEF7C1FF00220421084660
:1024B000F5F76EFDD2E70C495520FDF791FBCDE70E
:1024C00048610300F860030090960300C89603007B
:1024D000EC9603000C9703005097030090970300BD
:1024E000CC970300149803005498030008B5C06803
:1024F00000F062FA0548064BC01AC00800040549FE
:1025000040F00400FEF792FF08BD00BF48610300E1
:10251000F8600300E098030008B5C06800F004FA12
:102520000548064BC01AC0080004054940F00400E5
:10253000FEF77CFF08BD00BF48610300F8600300A0
:102540000C99030070B50D4646681E4C1E4BE41AEC
:10255000E408240444F004041C492046FEF766FF06
:10256000304600F003F9E9B20D2926D8DFE801F082
:10257000070C250B1125162525252525251B144976
:102580002046FEF753FF70BD12492046FEF74EFF6E
:10259000F9E701683046F5F762FDF4E781683046F7
:1025A000F5F75DFDEFE70C492046FEF73FFF0022FF
:1025B00004210846F5F7ECFCE5E708494920FDF75A
:1025C0000FFBE0E748610300F86003003099030067
:1025D000C8960300EC9603006099030098990300E5
:1025E00008B5C06800F0B8F90548064BC01AC00825
:1025F0000004054940F00400FEF718FF08BD00BFC5
:1026000048610300F8600300189A030008B5054804
:10261000054BC01AC0080004044940F00400FEF74E
:1026200005FF08BD48610300F8600300389A030005
:1026300008B50548054BC01AC0080004044940F01D
:102640000400FEF7F3FE08BD48610300F8600300D4
:10265000589A0300F8B505460F4646681C4C1D4BBA
:10266000E41AE408240444F004041B492046FEF75D
:10267000DDFE304600F07AF8F9B20B2923D8DFE806
:1026800001F0060B10180A221D220A0A220A134919
:102690002046FEF7CBFEF8BD11492046FEF7C6FEE8
:1026A000F9E7E86800F02AF90E492046FEF7BEFE79
:1026B000F1E741683046F5F7D2FCECE78168304637
:1026C000F5F7CDFCE7E708495220FDF789FAE2E784
:1026D00048610300F8600300789A0300C89603007D
:1026E000EC960300A09A0300C09A030038B5044694
:1026F0000346144A43F8142B436000238360C360ED
:10270000114B0361114B0360114D45618061114B09
:10271000C361114B436100F04BF820626562A46213
:102720000E4BE3620E4B636200F042F82063656378
:10273000A4630C4BE3630C4B636300F039F8206433
:10274000204638BD30AF0300409B0300ACB303000C
:102750001CAF0300449B030098B303004C9B030091
:1027600084B30300549B030070B30300034600F1DD
:1027700014020448026003F124024260343383608F
:10278000704700BFC85F002010B5044614234360A3
:10279000092383601523C360162303610A23436161
:1027A000022383611C30F5F761FD204610BD000057
:1027B00008B50A4B1B68BFF35B8F13F0010F01D004
:1027C000074808BD054803F03BFC0028F8D0044842
:1027D000FFF7DAFF014803F047FCF1E7D45F002080
:1027E000D85F00202DE9F04399B005463C483D4BA9
:1027F000C01AC00800043C4940F00400FEF716FE71
:1028000012AB0024129413941494159416941794F4
:102810000127139714976A68129218AA12E9030005
:102820008DE803000FCBF6F7C1F821466868F6F78C
:102830009CF80CAB0C940D940E940F94109411947E
:102840000D970E97AA680C9210AA92E803008DE8E3
:1028500003000FCBF6F7AAF82146A868F6F785F82B
:10286000224BD3F80080ADF82C804FEA18498DF840
:102870002E9003268DF82D601D4B0B9A3146E8688B
:10288000F6F7B1F8ADF828808DF82A908DF8296018
:10289000184B0A9A31462869F6F7A5F8ADF8248056
:1028A0008DF826908DF82560134B099A314668699A
:1028B000F6F799F803AB03940494059406940794EF
:1028C000089405970696AA69039207AA92E803005E
:1028D0008DE803000FCBF6F769F819B0BDE8F08377
:1028E00048610300F8600300689B0300B0B3030075
:1028F000512A0300A52A0300ED2A030010B504465F
:10290000064B074A9B1ADB081B04064943F00400E8
:10291000FEF78CFD2046FFF765FF10BD4861030000
:10292000F8600300849B030010B50446074B084A77
:102930009B1ADB081B04074943F00400FEF776FDF1
:1029400001216068F6F711F810BD00BF486103006F
:10295000F8600300989B030010B50446074B084A33
:102960009B1ADB081B04074943F00400FEF75EFDD9
:1029700000216068F5F7F9FF10BD00BF4861030052
:10298000F8600300BC9B030010B50446074B084ADF
:102990009B1ADB081B04074943F00400FEF746FDC1
:1029A0000121A068F5F7E1FF10BD00BF48610300F9
:1029B000F8600300E09B030010B50446074B084A8B
:1029C0009B1ADB081B04074943F00400FEF72EFDA9
:1029D0000021A068F5F7C9FF10BD00BF48610300E2
:1029E000F8600300049C030008B51C30F5F784FC74
:1029F0000548064BC01AC0080004054940F0040011
:102A0000FEF714FD08BD00BF48610300F860030035
:102A1000289C030010B504460A4B0B4A9B1ADB089E
:102A20001B040A4943F00400FEF700FDE068F5F7D7
:102A300097FF012800D010BD00220B210420F5F7DC
:102A4000A7FAF8E748610300F8600300489C030018
:102A500008B5FFF7ADFEFFF7DDFF08BD10B5044672
:102A60000D4B0E4A9B1ADB081B040D4943F0040072
:102A7000FEF7DCFC2069F5F773FF012805D0002282
:102A800008210420F5F784FA10BD00220721042054
:102A9000F5F77EFAF8E700BF48610300F86003002D
:102AA0007C9C030008B5FFF783FEFFF7D7FF08BD46
:102AB00010B504460A4B0B4A9B1ADB081B040A4953
:102AC00043F00400FEF7B2FC6069F5F749FF00B17E
:102AD00010BD002209210420F5F75AFAF8E700BFDB
:102AE00048610300F8600300A89C030008B5FFF7E5
:102AF0005FFEFFF7DDFF08BD38B50C4615460848F8
:102B0000084BC01AC0080004074940F00400FEF753
:102B10008DFC00F023F82A46214600F04FF838BD1E
:102B200048610300F8600300D89C030010B5044618
:102B3000F5F714FA014B2360204610BDBCB3030027
:102B400010B50446FFF7F2FF04F15C00F5F71FF93A
:102B500004F6EC10FFF7CAFD204610BD08B50A4B7D
:102B60001B68BFF35B8F13F0010F01D0074808BD4E
:102B7000054803F065FA0028F8D00448FFF7E0FFA5
:102B8000014803F071FAF1E7586000205C60002012
:102B900038B5044600F15C05074A01212846F5F7DF
:102BA0000BF92A4604212046F5F7E0F904F6EC106B
:102BB000F5F769FA38BD00BF409B030008B500F681
:102BC000EC10F5F744FA08BD08B50548054BC01AE6
:102BD000C0080004044940F00400FEF727FC08BDCB
:102BE00048610300F8600300F09C030010B5044640
:102BF000064B074A9B1ADB081B04064943F00400F6
:102C0000FEF714FCE06800F0ADFB10BD4861030066
:102C1000F8600300149D03002DE9F84306460D46B5
:102C200090464768374C384BE41AE408240444F0D3
:102C3000040436492046FEF7F9FB384600F02EF929
:102C4000EDB20E2D0DD8DFE805F0080E0C13180CB0
:102C50001D26303A0C3F0C4953002D492046FEF703
:102C6000E5FBBDE8F8832B492046FEF7DFFBF8E7DC
:102C700029492046FEF7DAFBF3E728492046FEF70C
:102C8000D5FBEEE7F06800F0E1FA0022082102200F
:102C9000F5F77EF9E5E78146F06800F0B1FDD9F877
:102CA00000103846F5F7DBF9DBE71D492046FEF753
:102CB000BDFB002207210220F5F76AF9D1E7194987
:102CC0002046FEF7B3FBCCE717492046FEF7AEFBE4
:102CD000002207210220F5F75BF9C2E713492046DD
:102CE000FEF7A4FB002207210220F5F751F9B8E70F
:102CF0000F492046FEF79AFB5FFA88F1F06800F072
:102D000035FDAEE748610300F8600300389D03001D
:102D1000689D03008C9D0300AC9D0300D09D0300C3
:102D2000F49D0300309E0300589E03007C9E030028
:102D3000B49E030008B50548054BC01AC00800043E
:102D4000044940F00400FEF771FB08BD4861030030
:102D5000F8600300EC9E030008B50548054BC01A57
:102D6000C0080004044940F00400FEF75FFB08BD02
:102D700048610300F86003000C9F0300F8B50546A6
:102D80000F4646681A4C1B4BE41AE408240444F02E
:102D9000040419492046FEF749FB304600F07EF84E
:102DA000F9B20C290CD8DFE801F0070C11190B0B54
:102DB0000B0B0B0B0B0B1E0010492046FEF736FBCE
:102DC000F8BD0F492046FEF731FBF9E70D492046D3
:102DD000FEF72CFBE86800F0C1FEF1E7C168304661
:102DE000F5F73DF9ECE781683046F5F738F9E7E7A4
:102DF00048610300F86003002C9F0300689D0300F6
:102E00008C9D0300549F030038B504460346174ABF
:102E100043F8142B436000238360C360144B0361A9
:102E2000144B0360144D45618061144BC361144B16
:102E3000436100F0B3F920626562A462114BE36262
:102E4000114B636225636463104BA363104B2363D0
:102E500000F0A4F9E063256464640E4BA3640E4B98
:102E6000236400F09BF9E064204638BD30AF0300D6
:102E7000749F0300F0B303001CAF0300449B0300E6
:102E8000DCB30300789F030010B40300809F0300AD
:102E9000FCB303008C9F0300C8B30300034600F19A
:102EA00014020548026003F12402426003F130027B
:102EB00082604033C36070478C6A002008B50548C3
:102EC000054BC01AC0080004044940F00400FEF796
:102ED000ADFA08BD48610300F8600300989F030045
:102EE00010B50446064B074A9B1ADB081B0406492B
:102EF00043F00400FEF79AFAE06800F033FA10BDE0
:102F000048610300F8600300BC9F03002DE9F04115
:102F100005460F4646682F4C2F4BE41AE40824045C
:102F200044F004042D492046FEF780FA3046FFF7AE
:102F3000B5FF8046F9B20D290CD8DFE801F0070D86
:102F40000B121C0B262B410B0B0B0B342449204678
:102F5000FEF76CFABDE8F08122492046FEF766FADA
:102F6000F8E721492046FEF761FAD8F80C10304600
:102F7000F5F775F8EEE71D492046FEF757FAD8F841
:102F80000C103046F5F76BF8E4E719492046FEF7D8
:102F90004DFADFE7E86800F033FCD8F8001030465F
:102FA000F5F75DF8D6E713492046FEF73FFAE868E3
:102FB00000F026FAD8F800103046F5F750F8C9E7C7
:102FC0000D492046FEF732FA002207210220F4F7CD
:102FD000DFFFBFE748610300F8600300BC9F030008
:102FE000DC9F030010A0030040A0030074A00300B6
:102FF000A4A003007C9E0300F49D030008B50548CF
:10300000054BC01AC0080004044940F00400FEF754
:103010000DFA08BD48610300F8600300D8A0030062
:1030200008B50548054BC01AC0080004044940F023
:103030000400FEF7FBF908BD48610300F8600300D7
:10304000F8A0030070B50D4646681D4C1D4BE41AF0
:10305000E408240444F004041B492046FEF7E6F982
:103060003046FFF71BFFE9B208290AD8DFE801F074
:10307000050A090F1409191E230014492046FEF7FA
:10308000D5F970BD12492046FEF7D0F9F9E711498C
:103090002046FEF7CBF9F4E70F492046FEF7C6F9C4
:1030A000EFE70E492046FEF7C1F9EAE70C49204652
:1030B000FEF7BCF9E5E70B492046FEF7B7F9E0E774
:1030C00048610300F860030018A10300689D030035
:1030D0008C9D0300AC9D0300D09D030040A1030024
:1030E00064A1030088A1030008B50A480A4BC01A6E
:1030F000C0080004094940F00400FEF797F9F5F70D
:1031000059FF012800D008BD00220D210220F4F74C
:1031100055FFF8E748610300F8600300B0A1030021
:1031200000B583B00E4B009301234FF4FA720D49A2
:103130000D48F4F7BBFF0D4B0093002341F288329A
:103140000B490C48F4F7B2FF0B4B009301234FF4EB
:10315000FA620A490A48F4F7A9FF03B05DF804FBD4
:10316000D1320300D8A10300086B0020E93003002E
:10317000E8A10300D46A0020213B030000A2030061
:10318000A06A002010B504460830F5F7F5F904F5FB
:103190001870F5F751FF204610BD000008B50A4B26
:1031A0001B68BFF35B8F13F0010F01D0074808BD08
:1031B000054802F045FF0028F8D00448FFF7E2FF79
:1031C000014802F051FFF1E73C6B0020406B00200A
:1031D00010B582B0164C174BE41AE408240444F0EE
:1031E000040415492046FEF721F914492046FEF74C
:1031F0001DF913492046FEF719F9124B03F110028D
:1032000092E803008DE803000FCBF5F7CFFB012117
:103210002F20F5F7AAFB0C4B03F1100292E80300F4
:103220008DE803000FCBF5F7C1FB02B010BD00BF66
:1032300048610300F860030014A2030030A20300F9
:103240005CA2030034B403001CB4030008B500F50D
:103250001870F5F745FE0548054BC01AC008000474
:10326000044940F00400FEF7E1F808BD486103009E
:10327000F860030088A2030008B500F51870F5F7A0
:1032800095FE0548054BC01AC0080004044940F0EB
:103290000400FEF7CBF808BD48610300F8600300A6
:1032A000A4A2030010B50446F5F784FE206005488B
:1032B000054BC01AC0080004044940F00400FEF7A2
:1032C000B5F810BD48610300F8600300C4A2030014
:1032D00010B5084C2046FFF7E5FF0748074BC01A1A
:1032E000C00800042268064940F00400FEF7A4F874
:1032F00010BD00BF9C6A002048610300F860030015
:10330000E4A2030008B50748074BC01AC008000430
:10331000064940F00400FEF789F80548F4F7E0FE9E
:1033200008BD00BF48610300F860030008A3030064
:10333000D46A002008B50748074BC01AC00800042B
:10334000064940F00400FEF771F80548F4F7C8FE9E
:1033500008BD00BF48610300F860030030A303000C
:10336000086B002010B5044600F51870F5F7ACFDA9
:103370002046FFF7C7FF2046FFF7DCFF0548064B56
:10338000C01AC0080004054940F00400FEF74EF8DA
:1033900010BD00BF48610300F860030054A30300A0
:1033A00008B50748074BC01AC0080004064940F09A
:1033B0000400FEF73BF80548F4F7A5FE08BD00BF82
:1033C00048610300F86003006CA30300086B002051
:1033D00008B50748074BC01AC0080004064940F06A
:1033E0000400FEF723F80548F4F77AFE08BD00BF95
:1033F00048610300F860030090A30300A06A002066
:1034000008B50748074BC01AC0080004064940F039
:103410000400FEF70BF80548F4F775FE08BD00BF81
:1034200048610300F8600300C4A30300A06A002001
:1034300010B52DED028B8A1A07EE902AF8EEE77A86
:10344000401A07EE100AB8EEC77A9FED376AC7EE4A
:10345000066A87EEA68A354C354BE41AE408240444
:10346000FCEEC87A17EE902A324944F00300FDF7CB
:10347000E3FFDFED317AB4EEE78AF1EE10FA4CDAD1
:10348000DFED2E7AB4EEE78AF1EE10FA48D9002388
:1034900000E00133032B36D8294A02EBC3025268FD
:1034A00007EE902AB8EE677AB4EEC87AF1EE10FA19
:1034B000EFDB581C224901EBC001496807EE901A66
:1034C000F8EE677AF4EEC87AF1EE10FAE1D81C4C07
:1034D00014F9300014F93330C01A07EE900AF8EEF0
:1034E000E76A521A07EE902AF8EE677A37EE487AC2
:1034F00006EE103AB8EEC60A87EE276A66EE267A1E
:1035000030EE270A06E00F4944F00100FDF78EFF78
:103510009FED0D0ABDEC028B10BDB3EE040AF9E776
:103520009FED090AF6E700BF00EC4247486103003F
:10353000F8600300F4A3030000E0F64700FE034731
:103540004CB403001CA403000000484230B52DED2C
:10355000028B89B0F4F714FB00F060FB02AC724DF3
:103560000FCD0FC495E8030084E80300BDF81420D4
:10357000BDF81210BDF81000FFF75AFFB0EE408AF8
:103580006A4C6B4BE41AE408240444F00305FCEE97
:10359000C07A17EE902A67492846FDF74DFFDFED08
:1035A000667AB4EEE78AF1EE10FA47DADFED637A75
:1035B000B4EEE78AF1EE10FA06DBDFED5F7AB4EEE7
:1035C000E78AF1EE10FA64D4DFED5D7AB4EEE78AB3
:1035D000F1EE10FA07DDDFED597AB4EEE78AF1EE8D
:1035E00010FA00F18480DFED577A68EE277AFDEE5D
:1035F000E77A17EE903A544981FB0321DA17C2EBC0
:103600006112642101FB12320092FDEEC87A17EEBE
:10361000903A24224D492846FDF723FF4C4B1B7856
:103620009BB34C492846FDF701FF002203210220ED
:10363000F4F7C4FC464B00221A7026E044F0010463
:10364000DFED407A68EE277AFDEEE77A17EE902AF2
:103650003D4981FB0231D317C3EB6113642101FBA8
:103660001323FDEEC87A17EE902A3B492046FDF75A
:10367000EDFE3A492046FDF7D9FE00220321012044
:10368000F4F79CFC324B01221A7009B0BDEC028B9E
:1036900030BDDFED2C7A68EE277AFDEEE77A17EE83
:1036A000902A294981FB0231D317C3EB61132721EB
:1036B0000091642101FB1323FDEEC87A17EE902AD6
:1036C000274944F00200FDF7CCFE214B1B78002B6C
:1036D000DBD1244944F00100FDF7A8FE00220721B8
:1036E0000220F4F76BFC1A4B01221A70CDE7DFEDD4
:1036F000157A68EE277AFDEEE77A17EE903A1249CE
:1037000081FB0321DA17C2EB6112642101FB123243
:103710000092FDEEC87A17EE903A2422124928460C
:10372000FDF79FFEB1E700BF74550020486103001C
:10373000F860030074A403000000244200001C424F
:10374000000010420000C8421F85EB5100A6030094
:10375000C47000204CA6030098A40300D4A4030066
:1037600020A5030070A50300B4A5030038B50446E6
:103770000D46084B084A9B1ADB081B04074943F017
:103780000400FDF753FE294604F51870F5F727FCF1
:1037900038BD00BF48610300F860030098A603002D
:1037A00008B500230C4A13700C4A13700C4A1370AE
:1037B0000C4A13700C4A13700C4A13700C4A1370A5
:1037C0000C480D4BC01AC00800040C4940F003001F
:1037D000FDF72CFE08BD00BFC2700020C1700020A4
:1037E000C0700020BF700020BE700020BD7000209F
:1037F000BC70002048610300F8600300C4A6030009
:1038000010B5044600F51870F5F764FB2046FFF785
:10381000C7FDFFF7C5FF2046FFF7F2FD0548064B41
:10382000C01AC0080004054940F00400FDF7FEFD81
:1038300010BD00BF48610300F8600300FCA6030050
:1038400008B502460E210220F4F7B8FB08BD0000BF
:103850002DE9F04188B00DF1080C934C0FCCACE889
:103860000F0094E803008CE803009DF80A703D1EE9
:1038700018BF01258D4C8E4BE41AE408240444F053
:1038800003088C4E8C4B1B78009333782A468B4967
:103890004046FDF7E6FD3378042B13D8DFE813F03C
:1038A000050017004A007D00F000834C00202070C6
:1038B000FFF7C6FF227882494046FDF7BDFD7D4BEC
:1038C00001221A707F4B1D7008B0BDE8F0818FB9DE
:1038D000794B1B787C4A127893421BD20133D8B2C1
:1038E000754C2070FFF7ACFF227878494046FDF711
:1038F000A3FDE7E7704C227875494046FDF79CFD33
:103900002278744B1A70744B00221A70694B022291
:103910001A70D7E7714944F00200FDF787FD664C45
:1039200000202070FFF78CFF22786D494046FDF79C
:1039300083FDC7E747B3684C22780132D2B22270C8
:103940005D4B1B7867494046FDF780FD2378092BC6
:10395000B8D9594B1A785C4B1B789A420CD2624901
:103960004046FDF763FD0023604A1370604A137000
:10397000504B03221A70A5E75E494046FDF756FDFD
:103980004C4B04221A709DE75B4944F00200FDF79E
:103990004DFD484B00221A7094E74A4B1B78AB420E
:1039A00015D1002F52D04C4A13780133DBB213707B
:1039B000092B87D9404C227850494046FDF73CFD01
:1039C0002278444B1A703B4B04221A707AE7484E17
:1039D00032780132D2B2327049494046FDF72CFDAF
:1039E0003378022B7FF66EAF404B1A78012A19D834
:1039F00001321A70304A13780133DBB21370324A45
:103A00001278934201D92C4B1A702B4C2078FFF777
:103A100017FF22783B494046FDF70EFD344B00224C
:103A20001A704FE7384944F00200FDF705FD294BB5
:103A30001878214C2070FFF703FF22783349404665
:103A4000FDF7FAFC1B4B04221A703BE71A4E327842
:103A50002F4944F00200FDF7EFFC33780BB1013B36
:103A60003370154C2078FFF7EBFE22782949404649
:103A7000FDF7E2FC00231E4A1370174A137021E77A
:103A800057B90D4B1A78244944F00200FDF7D4FCD5
:103A9000084B01221A7015E7074B1A781F49404658
:103AA000FDF7CAFC0EE700BF745500204861030013
:103AB000F8600300C2700020C170002018A7030046
:103AC00054A70300BC700020C3700020C8A70300E7
:103AD00088A70300C0700020BE700020F4A7030078
:103AE00030A8030064A80300A0A80300BD70002054
:103AF000BF700020DCA8030010A903001CAA03006B
:103B000040A903007CA90300B8A90300ECA90300A5
:103B10004CAA03008CAA0300B4AA0300E4AA030081
:103B200008B50948094BC01AC0080004084940F00C
:103B30000400FDF77BFCFFF709FDFFF789FEFDF7A9
:103B40000BFB0028FBD108BD48610300F8600300AF
:103B500014AB030008B5FFF7E3FA08BD10B504463F
:103B60000E480F4BC01AC00800040E4940F0040074
:103B7000FDF75CFC2046FFF72BFB04F10800F4F78F
:103B800035FD04F518742046F5F742FAFFF708FEF4
:103B90002046F5F7A6F9044B187010BD48610300E4
:103BA000F86003003CAB0300C370002070B505460D
:103BB0000C4616460A4B0B4A9B1ADB081B040A49A3
:103BC00043F00400FDF732FC00F028F832462146AD
:103BD00000F054F821462846F4F706FA70BD00BFFD
:103BE00048610300F860030050AB030010B50446C1
:103BF000F4F7B4F9014B2360204610BD7CB40300F8
:103C000010B50446FFF7F2FF04F15C00F4F7BFF8CB
:103C100004F6EC10FFF7F8F8204610BD08B50A4B83
:103C20001B68BFF35B8F13F0010F01D0074808BD7D
:103C3000054802F005FA0028F8D00448FFF7E0FF35
:103C4000014802F011FAF1E7C8700020CC700020A2
:103C500038B5044600F15C05074A01212846F4F70F
:103C6000ABF82A4602212046F4F780F904F6EC105E
:103C7000F4F709FA38BD00BF749F030008B500F6D9
:103C8000EC10F4F7E4F908BD28B108B50249832027
:103C9000FBF7A6FF08BD704768AB030000F10803FF
:103CA00043604FF0FF328260C36003610023036012
:103CB000704700230361704743684B609A688A60CD
:103CC000516099600861036801330360704730B444
:103CD0000D68B5F1FF3F11D000F108031C465B6889
:103CE0001A68AA42FAD963684B6099608C60616077
:103CF000086103680133036030BC70470469F2E770
:103D00000369416882688A60416851605A688242EA
:103D100006D0002202611A68013A1A6018687047DA
:103D200082685A60F5E700000748006880F3088859
:103D300062B661B6BFF34F8FBFF36F8F4FF4F07071
:103D400080F3118800DF00BF00700200064B196885
:103D50000868B0E8F04F80F30988BFF36F8F4FF029
:103D6000000080F3118870474C7C0020EFF309803D
:103D7000BFF36F8F144B1A681EF0100F08BF20EDB1
:103D8000108A20E9F04F10604DF8043D4FF04000DC
:103D900080F31188BFF34F8FBFF36F8F00F0B0FF38
:103DA0004FF0000080F3118808BC19680868B0E87B
:103DB000F04F1EF0100F08BFB0EC108A80F3098896
:103DC000BFF36F8F704700BF4C7C0020034AD2F8CE
:103DD000883043F47003C2F88830704700ED00E08B
:103DE00008B5074B1B68B3F1FF3F03D1402383F3B2
:103DF0001188FEE703499E20FBF7F2FEF6E700BFBD
:103E0000107B002010AC03004FF0807340F8043C9E
:103E100040F8081C054B40F80C3C40F8202C6FF093
:103E2000020340F8243C4438704700BFE13D0300E2
:103E300010B582B0264B1A68264B9A4213D1264BF6
:103E40001A78D2B20192FF221A701B78DBB28DF879
:103E500003309DF8033003F00203204A1370204B17
:103E600007221A600EE01F49B020FBF7B9FEE6E713
:103E70001B4A1368013B13609DF803305B00DBB203
:103E80008DF803309DF8033013F0800FF0D1144A01
:103E9000136803F007031360019BDBB20E4A137033
:103EA0000B4CE02384F8223000F0BAF80E4B0022CD
:103EB0001A60FFF78BFF0D4A536B43F04043536387
:103EC000236943F010032361FFF72EFFFFF788FFFC
:103ED00000ED00E041C20F4100E400E00C7B002057
:103EE000087B002010AC0300107B002000EF00E0F6
:103EF00008B5402383F31188094A1368013313601E
:103F0000012B00D008BD074B5B68C3F30803002BEF
:103F1000F8D0054940F21110FBF762FEF2E700BF4E
:103F2000107B002000ED00E010AC030008B5084B4A
:103F30001B683BB1064A1368013B13600BB983F35E
:103F4000118808BD03494FF48C70FBF749FEF1E777
:103F5000107B002010AC030008B5EFF30583C3F31A
:103F600008030F2B09D903F1E023F03393F8003352
:103F7000DBB20C4A12789A4208D80B4BDB68C3F3C9
:103F800002230A4A12689A4206D308BD08494FF430
:103F9000A970FBF725FEF0E705494FF4B170FBF778
:103FA0001FFEF2E70C7B002000ED00E0087B002004
:103FB00010AC0300F0B583B0EFF31187402383F317
:103FC0001188154BD3F804450022C3F80021D3F81B
:103FD00000310193019B00F089FD241A24F07F44F5
:103FE00034F0010301D1002509E000F0A1FF02280F
:103FF000F9D00124F7E700F087FD05433446661E3B
:10400000002CF8D125B1054B4FF080525A6040BFCB
:1040100087F3118803B0F0BD0010014000ED00E00F
:1040200008B50020F8F7DEFC094B1F22C3F808256D
:104030000122C3F804239A601A600222C3F84423C1
:10404000044BE02283F811234FF400321A6008BDBC
:104050000010014000E100E010B50446FFF748FF02
:10406000A26BE36B9A4204D00024FFF75FFF204667
:1040700010BD0124F9E710B50446FFF739FFA36B23
:1040800023B90124FFF752FF204610BD0024F9E7B1
:1040900070B504461546866B026C5AB903681BB1AD
:1040A00000200136A66370BD406800F051FF002378
:1040B0006360F6E76DB9806801F060FFA368226C69
:1040C0001344A3606268934219D32368A36028460F
:1040D000E7E7C06801F052FFE368226C51429B1A87
:1040E000E3602268934202D263680B44E360022DCE
:1040F00001D00020D5E726B1013E0020D1E72846B7
:10410000CFE70020CDE70346026C6AB110B5084640
:10411000D9681144D9605C68A14201D31968D9609B
:10412000D96801F02BFF10BD704738B50546FFF781
:10413000DFFE95F8454064B201E0013C64B2002C1A
:104140000ADD6B6A43B105F1240000F05DFE002832
:10415000F3D000F0E7FEF0E7FF2385F84530FFF7E6
:10416000E5FEFFF7C5FE95F8444064B201E0013C6E
:1041700064B2002C0ADD2B6943B105F1100000F098
:1041800043FE0028F3D000F0CDFEF0E7FF2385F8D2
:104190004430FFF7CBFE38BD38B50D460446D0B1EC
:1041A000FFF7A6FE2368E26B216C01FB0230606022
:1041B0000020A063A360013A02FB0133E360FF2308
:1041C00084F8443084F84530D5B9236943B9FFF702
:1041D000ADFE012038BD0F49FC20FBF701FDDFE7F4
:1041E00004F1100000F010FE0028F0D00A4B4FF050
:1041F00080525A6040BFBFF34F8FBFF36F8FE6E727
:1042000004F11000FFF74AFD04F12400FFF746FD1A
:10421000DDE700BFB8AC030000ED00E010B50346D9
:1042200002980C4631B90060C36304640121FFF7B2
:10423000B3FF10BD0260F7E7F0B585B00D46164636
:104240001C460746B0B1DCB106B33DB34823039327
:10425000039B482B28D154B1012384F846300094A5
:104260009DF82830324629463846FFF7D7FF2046CA
:1042700005B0F0BD0F4940F23310FBF7B1FCE2E7A7
:104280000C4940F23710FBF7ABFCDDE7002DDDD029
:1042900008494FF49E70FBF7A3FCD7E7054940F2AD
:1042A0003B10FBF79DFCD1E702494FF4A270FBF7EE
:1042B00097FCD0E7B8AC0300F0B585B00F4601928B
:1042C0001D46044648B177B1022D15D000F030FEEE
:1042D00008B9019BCBB9002659E051494FF437701A
:1042E000FBF77EFCEFE7236C002BEDD04C4940F24E
:1042F000DD20FBF775FCE7E7E36B012BE6D04849CF
:1043000040F2DE20FBF76CFCE0E7454940F2E1209B
:10431000FBF766FCDFE72A4639462046FFF7B8FE82
:10432000636A73B940B13F4B4FF080525A6040BF4F
:10433000BFF34F8FBFF36F8FFFF7F8FD012005B07C
:10434000F0BD04F1240000F05FFD0028F4D0354BEF
:104350004FF080525A6040BFBFF34F8FBFF36F8F53
:10436000EAE7FFF7E3FD0020E9E702A800F090FD8F
:10437000012619E0002384F8443021E0002384F86A
:10438000453023E02046FFF7D0FE00F03DFCFFF76C
:10439000AFFDA26BE36B9A42BDD3022DBBD0019B54
:1043A000002BDED0002EE0D0FFF7C0FD00F096FB22
:1043B000FFF79EFD94F8440040B2B0F1FF3FD9D022
:1043C00094F8450040B2B0F1FF3FD7D0FFF7AEFD03
:1043D00001A902A800F068FDD0B92046FFF73CFE15
:1043E0000028CFD0019904F1100000F0D5FC204640
:1043F000FFF79BFE00F008FC0028C8D1094B4FF0E6
:1044000080525A6040BFBFF34F8FBFF36F8FBEE73C
:104410002046FFF78AFE00F0F7FB00208FE700BF81
:10442000B8AC030000ED00E02DE9F8430E469146DC
:104430001D460446A0B1CEB1022D20D0FFF78CFD61
:10444000EFF31188402383F31188A26BE36B9A4248
:104450001ED3022D1CD0002088F31188BDE8F883FC
:104460001E4940F2A230FBF7BBFBE4E7236C002BB4
:10447000E2D01A4940F2A330FBF7B2FBDCE7E36B72
:10448000012BDBD015494FF46970FBF7A9FBD5E789
:1044900094F845707FB22A4631462046FFF7F8FD72
:1044A000B7F1FF3F05D001377FB284F84570012096
:1044B000D2E7636A0BB90120CEE704F1240000F0D3
:1044C000A3FC30B1B9F1000F05D00120C9F80000FC
:1044D000C2E70120C0E70120BEE700BFB8AC03007F
:1044E000F0B585B00F460192044638B167B100F0CF
:1044F0001FFD08B9019B83B9002652E0494940F2EB
:10450000DF40FBF76DFBF1E7236C002BEFD0454953
:1045100040F2E340FBF764FBE9E742494FF49D605A
:10452000FBF75EFBE8E739462046FFF7ECFD013D6F
:10453000A563236923B9FFF7F9FC012005B0F0BD9D
:1045400004F1100000F060FC0028F4D0364B4FF06E
:1045500080525A6040BFBFF34F8FBFF36F8FEAE7BF
:10456000FFF7E4FC0020E9E702A800F091FC012637
:1045700021E0002384F8443029E0002384F845300A
:104580002BE02046FFF7D1FD00F03EFB09E020467E
:10459000FFF7CBFD00F038FB2046FFF76CFD00284D
:1045A0003ED1FFF7A5FCA56B002DBCD1019B002BD4
:1045B000D6D0002ED8D0FFF7B9FC00F08FFAFFF765
:1045C00097FC94F844305BB2B3F1FF3FD1D094F83C
:1045D00045305BB2B3F1FF3FCFD0FFF7A7FC01A995
:1045E00002A800F061FC0028D1D12046FFF743FD6E
:1045F0000028C6D0019904F1240000F0CDFB20462C
:10460000FFF793FD00F000FB0028CAD1064B4FF0E6
:1046100080525A6040BFBFF34F8FBFF36F8FC0E728
:1046200000208BE7B8AC030000ED00E00023012B75
:104630000CD8074A52F833200AB10133F7E7044A8D
:1046400042F8331002EBC30250607047704700BF5E
:10465000147B002070B504460D461646FFF748FC53
:1046600094F844305BB2B3F1FF3F0DD094F845307D
:104670005BB2B3F1FF3F0BD0FFF758FCA36B5BB10C
:104680002046FFF752FD70BD002384F84430EDE76B
:10469000002384F84530EFE73246294604F1240030
:1046A00000F094FBECE70000084B1B681B6823B983
:1046B000074B4FF0FF321A607047044B1B68DB68F2
:1046C000DB685A68024B1A60704700BF947B002079
:1046D0002C7B00202DE9F04780460D461746994671
:1046E000089EDDF824A00A9C9200A521206B01F011
:1046F00077FC236B07F18042013A03EB820727F036
:1047000007074FF0000CBCF1090F09D815F80C3061
:1047100004EB0C0282F8343013B10CF1010CF2E717
:10472000002384F83D30062E00D90626E662266472
:1047300000256564201DFFF7BCFA04F11800FFF79F
:10474000B8FA2461C6F10706A6616462A56484F81C
:104750004C504A4641463846FFF756FB2060BAF1B6
:10476000000F01D0CAF80040BDE8F08738B500243A
:1047700007E004EB840293000E481844FFF78EFA1A
:104780000134062CF5D90C4D2846FFF787FA0B4C5F
:104790002046FFF783FA0A48FFF780FA0948FFF737
:1047A0007DFA0948FFF77AFA084B1D60084B1C6038
:1047B00038BD00BFC07B0020AC7B0020987B002070
:1047C0007C7B0020687B0020507B0020947B0020B5
:1047D000907B002010B50446FFF78AFB214A13683E
:1047E00001331360204B1B685BB1204B1B686BB916
:1047F0001D4B1B68DA6AE36A9A4207D81A4B1C60A1
:1048000004E0194B1C601368012B27D0184A136869
:1048100001331360E06A01238340164A11680B4399
:10482000136000EB8000211D134B03EB8000FFF7AA
:1048300043FAFFF77BFB0D4B1B6873B10A4B1B68F8
:10484000DA6AE36A9A4208D20C4B4FF080525A60FF
:1048500040BFBFF34F8FBFF36F8F10BDFFF786FFD1
:10486000D4E700BF4C7B00204C7C0020407B002024
:10487000307B0020447B0020C07B002000ED00E066
:1048800010B5044690F84D304BB1012B0ED0022BE1
:104890000BD0084940F68860FBF7A2F905E0006BF1
:1048A000FFF7F2F92046FFF7EFF910BDFFF7ECF93B
:1048B000FBE700BF4CAD03000F4B1B68D3B110B535
:1048C000FFF716FB0D4BDB68DC68201DFFF718FABD
:1048D0000B4A1368013B1360074A1368013B1360DE
:1048E000FFF724FB2046FFF7CBFF034B1B68002B91
:1048F000E6D110BD704700BF647B0020687B0020BC
:104900004C7B002070B504460D461D4B1E681D4BA8
:1049100018680430FFF7F4F948B91A4B1B68DB6AD2
:1049200001229A4018490B6823EA02030B60B4F194
:10493000FF3F0DD03444134B1B685C60A64210D976
:10494000124B18680F4B19680431FFF7C0F970BD9E
:10495000002DEFD00B4B196804310D48FFF7ACF96F
:10496000F5E70C4B1868074B19680431FFF7AFF9EE
:10497000094B1B68A342EAD9074B1C60E7E700BF5D
:10498000487B00204C7C0020447B0020907B002052
:10499000507B0020947B00202C7B002008B50AE08F
:1049A000084B4FF080525A6040BFBFF34F8FBFF3A8
:1049B0006F8FF3F7A5FAFFF77FFF034B1B68012BFF
:1049C000EED8F6E700ED00E0C07B00202DE9F043D3
:1049D00087B080460E46174699460F9D109CE5B15C
:1049E0000CB350220492049A502A22D13CB335B31E
:1049F0002563022384F84D3000230393029405AB12
:104A000001930E9B00934B463A4631464046FFF7D2
:104A100061FE2046FFF7DEFE13E00C494FF41470F0
:104A2000FBF7DEF8DCE7094940F25120FBF7D8F844
:104A3000D7E7064940F25920FBF7D2F8D6E7002322
:104A40000593059807B0BDE8F08300BF4CAD0300A7
:104A500010B588B000240594069407AA06A905A8F5
:104A6000F3F7FCF9059B0293069B01930094234600
:104A7000079A13491348FFF7A9FF134B186098B121
:104A800000F048FB012810D1402383F311880F4B1D
:104A90004FF0FF321A600E4B01221A600D4B0022BC
:104AA0001A60FFF7C5F903E00020B0F1FF3F01D025
:104AB00008B010BD084940F2DC70FBF791F8F7E749
:104AC000E0AD03009D490300287B00202C7B0020E3
:104AD000407B0020487B00204CAD0300024A136855
:104AE00001331360704700BF247B0020014B18681E
:104AF000704700BF487B002008B5FFF72DFA014B37
:104B0000186808BD487B0020F8B5334B1B68002BA4
:104B100056D1324B1E6801361E607EB9304B1B6881
:104B20001B688BB92E4A11682E4B186810601960EB
:104B30002D4A136801331360FFF7B6FD2B4B1B683A
:104B4000B34233D9002740E0294940F63320FBF730
:104B500047F8E7E70127224B1B681B6843B3204B4C
:104B60001B68DB68DC6863689E4226D3251D2846E7
:104B7000FFF7C6F8A36A1BB104F11800FFF7C0F8ED
:104B8000E36A01229A401B49086802430A6003EB6A
:104B900083039A00294618481044FFF78DF8E26A0B
:104BA000164B1B68DB6A9A42D4D2D4E70027D2E7BF
:104BB0000E4B4FF0FF321A6007E00C4A136004E01E
:104BC0000F4A13680133136000270E4B1B6803B1B3
:104BD00001273846F8BD00BF247B0020487B002019
:104BE000947B0020907B0020347B00202C7B0020D5
:104BF0004CAD0300447B0020C07B00204C7C002097
:104C00003C7B0020387B002038B5334B1B686BB1F0
:104C1000FFF76EF9304B1A68013A1A601B68002BD7
:104C200054D12E4B1B683BB9002450E02C494FF463
:104C30000460FAF7D5FFEBE700242A4B1B681BB38F
:104C4000284BDB68DC6804F11800FFF759F8251DD4
:104C50002846FFF755F8E06A01238340224A11688D
:104C60000B43136000EB80002946204B03EB8000D0
:104C7000FFF722F8E26A1E4B1B68DB6A9A42DCD31C
:104C80001C4B01221A60D8E70CB1FFF70DFD1A4B3F
:104C90001C687CB9174B1C68CCB1184B4FF0805284
:104CA0005A6040BFBFF34F8FBFF36F8F01240EE0F8
:104CB000013C07D0FFF728FF0028F9D00D4B012257
:104CC0001A60F5E70C4B00221A60E3E70024FFF7B7
:104CD0002DF9204638BD00BF247B00204C7B0020EE
:104CE0004CAD03007C7B0020447B0020C07B002077
:104CF0004C7C0020387B00203C7B002000ED00E055
:104D00001F4B1B681BB11F4B01221A60704710B567
:104D10001C4B00221A601C4B1C6814B3B4FA84F4B8
:104D2000C4F11F0404EB84029300184AD358D3B192
:104D3000164904EB840293000B445A6852685A6087
:104D400004EB8400830008330B449A4211D004EB37
:104D50008404A2000D4B13445B68DA680C4B1A60A4
:104D600010BD2024DCE70B494FF43560FAF738FF1B
:104D7000DEE751688200054B13445960E7E700BF46
:104D8000247B0020387B0020447B0020C07B002057
:104D90004C7C00204CAD030038B50C46054650B1A4
:104DA000084B196818312846FEF791FF012120466B
:104DB000FFF7A8FD38BD04494FF43660FAF710FF3D
:104DC000EEE700BF4C7C00204CAD030070B50D46F3
:104DD0001446064668B10A4B196818313046FEF78A
:104DE0006BFF0CB14FF0FF3521462846FFF78AFDD7
:104DF00070BD044940F68B30FAF7F2FEEBE700BFD6
:104E00004C7C00204CAD030038B5C368DC6824B38B
:104E100004F118052846FEF773FF164B1B6813BBF9
:104E2000251D2846FEF76CFFE06A01238340124AE5
:104E300011680B43136000EB800029460F4B03EB16
:104E40008000FEF739FFE26A0D4B1B68DB6A9A426D
:104E50000ED901200B4B186038BD0B4940F6BB3012
:104E6000FAF7BEFED4E729460848FEF725FFEAE731
:104E70000020F1E7247B0020447B0020C07B002041
:104E80004C7C0020387B00204CAD03007C7B002054
:104E9000034B1B680360034B1B684360704700BFF4
:104EA000347B0020487B0020F8B50C460546B8B19D
:104EB000E4B1FFF71DF8184B19686B68C81A22682F
:104EC000B2F1FF3F20D0154E36682F68B74201D0AF
:104ED0008B421ED982420FD800232360012414E0A4
:104EE0000F4940F62640FAF77BFEE1E70C4940F611
:104EF0002740FAF775FEDCE75B1A13442360284667
:104F0000FFF7C6FF002400E00024FFF70FF820465B
:104F1000F8BD0124F9E700BF487B0020347B002066
:104F20004CAD0300014B01221A607047387B002012
:104F3000054B1B6833B1054B1B680BB10020704754
:104F40000220704701207047407B0020247B002016
:104F5000002846D038B50446244B1B68834204D051
:104F6000234940F63B70FAF73BFE636C4BB1636C30
:104F7000013B6364E16A226C914234D03BB1002072
:104F800038BD1B4940F63C70FAF72AFEEFE7251DB5
:104F90002846FEF7B5FE70B9E26A02EB82039B0079
:104FA0001449CB583BB9012303FA02F212490B68AA
:104FB00023EA02030B60206CE062C0F10703A361E7
:104FC000012404FA00F30C4A11680B43136000EB50
:104FD00080002946074B03EB8000FEF76DFE20465C
:104FE000CEE7002070470020CAE700BF4C7C0020BD
:104FF0004CAD0300C07B0020447B0020064B1A68A8
:105000001368B3FA83F35B09036013B9D3681868B4
:1050100070470020704700BFA87E002008B541609F
:10502000006191420CD8D21A83699A4201D30120BF
:1050300008BD011D094B1868FEF749FE0020F7E77F
:105040009A4201D2994206D2011D054B1868FEF71B
:105050003EFE0020ECE70120EAE700BFA47E00202E
:10506000A87E002030B583B0FEF742FF114B1B68CD
:105070001BB1FEF75BFF03B030BD0F4D2846FEF7B6
:105080000DFE0E4C2046FEF709FE0D4B1D600D4B2C
:105090001C60002300930C4B0C4A10212020FFF7CA
:1050A000CBF8044B18600028E3D00949FFF7BEFA9B
:1050B000DFE700BFA07E0020C07E0020AC7E002085
:1050C000A87E0020A47E0020507C0020987C002038
:1050D000E8AD03002DE9F041074616461D46079C42
:1050E000884671B15CB1FFF7BDFF2760C4F8188036
:1050F000E6612562069B6362201DFEF7DAFDBDE8CE
:10510000F081034940F26910FAF76AFDEAE700BF4F
:10511000F0AD030010B588B0FFF7A4FF114B1B687A
:10512000C3B100240594069407AA06A905A8F2F7BE
:10513000A1FE059B0293069B019302230093234645
:10514000079A09490948FFF741FC094B186008B163
:10515000012005E007494FF48870FAF741FD00206F
:1051600008B010BDA07E002084AE0300A954030047
:105170009C7E0020F0AD03002DE9F04184B005468F
:105180000E4690461F460B9C2C230393039B2C2B0F
:1051900010D1ACB101940A9B00933B464246314684
:1051A0002846FFF797FF012384F82830204604B0F3
:1051B000BDE8F08105494FF4A370FAF711FDE8E767
:1051C000024940F24B10FAF70BFDEFE7F0AD030098
:1051D000F0B585B00C4615461E46074698B1154BEE
:1051E000186828B3009401950297052C19DCFFF785
:1051F0009FFE02280DD000231A4669460D4800681C
:10520000FFF75AF812E00C4940F28310FAF7E8FC75
:10521000E5E700230A9A694606480068FFF74CF85C
:1052200004E0002332466946FFF7FEF805B0F0BD02
:105230000020FBE7A07E0020F0AD030070B582B037
:10524000194B1B681A683AB3DB681E68DC68251DB9
:105250002846FEF755FD636A20469847E369012B0F
:10526000EED1A36933449E4207D26360246129468C
:105270000D4B1868FEF72BFDE2E7002100910B466D
:1052800032462046FFF7A4FF0028D9D1074940F253
:105290006F30FAF7A5FCD3E7054A106802490860A9
:1052A000136002B070BD00BFA87E0020F0AD030007
:1052B000A47E002038B50546FFF718FC0446074BCE
:1052C0001B68834205D800232B60044B1C602046DA
:1052D00038BDFFF7B3FF01232B60F6E7987E00206F
:1052E00070B582B006460D4613490968C968CC6896
:1052F000201DFEF705FDE169012904D0636A2046FF
:10530000984702B070BDA16933462A463144204611
:10531000FFF784FE0028F1D0002100910B463246B1
:105320002046FFF755FF0028E8D1044940F2E51078
:10533000FAF756FCE2E700BFA87E0020F0AD0300BC
:1053400070B582B006460C46FFF7C8FB01A8FFF710
:10535000B1FF019B1BBB054644B9B0420CD3FFF71C
:1053600053FC29463046FFF7BBFF1AE00E4B1B6883
:105370001C68B4FA84F464092246711B0B4B18684C
:10538000FFF768F9FFF740FC58B9094B4FF080521E
:105390005A6040BFBFF34F8FBFF36F8F01E0FFF73D
:1053A00033FC02B070BD00BFA47E0020A07E0020B0
:1053B00000ED00E030B589B002E0049B002B0FDA6D
:1053C000002204A9364B1868FFF78AF8002864D039
:1053D000049B002BF1DA07990698059B9847ECE7A8
:1053E000069C636913B1201DFEF78AFC03A8FFF732
:1053F00061FF0546049B092BE2D801A252F823F075
:10540000295403002954030029540300C153030005
:10541000695403008B5403002954030029540300EA
:10542000C153030069540300059BA1690246194456
:105430002046FFF7F3FD0028C2D0636A2046984754
:10544000E369012BBCD1A269002100910B460598AC
:1054500002442046FFF7BCFE0028B1D1114940F2BA
:10546000FE20FAF7BDFBABE7059BA3613BB1A16949
:105470002B462A4629442046FFF7D0FDA0E70949DC
:1054800040F21530FAF7ACFBF1E794F82830002B26
:1054900096D12046FEF7F8FB92E709B030BD00BF79
:1054A000A07E0020F0AD030000B583B001A8FFF797
:1054B000A5FD0199FFF744FFFFF77CFFF6E7000029
:1054C000BFF34F8F0549CA6802F4E062044B1343EF
:1054D000CB60BFF34F8F00BFFDE700BF00ED00E0E2
:1054E0000400FA0508B54FF01023D3F80C3203B9C5
:1054F00008BD0F4B0122C3F804250D4BD3F800342F
:10550000002BFAD04FF010230022C3F80C22084BD6
:10551000D3F80034002BFAD0054B0022C3F8042541
:10552000034BD3F80034002BFAD0FFF7C9FF00BFBC
:1055300000E0014010B5FFF7D5FFF2F721FB04466C
:10554000F2F738FB2046F2F775FB002010BD51EC56
:10555000102BC1F30A53002B1CBF40F2FF7C6345A4
:1055600000D170471844604506DB0020C7F6F07094
:1055700060F31E01002208E00028C7BF6FF31E5130
:1055800041EA005101F00041002241EC102B70472C
:1055900052EC10CBC2F30A5340F2FF718B4211BFA1
:1055A000002B002101607047A3F2FE31016040F240
:1055B000FE3060F31E5242EC10CB7047000000003A
:1055C0002DE9F84F2DED028B82B050EC101B4FF0FF
:1055D000FF3202EB105240F2FE739A4280F09F803D
:1055E00001A8FFF7D5FF55EC106B00245E4B304649
:1055F0002946002200F090F980460F464AF29E00AC
:10560000C3F6E67043F6CE31C6F27F61019A711A95
:1056100075EB00000092B8BF0124002C28463146EB
:105620001CBF3846414640EC101B4FF0FF30FFF7DF
:105630008EFFB0EE408AF0EE608A4C4B3046294631
:10564000002200F069F905460E46494B51EC180B53
:10565000002C1CBF3E464546002200F05DF9024684
:105660000B462846314600F00FFB05460E46024623
:105670000B4600F071FA83468A464BF28049C0F22D
:10568000030941EC180B48460221B0EE480AF0EE3F
:10569000680A00F079F8374A374B51EC100B00F0EC
:1056A0003BF980460F4609F110000321B0EE480A8D
:1056B000F0EE680A00F09CF853EC102B4046394697
:1056C00000F0E2FA5A46534600F046FA2A463346BC
:1056D00000F042FA2A46334600F01EF980460D4695
:1056E000002C009818BF013800F0D6FB06460F4684
:1056F000224A234B00F030FA42462B4600F00CF9C8
:1057000080460D461F4B30463946002200F024FAF1
:1057100042462B4600F000F941EC100B1AE0420023
:1057200042EAD1720023CFF6E0730027B7EB4107BE
:1057300073EB02020ED30022C7F6F072104207D0BC
:105740000028BCBF02F50020002140EC101B01E046
:105750009FED030B02B0BDEC028BBDE8F88F00BFDC
:10576000000000000000F0FF0000E0BF0000F0BFFC
:105770000000E03F9AB5B312FF0750C0A80C615C6F
:1057800010D02BBF0030E63FF8B52DED028B00EBBB
:10579000C1070E4657E9020117ED048B54EC105B6C
:1057A0002A46234600F0D8F953EC182B00F0B4F841
:1057B00041EC100B032E10DB183F013E51EC100B97
:1057C0002A46234600F0C8F977E8022300F0A4F83F
:1057D000013E41EC100B012EF0D851EC100B2A4683
:1057E000234600F0B9F941EC100BBDEC028BF8BD7B
:1057F0002DE9F041804600EBC100022915DBA0F144
:1058000008074C1C56EC105B77E8022351EC100B98
:1058100000F082F82A46334600F09EF9013C41EC44
:10582000100B022CF0D808F1080050E9022351ECCB
:10583000100B00F071F841EC100BBDE8F0818446CC
:105840000020002918BF002A00D17047097848B20B
:10585000002844BF6FF001007047BCF1000F18BF73
:10586000CCF800100021C3E90011002818BF012066
:1058700070477F298EBF6FF00100017001207047D3
:1058800047F6D462C2F200021368002B02BF42F650
:105890004033C2F2000313605A68926812681047DE
:1058A0000921FFF7EDBF7F2884BF002070474BF22E
:1058B000BC62C0F20302515C4BF23C62C0F20302D4
:1058C000105C08407047A0F161011A2938BF2038E8
:1058D0007047A0F141011A2938BF203070477F2856
:1058E00084BF002070474BF2BC62C0F20302515CDF
:1058F0004BF23C62C0F20302105C08407047A0F11A
:1059000061011A2938BF20387047A0F141011A29D6
:1059100038BF20307047000030B591EA030F00F126
:105920008280841A71EB030C05D2121953EB0C031D
:10593000001B71EB0C0140F2000CCFF6E07C1CEA7E
:10594000430F52D0BCEB410F5FD90C0DA4EB135E9B
:105950005FF0010C6CF31F516CF31F53DEF1200C50
:105960002AD303FA0CF5401941F1000122FA0EF591
:10597000401923FA0EF5694112FA0CF2CD0208D350
:1059800049085FEA30005FEA320228BF42F00102B4
:105990000134013C5FEA500C72F1004250F100000A
:1059A00051EB04514FF4001313EB410F38BF30BDDE
:1059B0006FF31301002030BDBEF1200EBEF1200FA9
:1059C0001ED223FA0EF5401941F10001CEF1200C50
:1059D000124218BF012203FA0CF52A43CEE711EA5E
:1059E0005C0F04BF0020002130BD1CEA410F04BF42
:1059F00001F00041002030BD01F00041002030BD29
:105A000021F4801101EB045130BD004218BF41F078
:105A10000101BCEB410F08BF30BD4FF0FE4141F426
:105A20007801002030BD83F00043841A71EB030E2F
:105A300007D28EF0004E001B71EB0E01121953EBD2
:105A40000E0340F2000CCFF6E07C1CEA430FC6D0F8
:105A5000BCEB410F72D90C0DA4EB135EC90241EAF5
:105A60005051C00241F00041DB0243EA5253D202DE
:105A700043F00043DEF1200C41D312FA0CF522FA78
:105A80000EF203FA0CF542EA050218BF42F00102D9
:105A900023FA0EF3801A9941E30AC4F30A0411F0C1
:105AA000404F03D418D0013C40004941013C23D46D
:105AB0004205C00A40EA4150C90A51EAC3715FEA8F
:105AC000500C72F1004250F1000051EB045130BD16
:105AD00001002FD00020203C0029F9D0B1FA81FC30
:105AE000DCF1200E11FA0CF130FA0EF510FA0CF080
:105AF0002943A4EB0C04D9E70020D90730BDAEF14F
:105B0000200EBEF1200F0DD2CEF1200C03FA0CF5C1
:105B100033FA0EF32A4318BF43F00103C01A61F1B0
:105B20000001B9E721F00041C00A40EA4150C90A2A
:105B300001EB045130BD0020002130BD004218BFF0
:105B400041F00101BCEB410F7FF467AFBCEB430FA9
:105B50003FF463AF30BD00BFF0B540F2FF7681EA9D
:105B6000030C16EA115E1EBFB64516EA1355B54280
:105B700052D021EA465141F48011A1FB024723EAA9
:105B8000465343F48013AE44A0FB03650CF0004C75
:105B900036197D41A1FB034747F10003A0FB021723
:105BA000F619654153F10003094218BF46F001069A
:105BB00040F2FE74B3F5007F13D2AEF5806EA645B9
:105BC00023D24CEA0331280341EA155140EA16502A
:105BD0003203450872F1004250F1000051EB0E51C2
:105BE000F0BDAEF2FF3EA6450FD24CEAC321E8025B
:105BF00041EA555140EA5650F202450872F100421E
:105C000050F1000051EB0E51F0BD1EEA0E0F2DD5E4
:105C10000CF000410020F0BD16EA115F04BF01F056
:105C200000410020004218BF41F0010116EA135F55
:105C300004BF03F000430022124218BF43F00103E7
:105C400006EA1354B44218BFB64503D00CF0004125
:105C50000020F0BD21F0004123F00043B1EB065FCE
:105C60000CD8B3EB065F09D841B13BB10CF0004151
:105C700041F0FE4141F470010020F0BD40F200010E
:105C8000C7F6F8710020F0BD2DE9F04391EA030E4C
:105C90000EF0004E40F20007CFF6E07717EA41051C
:105CA0001EBFBD4217EA4305BD4200F09F807F0D35
:105CB00017EA135623EA475343F4801317EA1155A2
:105CC00021EA475141F48011AD1B05F2FD354FEA41
:105CD000D31C1CF1010C4FF00047B7FBFCF77F0110
:105CE000A2FB079C0024E3FB07C4D9F100096CEB7D
:105CF0004C0CA0FB07620020E1FB072000275FEAB5
:105D0000C628E0FB0987760D46EAC226520DF61931
:105D100000277A41E0FB0C625FEAC823E2FB093707
:105D20005FEA585848EAC628760D18EB07080021A4
:105D30004E41E2FB0C8602EBC020DA02E6FB0921B1
:105D40005B0D43EAC8235FEA58585B18002758EBFD
:105D50000708E6FB0C38D102E8FB0917520D42EAAE
:105D6000C3225B0DD21900277B41E8FB0C2308EB13
:105D7000C6265FEAC128E3FB0987490D41EAC22133
:105D8000520DC91942F10002E3FB0C12470019EB56
:105D900008095CEB010C72EB040453EBC62047EBE3
:105DA00056530026B3F5000F7641AD190236D6F1F1
:105DB000200910FA09F4F04013FA09F21043F340F5
:105DC000E40F001943F10003B3F5001F24BF5B0883
:105DD000013540F2FE77BD4204D24EEA0551194426
:105DE000BDE8F0832D4224D5714626E0004218BF5D
:105DF00041F00101124218BF43F00103B7EB410F1C
:105E00002CBFB7EB430F1BE0B7EB410F04BFB7EB61
:105E1000430F15E017EA410F04BF17EA430F0FE0E5
:105E200017EA410FE0D017EA430F02D0B7EB430F58
:105E3000DAD04EF0FE4141F470010020BDE8F0835D
:105E400040F20001C7F6F871F7E700BFC1F30A534B
:105E500040F21E42D21A0EDD202A0AD8CB0243EAB3
:105E6000505040F00040D04090EAE170B0EBE1705B
:105E70007047002070474B00004218BF43F00103F9
:105E800013F5001F88BF21F0004111F0004058BFFA
:105E90006FF00040704700BF10F0004160B148BF94
:105EA00040420A0D02F21D42B0FA80F3D21A984025
:105EB000C30A400503EB0251704700BFC0F3C7514E
:105EC00091B142004FEA40704FEAD2014FEA3101EE
:105ED00001F16051B2F17F4F38BF704701F160515D
:105EE00018BF41F40021704710F0004100207047B6
:105EF000082938BF70470022C0E9002147F6D86161
:105F0000C2F2000108607047042A08D350F804CB9D
:105F10000B689C4506D1043A0431032AF6D8A2B195
:105F2000D0F800C0086880EA0C0191FAA1F1B1FA3A
:105F300081F1B2EBD10F08D901F038012CFA01F24E
:105F4000C840C0B2D1B2081A70470020704701782B
:105F5000002904BF0020704700214FF00132435850
:105F6000C2FA53F30431002BF9D093FAA3F0B0FA3C
:105F700080F001EBD0000438704700005AB384462B
:105F800090EA01039B071FD1830707D011F8013B5B
:105F900000F8013B013AF7D11CE08446203A09D3CE
:105FA0002DE9F007B1E8F807A0E8F807203AF9D2A0
:105FB000BDE8F0071C3205D451F8043B40F8043B1F
:105FC000043AF9D2043205D011F8013B00F8013B44
:105FD000013AF9D16046704700220B0011001A0007
:105FE00084465AB3830704D000F8011B013AF9D163
:105FF00024E0C9B241EA012141EA0141202A11D33A
:10600000203A2DE9F0030B460C460D460E460F468E
:1060100088468946A0E8FA03203AFBD2BDE8F0039F
:1060200020320BD0042A05D340F8041B043A05D0D3
:10603000042AF9D200F8011B013AFBD160467047EF
:1060400008B50346007858B95A78012A07D0920754
:1060500002D5044800F00CF802225A70012008BD55
:106060000020FCE7C9B603000123037043707047AA
:0A6070000FB408B5FBF794FFFEE73C
:10607C0049C90200000000004D09030000000000A7
:10608C00D197020000000000117D0200000000000A
:10609C0061AD020020410020559602000000000076
:1060AC0021B802000000000039830200000000004B
:0860BC008D0803000000000044
:1060C400E1CA020000000000B9090300000000005A
:1060D4008D1C030000000000351F030000000000B9
:1060E400DC510020A4520020AC520020E4510020D6
:0460F4001800000090
:1060F800B079030003030000547A0300030300008F
:106108005C7A030003030000FC7A03000303000029
:10611800E87B030003030000D47C030003030000B2
:10612800747D0300030300007C7D0300030300006B
:10613800847D0300030300008C7D0300030300003B
:10614800CC8F030003030404947D030003030000C1
:10615800246F030003030404C07803000303000052
:106168009485030003030404A86E030003030404D6
:106178000C8903000303040498910300000004043D
:10618800C09403000000030380950300000004048A
:1061980034720300000003039C6C03000000030337
:1061A800846E030000000303507303000000030320
:1061B800986E030000000303D87103000000030376
:1061C800D46F0300000003031478030000000303E6
:0861D8008476030000000303BC
:1061E00098B2030000000000048F0300382B002049
:1061F000000000000000000055F702000000000051
:04620000000000009A
:0C620400818D020009230300553B0300BC
:1062100041707000496E697469616C697A61746972
:106220006F6E0000436861726765000057616974B2
:1062300000000000536C6F7720436861726765202F
:10624000416E64205363616E0000000053746174FA
:10625000654D616368696E653A204E6577204950E7
:1062600047206461746120726563656976656400C6
:106270004368617267696E6720506172616D657411
:106280006572733A00000000202056726563742026
:10629000646574656374696F6E3A2025640000005C
:1062A00020205672656374204F56503A20256400B2
:1062B000202056636867207261696C207375707066
:1062C0006C79206369726375697420706F77657289
:1062D00020676F6F643A2025640000002020434847
:1062E0004731207374617475733A2025642C204FF4
:1062F0005650206572726F723A20256400000000CB
:10630000202043484732207374617475733A202506
:10631000642C204F5650206572726F723A202564AB
:1063200000000000546865726D616C2050617261FC
:106330006D65746572733A002020546865726D2033
:106340007265666572656E63653A202564000000BB
:106350002020546865726D206F757075743A202521
:10636000640000002020546865726D206F666673BB
:1063700065743A2025640000426174746572792066
:10638000766F6C74616765206D65617375726564A5
:106390003A20256C64206D5600000000546573742B
:1063A00020496E666F726D6174696F6E3A0000000D
:1063B0002020485620537570706C7920456E6162BC
:1063C0006C653A2025640000202056444453205335
:1063D0007570706C7920456E61626C653A20256439
:1063E0000000000020205644444120537570706C1A
:1063F0007920456E61626C653A20256400000000DA
:106400004368617267652053746174653A20504D2A
:106410004320706F776572206F6E0A0041707020A4
:106420007374617465206D616368696E653A2049B3
:106430006E697469616C697A6174696F6E205374F6
:1064400061746520456E7472790A00005265636557
:10645000697665642053797374656D206576656E21
:106460007420256420696E207363616E20737461EB
:1064700074650000486561727462656174207661BC
:106480006C75652025640A0057505420436861727A
:10649000676572204E54432054656D706572617457
:1064A00075726520256420430A00000042617474FF
:1064B00065727920766F6C74616765206C657665AE
:1064C0006C202564206D560A00000000486561724A
:1064D000746265617454696D6572000053797374F8
:1064E000656D4163746976654F626A656374000027
:1064F00053797374656D20496E697469616C697A4A
:106500006564202D2056657273696F6E2025642E98
:1065100025642E256420282573290A0048542D4916
:10652000452D4649482D46570000000053746172BE
:10653000742073797374656D20696E697469616C18
:10654000697A6174696F6E200A0000005379737470
:10655000656D20696E697469616C697A6174696FCF
:106560006E20646F6E65200A00000000537973741A
:10657000656D20537461727473204544410A0000B4
:1065800043616C6C6261636B2065786563757465EB
:106590006420666F72206576656E742025642069BC
:1065A0006E20706F72742025640000004E6F2063AF
:1065B000616C6C6261636B20646566696E65642002
:1065C000666F72206576656E7420256420696E2082
:1065D000706F7274202564002F55736572732F617C
:1065E0006C657862616C6477696E2F4465736B7457
:1065F0006F702F4F70656E4E657276652D436861C2
:10660000726765722F4669726D776172652F536F7D
:10661000757263652D436F64652F7372632F6861B4
:106620006C5F6C617965722F68616C5F6164632E69
:106630006370700042617474657279206D65617376
:106640007572656D656E7420737461727465640A29
:10665000000000005374617274696E672073636197
:106660006E2E00002F55736572732F616C65786212
:10667000616C6477696E2F4465736B746F702F4F14
:1066800070656E4E657276652D43686172676572DE
:106690002F4669726D776172652F536F75726365EE
:1066A0002D436F64652F7372632F68616C5F6C613B
:1066B0007965722F68616C5F626C652E6370700023
:1066C000427574746F6E20257520707265737365E2
:1066D000640A0000427574746F6E2025752072651F
:1066E0006C65617365640A002F55736572732F6161
:1066F0006C657862616C6477696E2F4465736B7446
:106700006F702F4F70656E4E657276652D436861B0
:10671000726765722F4669726D776172652F536F6C
:10672000757263652D436F64652F7372632F6861A3
:106730006C5F6C617965722F68616C5F62757474EF
:106740006F6E2E6370700000546F6F206D616E79F4
:1067500020627574746F6E732E204D617820616CA9
:106760006C6F7765643A2025640A00004572726F89
:10677000722077726974696E6720746F2044414398
:1067800020726567697374657200000053746172EA
:1067900074204446552070726F636573732C2074A7
:1067A00068652073797374656D2077696C6C2072ED
:1067B000657365740D0A00004661696C6564207438
:1067C0006F20636C656172204750524547524554B3
:1067D0003A2025640D0A00004661696C65642074E6
:1067E0006F207365742044465520666C61673A20BB
:1067F00025640D0A0000000053797374656D2072E2
:106800006573657420666F7220444655206D6F6411
:10681000650D0A002E2E2F2E2E2F636F72655F6C72
:10682000617965722F73646B2F6E7266352F6E52AD
:1068300046355F53444B5F31372E312E305F6464F1
:1068400064653536302F6D6F64756C65732F6E72AD
:1068500066782F68616C2F6E72665F6770696F2E45
:10686000680000002F55736572732F616C65786244
:10687000616C6477696E2F4465736B746F702F4F12
:1068800070656E4E657276652D43686172676572DC
:106890002F4669726D776172652F536F75726365EC
:1068A0002D436F64652F7372632F636F72655F6C26
:1068B000617965722F73646B2F6E7266352F6E521D
:1068C00046355F53444B5F31372E312E305F646461
:1068D00064653536302F636F6D706F6E656E7473DF
:1068E0002F626C652F636F6D6D6F6E2F626C655FCD
:1068F000636F6E6E5F73746174652E6300000000D9
:10690000546865206C6F63616C20646174616261BE
:10691000736520686173206368616E6765642C200D
:10692000736F20736F6D6520737562736372697026
:1069300074696F6E7320746F206E6F74696669631B
:106940006174696F6E7320616E6420696E6469633F
:106950006174696F6E7320636F756C64206E6F7401
:1069600020626520726573746F72656420666F7251
:1069700020636F6E6E5F68616E646C6520256400D5
:106980006773636D5F6C6F63616C5F64625F6361AB
:106990006368655F6170706C792829207265747511
:1069A000726E656420257320776869636820736858
:1069B0006F756C64206E6F742068617070656E2EE8
:1069C00020636F6E6E5F68616E646C653A2025644B
:1069D000000000002E2E2F2E2E2F636F72655F6C2D
:1069E000617965722F73646B2F6E7266352F6E52EC
:1069F00046355F53444B5F31372E312E305F646430
:106A000064653536302F636F6D706F6E656E7473AD
:106A10002F6C69627261726965732F6D7574657828
:106A20002F6E72665F6D74782E6800002F55736547
:106A300072732F616C657862616C6477696E2F4444
:106A400065736B746F702F4F70656E4E65727665EF
:106A50002D436861726765722F4669726D77617246
:106A6000652F536F757263652D436F64652F737265
:106A7000632F636F72655F6C617965722F73646BEE
:106A80002F6E7266352F6E5246355F53444B5F3121
:106A9000372E312E305F646464653536302F636F76
:106AA0006D706F6E656E74732F626C652F706565A7
:106AB000725F6D616E616765722F676174745F6389
:106AC000616368655F6D616E616765722E6300006A
:106AD000466C6173682066756C6C2E20436F756C14
:106AE00064206E6F742073746F72652064617461CA
:106AF00020666F7220636F6E6E5F68616E646C6596
:106B00003A202564000000006773636D5F6C6F635B
:106B1000616C5F64625F63616368655F7570646127
:106B2000746528292072657475726E6564202573FA
:106B300020666F7220636F6E6E5F68616E646C6555
:106B40003A202564000000006773636D5F7365720F
:106B5000766963655F6368616E6765645F696E64CB
:106B60005F73656E6428292072657475726E656442
:106B700020257320666F7220636F6E6E5F68616E92
:106B8000646C653A20256400434152206368617259
:106B90002076616C756520636F756C646E27742058
:106BA00062652073746F72656420286572726F72FB
:106BB0003A202573292E205265617474656D7074B6
:106BC0002077696C6C2068617070656E206F6E2034
:106BD000746865206E65787420636F6E6E6563748B
:106BE000696F6E2E00000000556E657870656374E5
:106BF0006564204741545420737461747573207721
:106C000068696C652067657474696E6720434152DA
:106C100020636861722076616C75653A2030782552
:106C2000780000004D756C7469706C6520282564CF
:106C300029204341522063686172616374657269FF
:106C4000737469637320666F756E642C2075736945
:106C50006E67207468652066697273742E00000088
:106C6000556E657870656374656420434152206396
:106C700068617261637465726973746963207661B7
:106C80006C7565206C656E67746820282564292CF6
:106C90002073746F726520302E000000706565727D
:106CA0005F6D616E616765725F67636D0000000014
:106CB0007064735F706565725F646174615F737443
:106CC0006F726528292072657475726E656420255F
:106CD00073207768696C652073746F72696E6720C2
:106CE00073657276696365206368616E6765647356
:106CF0007461746520666F722070656572206964C6
:106D00002025642E000000007064625F706565726B
:106D10005F646174615F7074725F676574282920B5
:106D200072657475726E656420257320666F7220BB
:106D3000636F6E6E5F68616E646C653A20256400F7
:106D400044696420616E6F7468657220746872654E
:106D50006164206D616E6970756C61746520504D61
:106D60005F504545525F444154415F49445F47414C
:106D700054545F4C4F43414C20666F7220706565E0
:106D8000725F6964202564206174207468652073D3
:106D9000616D652074696D653F207064625F777214
:106DA0006974655F6275665F72656C65617365289D
:106DB000292072657475726E65642025732E00003B
:106DC00073645F626C655F67617474735F7379731A
:106DD0005F617474725F73657428292072657475BD
:106DE000726E6564204E52465F4552524F525F4963
:106DF0004E56414C49445F4441544120666F7220D5
:106E00004E554C4C20706F696E74657220776869BE
:106E100063682073686F756C64206E657665722098
:106E200068617070656E2E20636F6E6E5F68616E54
:106E3000646C653A2025640073645F626C655F670B
:106E4000617474735F696E697469616C5F75736591
:106E5000725F68616E646C655F6765742829207273
:106E6000657475726E656420257320776869636840
:106E70002073686F756C64206E6F74206861707029
:106E8000656E2E00706565725F6D616E616765721B
:106E90005F6773636D000000706565725F6D616EA2
:106EA000616765725F696D006E72665F626C655FD7
:106EB0006761747400000000424C455F4741505FB9
:106EC0005343414E5F54494D454F55540000000017
:106ED000436F6E6E656374696E670000436F6E6E1C
:106EE000656374696F6E207374617475733A2025DD
:106EF0006400000073645F626C655F6761705F735C
:106F000063616E5F73746172742072657475726E02
:106F100065642030782578005363616E6E696E6712
:106F200000000000626C655F7363616E000000002A
:106F3000436F756C64206E6F742064656C65746556
:106F4000207065657220646174612E206664735FD1
:106F500066696C655F64656C657465282920726577
:106F60007475726E6564203078257820666F7220A3
:106F7000706565725F69643A20256400436F756CC3
:106F800064206E6F74207772697465206461746127
:106F900020746F20666C6173682E206664735F7264
:106FA00065636F72645F7B77726974657C7570640A
:106FB0006174657D28292072657475726E65642020
:106FC000307825782E20706565725F69643A2025D7
:106FD00064000000706565725F6D616E6167657267
:106FE0005F70647300000000706D5F6275666665B7
:106FF000725F7074725F676574282920636F756CA7
:1070000064206E6F742072657472696576652052B3
:10701000414D206275666665722E20626C6F636BEF
:107020005F69643A202564007064735F70656572FF
:107030005F646174615F73746F7265282920726583
:107040007475726E65642025732E20706565725F9D
:1070500069643A2025640000536F6D652070656592
:1070600072206461746120776173206E6F74207088
:10707000726F7065726C79207772697474656E20B6
:10708000746F20666C6173682E2077726974655F17
:107090006275665F73746F726528292072657475F6
:1070A000726E656420257320666F7220706565724C
:1070B0005F69643A2025640043616E6E6F742073CB
:1070C000746F7265206461746120746F20666C61F6
:1070D0007368206265636175736520706D5F6275AA
:1070E000666665725F7074725F67657428292063D5
:1070F0006F756C64206E6F7420726574726965764A
:10710000652052414D206275666665722E20497376
:1071100020626C6F636B5F6964202564206E6F74FE
:1071200020616C6C6F63617465643F007064625FC2
:1071300077726974655F6275665F72656C656173AD
:107140006528292072657475726E65642025732028
:1071500077686963682073686F756C64206E6F74FC
:107160002068617070656E2E20706565725F69645D
:107170003A2025642C20646174615F69643A20259B
:107180006400000050656572204944202564207722
:107190006173206E6F742070726F7065726C7920ED
:1071A00072656C65617365642E207064735F7065D1
:1071B00065725F69645F667265652829207265740F
:1071C00075726E65642025732E20706565725F6927
:1071D000643A202564000000706565725F6D616E21
:1071E000616765725F70646200000000436F756CD8
:1071F00064206E6F742072657472656976652072A2
:10720000616E6B732E207064625F706565725F647F
:107210006174615F6C6F6164282920726574757296
:107220006E65642025732E20706565725F69643A0F
:1072300020256400706565725F6D616E61676572BF
:1072400000000000557064617465000044656C6561
:10725000746500004F75746461746564202830297A
:107260000000000053657276696365206368616E93
:107270006765642070656E64696E6720666C61671F
:10728000000000004F757464617465642028322921
:10729000000000004F757464617465642028332910
:1072A000000000004170706C69636174696F6E204A
:1072B000646174610000000052656D6F7465206444
:1072C0006174616261736500506565722072616E00
:1072D0006B000000426F6E64696E672064617461C8
:1072E000000000004C6F63616C2064617461626136
:1072F0007365000043656E7472616C206164647232
:10730000657373207265736F6C7574696F6E0000BE
:10731000456E6372797074696F6E0000426F6E64BF
:10732000696E670050616972696E6700496E7661C7
:107330006C696420526F6C650000000050657269D2
:1073400070686572616C000043656E7472616C00F8
:10735000706565725F6D616E616765725F68616EB1
:10736000646C657200000000496E7465726E616C39
:10737000206572726F723A202573207265636569A9
:10738000766564204E554C4C20666F7220705F739A
:1073900065635F6B65797365742E0000436F756C70
:1073A00064206E6F74207265747269657665205210
:1073B000414D2062756666657220666F7220696E47
:1073C000636F6D696E6720626F6E642E20706462F9
:1073D0005F77726974655F6275665F676574282997
:1073E0002072657475726E65642025732E20636F3C
:1073F0006E6E5F68616E646C653A20256400000003
:10740000696D5F626C655F616464725F6765742853
:10741000292072657475726E65642025732E206351
:107420006F6E6E5F68616E646C653A2025642E2015
:107430004C696E6B20776173206C696B656C792089
:10744000646973636F6E6E65637465642E0000001B
:10745000436F756C64206E6F7420636C65616E2081
:107460007570206166746572206661696C65642060
:10747000626F6E64696E672070726F6365647572A7
:10748000652E207064625F77726974655F627566ED
:107490005F72656C65617365282920726574757209
:1074A0006E65642025732E20636F6E6E5F68616E5B
:1074B000646C653A2025642E0000000073645F62EE
:1074C0006C655F6761705F7365635F696E666F5F50
:1074D0007265706C7928292072657475726E6564A6
:1074E000204E52465F45524F525F494E56414C49DD
:1074F000445F53544154452C207768696368206980
:107500007320616E6572726F7220756E6C65737335
:1075100020746865206C696E6B20697320646973E0
:10752000636F6E6E656374696E672E00436F756C72
:1075300064206E6F7420636F6D706C657465206578
:107540006E6372797074696F6E2070726F636564B8
:107550007572652E2073645F626C655F6761705F32
:107560007365635F696E666F5F7265706C792829F9
:107570002072657475726E65642025732E20636FAA
:107580006E6E5F68616E646C653A2025642C2070B5
:107590006565725F69643A2025642E0052414D2072
:1075A00062756666657220666F72206E657720620E
:1075B0006F6E642077617320756E617661696C61AE
:1075C000626C652E207064625F77726974655F62B9
:1075D00075665F67657428292072657475726E65BB
:1075E000642025732E20636F6E6E5F68616E646C1D
:1075F000653A2025642E0000436F756C64206E6F21
:107600007420616C6C6F63617465206E65772070A7
:107610006565725F696420666F7220696E636F6D65
:10762000696E6720626F6E642E000000436F756C98
:1076300064206E6F742073746F726520626F6E6465
:107640002E207064625F77726974655F6275665F31
:1076500073746F726528292072657475726E656423
:107660002025732E20636F6E6E5F68616E646C659B
:107670003A2025642C20706565725F69643A202584
:1076800064000000706565725F6D616E61676572B0
:107690005F736D640000000043616E6E6F74207351
:1076A0006563757265206C696E6B206265636175D8
:1076B000736520612070726576696F7573207365DC
:1076C0006375726974792070726F63656475726531
:1076D00020656E64656420696E2074696D656F75E0
:1076E000742E20446973636F6E6E65637420616EDF
:1076F000642072657472792E20736D645F7061729C
:10770000616D735F7265706C792829206F722073C8
:107710006D645F6C696E6B5F736563757265282954
:107720002072657475726E6564204E52465F4552D4
:10773000524F525F54494D454F55542E20636F6E42
:107740006E5F68616E646C653A202564000000001D
:10775000436F756C64206E6F7420706572666F7213
:107760006D2073656375726974792070726F6365DB
:10777000647572652E20736D645F706172616D73E4
:107780005F7265706C792829206F7220736D645F59
:107790006C696E6B5F73656375726528292072650D
:1077A0007475726E65642025732E20636F6E6E5F34
:1077B00068616E646C653A2025640000436F756CE7
:1077C00064206E6F7420706572666F726D207365D1
:1077D0006375726974792070726F63656475726520
:1077E0002E20736D645F6C696E6B5F736563757279
:1077F0006528292072657475726E65642025732E64
:1078000020636F6E6E5F68616E646C653A202564FC
:1078100000000000706565725F6D616E6167657282
:107820005F736D002F55736572732F616C6578629D
:10783000616C6477696E2F4465736B746F702F4F42
:1078400070656E4E657276652D436861726765720C
:107850002F4669726D776172652F536F757263651C
:107860002D436F64652F7372632F636F72655F6C56
:10787000617965722F73646B2F6E7266352F6E524D
:1078800046355F53444B5F31372E312E305F646491
:1078900064653536302F696E746567726174696F1F
:1078A0006E2F6E7266782F6C65676163792F6E72CA
:1078B000665F6472765F636C6F636B2E63000000BB
:1078C000636C6F636B0000002E2E2F2E2E2F636FC4
:1078D00072655F6C617965722F73646B2F6E72666F
:1078E000352F6E5246355F53444B5F31372E312E64
:1078F000305F646464653536302F696E7465677215
:107900006174696F6E2F6E7266782F6E7266785F23
:10791000676C75652E6800002F55736572732F6153
:107920006C657862616C6477696E2F4465736B7403
:107930006F702F4F70656E4E657276652D4368616E
:10794000726765722F4669726D776172652F536F2A
:10795000757263652D436F64652F7372632F636F58
:1079600072655F6C617965722F73646B2F6E7266DE
:10797000352F6E5246355F53444B5F31372E312ED3
:10798000305F646464653536302F6D6F64756C6587
:10799000732F6E7266782F647269766572732F73B7
:1079A00072632F6E7266785F636C6F636B2E630019
:1079B000434C4F434B0000002F55736572732F618A
:1079C0006C657862616C6477696E2F4465736B7463
:1079D0006F702F4F70656E4E657276652D436861CE
:1079E000726765722F4669726D776172652F536F8A
:1079F000757263652D436F64652F7372632F636FB8
:107A000072655F6C617965722F73646B2F6E72663D
:107A1000352F6E5246355F53444B5F31372E312E32
:107A2000305F646464653536302F6D6F64756C65E6
:107A3000732F6E7266782F647269766572732F7316
:107A400072632F6E7266785F6770696F74652E63FC
:107A5000000000004750494F544500005050490075
:107A60002F55736572732F616C657862616C6477F2
:107A7000696E2F4465736B746F702F4F70656E4E17
:107A8000657276652D436861726765722F4669720B
:107A90006D776172652F536F757263652D436F64E7
:107AA000652F7372632F636F72655F6C61796572A6
:107AB0002F73646B2F6E7266352F6E5246355F538F
:107AC000444B5F31372E312E305F64646465353648
:107AD000302F6D6F64756C65732F6E7266782F64CE
:107AE0007269766572732F7372632F7072732F6E63
:107AF0007266785F7072732E6300000050525300FC
:107B00002E2E2F2E2E2F636F72655F6C617965723A
:107B10002F73646B2F6E7266352F6E5246355F532E
:107B2000444B5F31372E312E305F646464653536E7
:107B3000302F6D6F64756C65732F6E7266782F6869
:107B4000616C2F6E72665F70776D2E6800000000AA
:107B50002F55736572732F616C657862616C647701
:107B6000696E2F4465736B746F702F4F70656E4E26
:107B7000657276652D436861726765722F4669721A
:107B80006D776172652F536F757263652D436F64F6
:107B9000652F7372632F636F72655F6C61796572B5
:107BA0002F73646B2F6E7266352F6E5246355F539E
:107BB000444B5F31372E312E305F64646465353657
:107BC000302F6D6F64756C65732F6E7266782F64DD
:107BD0007269766572732F7372632F6E7266785F47
:107BE00070776D2E6300000050574D002F55736560
:107BF00072732F616C657862616C6477696E2F4473
:107C000065736B746F702F4F70656E4E657276651D
:107C10002D436861726765722F4669726D77617274
:107C2000652F536F757263652D436F64652F737293
:107C3000632F636F72655F6C617965722F73646B1C
:107C40002F6E7266352F6E5246355F53444B5F314F
:107C5000372E312E305F646464653536302F6D6F9A
:107C600064756C65732F6E7266782F6472697665C1
:107C700072732F7372632F6E7266785F73616164C3
:107C8000632E63002E2E2F2E2E2F636F72655F6C76
:107C9000617965722F73646B2F6E7266352F6E5229
:107CA00046355F53444B5F31372E312E305F64646D
:107CB00064653536302F6D6F64756C65732F6E7229
:107CC00066782F68616C2F6E72665F7361616463A2
:107CD0002E68000053414144430000002F55736556
:107CE00072732F616C657862616C6477696E2F4482
:107CF00065736B746F702F4F70656E4E657276652D
:107D00002D436861726765722F4669726D77617283
:107D1000652F536F757263652D436F64652F7372A2
:107D2000632F636F72655F6C617965722F73646B2B
:107D30002F6E7266352F6E5246355F53444B5F315E
:107D4000372E312E305F646464653536302F6D6FA9
:107D500064756C65732F6E7266782F6472697665D0
:107D600072732F7372632F6E7266785F7370696DB2
:107D70002E6300005350494D0000000054494D450A
:107D80005200000055415254000000005541525429
:107D9000450000006170705F627574746F6E000062
:107DA000534F46544445564943453A204153534561
:107DB0005254494F4E204641494C45440000000072
:107DC000534F46544445564943453A20494E56413F
:107DD0004C4944204D454D4F525920414343455352
:107DE00053000000415353455254494F4E204641E1
:107DF000494C45442061742025733A2575000000E4
:107E00004552524F52202575205B25735D206174C9
:107E10002025733A25750D0A50432061743A2030AD
:107E20007825303878000000456E64206F66206544
:107E300072726F72207265706F727400554E4B4E85
:107E40004F574E204641554C5420617420307825C0
:107E5000303858002F55736572732F616C657862E6
:107E6000616C6477696E2F4465736B746F702F4F0C
:107E700070656E4E657276652D43686172676572D6
:107E80002F4669726D776172652F536F75726365E6
:107E90002D436F64652F7372632F636F72655F6C20
:107EA000617965722F73646B2F6E7266352F6E5217
:107EB00046355F53444B5F31372E312E305F64645B
:107EC00064653536302F636F6D706F6E656E7473D9
:107ED0002F6C69627261726965732F7574696C2F9A
:107EE0006170705F7574696C5F706C6174666F72DD
:107EF0006D2E63002F55736572732F616C65786208
:107F0000616C6477696E2F4465736B746F702F4F6B
:107F100070656E4E657276652D4368617267657235
:107F20002F4669726D776172652F536F7572636545
:107F30002D436F64652F7372632F636F72655F6C7F
:107F4000617965722F73646B2F6E7266352F6E5276
:107F500046355F53444B5F31372E312E305F6464BA
:107F600064653536302F636F6D706F6E656E747338
:107F70002F6C69627261726965732F6664732F6614
:107F800064732E630000000048415244204641556E
:107F90004C5420617420307825303858000000009F
:107FA000202052303A202030782530385820205276
:107FB000313A2020307825303858202052323A206B
:107FC00020307825303858202052333A202030781D
:107FD000253038580000000020205231323A20303D
:107FE000782530385820204C523A202030782530DF
:107FF000385820205053523A2030782530385800D5
:10800000537461636B2076696F6C6174696F6E3A4B
:1080100020737461636B20706F696E746572206F7A
:1080200075747369646520737461636B2061726534
:10803000612E000043617573653A20427573466195
:10804000756C74206F6E206120766563746F72208A
:108050007461626C65207265616420647572696E1A
:108060006720657863657074696F6E2070726F63E6
:10807000657373696E672E0043617573653A2025D9
:10808000732E00004D656D4D616E61676520466120
:10809000756C7420416464726573733A203078257E
:1080A00030385800427573204661756C7420416405
:1080B00064726573733A20307825303858000000B8
:1080C0005468652070726F636573736F72206861A6
:1080D0007320617474656D7074656420746F2065BD
:1080E00078656375746520616E20756E6465666978
:1080F0006E656420696E737472756374696F6E0067
:108100005468652070726F636573736F7220617459
:1081100074656D707465642061206C6F6164206F9C
:10812000722073746F72652061742061206C6F63BC
:108130006174696F6E207468617420646F65732068
:108140006E6F74207065726D697420746865206F3D
:108150007065726174696F6E00000000556E737413
:1081600061636B20666F7220616E20657863657055
:1081700074696F6E2072657475726E206861732009
:10818000636175736564206F6E65206F72206D6F1B
:108190007265206163636573732076696F6C6174C7
:1081A000696F6E7300000000537461636B696E67E2
:1081B00020666F7220616E20657863657074696FE8
:1081C0006E20656E747279206861732063617573C7
:1081D0006564206F6E65206F72206D6F726520611F
:1081E00063636573732076696F6C6174696F6E7316
:1081F0000000000041204D656D4D616E6167652096
:108200006661756C74206F63637572726564206457
:108210007572696E6720666C6F6174696E672D7028
:108220006F696E74206C617A792073746174652053
:10823000707265736572766174696F6E000000001C
:10824000496E737472756374696F6E206275732002
:108250006572726F72000000446174612062757310
:10826000206572726F72202850432076616C7565AC
:1082700020737461636B656420666F722074686537
:1082800020657863657074696F6E207265747572AD
:108290006E20706F696E747320746F20746865202F
:1082A000696E737472756374696F6E20746861743B
:1082B0002063617573656420746865206661756C00
:1082C00074290000446174612062757320657272C4
:1082D0006F72202872657475726E206164647265B5
:1082E000737320696E2074686520737461636B20FA
:1082F0006672616D65206973206E6F742072656CA3
:108300006174656420746F2074686520696E73748D
:1083100072756374696F6E2074686174206361752F
:1083200073656420746865206572726F722900003D
:10833000556E737461636B20666F7220616E206589
:108340007863657074696F6E2072657475726E20E3
:1083500068617320636175736564206F6E65206F5B
:1083600072206D6F7265204275734661756C74730F
:1083700000000000537461636B696E6720666F7262
:1083800020616E20657863657074696F6E20656E1C
:108390007472792068617320636175736564206FFE
:1083A0006E65206F72206D6F726520427573466135
:1083B000756C747300000000412062757320666163
:1083C000756C74206F636375727265642064757276
:1083D000696E6720666C6F6174696E672D706F6976
:1083E0006E74206C617A7920737461746520707288
:1083F00065736572766174696F6E000054686520FC
:1084000070726F636573736F72206861732061743B
:1084100074656D7074656420746F2065786563752C
:10842000746520616E20696E737472756374696F10
:108430006E2074686174206D616B657320696C6C6B
:108440006567616C20757365206F662074686520B0
:1084500045505352000000005468652070726F63ED
:108460006573736F722068617320617474656D70D9
:1084700074656420616E20696C6C6567616C206C4A
:108480006F6164206F66204558435F5245545552D2
:108490004E20746F207468652050432C2061732037
:1084A0006120726573756C74206F6620616E20693F
:1084B0006E76616C696420636F6E746578742C20CD
:1084C0006F7220616E20696E76616C696420455818
:1084D000435F52455455524E2076616C75650000DD
:1084E0005468652070726F636573736F7220686182
:1084F0007320617474656D7074656420746F20619D
:108500006363657373206120636F70726F6365735B
:10851000736F72005468652070726F636573736F58
:108520007220686173206D61646520616E20756ED4
:10853000616C69676E6564206D656D6F727920612D
:1085400063636573730000005468652070726F6325
:108550006573736F722068617320657865637574E5
:10856000656420616E2053444956206F7220554443
:10857000495620696E737472756374696F6E2077E3
:1085800069746820612064697669736F72206F6610
:1085900020300000686172646661756C74000000D0
:1085A0002F55736572732F616C657862616C6477A7
:1085B000696E2F4465736B746F702F4F70656E4ECC
:1085C000657276652D436861726765722F466972C0
:1085D0006D776172652F536F757263652D436F649C
:1085E000652F7372632F636F72655F6C617965725B
:1085F0002F73646B2F6E7266352F6E5246355F5344
:10860000444B5F31372E312E305F646464653536FC
:10861000302F636F6D706F6E656E74732F6C69624F
:108620007261726965732F62616C6C6F632F6E7219
:10863000665F62616C6C6F632E6300002F5573651B
:1086400072732F616C657862616C6477696E2F4418
:1086500065736B746F702F4F70656E4E65727665C3
:108660002D436861726765722F4669726D7761721A
:10867000652F536F757263652D436F64652F737239
:10868000632F636F72655F6C617965722F73646BC2
:108690002F6E7266352F6E5246355F53444B5F31F5
:1086A000372E312E305F646464653536302F65783F
:1086B0007465726E616C2F667072696E74662F6E6F
:1086C00072665F667072696E74662E6300000000E9
:1086D0002F55736572732F616C657862616C647776
:1086E000696E2F4465736B746F702F4F70656E4E9B
:1086F000657276652D436861726765722F4669728F
:108700006D776172652F536F757263652D436F646A
:10871000652F7372632F636F72655F6C6179657229
:108720002F73646B2F6E7266352F6E5246355F5312
:10873000444B5F31372E312E305F646464653536CB
:10874000302F65787465726E616C2F667072696E19
:1087500074662F6E72665F667072696E74665F66AD
:108760006F726D61742E6300705F667300000000AD
:10877000257320636865636B206661696C6564209E
:10878000696E202573282920776974682076616CCA
:10879000756520307825782E00000000705F6170CC
:1087A00069000000705F66732D3E705F6170690044
:1087B000705F6465737400006C656E006164647260
:1087C0005F69735F616C69676E65643332287372C9
:1087D00063290000616464725F69735F776974681C
:1087E000696E5F626F756E647328705F66732C20AC
:1087F0007372632C206C656E29000000705F7372C9
:108800006300000021286C656E202520705F667370
:108810002D3E705F666C6173685F696E666F2D3E9A
:1088200070726F6772616D5F756E69742900000008
:10883000616464725F69735F616C69676E656433FC
:108840003228646573742900616464725F69735FC0
:10885000616C69676E65643332282875696E74339C
:10886000325F7429705F73726329000061646472FF
:108870005F69735F77697468696E5F626F756E6454
:108880007328705F66732C20646573742C206C658C
:108890006E290000616464725F69735F706167656F
:1088A0005F616C69676E656428705F66732C207009
:1088B0006167655F616464722900000061646472CD
:1088C0005F69735F77697468696E5F626F756E6404
:1088D0007328705F66732C20706167655F616464E4
:1088E000722C20286C656E202A20705F66732D3EE6
:1088F000705F666C6173685F696E666F2D3E65724E
:108900006173655F756E6974292900006E72665F18
:108910006673746F72616765000000002F557365A0
:1089200072732F616C657862616C6477696E2F4435
:1089300065736B746F702F4F70656E4E65727665E0
:108940002D436861726765722F4669726D77617237
:10895000652F536F757263652D436F64652F737256
:10896000632F636F72655F6C617965722F73646BDF
:108970002F6E7266352F6E5246355F53444B5F3112
:10898000372E312E305F646464653536302F636F67
:108990006D706F6E656E74732F6C6962726172694F
:1089A00065732F6D656D6F626A2F6E72665F6D65A0
:1089B0006D6F626A2E6300002F55736572732F61AD
:1089C0006C657862616C6477696E2F4465736B7453
:1089D0006F702F4F70656E4E657276652D436861BE
:1089E000726765722F4669726D776172652F536F7A
:1089F000757263652D436F64652F7372632F636FA8
:108A000072655F6C617965722F73646B2F6E72662D
:108A1000352F6E5246355F53444B5F31372E312E22
:108A2000305F646464653536302F636F6D706F6ED0
:108A3000656E74732F6C69627261726965732F65FC
:108A400078706572696D656E74616C5F736563746F
:108A5000696F6E5F766172732F6E72665F736563A6
:108A600074696F6E5F697465722E63004E52465F63
:108A700053554343455353004E52465F4552524F60
:108A8000525F5356435F48414E444C45525F4D49F7
:108A90005353494E470000004E52465F4552524FD5
:108AA000525F534F46544445564943455F4E4F54D9
:108AB0005F454E41424C4544000000004E52465F27
:108AC0004552524F525F494E5445524E414C000060
:108AD0004E52465F4552524F525F4E4F5F4D454D8D
:108AE000000000004E52465F4552524F525F4E4FBB
:108AF000545F464F554E44004E52465F4552524FCA
:108B0000525F4E4F545F535550504F52544544009E
:108B10004E52465F4552524F525F494E56414C4964
:108B2000445F504152414D004E52465F4552524FB4
:108B3000525F494E56414C49445F5354415445009D
:108B40004E52465F4552524F525F494E56414C4934
:108B5000445F4C454E475448000000004E52465F6B
:108B60004552524F525F494E56414C49445F464C24
:108B7000414753004E52465F4552524F525F494E55
:108B800056414C49445F4441544100004E52465FB7
:108B90004552524F525F444154415F53495A450038
:108BA0004E52465F4552524F525F54494D454F55C4
:108BB000540000004E52465F4552524F525F4E5590
:108BC0004C4C00004E52465F4552524F525F464F4A
:108BD0005242494444454E004E52465F4552524F20
:108BE000525F494E56414C49445F41444452000053
:108BF0004E52465F4552524F525F42555359000004
:108C00004E52465F4552524F525F434F4E4E5F4366
:108C10004F554E54000000004E52465F4552524F91
:108C2000525F5245534F5552434553004E52465F93
:108C30004552524F525F4D4F44554C455F4E4F5435
:108C40005F494E495449414C495A4544000000008F
:108C50004E52465F4552524F525F4D555445585FF4
:108C6000494E49545F4641494C4544004E52465F87
:108C70004552524F525F4D555445585F4C4F434BF0
:108C80005F4641494C4544004E52465F4552524F63
:108C9000525F4D555445585F554E4C4F434B5F46C0
:108CA00041494C45440000004E52465F4552524FE8
:108CB000525F4D555445585F434F4E445F494E49AE
:108CC000545F4641494C4544000000004E52465F07
:108CD0004552524F525F4D4F44554C455F414C52A7
:108CE000454144595F494E495449414C495A4544CC
:108CF000000000004E52465F4552524F525F53549F
:108D00004F524147455F46554C4C00004E52465F1E
:108D10004552524F525F4150495F4E4F545F494D4B
:108D2000504C454D454E5445440000004E52465F60
:108D30004552524F525F464541545552455F4E4F42
:108D4000545F454E41424C45440000004E52465F40
:108D50004552524F525F494F5F50454E44494E472E
:108D6000000000004E52465F4552524F525F44523F
:108D7000565F5457495F4552525F4F5645525255C0
:108D80004E0000004E52465F4552524F525F4452D1
:108D9000565F5457495F4552525F414E41434B0025
:108DA0004E52465F4552524F525F4452565F54579F
:108DB000495F4552525F444E41434B004E52465F1D
:108DC0004552524F525F424C455F495053505F529B
:108DD000585F504B545F5452554E434154454400E4
:108DE0004E52465F4552524F525F424C455F49508A
:108DF00053505F4348414E4E454C5F414C524541B4
:108E000044595F4558495354530000004E52465F41
:108E10004552524F525F424C455F495053505F4C50
:108E2000494E4B5F444953434F4E4E45435445448E
:108E3000000000004E52465F4552524F525F424C76
:108E4000455F495053505F504545525F52454A4532
:108E500043544544000000002F55736572732F6121
:108E60006C657862616C6477696E2F4465736B74AE
:108E70006F702F4F70656E4E657276652D43686119
:108E8000726765722F4669726D776172652F536FD5
:108E9000757263652D436F64652F7372632F636F03
:108EA00072655F6C617965722F73646B2F6E726689
:108EB000352F6E5246355F53444B5F31372E312E7E
:108EC000305F646464653536302F636F6D706F6E2C
:108ED000656E74732F6C69627261726965732F6C51
:108EE0006F672F7372632F6E72665F6C6F675F645C
:108EF000656661756C745F6261636B656E64732E29
:108F0000630000007274745F6C6F675F6261636B13
:108F1000656E64002F55736572732F616C6578629E
:108F2000616C6477696E2F4465736B746F702F4F3B
:108F300070656E4E657276652D4368617267657205
:108F40002F4669726D776172652F536F7572636515
:108F50002D436F64652F7372632F636F72655F6C4F
:108F6000617965722F73646B2F6E7266352F6E5246
:108F700046355F53444B5F31372E312E305F64648A
:108F800064653536302F636F6D706F6E656E747308
:108F90002F6C69627261726965732F6C6F672F73D2
:108FA00072632F6E72665F6C6F675F66726F6E744E
:108FB000656E642E630000004261636B656E6473CE
:108FC00020666C7573686564000000006170700055
:108FD0001B5B313B33316D0025734C6F677320642D
:108FE000726F70706564202825642925730D0A004E
:108FF0001B5B306D00000000257300003C25733EB4
:109000002025733A2000000020253032780000002F
:10901000202020007C0000002563000020000000CC
:109020001B5B313B33306D001B5B313B33326D00DA
:109030001B5B313B33336D001B5B313B33346D00C5
:109040001B5B313B33356D001B5B313B33366D00B1
:109050001B5B313B33376D007761726E696E670061
:10906000696E666F0000000064656275670000004D
:109070005465726D696E616C0000000052545400BA
:10908000534547474552000053746174652072652B
:1090900071756573743A20307825303858000000B7
:1090A0004E6F74696679206F62736572766572209F
:1090B000307825303858203D3E2072656164790053
:1090C0004E6F74696679206F62736572766572207F
:1090D000307825303858203D3E20626C6F636B69D4
:1090E0006E6700005374617465206368616E676524
:1090F0003A20307825303858000000002F5573652D
:1091000072732F616C657862616C6477696E2F444D
:1091100065736B746F702F4F70656E4E65727665F8
:109120002D436861726765722F4669726D7761724F
:10913000652F536F757263652D436F64652F73726E
:10914000632F636F72655F6C617965722F73646BF7
:109150002F6E7266352F6E5246355F53444B5F312A
:10916000372E312E305F646464653536302F636F7F
:109170006D706F6E656E74732F736F667464657651
:109180006963652F636F6D6D6F6E2F6E72665F73AF
:1091900064682E63000000006E72665F736468008E
:1091A0002F55736572732F616C657862616C64779B
:1091B000696E2F4465736B746F702F4F70656E4EC0
:1091C000657276652D436861726765722F466972B4
:1091D0006D776172652F536F757263652D436F6490
:1091E000652F7372632F636F72655F6C617965724F
:1091F0002F73646B2F6E7266352F6E5246355F5338
:10920000444B5F31372E312E305F646464653536F0
:10921000302F636F6D706F6E656E74732F736F6632
:10922000746465766963652F636F6D6D6F6E2F6E05
:1092300072665F7364685F626C652E630000000095
:1092400073645F626C655F6366675F73657428292A
:109250002072657475726E65642025732077686569
:109260006E20617474656D7074696E6720746F2010
:1092700073657420424C455F434F4E4E5F434647F3
:109280005F4741502E00000073645F626C655F634E
:1092900066675F73657428292072657475726E65E0
:1092A00064202573207768656E20617474656D7025
:1092B00074696E6720746F2073657420424C455F3B
:1092C0004741505F4346475F524F4C455F434F55C0
:1092D0004E542E0073645F626C655F6366675F73F4
:1092E000657428292072657475726E656420257313
:1092F000207768656E20617474656D7074696E673F
:1093000020746F2073657420424C455F434F4E4E6E
:109310005F4346475F474154542E000073645F62C9
:109320006C655F6366675F73657428292072657476
:1093300075726E6564202573207768656E20617490
:1093400074656D7074696E6720746F207365742026
:10935000424C455F434F4D4D4F4E5F4346475F562E
:10936000535F555549442E0073645F626C655F63BB
:1093700066675F73657428292072657475726E65FF
:1093800064202573207768656E20617474656D7044
:1093900074696E6720746F2073657420424C455F5A
:1093A00047415454535F4346475F415454525F54BE
:1093B00041425F53495A452E0000000073645F62CA
:1093C0006C655F6366675F736574282920726574D6
:1093D00075726E6564202573207768656E206174F0
:1093E00074656D7074696E6720746F207365742086
:1093F000424C455F47415454535F4346475F534592
:1094000052564943455F4348414E4745442E00006C
:10941000496E73756666696369656E742052414D65
:1094200020616C6C6F636174656420666F72207478
:10943000686520536F66744465766963652E000025
:109440004368616E6765207468652052414D2073E2
:1094500074617274206C6F636174696F6E206672E0
:109460006F6D203078257820746F20307825782E25
:10947000000000004D6178696D756D2052414D20EE
:1094800073697A6520666F72206170706C696361C0
:1094900074696F6E20697320307825782E00000083
:1094A00073645F626C655F656E61626C652829201C
:1094B00072657475726E65642025732E000000005D
:1094C0006E72665F7364685F626C6500536F432001
:1094D0006576656E743A20307825782E000000009D
:1094E0002F55736572732F616C657862616C647758
:1094F000696E2F4465736B746F702F4F70656E4E7D
:10950000657276652D436861726765722F46697270
:109510006D776172652F536F757263652D436F644C
:10952000652F7372632F636F72655F6C617965720B
:109530002F73646B2F6E7266352F6E5246355F53F4
:10954000444B5F31372E312E305F646464653536AD
:10955000302F636F6D706F6E656E74732F736F66EF
:10956000746465766963652F636F6D6D6F6E2F6EC2
:1095700072665F7364685F736F632E630000000040
:109580006E72665F7364685F736F6300426C6553ED
:10959000746174654D616368696E6500426C65490C
:1095A000646C650054696D656F75742074696D65D0
:1095B0007220657870697265642E0000426C655493
:1095C000696D656F757454696D657200537461726D
:1095D00074696E672074696D656F75742074696D48
:1095E00065722E0053746F7070696E672074696DB8
:1095F000656F75742074696D65722E0053746F7099
:1096000070696E67207363616E2E00005363616E34
:109610002074696D6564206F75742E0046696C74E2
:109620006572206D617463682E000000576869746C
:10963000656C69737420616476207265706F7274F2
:109640002E000000426C65537562737974656D3A43
:1096500020496E697469616C697A6564200A00004A
:10966000426C6500504D43205374617465204D6118
:109670006368696E653A204368617267696E672046
:109680004261747465727920456E7472790A0000C3
:10969000504D43205374617465204D616368696E59
:1096A000653A5374617465204368617267696E67D7
:1096B00020426174746572792044697370617463C7
:1096C000684576656E740A00504D4320537461748A
:1096D00065204D616368696E653A20496E76616CFC
:1096E0006964204576656E740A000000504D432081
:1096F0005374617465204D616368696E653A2050EA
:10970000696E6720506F72740A000000504D43204C
:109710005374617465204D616368696E65204368A8
:10972000617267696E672042617474657279207333
:10973000746174653A20426174746572792053745F
:10974000617274204368617267696E670A00000085
:10975000504D43205374617465204D616368696E98
:1097600065204368617267696E6720426174746541
:1097700072792073746174653A2042617474657201
:10978000792046756C6C20436861726765640A00D5
:10979000504D43205374617465204D616368696E58
:1097A00065204368617267696E6720426174746501
:1097B00072792073746174653A20426174746572C1
:1097C00079204368617267696E670A00504D4320D3
:1097D0005374617465204D616368696E65204368E8
:1097E000617267696E672042617474657279207373
:1097F000746174653A2042617474657279205072A4
:109800006573656E7420496E64696361746F720A72
:1098100000000000504D43205374617465204D6179
:109820006368696E65204368617267696E6720428C
:109830006174746572792073746174653A20504D57
:1098400043204661756C7420436F6E646974696F60
:109850006E0A00002F55736572732F616C65786214
:10986000616C6477696E2F4465736B746F702F4FF2
:1098700070656E4E657276652D43686172676572BC
:109880002F4669726D776172652F536F75726365CC
:109890002D436F64652F7372632F736572766963EE
:1098A000655F6C617965722F706D632F737461747D
:1098B000655F6D616368696E652F7376635F706D58
:1098C000635F73746174655F6368617267696E6713
:1098D0005F626174746572792E63707000000000BD
:1098E000504D43205374617465204D616368696E07
:1098F000653A204368617267696E672042617474DB
:1099000065727920457869740A000000504D432043
:109910005374617465204D616368696E653A2045D2
:109920006E61626C6520456E7472790A00000000F9
:10993000504D43205374617465204D616368696EB6
:10994000653A5374617465456E61626C6520446963
:109950007370617463684576656E740A0000000078
:10996000504D43205374617465204D616368696E86
:109970006520456E61626C652073746174653A2080
:10998000504D43204661756C7420436F6E6469745A
:10999000696F6E0A000000002F55736572732F61A6
:1099A0006C657862616C6477696E2F4465736B7463
:1099B0006F702F4F70656E4E657276652D436861CE
:1099C000726765722F4669726D776172652F536F8A
:1099D000757263652D436F64652F7372632F7365B2
:1099E00072766963655F6C617965722F706D632F44
:1099F00073746174655F6D616368696E652F7376FA
:109A0000635F706D635F73746174655F656E6162DF
:109A10006C652E6370700000504D43205374617468
:109A200065204D616368696E653A20456E61626CC0
:109A30006520457869740A00504D43205374617461
:109A400065204D616368696E653A2049646C6520E4
:109A5000456E7472790A0000504D4320537461744E
:109A600065204D616368696E653A2049646C6520C4
:109A7000457869740A000000504D432053746174A6
:109A800065204D616368696E653A2049646C6520A4
:109A900044697370617463684576656E740A00008A
:109AA000504D43205374617465204D616368696E45
:109AB000653A20496E697469616C697A650A0000CB
:109AC0002F55736572732F616C657862616C647772
:109AD000696E2F4465736B746F702F4F70656E4E97
:109AE000657276652D436861726765722F4669728B
:109AF0006D776172652F536F757263652D436F6467
:109B0000652F7372632F736572766963655F6C612D
:109B10007965722F706D632F73746174655F6D6109
:109B20006368696E652F7376635F706D635F7374CE
:109B30006174655F69646C652E637070000000007D
:109B4000504D430049646C6500000000456E616241
:109B50006C6500004368617267696E6720426174DA
:109B60007465727900000000504D43204D616E61B4
:109B70006765723A20436F6E6669674770696F73F5
:109B80000A000000504D43204D616E616765723AD6
:109B900020496E69740A0000504D43204D616E618A
:109BA0006765723A20456E61626C65566363526503
:109BB00067756C61746F720A00000000504D43209D
:109BC0004D616E616765723A2044697361626C65CC
:109BD000566363526567756C61746F720A000000AA
:109BE000504D43204D616E616765723A20456E614C
:109BF000626C65426174746572794368617267650D
:109C0000720A0000504D43204D616E616765723AE3
:109C10002044697361626C65426174746572794352
:109C20006861726765720A00504D43204D616E6134
:109C30006765723A2047657442617474657279563B
:109C40006F6C746167650A00504D43204D616E6111
:109C50006765723A20526561644261747465727915
:109C60004368617267657250726573656E74496EA0
:109C700064696361746F720A00000000504D4320F4
:109C80004D616E616765723A20526561644261742C
:109C900074657279436861726765496E646963616E
:109CA000746F7250696E0A00504D43204D616E61B1
:109CB0006765723A205265616442617474657279B5
:109CC00046617374436861726765496E6469636174
:109CD000746F720A00000000504D4320506F727480
:109CE0003A20457865637574654576656E740A003B
:109CF000575054205374617465204D616368696ED8
:109D0000653A204368617267696E672045786974B7
:109D10000A000000575054205374617465204D614F
:109D20006368696E653A204368617267696E67208F
:109D3000456E7472790A0000575054205374617450
:109D400065204D616368696E653A5374617465435B
:109D500068617267696E67204469737061746368D3
:109D60004576656E740A0000575054205374617430
:109D700065204D616368696E653A20496E76616C55
:109D80006964204576656E740A00000057505420BF
:109D90005374617465204D616368696E653A205043
:109DA000696E6720506F72740A000000575054208B
:109DB0005374617465204D616368696E653A20571C
:109DC000505420506F776572204F6E0A00000000DB
:109DD000575054205374617465204D616368696EF7
:109DE000653A205750542053746172742053636154
:109DF0006E0A0000575054205374617465204D6101
:109E00006368696E6520536C6F774368617267653C
:109E10002073746174653A20575054204661756C04
:109E20007420436F6E646974696F6E0A00000000ED
:109E3000575054205374617465204D616368696E96
:109E4000653A204261747465727920436861726773
:109E5000696E670A00000000575054205374617403
:109E600065204D616368696E653A2042617474656E
:109E7000727920436861726765640A005750542004
:109E80005374617465204D616368696E6520536C1D
:109E90006F774368617267652073746174653A20F7
:109EA000575054205363616E2054696D656F75740B
:109EB0000A000000575054205374617465204D61AE
:109EC0006368696E6520536C6F774368617267657C
:109ED0002073746174653A205750542041646A7548
:109EE000737420506F7765720A0000005750542039
:109EF0005374617465204D616368696E653A2049E9
:109F0000646C6520456E7472790A000057505420C5
:109F10005374617465204D616368696E653A2049C8
:109F2000646C6520457869740A000000575054201D
:109F30005374617465204D616368696E653A2049A8
:109F4000646C652044697370617463684576656EFE
:109F5000740A0000575054205374617465204D6199
:109F60006368696E653A20496E697469616C697AE3
:109F7000650A0000575054005465737400000000D7
:109F8000536C6F7720436861726765004368617244
:109F900067696E6700000000575054205374617465
:109FA00065204D616368696E653A20536C6F772058
:109FB000436861726765200A000000005750542012
:109FC0005374617465204D616368696E653A20530E
:109FD0006C6F77204368617267650A0057505420A0
:109FE0005374617465204D616368696E6520536CBC
:109FF0006F774368617267652073746174653A2096
:10A00000496E76616C6964204576656E740A00005D
:10A01000575054205374617465204D616368696EB4
:10A020006520536C6F774368617267652073746154
:10A0300074653A2050696E6720506F72740A000090
:10A04000575054205374617465204D616368696E84
:10A050006520536C6F774368617267652073746124
:10A0600074653A2057505420506F776572204F6EB8
:10A070000A000000575054205374617465204D61EC
:10A080006368696E6520536C6F77436861726765BA
:10A090002073746174653A20575054205363616E85
:10A0A0000A000000575054205374617465204D61BC
:10A0B0006368696E6520536C6F774368617267658A
:10A0C0002073746174653A205750542053746F7034
:10A0D000205363616E0A000057505420537461741A
:10A0E00065204D616368696E653A2054657374201C
:10A0F000456E7472790A000057505420537461748D
:10A1000065204D616368696E653A205465737420FB
:10A11000457869740A0000005750542053746174E4
:10A1200065204D616368696E653A205465737420DB
:10A1300044697370617463684576656E740A0000E3
:10A14000575054205374617465204D616368696E83
:10A15000653A205750542053746F70205363616EDA
:10A160000A000000575054205374617465204D61FB
:10A170006368696E653A2057505420506F77657256
:10A18000204F66660A0000005750542053746174D3
:10A1900065204D616368696E653A205750542046CA
:10A1A00061756C7420436F6E646974696F6E0A0028
:10A1B000575054204D616E616765723A2053746147
:10A1C00074757354696D656F75744D6F6E69746FD6
:10A1D00072696E670A000000577074537461747579
:10A1E0007354696D657200005770745374617475AF
:10A1F0007354696D656F757454696D657200000004
:10A2000057707453746174757354656D7050676FD3
:10A210006F640000575054204D616E616765723A5B
:10A2200020436F6E6669674770696F730A000000AC
:10A2300043616C6C20612068616C5F646163206DB8
:10A240006574686F64207468617420636F6E6669FA
:10A2500067206770696F730A0000000043616C6CCF
:10A2600020612068616C5F777074206D6574686F21
:10A2700064207468617420636F6E6669672067701C
:10A28000696F730A00000000575054204D616E61E1
:10A290006765723A2053746F705770745363616EC0
:10A2A0000A000000575054204D616E616765723A94
:10A2B0002047657454656D70657261747572650AC6
:10A2C00000000000575054204D616E616765723A7E
:10A2D0002047657443686172676553746174757370
:10A2E0000A000000575054204D616E616765723A54
:10A2F000205374617475732070696E2076616C757B
:10A30000653A202564200A00575054204D616E6143
:10A310006765723A20537461727453746174757313
:10A3200054696D656F757454696D65720A0000003B
:10A33000575054204D616E616765723A20537461C5
:10A3400072745374617475734D6F6E69746F726952
:10A350006E670A00575054204D616E616765723A0E
:10A3600020456E61626C655770740A005750542026
:10A370004D616E616765723A2053746F70537461FA
:10A380007475734D6F6E69746F72696E670A000041
:10A39000575054204D616E616765723A2053746165
:10A3A000727449706754656D706572617475726519
:10A3B0004D6F6E69746F72696E6754696D65720A6C
:10A3C00000000000575054204D616E616765723A7D
:10A3D0002053746F7049706754656D706572617455
:10A3E0007572654D6F6E69746F72696E6754696DD1
:10A3F00065720A00575054204D616E616765723A6C
:10A400002049504720746865726D616C20726573D5
:10A41000697374616E63653A202564005750542057
:10A420004D616E616765723A2054656D7065726149
:10A430007475726520696E746572706F6C61746991
:10A440006F6E206661696C6564202D20706F737378
:10A4500069626C65206C6F6F6B7570207461626CE3
:10A4600065206F72646572696E67206973737565C4
:10A4700000000000575054204D616E616765723ACC
:10A48000204950472054656D70657261747572651E
:10A4900020256420430A0000575054204D616E610E
:10A4A0006765723A20437269746963616C20495030
:10A4B000472074656D70657261747572652064659E
:10A4C0007465637465642025642E253032642043EE
:10A4D00000000000575054204D616E616765723A6C
:10A4E0002045787472656D656C7920637269746952
:10A4F00063616C2074656D7065726174757265203E
:10A5000064657465637465642C2053746F70207087
:10A510006F776572207472616E73666572000000F9
:10A52000575054204D616E616765723A204950471B
:10A530002054656D70657261747572652077617203
:10A540006E696E672025642E2530326420432065B5
:10A55000786365656473206D656469756D207468E2
:10A56000726573686F6C642028256420432900009D
:10A57000575054204D616E616765723A204372698D
:10A58000746963616C2074656D7065726174757255
:10A5900065206465746563746564202C2050617562
:10A5A000736520706F776572207472616E73666573
:10A5B00072000000575054204D616E616765723A19
:10A5C000204950472054656D7065726174757265DD
:10A5D0002069732061626F766520746865206C6FF6
:10A5E00077207468726573686F6C64202825642016
:10A5F00043292025642E2530326420432E0000009C
:10A60000575054204D616E616765723A204950473A
:10A610002054656D70657261747572652069732070
:10A62000756E64657220746865206C6F772074683D
:10A63000726573686F6C6420282564204329202587
:10A64000642E2530326420432E00000057505420E1
:10A650004D616E616765723A204950472054656DBF
:10A6600070657261747572652072657475726E655D
:10A670006420746F2073616665206C6576656C2C50
:10A6800020526573756D6520706F776572207472E6
:10A69000616E736665720000575054204D616E61A3
:10A6A0006765723A2053657450756C7365576964B9
:10A6B00074685468726573686F6C64537465700A6B
:10A6C00000000000575054204D616E616765723A7A
:10A6D0002050474F4F44207374617465206D61634F
:10A6E00068696E65207661726961626C6573206964
:10A6F0006E697469616C697A656400005750542012
:10A700004D616E616765723A2044697361626C6580
:10A710005770740A00000000575054204D616E615C
:10A720006765723A2050474F4F44207374617475C7
:10A73000733A2025642C2053746174653A20256493
:10A740002C20506F776572206C6576656C3A2025F9
:10A7500064000000575054204D616E616765723A85
:10A7600020496E697469616C697A696E6720706FDF
:10A77000776572206174206D696E696D756D206CEE
:10A780006576656C20256400575054204D616E61DC
:10A790006765723A2050474F4F443D3120646574DD
:10A7A000656374656420617420706F776572206CD6
:10A7B0006576656C2025642C2073746162696C6910
:10A7C0007A696E6700000000575054204D616E6139
:10A7D0006765723A20496E6372656173696E6720BE
:10A7E000706F77657220746F206C6576656C2025BC
:10A7F00064000000575054204D616E616765723AE5
:10A800002052656163686564206D6178696D756D5E
:10A8100020706F776572206C6576656C207769743F
:10A82000686F75742050474F4F443D310000000061
:10A83000575054204D616E616765723A20526573BE
:10A84000657474696E6720746F206D696E696D75CB
:10A850006D20706F776572206C6576656C2025645D
:10A8600000000000575054204D616E616765723AD8
:10A870002050474F4F4420737461626C6520666FAF
:10A8800072202564206379636C6573206174207085
:10A890006F776572206C6576656C2025640000001A
:10A8A000575054204D616E616765723A2053746150
:10A8B000626C652050474F4F44206163686965763C
:10A8C00065642C20617474656D7074696E672066B0
:10A8D000696E652D74756E696E670000575054205F
:10A8E0004D616E616765723A20537461626C6520D8
:10A8F00050474F4F44206174206D6178696D756DCC
:10A9000020706F776572206C6576656C00000000C2
:10A91000575054204D616E616765723A204E6F202A
:10A92000737461626C65206C6576656C20666F750A
:10A930006E642C2072657374617274696E670000B6
:10A94000575054204D616E616765723A2050474FF1
:10A950004F4420746F67676C656420647572696E1C
:10A96000672066696E652D74756E696E672C20634D
:10A970006F756E743A202564000000005750542013
:10A980004D616E616765723A20547279696E672015
:10A99000616E6F746865722066696E652D74756E80
:10A9A0006520737465702C20706F776572206C65FC
:10A9B00076656C2025640000575054204D616E610F
:10A9C0006765723A2046696E652D74756E696E67AB
:10A9D000206661696C656420616674657220256417
:10A9E00020617474656D70747300000057505420BA
:10A9F0004D616E616765723A205265766572746961
:10AA00006E6720746F20737461626C6520706F775D
:10AA10006572206C6576656C202564005750542063
:10AA20004D616E616765723A20466F756E6420698C
:10AA30006D70726F76656420737461626C65206CF2
:10AA40006576656C206174202564000057505420A1
:10AA50004D616E616765723A20506F776572206C48
:10AA60006576656C20256420697320746F6F20689B
:10AA70006967682C2050474F4F4420636F6E73699D
:10AA80007374656E746C7920300000005750542048
:10AA90004D616E616765723A205265647563696ED7
:10AAA0006720746F20706F776572206C6576656CB7
:10AAB00020256400575054204D616E616765723ADD
:10AAC0002053746162696C697479206C6F737420AF
:10AAD000617420706F776572206C6576656C2025D7
:10AAE00064000000575054204D616E616765723AF2
:10AAF00020537461626C65206F7065726174696F58
:10AB00006E20617420706F776572206C6576656C5D
:10AB100020256400575054204D616E616765723A7C
:10AB20002053746174757354656D7050676F6F64F2
:10AB30004D6F6E69746F72696E670A0057505420CA
:10AB40004D616E616765723A20496E69740A000052
:10AB500057505420506F72743A204578656375746D
:10AB6000654576656E740A002F55736572732F61A3
:10AB70006C657862616C6477696E2F4465736B7481
:10AB80006F702F4F70656E4E657276652D436861EC
:10AB9000726765722F4669726D776172652F536FA8
:10ABA000757263652D436F64652F7372632F636FD6
:10ABB00072655F6C617965722F73646B2F6E72665C
:10ABC000352F6E5246355F53444B5F31372E312E51
:10ABD000305F646464653536302F65787465726EF5
:10ABE000616C2F6672656572746F732F736F757207
:10ABF00063652F706F727461626C652F4D656D4D6A
:10AC0000616E672F686561705F312E630000000020
:10AC10002F55736572732F616C657862616C647710
:10AC2000696E2F4465736B746F702F4F70656E4E35
:10AC3000657276652D436861726765722F46697229
:10AC40006D776172652F536F757263652D436F6405
:10AC5000652F7372632F636F72655F6C61796572C4
:10AC60002F73646B2F6E7266352F6E5246355F53AD
:10AC7000444B5F31372E312E305F64646465353666
:10AC8000302F65787465726E616C2F6672656572BF
:10AC9000746F732F706F727461626C652F434D53C4
:10ACA00049532F6E726635322F706F72745F636D09
:10ACB0007369732E630000002F55736572732F61E3
:10ACC0006C657862616C6477696E2F4465736B7430
:10ACD0006F702F4F70656E4E657276652D4368619B
:10ACE000726765722F4669726D776172652F536F57
:10ACF000757263652D436F64652F7372632F636F85
:10AD000072655F6C617965722F73646B2F6E72660A
:10AD1000352F6E5246355F53444B5F31372E312EFF
:10AD2000305F646464653536302F65787465726EA3
:10AD3000616C2F6672656572746F732F736F7572B5
:10AD400063652F71756575652E6300002F557365FA
:10AD500072732F616C657862616C6477696E2F44E1
:10AD600065736B746F702F4F70656E4E657276658C
:10AD70002D436861726765722F4669726D776172E3
:10AD8000652F536F757263652D436F64652F737202
:10AD9000632F636F72655F6C617965722F73646B8B
:10ADA0002F6E7266352F6E5246355F53444B5F31BE
:10ADB000372E312E305F646464653536302F657808
:10ADC0007465726E616C2F6672656572746F732F35
:10ADD000736F757263652F7461736B732E630000FC
:10ADE00049444C4500000000546D725100000000C1
:10ADF0002F55736572732F616C657862616C64772F
:10AE0000696E2F4465736B746F702F4F70656E4E53
:10AE1000657276652D436861726765722F46697247
:10AE20006D776172652F536F757263652D436F6423
:10AE3000652F7372632F636F72655F6C61796572E2
:10AE40002F73646B2F6E7266352F6E5246355F53CB
:10AE5000444B5F31372E312E305F64646465353684
:10AE6000302F65787465726E616C2F6672656572DD
:10AE7000746F732F736F757263652F74696D65726C
:10AE8000732E6300546D722053766300000000003F
:10AE90000000000009770200000000000000000030
:10AEA0009977020051780200D57702000000000077
:10AEB000000000007D7802007B780200CD7802005F
:10AEC00000000000000000000179020095790200F6
:10AED0001D7902000000000000000000CD79020092
:10AEE000B1790200F77902000000000000000000C4
:10AEF0006B7A0200A17A02006D7A02000000000065
:10AF000000000000AF7A0200000000000000000016
:10AF10000000000000000000000000004980020066
:10AF20004B80020000000000000000000000000054
:10AF30004D800200010006005A620200010100007B
:10AF400003000200000000000000000000000000FC
:10AF5000000000000000000000000000ED8502007D
:10AF6000478602000F0000010001020304050608E5
:10AF7000090A0B0000000002010000000B000000A5
:10AF80000000000029000000280000000800000068
:10AF90000338FDD8704700000E00000001000000DB
:10AFA00001000000000000000000000000000000A0
:10AFB0000EFFFFFF06000000140000000001020366
:10AFC0000405060000000000003000400000000002
:10AFD00001000000010000000040004001000000EE
:10AFE00001000000008000400004000000900040CC
:10AFF0000104000000A000400204000000A0014085
:10B000000306000000B00140040600000000030633
:10B01000000000002E310100010200002E3101006D
:10B020000101000000000000010000000100FFFF1E
:10B0300000000000010000000100010034B0030026
:10B040000100010030B0030069B80200E19E020077
:10B05000A9B9020069C80200B1A20200059F02005E
:10B060007365635F6B65797365745F66696C6C00AB
:10B07000FFFFFFFF0006FF0000000040000000008F
:10B08000000000500003005045E5020059E50200B1
:10B090006DE502000000FFFFDEC0ADDEFE011EF127
:10B0A000DEC0ADDEFF011EF1C080030000810300A1
:10B0B000000000005C810300A8810300F48103000C
:10B0C00000000000000000004082030058820300DE
:10B0D000C48203003083030074830300B883030039
:10B0E0000000000000000000C0800300FC8303009B
:10B0F00058840300E084030000000000000000000A
:10B1000000000000000000001485030048850300D3
:10B11000303132333435363738394142434445468D
:10B120006E72665F6673746F726167655F65726188
:10B13000736500006E72665F6673746F7261676537
:10B140005F77726974650000000000006C8A03007C
:10B1500001000000788A030002000000988A0300C2
:10B1600003000000BC8A030004000000D08A030032
:10B1700005000000E48A030006000000F88A0300CE
:10B1800007000000108B030008000000288B03005C
:10B1900009000000408B03000A0000005C8B0300E4
:10B1A0000B000000748B03000C0000008C8B03006C
:10B1B0000D000000A08B03000E000000B48B030004
:10B1C0000F000000C48B030010000000D88B0300A8
:10B1D00011000000F08B030012000000008C03003F
:10B1E00013000000188C0300800000002C8C03006A
:10B1F00081000000508C0300820000006C8C030072
:10B2000083000000888C030084000000A88C0300E9
:10B2100085000000CC8C030086000000F48C030045
:10B22000900000000C8D0300910000002C8D0300A5
:10B23000920000004C8D030000820000648D03002A
:10B2400001820000848D030002820000A08D0300B3
:10B2500000840000BC8D030001840000E08D030029
:10B26000028400000C8E030003840000348E03006F
:10B27000556E6B6E6F776E206572726F7220636FA2
:10B2800064650000000000000000000000000000F5
:10B290000338FDD870470000950C0300930C0300A1
:10B2A000910C03005C5100207F00000044510020FD
:10B2B000F08F030020900300D08F0300289003003C
:10B2C0003090030038900300409003004890030042
:10B2D00050900300000000005082030058900300CB
:10B2E0006090030068900300D4600300E4600300F2
:10B2F00008000000C4600300D460030008000000E0
:10B30000BC600300C46003000800000001000007E7
:10B310008C600300BC600300080000007C60030038
:10B320008C60030008000000000000000000000026
:10B33000A31F0300A51F0300A71F030000000000B8
:10B3400000000000D71F030009200300DF1F0300D7
:10B3500000000000000000004D800200000000001E
:10B3600000000000112303000000000000000000A6
:10B37000ED230300ED240300192403000000000066
:10B380000000000019250300E12503004525030006
:10B3900000000000000000000D260300312603001D
:10B3A0005526030000000000000000004D80020050
:10B3B000030002000000000000000000F92A030062
:10B3C0000000000000000000ED2B0300C92B03006B
:10B3D000192C03000000000000000000352D0300C0
:10B3E000592D03007D2D0300000000000000000027
:10B3F0004D8002000000000000000000E12E03006C
:10B40000BD2E03000D2F030000000000000000000F
:10B41000FD2F03002130030045300300070000002A
:10B420000000000000000000030000000000000019
:10B43000000000002F0000000100000001000000DB
:10B4400003000000000000000000000014000000E5
:10B45000C0ED010019000000A08601001E000000E0
:10B46000E63601002800000078C800003200000025
:10B47000FE8300000000000000000000AD3B030060
:10B48000EDAF16204A62304029BD56B31544E9BFDE
:10B4900077900D9CFE0B88C07E2615FA8380734042
:10B4A0000FCE674B80D541C0B4B40300E4B50300B0
:10B4B000B8B4030043000000A7580300C7580300B6
:10B4C000D3580300DF580300FF5803000B59030053
:10B4D000735803003F58030053756E004D6F6E00A4
:10B4E00054756500576564005468750046726900BC
:10B4F00053617400004A616E00466562004D6172DE
:10B5000000417072004D6179004A756E004A756C99
:10B510000041756700536570004F6374004E6F768D
:10B520000044656300002E000053756E646179006D
:10B530004D6F6E646179005475657364617900576D
:10B5400065646E65736461790054687572736461D3
:10B55000790046726964617900536174757264613F
:10B560007900004A616E7561727900466562727594
:10B57000617279004D6172636800417072696C009C
:10B580004D6179004A756E65004A756C79004175A8
:10B59000677573740053657074656D626572004FF2
:10B5A00063746F626572004E6F76656D62657200DE
:10B5B000446563656D6265720000414D00504D0049
:10B5C00000256D2F25642F25790025483A254D3A11
:10B5D000255300256120256220256520255420253E
:10B5E0005900000026B5030028B5030028B5030064
:10B5F00028B5030028B5030028B5030028B50300CB
:10B6000028B5030028B5030028B50300FFFFFFFF9E
:10B61000FFFFFFFFFFFFFFFFFFFF000029B5030053
:10B62000D8B4030063B50300F5B40300BAB5030052
:10B63000C1B50300CAB50300D3B503002020202004
:10B640002020202020682828282820202020202092
:10B6500020202020202020202020202048101010F2
:10B66000101010101010101010101010848484840A
:10B6700084848484848410101010101010818181BF
:10B68000818181010101010101010101010101012A
:10B6900001010101010101101010101010828282BD
:10B6A00082828202020202020202020202020202FA
:10B6B00002020202020202101010102000070320F2
:10B6C0000417020108571040805F5F6378615F676D
:10B6D000756172645F616371756972652064657418
:10B6E000656374656420726563757273697665203D
:0FB6F000696E697469616C697A6174696F6E0063
:10B700000100000005010000070000000090D003C8
:10B710001818181818181818180000000000000051
:10B72000FF000000A8B40300A8B40300A8B40300FD
:08B73000A8B40300A8B4030053
:04000003200072194E
:00000001FF
