:020000022000DC
:107000000000042019720200017202009DFB0200C0
:1070100005720200077202000972020000000000FF
:1070200000000000000000000000000051410300CB
:107030000D72020000000000714103001172020095
:1070400009CF020013720200C5D50200A5E60200B6
:10705000B9E6020013720200E9D4020075DD0200F5
:107060008DE90200A5E90200BDE9020013720200E9
:1070700013720200137202001372020013720200F4
:1070800013720200B943030013720200137202006C
:107090001372020013720200C91D03001372020072
:1070A0001372020013720200D5E90200EDE902003A
:1070B00061DC02001372020000000000000000000A
:1070C000137202001372020013720200CDE6020076
:1070D0001372020013720200137202001372020094
:1070E000137202001372020013720200000000000B
:1070F0000000000013720200000000001372020082
:10710000000000000000000000000000000000007F
:10711000000000000000000000000000000000006F
:10712000000000000000000000000000000000005F
:10713000000000000000000000000000000000004F
:10714000000000000000000000000000000000003F
:10715000000000000000000000000000000000002F
:10716000000000000000000000000000000000001F
:10717000000000000000000000000000000000000F
:1071800000000000000000000000000000000000FF
:1071900000000000000000000000000000000000EF
:1071A00000000000000000000000000000000000DF
:1071B00000000000000000000000000000000000CF
:1071C00000000000000000000000000000000000BF
:1071D00000000000000000000000000000000000AF
:1071E000000000000000000000000000000000009F
:1071F000000000000000000000000000000000008F
:10720000FEE7FEE7FEE7FEE7FEE7FEE7FEE7FEE756
:10721000FEE7FEE700F002B8FFF7FCBF0F484FF0B3
:107220000701884385460E4880470E48016841F4AF
:1072300070010160BFF34F8FBFF36F8F00F01AB87A
:1072400009480A490A4A884207D0521A05D00378E9
:1072500001300B700131013AF9D170470000042070
:107260006993020088ED00E0F0650300082B002020
:107270001C2B00203A493B480A1A02D007229143AE
:107280008D46394939480A1A06D00722914381F3BD
:107290000988022282F3148835483649364A00F0BC
:1072A00041F836483649374A00F03CF83648374905
:1072B000374A00F037F837483749384A00F032F893
:1072C00037483849384A00F02DF838483849394AA3
:1072D00000F028F838483949394A00F023F839488D
:1072E0003949002200F036F838483949002200F0C8
:1072F00031F838483849091A0EF0FAFF374A9047F2
:1073000025482649884205D00268043003B49047D6
:1073100003BCF7E700208646EC4600200021304AF7
:107320009047FEE7884214D0521A12D003460B430E
:1073300013430324234206D1036804300B60043155
:10734000043AF9D17047037801300B700131013AEA
:10735000F9D17047884202D002700130FAE77047D5
:107360000000042000F80320000004200000042096
:1073700088BE03001C2B00205C2B0020E47302005D
:10738000E47302007A64030088BE03001C2B002013
:107390001C2B002004660300046603001066030033
:1073A000046603000466030004660300106603001D
:1073B0001066030087BE0300C8BE03005C2B0020DC
:1073C0005C2B00205C2B00206C7F00206C7F002059
:1073D0006C7F00206C7F00206C83002041720200D3
:0473E0003959030014
:1073E400BFF34F8F0549CA6802F4E062044B1343AC
:1073F400CB60BFF34F8F00BFFDE700BF00ED00E09F
:107404000400FA0510B5044600F046FC22460D219E
:10741400012000F049FE10BD10B5044600F03CFC0C
:1074240022460821012000F03FFE10BD10B504469D
:1074340000F032FC22460F21012000F035FE10BD81
:1074440010B5044600F028FC22460E21012000F06D
:107454002BFE10BD08B500F01FFC002210210120F6
:1074640000F038FE08BD08B500F016FC002211211A
:10747400012000F02FFE08BD08B501212F2001F0E6
:1074840022FB0021142001F01EFBFFF7A9FF0000DE
:1074940038B5044603461A4A43F8142B43600023C4
:1074A4008360C360174B0361174B0360174D45613D
:1074B4008061174BC361174B436105624062164BF1
:1074C4008362164B03620BF083FFE06225636463FF
:1074D400134BA363134B23630BF07AFFE063256420
:1074E4006464114BA364114B2364E5642465104B5D
:1074F4006365104BE3640BF06BFFA065204638BD59
:1075040094B6030010660300F8B5030080B60300C8
:107514001466030018B603002466030004B60300CF
:10752400446603002CB603002C66030054B6030023
:107534003466030040B60300034600F11402074812
:10754400026003F12002426003F13002826003F121
:107554004002C2604C330361704700BF5C2B0020C3
:107564002DE9F04389B0064600F096FB02AC524D7B
:107574000FCD0FC495E8030084E803004F4C504B33
:10758400E41AE408240444F003044E49204609F0B4
:10759400FBFF4D49204609F0F7FF9DF808204B49B1
:1075A400204609F0F7FF9DF809204949204609F0D3
:1075B400F1FF9DF80A904A464649204609F0EAFF41
:1075C4009DF80B709DF80C303A464349204609F06B
:1075D400EBFF9DF80D809DF80E3042463F49204652
:1075E40009F0E2FF3E49204609F0CEFFBDF8102025
:1075F4003C49204609F0CEFFBDF812203A49204606
:1076040009F0C8FFBDF814203849204609F0C2FF2C
:10761400069A3749204609F0BDFF3649204609F04D
:10762400B3FF079DEAB23449204609F0B3FFC5F31E
:1076340007223249204609F0ADFFC5F3074230491D
:10764400204609F0A7FFB9F1010F14BF002301235D
:107654002FB1B8F1000F02D0B9F1010F10D000938F
:1076640043463A462749204609F0A9FF0CF0D6FCC8
:1076740032460921022000F017FD09B0BDE8F0836D
:10768400009343463A462049204609F098FF0CF0FF
:10769400C5FC32460B21022000F006FD0AF022FF51
:1076A40032460621032000F0FFFC32460C21012063
:1076B40000F0FAFCE1E700BF9455002048650300A0
:1076C400F86403004C6603007066030088660300D8
:1076D400A0660300B0660300DC66030000670300D5
:1076E40024670300386703005067030064670300DE
:1076F400786703009C670300B0670300C867030052
:10770400E4670300406803000068030010B5044602
:1077140000F0C2FA2046FFF723FF22460921012088
:1077240000F0C2FC10BD000010B50AF0DBFE0446F8
:10773400074A032100F0B2FC064A0821204600F063
:10774400ADFC054A0721204600F0A8FC10BD00BF8F
:1077540009740200117702001D74020010B50CF0C8
:107764005DFC0446044A052100F098FC034A0D21FF
:10777400204600F093FC10BD3174020045740200F1
:1077840008B5FFF7D1FFFFF7E9FF00F09FFF254B96
:107794001B68BFF35B8F13F0010F15D0224B1B68DE
:1077A400BFF35B8F13F0010F1DD0204B1B68BFF399
:1077B4005B8F13F0010F25D001F018FA01F0DAF90C
:1077C400014601F01EFB08BD16480EF037FE0028E6
:1077D400E4D00023164A1321164800F02DFF114867
:1077E4000EF040FEDAE710480EF028FE0028DCD048
:1077F4000023114A0D21114800F01EFF0A480EF023
:1078040031FED2E709480EF019FE0028D4D0002337
:107814000B4A11210B4800F00FFF04480EF022FE22
:10782400CAE700BF902B0020802B0020702B002083
:1078340059740200942B00206B740200842B0020E6
:107844007D740200742B002010B504460BF048FA36
:1078540000220321042000F027FC0D4B0D4A9B1A43
:10786400DB081B040C4943F0030009F08DFE01F012
:1078740081F9012101F0EDFA0CF0D0FB0022032183
:10788400022000F011FCE0680BF03EFF10BD00BFC9
:1078940048650300F86403008068030008B50AF033
:1078A40021FE00220621032000F0FEFB0CF0B6FBB3
:1078B40000220721022000F0F7FB01F05BF9002110
:1078C40001F0C7FA08BD70B50C4646683046FFF7AC
:1078D40033FE0546A1B203390E290DD8DFE801F0C5
:1078E400170C0C0C0C1C0C0C0C0D0C240C08290093
:1078F400C168304600F03FFC70BD01F03BF9012146
:1079040001F0D0FAE968304600F035FCF4E7C168CC
:10791400304600F030FCEFE70AF0E4FD00220421D9
:10792400032000F0C1FBE7E7C168304600F023FC08
:10793400E2E700F0D5FF00F0EDFF0028DCD100F015
:10794400CFFF00F0E9FFD7E77047000008B5104803
:10795400104BC01AC00800040F4940F0030009F09E
:1079640013FE0AF0BFFD00220221032000F09CFB5D
:107974000CF054FB00220221084600F095FB0BF0AA
:10798400AFF900220221042000F08EFB08BD00BFE5
:1079940048650300F86403009C68030038B50C468E
:1079A40045682846FFF7C8FDA1B20D290BD011295F
:1079B4000DD100F095FF00F0ADFF40B900F090FF4D
:1079C40000F0AAFF03E0C168284600F0D4FB38BDEC
:1079D40008B50AF087FD00220421032000F064FBAF
:1079E40001F0C8F8012101F020FA08BDF8B50446F9
:1079F4000F4646683046FFF79FFD0546164B174A6B
:107A04009B1ADB081B043A46154943F0030009F0AE
:107A1400C1FDB9B209290BD0112911D0082906D109
:107A2400E0680BF08DFE2969304600F0A4FBF8BD38
:107A3400E0680BF069FE6968304600F09CFBF6E7ED
:107A440000F04EFF00F066FF0028F0D100F048FF80
:107A540000F062FFEBE700BF48650300F864030031
:107A6400CC68030008B50CF0D9FA002203210220E7
:107A740000F01AFB01F07EF8002101F0D6F908BDF0
:107A840008B542F210700AF0DDFB01F073F8002132
:107A940001F0F3F908BD08B542F210700AF0D2FB08
:107AA4000AF020FD00220421032000F0FDFA0CF06E
:107AB400B5FA00220C21022000F0F6FA0BF010F9BE
:107AC40000220321042000F0EFFA01F053F8012111
:107AD40001F0D3F908BDF8B505460C4647683846A9
:107AE400FFF72AFD0646A1B20839092922D8DFE8A2
:107AF40001F00522212121212A21213D0AF0F2FC55
:107B040000220621032000F0CFFAE8680BF018FEEB
:107B14000CF084FA00220721022000F0C5FA0BF0D1
:107B2400DFF800220421084600F0BEFAF168384666
:107B340000F021FBF8BDE8680BF0E6FD71683846FB
:107B440000F019FBF6E70CF069FA00220721022085
:107B540000F0AAFA0BF0C4F800220421084600F051
:107B6400A3FAF168384600F006FBE3E700F0B8FE3C
:107B740000F0D0FE0028DDD100F0B2FE00F0CCFE13
:107B8400D8E7704738B50C4645682846FFF7D4FC5B
:107B9400A1B210290BD011290DD100F0A1FE00F0E3
:107BA400B9FE40B900F09CFE00F0B6FE03E0816827
:107BB400284600F0E0FA38BD08B500F0DBFF0146C6
:107BC40001F01FF908BD38B50C46154600F064F8FD
:107BD4002A46214600F6EC1000F0C5FA38BD000034
:107BE40010B5044600F046FA014B2360204610BD50
:107BF40068B6030038B5134B1A6801321A60124C88
:107C0400124BE41AE408240444F003041049204607
:107C140009F0C0FC0BF0DCFB05460BF0B7FCB5F932
:107C240004200C49204609F0B5FC0AF083FE054601
:107C34000AF09CFFB5F900200749204609F0AAFC88
:107C440038BD00BFA02B002048650300F864030082
:107C5400F4680300086903002C69030010B582B0BE
:107C6400044600F020F904F51960FFF7B9FF04F6A3
:107C7400EC10FFF70DFC064B0093012341F2883210
:107C8400044904F6482000F09DFA204602B010BDD5
:107C9400F97B02004C69030008B50A4B1B68BFF36B
:107CA4005B8F13F0010F01D0074808BD05480EF0A3
:107CB400C5FB0028F8D00448FFF7D0FF01480EF0B8
:107CC400D1FBF1E7A42B0020A82B002010B582B033
:107CD400044600F0A9F9184A0421204600F0F8F8F7
:107CE4002246012104F5196000F0CCF90AF0F8FFEE
:107CF4000BF010F80CF092F90CF0AAF90AF0F2FB70
:107D04000AF00AFC04F6EC1000F049FA04F64820E4
:107D140000F072FA09480A4BC01AC0080004094B63
:107D24000193002200920123074940F0030009F067
:107D340053FC02B010BD00BF5C690300486503003A
:107D4400F86403009C6903007069030008B500F03F
:107D540029F908BD032824D8012A06D001290CD00A
:107D6400022910D0B1B107207047012901D00022A7
:107D7400F4E700F10E02D2B2F0E700EB40000A4B48
:107D84001A540020704700EB4000074B03445A701C
:107D94000020704700EB4000034B03449A7000201E
:107DA40070470720704700BF2436002008B5012221
:107DB40000210846FFF7CEFF10B10346072812D171
:107DC400072202210120FFF7C5FF034608B1072857
:107DD40009D1042202210020FFF7BCFF034610B1A1
:107DE400072800D10023184608BD08B50122022146
:107DF4000020FFF7AFFF10B10346072812D1072276
:107E040002210120FFF7A6FF034608B1072809D184
:107E14000A2200210846FFF79DFF034610B10728F8
:107E240000D10023184608BD08B50388102B0ED0D6
:107E3400112B13D10F4A1368013B136073B9FFF779
:107E4400D4FF58B10C4B1B6843B1984706E0094B6B
:107E54001B6823B1074A13680133136008BDFFF799
:107E6400A5FF0028F6D0044B1B68002BF2D09847DE
:107E7400F0E700BF303600203436002010B584B05F
:107E840004464FF0FF3201A9D4F8F4080CF028FDA1
:107E94000128F6D101980028F3D003681B68039ADF
:107EA40002999847EDE738B504460025C0F8F05824
:107EB400C0F8F4585022294600F6F8000EF08EFA65
:107EC4004822294604F648100EF088FA204638BDA8
:107ED40010B584B004460B46114600F1F00200F6DA
:107EE400F80002900192009323464FF4007209486F
:107EF4000CF06CFFC4F8F0080023009304F6481358
:107F040022460C2114200CF097FBC4F8F40804B0AA
:107F140010BD00BF817E020000B585B001910292C0
:107F2400039300231A4601A9D0F8F4080CF0C4FB0B
:107F340005B05DF804FB000000B585B00191029224
:107F44000393002300936A4601A9D0F8F4080CF0C7
:107F54006BFC009B43B1064B4FF080525A6040BF0C
:107F6400BFF34F8FBFF36F8F05B05DF804FB00BF05
:107F740000ED00E0034B0360034B0B6080231360B0
:107F8400704700BF88400020883E0020034B0360F8
:107F9400034B0B604FF4007313607047383E0020AE
:107FA4003836002008B50CF053FFFEE710B50E4C30
:107FB4000E4BE41AE40824040D4944F0020009F0CD
:107FC400E3FA4FF40041002009F0C2F808F0BAFFC8
:107FD40044F003040749204609F0D6FA064920462E
:107FE40009F0D2FA10BD00BF48650300F86403002D
:107FF400AC690300CC690300EC69030008B503E035
:1080040009F058F9034B1870024B1B78002BF7D179
:1080140008BD00BF1C2B002008B5FFF7EFFF08BD0B
:1080240008B504F065FD08BD30B589B0FFF7F8FF69
:10803400FFF7BCFF0024DCB109B030BD04F01F031E
:1080440043EA451302930023039301220492059308
:108054000693079308AB13E903008DE8030002AB12
:108064000FCB00F051FD0135002DE7D00134E2E7DC
:108074002546F9E7024A02600022027182607047D5
:1080840074B603004B1EDBB2092B04D80171024BFA
:1080940043F8210082607047D8400020023100EB91
:1080A400810042607047000000F1FF3C5FFA8CFCE5
:1080B400BCF1090F00D9704708B5054B53F82000EF
:1080C40013460A4601468068FFF726FF08BD00BF35
:1080D400D840002000F1FF3C5FFA8CFCBCF1090F92
:1080E40000D9704708B5054B53F8200013460A46DB
:1080F40001468068FFF720FF08BD00BFD84000207C
:1081040038B505460C468B1C00EB83035B688BB1CA
:10811400002098470E4B0F4AA3EB020C4FEADC0CED
:108124004FEA0C4C2B7922460B494CF0040009F021
:108134003BFA38BD0648074BC01AC00800042B7927
:108144000A46064940F0040009F02EFAF1E700BFA0
:1081540048650300F8640300006A03002C6A030006
:10816400704770477047406820B108B503689B6842
:10817400984708BD704738B504460D464068036803
:108184005B6898476368A36065602B681B68284632
:10819400984738BDC068003818BF0120704710B533
:1081A400044603681B6898472046FFF7F3FF20B195
:1081B400E368A36063600023E360606803681B688E
:1081C400984710BD30B583B00446084611461A4698
:1081D400069B63608902074DA5FB015104F1080564
:1081E40001950093002389090DF0C6F9206020460B
:1081F40003B030BDD34D621030B583B0056865B1AE
:108204000CF074FE02460024009423460121284603
:108214000DF0DEF9204603B030BD0120FBE730B598
:1082240083B00546006898B10A46002400942346AA
:1082340004210DF0CDF92D680CF058FE024600948F
:108244002346012128460DF0C3F9204603B030BD72
:108254000120FBE7006850B100B583B00022009212
:10826400134603210DF0B4F903B05DF804FB704725
:1082740030B583B00546006898B10A4600240094DE
:10828400234609210DF0A4F92D680CF035FE0246B1
:1082940000942346062128460DF09AF9204603B09F
:1082A40030BD0120FBE7006850B100B583B0002267
:1082B4000092134608210DF08BF903B05DF804FB1E
:1082C4007047704710B503681B681878044C013870
:1082D4002146C0B205F0EAFEB4F9000010BD00BFAB
:1082E4000A41002030B589B001900C460178254B35
:1082F40000221A705A709A70DA70022018715A713A
:108304009A71D9711A722049204805F009FE58B9AA
:10831400019B187801381B49C0B205F063FE40B9CF
:1083240001AB029303AD0EE0194A262106F098FB37
:10833400EEE7174A272106F093FBF1E702A8FFF7BF
:10834400C1FF25F8020B08AB9D42F7D1002303AA15
:1083540002E032F9021B0B4408A98A42F9D10D4A02
:1083640082FB0312DB17C3EBA2031BB2C3EB0313A1
:10837400C3EB03139B09238005F0F6FF002009B02B
:1083840030BD00BF00410020C782020098B6030040
:10839400586A03006766666608B5094B1B68BFF335
:1083A4005B8F13F0010F01D0064808BD04480EF09E
:1083B40045F80028F8D002480EF054F8F4E700BF5E
:1083C400104100201441002030B583B0044600253C
:1083D40040F8045B074A00942B4606CA00F0F6FDF9
:1083E4002022294604F144000DF0F8FF204603B092
:1083F40030BD00BF9CB6030010B51048104BC01A26
:10840400C00800040F4940F0030009F0BDF8FFF76D
:10841400C3FF0D4C21460D48FFF764FF0AF08AFAAA
:10842400B4F9003040F2145202FB03F3084A82FB11
:108434000312DB17C3EBA213038010BD48650300CE
:10844400F8640300B46A03000C410020202B0020D0
:10845400D34D621008B5FFF7CFFF08BD08B5027809
:10846400094B1A70094A5A60436843B1996911600B
:108474009B8B9380064B1B680348984708BD034BAE
:1084840000221A609A80F5E720410020184100205C
:10849400384100207047000008B50A480A4BC01A4A
:1084A400C0080004094940F0030009F06DF80848C9
:1084B40002F0BEFC00B908BD064A2E2106F0D0FA2F
:1084C400F9E700BF48650300F8640300D46A0300B9
:1084D4003C410020E46A030008B502F0C1FB08BD7A
:1084E40000B583B009F0C8FB68B90023019301A962
:1084F400012009F0B7FC58B901A809F081FD60B961
:1085040003B05DF804FB074A3B2106F0A9FAECE747
:10851400044A3F2106F0A4FAEEE7024A422106F09B
:108524009FFAEDE7E46A0300084B4FF4FA725A80AD
:108534004FF47A729A800022DA80197862F3820109
:108544001970C9B262F3C401197070472841002040
:1085540000B585B000230093019302930393084B65
:108564000093084A6946084802F021FC10B905B096
:108574005DF804FB054A5C2106F072FAF7E700BFD8
:1085840028410020618402003C410020E46A030089
:1085940008B5044B1860FFF7A3FFFFF7C5FFFFF70B
:1085A400D7FF08BD3841002038B50446002313E046
:1085B4001B4B53F825309B6803B1984719481A4B55
:1085C400C01AC00800042246184940F0030008F00D
:1085D400E1FF24E00133DBB2154A12789A421ED936
:1085E4001D460F4A52F82320002AF3D01268A242F3
:1085F400F0D1204604F062FF0028D9D1084B53F88B
:1086040025305B6803B198470648074BC01AC00879
:1086140000042246074940F0030008F0BBFF38BDC0
:10862400A841002048650300F8640300546B03006C
:10863400A4410020406B030030B583B004460160C0
:1086440042608360194B1B78022B23D80D46184BCC
:108654001B68ADF804301B0C8DF8063003238DF82D
:108664000530144A01A9284604F06AFE68B90121BC
:10867400284604F0BDFE0D4A1378591C11700E4AA9
:1086840042F82340204603B030BD0C4A242106F0B2
:10869400E7F9ECE70A480B4BC01AC00800040322B0
:1086A400094940F0010008F075FFEBE7A441002000
:1086B400A4B60300AD850200A8410020686B030046
:1086C40048650300F8640300C86B030008B500F0B4
:1086D400E7F908BD10B50446054B0360054B03607C
:1086E400054B1B684360083000F068F8204610BD55
:1086F400B0B60300C0B60300C8B603000804034BB9
:10870400A3FB0030C0F30F30704700BF5917B7D137
:1087140008B50A430221083000F098F808BD08B5EE
:1087240000220321083000F091F808BD08B50A437F
:108734000421083000F08AF808BD08B50A22052192
:10874400083000F083F808BD10B50446FFF7F5FFC4
:108754004FF4704211462046FFF7DAFF2046FFF738
:10876400DEFF0F2200212046FFF7E0FF10BD0229A3
:1087740005D0032905D0012905D108207047092017
:1087840070470A2070470720704738B504461546DD
:10879400FFF7EDFF01462A4604F1080000F056F801
:1087A40038BD38B504460D461146FFF7A7FF02460B
:1087B40029462046FFF7E9FF38BD000030B58FB0E9
:1087C4000446174B844693E80700ACE803002CF8F2
:1087D400022B120C8CF80020012284F84C220DF19B
:1087E4001C0E03F10C0CBCE80F00AEE80F009CE873
:1087F40007008EE8070004F10C05002304930EAB78
:1088040013E90F008DE80F0007AB0ECB284600F0EC
:1088140075FB284600F066FB20460FB030BD00BF54
:10882400CCB6030023B90170130A437082707047F9
:10883400012BF9D141F080010170F5E703780B7049
:1088440043784B7083788B707047000010B582B00A
:1088540004460023415C01A8FFF7E4FF694601A830
:10886400FFF7ECFF00210B2000F02DF903226946ED
:1088740004F10C0000F08EFB044601210B2000F0F3
:1088840022F90CB902B010BD0548064BC01AC00845
:108894000004054940F0010008F076FEF2E700BF4D
:1088A40048650300F8640300EC6B0300BFF34F8FCB
:1088B4000549CA6802F4E062044B1343CB60BFF37A
:1088C4004F8F00BFFDE700BF00ED00E00400FA0594
:1088D4003CDF70473DDF70470022027070470000A4
:1088E40008B50A4B1B68BFF35B8F13F0010F01D06F
:1088F400074808BD05480DF0A1FD0028F8D004483C
:10890400FFF7EAFF01480DF0ADFDF1E7B4410020A7
:10891400B84100200078704770B50646164C174BD6
:10892400E41AE408240444F002051549284608F032
:108934002BFE4FF0FF310020FFF7CCFF60B9B121CF
:108944000020FFF7C5FF024668B10E4944F001005C
:1089540008F020FE002070BD02460B4944F00100DF
:1089640008F018FEF6E7012333700849284608F09A
:108974000BFEFFF79BFF00BF48650300F86403008C
:108984000C6C0300586C0300386C0300786C030013
:1089940010B5044603685A0904D0012A13D14FF6CE
:1089A400FF7201E04FF0FF3203F01F0322FA03F3DA
:1089B40013F0010F09D023681F2B0CD903F01F03F8
:1089C4002360064810BD0022EEE705494FF4F67017
:1089D40007F0B4F9EFE74FF0A040F3E700030050CD
:1089E400946C030000B583B0019001A8FFF7D0FF99
:1089F400D0F81005019BD84000F0010003B05DF8E9
:108A040004FB00B583B0019001A8FFF7C1FF012367
:108A1400019A9340C0F80C3503B05DF804FB00B52F
:108A240083B0019001A8FFF7B3FF0123019A93409B
:108A3400C0F8083503B05DF804FB08B511B9FFF7B9
:108A4400E0FF08BDFFF7EBFFFBE770B582B00190D4
:108A54000C4616461D4601A8FFF79AFF44EA460451
:108A640044EA85049DF8183044EA03249DF81C3038
:108A740044EA0344019B03F5E07340F8234002B049
:108A840070BD00B583B0019001A8FFF781FF019B81
:108A940003F5E073022240F8232003B05DF804FBE1
:108AA40008B5054B1B7803B908BD04F007FC024B5D
:108AB40000221A70F8E700BF212B002008B5FFF749
:108AC40091FFC0B208BD08B5FFF7B7FF08BD0000AD
:108AD40000B5064B01EB410C03EB8C0E43F82C0064
:108AE400CEF804108EF808205DF804FBBC41002089
:108AF40008B500EB4000034B53F8203098470020A2
:108B040008BD00BFBC41002084B010B582B004ACE5
:108B140084E80F000446FFF7B4FF9DF820309DF869
:108B24002420019200939DF81C309DF818209DF894
:108B340014102046FFF789FF02B0BDE8104004B0CE
:108B4400704730B583B004460D4601920A4601468B
:108B54001846FFF7BDFF29462046FFF7C9FF024626
:108B640001A9204604F0ECFB0121204604F040FC5E
:108B740003B030BD00487047A04300206422427017
:108B840000228270014941600272704700C00140B6
:108B940008B50248FFF7F2FF08BD00BFA04300205C
:108BA40030B58DB00546104C0DF1180CA646BEE844
:108BB4000F00ACE80F009EE803008CE803008DE88A
:108BC400030006AB0FCBFFF79FFF0DF10C0C04F174
:108BD400180393E807008CE8070000226146281D6B
:108BE40004F016FF0DB030BD08B7030008B5064BFE
:108BF4001B7803B108BDFFF7BDFFFFF7D1FF024BA0
:108C040001221A70F6E700BF9C430020F0B583B040
:108C140007EE903A4B7806EE903AF8EE666A9FEDCE
:108C2400326A86EE867AF8EEE77A67EE877AFCEEA9
:108C3400E77ACDED017A9DF804509DF8203007EED7
:108C4400903AF8EEE77A67EE877AFCEEE77ACDEDB4
:108C5400017A9DF804409DF8243007EE903AF8EE2E
:108C6400E77A67EE877AFCEEE77ACDED017A9DF834
:108C740004E000210EE048F2070715E048F2070778
:108C840022E048F2070C10331844184B23F810C0A4
:108C94000131C9B2072925D80B4604FA01F010F0B6
:108CA400800FE8D048F20D0702EB420C4FEACC00EB
:108CB40003EBCC0C0D4E26F81C7005FA03F616F0E7
:108CC400800FDBD048F20D0703F1080C8444074EF3
:108CD40026F81C700EFA03FC1CF0800FD1D048F269
:108CE4000D0CD0E703B0F0BD0000C842AC43002037
:108CF40010B582B0062B0BD8DFE803F0040C131A6E
:108D040021282F000023019300936423FFF77EFFA3
:108D140002B010BD0023019364240094FFF776FF92
:108D2400F6E76423019300230093FFF76FFFEFE757
:108D34000023019364230093FFF768FFE8E76423AB
:108D4400019300240094FFF761FFE1E7642301939A
:108D540000930023FFF75AFFDAE76423019300939B
:108D6400FFF754FFD4E7000030B585B00546002373
:108D740000930193029303930E4B00934823ADF8A1
:108D8400043003E00121204604F03EFF2C1D204660
:108D940004F014FF0028F5D001231A466946204642
:108DA40004F0B6FE4FF49650034B43F0010398478A
:108DB40005B030BDAC43002000B7030008B5012363
:108DC4008B70FFF7D1FF08BD70B582B005460E4623
:108DD40000240194009423462246FFF717FF0194D0
:108DE40000942346012231462846FFF70FFF0194E1
:108DF40000942346022231462846FFF707FF02B0BB
:108E040070BD10B5044600228A70FFF7DDFF2046CE
:108E1400FFF7AAFF10BD00B583B0002301930093B0
:108E2400FFF7F4FE03B05DF804FB10B504466423B9
:108E3400437049B1022300220146FFF759FF21463E
:108E44002046FFF7BBFF10BD00220146FFF7E3FFFA
:108E5400F5E710B504466423437049B103230022A7
:108E64000146FFF745FF21462046FFF7A7FF10BD47
:108E740000220146FFF7CFFFF5E710B5044664234F
:108E8400437049B1062300220146FFF731FF214612
:108E94002046FFF793FF10BD00220146FFF7BBFFFA
:108EA400F5E7000010B504466423437079B101234B
:108EB4001A460146FFF71CFF21462046FFF77EFFB6
:108EC4004FF4C850044B43F00103984710BD0122EE
:108ED4000146FFF7A0FFEFE700B7030008B5FFF76F
:108EE40057FE08BD08B500231A4600F12C011C30BA
:108EF40003F000FF00B908BD0120FCE784B070B4A2
:108F0400844604A880E80E000B9B43B1012B0CD1CE
:108F14000CF11C041D4B0FCB84E80F0005E01C4B27
:108F24000CF11C040FCB84E80F00079ECCF80C60F6
:108F3400049DCCF800509DF818308CF80830059C3E
:108F4400CCF804400998CCF81400089ACCF8102006
:108F54000A99CCF818108CF83960CCF834508CF895
:108F640038408CF82D008CF82E108CF82C208CF8BE
:108F74002F30FF238CF8313006238CF83030012356
:108F84008CF84032002070BC04B0704744B7030032
:108F940034B7030070B584B00546144600F59F76D7
:108FA40030460DF0E9F9E4B205F13C030096019472
:108FB400029303940022694605F1200005F048FC61
:108FC40008B904B070BD0120FBE7000010B582B001
:108FD4008646684680E8060003C88EE80500CEF899
:108FE40008300EF1180C0E4C0FCCACE80F000FCC6F
:108FF400ACE80F0094E803008CE80300049BCEF86F
:1090040014309DF8053003330EF10C020EEBC3034C
:1090140093E8030082E80300704602B010BD00BF6D
:1090240054B7030008B500212F20FFF74CFD08BDFD
:1090340008B501212F20FFF746FD08BD70470C201D
:109044007047000008B541F28733994234DC41F29D
:10905400883303FB01F05B1A90FBF3F007EE900AF0
:10906400F8EEE77A17EE900A0DF026F918A3D3E983
:1090740000230DF007F841EC100B0CF09FFC51ECB1
:10908400100B0DF0E1F80F4B03FB00F00E4A82FBCE
:109094000031C317C3EBA11303F698530B4890FB9D
:1090A400F3F0A0F58520A0F2FE2082FB0032C01769
:1090B400C0EBA21000B208BD6FF48870FBE700BFDC
:1090C400AFF30080A68C0400D34D621090F0D73D1E
:1090D400000000000088B34070B50546FFF75CF956
:1090E400074E31460748FFF7FDF80AF071F90446C8
:1090F400B6F9001041802846FFF7A4FFA08070BD98
:109104003C440020242B002008B5FFF7E5FF08BDF0
:109114000020704708B540F2DC520321FFF741FB01
:1091240008BD08B500220221FFF73BFB08BD08B5C6
:109134000A460121FFF735FB08BD08B50C2904D9FF
:109144004FF4C861FFF7F3FF08BD01EB810101EBA8
:109154008101890001F5C87189B2FFF7E8FFF3E7DF
:1091640008B564220021FFF71CFB08BD10B50446B6
:10917400FFF7D0FF2046FFF7D4FF4FF4C871204615
:10918400FFF7D5FF2046FFF7EBFF10BD08B5FFF74B
:10919400DBFA08BD30B583B00446FFF79BFA2025FF
:1091A4002A46002104F516700DF018F92A4600210C
:1091B40004F51E700DF012F90025A4F89852A4F8D5
:1091C4009A520C4A00942B4606CA04F52770FFF7FE
:1091D400FDFE094A00942B4606CA04F53770FFF7D2
:1091E400F5FE2046FFF7D2FF2046FFF7BFFF2046DB
:1091F40003B030BD8CB7030084B70300BFF34F8FB7
:109204000549CA6802F4E062044B1343CB60BFF320
:109214004F8F00BFFDE700BF00ED00E00400FA053A
:109224004FF08053D3F83031082B01D00020704721
:10923400012070474FF08053D3F83031082B01D010
:1092440000207047012070474FF08053D3F830213D
:10925400D3F83431082A01D000207047002B04D8F9
:10926400DFE803F0010001207047002070474FF051
:109274008053D3F83021D3F83431082A01D00020A8
:109284007047002B04D8DFE803F001000120704789
:10929400002070474FF08053D3F83021D3F8343195
:1092A400082A01D000207047002B04D8DFE803F01F
:1092B400010001207047002070474FF08053D3F81D
:1092C4003021D3F83431082A01D000207047002B14
:1092D40004D8DFE803F00100012070470020704744
:1092E4004FF08053D3F83031082B01D00020704761
:1092F400012070474FF08053D3F83021D3F8343134
:10930400082A01D000207047032B01D800207047A1
:109314000120704708B5FFF7EDFF38B14FF0102377
:10932400D3F808224FF08043C3F8582508BD000045
:10933400024BD3F80034002BFAD0704700E0014010
:1093440008B5034BC3F80405FFF7F2FF08BD00BFDF
:1093540000E00140014B024A1A607047282B0020AC
:109364000090D00338B5FFF75BFF40B14FF0804366
:109374000022C3F80C21C3F81021C3F83825FFF7E5
:1093840059FF002846D04FF08052D2F80414554BB0
:10939400C3F82015D2F80814C3F82415D2F80C1415
:1093A400C3F82815D2F81014C3F82C15D2F81414E5
:1093B400C3F83015D2F81814C3F83415D2F81C14B5
:1093C400C3F84015D2F82014C3F84415D2F8241475
:1093D400C3F84815D2F82814C3F84C15D2F82C1445
:1093E400C3F85015D2F83014C3F85415D2F8341415
:1093F400C3F86015D2F83814C3F86415D2F83C14D5
:10940400C3F86815D2F84014C3F86C15D2F8442494
:10941400C3F87025FFF718FF18B1334B334AC3F86C
:109424008C26FFF724FF18B1314BFB22C3F8182513
:10943400FFF730FF70B14FF08041D1F8E43E23F0E4
:109444000F034FF08052D2F8582202F00F02134358
:10945400C1F8E43EFFF731FF20B1264B4FF4007210
:10946400C3F84026FFF73CFF60B14FF08043D3F8C8
:10947400003413F0010F05D04FF080436FF0010268
:10948400C3F800241C4AD2F8883043F47003C2F8AD
:109494008830BFF34F8FBFF36F8FFFF73BFF4FF061
:1094A4001023D3F80032002B08DB4FF01023D3F83D
:1094B4000432002B02DBFFF74DFF38BD0120FFF71C
:1094C4003FFF4FF010241225C4F80052FFF730FF7D
:1094D400C4F80452FFF72CFF0020FFF731FFFFF719
:1094E4008DFE00BF00C000400050004048810300D2
:1094F40000F000400090024000ED00E048B300B5E9
:10950400864642B34FF0000C06E01EF80C0060449F
:1095140080B201301FFA80FC0CF10100884207DAA6
:1095240010886045F1D80EEB0C0040789842ECD1DD
:109534008C4512D20CF102039BB21EF80C0078B1D8
:10954400013880B250B103EB000C61450ADB138093
:1095540004E000207047002000E000205DF804FBD8
:109564000020FBE70020F9E770B582B00023ADF8D6
:109574000630DAB10446164609230DF10602FFF758
:10958400BDFF0546BDF806301C448BB198B130468A
:109594000CF0DBFEA84201D000200AE02A46214656
:1095A40030460CF0AFFE40B1002002E0002000E0A5
:1095B400002002B070BD0020FBE70120F9E70000A5
:1095C40000230BB10020704703EB8302054931F8F7
:1095D4002220824201D00133F3E703EB830301EB42
:1095E400830070476444002030B5B0F804C002EB37
:1095F4000C04944594BFACEB0C0CACEB020CC2888D
:109604009D189A4294BF921AD21A4B88B0F800E07F
:1096140073450ED3408883420DD88B8863450CD3A1
:10962400A3420CD8CB8893420BD3AB420BD8012076
:1096340000E0002030BD0020FCE70020FAE7002015
:10964400F8E70020F6E70020F4E7000008B5024B35
:109654009B6903B1984708BD4844002010B5808831
:10966400FFF7AEFF38B10446406805F0E7FA18B9D1
:109674004FF6FF73238010BDFFF7E8FFF8E7000003
:1096840000B583B002460B46497A69B9197A41B9E3
:109694000D494968586805F079FA88B1FFF7D6FF93
:1096A4000EE009498968F5E700211972064B5B69E8
:1096B40033B101218DF80410ADF8060001A89847D4
:1096C40003B05DF804FB00BF4844002070B5C37BC1
:1096D4008688012B1DD104464FF6FF70FFF770FFFB
:1096E4000546B8B10680002303720F4B03CBC5F8BF
:1096F4000A00C5F80E104FF6FF7340F2F31204F19E
:10970400100105F10A00FFF76FFF6872074BDB8950
:1097140023B170BD0420FFF799FFFAE729463046CC
:10972400FFF7AEFFF5E700BF4044002048440020A7
:1097340070B5044686883046FFF742FF70B105468F
:109744004FF6FF7340F2F31204F108010A30FFF7F9
:109754004BFF687229463046FFF792FF70BD000048
:10976400C288124BDB899A4200D0704770B5044618
:10977400038A022B00D070BD85882846FFF720FF9E
:1097840006460028F7D004F1120000F0C9F920B110
:1097940031462846FFF774FFEDE7706805F04EFA8E
:1097A4000028E8D0FFF752FFE5E700BF4844002057
:1097B40008B50388122B0FD006D8102B09D0112B13
:1097C40009D1FFF74BFF06E0502B04D1FFF7C8FF88
:1097D40001E0FFF77BFF08BDFFF7AAFFFBE70000EE
:1097E40008B50146014806F065FB08BD7844002031
:1097F400F0B583B00190B9B116460F46019D85B905
:10980400284603B0F0BD0134132CF9D8214601A831
:1098140006F050FB0028F6D03146A0B2B847013517
:10982400F1E700242546EFE70025E9E7132801D9ED
:109834000020704738B50446054D0146284606F019
:1098440012FB2146281F06F00EFB012038BD00BF85
:109854008044002038B50546002407E0054800EBA5
:1098640084002946043006F018FB01341D2CF5D978
:1098740038BD00BF7844002008B50146014806F011
:109884000CFB08BD8044002008B512B106F0EBFAC9
:1098940008BD06F002FBFBE730B583B00546019135
:1098A40000230360019B93B9284603B030BD013403
:1098B400132CF9D8214601A806F0FCFA0028F6D0AA
:1098C4002B685A1C2A6005EB43039C80EFE70024B5
:1098D400EEE7000010B598B0134A9368DB43179382
:1098E400516817A806F04EFB17996846FFF7D4FF96
:1098F4000DF1300C6C460FCCACE80F000FCCACE88B
:109904000F0094E807008CE80700002407E018AB78
:1099140003EB440333F82C0CFFF79CFF01340C9B3E
:10992400A342F4D818B010BD7844002070B50446A2
:1099340085880388103B0A2B1ED8DFE803F0061A3B
:109944001D1D1D1D1D1D1D3B1E00FFF7C3FF2846C9
:10995400FFF76CFF38B1E37B022B0DD129461B487E
:1099640006F081FA08E01A4AF021042005F078F89C
:1099740002E02846FFF780FF70BD027A1609154CF5
:109984003F2A94BF0022012229462046FFF77CFF8C
:10999400022E94BF002201222946201FFFF774FFE4
:1099A400012E94BF002201222946A4F10800FFF7EA
:1099B4006BFFE1E7037A002BDED1427AC2F3C002E7
:1099C40029460448FFF760FFD6E700BF844400201F
:1099D400E46C030090440020132801D90020704750
:1099E40008B50146014806F065FA08BD7C4400202C
:1099F40010B50446FFF7F0FF08B9002010BD21465A
:109A0400034806F057FA08B90120F7E70220F5E702
:109A14008444002010B50446FFF7DEFF08B9002097
:109A240010BD2146034806F045FA08B90120F7E7BE
:109A34000220F5E78044002010B50446FFF7CCFF70
:109A440000B910BD2146024806F034FAF9E700BF18
:109A54008844002010B50446FFF7BEFF00B910BDCE
:109A64002146024806F026FAF9E700BF8C4400209C
:109A740010B50446FFF7B0FF00B910BD21460248F7
:109A840006F018FAF9E700BF9044002038B50546FF
:109A94000C460846FFF7A4FE08B9002038BD284646
:109AA400FFF79AFF0028F8D00634044800EB84003E
:109AB4002946043006F0FEF9F0E700BF78440020A0
:109AC40070B506460C4615460846FFF789FE00B9F0
:109AD40070BD3046FFF780FF0028F9D006340448F3
:109AE40000EB84002A4631460430FFF7CDFEEFE751
:109AF4007844002070B504460E461546FFF770FE04
:109B040008B9002070BDA01D044B03EB8003586806
:109B14002A463146FFF76CFEF4E700BF7844002084
:109B2400007800F001007047A0DF7047A1DF7047A4
:109B3400ADDF7047B3DF7047B4DF70478379012B23
:109B440001D0002070470379012B01D00020704719
:109B5400428842F602139A4201D000207047012045
:109B6400704738B50446408800F050FEA0800025B8
:109B740005B138BD204601F01DFF0135F8E700B5F9
:109B840087B000230193029303930493059308235E
:109B94008DF80430ADF80600039101A8FFF7E1FF4A
:109BA40007B05DF804FB000070B586B00023019394
:109BB4000293039304930593ADF806004FF6FF73E5
:109BC40098422ED0044600F0CFFC054611283FD021
:109BD40015D8D0B10B2826D110238DF804301D4898
:109BE4001D4BC01AC008000422461C4940F0020064
:109BF40007F0D0FC01A8FFF7B4FF00220CE043F209
:109C0400020398420FD1002206E00F238DF804309E
:109C140001A8FFF7A6FF0022114B19782046FFF791
:109C24004FFF06B070BD0B4E0B4BF61AF608360408
:109C3400284607F0D1F8024623460A4946F00100B7
:109C440007F0B2FC29462046FFF799FF0022E3E71C
:109C54000122E1E7A0650300F8640300806D0300BE
:109C6400F9440020006E030008B5FFF79DFF08BD0E
:109C740010B5044600F0DAFC00B910BD0122034B14
:109C840019782046FFF71CFFF7E700BFF8440020CF
:109C940010B582B0044600F0B9FD00236A460921DC
:109CA40001F0CAF9052801D002B010BD0122034B0E
:109CB40019782046FFF704FFF6E700BFF6440020BA
:109CC40008B500220649074B1878FFF713FF00B1C7
:109CD40008BD00220449054B1878FFF70BFFF7E78E
:109CE4000D9F0200FA440020259D0200F644002046
:109CF40008B500220249034B1878FFF7FBFE08BDA4
:109D040025A00200F844002008B500220249034BB4
:109D14001878FFF7EFFE08BD6D9C0200F94400209F
:109D240010B582B004460023019342F6A623ADF891
:109D3400043001238DF80630084B1B6800936A46F3
:109D440001A9FFF7F1FE08B102B010BD0122044BD6
:109D540019782046FFF7B4FEF6E700BF9CB703006E
:109D6400F544002010B5044638B12368012B09D10D
:109D7400BFF35F8F0023236010BD0549922005F0D7
:109D8400DDFFF2E70249932005F0D8FFF0E700BFBA
:109D9400546E0300F0B585B006460F460DF10E0073
:109DA400FFF7C8FE10B9012400250DE01A494FF44D
:109DB400997005F0C3FFF6E7BDF8002042F60213E0
:109DC4009A421DD00134A4B2BDF80E30A3421FD96B
:109DD4000223ADF804300022ADF80620CDF808D0F7
:109DE40069462046FFF7A8FE034690B9002DE3D14B
:109DF400BDF8002042F605239A42E3D10125E1E7AC
:109E0400029701AA21463046FFF792FE034600E07E
:109E14000523184605B0F0BDAC6E030010B504462A
:109E240048B10121204606F082F8BFF35F8FB0FAF3
:109E340080F0400910BD0249852005F07FFFF0E75E
:109E4400546E030070B586B0054600F0EDFA112893
:109E540047D0044619D8002846D00B2847D0254EB1
:109E6400254BF61AF6083604204606F0B5FF0246DE
:109E74002B46224946F0010007F096FB214628466E
:109E8400FFF77DFE0024224623E0862806D043F215
:109E940002039842E3D1002422461AE000260196E8
:109EA400029603960496059607238DF80430ADF8C0
:109EB40006501048104BC01AC00800042A46104926
:109EC40040F0020007F066FB01A8FFF74AFE3446A3
:109ED40032460C4909782846FFF7F2FD204606B0C1
:109EE40070BD00240122F4E701240022F1E70024DC
:109EF4002246EEE7A0650300F8640300886F0300C0
:109F0400506F0300FA44002010B504460648FFF7DA
:109F140085FF00B910BD2046FFF794FF0028F9D152
:109F24000148FFF71FFFF5E7FC44002070B586B039
:109F3400044600F08FFB054611280CD8112848D898
:109F4400DFE800F017474747474733472847474765
:109F540047474747475D43F20203984252D043F2D2
:109F64000143984235D12046FFF71EFE0025012209
:109F740022E0002301930293039304930593112396
:109F84008DF80430ADF8064001A8FFF7EAFD01257D
:109F94002A4611E001A92046FFF7FCFE28B9BDF8C6
:109FA400043013B10025012206E0204600F02EFC07
:109FB40000F082FB00252A46144B19782046FFF74F
:109FC4007FFD2A46124B19782046FFF779FD06B02B
:109FD40070BD104E104BF61AF6083604284606F0EB
:109FE400FBFE024623460D4946F0010007F0DCFA69
:109FF40029462046FFF7C3FD00250122DCE70025A2
:10A004000122D9E700250122D6E700BFF844002049
:10A01400F7440020A0650300F8640300C86F030040
:10A0240010B50446044B1978FFF730FD00B110BD9C
:10A034002046FFF77BFFFAE7F7440020037803B1DB
:10A04400704710B504464088FFF7AEFD6088FFF7FF
:10A054000FFE6088FFF71CFEFFF732FE10BD000004
:10A0640010B582B00378092B03D0FFF729FE02B0A4
:10A0740010BD0446437A002BF7D1037A072B1DD079
:10A08400082B2CD0012BF0D16A460121808801F0E5
:10A094009DFA0028E9D1019B1B78002BE5D0A0880C
:10A0A40000F0E8FB4FF6FF739842DED00122104B1C
:10A0B4001978FFF705FDFFF71BFED6E7808800F04F
:10A0C400D9FB04464FF6FF739842CED00122094BC8
:10A0D4001978FFF7F5FC2046FFF7DAFDC5E7064BD4
:10A0E4001B68012BC1D10448FFF73CFEBDE700BF4C
:10A0F400F8440020FA440020FC44002030B583B02A
:10A1040004460D460022009201920123ADF800306E
:10A1140009238DF80230104B1978FFF7D1FC5DB19B
:10A124000E4B0193204600F071FB0022694600F0BB
:10A13400F5FF18B903B030BD094BF2E7094C0A4AE0
:10A14400A41AE408240406F047FE0246074944F032
:10A15400020007F01FFAEDE7F644002098B7030069
:10A1640094B70300A0650300F864030008700300BB
:10A1740030B587B0044685880388353B1F2B14D837
:10A18400DFE803F049941313131313131313131376
:10A194001313131313131313131313131313133B63
:10A1A400131013192846FFF7FFFCFFF7ADFDFFF767
:10A1B4009FFD07B030BD00240194029403940494DD
:10A1C400059412238DF80430ADF80650284600F0AB
:10A1D4001DFBADF8080000F06FFA22464D4B1978CC
:10A1E4002846FFF76DFC22464B4B19782846FFF7AB
:10A1F40067FC01A8FFF7B5FCD7E70630FFF79EFC24
:10A204000028D2D00122454B19782846FFF758FC84
:10A21400FFF756FDC9E7424B19782846FFF736FC8D
:10A224000028C2D000223E4B19782846FFF748FC8C
:10A23400E288B2F5857F10D0A2B96289012A1CD1C7
:10A24400A289012A24D03748374BC01AC008000419
:10A25400364940F0020007F09DF900212846FFF737
:10A264004DFFA2E72F48304BC01AC0080004304904
:10A2740040F0020007F08EF9EFE72A482A4BC01A93
:10A28400C00800042B4940F0020007F083F9D7E727
:10A294000022E1892846FFF749FC0028DDD101228C
:10A2A400254B19782846FFF70BFC7EE7224B1978DB
:10A2B4002846FFF7EBFB00283FF477AF00221E4B44
:10A2C40019782846FFF7FCFBE28852B9E289012A93
:10A2D40013D1217C003918BF01212846FFF70EFF56
:10A2E40063E71048104BC01AC0080004104940F03E
:10A2F400020007F04FF90021EFE70A480A4BC01AA1
:10A30400C0080004094940F0020007F043F90021A5
:10A31400E3E700BFF7440020F8440020FA4400209B
:10A32400F5440020A0650300F8640300E070030016
:10A3340068700300A4700300F4440020AFDF70478A
:10A34400B1DF7047B2DF7047B3DF704738B50446FA
:10A35400808800F08FFA6080002505B138BD204662
:10A3640001F02CFB0135F8E730B589B0224B93E8B6
:10A37400030008AB03E903000BE007238DF8043066
:10A3840001A8FFF7E3FF35E01C4C208800F045FFEF
:10A3940020801A4B18884FF6FF7398422AD0002267
:10A3A40006A900F0BBFE04460028EDD0002301936B
:10A3B4000293039304930593104B1B88ADF8083064
:10A3C400112817D08628D8D00D4D0E4BED1AED0864
:10A3D4002D0406F001FD0246084B1B880A4945F08E
:10A3E400010007F0E1F808238DF80430039401A874
:10A3F400FFF7ACFF09B030BDA8B703000245002049
:10A40400A8650300F86403003071030008B5054B28
:10A414001A884FF6FF739A4200D108BDFFF7A4FFD4
:10A42400FBE700BF024500202DE9F04784B08246D7
:10A4340000F0ECF94FF6FF73984200F0878007466E
:10A44400012449E002AA0821384601F0BFF888B97E
:10A45400B8F8042003998B889A420DD10631284616
:10A464000BF050FF40B90821384601F025F9D8B95E
:10A474000B2607E0052807D13A460821384601F0A3
:10A4840073F90646002525E0334C344AA41AE4083F
:10A49400240406F0A1FC02465346314944F001006D
:10A4A40007F082F8032653E02B4D2C4AAD1AED0831
:10A4B4002D0406F091FC03463A462A4945F0010072
:10A4C40007F072F80326DDE701250821384601F07C
:10A4D400F3F818BB002D3BD022460134A4B26B46DE
:10A4E4000821384601F078F8814638BBDDF804804D
:10A4F4000323454645F8063B08F104022946504625
:10A50400FFF720FF064600289CD00C28DCD0052845
:10A5140001D00025D9E74E460025D6E70E4E0F4A56
:10A52400B61AF608360406F057FC03463A460D49B7
:10A5340046F0010007F038F80326CBE7072802D1DC
:10A5440000250C26C6E706460025C3E743F20206AB
:10A55400304604B0BDE8F087A8650300F864030042
:10A5640088710300C07103002DE9F04182B00546F3
:10A5740000F04CF94FF6FF73984205D103240026EE
:10A5840037464FF0010825E06A46082101F01EF81D
:10A5940020B9019B9F1D9E881C68F2E703240026B6
:10A5A4003746EEE726B14FF00008032446460FE095
:10A5B4001B481C4BC01AC00800042A461A4940F024
:10A5C400010006F0E7FF4FF00008032000E011202F
:10A5D4000B281CD12346324639462846FFF7B0FEE5
:10A5E4000428F4D008280CD00B28F1D114F0020F61
:10A5F40009D1002FD6D04FF0000803244646474621
:10A60400E6E70020E4E74FF000080124E0E7B8F1B2
:10A61400000F02D002B0BDE8F0810B20FAE700BFC2
:10A62400A8650300F86403004072030000B585B018
:10A634000DF10F03029300F0E9F801AA012100F0E3
:10A64400C5FF20B9029B187805B05DF804FB002013
:10A65400FAE7000010B504461348FFF775FE90B101
:10A66400124C134AA41AE408240406F0B5FB02466B
:10A67400104944F0010006F08DFF032010BD43F2A1
:10A6840003039842FAD14FF6FF72074B198820460C
:10A69400FFF754FE43F203039842F0D1024A1388B1
:10A6A40001331380EBE700BF00450020A8650300D9
:10A6B400F8640300B872030000B583B084466B46A7
:10A6C400064A92E8030083E8030000221946604624
:10A6D40000F024FD03B05DF804FB00BFB0B7030035
:10A6E40046DF704738B50546002405E0044B53F8AF
:10A6F4002430284698470134012CF7D938BD00BFCF
:10A70400B8B7030000230F2B03D8C25C1AB9013376
:10A71400F9E7002070470120704778B181B108B58E
:10A7240003780A785340012B0CD8062201310130FA
:10A734000BF0E8FDB0FA80F0400908BD0020704736
:10A74400002070470020F8E72DE9F04104460D464B
:10A7540000F1110701F111081022013101300BF051
:10A76400D1FD50B90646601CFFF7CCFF30B1681C20
:10A77400FFF7C8FF10B1012600E0002606F001062D
:10A7840041463846FFF7C9FF637C03F0FE03042B00
:10A794000CD0062B11D06B7C03F0FE03042B0ED0DF
:10A7A400062B01D0012302E0002300E0002300B1C6
:10A7B4003BB946B153B1002006E00023F7E700237C
:10A7C400F5E7012000E00020BDE8F0810120FBE76F
:10A7D40070B584B006460D4600F06AFC01AA0DF17E
:10A7E4000E01072000F06CFC50B1BDF80E40AC42E5
:10A7F400F4D002993046FFF7A7FF0028EED001E01D
:10A804004FF6FF74204604B070BD000013280DD825
:10A8140010B50446FFF7E0F828B104EB8404054BB7
:10A8240033F8140010BD4FF6FF70FBE74FF6FF70CE
:10A83400704700BF04450020132816D838B50446D5
:10A844000D46FFF7C9F868B104EB8404084B03EB29
:10A854004403D3F802202A60DA881B7AAA80AB71F9
:10A86400002038BD43F20200FBE743F202007047C8
:10A874000445002038B505464FF6FF73984216D0BC
:10A88400002401E00134A4B2132C0CD804EB84039B
:10A89400084A32F81330AB42F4D12046FFF79CF853
:10A8A4000028EFD001E04FF6FF74204638BD04467F
:10A8B400FBE700BF04450020038843B9072B04D8F5
:10A8C400C21892782AB90133F8E7002070470120B2
:10A8D40070470120704738B504460D46FFF7ECFF7A
:10A8E40068B122882B889A4208D10822A91CA01C8E
:10A8F4000BF008FDB0FA80F0400900E0002038BDFC
:10A9040030B585B0054600F0D3FB01AA0DF10E0168
:10A91400072000F0D5FB88B1029C04F146012846CB
:10A92400FFF7D9FF30B904F12A012846FFF7D3FF16
:10A934000028EAD0BDF80E0005B030BD4FF6FF7018
:10A94400FAE70000132804D800EB8000014B23F839
:10A95400101070470445002038B50546FFF78AFFFC
:10A964000446284600F0B2FE40B9132C06D804EB86
:10A974008404034B4FF6FF7223F8142038BD00BF44
:10A984000445002010B58CB0144600230AE0C3F13E
:10A994000F0C10F80CE003F130020DEB020C0CF874
:10A9A40030EC01330F2BF2D9002304930593069363
:10A9B4008DF81C3007E0C3F10F02C85C30326A44E2
:10A9C40002F8200C0133022BF5D96846FFF788FE04
:10A9D400002307E0C3F10F0230326A4412F8102C4E
:10A9E400E2540133022BF5D90CB010BD03460278B2
:10A9F40002F0FE02042A01D00020704700B585B0A1
:10AA04000846B3F80110DA78ADF80C108DF80E2072
:10AA14009A889B79ADF804208DF8063002AA01A922
:10AA2400FFF7B0FF032202A903A80BF06BFCB0FAF6
:10AA340080F0400905B05DF804FB00000388102B8A
:10AA440072D100B593B00DF11C0E00F1040CBCE8FA
:10AA54000F00AEE80F00BCE80F00AEE80F009CE862
:10AA640007008EE807009DF8203003F0FE03062B54
:10AA74001BD14FF6FF71BDF81C202C4B02EB82005A
:10AA840023F8101003EB40030898C3F80200BDF844
:10AA940024C09DF82600A3F806C018724FF6FF7371
:10AAA400994236D113B05DF804FB00F001FB9DF828
:10AAB40020305A08032B15D9022A10D102AA0DF10D
:10AAC4000601072000F0FCFA00B30399013108A83D
:10AAD400FFF78CFF0028F1D0BDF80610CBE74FF646
:10AAE400FF71C8E702AA0DF10601072000F0E8FA99
:10AAF40048B10399113108A8FFF70FFE0028F1D0DF
:10AB0400BDF80610B7E74FF6FF71B4E74FF6FF71D3
:10AB1400B1E7ADF80A20ADF80C1000238DF8083029
:10AB240002A8FFF7DFFDBDE7704700BF0445002022
:10AB34008ADF70478BDF70478CDF704790F82E30C8
:10AB440043F0040380F82E30A02303865023438669
:10AB54000022828690F82E3062F3C40380F82E30EF
:10AB6400012380F82F3070474FF4C87343850623C0
:10AB740083841823C38400230385704700B587B0FA
:10AB840000230193029303930493059306238DF802
:10AB940004300B1D02930B88ADF80C3000F12E032A
:10ABA4000593C36B0BB101A8984707B05DF804FB8C
:10ABB40030B587B000230193029303930493059364
:10ABC4000B79012B01D007B030BD05460C460C486B
:10ABD4000C4BC01AC00800040B4940F0040006F0F6
:10ABE400D3FCEB6B002BEED004228DF804202E3521
:10ABF400059522798DF8082001A89847E3E700BF5E
:10AC040058650300F8640300387303002DE9F0412C
:10AC140005460E4691F82070B0F81C80002401E02F
:10AC24000134E4B2BC4209D206EB44124146A8699D
:10AC3400FEF79AFC03460028F2D000E000231846F1
:10AC4400BDE8F08190F82E3003F01803082B03D0F0
:10AC5400182B03D000207047012070470120704753
:10AC640008B5FFF767FF08BD2DE9F04186B090F8FD
:10AC74002C8090F8233013B906B0BDE8F081044667
:10AC84008D1C00F12E0600F12407FFF7E9FF0023D5
:10AC94000193029303930493059343463A46314642
:10ACA4002846FFF749FF06460D4D0E4BED1AED08F9
:10ACB4002D0445F004050C49284606F065FC0523DF
:10ACC4008DF80430029632460849284606F062FCA4
:10ACD400002ED1D0E36B002BCED001A89847CBE750
:10ACE40058650300F8640300507303005C730300A9
:10ACF40070B586B004460D46002301930293039376
:10AD04000493059300F12E030593FFF79BFFC8B945
:10AD140094F8226094F821302BBB0022114602954E
:10AD2400002E3AD0914230D003238DF80430E36BE7
:10AD34000BB101A8984704F160010020FFF7F8FE69
:10AD440006B070BD02238DF804300295E36B01A8B0
:10AD5400984704F160010020FFF7EAFE29462046E7
:10AD6400FFF782FFECE721462846FFF74FFF034633
:10AD740040B19DF80C2042F001028DF80C20012214
:10AD84001146CCE700220121C9E700238DF80430E5
:10AD940029462046FFF768FFC9E7002BC4D00023EB
:10ADA4008DF8043029462046FFF75EFFBFE70028F0
:10ADB4003CD038B50D460446C263232200210BF073
:10ADC4000DFB4DB32B7984F823302B7B84F82C3086
:10ADD4002B68CBB1186859689A68C4F82E00C4F877
:10ADE4003210C4F836209B896387AA6882B104F1C3
:10ADF40024031068516803C304F1400323661F232E
:10AE0400A4F86430002038BD2046FFF797FEECE735
:10AE14002046FFF7A9FEEFE72046FFF78FFE204606
:10AE2400FFF7A2FE002384F82330E5E70E207047E5
:10AE340010B586B0002837D004460023019302934E
:10AE4400039304930593FFF70BFF2046FFF7FAFEE5
:10AE540030B1E36B23B101228DF8042001A8984797
:10AE640004F1600104F12E00FFF762FE0446082895
:10AE740000D068B90D480E4BC01AC00800040D4933
:10AE840040F0040006F080FB0024204606B010BD0C
:10AE94000648074BC01AC00800042246064940F081
:10AEA400010006F077FBF0E70E24EEE75865030097
:10AEB400F8640300987303007473030008B5034631
:10AEC400084603F10802194631F8043B1B2B0AD04B
:10AED4001D2B04D0102B05D1FFF750FE02E01146C4
:10AEE400FFF706FF08BDFFF763FEFBE7A0F5804010
:10AEF40080B2704700F5804080B27047A0F5804072
:10AF040080B270470138082806D8DFE800F007054A
:10AF1400050707070707070000207047012070474F
:10AF240038B505464FF6FF734380002404B138BD9D
:10AF3400284600F017FB0134F8E700B587B000237A
:10AF44000193029303930493059308238DF804302B
:10AF5400ADF80800039101A8FFF7E2FF07B05DF820
:10AF640004FB000030B587B00023234A137001931B
:10AF740002934FF6FF7000F0B3FC044606E020464F
:10AF840000F056FC204600F0ABFC04464FF6FF737D
:10AF94009C420AD02046FFF7A9FF01AA03A904F0A6
:10AFA400E1FD48F209639842E9D04FF6FF739C42F1
:10AFB40001D107B030BD2046FFF798FF04F090FDA3
:10AFC400054648F20763984212D00028F1D00B4896
:10AFD4000B4BC01AC008000423462A46094940F016
:10AFE400010006F0E1FA29462046FFF7A6FFE0E754
:10AFF400014B01221A70DCE7D4450020C865030028
:10B00400F8640300B073030070B582B00E461546B1
:10B01400002300930193FFF769FF04463046FFF7CE
:10B024006DFF01466B462A46204604F07FFD08B9B1
:10B0340002B070BD0520FBE7F0B587B0FF282DD81E
:10B0440005460C4617461E460846FFF75BFF38B315
:10B0540003AA21462846FFF7D7FF28BB01A903A866
:10B0640004F0D2FC054608BBBC70019B5B883B80A6
:10B0740076B19C003368A34228BF23461E461A4675
:10B08400029978680BF078F9B44203D90C2508E0EA
:10B09400029B7B6003A804F0E3FC02E0072500E0C8
:10B0A4000725284607B0F0BD0525FAE70525F8E78A
:10B0B400024B00221A605A60704700BFCC45002042
:10B0C400F0B587B007460E461446FFF71BFF18B9C4
:10B0D4000125284607B0F0BD05463846FFF70EFFA8
:10B0E4000D4A03A904F030FD08B10025F1E701A9D8
:10B0F40003A804F089FC08B10025EAE7A770019BC6
:10B104005A882280029A62609888FFF7F3FE3080A2
:10B1140003A804F0A5FCDCE7CC450020F0B587B01B
:10B12400FF2856D806460C4617468D782846FFF762
:10B13400E9FE00284FD03046FFF7D8FEADF80C00EA
:10B144002846FFF7DBFEADF80E00636804932388FE
:10B1540005936A46A1783046FFF756FF05281AD0B2
:10B1640003A9684604F0B2FC0446E4B148F20D6356
:10B174009C4220D848F202639C421CD3A4F50643A7
:10B18400023B0B2B17D8DFE803F0141616162A0C13
:10B1940016161616160C03A9684604F091FC04460C
:10B1A400E3E7112418E0BFB13946684604F0E8FC2F
:10B1B40012E0102410E00B480B4BC01AC008000426
:10B1C40033462246094940F0010006F0EDF9032414
:10B1D40002E0072400E00724204607B0F0BD8624DF
:10B1E400FAE700BFC8650300F8640300FC730300BA
:10B1F40008B54FF6FF7000F001FB08BDFF2806D824
:10B2040008B500F003FBFFF7ADFE002008BD0720E2
:10B21400704708B500F01AFB08BD08B500F048FBFC
:10B2240008BD08B500F05CFB08BD4FF6FF73038052
:10B234008370FF234372837A23F002038372DBB2A9
:10B2440023F00103837200230372436070470000FC
:10B254000B68032B14D810B403EB4302094C34F8E5
:10B264002220824204D00133032BF5D9002004E0CC
:10B274000B6003EB430304EB83005DF8044B70475E
:10B2840000207047D845002030B583B005460C46F1
:10B294000023019301A9FFF7DBFF06E0019B0133C3
:10B2A400019301A92846FFF7D3FF48B18378A3424D
:10B2B400F4D1837A13F0030FF0D14368002BEDD15E
:10B2C40003B030BD0023032B0DDC03EB4301074A1D
:10B2D40002EB81025268824201D00133F3E7034852
:10B2E40000EB810070470020704700BFD845002064
:10B2F40008B5FF214FF6FF70FFF7C6FF08BD58B130
:10B3040070B50D4614460646FFF7F2FF306010B1E3
:10B31400058033689C7070BD7047000038B50546E1
:10B32400002405E0044B53F82430284698470134A0
:10B33400032CF7D938BD00BFC0B7030003EB830368
:10B344001B019BB2817042609B080380704708B563
:10B354009BB2FFF7F3FF08BD8378013B072B13D89B
:10B36400DFE803F007121212120A040D14230380FB
:10B3740070470123038070470123038070474368AB
:10B384009B8809339B0803807047000038B5054645
:10B39400002406E0697A2144C9B2054800F093FC10
:10B3A40001342B7AA342F5D82846FFF73EFF38BD77
:10B3B4000846002030B583B004460023009301936F
:10B3C40083788DF80230417A2D4800F068FC20B370
:10B3D4000246237AA1786846FFF7B9FF6846FFF76B
:10B3E400BBFF224632F8040B6946FFF797FE11288B
:10B3F40038D01FD860B3072832D0224D224BED1A23
:10B40400ED082D0405F0E8FC024623881F4945F0A9
:10B41400010006F0C9F8032022E01A481A4BC01AAA
:10B42400C0080004627A1A4940F0010006F0B2F83C
:10B43400032015E08628E0D1A37A23F00203A37247
:10B44400DBB243F00103A372124B01221A7007E02E
:10B45400A37A23F00203A372DBB223F00103A372E5
:10B4640003B030BDA37A43F00203A372DBB223F02E
:10B474000103A372074B01221A700020F0E700BFFA
:10B4840008460020C0650300F8640300A8740300A4
:10B4940068740300D545002030B587B00446FFF733
:10B4A40089FF10B9012007B030BD4FF6FF72ADF827
:10B4B40006202288ADF80820862807D107238DF8B6
:10B4C400043001A8FFF72AFF0020ECE708228DF8DA
:10B4D40004200390074D084AAD1AED082D0405F029
:10B4E4007BFC02462388054945F0010006F05CF820
:10B4F400E7E700BFC0650300F8640300D8740300E5
:10B5040038B5164B1B783BB305460024134B1C700F
:10B514000DE0124B01221A7001B93DB104EB440055
:10B524000F4B03EB8000FFF7B7FFA8B10134032CE6
:10B5340012D804EB44020A4B03EB82039B7AC3F355
:10B54400400113F0020FE4D1054B03EB82039B7A15
:10B5540013F0010FEAD0DCE738BD00BFD545002069
:10B56400D845002038B50446C068FFF7ABFE237801
:10B574000A2B0AD0142B15D0092B1BD1637ADBB903
:10B58400E0B1FFF703FF00250DE0637AC3B9C8B14A
:10B5940000254560837A43F0020383720A4B01223B
:10B5A4001A7003E001252046FFF7B8FE2846FFF78E
:10B5B400A7FF38BD0025F6E70025F4E70025F2E7EC
:10B5C4000025F0E70025EEE7D545002008B5002367
:10B5D400FFF732FD08BD0000002B59D0F0B583B051
:10B5E40006460C4615461F46CB1FDBB2012B51D82D
:10B5F400531E032B51D8FFF747FE0190D0B1037AB5
:10B60400AB424CD1019E737AFF2B1DD00026019BC7
:10B614001D72597A244800F042FB024618B3ABB2BB
:10B6240021463846FFF78AFE002E3AD0082C28D04F
:10B63400002030E02246314601A8FFF760FE019B5E
:10B64400002BDFD1112026E02946174800F050FBDB
:10B6540070720198437AFF2B01D00126D7E7FFF7D8
:10B66400E4FD112017E01148114BC01AC008000472
:10B67400019B5A7A0F4940F0010005F08BFF03202B
:10B6840009E03B887A689B00063B9380002002E037
:10B694000E207047072003B0F0BD0720FBE70F2002
:10B6A400F9E70020F7E700BF08460020C065030063
:10B6B400F86403003875030008B5FFF7E5FD18B119
:10B6C400FFF764FE002008BD0520FCE770B584B0D8
:10B6D40005460023039303A9FFF7BAFD044607E0D8
:10B6E400039B0133039303A92846FFF7B1FD0446E6
:10B6F400D4B1A1782846FFF7DFFF0028F0D0052851
:10B70400EED0154E154AB61AF608360405F064FB59
:10B714000246A37800932B46114946F0010005F038
:10B724004EFF032004B070BD2846FFF767FD0028D4
:10B73400F8D00728F6D0084C084BE41AE40824048F
:10B7440005F04AFB03462A46064944F0010005F089
:10B754002BFF0320E6E700BFC0650300F864030085
:10B76400AC75030004760300CB1FDBB2012B11D8A8
:10B7740070B506460C4615461046FFF74AFD58B10B
:10B7840021463046FFF780FD40B105808470FFF705
:10B7940011FE70BD072070470720FAE70520F8E77F
:10B7A40010B5044608464FF6FF739C4204D0FF2CA4
:10B7B4000CD94FF6FF7010BD4FF4807104F083FB79
:10B7C40080B2B0F5807FF6D12046F4E7214604F03C
:10B7D40056FB80F0010010F0FF0F01D02046EAE78D
:10B7E4004FF6FF70E7E708B50346FF2800D908BD08
:10B7F4000846194604F051FBF9E7000008B5024970
:10B80400FFF7CEFF08BD00BF184600204FF6FF73B8
:10B81400984209D010B504460449FFF7C1FF844299
:10B8240014BF0020012010BD0020704738460020BE
:10B8340038B50446044D2946FFF7D5FF05F120012C
:10B844002046FFF7D0FF38BD18460020FF2801D955
:10B854000020704708B50146014804F02BFB08BDE1
:10B8640018460020FF2801D90020704708B501467A
:10B87400014804F01FFB08BD3846002038B50D46CA
:10B884004FF6FF73984202D0441CA4B203E0002494
:10B8940001E00134A4B2FF2C06D82146284604F066
:10B8A40009FB0028F5D001E04FF6FF74204638BDAF
:10B8B40010B50A49FFF7E2FF044604E007492046B1
:10B8C400FFF7DCFF04464FF6FF739C4204D020468A
:10B8D400FFF7C8FF0028F1D1204610BD184600200C
:10B8E40008B50249FFF7CAFF08BD00BF384600206B
:10B8F40038B50546002405E0054B53F824302846A6
:10B9040098470134034B1B78A342F5DC38BD00BFD4
:10B914005C4600205846002010B586B08488038811
:10B92400102B06D0144B19782046FEF7AFF806B05A
:10B9340010BD00238DF80330019302930393049305
:10B94400059301238DF804304FF6FF73ADF80830EA
:10B95400ADF80640083003900DF10303049301A8E9
:10B96400FFF7C6FF9DF80320034B19782046FEF726
:10B97400A7F89DF80300DAE72C2B0020094B1B786D
:10B9840003B9704710B50446FFF7C6FF00B110BDF8
:10B994002046FFF753F8204601F032F82046FEF720
:10B9A400E7FBF4E77646002018B108B5FFF7A0FFDF
:10B9B40008BD704708B5FFF79BFF08BD08B5FFF742
:10B9C40097FF08BD08B5FFF793FF08BD2DE9F04FB9
:10B9D40087B00193364B1B78002B63D083468A468D
:10B9E40091464FF6FF70FFF718FC044600230593B9
:10B9F400042204920293039305AB039304AB02AABB
:10BA04000621FFF719FB072850D04FF6FF77B846F9
:10BA14004FF0FF35002611E0059BB34201D3A04649
:10BA24001E46AB4201D227461D462046FFF7F5FBD2
:10BA3400044604AB02AA0621FFF7FEFA0028EBD065
:10BA44000528F2D04FF6FF739C421BD1984517D0BE
:10BA54009F4213D00020BBF1000F01D0ABF800804F
:10BA6400BAF1000F01D0CAF80060B9F1000F01D09B
:10BA7400A9F80070019BB3B11D6014E00520EAE74A
:10BA84000520E8E70B4D0C4BED1AED082D0405F0ED
:10BA9400A3F902462346094945F0010005F084FD57
:10BAA400032000E0082007B0BDE8F08F0520FAE786
:10BAB4007646002098650300F86403006C76030062
:10BAC40008B500231A460C490C48FFF77FFF0528E8
:10BAD40004D068B1052809D000220AE0074B4FF6CC
:10BAE400FF721A80044B00221A60F2E7012200E080
:10BAF4000122034B1A7008BD6C46002068460020E2
:10BB04007546002030B587B004468088FEF7B2FE43
:10BB140060802378093B032B00F28280DFE803F086
:10BB24000232457D637AE3B94D4B1B6813B1E26879
:10BB340093420ED04B4B1B78002B71D0A2884A4BFA
:10BB44001B889A426CD1237A062B69D1FFF7B8FF80
:10BB540066E00023424A1360A188434A1180E360EF
:10BB64005EE0012B5CD13F4B1B78002B58D0A288A0
:10BB74003D4B1B889A4253D1237A062B50D1FFF7B1
:10BB84009FFF4DE0637A002B4AD1354B1B68002B95
:10BB940046D0E268934243D10022314B1A603349C4
:10BBA4000B68013B0B60E2603AE0314B1D7855B9FC
:10BBB40001252C4B1B7823B1A2882B4B1B889A425E
:10BBC40028D085B32CE04FF6FF70FFF726FB4FF625
:10BBD400FF739842EDD11846FFF723FB4FF6FF732E
:10BBE4009842E6D10025224B1D70019502950395DC
:10BBF400049505950D238DF804304FF6FF73ADF8C9
:10BC04000830ADF806302046FFF772FE01A8FFF7B2
:10BC14006FFECEE7FFF754FFD3E7154B1B7823B92C
:10BC24002046FFF765FE07B030BD0023104A1370AD
:10BC3400019302930393049305930E238DF8043028
:10BC44004FF6FF73ADF80830ADF80630A3680393E0
:10BC54002046FFF74DFE01A8FFF74AFEE3E700BFC9
:10BC64007046002075460020684600206C4600207F
:10BC74007446002008B504F002F980F00100C0B257
:10BC8400BFF35F8F08BD08B5BFF35F8F04F012F9EF
:10BC940008BD08B5BFF35F8F04F0FFF808BD38B5E1
:10BCA400054668B10C46006850B1686840B1FF2988
:10BCB40007D0FFF7E8FF20B12868EB6803FB040016
:10BCC40038BD0020FCE790B138B50C460546036842
:10BCD4001BB1406808B1FF2900D138BDFFF7D3FF7D
:10BCE4000028FAD021466868FFF7D3FFF5E77047CC
:10BCF400F8B550B30F460646036843B3436843B3ED
:10BD04000025FF2405E02B1B0133BB421BD001356A
:10BD1400EDB2B3689D4215D229467068FFF7AAFFB9
:10BD240018B1FF2CEFD12C46EDE7FF2CEFD005E046
:10BD340021463046FFF7C7FF0134E4B2A542F7D8E5
:10BD4400FF24E4E7FF242046F8BDFF24FBE7FF249B
:10BD5400F9E7FF24F7E77EDF70477FDF704786DF70
:10BD6400704708B5FFF7F7FF042800D008BD11207D
:10BD7400FCE719B108B5FFF7F4FF08BD00207047D0
:10BD840038B504464088FEF741FDA080002505B182
:10BD940038BD204600F004FE0135F8E700B587B051
:10BDA40000230193029303930493059305238DF8D1
:10BDB4000430ADF8060001A8FFF7E2FF07B05DF814
:10BDC40004FB00B587B0002301930293039304930B
:10BDD400059308238DF80430ADF80600039101A8FB
:10BDE400FFF7CEFF07B05DF804FB000000B587B095
:10BDF40094460022019202920392049205924FF01B
:10BE0400040E8DF804E0ADF806008DF80C10ADF8C2
:10BE14000EC08DF81030054B1978FDF751FE01A8BE
:10BE2400FFF7AEFF07B05DF804FB00BF302B002026
:10BE340000B587B000230193029303930493059301
:10BE440002238DF80430ADF806008DF80C1001A81B
:10BE5400FFF796FF07B05DF804FB000070B50546D8
:10BE64000C4616460A460E4B1978FDF729FE04B90E
:10BE740070BD321E18BF01220A4B19782846FDF7FF
:10BE84001FFE012E14BF00220122074B19782846F9
:10BE9400FDF716FE31462846FFF7CAFFE8E700BF64
:10BEA400302B00202F2B00202E2B002000B587B034
:10BEB40000230193029303930493059306238DF8BF
:10BEC4000430ADF80600039101A8FFF759FF07B04D
:10BED4005DF804FB10B504460088FDF789FD0128D0
:10BEE40005D0214631F8040BFFF7E0FF10BD0246F0
:10BEF4002088237913F0010F00D102220121FFF7DA
:10BF0400ADFFEEE700B587B00023019302930393DE
:10BF14000493059307238DF80430ADF8060001A8B7
:10BF2400FFF72EFF07B05DF804FB00B587B00323CD
:10BF34008DF804300388ADF80630437913F0040F0C
:10BF44000AD001238DF80C308DF80D1001A8FFF7ED
:10BF540017FF07B05DF804FB0223F3E7F0B583B0E5
:10BF640043B304460E4617461D4600F580706B46E3
:10BF74000122072180B2FFF72FFB112818D030BB14
:10BF84005022002101980AF029FA019B1E700199A0
:10BF940001F134032B60EF6001F118032B614B1C9A
:10BFA4006B611B4BEB6111312046FEF745FCF0B988
:10BFB40003B0F0BD1748184BC01AC0080004174A54
:10BFC400174940F0010005F0E5FA0320F0E7114DB0
:10BFD400114BED1AED082D0404F0FEFE0246234633
:10BFE400104945F0010005F0DFFA0320E0E7094DB0
:10BFF400094BED1AED082D0404F0EEFE024623462B
:10C00400094945F0020005F0CFFA0820D0E700BF47
:10C0140078460020D8650300F8640300D0B7030015
:10C02400E87703001C780300807803002DE9F843C7
:10C0340004460D461646184B1978FDF727FD90B1B6
:10C04400012704F58070072180B2FFF735FB804695
:10C0540008B1052809D133462A4639462046FFF758
:10C06400C5FEBDE8F8830227EBE70C4B0C4AA3EBB3
:10C0740002094FEAD9094FEA094904F0ADFE024624
:10C084002346084949F0010005F08EFA414620464E
:10C09400FFF797FEDFE700BF2E2B0020D8650300D3
:10C0A400F8640300D078030070B506460C461546C4
:10C0B4000C4B1978FDF7EAFC00B970BD0A4B1978EE
:10C0C4003046FDF7E3FC28B12A4621463046FFF707
:10C0D400ADFFF2E72B46224600213046FFF786FEED
:10C0E400EBE700BF302B00202F2B002008B503798D
:10C0F4003D2B06D04FF4885100220088FFF7D4FF6F
:10C1040008BD41F23D01F7E708B5427902F00302A8
:10C1140001790088FFF7C8FF08BD0000F0B585B0BD
:10C12400044600F10C063046FEF7EAFB4FF6FF73B7
:10C13400984227D0054601462088FEF703FC0022DA
:10C1440001212088FFF78AFE4FF6FF739D421ED11E
:10C15400002700231A4639462088FFF700FE0646CA
:10C16400082833D000283CD1A37D13F0010F4BD015
:10C17400002F49D1002341F2060219462088FFF717
:10C1840035FE41E02088FEF741FB0546D7E702AAC9
:10C1940007212846FFF71AFAA0B9039FA37D13F0DD
:10C1A400010F11D097F8443013F0010F01D0343748
:10C1B400CFE7314607F14600FEF78DFB0028F6D1A4
:10C1C4000027C6E70027C4E70027C2E70F48104B43
:10C1D400C01AC00800040F4940F0020005F0D4F969
:10C1E40012E00A4F0A4BFF1AFF083F0404F0F4FD63
:10C1F400024600952388084947F0010005F0DFF95D
:10C2040031462088FFF7DDFD05B0F0BDD865030099
:10C21400F86403003C790300AC7903002DE9F04392
:10C2240085B00446078800225D4B19783846FDF72F
:10C2340047FC637913F0040F3FD007F58076B6B25C
:10C2440002AB012207213046FFF7C6F980460028D9
:10C254003AD13846FEF7DAFA05464FF6FF739842AC
:10C2640049D04FF000082A4607213046FFF77CFAF0
:10C274008146002800F08680862800F08880494E98
:10C28400494BF61AF608360404F0A6FD024600955A
:10C294003B46464946F0010005F091F949463846C7
:10C2A400FFF78FFD00212046FFF73FFEB8F1000F96
:10C2B40007D02846FEF750FB03E000212046FFF795
:10C2C40034FE05B0BDE8F083364D374BED1AED086A
:10C2D4002D0404F081FD02463B46354945F001003A
:10C2E40005F062F941463846FFF76BFD0021204610
:10C2F400FFF71BFEE5E719460398FEF769FA0546C2
:10C304004FF6FF7398421CD001463846FEF71AFBDD
:10C31400284B19783846FDF7B9FB804610B14FF029
:10C324000008A0E73846FFF739FD224B1978384654
:10C33400FDF7ACFB002896D100212046FFF7F5FD60
:10C34400BFE7FEF755FF05464FF6FF73984206D048
:10C3540001463846FEF7F6FA4FF0010883E7114824
:10C36400114BC01AC0080004134940F0010005F045
:10C374000BF904213846FFF724FD00212046FFF77E
:10C38400D4FD9EE701212046FFF7CFFD99E738460B
:10C39400FFF7B8FD01212046FFF7C7FD91E700BF75
:10C3A400302B0020D8650300F8640300AC7A030046
:10C3B4001C7A03002D2B0020787A030008B503793A
:10C3C40013B9FFF72BFF08BDFFF79EFEFBE7000044
:10C3D40010B586B00446144B19780088FDF756FB57
:10C3E40008B106B010BD2088FDF726FB38B901233B
:10C3F40041F2060200212088FFF7F8FCF1E7002251
:10C404000A4B19782088FDF75BFB03238DF8043071
:10C414002388ADF8063000238DF80C308DF80D30EC
:10C4240001A8FFF7ADFCDCE72F2B0020302B002008
:10C434002DE9F04188B007460D461646FDF7D8FAB7
:10C44400044620220021684609F0C8FF012C16D0BA
:10C45400002C4FD0002D3FD03846FEF7D7F94FF6C9
:10C46400FF73984227D0012C10D04FF000082B788E
:10C4740013F0010F25D10396204B07932EE00022E1
:10C484001F4B19783846FDF71BFBE1E71C4B197865
:10C494003846FDF7FBFA10B14FF00008E7E73846DD
:10C4A400FFF77CFC164B19783846FDF7EFFA28B1F4
:10C4B4004FF00008DBE74FF00008D8E74FF085089D
:10C4C400D5E7B8F1850F09D06B4632462146384688
:10C4D400FFF744FD58B901E04FF08508012C00D066
:10C4E40000256B462A4641463846FFF736FC08B01D
:10C4F400BDE8F08143F20200F9E700BF784600206E
:10C504002D2B002038B504460D46FDF771FA01289D
:10C5140002D043F2020038BD29462046FFF729FC29
:10C52400F9E708B50388113B092B09D8DFE803F0C4
:10C534000508090D0808080811150430FFF7D6FD91
:10C5440008BD0430FFF7C6FCFAE70430FFF7E6FD48
:10C55400F6E70430FFF732FFF2E70430FFF738FF65
:10C56400EEE700000022026042608260014A126825
:10C5740002607047C046002010B5044610460023F0
:10C5840023606360A360E360236121706280FEF72F
:10C594003DF9A080204610BD00B583B06A4607214E
:10C5A400FFF714F838B9019B93F8443013F0010FE6
:10C5B40002D0012000E0002003B05DF804FB38B590
:10C5C4000546002404B138BD2846FFF7EDF90134CF
:10C5D400F8E708B5FFF7F3FF08BD30B587B00D469F
:10C5E40014460246062101A8FFF7C6FF03950494EA
:10C5F40001A8FFF7E4FF07B030BD10B586B00246CE
:10C604000C46082101A8FFF7B7FF039401A8FFF720
:10C61400D6FF06B010BD000010B50446134611291C
:10C624000DD000226BB10A4B19782046FDF748FA69
:10C634000022084B19782046FDF742FA10BD01226A
:10C64400F0E7044B19782046FDF73AFAF6E700BF05
:10C65400312B0020342B002070B586B005461129FB
:10C6640034D8DFE801F02D333333333333332D3310
:10C67400333333093333332D16461F481F4BC01A47
:10C68400C00800042A461E4940F0020004F082FF5C
:10C694002A4604210DEB0100FFF76EFF96B13378B3
:10C6A40013F0010F10D102238DF80C3000238DF804
:10C6B400103041F20113ADF80E3001A8FFF77FFFEF
:10C6C40006B070BD0223EFE70123EDE70C460A4EE6
:10C6D4000A4BF61AF6083604084604F07DFB0246B7
:10C6E4002B46084946F0010004F05EFF2146284627
:10C6F400FFF783FFE4E700BFD0650300F86403009D
:10C70400187B0300D07B030030B585B004460D468A
:10C7140001A8FFF727FF01AA29462046FFF75DFF7E
:10C72400094B1A6801992046FFF782FE054601224B
:10C7340001462046FFF770FF019A29462046FFF77D
:10C744008BFF05B030BD00BFB846002008B50021FE
:10C75400FFF7DAFF08BD00002DE9F04385B0044679
:10C7640016461F46884689B901A8FFF7FBFE01AAB1
:10C7740000212046FFF731FFDDF80490284B1B7899
:10C7840033B99DF80D301BB9052625E04FF000099B
:10C79400324649462046FFF7B5FE054600220146CB
:10C7A4002046FFF739FF112D1AD80123AB4042F67A
:10C7B4000112134229D113F4003F15D04246194BFC
:10C7C40019782046FDF77CF93246174B1978204634
:10C7D400FDF776F90026E7B9304605B0BDE8F083E9
:10C7E40043F202039D4212D0104E114BF61AF60882
:10C7F4003604284604F0F0FA024623460D4946F072
:10C80400010004F0D1FE0326E5E72E46E3E72E46B9
:10C81400E1E74A4629462046FFF71EFFDCE700BF52
:10C82400BC460020322B0020332B0020D0650300AF
:10C83400F86403003C7C030038B50446084B1978BF
:10C84400FDF724F90546074B19782046FDF71EF934
:10C85400014601232A462046FFF77EFF38BD00BF6C
:10C86400332B0020322B0020002943D0F8B5054695
:10C874000C46FDF7CFF8064600283DD02846FDF7C4
:10C88400C5FF0746022E14BF00260126237866F34F
:10C89400000323704FF6FF73C31A18BF01232278D5
:10C8A40063F3C30222702846FDF7C6F8237860F3C9
:10C8B400410323702846FDF7CDF8237860F3820303
:10C8C40023702846FDF7D4F830B10122237862F3AF
:10C8D400041323700020F8BD2846FDF7ADF808B90D
:10C8E4000022F3E73846FFF757FE08B90022EDE7C8
:10C8F4000122EBE70E20704743F20200EBE710B58C
:10C9040082B00C4600238DF80430E0238DF8043007
:10C9140001A9FFF7A9FF9DF80430DB435BB222783D
:10C924001A4010B912B9012000E0002002B010BD75
:10C9340030B583B00446194B1B6833B34088FDF708
:10C944007BF8014608B9024621E000258DF8045021
:10C95400237AC3F340012A4661F382028DF804204E
:10C96400D2B263F3C3028DF80420C3F38003D2B2BE
:10C9740063F304128DF8042001A96088FFF7BFFF58
:10C9840080F00102D2B2294601E0002201210123F4
:10C994006088FFF7E1FE03B030BD00BFC046002051
:10C9A40010B504460378062B07D0132B01D1FFF7EB
:10C9B400BFFF2046FFF70DFE10BD81684088FFF7DA
:10C9C400A3FEF9E708B503780C2B02D8092B02D291
:10C9D40008BD142BFCD100220549064B1878FDF73D
:10C9E40089F800220449054B1878FDF783F8EFE72E
:10C9F40051C70200312B00203DC80200342B002017
:10CA040008B5FFF78EFD00220549064B1878FDF79F
:10CA140071F800220449054B1878FDF76BF808BD3E
:10CA240051C70200312B00203DC80200342B0020E6
:10CA34000268134600E01B6813B18B42FBD101E08E
:10CA44000A60016070470346006808B102681A6012
:10CA54007047000038B5054608B9064C04E0064C9A
:10CA640002E04368284698472046FFF7ECFF002879
:10CA7400F7D138BDCC460020D446002010B504467A
:10CA840010B1012C06D010BD054B01225A70FFF7DE
:10CA9400E1FFF6E70120024B9870FFF7DBFFF2E7B6
:10CAA400C446002000B1704708B5034B01225A70F8
:10CAB400FFF7D0FF08BD00BFC446002008B505F04D
:10CAC40065F920B9074BD3F800342BB108BD0649EA
:10CAD4007B2003F033F9F5E700F0EEF9034B002275
:10CAE4009A70F3E700000140A47C0300C4460020D0
:10CAF40010B5104B1B784BB185240F4BD3F8003481
:10CB040013B10C4B01229A70204610BD094B002230
:10CB14009A605A601A61DA60084800F07FF90446A6
:10CB240005F034F918B1034B01221A70E5E700F05F
:10CB34008DF9F8E7C44600200000014081CA0200D4
:10CB440010B582B00446224B1B78D3B1204B9B789E
:10CB5400E3B114B163680120984700238DF80730CE
:10CB64000DF1070002F0F0F8194AD3680133D360DD
:10CB74009DF8070002F0FAF8154BDB680BB302B01E
:10CB840010BD1449F62003F0D9F8DFE700238DF82F
:10CB940007300DF1070002F0D7F81CB121460E480A
:10CBA400FFF746FF0A4BDB6843B1094AD3680133F8
:10CBB400D3609DF8070002F0D9F8DDE700F05CF9D6
:10CBC400F3E704494FF4897003F0B8F8D7E700BFDE
:10CBD400C4460020A47C0300D446002000B583B0E2
:10CBE400144B1B78B3B1134BDB68CBB100238DF826
:10CBF40007300DF1070002F0A7F80E4BDA68013A8E
:10CC0400DA60DB6893B19DF8070002F0AFF803B077
:10CC14005DF804FB084940F2171003F08FF8E2E7CF
:10CC240005494FF48C7003F089F8DFE7FFF746FFFE
:10CC3400E9E700BFC4460020A47C030000B583B02C
:10CC440001280DD0032823D038B9184B0122C3F88A
:10CC54008020BFF34F8FBFF36F8F03B05DF804FBE9
:10CC640000238DF807300DF1070002F06DF8104B2A
:10CC74001B7853B10E4BDA680132DA6001229A70E4
:10CC84009DF8070002F072F8E7E7FFF731FFF1E7DC
:10CC9400074B1B7823B100F0D9F8FFF79FFFDCE7BF
:10CCA400044940F2522003F049F8F4E700E100E0BF
:10CCB400C4460020A47C030000B587B003788DF837
:10CCC40004304368029383688DF80C30C36804937E
:10CCD40003698DF81430054B53F82130044A52F897
:10CCE400211001A8984707B05DF804FBE84600202E
:10CCF400D846002070B584B08C46144686461EF88B
:10CD0400045B1C4A42F825401B4A42F825301B4B61
:10CD14000FCB04AE06E90F009CF800308DF800300C
:10CD24009CF801308DF801309CF802308DF8023007
:10CD34009CF803308DF803309CF804308DF80530EE
:10CD44009CF805308DF80630DCF8083002939CF826
:10CD54000C308DF80C309CF80D308DF80D3004B18A
:10CD6400074C2B4622466946704601F0B7FC04B0D6
:10CD740070BD00BFE8460020D8460020E0B703009D
:10CD8400BDCC0200002807DB00F01F02400901238C
:10CD94009340024A42F82030704700BF00E100E0AF
:10CDA400002808DB4901C9B200F1604000F5614088
:10CDB40080F80013704700F00F004901C9B2014B1D
:10CDC4001954704714ED00E038B505460C468B1E27
:10CDD400DBB2012B03D94B1FDBB2022B04D8214653
:10CDE4002846FFF7DDFF38BD02496B2002F0A6FF9D
:10CDF400F5E700BF487D030008B5074B1B6813F037
:10CE0400010F00D008BD06210020FFF7DDFF002040
:10CE1400FFF7B8FFF6E700BF00E100E010B50446F5
:10CE240048B1084B1B795BB9064B1C6001221A718F
:10CE34000020587110BD0449A42002F07FFFF0E7E0
:10CE44008520F7E7F8460020987D030008B5084BD5
:10CE54001B793BB1FFF7D0FF4FF080430122C3F8A9
:10CE6400182508BD0349BD2002F068FFF2E700BFA2
:10CE7400F8460020987D030000B583B00C4B1B7965
:10CE840083B14FF080430022C3F80421D3F8042176
:10CE94000192019A0222C3F8042301229A6003B08A
:10CEA4005DF804FB0349EA2002F048FFE9E700BF0C
:10CEB400F8460020987D030000B583B00F4B1B7922
:10CEC400BBB14FF080430222C3F808230022C3F809
:10CED4000421D3F804210192019A0122DA604FF06F
:10CEE4008043D3F8183413F4803FF8D103B05DF8CD
:10CEF40004FB0349F72002F021FFE2E7F846002093
:10CF0400987D030000B583B04FF08043D3F800311F
:10CF14009BB14FF080430022C3F80021D3F80021D5
:10CF24000092009A0122C3F80823104B5B7923B9BD
:10CF34000E4B5A711B68002098474FF08043D3F87A
:10CF440004317BB14FF080430022C3F80421D3F8AD
:10CF540004210192019A0222C3F80823034B1B689F
:10CF64000120984703B05DF804FB00BFF846002099
:10CF7400002807DB00F01F02400901239340024A06
:10CF840042F82030704700BF00E100E0002808DBD1
:10CF94004901C9B200F1604000F5614080F8001316
:10CFA400704700F00F004901C9B2014B1954704792
:10CFB40014ED00E010B40D4C00F5A27054F82030CC
:10CFC40023F44F3323F4407344F8203054F82030D2
:10CFD400090201F47C51120402F4403211430B4360
:10CFE40044F820305DF8044B704700BF00600040F7
:10CFF40000B583B084468E460D4B93E8030002AB24
:10D0040003E9030063460BE002A901EB830151F835
:10D01400081CD1F8200542F8040BC1F8200501339F
:10D024000CEB0E009842EFD803B05DF804FB00BF90
:10D03400F0B70300430904D0012B0BD14FF6FF7363
:10D0440001E04FF0FF3300F01F0023FA00F000F07E
:10D05400010070470023F6E7034B034493F9600093
:10D0640000F03F00704700BF00470020034B03441B
:10D0740093F96000C0F38110704700BF004700209F
:10D0840010B5864614461AB100234FF0080C04E08C
:10D0940008234FF00C0C00E00133634513D20B4A14
:10D0A40052F82320B2F1FF3FF6D158B2074A02EBFF
:10D0B4000E0C8CF8300042F8231034B9083B1344AA
:10D0C40083F860E001E04FF0FF3010BD004700201E
:10D0D400064B4FF0FF3243F82020072804D90838C4
:10D0E4000344FF2283F86020704700BF00470020FC
:10D0F40010B50446024602210020FFF779FF002301
:10D10400012B04D854F823201AB90133F8E700207E
:10D1140010BD0120FCE7000010B504460068FFF7CD
:10D1240089FF38B123681F2B0AD903F01F0323603A
:10D13400054810BD05494FF4F67002F0FFFDF1E714
:10D144004FF0A040F5E700BF00030050946C0300CB
:10D1540010B582B00C46019001A8FFF7DDFFA400D2
:10D16400019B03F5E07340F8234002B010BD00B505
:10D1740083B0019001A8FFF7CFFF019B03F5E07393
:10D1840050F8232022F0020240F8232003B05DF877
:10D1940004FB00B583B0019001A8FFF7BDFFD0F8F0
:10D1A4001005019BD84000F0010003B05DF804FBBA
:10D1B40010B582B001900C4601A8FFF7ADFF019BAA
:10D1C40003F5E07350F8232022F4403240F8232082
:10D1D40050F8232042EA044240F8232002B010BD54
:10D1E40000B583B0019001A8FFF796FF019B03F5FA
:10D1F400E07350F82300C0F3014003B05DF804FB72
:10D2040000B583B0019001A8FFF786FF0123019ABE
:10D214009340C0F8203503B05DF804FB2DE9F041DC
:10D22400064645E0032126E0B8F1010F36D1414618
:10D23400284698470134032C36D81F4B234493F9CE
:10D244006030B3F1FF3FF5D02046FFF705FF0546F8
:10D25400C20800F0070101238B40B25C1342E9D0FD
:10D264002046FFF703FF80462846FFF7B9FF07462D
:10D274000228D7D002212846FFF79AFF2846FFF755
:10D28400BFFF0D4B5A1992F9302053F82230002B6E
:10D29400D0D0B8F1030FCAD0022FC5D0032FC9D103
:10D2A400B8F1020FC6D1C2E73046FFF721FF08B13B
:10D2B4000024C0E7BDE8F0810047002030B583B00A
:10D2C4001C4B93F86A5095BB2C4601E00134E4B240
:10D2D4002F2C0FD82046FFF7ADFE0028F6D0154BB3
:10D2E4002344FF2283F83020F0E72846FFF7F0FEBE
:10D2F4000135EDB20B2DF8D90F4D00242C60AC8014
:10D3040006210846FFF742FE0620FFF731FE0B4BCD
:10D31400C3F87C41D3F87C210192019A4FF000427A
:10D32400C3F804230123AB71204603B030BD0820A9
:10D33400FBE700BF00470020644700200060004076
:10D3440070B504460D461646FFF774FE38B1254BFA
:10D35400234493F93030002B07DB082070BD2249A9
:10D364004FF40C7002F0EAFCF1E7AA78C2F3400231
:10D3740031462046FFF784FE0646B0F1FF3F2FD02A
:10D38400AB7813F0040F0FD113F0010F1CD020461B
:10D39400FFF7EDFEE30804F0070C1448C25C01211A
:10D3A40001FA0CF10A43C254AB7813F0020F10D106
:10D3B400083E0C4B334493F96020297842EA8112E9
:10D3C40083F860200020C9E769782046FFF7C0FE93
:10D3D400E0E72A7821463046FFF7ECFD0020BDE760
:10D3E4000420BBE700470020387E03006447002088
:10D3F40030B583B004460D46FFF71CFED0B12C4B6C
:10D40400234493F93030002B1ADB294B234493F93E
:10D414003000072823DD0838FFF728FE05460328D7
:10D4240014D0012819D0032529462046FFF7C0FE51
:10D4340003B030BD1F494FF4187002F07FFCDEE7E3
:10D444001C4940F2612002F079FCDEE72046FFF738
:10D45400A0FE0028E8D10225E6E70225E4E7C3B2EE
:10D46400072BE5D800F140039BB29B009BB2124905
:10D4740000F5A27C51F82C2042F0010241F82C2046
:10D4840003F1804303F5C04300221A601B68019333
:10D49400019B002DCCD0064B1C4494F9302053F84A
:10D4A4002230002BC4D001238340C1F80433BFE7EA
:10D4B40000470020387E03000060004010B5044699
:10D4C400FFF7B8FD30B12046FFF763FE003818BF00
:10D4D400012010BD024940F2B22002F02FFCF2E715
:10D4E400387E030070B584B00025029503950120B1
:10D4F4004FF48073294603E0400004339BB20131AA
:10D50400072912D803F1804202F5C0421468012CA5
:10D51400F2D1234CD4F804432042EDD0002414600B
:10D5240012680092009A0543E6E71D4BD3F87C315C
:10D53400012B06D015F0FF0F2AD1002D2BDB04B0F0
:10D5440070BD174B0020C3F87C01D3F87C310193E4
:10D55400019B45F0004502AA0221FFF749FDE9E7D6
:10D5640076000134072CE8D82E42F9D00C4B04F590
:10D57400A27253F82200C0F3052053F82210C1F31D
:10D584000141084B53F82430002BE9D09847E7E7D2
:10D5940001260024E6E702A8FFF740FECFE700BF1C
:10D5A4000060004000470020034B984201D103482B
:10D5B40070470020704700BF002000406C470020E7
:10D5C40008B5064B1B681BB1044B1B68984708BD84
:10D5D4000349512002F0B2FBF6E700BF6C4700207C
:10D5E400E07E030070B582B00C460546B8B128460B
:10D5F400FFF7DAFF0546B8B100238DF807300DF1C7
:10D60400070001F0A1FB2E7916B92C6001232B71C0
:10D614009DF8070001F0AAFB4EB9002005E005497A
:10D62400772002F08BFBE2E7002002B070BD1120EE
:10D63400FBE700BFE07E0300002807DB00F01F02C9
:10D64400400901239340024A42F82030704700BF4A
:10D6540000E100E0002808DB4901C9B200F16040A4
:10D6640000F5614080F80013704700F00F00490195
:10D67400C9B2014B1954704714ED00E0430904D0BA
:10D68400012B0BD14FF6FF7301E04FF0FF3300F095
:10D694001F0023FA00F000F0010070470023F6E7B2
:10D6A40010B483B0844602240C714A71096889B1AC
:10D6B40012F0040F23D1822112F0080F01D041F09F
:10D6C400200112F0100F01D021F08001DCF80000DD
:10D6D400C0F80013DCF800100024C1F80441D1F8AC
:10D6E40004110191019912F0800F0AD1DCF8002095
:10D6F4000121D150002003B05DF8044B7047922102
:10D70400DAE7DCF800001844F5E730B585B00446E4
:10D714000D46D0F8103173B10023C0F81031D0F8A1
:10D7240010310093009B4B7913F0040F03D00B6866
:10D734000BB101209847D4F8143173B10023C4F815
:10D744001431D4F814310193019B6B7913F0080F51
:10D7540003D02B680BB102209847D4F81C3173B165
:10D764000023C4F81C31D4F81C310293029B6B795A
:10D7740013F0100F03D12B680BB100209847D4F895
:10D78400043163B10023C4F80431D4F804310393A1
:10D79400039B01232B712B680BB10320984705B021
:10D7A40030BD000010B504460068FFF767FF38B1CC
:10D7B40023681F2B0AD903F01F032360054810BDFB
:10D7C40005494FF4F67002F0B9FAF1E74FF0A040C2
:10D7D400F5E700BF00030050946C030000B583B06C
:10D7E400019001A8FFF7DEFF0123019A9340C0F8DE
:10D7F400083503B05DF804FB00B583B0019001A8BF
:10D80400FFF7D0FF0123019A9340C0F80C3503B011
:10D814005DF804FB00B583B0019001A8FFF7C2FFD7
:10D82400019B03F5E073032240F8232003B05DF865
:10D8340004FBF0B585B007460E4600240AE0FFF766
:10D84400CDFF04AB03EB850555F8100CFFF7E2FFA1
:10D854000134E4B2032C18D82546335DFF2B0CD0D9
:10D8640023F0800004AA02EB840242F8100C13F0A7
:10D87400800FE4D1FFF7C0FFE3E74FF0FF3204ABC2
:10D8840003EB840343F8102CE2E7386800230AE032
:10D8940004AA02EB830252F8101C03F5AC7240F8A0
:10D8A40022100133DBB2032BF2D905B0F0BD000026
:10D8B40038B505460C468B1EDBB2012B03D94B1F32
:10D8C400DBB2022B04D821462846FFF7C3FE38BD3D
:10D8D40002496B2002F032FAF5E700BF487D0300ED
:10D8E40070B506460C461546012904D84DB12934B5
:10D8F4006401355170BD064940F2B72002F01EFAAA
:10D90400F4E703494FF42E7002F018FAEFE700BF72
:10D91400807F030070B505460C461646012908D8D9
:10D924006EB116F4004F10D1293405EB44156E6026
:10D9340070BD09494FF4307002F000FAF0E706496F
:10D9440040F2C12002F0FAF9EBE7034940F2C220A9
:10D9540002F0F4F9E8E700BF807F030070B50446E5
:10D964000E461546012907D8B5F1807F0AD204EB8B
:10D974004614C4F8285570BD054940F2CA2002F087
:10D98400DDF9F1E7024940F2CB2002F0D7F9EEE7E6
:10D99400807F030070B504460E461546012907D85A
:10D9A400B5F1807F0AD204EB4614C4F82C5570BD3F
:10D9B400054940F2D32002F0C1F9F1E702494FF4DE
:10D9C400357002F0BBF9EEE7807F030070B50446C2
:10D9D4000D461646A2B1326829462046FFF780FF5D
:10D9E400B28829462046FFF795FFB26829462046AB
:10D9F400FFF7B4FFF26829462046FFF7CBFF70BD5E
:10DA0400024940F2AB2002F099F9E4E7807F030079
:10DA14002DE9F04784B0044617460D46002964D02A
:10DA24002679384B03EBC6031B79002B68D1354BA1
:10DA340043F8367029462046FFF7FBFE236801228F
:10DA4400C3F80025276895F805A095F80690B5F861
:10DA54000880B5F90830002B4CDBC7F80CA5C7F8D3
:10DA64000495C7F808852268AB7AE97A43EA01236A
:10DA7400C2F8103522680023C2F800322268C2F8C6
:10DA840000332268C2F81C31D2F81C210392039A95
:10DA94002268C2F81031D2F810210292029A226848
:10DAA400C2F81431D2F814210192019A2268C2F802
:10DAB4000431D2F804310093009B124B53F83630F2
:10DAC40053B12068297940F30730FFF7F1FE20684D
:10DAD40040F30730FFF7B0FD0A4B03EBC603012206
:10DAE4001A71002004B0BDE8F0870749802002F0D5
:10DAF40025F995E705494FF4287002F01FF9ACE7C2
:10DB04000820EFE774470020D07F0300807F0300E4
:10DB14002DE9F04104460F4616461D460279254B71
:10DB240003EBC20898F8043003B32EB33B6803F048
:10DB34006043B3F1005F25D13A4600212068FFF726
:10DB440045FF3A4601212068FFF740FF06F0010136
:10DB5400226801EB5603C2F8143515F0010F17D1F2
:10DB640015F0020315D001B3082312E012494FF453
:10DB74008D7002F0E3F8D8E70F4940F21B1002F071
:10DB8400DDF8D3E70C494FF48E7002F0D7F8D3E7F1
:10DB940010232268C2F80032EAB241B10C23414694
:10DBA4002046FFF77DFDBDE8F0810423F1E708235B
:10DBB400F5E700BF74470020D07F030038B5044662
:10DBC40005790F4B03EBC5031B798BB10C4B03EBAE
:10DBD400C5031B79DBB2022B10D001202368D3F8D4
:10DBE400043123B1064B03EBC5030120187138BD82
:10DBF40004494FF4CC7002F0A1F8E7E70020EDE708
:10DC040074470020D07F030038B504460D460279DE
:10DC1400104B03EBC2031B79ABB123680022C3F89A
:10DC24000022236801225A602046FFF7C7FF0346FB
:10DC340038B92046FFF7C2FF034610B9002DF8D1CA
:10DC44002B46184638BD044940F2731002F076F8AA
:10DC5400E3E700BF74470020D07F030008B5024902
:10DC64000248FFF752FD08BD7447002000C0014080
:10DC7400002807DB00F01F02400901239340024AF9
:10DC840042F82030704700BF00E100E000280CDBC0
:10DC940000F01F024009012393402030034A42F858
:10DCA4002030BFF34F8FBFF36F8F704700E100E068
:10DCB400002808DB4901C9B200F1604000F5614069
:10DCC40080F80013704700F00F004901C9B2014BFE
:10DCD4001954704714ED00E010B40B7803F00303FB
:10DCE4004A78120102F0300213438A78120202F4D5
:10DCF400E0621343CA78120302F4805213430A7990
:10DD0400120402F4E02213434A79120502F4801249
:10DD140013438A79120602F080721343074A02EB16
:10DD24000014C4F81835CC79097A5130030102EB98
:10DD340000104160D4505DF8044B704700700040FF
:10DD440038B505460C468B1EDBB2012B03D94B1F9D
:10DD5400DBB2022B04D821462846FFF7A9FF38BDC1
:10DD640002496B2001F0EAFFF5E700BF487D03009C
:10DD740010B588B0684BD3F80431002B2CD0664B17
:10DD84000022C3F80421D3F804310093009B634BB1
:10DD940093F82E2012B193F82F30EBB100238DF8B5
:10DDA40014305E4B596806911989ADF81C10D96876
:10DDB400002964D0594B188B58835960188100216D
:10DDC400D96012B9544B01221A60544C236805A837
:10DDD4009847002384F82F30504B93F82E3053B3D8
:10DDE4004D4BD3F8003133B34B4B0022C3F8002121
:10DDF400D3F800310193019B484A538B92F82D20AC
:10DE040093423FD99B1A9BB244494B834868098982
:10DE140089B2CB1A00EB43033F49C1F82C36C1F851
:10DE240030263D4B0022C3F80421D3F8042102928A
:10DE3400029A01225A60384BD3F810317BB1364B29
:10DE44000022C3F81021D3F810310393039B334B02
:10DE54001A7402228DF814201B6805A898472E4BCB
:10DE6400D3F814314BB32C4A0023C2F81431D2F83E
:10DE740014210592059A294A137408B010BD002292
:10DE84001A74A2E7934208D09342CAD1234B0122C9
:10DE940083F82F2000225A83C3E72049C968002948
:10DEA400F2D01E4B012083F82F00002058831A4B18
:10DEB400C3F82C16C3F83026B3E7184B5C69002C62
:10DEC400DBD0B4FA84F34FF00042DA4024EA0204CF
:10DED40046339B0003F1804202F5E04211680029B9
:10DEE400EDD00021116012680492049A01228DF889
:10DEF4001420A3F58C73C3F3C7028DF8182013F014
:10DF0400040F0CBF01230B468DF81930034B1B681B
:10DF140005A89847D3E700BF007000407C47002065
:10DF240070B584B00C460646002849D0002C4CD06D
:10DF3400294B93F82C30002B4CD1274D2C6033788F
:10DF4400264CC4F8F0357378C4F8F435F37885F8C2
:10DF54002E30012385F82C3000232B7485F82D30C6
:10DF64006B6185F82F306FF00042C4F80823C4F8C1
:10DF74000431D4F804210392039AC4F80031D4F88C
:10DF840000210292029AC4F81431D4F81431019396
:10DF9400019BB1780720FFF7D3FE0720FFF768FE47
:10DFA4000223C4F8043395F82E3013B10122C4F8C7
:10DFB40004230A4B0122C3F80025002004B070BDDD
:10DFC4000749D82001F0BAFEB0E70549D92001F08D
:10DFD400B5FEADE70820F1E77C4700200070004063
:10DFE4006C80030038B505460C462D4B93F82C3055
:10DFF400002B34D0072D38D82A4BD3F8F43513F03E
:10E00400FF0F04D0264B93F82D30002B33D1E37946
:10E01400013BDBB20C2B34D8237A0D2B37D8204BA1
:10E024001B7C002B39D105F10C021D4B03EB420381
:10E034001B792BB91A4A92F82D30013382F82D300E
:10E04400E27905F10C01164B03EB41031A71227AB4
:10E054005A7121462846FFF73FFE002038BD124979
:10E0640040F2251001F06AFEC4E70F494FF49370A3
:10E0740001F064FEC0E70C494FF4947001F05EFEB9
:10E08400C5E709494FF4967001F058FEC4E7064904
:10E094004FF4977001F052FEC1E71120DEE700BF94
:10E0A4007C470020007000406C800300404B1B7CC8
:10E0B400002B7AD130B583B03D4A012414743D4B12
:10E0C4000325C3F80853C3F82C16C3F8304692F856
:10E0D4002D30A3420DD9002209E0D3B23549513382
:10E0E4001D0101EB031300245C604C510132072A2B
:10E0F400F3D900F10C022E4B03EB420319795C793E
:10E104002C4B5130020103EB001044609950012262
:10E114001A605A6042F21073264AD2F804211AB9DE
:10E12400013BF9D1002300E00123A3B1214B0022DC
:10E13400C3F80021D3F8001101910199C3F8042117
:10E14400D3F804310093009B194B93F82D30012B25
:10E1540019D9002215E018494FF4D27001F0EEFDF0
:10E16400E4E702F10C01124B03EB41031C795D79E6
:10E17400D3B210495133180101EB03135D600C5005
:10E184000132072AEDD90A4B93F82E3043B1094BDB
:10E194000322C3F804230020054B187403B030BDD8
:10E1A400044B0222C3F80423F5E71120704700BF93
:10E1B4007C470020007000406C800300F8B50546E1
:10E1C4000E461446414B93F82C30002B3BD03F4B6A
:10E1D4001B68002B3DD016F5006F40DBB4F5006FD3
:10E1E40043DAA64247DAB2B242EA04422B0103F10F
:10E1F400804303F5E043C3F81C25072D41D86F0085
:10E204008021B94016F5006F41D0304843697E1C27
:10E214004FF00042F240134343612D4BC3F8041303
:10E22400072D41D84023BB4040F2FF72944241D0B5
:10E23400264842694FF00041F9400A434261244AAA
:10E24400C2F80433F8BD234940F2692001F076FD99
:10E25400BDE7204940F26A2001F070FDBBE71D498B
:10E2640040F26B2001F06AFDB8E71A494FF41B70C5
:10E2740001F064FDB5E7174940F26D2001F05EFD41
:10E28400B1E7154940F2D62001F058FDB7E70F4831
:10E2940043697E1C4FF00042F24023EA02034361CB
:10E2A4000B4BC3F80813BBE70B4940F2D62001F02F
:10E2B40045FDB7E7054842694FF00041F94022EABD
:10E2C40001024261024AC2F80833BBE77C470020DE
:10E2D400007000406C8003000481030038B50446DC
:10E2E40007282BD81C4B93F82C306BB31A4B1B7C90
:10E2F40083BB04F10C02184B03EB42031B792BB1D3
:10E30400154A92F82D30013B82F82D3004F10C02AD
:10E31400114B03EB420300251D715D710F4A04F19B
:10E324005103190102EB03135D60555040F2FF7273
:10E334000B492046FFF742FF284638BD09494FF4F0
:10E34400B17001F0FBFCCDE7064940F2631001F027
:10E35400F5FCCBE71120F0E77C470020007000407B
:10E3640000F8FFFF6C80030010B5244B93F82C30A9
:10E374009BB1234C6FF00043C4F808330720FFF728
:10E3840085FC0123A36042F210731D4AD2F81421C4
:10E394004AB9013BF9D1002306E01A4940F20710BB
:10E3A40001F0CCFCE5E7012333B10024144BC3F89E
:10E3B4000045124B1C7406E012494FF4887001F0BA
:10E3C400BDFCF2E70134072C12D804F10C020B4B0C
:10E3D40003EB42031B79002BF4D0E0B2FFF77EFF7E
:10E3E4000028EFD007494FF48D7001F0A7FCE9E74E
:10E3F400024B002283F82C2010BD00BF7C47002074
:10E40400007000406C800300002807DB00F01F024E
:10E41400400901239340024A42F82030704700BF6C
:10E4240000E100E0002808DB4901C9B200F16040C6
:10E4340000F5614080F80013704700F00F004901B7
:10E44400C9B2014B1954704714ED00E0003A18BFEB
:10E454000122022908D0032909D0012901D142F05F
:10E464000202C0F85425704742F00402F9E742F072
:10E474000602F6E7430904D0012B0BD14FF6FF73D4
:10E4840001E04FF0FF3300F01F0023FA00F000F02A
:10E49400010070470023F6E710B504460068FFF753
:10E4A400E9FF38B123681F2B0AD903F01F03236047
:10E4B400054810BD05494FF4F67001F03FFCF1E743
:10E4C4004FF0A040F5E700BF00030050946C030038
:10E4D40010B582B00C46019001A8FFF7DDFFA4003F
:10E4E400019B03F5E07340F8234002B010BD00B572
:10E4F40083B0019001A8FFF7CFFF019B03F5E07300
:10E50400032240F8232003B05DF804FB00B583B078
:10E51400019001A8FFF7C0FF0123019A9340C0F8BE
:10E524000C3503B05DF804FB00B583B0019001A87D
:10E53400FFF7B2FF0123019A9340C0F8083503B0F6
:10E544005DF804FB10B582B08446106820B100F079
:10E554006044B4F1005F34D1946824B104F06044A1
:10E56400B4F1005F2DD15468CCF84405CCF848458B
:10E574009068D268CCF83405CCF838250022CCF861
:10E584001821DCF818210192019A13F0010F1DD013
:10E594000122CCF8502513F0020F1BD00122CCF835
:10E5A400402513F0080F02D10122CCF810200A688C
:10E5B400A2B113F0040022D04023CCF80833002089
:10E5C40002E000234B77102002B010BD0022CCF8EB
:10E5D4005025E0E70022CCF84025E2E7DCF81831CA
:10E5E400002BFBD0C87FFF280DD08B7F1BB1FFF71A
:10E5F4008DFF0020E8E7FFF797FF0020E4E74023C2
:10E60400CCF80433E0E70020DEE710B50446C07F11
:10E61400FF2803D0A37F53B1FFF778FF002363776C
:10E624002372204650F8083B6168984710BDFFF7F5
:10E634007BFFF3E738B505460C468B1EDBB2012B96
:10E6440003D94B1FDBB2022B04D821462846FFF71F
:10E65400E9FE38BD02496B2001F070FBF5E700BF0D
:10E66400487D0300D0F81831B3B110B582B00C4620
:10E674000023C0F81831D0F818310193019B0B68BE
:10E6840023B12046FFF7C1FF02B010BD034940F299
:10E69400972001F053FBF4E7704700BF5C8103004F
:10E6A40008B502490248FFF7DDFF08BDAC4700206A
:10E6B4000030004008B503494FF04020FFF7D2FF77
:10E6C40008BD00BFD047002008B502490248FFF743
:10E6D400C9FF08BDF4470020003002402DE9F0478F
:10E6E40082B00646914698460D46002900F08A807D
:10E6F400347904EBC403534901EB83010B7F002BF2
:10E7040040F099803768504B53F824103846FEF790
:10E7140069FF8246002840F091804A4B04EBC40212
:10E7240003EB820143F82290C1F804802B7B012B78
:10E734006DD92878FFF7F8FE2B78019301A8FFF72D
:10E74400ABFE019B03F5E073012240F8232095F80A
:10E754000180B8F1FF0F5ED14FF0FF39A878FF2890
:10E7640061D14FF0FF38A97804EBC402354B03EBB9
:10E77400820383F82010E878D877FF280ED02B790D
:10E78400002B55D0FFF7C2FEE878FFF7B0FE2979D9
:10E7940004EBC4022B4B03EB820399772B78C7F865
:10E7A4000835C7F80C95C7F81085AB68C7F8243549
:10E7B4006A7B297B3846FFF749FEAB79C7F8C03539
:10E7C4000723C7F8003504EBC4031E4A52F823306C
:10E7D40053B13068697940F30730FFF72BFF306895
:10E7E40040F30730FFF710FE164B04EBC40203EBB3
:10E7F400820200215177134601221A77504602B053
:10E80400BDE8F0871149AD2001F098FA70E7287847
:10E81400FFF77CFE90E7C1464046FFF777FE40468F
:10E82400FFF765FE9AE780460121FFF751FE9AE75C
:10E83400FFF77AFEA8E74FF0080ADFE74FF0110A66
:10E84400DCE700BFAC470020F8B703005C8103009D
:10E854002DE9F04106460D469046047904EBC403C5
:10E86400354F07EB83073B7F002B48D02B68002BE9
:10E874004BD0AB68002B51D03379022B07D8EB680F
:10E88400B3F5803F03D26B68B3F5803F04D32B49C3
:10E894004FF40C7001F052FA04EBC402264B03EB64
:10E8A40082035B7F002B45D11346234A52F8233061
:10E8B4004BB118F0140F06D104EBC4021E4B03EB4A
:10E8C400820301225A7704EBC4021B4B03EB820C34
:10E8D4000CF10C0E95E80F008EE80F009CF81F0059
:10E8E400FF2804D09CF81E300BB3FFF71DFE4346EF
:10E8F4002A4639463068FFF725FEBDE8F0810F4906
:10E9040040F22D2001F01AFAB0E76B68002BB0D06A
:10E914000A4940F22E2001F011FAAAE7EB68002B15
:10E92400AAD0064940F22F2001F008FAA4E7FFF725
:10E93400EDFDDCE71120E0E7AC4700205C8103003B
:10E94400F0B583B005460F461646002401E00134B5
:10E95400E4B2B44215D2A00000F5A0704FF48033A5
:10E96400A3402A58002AF2D0D5F804231342EED04B
:10E9740000232B502B580193019B3B6879689847DF
:10E98400E5E703B0F0BD000008B5042202490348DE
:10E99400FFF7D6FF08BD00BF1848002000800040E4
:10E9A40008B5042202490348FFF7CAFF08BD00BFA7
:10E9B400244800200090004008B50422024903487E
:10E9C400FFF7BEFF08BD00BF3048002000A0004094
:10E9D40008B5062202490348FFF7B2FF08BD00BF8D
:10E9E4003C48002000A0014008B506220249034823
:10E9F400FFF7A6FF08BD00BF4848002000B0014053
:10EA040082B001238DF807309DF80730134B18604E
:10EA140059609A6044F20103984213D044F202030D
:10EA2400984207D10D4BDA60DA6812689A61DA68A5
:10EA34005268DA6172B69DF80730002BFBD162B6DA
:10EA440002B07047054B1A611A6992685A611A69D3
:10EA540012689A611A695268DA61EBE75448002037
:10EA640000B583B002900091019244F20100714616
:10EA74006A4600F003F803B000BD00002DE9F04140
:10EA840084B004460E46154672B602F0E5FD02F067
:10EA940011FC0028FBD144F201039C423BD010D866
:10EAA400012C1FD041F201039C4250D12E482F4B20
:10EAB400C01AC00800042E4940F0010002F064FDB1
:10EAC4001AE044F202039C4241D12748274BC01A62
:10EAD400C00800042B686A68264940F0010002F06F
:10EAE40063FD09E02048214BC01AC00800042249F4
:10EAF40040F0010002F048FD204BD3F8F03013F051
:10EB0400010F00D000BE2A4631462046FFF778FFA9
:10EB140004B0BDE8F081144F144BFF1AFF083F0402
:10EB240047F00107D5F80880404602F055F903463E
:10EB34006A68296802960191009242461049384653
:10EB440002F059FD0F49384602F01EFDD4E706488D
:10EB5400064BC01AC008000432460B4940F00100BD
:10EB640002F018FDC8E700BF48650300F86403001D
:10EB740040820300648203002082030000ED00E071
:10EB840080820300A8820300BC82030030B585B0F4
:10EB94004568002D48D00446037B002B46D1026013
:10EBA400EFF3058323B300230393009303AB0A46D7
:10EBB4000921284606F00CFD012801D0042036E086
:10EBC40006F09AF902460023009303AB0621284677
:10EBD40006F0FEFC0128F1D1039B0BB3164B4FF05A
:10EBE40080525A6040BFBFF34F8FBFF36F8F17E05F
:10EBF4000223009300230A460421284606F0E8FC79
:10EC0400012801D0042012E006F070F90246022324
:10EC1400009300230121284606F0DAFC012808D1DC
:10EC240001232373002002E0082000E0002005B047
:10EC340030BD0420FBE700BF00ED00E010B584B058
:10EC44000446406830B3EFF30583B3B10022039266
:10EC5400009203AB082106F0BBFC01280BD1039BF7
:10EC6400A3B10E4B4FF080525A6040BFBFF34F8F99
:10EC7400BFF36F8F0AE004200AE00223009300230D
:10EC84001A46032106F0A4FC012805D100202073B4
:10EC940004B010BD0820FBE70420F9E700ED00E014
:10ECA400EFF3108272B6114B9B68CBB930B40F49A5
:10ECB40001238B600E4BD3F880400E4D2C400C602A
:10ECC400C3F88050D3F884404C604FF0FF31C3F850
:10ECD40084100023037002B962B6002030BC704770
:10ECE4000123037002B962B6002070477448002003
:10ECF40000E100E0FC06FFBD094B9B686BB160B905
:10ED0400EFF3108172B6064B1868064A1060586813
:10ED1400506000229A6001B962B60020704700BFBB
:10ED24007448002000E100E0EFF30583C3F3080317
:10ED34003BB9EFF3148313F0010F0CBF0120002043
:10ED4400704701207047000010B50446FFF7ECFF40
:10ED5400012803D12046FFF7A3FF10BD0249432039
:10ED640000F0ECFFF6E700BFD482030010B50446C0
:10ED7400FFF7DAFF012803D12046FFF7BDFF10BDDE
:10ED84000249512000F0DAFFF6E700BFD482030005
:10ED940038B50546002402E0284698470134032C80
:10EDA40005D8034B53F82430002BF5D1F6E738BDD2
:10EDB400F44800200378013B052B34D8DFE803F046
:10EDC40003061120293100230B70704701230B70B7
:10EDD40003898B818388CB81C3688B6000230B7488
:10EDE400704702230B7003898B818388CB81C368AE
:10EDF4008B60837D062B14BF002301230B747047A3
:10EE040003230B70C3888B810389CB81C3688B6018
:10EE1400704704230B70C3888B810023CB818B60E4
:10EE2400704705230B707047884207D20368B3F11B
:10EE3400FF3F01D001207047002070470020704739
:10EE44004388033300EB8300704738B504460D460E
:10EE5400FFF7F6FF85420CD3A2884FF6FF739A4260
:10EE640009D023884BB1A368B3F1FF3F07D000203A
:10EE740038BD0220FCE70120FAE70120F8E7012071
:10EE8400F6E7000060B10A4AD26882420AD8084A0A
:10EE94001269824208D310F0030F07D10120704792
:10EEA4000020704700207047002070470020704702
:10EEB400082B00200A4A00EB800302EB83031B8922
:10EEC4000B4400EB800002EB8002528912FA83F0BB
:10EED40080B2B0F5806F8CBF00200120704700BF66
:10EEE400B8480020002301E001339BB2012B0ED867
:10EEF40003EB830C074A02EB8C0252688A42F3D27A
:10EF040002F580528A42EFD903800020704748F20C
:10EF140009607047B84800208B7D022B04D903890F
:10EF2400CA881344033303814389CA889B1A033B69
:10EF340043817047F8B5033086B240F2FE339E42F7
:10EF440025D80D46002401E00134A4B2012C1BD8BD
:10EF540004EB84030F4A12F82330002BF4D131461A
:10EF64002046FFF7A7FF0028EED02C80094B04EBC6
:10EF7400840203EB8202528904EB840703EB8703C8
:10EF840032445A81002001E048F20660F8BD48F29C
:10EF94000860FBE7B8480020064A01EB810302EB56
:10EFA40083035B8901EB810102EB81021B1A033BA2
:10EFB40053817047B8480020F8B50E4600EB800036
:10EFC400134B03EB80035C6804F580550868A0B11B
:10EFD400FFF736FF044629462046FFF725FF07467C
:10EFE40098B129462046FFF730FF012807D00228B0
:10EFF4000AD00028EFD1346007E00834EBE720465C
:10F00400FFF71EFF0446E6E700273846F8BD00BFB9
:10F01400B848002030B583B005460C464068FFF779
:10F0240031FF20B12A89174B1B899A4218D000233B
:10F0340023802388012B23D80023019301A920884E
:10F04400FFF7BAFF0146B8B1019B2A68986890425D
:10F05400F4D16B600B4B1B892B81084603B030BD88
:10F064002A6869688B689A42E1D12046FFF73AFF23
:10F07400B0FA80F14909F0E7238801332380D8E707
:10F084000021EAE7A0480020F8B51C461F4B1B7876
:10F09400002B34D005460F461646002A32D03CB920
:10F0A40048F2046027E000232360A3880133A3808F
:10F0B400A388012B20D803EB8303154A12F82330CD
:10F0C400002BF2D12146A088FFF776FF0028EAD072
:10F0D40023681DB199882A889142F3D11FB11988F8
:10F0E4003A889142EED19B68336023687360094B80
:10F0F4001B8933810020F8BD48F20960FBE748F220
:10F104000160F8E748F20460F5E700BF0849002011
:10F11400B8480020A04800200B4A1389013313810A
:10F124000023538013730CE003EB83018A00074927
:10F134008A5CB2FA82F25209034919448A72013391
:10F144009BB2012BF0D97047A0480020B84800209A
:10F1540000B58646002301E001339BB2012B19D888
:10F164000E4A1A44927A002AF6D00C4A1A44002114
:10F17400917203EB83010A4A02EB8102D268002AEE
:10F18400EAD1074A02EB8102107C0028E4D0AEF8F1
:10F19400003000E000205DF804FB00BFA048002020
:10F1A400B8480020044B5B685B880333034A9188AA
:10F1B40011FA83F393807047A0480020B0480020E0
:10F1C40030B40E4804680E4B5B880E4903EB830C85
:10F1D4004FEA8C020A44556805605460B0F804C0D4
:10F1E400A2F808C00222828003EB830303FA02F22E
:10F1F400114400230B7430BC704700BFB04800209A
:10F20400A0480020B848002008B5124B1B78072BF3
:10F214000AD8DFE803F00409090A1016161AFFF7E2
:10F224007BFF0C4B01221A7008BDFFF7BBFF094B93
:10F2340002221A70F8E7FFF7C3FF064B06221A7082
:10F24400F2E7044B07221A70EEE7024B01221A7010
:10F25400EAE700BFA048002008B50146014800F0D5
:10F26400EBFD08BDE048002008B5064B05221A70E6
:10F27400054902238B80002301220968034801F019
:10F28400A9FA08BDA0480020B0480020082B00209F
:10F2940008B50D4B5B8803EB83010C4A02EB81023A
:10F2A400D26872B9084A0421117003EB8303074939
:10F2B40001EB8301002301224968054801F08AFA21
:10F2C40008BDFFF7D1FFFBE7A0480020B8480020A5
:10F2D400082B002000B583B0002300930823044AC0
:10F2E40004490968044801F0A5F903B05DF804FB7A
:10F2F40010B80300B0480020082B002008B5044BC8
:10F3040007221A7000225A60FFF7E4FF08BD00BF0D
:10F31400A048002000B583B00146002300930823D1
:10F32400034A044801F086F903B05DF804FB00BF0A
:10F3340008B80300082B002038B530B90B79032B2B
:10F3440062D8DFE803F0081E3843324B00225A60CB
:10F354004FF4064005E001230B71FFF7BBFF0028C3
:10F3640052D138BD0A4603EB830189000020505472
:10F3740003EB830302EB83025068FFF7CBFF012307
:10F384000FE00023012B09D803EB8302224911F873
:10F394002220022AE6D001339BB2F3E7002348F28D
:10F3A4000E60002BDBD11B4B01221A7000225A6025
:10F3B40041F61D50D5E700230B71184902228A80BB
:10F3C40001220968164801F005FAC8E74FF0000C5D
:10F3D40081F804C0134B5B88104908680E4C03EB9A
:10F3E400830204EB820255680D605060B1F804E0BA
:10F3F400A2F808E002228A8003EB8303934004F816
:10F4040003C0FFF787FFAAE7024B00225A6048F2C5
:10F414000D60A6E708490020B8480020B048002045
:10F42400082B0020A048002008B5064B06221A70BD
:10F434005B8803EB83039A00034B13445868FFF77C
:10F4440069FF08BDA0480020B848002000B583B07B
:10F4540002238375002300930423C218044801F097
:10F46400E9F810B903B05DF804FB48F20D60F9E760
:10F47400082B002000B583B0036973B1032383759F
:10F4840000230093042300F10C020831054801F025
:10F49400D1F820B903B05DF804FB0123EFE748F28B
:10F4A4000D60F7E7082B002000B583B001238375B6
:10F4B400C388002200929B0002690C31044801F0C9
:10F4C400B9F810B903B05DF804FB48F20D60F9E730
:10F4D400082B002000B583B00378032B0ED006233D
:10F4E400837500230093042300F10802194406489D
:10F4F40001F0A0F820B903B05DF804FB0523EFE7A1
:10F5040048F20D60F7E700BF082B002010B582B069
:10F514000C46002300930423084A0146084801F0DE
:10F5240089F840B904EB8404064B03EB84030122FD
:10F534001A7402B010BD48F20D60FAE704B8030073
:10F54400082B0020B848002070B50C468B8A03EBCA
:10F5540083022B4E06EB820688B9294A03EB83010A
:10F5640002EB81014D680B8905EB8305A37D062B16
:10F574000BD8DFE803F0162E22280D343E00304667
:10F58400FFF7CAFC4FF4064515E048F20E650EE09D
:10F594001C4800234360A36903601B49FFF73AFD3D
:10F5A40050B329462046FFF751FF05461DB12146B9
:10F5B4003046FFF7B1FC284670BD29462046FFF7C8
:10F5C40059FF0546F2E729462046FFF76DFF054639
:10F5D400ECE729462046FFF77DFF0546E6E70623CC
:10F5E400A375094B1988074B5868FFF78FFF054629
:10F5F400DCE741F61D55DAE748F20965DBE700BFB1
:10F60400B84800208C4800208848002010B584B0F9
:10F6140004460023009301930293C36800930DF101
:10F624000E016846FFF7F6FC18B948F2096004B009
:10F6340010BD01988388E38003882381BDF80E10F0
:10F64400FFF764FFF3E7000000B583B00B4842689E
:10F654000B4B1968B3F804C0538803339BB24FF0C3
:10F66400030E80F800E0002000909B0001EB8C0169
:10F67400044800F0DFFF03B05DF804FBA04800205D
:10F68400B0480020082B002008B5064931F8020CC8
:10F69400FFF792FC10B1FFF7D7FF08BDFFF7F8FDA5
:10F6A400FBE700BFA448002008B50748FFF750FD5A
:10F6B40010B1FFF7E9FF08BD044B00221A705A800D
:10F6C4005A6041F61D50F6E7A2480020A0480020E9
:10F6D40030BB08B5154B1B7B6BB1144B00221A735E
:10F6E400124B1B78013B062B1DD8DFE803F0070AF9
:10F6F4000D101C131600FFF787FDF1E7FFF7D4FF89
:10F7040008BDFFF7C1FFFBE7FFF79EFFF8E7FFF730
:10F71400BFFDF5E7FFF788FEF2E7FFF7EFFDEFE740
:10F724004FF40640704748F20E60E9E7A048002015
:10F7340000B585B0094B01AA00210630FFF7A4FCEF
:10F7440038B9064B99880298FFF7E0FE05B05DF8DA
:10F7540004FB024B00221A605A60F7E7804800203D
:10F76400B0B908B50B79012B08D0022B13D0ABB973
:10F7740002230B710846FFF749FF0EE00846FFF726
:10F78400D7FF48F20963984207D141F61D5004E0BF
:10F794004FF40640704741F61D5008BD48F20E6014
:10F7A400FBE7000008B50146014800F051FB08BD25
:10F7B400E048002008B5084B1B683BB1012106480E
:10F7C40000F001FC003818BF012008BD03494FF4C4
:10F7D400247000F0B3FAF1E70449002074830300B5
:10F7E40010B586B004462CE02E48FFF735FD2E4BAD
:10F7F40018602AE02D494FF4B46000F09FFA28E025
:10F804002046FFF799FD002849D000230193029375
:10F8140003930493059341F61D5398423DD00290FF
:10F82400214C01A92068FFF7C5FA01A8FFF7B0FA37
:10F83400002323601B48FFF7B5FFFFF7BBFF70B33E
:10F844000024194B1B68002BCED0174B1B68002BD0
:10F85400D0D0154B19680B78013B052B1AD801A29F
:10F8640052F823F005F8020081F8020081F8020042
:10F8740089F8020089F8020091F802002046FFF797
:10F8840063FEC0E72046FFF76BFFBCE72046FFF7A7
:10F894001FFFB8E748F20E60B7E70020BFE706B0E5
:10F8A40010BD00BF984800209C48002074830300CA
:10F8B40008B54068FFF794FF08BD000008B50121B2
:10F8C400014800F075FB08BDF048002008B501466A
:10F8D400054800F09AFA0022026042608260C26029
:10F8E40002614261826108BDE048002008B501461A
:10F8F400014800F096FA08BDE048002008B501214F
:10F90400034800F04AFB00B108BDFFF769FFFBE7BD
:10F91400044900202DE9F04383B00C4638490978A6
:10F9240000295DD005469846002C5CD021884FF60E
:10F93400FF7399425AD06388002B5AD0676817F036
:10F94400030759D1002A33D01388ADF80630B2F832
:10F9540002906846FFF7BAFF0646002833D080F8C5
:10F96400008000238375BDF80630838263680361D9
:10F97400FFF7A4FFF060238833816388B380A6F87F
:10F984000690B8F1030F26D0002373816846FFF771
:10F99400ADFF3DB100236B60F2682A60AB72194B76
:10F9A4001B892B81FFF7AAFF384603B0BDE8F0831B
:10F9B400B4F808900DF106014846FFF7BBFA002899
:10F9C400C7D00746F0E7BDF806104846FFF7E4FA4B
:10F9D40048F20767E8E70423B3752B68B361D3E7FC
:10F9E40048F20167E0E748F20467DDE748F203679D
:10F9F400DAE748F20367D7E748F20267D4E700BFC3
:10FA040008490020A048002010B370B582B00C460D
:10FA1400054601B30DF10601FFF7FCFA18B948F2E7
:10FA2400096002B070BD6E68BDF8063003EB830058
:10FA340080000830094B18440121043000F0B8FA62
:10FA440026606B680C3363600123AB720020E8E727
:10FA540048F20460704748F20460E2E7B8480020C6
:10FA6400F8B110B582B004460DF10601FFF7D2FAE1
:10FA7400D0B1BDF8063003EB8301104A02EB8102DA
:10FA8400D268AAB1A27AB2B10C4A02EB8101C96868
:10FA9400013903EB830302EB8302D1600020A072DF
:10FAA40004E048F20460704748F2096002B010BDF7
:10FAB40048F20560FAE748F20560F7E7B848002025
:10FAC40008B502230022FFF725FF08BD28B108B5B9
:10FAD40003230022FFF71EFF08BD48F204607047AD
:10FAE400114B1B78BBB110B582B004464FF6FF73BF
:10FAF400984213D001A8FFF7E9FE90B105220270E5
:10FB040001220271C48001A8FFF7F0FEFFF7F6FEA0
:10FB1400002002B010BD48F20160704748F2036053
:10FB2400F7E748F20760F4E70849002000B583B01E
:10FB3400ADF80600ADF8041001A90DF10600FFF7B9
:10FB4400A3FA03B05DF804FB00B583B01346ADF827
:10FB540006000A460DF106010020FFF795FA03B0EE
:10FB64005DF804FB00B583B01346ADF806000A4601
:10FB740000210DF10600FFF787FA03B05DF804FBDE
:10FB840020B131B103680B600020704748F2046073
:10FB9400704748F2046070471EF0040F1CBFEFF377
:10FBA40009800AE0EFF308800549064A884201D833
:10FBB400904202D88D464FF00000034B18470000D6
:10FBC4000000042000F80320FDFB0200BFF34F8F68
:10FBD4000549CA6802F4E062044B1343CB60BFF3E7
:10FBE4004F8F00BFFDE700BF00ED00E00400FA0501
:10FBF40008B5FFF7EBFF000070B582B0064601F0D0
:10FC04002BFD01F057FB0028FBD1404B9D6A26B326
:10FC14003F4C404BE41AE408240444F00104B26964
:10FC24003D49204601F0B6FCB368F26801920093A6
:10FC3400736832683949204601F0CEFCF3690093B9
:10FC4400736932693649204601F0B9FC2F4BDB6AEF
:10FC540013F0020F0CD1002420E02D482D4BC01AC4
:10FC6400C00800042F4940F0010001F08DFCEDE7CD
:10FC74002748284BC01AC00800042B4940F0010053
:10FC840001F082FCE7E72248224BC01AC0080004B6
:10FC9400264940F0010001F07DFC0134192C09D8FB
:10FCA4000123A3402B42F8D0214B53F82420002AEF
:10FCB400E9D1F2E715F0800F0ED115F4004F18D1F9
:10FCC400124BD3F8F03013F0010F00D000BE3046D1
:10FCD400FFF78EFF02B070BD0D480E4BC01AC0086E
:10FCE40000040A4B5A6B134940F0010001F052FC26
:10FCF400E3E70748074BC01AC0080004034B9A6B9C
:10FD04000D4940F0010001F045FCD9E700ED00E0A9
:10FD140068650300F864030008840300208403007A
:10FD24005884030080840300B4840300F88403002F
:10FD340018B80300048503002485030000B583B0CC
:10FD4400009001916A46002144F20200FEF796FEFB
:10FD540003B05DF804FB82B050E8013F1FFA83FC56
:10FD6400C28994448289944528BFACEB020C028971
:10FD7400944502BFBFF32F8F002007E0CCEA030CA9
:10FD840040E801C2002AE7D14FF001008DF80700D6
:10FD94000093009B0B609DF8070002B0704750E889
:10FDA400012FC2EA024240E80123002BF7D1704739
:10FDB40082B050E8023F1FFAA3FCC288944502BFF8
:10FDC400BFF32F8F00200EE0C289944482899445AA
:10FDD40028BFACEB020CC3EA0C4C40E802C2002A78
:10FDE400E7D14FF001008DF807000093009B0B60F2
:10FDF4009DF8070002B0704750E8022FC2EA224281
:10FE040040E80223002BF7D1704738B505460C466D
:10FE1400FFF7A1FF18B128682388184438BD0020D3
:10FE2400FCE708B50A884B889A4201D0002008BD37
:10FE3400FFF7B5FF0120FAE738B505460C46FFF792
:10FE4400B7FF18B128686388184438BD0020FCE760
:10FE540008B50A884B889A4201D0002008BDFFF7F4
:10FE6400CBFF0120FAE708B54B0901F01F0101227D
:10FE740002FA01F100EB830000F06EF808BD10B542
:10FE84004B0901F01F040121A14000EB830000F0A5
:10FE940058F8E04000F0010010BD08B54A0901F02F
:10FEA4001F01012303FA01F1C94300EB820000F0B2
:10FEB40069F808BD4B0950F8230001F01F01C84040
:10FEC40000F0010070472DE9F04106460F46002579
:10FED40018E0202300E020231F2B12D803EB451445
:10FEE400A7420ED921463046FFF7C9FFE0B1D8F842
:10FEF4000030DB4393FAA3F3002BECD0B3FA83F383
:10FF0400EAE701357B1E5B090133AB420BD906EBF3
:10FF1400850856F82530DB4393FAA3F3002BD8D099
:10FF2400B3FA83F3D8E73C462046BDE8F0810346A4
:10FF340053E8000F0A4643E8002C9CF0000FF7D169
:10FF44007047034653E8000F40EA010243E8002CDF
:10FF54009CF0000FF6D17047034653E8002F42EAA5
:10FF6400010043E8000C9CF0000FF6D170470346F3
:10FF740053E8000F00EA010243E8002C9CF0000F54
:10FF8400F6D17047034653E8002F02EA010043E824
:10FF9400000C9CF0000FF6D17047034653E8000FA5
:10FFA40000EB010243E8002C9CF0000FF6D17047EF
:10FFB400034653E8002F02EB010043E8000C9CF0D9
:10FFC400000FF6D17047034653E8002FA2EB01005F
:10FFD40043E8000C9CF0000FF6D1704708B50121EE
:10FFE400FFF7BAFF08BD08B50021FFF7C0FF08BD41
:0CFFF40038B50C46054620B1EB68288AA1
:020000023000CC
:1000000000FB043038BD0249E820FFF799FEF5E710
:10001000208A030038B50C46054630B1EB68E01A7B
:100020002B8AB0FBF3F0C0B238BD0249F520FFF7D0
:1000300087FEF3E7208A030000283DD010B5044670
:10004000036873B163688BB1A368ABB1E368CBB1EC
:10005000238AEBB1A2686368D21AD2B221680B601E
:1000600022E01649FF20FFF76BFEEBE713494FF440
:100070008070FFF765FEE7E7104940F20110FFF7D7
:100080005FFEE3E70D494FF48170FFF759FEDFE7AC
:100090000A4940F20310FFF753FEDBE721680A68C4
:1000A000501C086013701A46531EDBB2002AF5D1AB
:1000B00023680020187110BD0E207047208A0300AD
:1000C00030B583B00446E8B100238DF807300DF158
:1000D0000700FEF73BFE2268136861688B4217D960
:1000E000591E116013F8011C2046FFF783FF0546D7
:1000F000A368226811685B1ADBB21179994208D2B1
:10010000137106E006494FF49270FFF719FEDBE722
:1001100000259DF80700FEF72BFE284603B030BDF2
:10012000208A030070B582B00C460646B0B1DCB13F
:1001300000238DF807300DF10700FEF707FE336846
:100140001D686A1C1A6021463046FFF763FF28705D
:100150009DF80700FEF70CFE02B070BD054940F2A5
:100160004710FFF7EDFDE2E702494FF4A470FFF7F7
:10017000E7FDDDE7208A030010B5044640B1A26820
:100180002AB163692168206998470023A36010BDE4
:1001900002493120FFF7D4FDF1E700BFBC8A03001C
:1001A0000EB430B582B0059D0446A0B16369BBB101
:1001B0002368D3B16368EBB145B10023019306AB6B
:1001C000019301AA2946204600F026F902B0BDE8B5
:1001D000304003B070470A494220FFF7B1FDE5E720
:1001E00007494320FFF7ACFDE2E705494420FFF74C
:1001F000A7FDDFE702494520FFF7A2FDDCE700BFCE
:10020000BC8A030038B504460D460A2909D0226885
:10021000A368591CA160D554A26863689A4204D2AD
:1002200038BD0D21FFF7EEFFF1E72046FFF7A4FFF1
:10023000F6E700002DE9F84F82460F4615461E46A8
:10024000DDF828900B9A0B464FF0010803E0B3FB52
:10025000F5F308F10108AB42F9D2B04500D2B0463F
:1002600012F0010B13D1B9F1000F10D012F0020FF0
:100270000FD086B1202405E009F1FF392146504610
:10028000FFF7C0FFB9F1000F01D0C145F4D8012438
:1002900006E02024F6E73024F4E7013E05FB04F4F1
:1002A000012EFAD8B7FBF4F39D42F7D9B7FBF4F36C
:1002B00004FB13770E4AD15C5046FFF7A3FF234699
:1002C000B4FBF5F4AB42F1D2BBF1000F02D0B9F1AF
:1002D000000F07D1BDE8F88F09F1FF392021504602
:1002E000FFF790FFB9F1000FF4D0C145F4D8F1E762
:1002F00080B803002DE9F04782B080460F461446CF
:1003000099460A9EDDF82CA081EAE17CACEBE17C09
:10031000012502E09CFBF4FC01356445FADD4D4506
:1003200000D24D462EB1002F02DB1AF0040F00D090
:10033000013E1AF0020F02D0B9F1000F03D01AF0FB
:10034000010F00D1CEB9002F1CDB1AF0040F1FD112
:100350000AF00303022B20D0CDF804A000964B46F0
:10036000224639464046FFF765FF02B0BDE8F087F8
:10037000013E20214046FFF745FF002EE3D0AE426C
:10038000F6D8E0E77F422D214046FFF73BFFDFE74D
:100390002B214046FFF736FFDAE7B9F1000FDBD13A
:1003A0002EB9D9E7013E30214046FFF72BFF002E42
:1003B000D2D0AE42F6D8CFE7F8B506460C46154681
:1003C00013F001070ED1E1B1084605F0C0FF074662
:1003D00017E0013401373046FFF714FF2178002978
:1003E000F7D106E00027F9E7013D20213046FFF76D
:1003F00009FFBD42F8D8F8BD013D20213046FFF786
:1004000001FFBD42F8D803E001343046FFF7FAFEA1
:1004100021780029F8D1EEE7F0B583B00C461646F6
:10042000054648B16B696BB12B688BB16B68ABB19A
:10043000002C40F08B80DAE0704940F25220FFF748
:100440007FFCEFE76D494FF41570FFF779FCEBE7A0
:100450006A4940F25520FFF773FCE7E7674940F22D
:100460005620FFF76DFCE3E70027012303E047F088
:100470000107013483B121782D29F8D0302903D028
:100480002B2905D00023F5E747F002070134F1E7F7
:1004900047F004070134EDE700222A290CD0217827
:1004A000A1F13000C0B209280CD8013402EB82025D
:1004B00001EB4202303AF0E73368191D31601B68E6
:1004C0001A44013423782E2B02D00023217811E026
:1004D000013400232178A1F13000C0B20928F5D8F9
:1004E000013403EB830301EB4301A1F13003F1E796
:1004F00014F8011F6C29FBD06829F9D025296FD089
:1005000020D378291ED858291CD35839202919D826
:10051000DFE801F03C1818181818181818181811E6
:1005200026181818182618181818181850181847C8
:10053000183118183C0033681A1D326019782846A3
:10054000FFF760FE01342378002B4ED014F8011B16
:1005500000294AD0252987D02846FFF753FEF2E725
:100560003168081D30600968019700920A22284608
:10057000FFF7C0FEE6E73168081D306009680197A3
:1005800000920A222846FFF755FEDBE73168081D76
:10059000306009680197009210222846FFF74AFE52
:1005A000D0E731680B1D33603B4609682846FFF7EA
:1005B00003FFC7E733681A1D32601F6830212846E1
:1005C000FFF720FE78212846FFF71CFE0023019349
:1005D00008230093102239462846FFF72BFEB1E787
:1005E00025212846FFF70EFEACE72B7B0BB903B0A5
:1005F000F0BD2846FFF7C0FDF9E700BF508B0300B0
:10060000C3688B4206D8114401390369994203D962
:1006100000207047002070470120704710F0030F42
:100620000CBF01200020704743681B68013B0B4250
:100630000CBF0120002070472DE9F04182B0002856
:1006400031D00E4615461C460746002A3BD0D0F84E
:100650000080B8F1000F46D0002B54D043685A6890
:10066000B4FBF2F302FB1343002B5CD10846FFF707
:10067000D5FF002867D02846FFF7D0FF002872D0AA
:10068000224631463846FFF7BBFF00287BD0D8F81A
:100690000C80089B009323462A4631463846C047C3
:1006A00002B0BDE8F0814048404BC01AC0080004C9
:1006B0000E2400943E4B3F4A3F4940F0010000F0B9
:1006C00080FF2046ECE73848384BC01AC0080004C9
:1006D0000E240094364B394A374940F0010000F0AF
:1006E00070FF2046DCE73048304BC01AC0080004D9
:1006F000082400942E4B324A2F4940F0010000F0AC
:1007000060FF2046CCE72848284BC01AC0080004E8
:1007100009240094264B2B4A274940F0010000F0A1
:1007200050FF2046BCE72048204BC01AC0080004F8
:10073000092400941E4B244A1F4940F0010000F098
:1007400040FF2046ACE71848184BC01AC008000408
:1007500010240094164B1D4A174940F0010000F088
:1007600030FF20469CE71048104BC01AC008000418
:10077000102400940E4B164A0F4940F0010000F07F
:1007800020FF20468CE70848084BC01AC008000428
:1007900010240094064B0F4A074940F0010000F076
:1007A00010FF20467CE700BF78650300F864030073
:1007B000A4B80300E88B0300F08B03007C8C0300DB
:1007C000248C0300388C0300848C0300B08C03005D
:1007D000C88C0300EC8C03002DE9F04182B0F0B12D
:1007E000884614461F460546066846B3002A36D09A
:1007F000FFF71AFF002842D06B681A6804FB02F268
:1008000041462846FFF7FCFE002848D036693B46A3
:10081000224641462846B04702B0BDE8F08128484C
:10082000284BC01AC00800040E240094264B274A07
:10083000274940F0010000F0C4FE2046ECE72048C4
:10084000204BC01AC0080004082400941E4B214A03
:100850001F4940F0010000F0B4FE2046DCE71848D4
:10086000184BC01AC008000409240094164B1A4AF9
:10087000174940F0010000F0A4FE2046CCE71048E4
:10088000104BC01AC0080004102400940E4B134AE9
:100890000F4940F0010000F094FE2046BCE70848F4
:1008A000084BC01AC008000410240094064B0C4AE0
:1008B000074940F0010000F084FE2046ACE700BF8D
:1008C00078650300F864030090B80300E88B030028
:1008D000F08B0300248C0300388C0300148D03007C
:1008E0003C8D030029DF704728DF704703689B6851
:1008F000002B28D000B587B000230093019302930A
:10090000039304930593019183680593037953B18D
:10091000012B11D102238DF80030C3681B03029311
:100920004369049308E001238DF8003003690293C2
:10093000C36803934369049303689B6868469847B8
:1009400007B05DF804FB704710B542698369D21A9D
:10095000B2F5805F28BF4FF4805292080469C168E5
:10096000012A38BF012219441819FFF7BBFF10BD37
:1009700008B5C26800691044FFF7B6FF08BD000063
:10098000114B0022DA6003791BB1012B0FD0104606
:10099000704742698369D11AB1F5805F94BF5B18D3
:1009A00003F5805383619A4209D0002070470369A0
:1009B000013303614269934203D000207047012054
:1009C00070470120704700BF18490020064AD368CD
:1009D0000133D360082B01D8002070471346002252
:1009E000DA600120704700BF18490020034B012244
:1009F0005A74187AB0FA80F04009704718490020FC
:100A000008B502490248FFF725FA08BD1049002041
:100A10002C49002008B505490548FFF70FFA054B9A
:100A20001860003818BF012008BD00BF1049002021
:100A30002C4900201449002008B51A4B1B7AA3B199
:100A4000184B02221A72184B18680379ABB1012BAC
:100A50001CD00321144B1868FFF748FF114B0022EC
:100A60001A725A60FFF7CCFF08BDFFF7D3FF0028CA
:100A7000E6D10C4B00225A60F6E7FFF765FF40B164
:100A80001128E6D1074B01221A72EDE7FFF770FF3C
:100A9000F5E7044B1B7C002BE6D10021022000F07F
:100AA00005F8E1E71849002014490020831E012BB6
:100AB0002DD810B50446164B1B7A53B1022B03D127
:100AC000022807D0032818D0114B5B7CE3B9FFF74D
:100AD000B3FF10BD0F4B1868FFF752FF0028F3D08B
:100AE0000B4B00221A720B4B1868022C0AD00D21F6
:100AF000FFF7FCFEFFF784FFE6E7064B1868FFF7F9
:100B000065FFEBE71146F3E701F02EF9E1E77047E7
:100B10001849002014490020012802D0032800D0E1
:100B2000704708B5054B00225A74012814BF0020F5
:100B300001201874FFF780FF08BD00BF184900208E
:100B40002DE9F04F83B0884601929B469DF8309086
:100B50000446D0B1B4F806A0637903FB0AFAAAF1FF
:100B6000040ADA4516D9E7880BF10403B3FBF7F65C
:100B700007FB1633019A156805EB0B02524501D9A4
:100B8000AAEB0B05019A15600BE01949B620FFF797
:100B9000D7F8DFE71649C420FFF7D2F8E3E7246867
:100BA000013E002EFBD1A7EB030AAA4528BFAA46A7
:100BB000B3460DE052460146184605F0DFFB2468B7
:100BC000A5EB0A05D344BA46AF4228BFAA4633462E
:100BD0005DB108EB0B0023440433B9F1000FE9D0F9
:100BE0005246194605F0CAFBE9E703B0BDE8F08FAD
:100BF0009C8D030008B5FFF71FFA08BDF8B5014644
:100C00004679701E0A46002301E0126801338342D0
:100C1000FBD31768002405E00D683846FFF782FA19
:100C200001342946A642F7D8F8BD2DE9F843074616
:100C3000048A231F19440331B1FBF3F8FFF740FA8C
:100C40000646F8B10025057101234371043CC480B8
:100C50005FFA88F808F1FF3807608146454511D2F0
:100C60003846FFF72DFA044640B1737901337371AA
:100C7000C9F80000076001358146EFE73046FFF70D
:100C8000BDFF26463046BDE8F88308B50121043093
:100C9000FFF790F908BD10B5044601210430FFF7B5
:100CA00094F910F0FF0F00D010BD2046FFF7A6FF0B
:100CB000FAE7000010B584B01446039200220092B7
:100CC00003AAFFF73DFF039BA34201D104B010BD6F
:100CD0000249F620FFF734F8F8E700BF9C8D0300C7
:100CE00010B584B0144603920122009203AAFFF7C4
:100CF00027FF039BA34201D104B010BD02494FF46A
:100D00008070FFF71DF8F7E79C8D030082680023D1
:100D1000936082681361826853618268D3608268DD
:100D2000536082681360704738B50C46054638B189
:100D30005CB12C6023686B60626893420AD038BD56
:100D400006495020FEF7FCFFF2E704495120FEF768
:100D5000F7FFEEE700236B60F1E700BF388E03007A
:100D600010B5044658B1236873B1636833B1226883
:100D700091680B446360526893420AD010BD0649E3
:100D80006320FEF7DDFFEEE703496420FEF7D8FF9E
:100D9000EBE700236360F1E7388E03000E49A1F50D
:100DA0009472914215D9A1EB020C4FEADC7303EB6C
:100DB000EC035B1002EBC30C52F83330834201D9D1
:100DC0006146EEE702D20CF10802EAE7DCF8040023
:100DD00070470020704700BFE0B9030008B5FFF777
:100DE000DDFF00B108BD0148FCE700BFE0B903002A
:100DF0007047704700B583B0044B00934FF4806395
:100E0000034A00F033F803B05DF804FB150E03004D
:100E10003C4900200AB3F8B50F46144603260025C6
:100E200003E00E4B01221A70B4B12246791900205A
:100E300000F0D0FD0544241A0028F2D1074B1B789E
:100E400053B1074B4FF47A4043F001039847013EFA
:100E5000E7D1024B00221A70F8BD70473C4D0020CC
:100E600000BA030008B500F0EBFD08BDF0B595B081
:100E70000E4615461C460846FFF707FF0E950F94D1
:100E8000002310938DF8443012931A9A139208227B
:100E900008A93046FFF724FF0A9B0B93BDF82430C6
:100EA000ADF83030BDF82630ADF8323001238DF882
:100EB00035309DF8203003F00303012B06D0022BC0
:100EC00021D03046FFF7E7FE15B0F0BD089DC5F311
:100ED00095259DF82030C3F3C2038DF83430BDF85A
:100EE0002040C4F383140823A2000DEB0301304615
:100EF000FFF7F6FE0EAB00930BAB224602A9284685
:100F000000F020FCDDE7BDF82250C5F389159DF8FF
:100F10002030C3F3C2038DF8343008272C46082D47
:100F200028BF08243B46224602A93046FFF7D8FED8
:100F300027442D1B0EAB0BAA214602A800F064FC2F
:100F4000002DEBD1BDE7000008B5FFF78BFF0421B2
:100F5000064800F063FB002803DB054B01225A71B1
:100F600008BD04494120FEF7EBFEF6E7E06503000B
:100F7000382B0020D8920300037813F0040F19D007
:100F800003F00303012B03D0022B0AD0012070478A
:100F90000388C3F383130A68134402330B600120F0
:100FA00070474388C3F389130A68134402330B6004
:100FB0000120704700207047002002E001238BB918
:100FC000013009280CDC084BD3F81034002BF5D085
:100FD000DB681A79824201D01B68F7E70023EEE74D
:100FE0004FF0FF30704700BF404D002010B584B077
:100FF0002D4C2046FEF7F4FF201FFEF7F1FFA4F56D
:101000008364A3680393DBB2023304EB8304201DE3
:1010100006E09DF80C300233244800EB83000430D6
:1010200003A9FFF7A9FF0028F3D100220BE0039BDF
:10103000591C0391DBB202331C4901EB83035B684B
:101040004DF822300132012AF1D99DF8003003F029
:101050000303012B16D0022B1ED1BDF80640BDF8AC
:101060000230C3F389130333039A02EB9302039212
:101070000F48FEF7BAFF10B10C4B039A9A60204656
:1010800004B010BDBDF80640BDF80020C2F38312C5
:10109000039B13440393EBE706494FF4C270FEF73A
:1010A0004FFE0024E4E700BF58510020404D0020CF
:1010B0005451002094930300F0B583B006460C46CB
:1010C0001746851C00238DF807300DF10700FDF74A
:1010D0003DFE1E4B5A6822609B689B1A03F5807385
:1010E00011E01B4C01212046FEF764FFFFF77EFF55
:1010F00001462046FEF75EFFA4F21C44A368626826
:101100009B1A03F58073AB42EBD30022B7B10123E6
:1011100063F3010242F0040266F389120B4841684E
:10112000CBB2023300EB83035A60294441609DF83F
:101130000700FDF71DFE012003B0F0BD022363F39D
:10114000010242F0040266F39F52E7E7404D00209F
:101150005C51002010B5074B01221A700648FFF7BA
:1011600049FD044608B1204610BD0448FFF7CEFDF6
:10117000F9E700BF404D0020E464030014BA030007
:101180000248034BC01AC008704700BFE065030067
:10119000F864030099B110B50446FFF7F1FF00238E
:1011A00083420AD2074A32F823102268914201D0C2
:1011B0000133F5E72360002000E0052010BD00208A
:1011C000704700BF1C2B00202DE9F04706460F4654
:1011D00090461D46DDF82090040C00211A48FEF7C9
:1011E000A8FE80F3100AFFF7CBFFA04225D96B1CA5
:1011F00003EA090344EA0A42144C023304EB830372
:101200005A6005EA0905023504EB85031A7966F38D
:10121000C5021A719A8868F389129A805A6867F32E
:101220009F225A601A79012161F301021A71D2B228
:1012300022F004021A71BDE8F087054940F2A910B6
:10124000FEF77EFDD3E700BF5C510020404D00203B
:101250009493030000B583B0019001A8FFF79AFFB3
:1012600030B9019A034B53F8320003B05DF804FB28
:101270000020FAE7F8640300094B03EBC0030139CF
:10128000032909D8DFE801F0020A040602207047AA
:1012900018797047587970470020704704207047CC
:1012A000F8640300034B98685B68984214BF002001
:1012B00001207047404D00202DE9F04186B0FFF736
:1012C000F1FF002840F01F81044690480023C0F839
:1012D0001834BFF34F8F83680593DBB2023300EB02
:1012E0008300043005E0DBB20233884800EB830062
:1012F000043005A9FFF740FE30B3844BD3F818340F
:1013000023BB824B5A68059B9A42ECD87F4B9A606C
:10131000F5E0059B591C0591DBB202337B4901EBDB
:101320008303596802AB43F822100132012AF0D935
:101330009DF8083003F00303022B09D0012B6DD078
:10134000724BD3F81044C9E00022EFE70022EDE72A
:10135000BDF80A30C3F38916B046502E28BF4FF0AF
:10136000500868F38F13ADF80A3008F10801684897
:10137000FFF75BFC05460028E2D0FFF786FC002360
:1013800008220DEB02012846FFF794FC0599CB4398
:10139000DBB201339F00B8EB830F33D91FBB5FFA79
:1013A00088F700245B49A04608233A462846FFF701
:1013B00081FC07F1080324B1424621462846FFF785
:1013C00079FC0336059B03EB96030593002DB7D0FC
:1013D0004E4BD3F81044D3F81834002B57D028467E
:1013E000FFF759FC86E0C9B20231484C04EB810199
:1013F0000431FFB25FFA88F8A8EB07085FFA88F8B3
:101400000C34D1E7CBB20233404901EB830108230E
:10141000424604312846FFF74DFCD2E7BDF80820CC
:10142000C2F38313062B28BF062363F38912ADF89A
:101430000820023399003648FFF7F7FB05460028DD
:101440003FF47EAFFFF721FC002308220DEB0201E1
:101450002846FFF72FFC002408260FE0059B5A1CA6
:101460000592DBB20233294901EB830133460422A2
:1014700011442846FFF71EFC04360134BDF808303D
:10148000C3F38313A342E9D8A0E7E3681C684CB117
:10149000E3685B79002BF8D023681B682946204657
:1014A0009847F2E72846FFF7F6FB00238DF8073050
:1014B0000DF10700FDF74AFC144BD3F8183413B9AB
:1014C000124B059A9A609DF80700FDF751FC11E058
:1014D00023689B6820469847E3681C68002CF7D176
:1014E0000D480E4BC01AC00800040D4940F0020020
:1014F00000F04CF8FFF7D6FE80F00104E4B220467D
:1015000006B0BDE8F0810024F9E700BF404D00209F
:10151000E46403004C4D002048650300F8640300B8
:10152000389403002DE9F04184B0074688461646FA
:101530001D46012203A91846FFF7BEFDC8B1039B53
:10154000991C4FF0000C0BE0CAB202320E4C04EBB7
:10155000820E56F82C20CEF804200CF1010C01313B
:10156000AC45F1D3FF2200922A4641463846FFF7A8
:101570002BFE054B1B781BB1FFF79EFE0028FBD10D
:1015800004B0BDE8F08100BF404D002008B5002345
:101590001A46FFF7C7FF08BD00B583B001920123CB
:1015A00001AAFFF7BFFF03B05DF804FB00B583B0ED
:1015B0000092019302236A46FFF7B4FF03B05DF87F
:1015C00004FB00B585B001920293069B03930323AD
:1015D00001AAFFF7A7FF05B05DF804FB00B585B0D1
:1015E00000920193069B0293079B039304236A4690
:1015F000FFF798FF05B05DF804FB00B587B00192D6
:101600000293089B0393099B04930A9B059305236C
:1016100001AAFFF787FF07B05DF804FB10B5044689
:10162000FFF7CAFCB0F1FF3F0ED0E36818710A4B18
:10163000D3F810344BB1DA68E36812681A60064BCD
:10164000D3F81034DB681C6010BD034BC3F81044A2
:10165000E36800221A60F7E7404D002010B5094BFF
:10166000D3F8104401221A7008E0E36801225A718D
:1016700023685B6820469847E3681C68002CF4D117
:1016800010BD00BF404D002070B582B004460D462D
:10169000C388A3B9217A05290FD0637ABBB9227A0E
:1016A000104B53F822600021A088FFF7D3FD0346BA
:1016B00032460D492846FEF773FD02B070BD0B4A55
:1016C00000920B4A0B492846FEF76AFDE2E7A08824
:1016D000FFF7D2FD084B53F8202008492846FEF7B3
:1016E0005FFDDCE744BA03007C94030070940300C0
:1016F000509403005894030020BA03007894030028
:1017000010B50C46037A052B0FD0437A3BB90A4932
:101710002046FEF745FD2046FEF72EFD10BD074A88
:1017200007492046FEF73CFDF1E7002AF3D00249C5
:101730002046FEF735FDEEE7546C0300709403007D
:10174000789403002DE9F04385B081460D4690461C
:101750001E460C9C277B0023237321463046FFF74F
:1017600093FFB8F1060F09D8DFE808F00411171E3F
:1017700027323F0049462046FEF712FD002221464F
:101780003046FFF7BDFF277305B0BDE8F0832A6838
:1017900049462046FEF704FDF0E76B682A68494693
:1017A0002046FEF7FDFCE9E7AB6800936B682A680A
:1017B00049462046FEF7F4FCE0E7EB680193AB688E
:1017C00000936B682A6849462046FEF7E9FCD5E796
:1017D0002B690293EB680193AB6800936B682A68EE
:1017E00049462046FEF7DCFCC8E76B6903932B698A
:1017F0000293EB680193AB6800936B682A684946D3
:101800002046FEF7CDFCB9E7082900D970472DE93D
:10181000F04707460E4690461D4693F80C9000246C
:101820001C7319461046FFF72FFF04E01C49284699
:10183000FEF7B6FC0134072C07D8B442F6D23A5D65
:1018400018492846FEF7ACFCF4E717492846FEF78E
:10185000A7FC002407E04FF02E0A52461349284601
:10186000FEF79EFC0134072C11D8B4420AD2385D31
:101870007E28F0D8824604F013FA0028EDD14FF00C
:101880002E0AEAE70A492846FEF78AFCEAE701221F
:1018900029464046FFF734FF85F80C90BDE8F087F5
:1018A0009094030088940300949403009894030098
:1018B0009C9403000369C268934204D881688A1A21
:1018C0001344581E7047981A013870472DE9F843A1
:1018D000044688461646C5688768A7EB0509914502
:1018E00007D94068284404F049FD3544E560BDE867
:1018F000F88340684A46284404F040FDED1B354417
:101900002A4608EB0901606804F038FDE560EEE75F
:101910002DE9F843064688461746C5684FF000098A
:1019200018E05B1B5A1EB3685C1B944228BF144628
:10193000BC4228BF3C46706822464146284404F019
:101940001DFDA144A0443F1B2544B368AB4209D010
:10195000F5604FB133699D42E3D3B2685B1B1A4413
:10196000013AE0E70025F3E74846BDE8F8830000C8
:10197000124B02221A615A6111499961114ADA61C6
:101980004FF400721A6200229A625A62DA62996413
:101990000D49D964102119659A655A65DA650B4AB3
:1019A0001068C3F807000A4A92E80300186099809B
:1019B000090C997120229A71704700BFD8540020F9
:1019C000F0940300D8520020C8520020FC94030079
:1019D00000950300F8B50F461646441C04EB44047A
:1019E000164B03EBC40400EB400003EBC003DD6ABD
:1019F000012D0ED0022D1AD0F5B92046FFF75AFF5F
:101A0000864212D8324639462046FFF75FFF3546F8
:101A10000BE02046FFF74EFF3546864228BF0546BD
:101A20002A4639462046FFF751FF2846F8BD204692
:101A3000FFF76EFF0546F8E70025F6E7D8540020CB
:101A400008B5FFF795FF08BD002807DB00F01F026F
:101A5000400901239340024A42F82030704700BFFA
:101A600000E100E000280CDB00F01F024009012328
:101A700093402030034A42F82030BFF34F8FBFF32A
:101A80006F8F704700E100E0002807DB00F1604045
:101A900000F5614090F800034009704700F00F0026
:101AA000014B185C4009704714ED00E010DF7047EF
:101AB00011DF70471F2808DD3F280CDC2038012388
:101AC000834014BF012000207047044B23FA00F02C
:101AD00000F0010070470120704700BFFC06FFBD09
:101AE00038B50446FFF7E6FFE8B12046FFF7CCFF24
:101AF00007281CD8EC23034113F0010F1AD00F4B19
:101B00009D6865B16009194653F8203004F01F0440
:101B10000122A240134341F82030002505E0204671
:101B2000FFF792FF01E042F20105284638BD42F27C
:101B30000205FAE742F20205F7E700BF7448002009
:101B400038B50446FFF7B6FFA8B10C4B9D6875B1D8
:101B50006009194653F8203004F01F040122A24006
:101B600023EA020341F820300025284638BD2046EC
:101B7000FFF778FFF9E742F20105F6E77448002025
:101B800070B582B00646154D154BED1AED082D04C3
:101B900045F00405024613492846FFF7FDFC1249AB
:101BA0006846FFF7C1F807E0224610492846FFF7CC
:101BB000F3FC6846FFF7D4F8019C64B123686168C0
:101BC000304698470028EFD1224609492846FFF7BA
:101BD000E3FC112000E0002002B070BD806503002E
:101BE000F86403000895030070BA03002095030011
:101BF0004095030010B582B004460E480E4BC01A43
:101C0000C008000422460D4940F00400FFF7C4FC60
:101C10000B496846FFF788F806E01A6859682046BD
:101C200090476846FFF79CF8019B002BF5D102B066
:101C300010BD00BF80650300F864030064950300D5
:101C400064BA030008B51620FFF74AFF00B908BDC3
:101C5000024AA121FCF706FFF9E700BF7C950300CB
:101C600008B51620FFF76CFF00B908BD024AAD2188
:101C7000FCF7F8FEF9E700BF7C95030010B582B0D1
:101C80001B4B1B7873BB1B4B01221A700020FFF704
:101C900077FF11282AD00020FFF7ACFF164B1B68F6
:101CA000019300238DF803300DF10300FDF74EF88A
:101CB000124901A8FFF7FAFE0446B0FA80F0400985
:101CC0000B4B18709DF80300FDF752F85CB9002328
:101CD000084A13700A4A1370FFF7B4FF0120FFF798
:101CE00089FF00E00824204602B010BD0024FAE776
:101CF00052550020505500207CBA030081EA0200B2
:101D00005155002030B583B0154B1B7813B301201B
:101D1000144B1870FFF734FF11281FD00220FFF773
:101D200069FF00258DF807500DF10700FDF70EF84B
:101D3000FFF7BEFE04460A4B1D709DF80700FDF735
:101D400017F844B9074B1D70FFF78AFF0320FFF710
:101D500051FF00E00824204603B030BD0024FAE71C
:101D6000525500205055002008B5074B1B7843B151
:101D7000064B1B7813B1FFF7C5FF08BDFFF77EFFC9
:101D8000FBE70820F9E700BF50550020525500201E
:101D9000014B1878704700BF5255002000B583B042
:101DA00008496846FEF7C0FF05E01A685868904782
:101DB0006846FEF7D5FF019B002BF6D103B05DF816
:101DC00004FB00BF58BA030008B5FFF7E7FF08BDE2
:101DD00060DF704769DF704761DF70474FF0805305
:101DE000D3F80C01800200F100507047164B1B78AD
:101DF00043B300B5ADF5017D09E01A68596803A841
:101E0000904701A8FEF7ACFF029B002BF5D14FF4E1
:101E1000FA73ADF802300DF1020103A8FFF7DCFF01
:101E200020B90A4901A8FEF77FFFEDE7052803D195
:101E30000DF5017D5DF804FB054A40F23B11FCF70E
:101E400011FEF5E7704700BF5355002080BA03002C
:101E50002096030018B1034A0260002070470E204C
:101E6000704700BF082B0020F0B585B005460C4632
:101E70000846FFF7EFFF064610B1304605B0F0BD4B
:101E800000230193029303938DF8045001238DF8EE
:101E900006300623ADF80830226801A92020FFF79C
:101EA00099FF002858D10023019302930393012343
:101EB0008DF80530226801A94020FFF78BFF00282C
:101EC00058D100230193029303938DF80450F72314
:101ED000ADF80630226801A92320FFF77BFF002818
:101EE00056D1002301930293039303238DF804300A
:101EF000226801A90120FFF76DFF002856D10023B9
:101F00000193029303934FF4B0630193226801A9F4
:101F1000A120FFF75FFF002856D100230193029311
:101F200003939DF8043043F001038DF804302268D8
:101F300001A9A020FFF74EFF00289ED0294C2A4A75
:101F4000A41AE4082404FEF749FF0246274944F096
:101F50000100FFF721FB90E7224F234ABF1AFF0839
:101F60003F04FEF73BFF0246214947F00100FFF71F
:101F700013FB98E71B4F1C4ABF1AFF083F04FEF7EC
:101F80002DFF02461B4947F00100FFF705FB98E7CC
:101F9000144D154AAD1AED082D04FEF71FFF024639
:101FA000154945F00100FFF7F7FA9AE70D4D0E4A83
:101FB000AD1AED082D04FEF711FF02460F4945F05A
:101FC0000100FFF7E9FA9AE7064D074AAD1AED0856
:101FD0002D04FEF703FF0246094945F00100FFF713
:101FE000DBFA9AE788650300F86403003C98030075
:101FF000C096030008970300549703009C970300C2
:10200000E8970300F8B504460768FFF7E1FE0546C8
:102010002368BB4205D8F5B9164B01221A70284631
:10202000F8BD154E154BF61AF608360446F00206B2
:1020300013493046FFF7AAFA23683A461149304659
:10204000FFF7B4FAFFF7CAFE2268821A0E4930463B
:10205000FFF7A2FADFE7084C084BE41AE40824046F
:102060002846FEF7BBFE0246084944F00100FFF790
:1020700093FAD4E75355002088650300F864030001
:1020800090980300C0980300F4980300209903007F
:102090004BDF704700B585B009E01A6859680198B0
:1020A000904702A8FEF75CFE039B002BF5D101A828
:1020B000FFF7EEFF78B90D480D4BC01AC0080004B9
:1020C000019A0C4940F00400FFF766FA0A4902A899
:1020D000FEF72AFEE8E7052802D105B05DF804FB0B
:1020E000064A6B21FCF7BEFCF7E700BF90650300D2
:1020F000F86403004C9903008CBA03006099030054
:10210000FEE77047704738B50C464568284600F032
:1021100059F8E1B2022906D004290BD141682846BA
:10212000F6F72BF806E000F087F8002203210846B6
:10213000F5F7BCFF38BD08B500F0A8F808BD38B504
:102140000C464568284600F03DF8E1B2062906D065
:10215000072908D101682846F6F70FF803E001685F
:102160002846F6F70AF838BD08B500F0BDF808BDF6
:1021700002460C4942F8141B426000228260C26091
:10218000094A0261094A0260094A426180610949BB
:10219000C1610949416102624062084A8262084A9B
:1021A0000262704794B603000C9A0300C8BA030099
:1021B00080B603001C9A0300A0BA030098730300C2
:1021C000B4BA0300034600F114020248026020334F
:1021D000436070475455002008B50948094BC01AA0
:1021E000C0080004084940F00400FFF7CFF9074891
:1021F000F6F75BF8002207210320F5F757FF08BD2B
:1022000048650300F8640300249A03005C5500202D
:1022100000B583B0054B0093002342F210720449CD
:102220000448F5F7D1FF03B05DF804FBD9210300A2
:102230003C9A03005C55002008B50248F6F7AAF95D
:1022400008BD00BF15240300014B1860704700BF94
:10225000402B002008B50848084BC01AC0080004ED
:10226000074940F00400FFF791F9064B196806484A
:10227000F5F7D7FF08BD00BF48650300F864030009
:102280004C9A0300402B00205C55002008B50748FD
:10229000074BC01AC0080004064940F00400FFF7CD
:1022A00075F9F6F7FBF8FFF7D5FF08BD48650300A1
:1022B000F8640300D46A030008B50748074BC01A46
:1022C000C0080004064940F00400FFF75FF9054824
:1022D000F5F7C2FF08BD00BF48650300F8640300BE
:1022E000649A03005C55002008B50748074BC01AE4
:1022F000C0080004064940F00400FFF747F9F6F76C
:10230000EDF8FFF7D9FF08BD48650300F864030046
:102310007C9A030008B5114682189378D27843EA74
:1023200002231BB213F5716F00D008BD01F10C033D
:10233000C35C03F0010C224A82F800C0C3F3400CD6
:1023400082F801C0C3F3800C82F802C0C3F3C00C52
:1023500082F803C0C3F3001C82F804C0C3F3401C1E
:1023600082F805C0C3F3801393710844437A03EBEA
:1023700083035B001381837A03EB83035B00538148
:10238000C37A03EB83035B00938143794FF0640CC2
:102390000CFB03F381790CFB01F143EA0143136168
:1023A0000023536107490B6801330B6008210320A8
:1023B000F5F792FE044B19680448F5F75BFFB4E7A4
:1023C0009455002090550020402B00205C550020A3
:1023D000F8B507460E46002503E02C44A4B20134AC
:1023E000A5B2B5420FD22B467C5D64B12A19B24228
:1023F00009DA0133FB5CFF2BEFD12A463146384620
:10240000FFF788FFE9E7F8BD08B501790068FFF735
:10241000DFFF08BD08B50378042B13D8DFE803F00D
:1024200013121E2903001548154BC01AC0080004DA
:10243000144940F00400FFF7A9F800220721032007
:10244000F5F734FE08BD0D480D4BC01AC008000456
:102450000D4940F00400FFF799F8F3E70748084BEF
:10246000C01AC0080004094940F00400FFF78EF8C4
:10247000E8E74068FFF7C8FFE4E700BF48650300EE
:10248000F86403008C9A03009C9A0300AC9A030042
:1024900008B5FFF7BDFE08BD70B505460C461646EB
:1024A00000F022F83246214600F05EF82146284628
:1024B000F5F728FE70BD000010B50446F5F7DCFD09
:1024C000014B2360204610BDD4BA030010B504466A
:1024D000FFF7F2FF04F15C00F5F7E7FC04F6EC10FF
:1024E000FFF746FE204610BD08B50A4B1B68BFF338
:1024F0005B8F13F0010F01D0074808BD054803F0BA
:102500009FFF0028F8D00448FFF7E0FF014803F0E0
:10251000ABFFF1E7CC550020D055002038B504467C
:102520000D4B0E4A9B1ADB081B040D4943F00300B8
:10253000FFF72CF804F15C050A4A05212846F5F757
:10254000C9FC2A4603212046F5F79EFD04F6EC104F
:10255000F5F727FE38BD00BF48650300F8640300A7
:10256000C49A0300E09A030008B500F6EC10F5F7F2
:10257000FCFD08BD08B5C06800F0CAFA0548064B66
:10258000C01AC0080004054940F00400FEF7FEFF31
:1025900008BD00BF48650300F8640300E49A030027
:1025A000F8B50D464668284C284BE41AE408240484
:1025B00044F0040426492046FEF7E8FF304600F0C8
:1025C00099F90746E9B20D2939D8DFE801F0070C7F
:1025D00038113838161B24383829382E1D49204622
:1025E000FEF7D4FFF8BD1C492046FEF7CFFFF9E700
:1025F00041683046F5F7C1FDF4E718492046FEF77B
:10260000C5FFEFE716492046FEF7C0FF39683046A0
:10261000F5F7B3FDE6E713492046FEF7B7FFE1E71C
:1026200011492046FEF7B2FFDCE710492046FEF7CD
:10263000ADFF002204210846F5F738FDD2E70C492A
:102640005520FDF77DFBCDE748650300F8640300E6
:10265000109B0300489B03006C9B03008C9B0300B2
:10266000D09B0300109C03004C9C0300949C03002F
:10267000D49C030008B5C06800F062FA0548064B18
:10268000C01AC0080004054940F00400FEF77EFFB0
:1026900008BD00BF48650300F8640300609D0300A7
:1026A00008B5C06800F004FA0548064BC01AC00817
:1026B0000004054940F00400FEF768FF08BD00BFB4
:1026C00048650300F86403008C9D030070B50D4657
:1026D00046681E4C1E4BE41AE408240444F004042B
:1026E0001C492046FEF752FF304600F003F9E9B2DC
:1026F0000D2926D8DFE801F0070C250B112516253A
:1027000025252525251B14492046FEF73FFF70BDD2
:1027100012492046FEF73AFFF9E701683046F5F71F
:102720002CFDF4E781683046F5F727FDEFE70C490B
:102730002046FEF72BFF002204210846F5F7B6FCE1
:10274000E5E708494920FDF7FBFAE0E748650300A3
:10275000F8640300B09D0300489B03006C9B0300DA
:10276000E09D0300189E030008B5C06800F0B8F9AA
:102770000548064BC01AC0080004054940F0040093
:10278000FEF704FF08BD00BF48650300F8640300BE
:10279000989E030008B50548054BC01AC008000400
:1027A000044940F00400FEF7F1FE08BD486503004F
:1027B000F8640300B89E030008B50548054BC01A2D
:1027C000C0080004044940F00400FEF7DFFE08BD25
:1027D00048650300F8640300D89E0300F8B5054679
:1027E0000F4646681C4C1D4BE41AE408240444F0D0
:1027F00004041B492046FEF7C9FE304600F07AF873
:10280000F9B20B2923D8DFE801F0060B10180A22D1
:102810001D220A0A220A13492046FEF7B7FEF8BD18
:1028200011492046FEF7B2FEF9E7E86800F02AF900
:102830000E492046FEF7AAFEF1E741683046F5F75B
:102840009CFCECE781683046F5F797FCE7E7084920
:102850005220FDF775FAE2E748650300F8640300CB
:10286000F89E0300489B03006C9B0300209F03001D
:10287000409F030038B504460346144A43F8142B1E
:10288000436000238360C360114B0361114B0360FD
:10289000114D45618061114BC361114B436100F0E3
:1028A0004BF820626562A4620E4BE3620E4B6362DA
:1028B00000F042F820636563A4630C4BE3630C4BA8
:1028C000636300F039F82064204638BD94B60300F5
:1028D000C09F03001CBB030080B60300C49F03001D
:1028E00008BB0300CC9F0300F4BA0300D49F03008D
:1028F000E0BA0300034600F114020448026003F149
:102900002402426034338360704700BFE85F0020D8
:1029100010B5044614234360092383601523C36064
:10292000162303610A234361022383611C30F5F7F8
:102930004DFD204610BD000008B50A4B1B68BFF3D3
:102940005B8F13F0010F01D0074808BD054803F065
:1029500077FD0028F8D00448FFF7DAFF014803F0BC
:1029600083FDF1E7F45F0020F85F00202DE9F043DC
:1029700099B005463C483D4BC01AC00800043C498C
:1029800040F00400FEF702FE12AB002412941394F0
:1029900014941594169417940127139714976A6842
:1029A000129218AA12E903008DE803000FCBF6F784
:1029B000ADF821466868F6F788F80CAB0C940D94D6
:1029C0000E940F94109411940D970E97AA680C9280
:1029D00010AA92E803008DE803000FCBF6F796F8F3
:1029E0002146A868F6F771F8224BD3F80080ADF8BD
:1029F0002C804FEA18498DF82E9003268DF82D6013
:102A00001D4B0B9A3146E868F6F79DF8ADF8288023
:102A10008DF82A908DF82960184B0A9A314628695A
:102A2000F6F791F8ADF824808DF826908DF82560A2
:102A3000134B099A31466869F6F785F803AB03949E
:102A40000494059406940794089405970696AA6939
:102A5000039207AA92E803008DE803000FCBF6F774
:102A600055F819B0BDE8F08348650300F864030029
:102A7000E89F030020BB0300D92B03002D2C03008B
:102A8000752C030010B50446064B074A9B1ADB0859
:102A90001B04064943F00400FEF778FD2046FFF7CB
:102AA00065FF10BD48650300F864030004A003003F
:102AB00010B50446074B084A9B1ADB081B0407495C
:102AC00043F00400FEF762FD01216068F5F7FDFFA9
:102AD00010BD00BF48650300F864030018A00300A0
:102AE00010B50446074B084A9B1ADB081B0407492C
:102AF00043F00400FEF74AFD00216068F5F7E5FFAA
:102B000010BD00BF48650300F86403003CA003004B
:102B100010B50446074B084A9B1ADB081B040749FB
:102B200043F00400FEF732FD0121A068F5F7CDFF68
:102B300010BD00BF48650300F864030060A00300F7
:102B400010B50446074B084A9B1ADB081B040749CB
:102B500043F00400FEF71AFD0021A068F5F7B5FF69
:102B600010BD00BF48650300F864030084A00300A3
:102B700008B51C30F5F770FC0548064BC01AC008B4
:102B80000004054940F00400FEF700FD08BD00BF49
:102B900048650300F8640300A8A0030010B50446CC
:102BA0000A4B0B4A9B1ADB081B040A4943F004003A
:102BB000FEF7ECFCE068F5F783FF012800D010BDBC
:102BC00000220B210420F5F771FAF8E748650300AD
:102BD000F8640300C8A0030008B5FFF7ADFEFFF7D7
:102BE000DDFF08BD10B504460D4B0E4A9B1ADB08ED
:102BF0001B040D4943F00400FEF7C8FC2069F5F7FB
:102C00005FFF012805D0002208210420F5F74EFAC5
:102C100010BD002207210420F5F748FAF8E700BFAD
:102C200048650300F8640300FCA0030008B5FFF743
:102C300083FEFFF7D7FF08BD10B504460A4B0B4AC9
:102C40009B1ADB081B040A4943F00400FEF79EFCB4
:102C50006069F5F735FF00B110BD0022092104209D
:102C6000F5F724FAF8E700BF48650300F8640300AD
:102C700028A1030008B5FFF75FFEFFF7DDFF08BDE1
:102C800038B50C4615460848084BC01AC008000461
:102C9000074940F00400FEF779FC00F023F82A46CB
:102CA000214600F04FF838BD48650300F864030082
:102CB00058A1030010B50446F5F7DEF9014B236077
:102CC000204610BD2CBB030010B50446FFF7F2FFF1
:102CD00004F15C00F5F7E9F804F6EC10FFF7CAFD23
:102CE000204610BD08B50A4B1B68BFF35B8F13F07D
:102CF000010F01D0074808BD054803F0A1FB0028DB
:102D0000F8D00448FFF7E0FF014803F0ADFBF1E71E
:102D1000786000207C60002038B5044600F15C0536
:102D2000074A01212846F5F7D5F82A46042120460E
:102D3000F5F7AAF904F6EC10F5F733FA38BD00BF41
:102D4000C09F030008B500F6EC10F5F70EFA08BDB9
:102D500008B50548054BC01AC0080004044940F0F6
:102D60000400FEF713FC08BD48650300F864030087
:102D700070A1030010B50446064B074A9B1ADB08F6
:102D80001B04064943F00400FEF700FCE06800F075
:102D900075FC10BD48650300F864030094A10300AE
:102DA0002DE9F0470546884616464768434C444B94
:102DB000E41AE408240444F0040942494846FEF7B2
:102DC000E5FB384600F04CF95FFA88F110290ED87F
:102DD000DFE801F0090F0D14190D1E27313B0D48D6
:102DE000404D57606A0038494846FEF7CFFBBDE8C2
:102DF000F08736494846FEF7C9FBF8E734494846AC
:102E0000FEF7C4FBF3E733494846FEF7BFFBEEE7A6
:102E1000E86800F0A7FB002208210220F5F746F938
:102E2000E5E78246E86800F043FEDAF8001038462D
:102E3000F5F7A3F9DBE728494846FEF7A7FB002290
:102E400007210220F5F732F9D1E724494846FEF779
:102E50009DFBCCE722494846FEF798FBE86800F066
:102E600075FEC4E71F494846FEF790FBBFE71E49C1
:102E70004846FEF78BFB002207210220F5F716F9E2
:102E8000B5E71A494846FEF781FBF1B2E86800F061
:102E9000B3FDACE7164944F00200FEF777FBF1B250
:102EA000E86800F0FFFAA2E7124944F00300FEF7D9
:102EB0006DFBF1B2E86800F023FB98E7486503007A
:102EC000F8640300B8A10300E8A103000CA203000A
:102ED0002CA2030050A2030074A20300B0A20300BE
:102EE000D8A2030020A3030064A303009CA3030053
:102EF000D4A3030010A4030008B50548054BC01A6D
:102F0000C0080004044940F00400FEF73FFB08BD80
:102F100048650300F86403004CA4030008B50548A5
:102F2000054BC01AC0080004044940F00400FEF735
:102F30002DFB08BD48650300F86403006CA4030082
:102F4000F8B505460F4646681A4C1B4BE41AE408D0
:102F5000240444F0040419492046FEF717FB3046C8
:102F600000F07EF8F9B20C290CD8DFE801F0070C6C
:102F700011190B0B0B0B0B0B0B0B1E0010492046F2
:102F8000FEF704FBF8BD0F492046FEF7FFFAF9E70C
:102F90000D492046FEF7FAFAE86800F0E1FFF1E794
:102FA000C1683046F5F7E9F8ECE781683046F5F797
:102FB000E4F8E7E748650300F86403008CA4030025
:102FC000E8A103000CA20300B4A4030038B5044632
:102FD0000346174A43F8142B436000238360C36001
:102FE000144B0361144B0360144D45618061144B15
:102FF000C361144B436100F0EDF920626562A46285
:10300000114BE362114B636225636463104BA3634E
:10301000104B236300F0DEF9E063256464640E4B1B
:10302000A3640E4B236400F0D5F9E064204638BD5C
:1030300094B60300D4A4030060BB030080B6030071
:10304000C49F03004CBB0300D8A4030080BB030053
:10305000E0A403006CBB0300ECA4030038BB030036
:10306000034600F114020548026003F124024260A5
:1030700003F1300282604033C3607047AC6A0020C5
:1030800008B50548054BC01AC0080004044940F0C3
:103090000400FEF77BFA08BD48650300F8640300EE
:1030A000F8A4030010B50446064B074A9B1ADB0838
:1030B0001B04064943F00400FEF768FAE06800F0DC
:1030C000DDFA10BD48650300F86403001CA5030089
:1030D0002DE9F04705468846164647683A4C3B4B73
:1030E000E41AE408240444F0040939494846FEF788
:1030F0004DFA3846FFF7B4FF82465FFA88F110298F
:103100000ED8DFE801F0090F0D141E0D282D430D18
:103110000D0D0D360D4D57002E494846FEF736FA77
:10312000BDE8F0872C494846FEF730FAF8E72B490E
:103130004846FEF72BFADAF80C103846F5F71DF87A
:10314000EEE727494846FEF721FADAF80C10384630
:10315000F5F713F8E4E723494846FEF717FADFE7E7
:10316000E86800F0A5FCDAF800103846F5F705F835
:10317000D6E71D494846FEF709FAE86800F0E2FA8A
:10318000DAF800103846F4F7F8FFC9E7174948465F
:10319000FEF7FCF9002207210220F4F787FFBFE7C2
:1031A000134944F00200FEF7F1F9F1B2E86800F0CB
:1031B00079F9B5E70F4944F00300FEF7E7F9F1B2FA
:1031C000E86800F09DF9ABE748650300F864030088
:1031D0001CA503003CA5030070A50300A0A50300E7
:1031E000D4A5030004A6030064A3030074A2030093
:1031F00038A6030088A6030008B50548054BC01A89
:10320000C0080004044940F00400FEF7BFF908BDFF
:1032100048650300F8640300D8A6030008B5054814
:10322000054BC01AC0080004044940F00400FEF732
:10323000ADF908BD48650300F8640300F8A6030073
:1032400070B50D4646681D4C1D4BE41AE408240475
:1032500044F004041B492046FEF798F93046FFF776
:10326000FFFEE9B208290AD8DFE801F0050A090FD4
:103270001409191E230014492046FEF787F970BD72
:1032800012492046FEF782F9F9E711492046FEF778
:103290007DF9F4E70F492046FEF778F9EFE70E498C
:1032A0002046FEF773F9EAE70C492046FEF76EF96F
:1032B000E5E70B492046FEF769F9E0E748650300BA
:1032C000F864030018A70300E8A103000CA20300A0
:1032D0002CA2030050A2030040A7030064A7030030
:1032E00088A7030008B50A480A4BC01AC0080004A2
:1032F000094940F00400FEF749F9F5F70BFF0128F2
:1033000000D008BD00220D210220F4F7E5FEF8E709
:1033100048650300F8640300B0A7030000B583B05C
:10332000174B009301234FF4FA7216491648F4F72D
:103330004BFF164B0093002341F288321449154885
:10334000F4F742FF144B009301234FF4FA62134940
:103350001348F4F739FF134B0093012342F2107224
:1033600011491248F4F730FF114B0093002341F24A
:10337000883210491048F4F727FF03B05DF804FBCA
:10338000E9350300D8A70300906B0020E532030065
:10339000E8A703005C6B0020053D030000A80300C4
:1033A000286B0020393D030010A80300F46A0020B8
:1033B000893B030020A80300C06A002010B5044622
:1033C0000830F5F789F904F51870F5F7E5FE2046A1
:1033D00010BD000008B50A4B1B68BFF35B8F13F0EC
:1033E000010F01D0074808BD054803F029F800285F
:1033F000F8D00448FFF7E2FF014803F035F8F1E7A1
:10340000C46B0020C86B002010B582B01D4C1E4B51
:10341000E41AE408240444F004041C492046FEF79E
:10342000B5F81B492046FEF7B1F81A492046FEF7C9
:10343000ADF8194B03F1100292E803008DE8030088
:103440000FCBF5F763FB01212F20F5F73EFB134B64
:1034500003F1100292E803008DE803000FCBF5F7AB
:1034600055FB01210520F5F730FB0D4B03F1100250
:1034700092E803008DE803000FCBF5F747FB02B09D
:1034800010BD00BF48650300F864030030A80300C6
:103490004CA8030078A80300BCBB0300A4BB030036
:1034A0008CBB030030B583B00C460F4B1D7845EA4A
:1034B00001021A708DB10D480D4BC01AC0080004EE
:1034C00040F00200084B1B7865B90A4A0092224678
:1034D0000949FEF776F803B030BD00F51870F5F72E
:1034E000A9FDE8E7054AF1E75471002048650300AB
:1034F000F8640300A4A80300BCA80300B0A803005C
:1035000010B50C46114A137823EA010313708BB9E6
:1035100000F51870F5F788FD0D480E4BC01AC0086D
:1035200000040D4B1B7822460C4940F00300FEF7C7
:103530003DF810BD0648074A801AC00800040A4634
:10354000074940F00200FEF731F8F2E7547100201D
:1035500048650300F8640300462B0020FCA8030024
:1035600048A9030008B500F51870F5F769FD05488E
:10357000054BC01AC0080004044940F00400FEF7DF
:1035800005F808BD48650300F86403009CA9030022
:1035900008B500F51870F5F7B9FD0548054BC01AD8
:1035A000C0080004044940F00400FDF7EFFF08BD27
:1035B00048650300F8640300B8A9030010B5044689
:1035C000F5F7A8FD20600548054BC01AC0080004A7
:1035D000044940F00400FDF7D9FF10BD4865030021
:1035E000F8640300D8A9030010B5084C2046FFF783
:1035F000E5FF0748074BC01AC008000422680649C7
:1036000040F00400FDF7C8FF10BD00BFBC6A0020F9
:1036100048650300F8640300F8A9030008B50748EB
:10362000074BC01AC0080004064940F00400FDF72B
:10363000ADFF0548F4F7E2FD08BD00BF4865030093
:10364000F86403001CAA03005C6B002008B507485F
:10365000074BC01AC0080004064940F00400FDF7FB
:1036600095FF0548F4F7CAFD08BD00BF4865030093
:10367000F864030044AA0300906B002010B50446D0
:10368000114B1A78D2B11148114BC01AC00800046E
:10369000104940F00200FDF77FFF2046FFF7BEFF14
:1036A0002046FFF7D3FF0948094BC01AC0080004A1
:1036B000094940F00400FDF769FF10BD00F51870DE
:1036C000F5F7B2FCE9E700BF54710020486503003C
:1036D000F864030068AA0300A8AA030008B5074815
:1036E000074BC01AC0080004064940F00400FDF76B
:1036F0004DFF0548F4F7B0FD08BD00BF4865030065
:10370000F8640300C0AA0300906B002008B50848C5
:10371000084BC01AC0080004074940F00400FDF738
:1037200035FF0648F4F76AFD0548F4F767FD08BD64
:1037300048650300F8640300E4AA0300286B002036
:10374000F46A002008B50848084BC01AC0080004F5
:10375000074940F00400FDF719FF0648F4F77CFD27
:103760000548F4F779FD08BD48650300F8640300D7
:1037700018AB0300286B0020F46A002010B52DED73
:10378000028B8A1A07EE902AF8EEE77A401A07EEC3
:10379000100AB8EEC77A9FED376AC7EE066A87EE61
:1037A000A68A354C354BE41AE4082404FCEEC87AAA
:1037B00017EE902A324944F00300FDF7EDFEDFEDED
:1037C000317AB4EEE78AF1EE10FA4CDADFED2E7AB8
:1037D000B4EEE78AF1EE10FA48D9002300E0013395
:1037E000032B36D8294A02EBC302526807EE902A0F
:1037F000B8EE677AB4EEC87AF1EE10FAEFDB581C37
:10380000224901EBC001496807EE901AF8EE677A89
:10381000F4EEC87AF1EE10FAE1D81C4C14F930003D
:1038200014F93330C01A07EE900AF8EEE76A521A1C
:1038300007EE902AF8EE677A37EE487A06EE103AED
:10384000B8EEC60A87EE276A66EE267A30EE270AB9
:1038500006E00F4944F00100FDF798FE9FED0D0AC8
:10386000BDEC028B10BDB3EE040AF9E79FED090A27
:10387000F6E700BF00EC424748650300F864030028
:1038800048AB030000E0F64700FE0347D4BB03004B
:1038900070AB030000004842474B1B6803B97047F8
:1038A0002DE9F0472DED028B88B00DF1080C434C4B
:1038B0000FCCACE80F0094E803008CE80300BDF8DF
:1038C0001060BDF81270BDF814804246394630468B
:1038D000FFF754FFB0EE408A394C3A4BE41AE40843
:1038E000240444F00309FDEEC07A17EE90AADFED40
:1038F000367A60EE277AFDEEE77A17EE902A3349A2
:1039000081FB0231D317C3EB6113642101FB132543
:103910002B4652462E494846FDF748FECDF800801A
:103920003B4632462B494846FDF74BFE2A4B1B7857
:1039300013F0010F21D0294A138801339BB2138061
:103940000E2B21D9DFED267AB4EEE78AF1EE10FADC
:103950001ADC0193272300932B46524621494846FF
:10396000FDF73CFE204B00221A7001221F4B1A70FB
:1039700010210220F4F7B0FB06E0DFED1D7AB4EE73
:10398000E78AF1EE10FA04DA08B0BDEC028BBDE86C
:10399000F087292300932B465246164944F0010034
:1039A000FDF70FFE0D4B00221A8001220F2102208D
:1039B000F4F792FBE8E700BF9055002094550020F3
:1039C00048650300F86403000000C8421F85EB51FE
:1039D000C8AB0300F0AB030054710020527100200B
:1039E00000001C4284AC03004E7100204D71002089
:1039F0000000244224AC030038B504460D46084BB1
:103A0000084A9B1ADB081B04074943F00400FDF732
:103A1000BDFD294604F51870F5F791FB38BD00BFD0
:103A200048650300F8640300F4AC030008B5002304
:103A3000114A1370114A1380114A13800722114949
:103A40000A7011490B70FF21104801701048017075
:103A500010490B7010490B7010490B6010490B7026
:103A60001048114BC01AC0080004104940F0030070
:103A7000FDF792FD08BD00BF547100205271002077
:103A800050710020462B00204E710020452B002055
:103A9000442B00204D7100204C7100204871002003
:103AA0004471002048650300F864030020AD030062
:103AB00010B5044600F51870F5F7BCFA2046FFF77C
:103AC0000DFE2046FFF73EFE0748F4F7C5FBFFF763
:103AD000ADFF0648064BC01AC0080004054940F077
:103AE0000400FDF753FD10BDC06A002048650300C7
:103AF000F86403004CAD0300094B1A78FF2A08D084
:103B0000084B1B78FF2B06D00133934205DA0020C7
:103B1000704700207047002070470120704700BFA9
:103B2000452B0020442B002008B5064B1A78824212
:103B300000D30246044B1A700E210220F4F7CCFA8F
:103B400008BD00BF55710020462B002008B50A486B
:103B50000A4BC01AC008000441F288330722084902
:103B600040F00300FDF722FD0720FFF7DDFF0548C9
:103B7000F4F744FB08BD00BF48650300F864030088
:103B800068AD0300C06A002008B50E4B1B686BB916
:103B90000D480E4BC01AC00800040D4940F0020049
:103BA000FDF7F4FCFE20FFF7BFFF08BD0648074BFA
:103BB000C01AC0080004074940F00300FDF7E6FC06
:103BC000F3E700BF9055002048650300F864030048
:103BD0000CAE0300C4AD03003E4B1B68002B77D036
:103BE00010B584B03C4A5178B1FA81F35B09907901
:103BF000B0FA80F2520919B1002834D1012000E056
:103C000001203649097811F0020F2ED100284DD03D
:103C100033490978FF2903D032480078814203D91B
:103C2000304908782E4908702F483049401AC0089A
:103C30000004294909792A4C24780294B1FA81F1C7
:103C4000490901910092274A1278294940F0010060
:103C5000FDF7D3FC274B00221A8002220F211046C9
:103C6000F4F73AFA22E00020CBE7224B1A8801321F
:103C700092B21A80042A19D9D0B91A4B187810BBFD
:103C80001D4B01221A701848184BC01AC0080004B6
:103C9000144B1B78174A1288184940F00300FDF7AF
:103CA00085FC022210211046F4F716FA04B010BD6C
:103CB0000D480E4BC01AC0080004114940F0020024
:103CC000FDF76AFCF2E70138C0B2FFF72DFFD7E736
:103CD000704700BF9055002094550020547100207B
:103CE000452B0020462B002048650300F8640300A4
:103CF00060AE0300507100204D71002004AF03003E
:103D0000C0AE030008B50948094BC01AC00800043A
:103D1000084940F00400FDF739FCFFF75DFFFFF7AD
:103D2000BBFDFDF7C9FA0028FBD108BD48650300BB
:103D3000F864030058AF030070B584B06C4B1A7878
:103D4000002A52D16B4B1A78002A5AD16A4B1B6851
:103D50006A4A12689A4262D0684A1360684B1B78BC
:103D6000002B67D0674B9D78674C684BE41AE408DA
:103D7000240444F00306664B1B780293654B1B78C2
:103D80000193654B1B780093012D14BF0023012381
:103D9000624A127862493046FDF72FFC012D5CD053
:103DA000604B1A780132D2B21A70012A78D95D4B71
:103DB00000221A70594B1D78554B1D70564B01222D
:103DC0001A70FFF799FE002874D1574B1B789D425B
:103DD00080F08680681CC0B2FFF7A6FE4F4B1A78B1
:103DE00052493046FDF7D8FB09E04748474BC01A17
:103DF000C00800044E4940F00400FDF7CDFB04B0BC
:103E000070BD013AD2B21A703F48404BC01AC00888
:103E10000004484940F00400FDF7BEFBEFE73A48D4
:103E20003A4BC01AC0080004434940F00200FDF7B5
:103E3000ADFBE4E7324B01221A700720FFF774FE56
:103E40003148324BC01AC0080004344B1A783B4941
:103E500040F00300FDF7A0FBD1E7324B00221A70BF
:103E60002D4B1B786BB92D4B187888B10138C0B237
:103E7000FFF75AFE294B1A7831493046FDF78CFB83
:103E8000BDE7264B1A782F493046FDF785FBB6E78C
:103E9000214B01221A702C493046FDF777FBAEE723
:103EA0001E4B1B7800930223284944EA0300FDF7C8
:103EB00088FBA4E7174B1A7882B1561EF6B200961B
:103EC0002B46234944F00100FDF77BFB134B1B7885
:103ED000B34294D03046FFF727FE90E71646EEE750
:103EE0002A461C4944F00200FDF756FB87E700BF55
:103EF000547100204D710020905500204871002021
:103F0000447100209455002048650300F8640300C4
:103F1000442B0020452B00204E710020462B002012
:103F200088B003004C710020557100206CB2030072
:103F300078AF0300C0AF030008B0030058B003001F
:103F400008B10300E4B0030044B1030080B10300F2
:103F5000C4B1030024B2030008B5FFF7DFF908BDC0
:103F600010B504460E480F4BC01AC00800040E4995
:103F700040F00400FDF70AFB2046FFF745FA04F184
:103F80000800F4F7E3FB04F518742046F5F7F0F8A1
:103F90002046F5F756F8054B1870FFF747FD10BDA2
:103FA00048650300F8640300A0B2030055710020C7
:103FB00070B505460C4616460A4B0B4A9B1ADB08A1
:103FC0001B040A4943F00400FDF7E0FA00F028F86A
:103FD0003246214600F054F821462846F4F792F87C
:103FE00070BD00BF48650300F8640300B4B203006D
:103FF00010B50446F4F740F8014B2360204610BD8D
:1040000004BC030010B50446FFF7F2FF04F15C00A6
:10401000F3F74BFF04F6EC10FEF7D8FF204610BD77
:1040200008B50A4B1B68BFF35B8F13F0010F01D07B
:10403000074808BD054802F003FA0028F8D00448F4
:10404000FFF7E0FF014802F00FFAF1E75871002096
:104050005C71002038B5044600F15C05074A012177
:104060002846F3F737FF2A4602212046F4F70CF8DA
:1040700004F6EC10F4F795F838BD00BFD4A40300A3
:1040800008B500F6EC10F4F770F808BD28B108B5D3
:1040900002498320FBF754FE08BD7047CCB20300F1
:1040A00000F1080343604FF0FF328260C360036198
:1040B00000230360704700230361704743684B602F
:1040C0009A688A60516099600861036801330360EF
:1040D000704730B40D68B5F1FF3F11D000F108030F
:1040E0001C465B681A68AA42FAD963684B609960FB
:1040F0008C606160086103680133036030BC704705
:104100000469F2E70369416882688A604168516026
:104110005A68824206D0002202611A68013A1A6087
:104120001868704782685A60F5E700000748006821
:1041300080F3088862B661B6BFF34F8FBFF36F8F0D
:104140004FF4F07080F3118800DF00BF00700200B0
:10415000064B19680868B0E8F04F80F30988BFF390
:104160006F8F4FF0000080F311887047DC7C0020D7
:10417000EFF30980BFF36F8F144B1A681EF0100F16
:1041800008BF20ED108A20E9F04F10604DF8043D83
:104190004FF0400080F31188BFF34F8FBFF36F8F54
:1041A00000F0B0FF4FF0000080F3118808BC1968E0
:1041B0000868B0E8F04F1EF0100F08BFB0EC108A8E
:1041C00080F30988BFF36F8F704700BFDC7C00204D
:1041D000034AD2F8883043F47003C2F8883070473D
:1041E00000ED00E008B5074B1B68B3F1FF3F03D1BA
:1041F000402383F31188FEE703499E20FBF7A0FDCF
:10420000F6E700BFA07B002074B303004FF080737B
:1042100040F8043C40F8081C054B40F80C3C40F8C2
:10422000202C6FF0020340F8243C4438704700BF54
:10423000E541030010B582B0264B1A68264B9A421E
:1042400013D1264B1A78D2B20192FF221A701B7832
:10425000DBB28DF803309DF8033003F00203204AEF
:104260001370204B07221A600EE01F49B020FBF7A5
:1042700067FDE6E71B4A1368013B13609DF80330B6
:104280005B00DBB28DF803309DF8033013F0800F34
:10429000F0D1144A136803F007031360019BDBB2EB
:1042A0000E4A13700B4CE02384F8223000F0BAF869
:1042B0000E4B00221A60FFF78BFF0D4A536B43F041
:1042C00040435363236943F010032361FFF72EFF3C
:1042D000FFF788FF00ED00E041C20F4100E400E07D
:1042E0009C7B0020987B002074B30300A07B0020FF
:1042F00000EF00E008B5402383F31188094A1368F2
:1043000001331360012B00D008BD074B5B68C3F37A
:104310000803002BF8D0054940F21110FBF710FDFF
:10432000F2E700BFA07B002000ED00E074B30300C3
:1043300008B5084B1B683BB1064A1368013B136084
:104340000BB983F3118808BD03494FF48C70FBF758
:10435000F7FCF1E7A07B002074B3030008B5EFF38E
:104360000583C3F308030F2B09D903F1E023F033CE
:1043700093F80033DBB20C4A12789A4208D80B4B00
:10438000DB68C3F302230A4A12689A4206D308BDC7
:1043900008494FF4A970FBF7D3FCF0E705494FF447
:1043A000B170FBF7CDFCF2E79C7B002000ED00E054
:1043B000987B002074B30300F0B583B0EFF311874E
:1043C000402383F31188154BD3F804450022C3F82A
:1043D0000021D3F800310193019B00F089FD241ADC
:1043E00024F07F4434F0010301D1002509E000F0FE
:1043F000A1FF0228F9D00124F7E700F087FD05436B
:104400003446661E002CF8D125B1054B4FF0805282
:104410005A6040BF87F3118803B0F0BD001001401F
:1044200000ED00E008B50020F8F78CFB094B1F22D7
:10443000C3F808250122C3F804239A601A600222F7
:10444000C3F84423044BE02283F811234FF40032D5
:104450001A6008BD0010014000E100E010B50446FC
:10446000FFF748FFA26BE36B9A4204D00024FFF7EA
:104470005FFF204610BD0124F9E710B50446FFF7A1
:1044800039FFA36B23B90124FFF752FF204610BD6B
:104490000024F9E770B504461546866B026C5AB9DC
:1044A00003681BB100200136A66370BD406800F0B0
:1044B00051FF00236360F6E76DB9806801F05EFF8D
:1044C000A368226C1344A3606268934219D32368E3
:1044D000A3602846E7E7C06801F050FFE368226C5C
:1044E00051429B1AE3602268934202D263680B44F4
:1044F000E360022D01D00020D5E726B1013E002067
:10450000D1E72846CFE70020CDE70346026C6AB129
:1045100010B50846D9681144D9605C68A14201D33E
:104520001968D960D96801F029FF10BD704738B506
:104530000546FFF7DFFE95F8454064B201E0013C17
:1045400064B2002C0ADD6B6A43B105F1240000F06F
:104550005DFE0028F3D000F0E7FEF0E7FF2385F8CA
:104560004530FFF7E5FEFFF7C5FE95F8444064B21D
:1045700001E0013C64B2002C0ADD2B6943B105F176
:10458000100000F043FE0028F3D000F0CDFEF0E76D
:10459000FF2385F84430FFF7CBFE38BD38B50D4614
:1045A0000446D0B1FFF7A6FE2368E26B216C01FB45
:1045B000023060600020A063A360013A02FB013377
:1045C000E360FF2384F8443084F84530D5B923698B
:1045D00043B9FFF7ADFE012038BD0F49FC20FBF7C2
:1045E000AFFBDFE704F1100000F010FE0028F0D070
:1045F0000A4B4FF080525A6040BFBFF34F8FBFF35A
:104600006F8FE6E704F11000FFF74AFD04F1240084
:10461000FFF746FDDDE700BF1CB4030000ED00E03E
:1046200010B5034602980C4631B90060C3630464B8
:104630000121FFF7B3FF10BD0260F7E7F0B585B0C9
:104640000D4616461C460746B0B1DCB106B33DB375
:1046500048230393039B482B28D154B1012384F8AA
:10466000463000949DF82830324629463846FFF7F8
:10467000D7FF204605B0F0BD0F4940F23310FBF7DD
:104680005FFBE2E70C4940F23710FBF759FBDDE72F
:10469000002DDDD008494FF49E70FBF751FBD7E7A2
:1046A000054940F23B10FBF74BFBD1E702494FF4C1
:1046B000A270FBF745FBD0E71CB40300F0B585B052
:1046C0000F4601921D46044648B177B1022D15D020
:1046D00000F030FE08B9019BCBB9002659E05149E2
:1046E0004FF43770FBF72CFBEFE7236C002BEDD07A
:1046F0004C4940F2DD20FBF723FBE7E7E36B012B9E
:10470000E6D0484940F2DE20FBF71AFBE0E74549D6
:1047100040F2E120FBF714FBDFE72A46394620464A
:10472000FFF7B8FE636A73B940B13F4B4FF0805258
:104730005A6040BFBFF34F8FBFF36F8FFFF7F8FD95
:10474000012005B0F0BD04F1240000F05FFD002859
:10475000F4D0354B4FF080525A6040BFBFF34F8FBB
:10476000BFF36F8FEAE7FFF7E3FD0020E9E702A858
:1047700000F090FD012619E0002384F8443021E088
:10478000002384F8453023E02046FFF7D0FE00F0F8
:104790003DFCFFF7AFFDA26BE36B9A42BDD3022D48
:1047A000BBD0019B002BDED0002EE0D0FFF7C0FD78
:1047B00000F096FBFFF79EFD94F8440040B2B0F184
:1047C000FF3FD9D094F8450040B2B0F1FF3FD7D0B9
:1047D000FFF7AEFD01A902A800F068FDD0B92046A0
:1047E000FFF73CFE0028CFD0019904F1100000F043
:1047F000D5FC2046FFF79BFE00F008FC0028C8D13E
:10480000094B4FF080525A6040BFBFF34F8FBFF348
:104810006F8FBEE72046FFF78AFE00F0F7FB00200F
:104820008FE700BF1CB4030000ED00E02DE9F84362
:104830000E4691461D460446A0B1CEB1022D20D0B1
:10484000FFF78CFDEFF31188402383F31188A26BEF
:10485000E36B9A421ED3022D1CD0002088F31188EE
:10486000BDE8F8831E4940F2A230FBF769FAE4E79D
:10487000236C002BE2D01A4940F2A330FBF760FA18
:10488000DCE7E36B012BDBD015494FF46970FBF7D4
:1048900057FAD5E794F845707FB22A46314620464C
:1048A000FFF7F8FDB7F1FF3F05D001377FB284F87D
:1048B00045700120D2E7636A0BB90120CEE704F10D
:1048C000240000F0A3FC30B1B9F1000F05D00120A5
:1048D000C9F80000C2E70120C0E70120BEE700BF21
:1048E0001CB40300F0B585B00F460192044638B100
:1048F00067B100F01FFD08B9019B83B9002652E0A3
:10490000494940F2DF40FBF71BFAF1E7236C002B2B
:10491000EFD0454940F2E340FBF712FAE9E742499C
:104920004FF49D60FBF70CFAE8E739462046FFF7A5
:10493000ECFD013DA563236923B9FFF7F9FC0120D4
:1049400005B0F0BD04F1100000F060FC0028F4D0C8
:10495000364B4FF080525A6040BFBFF34F8FBFF3CA
:104960006F8FEAE7FFF7E4FC0020E9E702A800F018
:1049700091FC012621E0002384F8443029E0002343
:1049800084F845302BE02046FFF7D1FD00F03EFBD8
:1049900009E02046FFF7CBFD00F038FB2046FFF78B
:1049A0006CFD00283ED1FFF7A5FCA56B002DBCD106
:1049B000019B002BD6D0002ED8D0FFF7B9FC00F019
:1049C0008FFAFFF797FC94F844305BB2B3F1FF3FE6
:1049D000D1D094F845305BB2B3F1FF3FCFD0FFF7B1
:1049E000A7FC01A902A800F061FC0028D1D1204653
:1049F000FFF743FD0028C6D0019904F1240000F020
:104A0000CDFB2046FFF793FD00F000FB0028CAD144
:104A1000064B4FF080525A6040BFBFF34F8FBFF339
:104A20006F8FC0E700208BE71CB4030000ED00E0AF
:104A30000023012B0CD8074A52F833200AB1013366
:104A4000F7E7044A42F8331002EBC30250607047A4
:104A5000704700BFA47B002070B504460D46164683
:104A6000FFF748FC94F844305BB2B3F1FF3F0DD040
:104A700094F845305BB2B3F1FF3F0BD0FFF758FC21
:104A8000A36B5BB12046FFF752FD70BD002384F895
:104A90004430EDE7002384F84530EFE732462946FD
:104AA00004F1240000F094FBECE70000084B1B68C5
:104AB0001B6823B9074B4FF0FF321A607047044B55
:104AC0001B68DB68DB685A68024B1A60704700BFDE
:104AD000247C0020BC7B00202DE9F04780460D4659
:104AE00017469946089EDDF824A00A9C9200A5214D
:104AF000206B01F075FC236B07F18042013A03EB58
:104B0000820727F007074FF0000CBCF1090F09D806
:104B100015F80C3004EB0C0282F8343013B10CF1B0
:104B2000010CF2E7002384F83D30062E00D906265A
:104B3000E662266400256564201DFFF7BCFA04F1D7
:104B40001800FFF7B8FA2461C6F10706A66164628F
:104B5000A56484F84C504A4641463846FFF756FB58
:104B60002060BAF1000F01D0CAF80040BDE8F0871C
:104B700038B5002407E004EB840293000E48184483
:104B8000FFF78EFA0134062CF5D90C4D2846FFF7B5
:104B900087FA0B4C2046FFF783FA0A48FFF780FAA2
:104BA0000948FFF77DFA0948FFF77AFA084B1D60BC
:104BB000084B1C6038BD00BF507C00203C7C0020AE
:104BC000287C00200C7C0020F87B0020E07B00206B
:104BD000247C0020207C002010B50446FFF78AFBCF
:104BE000214A136801331360204B1B685BB1204BD3
:104BF0001B686BB91D4B1B68DA6AE36A9A4207D8D7
:104C00001A4B1C6004E0194B1C601368012B27D061
:104C1000184A136801331360E06A01238340164A7F
:104C200011680B43136000EB8000211D134B03EB55
:104C30008000FFF743FAFFF77BFB0D4B1B6873B156
:104C40000A4B1B68DA6AE36A9A4208D20C4B4FF0AF
:104C500080525A6040BFBFF34F8FBFF36F8F10BDBC
:104C6000FFF786FFD4E700BFDC7B0020DC7C002060
:104C7000D07B0020C07B0020D47B0020507C002013
:104C800000ED00E010B5044690F84D304BB1012B1B
:104C90000ED0022B0BD0084940F68860FBF750F885
:104CA00005E0006BFFF7F2F92046FFF7EFF910BDC2
:104CB000FFF7ECF9FBE700BFB0B403000F4B1B6834
:104CC000D3B110B5FFF716FB0D4BDB68DC68201D78
:104CD000FFF718FA0B4A1368013B1360074A136881
:104CE000013B1360FFF724FB2046FFF7CBFF034B8C
:104CF0001B68002BE6D110BD704700BFF47B00207D
:104D0000F87B0020DC7B002070B504460D461D4B6F
:104D10001E681D4B18680430FFF7F4F948B91A4BA8
:104D20001B68DB6A01229A4018490B6823EA0203D8
:104D30000B60B4F1FF3F0DD03444134B1B685C6033
:104D4000A64210D9124B18680F4B19680431FFF7AF
:104D5000C0F970BD002DEFD00B4B196804310D4820
:104D6000FFF7ACF9F5E70C4B1868074B19680431ED
:104D7000FFF7AFF9094B1B68A342EAD9074B1C6048
:104D8000E7E700BFD87B0020DC7C0020D47B00203C
:104D9000207C0020E07B0020247C0020BC7B0020C5
:104DA00008B50AE0084B4FF080525A6040BFBFF38D
:104DB0004F8FBFF36F8FF3F731F9FFF77FFF034B8F
:104DC0001B68012BEED8F6E700ED00E0507C0020D8
:104DD0002DE9F04387B080460E46174699460F9D51
:104DE000109CE5B10CB350220492049A502A22D1AF
:104DF0003CB335B32563022384F84D30002303937D
:104E0000029405AB01930E9B00934B463A46314604
:104E10004046FFF761FE2046FFF7DEFE13E00C4937
:104E20004FF41470FAF78CFFDCE7094940F2512087
:104E3000FAF786FFD7E7064940F25920FAF780FFD4
:104E4000D6E700230593059807B0BDE8F08300BFBF
:104E5000B0B4030010B588B000240594069407AAE6
:104E600006A905A8F3F788F8059B0293069B019312
:104E700000942346079A13491348FFF7A9FF134BE1
:104E8000186098B100F048FB012810D1402383F34B
:104E900011880F4B4FF0FF321A600E4B01221A603F
:104EA0000D4B00221A60FFF7C5F903E00020B0F1B6
:104EB000FF3F01D008B010BD084940F2DC70FAF79E
:104EC0003FFFF7E744B50300A14D0300B87B002086
:104ED000BC7B0020D07B0020D87B0020B0B4030036
:104EE000024A136801331360704700BFB47B00208F
:104EF000014B1868704700BFD87B002008B5FFF74A
:104F00002DFA014B186808BDD87B0020F8B5334B4B
:104F10001B68002B56D1324B1E6801361E607EB9CD
:104F2000304B1B681B688BB92E4A11682E4B1868D2
:104F3000106019602D4A136801331360FFF7B6FD46
:104F40002B4B1B68B34233D9002740E0294940F678
:104F50003320FAF7F5FEE7E70127224B1B681B68B1
:104F600043B3204B1B68DB68DC6863689E4226D332
:104F7000251D2846FFF7C6F8A36A1BB104F11800E7
:104F8000FFF7C0F8E36A01229A401B490868024310
:104F90000A6003EB83039A00294618481044FFF780
:104FA0008DF8E26A164B1B68DB6A9A42D4D2D4E7CA
:104FB0000027D2E70E4B4FF0FF321A6007E00C4A91
:104FC000136004E00F4A13680133136000270E4B8F
:104FD0001B6803B101273846F8BD00BFB47B002031
:104FE000D87B0020247C0020207C0020C47B002073
:104FF000BC7B0020B0B40300D47B0020507C002098
:10500000DC7C0020CC7B0020C87B002038B5334BF3
:105010001B686BB1FFF76EF9304B1A68013A1A60E2
:105020001B68002B54D12E4B1B683BB9002450E069
:105030002C494FF40460FAF783FEEBE700242A4B77
:105040001B681BB3284BDB68DC6804F11800FFF712
:1050500059F8251D2846FFF755F8E06A01238340DB
:10506000224A11680B43136000EB80002946204B55
:1050700003EB8000FFF722F8E26A1E4B1B68DB6A35
:105080009A42DCD31C4B01221A60D8E70CB1FFF71F
:105090000DFD1A4B1C687CB9174B1C68CCB1184B22
:1050A0004FF080525A6040BFBFF34F8FBFF36F8FF6
:1050B00001240EE0013C07D0FFF728FF0028F9D0BB
:1050C0000D4B01221A60F5E70C4B00221A60E3E752
:1050D0000024FFF72DF9204638BD00BFB47B002027
:1050E000DC7B0020B0B403000C7C0020D47B0020CB
:1050F000507C0020DC7C0020C87B0020CC7B002082
:1051000000ED00E01F4B1B681BB11F4B01221A6012
:10511000704710B51C4B00221A601C4B1C6814B35E
:10512000B4FA84F4C4F11F0404EB84029300184A17
:10513000D358D3B1164904EB840293000B445A6848
:1051400052685A6004EB8400830008330B449A428F
:1051500011D004EB8404A2000D4B13445B68DA68A1
:105160000C4B1A6010BD2024DCE70B494FF435606E
:10517000FAF7E6FDDEE751688200054B13445960FB
:10518000E7E700BFB47B0020C87B0020D47B002071
:10519000507C0020DC7C0020B0B4030038B50C4605
:1051A000054650B1084B196818312846FEF791FFA3
:1051B00001212046FFF7A8FD38BD04494FF43660B1
:1051C000FAF7BEFDEEE700BFDC7C0020B0B40300C0
:1051D00070B50D461446064668B10A4B1968183179
:1051E0003046FEF76BFF0CB14FF0FF3521462846E5
:1051F000FFF78AFD70BD044940F68B30FAF7A0FD39
:10520000EBE700BFDC7C0020B0B4030038B5C36816
:10521000DC6824B304F118052846FEF773FF164B2B
:105220001B6813BB251D2846FEF76CFFE06A0123AF
:105230008340124A11680B43136000EB800029463B
:105240000F4B03EB8000FEF739FFE26A0D4B1B6842
:10525000DB6A9A420ED901200B4B186038BD0B490E
:1052600040F6BB30FAF76CFDD4E729460848FEF754
:1052700025FFEAE70020F1E7B47B0020D47B002083
:10528000507C0020DC7C0020C87B0020B0B40300F0
:105290000C7C0020034B1B680360034B1B684360BE
:1052A000704700BFC47B0020D87B0020F8B50C46B7
:1052B0000546B8B1E4B1FFF71DF8184B19686B68E3
:1052C000C81A2268B2F1FF3F20D0154E36682F6809
:1052D000B74201D08B421ED982420FD800232360EF
:1052E000012414E00F4940F62640FAF729FDE1E7D2
:1052F0000C4940F62740FAF723FDDCE75B1A13441C
:1053000023602846FFF7C6FF002400E00024FFF7D3
:105310000FF82046F8BD0124F9E700BFD87B002034
:10532000C47B0020B0B40300014B01221A60704717
:10533000C87B0020054B1B6833B1054B1B680BB1C4
:10534000002070470220704701207047D07B00206A
:10535000B47B0020002846D038B50446244B1B6897
:10536000834204D0234940F63B70FAF7E9FC636CB2
:105370004BB1636C013B6364E16A226C914234D0AF
:105380003BB1002038BD1B4940F63C70FAF7D8FC11
:10539000EFE7251D2846FEF7B5FE70B9E26A02EB7D
:1053A00082039B001449CB583BB9012303FA02F254
:1053B00012490B6823EA02030B60206CE062C0F123
:1053C0000703A361012404FA00F30C4A11680B439C
:1053D000136000EB80002946074B03EB8000FEF7CB
:1053E0006DFE2046CEE7002070470020CAE700BFD0
:1053F000DC7C0020B0B40300507C0020D47B002073
:10540000064B1A681368B3FA83F35B09036013B998
:10541000D368186870470020704700BF387F0020AD
:1054200008B54160006191420CD8D21A83699A4252
:1054300001D3012008BD011D094B1868FEF749FE84
:105440000020F7E79A4201D2994206D2011D054B8E
:105450001868FEF73EFE0020ECE70120EAE700BFF7
:10546000347F0020387F002030B583B0FEF742FF44
:10547000114B1B681BB1FEF75BFF03B030BD0F4D36
:105480002846FEF70DFE0E4C2046FEF709FE0D4B9A
:105490001D600D4B1C60002300930C4B0C4A102127
:1054A0002020FFF7CBF8044B18600028E3D009490F
:1054B000FFF7BEFADFE700BF307F0020507F0020FB
:1054C0003C7F0020387F0020347F0020E07C0020DB
:1054D000287D00204CB503002DE9F0410746164613
:1054E0001D46079C884671B15CB1FFF7BDFF276080
:1054F000C4F81880E6612562069B6362201DFEF7F2
:10550000DAFDBDE8F081034940F26910FAF718FCB2
:10551000EAE700BF54B5030010B588B0FFF7A4FF59
:10552000114B1B68C3B100240594069407AA06A971
:1055300005A8F2F72DFD059B0293069B019302231C
:1055400000932346079A09490948FFF741FC094B94
:10555000186008B1012005E007494FF48870FAF798
:10556000EFFB002008B010BD307F0020E8B503003D
:10557000AD5803002C7F002054B503002DE9F04105
:1055800084B005460E4690461F460B9C2C23039381
:10559000039B2C2B10D1ACB101940A9B00933B468A
:1055A000424631462846FFF797FF012384F828300A
:1055B000204604B0BDE8F08105494FF4A370FAF726
:1055C000BFFBE8E7024940F24B10FAF7B9FBEFE7FF
:1055D00054B50300F0B585B00C4615461E46074687
:1055E00098B1154B186828B3009401950297052CC3
:1055F00019DCFFF79FFE02280DD000231A466946EA
:105600000D480068FFF75AF812E00C4940F2831089
:10561000FAF796FBE5E700230A9A69460648006810
:10562000FFF74CF804E0002332466946FFF7FEF826
:1056300005B0F0BD0020FBE7307F002054B503002B
:1056400070B582B0194B1B681A683AB3DB681E68E4
:10565000DC68251D2846FEF755FD636A20469847FD
:10566000E369012BEED1A36933449E4207D2636004
:10567000246129460D4B1868FEF72BFDE2E7002157
:1056800000910B4632462046FFF7A4FF0028D9D1EF
:10569000074940F26F30FAF753FBD3E7054A106829
:1056A00002490860136002B070BD00BF387F00205F
:1056B00054B50300347F002038B50546FFF718FCC9
:1056C0000446074B1B68834205D800232B60044B1C
:1056D0001C60204638BDFFF7B3FF01232B60F6E7BF
:1056E000287F002070B582B006460D461349096830
:1056F000C968CC68201DFEF705FDE169012904D0C9
:10570000636A2046984702B070BDA16933462A46B5
:1057100031442046FFF784FE0028F1D0002100919B
:105720000B4632462046FFF755FF0028E8D10449D2
:1057300040F2E510FAF704FBE2E700BF387F0020F3
:1057400054B5030070B582B006460C46FFF7C8FB9F
:1057500001A8FFF7B1FF019B1BBB054644B9B0424E
:105760000CD3FFF753FC29463046FFF7BBFF1AE086
:105770000E4B1B681C68B4FA84F464092246711B42
:105780000B4B1868FFF768F9FFF740FC58B9094B55
:105790004FF080525A6040BFBFF34F8FBFF36F8FFF
:1057A00001E0FFF733FC02B070BD00BF347F002082
:1057B000307F002000ED00E030B589B002E0049BAE
:1057C000002B0FDA002204A9364B1868FFF78AF87D
:1057D000002864D0049B002BF1DA07990698059BFA
:1057E0009847ECE7069C636913B1201DFEF78AFC1D
:1057F00003A8FFF761FF0546049B092BE2D801A22D
:1058000052F823F02D5803002D5803002D580300A3
:10581000C55703006D5803008F5803002D5803002F
:105820002D580300C55703006D580300059BA1695F
:10583000024619442046FFF7F3FD0028C2D0636AF0
:1058400020469847E369012BBCD1A2690021009151
:105850000B46059802442046FFF7BCFE0028B1D154
:10586000114940F2FE20FAF76BFAABE7059BA36102
:105870003BB1A1692B462A4629442046FFF7D0FDBB
:10588000A0E7094940F21530FAF75AFAF1E794F81F
:105890002830002B96D12046FEF7F8FB92E709B09E
:1058A00030BD00BF307F002054B5030000B583B089
:1058B00001A8FFF7A5FD0199FFF744FFFFF77CFF63
:1058C000F6E70000BFF34F8F0549CA6802F4E062B3
:1058D000044B1343CB60BFF34F8F00BFFDE700BF06
:1058E00000ED00E00400FA0508B54FF01023D3F8EE
:1058F0000C3203B908BD0F4B0122C3F804250D4B30
:10590000D3F80034002BFAD04FF010230022C3F854
:105910000C22084BD3F80034002BFAD0054B0022A0
:10592000C3F80425034BD3F80034002BFAD0FFF75B
:10593000C9FF00BF00E0014010B5FFF7D5FFF2F747
:10594000ADF90446F2F7C4F92046F2F701FA002057
:1059500010BD51EC102BC1F30A53002B1CBF40F2B9
:10596000FF7C634500D170471844604506DB00208A
:10597000C7F6F07060F31E01002208E00028C7BFE0
:105980006FF31E5141EA005101F00041002241EC49
:10599000102B704752EC10CBC2F30A5340F2FF7148
:1059A0008B4211BF002B002101607047A3F2FE3132
:1059B000016040F2FE3060F31E5242EC10CB7047A3
:1059C0002DE9F84F2DED028B82B050EC101B4FF0FB
:1059D000FF3202EB105240F2FE739A4280F09F8039
:1059E00001A8FFF7D7FF55EC106B00245E4B304643
:1059F0002946002200F090F980460F464AF29E00A8
:105A0000C3F6E67043F6CE31C6F27F61019A711A91
:105A100075EB00000092B8BF0124002C28463146E7
:105A20001CBF3846414640EC101B4FF0FF30FFF7DB
:105A300090FFB0EE408AF0EE608A4C4B304629462B
:105A4000002200F069F905460E46494B51EC180B4F
:105A5000002C1CBF3E464546002200F05DF9024680
:105A60000B462846314600F00FFB05460E4602461F
:105A70000B4600F071FA83468A464BF60849C0F29D
:105A8000030941EC180B48460221B0EE480AF0EE3B
:105A9000680A00F079F8374A374B51EC100B00F0E8
:105AA0003BF980460F4609F110000321B0EE480A89
:105AB000F0EE680A00F09CF853EC102B4046394693
:105AC00000F0E2FA5A46534600F046FA2A463346B8
:105AD00000F042FA2A46334600F01EF980460D4691
:105AE000002C009818BF013800F0D6FB06460F4680
:105AF000224A234B00F030FA42462B4600F00CF9C4
:105B000080460D461F4B30463946002200F024FAED
:105B100042462B4600F000F941EC100B1AE042001F
:105B200042EAD1720023CFF6E0730027B7EB4107BA
:105B300073EB02020ED30022C7F6F072104207D0B8
:105B40000028BCBF02F50020002140EC101B01E042
:105B50009FED030B02B0BDEC028BBDE8F88F00BFD8
:105B6000000000000000F0FF0000E0BF0000F0BFF8
:105B70000000E03F9AB5B312FF0750C0A80C615C6B
:105B800010D02BBF0030E63FF8B52DED028B00EBB7
:105B9000C1070E4657E9020117ED048B54EC105B68
:105BA0002A46234600F0D8F953EC182B00F0B4F83D
:105BB00041EC100B032E10DB183F013E51EC100B93
:105BC0002A46234600F0C8F977E8022300F0A4F83B
:105BD000013E41EC100B012EF0D851EC100B2A467F
:105BE000234600F0B9F941EC100BBDEC028BF8BD77
:105BF0002DE9F041804600EBC100022915DBA0F140
:105C000008074C1C56EC105B77E8022351EC100B94
:105C100000F082F82A46334600F09EF9013C41EC40
:105C2000100B022CF0D808F1080050E9022351ECC7
:105C3000100B00F071F841EC100BBDE8F0818446C8
:105C40000020002918BF002A00D17047097848B207
:105C5000002844BF6FF001007047BCF1000F18BF6F
:105C6000CCF800100021C3E90011002818BF012062
:105C700070477F298EBF6FF00100017001207047CF
:105C800047F66472C2F200021368002B02BF42F6AC
:105C90004833C2F2000313605A68926812681047D2
:105CA0000921FFF7EDBF7F2884BF002070474BF626
:105CB0004462C0F20302515C4BF6C452C0F20302CC
:105CC000105C08407047A0F161011A2938BF2038E4
:105CD0007047A0F141011A2938BF203070477F2852
:105CE00084BF002070474BF64462C0F20302515C4F
:105CF0004BF6C452C0F20302105C08407047A0F19A
:105D000061011A2938BF20387047A0F141011A29D2
:105D100038BF20307047000030B591EA030F00F122
:105D20008280841A71EB030C05D2121953EB0C0319
:105D3000001B71EB0C0140F2000CCFF6E07C1CEA7A
:105D4000430F52D0BCEB410F5FD90C0DA4EB135E97
:105D50005FF0010C6CF31F516CF31F53DEF1200C4C
:105D60002AD303FA0CF5401941F1000122FA0EF58D
:105D7000401923FA0EF5694112FA0CF2CD0208D34C
:105D800049085FEA30005FEA320228BF42F00102B0
:105D90000134013C5FEA500C72F1004250F1000006
:105DA00051EB04514FF4001313EB410F38BF30BDDA
:105DB0006FF31301002030BDBEF1200EBEF1200FA5
:105DC0001ED223FA0EF5401941F10001CEF1200C4C
:105DD000124218BF012203FA0CF52A43CEE711EA5A
:105DE0005C0F04BF0020002130BD1CEA410F04BF3E
:105DF00001F00041002030BD01F00041002030BD25
:105E000021F4801101EB045130BD004218BF41F074
:105E10000101BCEB410F08BF30BD4FF0FE4141F422
:105E20007801002030BD83F00043841A71EB030E2B
:105E300007D28EF0004E001B71EB0E01121953EBCE
:105E40000E0340F2000CCFF6E07C1CEA430FC6D0F4
:105E5000BCEB410F72D90C0DA4EB135EC90241EAF1
:105E60005051C00241F00041DB0243EA5253D202DA
:105E700043F00043DEF1200C41D312FA0CF522FA74
:105E80000EF203FA0CF542EA050218BF42F00102D5
:105E900023FA0EF3801A9941E30AC4F30A0411F0BD
:105EA000404F03D418D0013C40004941013C23D469
:105EB0004205C00A40EA4150C90A51EAC3715FEA8B
:105EC000500C72F1004250F1000051EB045130BD12
:105ED00001002FD00020203C0029F9D0B1FA81FC2C
:105EE000DCF1200E11FA0CF130FA0EF510FA0CF07C
:105EF0002943A4EB0C04D9E70020D90730BDAEF14B
:105F0000200EBEF1200F0DD2CEF1200C03FA0CF5BD
:105F100033FA0EF32A4318BF43F00103C01A61F1AC
:105F20000001B9E721F00041C00A40EA4150C90A26
:105F300001EB045130BD0020002130BD004218BFEC
:105F400041F00101BCEB410F7FF467AFBCEB430FA5
:105F50003FF463AF30BD00BFF0B540F2FF7681EA99
:105F6000030C16EA115E1EBFB64516EA1355B5427C
:105F700052D021EA465141F48011A1FB024723EAA5
:105F8000465343F48013AE44A0FB03650CF0004C71
:105F900036197D41A1FB034747F10003A0FB02171F
:105FA000F619654153F10003094218BF46F0010696
:105FB00040F2FE74B3F5007F13D2AEF5806EA645B5
:105FC00023D24CEA0331280341EA155140EA165026
:105FD0003203450872F1004250F1000051EB0E51BE
:105FE000F0BDAEF2FF3EA6450FD24CEAC321E80257
:105FF00041EA555140EA5650F202450872F100421A
:1060000050F1000051EB0E51F0BD1EEA0E0F2DD5E0
:106010000CF000410020F0BD16EA115F04BF01F052
:1060200000410020004218BF41F0010116EA135F51
:1060300004BF03F000430022124218BF43F00103E3
:1060400006EA1354B44218BFB64503D00CF0004121
:106050000020F0BD21F0004123F00043B1EB065FCA
:106060000CD8B3EB065F09D841B13BB10CF000414D
:1060700041F0FE4141F470010020F0BD40F200010A
:10608000C7F6F8710020F0BD2DE9F04391EA030E48
:106090000EF0004E40F20007CFF6E07717EA410518
:1060A0001EBFBD4217EA4305BD4200F09F807F0D31
:1060B00017EA135623EA475343F4801317EA11559E
:1060C00021EA475141F48011AD1B05F2FD354FEA3D
:1060D000D31C1CF1010C4FF00047B7FBFCF77F010C
:1060E000A2FB079C0024E3FB07C4D9F100096CEB79
:1060F0004C0CA0FB07620020E1FB072000275FEAB1
:10610000C628E0FB0987760D46EAC226520DF6192D
:1061100000277A41E0FB0C625FEAC823E2FB093703
:106120005FEA585848EAC628760D18EB07080021A0
:106130004E41E2FB0C8602EBC020DA02E6FB0921AD
:106140005B0D43EAC8235FEA58585B18002758EBF9
:106150000708E6FB0C38D102E8FB0917520D42EAAA
:10616000C3225B0DD21900277B41E8FB0C2308EB0F
:10617000C6265FEAC128E3FB0987490D41EAC2212F
:10618000520DC91942F10002E3FB0C12470019EB52
:1061900008095CEB010C72EB040453EBC62047EBDF
:1061A00056530026B3F5000F7641AD190236D6F1ED
:1061B000200910FA09F4F04013FA09F21043F340F1
:1061C000E40F001943F10003B3F5001F24BF5B087F
:1061D000013540F2FE77BD4204D24EEA0551194422
:1061E000BDE8F0832D4224D5714626E0004218BF59
:1061F00041F00101124218BF43F00103B7EB410F18
:106200002CBFB7EB430F1BE0B7EB410F04BFB7EB5D
:10621000430F15E017EA410F04BF17EA430F0FE0E1
:1062200017EA410FE0D017EA430F02D0B7EB430F54
:10623000DAD04EF0FE4141F470010020BDE8F08359
:1062400040F20001C7F6F871F7E700BFC1F30A5347
:1062500040F21E42D21A0EDD202A0AD8CB0243EAAF
:10626000505040F00040D04090EAE170B0EBE17057
:106270007047002070474B00004218BF43F00103F5
:1062800013F5001F88BF21F0004111F0004058BFF6
:106290006FF00040704700BF10F0004160B148BF90
:1062A00040420A0D02F21D42B0FA80F3D21A984021
:1062B000C30A400503EB0251704700BFC0F3C7514A
:1062C00091B142004FEA40704FEAD2014FEA3101EA
:1062D00001F16051B2F17F4F38BF704701F1605159
:1062E00018BF41F40021704710F0004100207047B2
:1062F000082938BF70470022C0E9002147F66871BD
:10630000C2F2000108607047042A08D350F804CB99
:106310000B689C4506D1043A0431032AF6D8A2B191
:10632000D0F800C0086880EA0C0191FAA1F1B1FA36
:1063300081F1B2EBD10F08D901F038012CFA01F24A
:10634000C840C0B2D1B2081A704700207047017827
:10635000002904BF0020704700214FF0013243584C
:10636000C2FA53F30431002BF9D093FAA3F0B0FA38
:1063700080F001EBD0000438704700005AB3844627
:1063800090EA01039B071FD1830707D011F8013B57
:1063900000F8013B013AF7D11CE08446203A09D3CA
:1063A0002DE9F007B1E8F807A0E8F807203AF9D29C
:1063B000BDE8F0071C3205D451F8043B40F8043B1B
:1063C000043AF9D2043205D011F8013B00F8013B40
:1063D000013AF9D16046704700220B0011001A0003
:1063E00084465AB3830704D000F8011B013AF9D15F
:1063F00024E0C9B241EA012141EA0141202A11D336
:10640000203A2DE9F0030B460C460D460E460F468A
:1064100088468946A0E8FA03203AFBD2BDE8F0039B
:1064200020320BD0042A05D340F8041B043A05D0CF
:10643000042AF9D200F8011B013AFBD160467047EB
:1064400008B50346007858B95A78012A07D0920750
:1064500002D5044800F00CF802225A70012008BD51
:106460000020FCE751BE0300012303704370704716
:0A6470000FB408B5FBF744FEFEE789
:10647C00A9CA020000000000AD0A030000000000E1
:10648C0031990200000000002D7E02000000000087
:10649C00C1AE02003C410020B59702000000000094
:1064AC0081B9020000000000998402000000000085
:0864BC00ED09030000000000DF
:1064C40041CC020000000000190B03000000000092
:1064D400ED1D0300000000009520030000000000F3
:1064E400F8510020C0520020C85200200052002061
:0464F400180000008C
:1064F800307E030003030000D47E03000303000082
:10650800DC7E0300030300007C7F0300030300001C
:1065180068800300030300005481030003030000A4
:10652800F481030003030000FC810300030300005F
:1065380004820300030300000C820300030300002D
:106548004C940300030304041482030003030000B3
:10655800A473030003030404407D03000303000045
:10656800148A0300030304042873030003030404C8
:106578008C8D030003030404189603000000040430
:106588004099030000000303009A0300000004047C
:10659800B4760300000003031C710300000003032A
:1065A8000473030000000303D07703000000030313
:1065B8001873030000000303587603000000030368
:1065C8005474030000000303947C030000000303D9
:0865D800047B03000000030333
:1065E00008BA03000000000084930300382B002049
:1065F0000000000000000000B5F8020000000000EC
:046600000000000096
:0C660400E18E020091240300593F0300C6
:1066100041707000496E697469616C697A6174696E
:106620006F6E0000436861726765000057616974AE
:1066300000000000536C6F7720436861726765202B
:10664000416E64205363616E0000000053746174F6
:10665000654D616368696E653A204E6577204950E3
:1066600047206461746120726563656976656400C2
:106670004368617267696E6720506172616D65740D
:106680006572733A00000000202056726563742022
:10669000646574656374696F6E3A20256400000058
:1066A00020205672656374204F56503A20256400AE
:1066B000202056636867207261696C207375707062
:1066C0006C79206369726375697420706F77657285
:1066D00020676F6F643A2025640000002020434843
:1066E0004731207374617475733A2025642C204FF0
:1066F0005650206572726F723A20256400000000C7
:10670000202043484732207374617475733A202502
:10671000642C204F5650206572726F723A202564A7
:1067200000000000546865726D616C2050617261F8
:106730006D65746572733A002020546865726D202F
:106740007265666572656E63653A202564000000B7
:106750002020546865726D206F757075743A20251D
:10676000640000002020546865726D206F666673B7
:1067700065743A2025640000426174746572792062
:10678000766F6C74616765206D65617375726564A1
:106790003A20256C64206D56000000005465737427
:1067A00020496E666F726D6174696F6E3A00000009
:1067B0002020485620537570706C7920456E6162B8
:1067C0006C653A2025640000202056444453205331
:1067D0007570706C7920456E61626C653A20256435
:1067E0000000000020205644444120537570706C16
:1067F0007920456E61626C653A20256400000000D6
:1068000053746174654D616368696E653A20416CCB
:106810006C2062617474657269657320636861726B
:106820006765642028434847313D25642043484735
:10683000323D25642050474F4F443D2564290000D8
:1068400053746174654D616368696E653A2043688D
:10685000617267696E6720696E2070726F6772651A
:1068600073732028434847313D256420434847320D
:106870003D25642050474F4F443D256429000000CA
:106880004368617267652053746174653A20504DA6
:106890004320706F776572206F6E0A004170702020
:1068A0007374617465206D616368696E653A20492F
:1068B0006E697469616C697A6174696F6E20537472
:1068C00061746520456E7472790A000052656365D3
:1068D000697665642053797374656D206576656E9D
:1068E0007420256420696E207363616E2073746167
:1068F0007465000048656172746265617420766138
:106900006C75652025640A005750542043686172F5
:10691000676572204E54432054656D7065726174D2
:1069200075726520256420430A000000426174747A
:1069300065727920766F6C74616765206C65766529
:106940006C202564206D560A0000000048656172C5
:10695000746265617454696D657200005379737473
:10696000656D4163746976654F626A6563740000A2
:1069700053797374656D20496E697469616C697AC5
:106980006564202D2056657273696F6E2025642E14
:1069900025642E256420282573290A0048542D4992
:1069A000452D4649482D465700000000537461723A
:1069B000742073797374656D20696E697469616C94
:1069C000697A6174696F6E200A00000053797374EC
:1069D000656D20696E697469616C697A6174696F4B
:1069E0006E20646F6E65200A000000005379737496
:1069F000656D20537461727473204544410A000030
:106A000043616C6C6261636B206578656375746566
:106A10006420666F72206576656E74202564206937
:106A20006E20706F72742025640000004E6F20632A
:106A3000616C6C6261636B20646566696E6564207D
:106A4000666F72206576656E7420256420696E20FD
:106A5000706F7274202564002F55736572732F61F7
:106A60006C657862616C6477696E2F4465736B74D2
:106A70006F702F4F70656E4E657276652D4368613D
:106A8000726765722F4669726D776172652F536FF9
:106A9000757263652D436F64652F7372632F686130
:106AA0006C5F6C617965722F68616C5F6164632EE5
:106AB0006370700042617474657279206D656173F2
:106AC0007572656D656E7420737461727465640AA5
:106AD000000000005374617274696E672073636113
:106AE0006E2E00002F55736572732F616C6578628E
:106AF000616C6477696E2F4465736B746F702F4F90
:106B000070656E4E657276652D4368617267657259
:106B10002F4669726D776172652F536F7572636569
:106B20002D436F64652F7372632F68616C5F6C61B6
:106B30007965722F68616C5F626C652E637070009E
:106B4000427574746F6E202575207072657373655D
:106B5000640A0000427574746F6E2025752072659A
:106B60006C65617365640A002F55736572732F61DC
:106B70006C657862616C6477696E2F4465736B74C1
:106B80006F702F4F70656E4E657276652D4368612C
:106B9000726765722F4669726D776172652F536FE8
:106BA000757263652D436F64652F7372632F68611F
:106BB0006C5F6C617965722F68616C5F627574746B
:106BC0006F6E2E6370700000546F6F206D616E7970
:106BD00020627574746F6E732E204D617820616C25
:106BE0006C6F7765643A2025640A00004572726F05
:106BF000722077726974696E6720746F2044414314
:106C00002072656769737465720000005374617265
:106C100074204446552070726F636573732C207422
:106C200068652073797374656D2077696C6C207268
:106C3000657365740D0A00004661696C65642074B3
:106C40006F20636C6561722047505245475245542E
:106C50003A2025640D0A00004661696C6564207461
:106C60006F207365742044465520666C61673A2036
:106C700025640D0A0000000053797374656D20725D
:106C80006573657420666F7220444655206D6F648D
:106C9000650D0A002E2E2F2E2E2F636F72655F6CEE
:106CA000617965722F73646B2F6E7266352F6E5229
:106CB00046355F53444B5F31372E312E305F64646D
:106CC00064653536302F6D6F64756C65732F6E7229
:106CD00066782F68616C2F6E72665F6770696F2EC1
:106CE000680000002F55736572732F616C657862C0
:106CF000616C6477696E2F4465736B746F702F4F8E
:106D000070656E4E657276652D4368617267657257
:106D10002F4669726D776172652F536F7572636567
:106D20002D436F64652F7372632F636F72655F6CA1
:106D3000617965722F73646B2F6E7266352F6E5298
:106D400046355F53444B5F31372E312E305F6464DC
:106D500064653536302F636F6D706F6E656E74735A
:106D60002F626C652F636F6D6D6F6E2F626C655F48
:106D7000636F6E6E5F73746174652E630000000054
:106D8000546865206C6F63616C206461746162613A
:106D9000736520686173206368616E6765642C2089
:106DA000736F20736F6D65207375627363726970A2
:106DB00074696F6E7320746F206E6F746966696397
:106DC0006174696F6E7320616E6420696E646963BB
:106DD0006174696F6E7320636F756C64206E6F747D
:106DE00020626520726573746F72656420666F72CD
:106DF00020636F6E6E5F68616E646C652025640051
:106E00006773636D5F6C6F63616C5F64625F636126
:106E10006368655F6170706C79282920726574758C
:106E2000726E6564202573207768696368207368D3
:106E30006F756C64206E6F742068617070656E2E63
:106E400020636F6E6E5F68616E646C653A202564C6
:106E5000000000002E2E2F2E2E2F636F72655F6CA8
:106E6000617965722F73646B2F6E7266352F6E5267
:106E700046355F53444B5F31372E312E305F6464AB
:106E800064653536302F636F6D706F6E656E747329
:106E90002F6C69627261726965732F6D75746578A4
:106EA0002F6E72665F6D74782E6800002F557365C3
:106EB00072732F616C657862616C6477696E2F44C0
:106EC00065736B746F702F4F70656E4E657276656B
:106ED0002D436861726765722F4669726D776172C2
:106EE000652F536F757263652D436F64652F7372E1
:106EF000632F636F72655F6C617965722F73646B6A
:106F00002F6E7266352F6E5246355F53444B5F319C
:106F1000372E312E305F646464653536302F636FF1
:106F20006D706F6E656E74732F626C652F70656522
:106F3000725F6D616E616765722F676174745F6304
:106F4000616368655F6D616E616765722E630000E5
:106F5000466C6173682066756C6C2E20436F756C8F
:106F600064206E6F742073746F7265206461746145
:106F700020666F7220636F6E6E5F68616E646C6511
:106F80003A202564000000006773636D5F6C6F63D7
:106F9000616C5F64625F63616368655F75706461A3
:106FA000746528292072657475726E656420257376
:106FB00020666F7220636F6E6E5F68616E646C65D1
:106FC0003A202564000000006773636D5F7365728B
:106FD000766963655F6368616E6765645F696E6447
:106FE0005F73656E6428292072657475726E6564BE
:106FF00020257320666F7220636F6E6E5F68616E0E
:10700000646C653A202564004341522063686172D4
:107010002076616C756520636F756C646E277420D3
:1070200062652073746F72656420286572726F7276
:107030003A202573292E205265617474656D707431
:107040002077696C6C2068617070656E206F6E20AF
:10705000746865206E65787420636F6E6E65637406
:10706000696F6E2E00000000556E65787065637460
:10707000656420474154542073746174757320779C
:1070800068696C652067657474696E672043415256
:1070900020636861722076616C75653A20307825CE
:1070A000780000004D756C7469706C65202825644B
:1070B000292043415220636861726163746572697B
:1070C000737469637320666F756E642C20757369C1
:1070D0006E67207468652066697273742E00000004
:1070E000556E657870656374656420434152206312
:1070F0006861726163746572697374696320766133
:107100006C7565206C656E67746820282564292C71
:107110002073746F726520302E00000070656572F8
:107120005F6D616E616765725F67636D000000008F
:107130007064735F706565725F646174615F7374BE
:107140006F726528292072657475726E65642025DA
:1071500073207768696C652073746F72696E67203D
:1071600073657276696365206368616E67656473D1
:107170007461746520666F72207065657220696441
:107180002025642E000000007064625F70656572E7
:107190005F646174615F7074725F67657428292031
:1071A00072657475726E656420257320666F722037
:1071B000636F6E6E5F68616E646C653A2025640073
:1071C00044696420616E6F746865722074687265CA
:1071D0006164206D616E6970756C61746520504DDD
:1071E0005F504545525F444154415F49445F4741C8
:1071F00054545F4C4F43414C20666F72207065655C
:10720000725F69642025642061742074686520734E
:10721000616D652074696D653F207064625F77728F
:107220006974655F6275665F72656C656173652818
:10723000292072657475726E65642025732E0000B6
:1072400073645F626C655F67617474735F73797395
:107250005F617474725F7365742829207265747538
:10726000726E6564204E52465F4552524F525F49DE
:107270004E56414C49445F4441544120666F722050
:107280004E554C4C20706F696E746572207768693A
:1072900063682073686F756C64206E657665722014
:1072A00068617070656E2E20636F6E6E5F68616ED0
:1072B000646C653A2025640073645F626C655F6787
:1072C000617474735F696E697469616C5F7573650D
:1072D000725F68616E646C655F67657428292072EF
:1072E000657475726E6564202573207768696368BC
:1072F0002073686F756C64206E6F742068617070A5
:10730000656E2E00706565725F6D616E6167657296
:107310005F6773636D000000706565725F6D616E1D
:10732000616765725F696D006E72665F626C655F52
:107330006761747400000000424C455F4741505F34
:107340005343414E5F54494D454F55540000000092
:10735000436F6E6E656374696E670000436F6E6E97
:10736000656374696F6E207374617475733A202558
:107370006400000073645F626C655F6761705F73D7
:1073800063616E5F73746172742072657475726E7E
:1073900065642030782578005363616E6E696E678E
:1073A00000000000626C655F7363616E00000000A6
:1073B000436F756C64206E6F742064656C657465D2
:1073C000207065657220646174612E206664735F4D
:1073D00066696C655F64656C6574652829207265F3
:1073E0007475726E6564203078257820666F72201F
:1073F000706565725F69643A20256400436F756C3F
:1074000064206E6F742077726974652064617461A2
:1074100020746F20666C6173682E206664735F72DF
:1074200065636F72645F7B77726974657C75706485
:107430006174657D28292072657475726E6564209B
:10744000307825782E20706565725F69643A202552
:1074500064000000706565725F6D616E61676572E2
:107460005F70647300000000706D5F627566666532
:10747000725F7074725F676574282920636F756C22
:1074800064206E6F7420726574726965766520522F
:10749000414D206275666665722E20626C6F636B6B
:1074A0005F69643A202564007064735F706565727B
:1074B0005F646174615F73746F72652829207265FF
:1074C0007475726E65642025732E20706565725F19
:1074D00069643A2025640000536F6D65207065650E
:1074E00072206461746120776173206E6F74207004
:1074F000726F7065726C79207772697474656E2032
:10750000746F20666C6173682E2077726974655F92
:107510006275665F73746F72652829207265747571
:10752000726E656420257320666F722070656572C7
:107530005F69643A2025640043616E6E6F74207346
:10754000746F7265206461746120746F20666C6171
:107550007368206265636175736520706D5F627525
:10756000666665725F7074725F6765742829206350
:107570006F756C64206E6F742072657472696576C5
:10758000652052414D206275666665722E204973F2
:1075900020626C6F636B5F6964202564206E6F747A
:1075A00020616C6C6F63617465643F007064625F3E
:1075B00077726974655F6275665F72656C65617329
:1075C0006528292072657475726E656420257320A4
:1075D00077686963682073686F756C64206E6F7478
:1075E0002068617070656E2E20706565725F6964D9
:1075F0003A2025642C20646174615F69643A202517
:10760000640000005065657220494420256420779D
:107610006173206E6F742070726F7065726C792068
:1076200072656C65617365642E207064735F70654C
:1076300065725F69645F667265652829207265748A
:1076400075726E65642025732E20706565725F69A2
:10765000643A202564000000706565725F6D616E9C
:10766000616765725F70646200000000436F756C53
:1076700064206E6F7420726574726569766520721D
:10768000616E6B732E207064625F706565725F64FB
:107690006174615F6C6F6164282920726574757212
:1076A0006E65642025732E20706565725F69643A8B
:1076B00020256400706565725F6D616E616765723B
:1076C00000000000557064617465000044656C65DD
:1076D000746500004F7574646174656420283029F6
:1076E0000000000053657276696365206368616E0F
:1076F0006765642070656E64696E6720666C61679B
:10770000000000004F75746461746564202832299C
:10771000000000004F75746461746564202833298B
:10772000000000004170706C69636174696F6E20C5
:10773000646174610000000052656D6F74652064BF
:107740006174616261736500506565722072616E7B
:107750006B000000426F6E64696E67206461746143
:10776000000000004C6F63616C20646174616261B1
:107770007365000043656E7472616C2061646472AD
:10778000657373207265736F6C7574696F6E00003A
:10779000456E6372797074696F6E0000426F6E643B
:1077A000696E670050616972696E6700496E766143
:1077B0006C696420526F6C6500000000506572694E
:1077C00070686572616C000043656E7472616C0074
:1077D000706565725F6D616E616765725F68616E2D
:1077E000646C657200000000496E7465726E616CB5
:1077F000206572726F723A20257320726563656925
:10780000766564204E554C4C20666F7220705F7315
:1078100065635F6B65797365742E0000436F756CEB
:1078200064206E6F7420726574726965766520528B
:10783000414D2062756666657220666F7220696EC2
:10784000636F6D696E6720626F6E642E2070646274
:107850005F77726974655F6275665F676574282912
:107860002072657475726E65642025732E20636FB7
:107870006E6E5F68616E646C653A2025640000007E
:10788000696D5F626C655F616464725F67657428CF
:10789000292072657475726E65642025732E2063CD
:1078A0006F6E6E5F68616E646C653A2025642E2091
:1078B0004C696E6B20776173206C696B656C792005
:1078C000646973636F6E6E65637465642E00000097
:1078D000436F756C64206E6F7420636C65616E20FD
:1078E0007570206166746572206661696C656420DC
:1078F000626F6E64696E672070726F636564757223
:10790000652E207064625F77726974655F62756668
:107910005F72656C65617365282920726574757284
:107920006E65642025732E20636F6E6E5F68616ED6
:10793000646C653A2025642E0000000073645F6269
:107940006C655F6761705F7365635F696E666F5FCB
:107950007265706C7928292072657475726E656421
:10796000204E52465F45524F525F494E56414C4958
:10797000445F53544154452C2077686963682069FB
:107980007320616E6572726F7220756E6C657373B1
:1079900020746865206C696E6B206973206469735C
:1079A000636F6E6E656374696E672E00436F756CEE
:1079B00064206E6F7420636F6D706C6574652065F4
:1079C0006E6372797074696F6E2070726F63656434
:1079D0007572652E2073645F626C655F6761705FAE
:1079E0007365635F696E666F5F7265706C79282975
:1079F0002072657475726E65642025732E20636F26
:107A00006E6E5F68616E646C653A2025642C207030
:107A10006565725F69643A2025642E0052414D20ED
:107A200062756666657220666F72206E6577206289
:107A30006F6E642077617320756E617661696C6129
:107A4000626C652E207064625F77726974655F6234
:107A500075665F67657428292072657475726E6536
:107A6000642025732E20636F6E6E5F68616E646C98
:107A7000653A2025642E0000436F756C64206E6F9C
:107A80007420616C6C6F63617465206E6577207023
:107A90006565725F696420666F7220696E636F6DE1
:107AA000696E6720626F6E642E000000436F756C14
:107AB00064206E6F742073746F726520626F6E64E1
:107AC0002E207064625F77726974655F6275665FAD
:107AD00073746F726528292072657475726E65649F
:107AE0002025732E20636F6E6E5F68616E646C6517
:107AF0003A2025642C20706565725F69643A202500
:107B000064000000706565725F6D616E616765722B
:107B10005F736D640000000043616E6E6F742073CC
:107B20006563757265206C696E6B20626563617553
:107B3000736520612070726576696F757320736557
:107B40006375726974792070726F636564757265AC
:107B500020656E64656420696E2074696D656F755B
:107B6000742E20446973636F6E6E65637420616E5A
:107B7000642072657472792E20736D645F70617217
:107B8000616D735F7265706C792829206F72207344
:107B90006D645F6C696E6B5F7365637572652829D0
:107BA0002072657475726E6564204E52465F455250
:107BB000524F525F54494D454F55542E20636F6EBE
:107BC0006E5F68616E646C653A2025640000000099
:107BD000436F756C64206E6F7420706572666F728F
:107BE0006D2073656375726974792070726F636557
:107BF000647572652E20736D645F706172616D7360
:107C00005F7265706C792829206F7220736D645FD4
:107C10006C696E6B5F736563757265282920726588
:107C20007475726E65642025732E20636F6E6E5FAF
:107C300068616E646C653A2025640000436F756C62
:107C400064206E6F7420706572666F726D2073654C
:107C50006375726974792070726F6365647572659B
:107C60002E20736D645F6C696E6B5F7365637572F4
:107C70006528292072657475726E65642025732EDF
:107C800020636F6E6E5F68616E646C653A20256478
:107C900000000000706565725F6D616E61676572FE
:107CA0005F736D002F55736572732F616C65786219
:107CB000616C6477696E2F4465736B746F702F4FBE
:107CC00070656E4E657276652D4368617267657288
:107CD0002F4669726D776172652F536F7572636598
:107CE0002D436F64652F7372632F636F72655F6CD2
:107CF000617965722F73646B2F6E7266352F6E52C9
:107D000046355F53444B5F31372E312E305F64640C
:107D100064653536302F696E746567726174696F9A
:107D20006E2F6E7266782F6C65676163792F6E7245
:107D3000665F6472765F636C6F636B2E6300000036
:107D4000636C6F636B0000002E2E2F2E2E2F636F3F
:107D500072655F6C617965722F73646B2F6E7266EA
:107D6000352F6E5246355F53444B5F31372E312EDF
:107D7000305F646464653536302F696E7465677290
:107D80006174696F6E2F6E7266782F6E7266785F9F
:107D9000676C75652E6800002F55736572732F61CF
:107DA0006C657862616C6477696E2F4465736B747F
:107DB0006F702F4F70656E4E657276652D436861EA
:107DC000726765722F4669726D776172652F536FA6
:107DD000757263652D436F64652F7372632F636FD4
:107DE00072655F6C617965722F73646B2F6E72665A
:107DF000352F6E5246355F53444B5F31372E312E4F
:107E0000305F646464653536302F6D6F64756C6502
:107E1000732F6E7266782F647269766572732F7332
:107E200072632F6E7266785F636C6F636B2E630094
:107E3000434C4F434B0000002F55736572732F6105
:107E40006C657862616C6477696E2F4465736B74DE
:107E50006F702F4F70656E4E657276652D43686149
:107E6000726765722F4669726D776172652F536F05
:107E7000757263652D436F64652F7372632F636F33
:107E800072655F6C617965722F73646B2F6E7266B9
:107E9000352F6E5246355F53444B5F31372E312EAE
:107EA000305F646464653536302F6D6F64756C6562
:107EB000732F6E7266782F647269766572732F7392
:107EC00072632F6E7266785F6770696F74652E6378
:107ED000000000004750494F5445000050504900F1
:107EE0002F55736572732F616C657862616C64776E
:107EF000696E2F4465736B746F702F4F70656E4E93
:107F0000657276652D436861726765722F46697286
:107F10006D776172652F536F757263652D436F6462
:107F2000652F7372632F636F72655F6C6179657221
:107F30002F73646B2F6E7266352F6E5246355F530A
:107F4000444B5F31372E312E305F646464653536C3
:107F5000302F6D6F64756C65732F6E7266782F6449
:107F60007269766572732F7372632F7072732F6EDE
:107F70007266785F7072732E630000005052530077
:107F80002E2E2F2E2E2F636F72655F6C61796572B6
:107F90002F73646B2F6E7266352F6E5246355F53AA
:107FA000444B5F31372E312E305F64646465353663
:107FB000302F6D6F64756C65732F6E7266782F68E5
:107FC000616C2F6E72665F70776D2E680000000026
:107FD0002F55736572732F616C657862616C64777D
:107FE000696E2F4465736B746F702F4F70656E4EA2
:107FF000657276652D436861726765722F46697296
:108000006D776172652F536F757263652D436F6471
:10801000652F7372632F636F72655F6C6179657230
:108020002F73646B2F6E7266352F6E5246355F5319
:10803000444B5F31372E312E305F646464653536D2
:10804000302F6D6F64756C65732F6E7266782F6458
:108050007269766572732F7372632F6E7266785FC2
:1080600070776D2E6300000050574D002F557365DB
:1080700072732F616C657862616C6477696E2F44EE
:1080800065736B746F702F4F70656E4E6572766599
:108090002D436861726765722F4669726D776172F0
:1080A000652F536F757263652D436F64652F73720F
:1080B000632F636F72655F6C617965722F73646B98
:1080C0002F6E7266352F6E5246355F53444B5F31CB
:1080D000372E312E305F646464653536302F6D6F16
:1080E00064756C65732F6E7266782F64726976653D
:1080F00072732F7372632F6E7266785F736161643F
:10810000632E63002E2E2F2E2E2F636F72655F6CF1
:10811000617965722F73646B2F6E7266352F6E52A4
:1081200046355F53444B5F31372E312E305F6464E8
:1081300064653536302F6D6F64756C65732F6E72A4
:1081400066782F68616C2F6E72665F73616164631D
:108150002E68000053414144430000002F557365D1
:1081600072732F616C657862616C6477696E2F44FD
:1081700065736B746F702F4F70656E4E65727665A8
:108180002D436861726765722F4669726D776172FF
:10819000652F536F757263652D436F64652F73721E
:1081A000632F636F72655F6C617965722F73646BA7
:1081B0002F6E7266352F6E5246355F53444B5F31DA
:1081C000372E312E305F646464653536302F6D6F25
:1081D00064756C65732F6E7266782F64726976654C
:1081E00072732F7372632F6E7266785F7370696D2E
:1081F0002E6300005350494D0000000054494D4586
:1082000052000000554152540000000055415254A4
:10821000450000006170705F627574746F6E0000DD
:10822000534F46544445564943453A2041535345DC
:108230005254494F4E204641494C454400000000ED
:10824000534F46544445564943453A20494E5641BA
:108250004C4944204D454D4F5259204143434553CD
:1082600053000000415353455254494F4E2046415C
:10827000494C45442061742025733A25750000005F
:108280004552524F52202575205B25735D20617445
:108290002025733A25750D0A50432061743A203029
:1082A0007825303878000000456E64206F662065C0
:1082B00072726F72207265706F727400554E4B4E01
:1082C0004F574E204641554C54206174203078253C
:1082D000303858002F55736572732F616C65786262
:1082E000616C6477696E2F4465736B746F702F4F88
:1082F00070656E4E657276652D4368617267657252
:108300002F4669726D776172652F536F7572636561
:108310002D436F64652F7372632F636F72655F6C9B
:10832000617965722F73646B2F6E7266352F6E5292
:1083300046355F53444B5F31372E312E305F6464D6
:1083400064653536302F636F6D706F6E656E747354
:108350002F6C69627261726965732F7574696C2F15
:108360006170705F7574696C5F706C6174666F7258
:108370006D2E63002F55736572732F616C65786283
:10838000616C6477696E2F4465736B746F702F4FE7
:1083900070656E4E657276652D43686172676572B1
:1083A0002F4669726D776172652F536F75726365C1
:1083B0002D436F64652F7372632F636F72655F6CFB
:1083C000617965722F73646B2F6E7266352F6E52F2
:1083D00046355F53444B5F31372E312E305F646436
:1083E00064653536302F636F6D706F6E656E7473B4
:1083F0002F6C69627261726965732F6664732F6690
:1084000064732E63000000004841524420464155E9
:108410004C5420617420307825303858000000001A
:10842000202052303A2020307825303858202052F1
:10843000313A2020307825303858202052323A20E6
:1084400020307825303858202052333A2020307898
:10845000253038580000000020205231323A2030B8
:10846000782530385820204C523A2020307825305A
:10847000385820205053523A203078253038580050
:10848000537461636B2076696F6C6174696F6E3AC7
:1084900020737461636B20706F696E746572206FF6
:1084A00075747369646520737461636B20617265B0
:1084B000612E000043617573653A20427573466111
:1084C000756C74206F6E206120766563746F722006
:1084D0007461626C65207265616420647572696E96
:1084E0006720657863657074696F6E2070726F6362
:1084F000657373696E672E0043617573653A202555
:10850000732E00004D656D4D616E6167652046619B
:10851000756C7420416464726573733A20307825F9
:1085200030385800427573204661756C7420416480
:1085300064726573733A2030782530385800000033
:108540005468652070726F636573736F7220686121
:108550007320617474656D7074656420746F206538
:1085600078656375746520616E20756E64656669F3
:108570006E656420696E737472756374696F6E00E2
:108580005468652070726F636573736F72206174D5
:1085900074656D707465642061206C6F6164206F18
:1085A000722073746F72652061742061206C6F6338
:1085B0006174696F6E207468617420646F657320E4
:1085C0006E6F74207065726D697420746865206FB9
:1085D0007065726174696F6E00000000556E73748F
:1085E00061636B20666F7220616E206578636570D1
:1085F00074696F6E2072657475726E206861732085
:10860000636175736564206F6E65206F72206D6F96
:108610007265206163636573732076696F6C617442
:10862000696F6E7300000000537461636B696E675D
:1086300020666F7220616E20657863657074696F63
:108640006E20656E74727920686173206361757342
:108650006564206F6E65206F72206D6F726520619A
:1086600063636573732076696F6C6174696F6E7391
:108670000000000041204D656D4D616E6167652011
:108680006661756C74206F636375727265642064D3
:108690007572696E6720666C6F6174696E672D70A4
:1086A0006F696E74206C617A7920737461746520CF
:1086B000707265736572766174696F6E0000000098
:1086C000496E737472756374696F6E20627573207E
:1086D0006572726F7200000044617461206275738C
:1086E000206572726F72202850432076616C756528
:1086F00020737461636B656420666F7220746865B3
:1087000020657863657074696F6E20726574757228
:108710006E20706F696E747320746F2074686520AA
:10872000696E737472756374696F6E2074686174B6
:108730002063617573656420746865206661756C7B
:10874000742900004461746120627573206572723F
:108750006F72202872657475726E20616464726530
:10876000737320696E2074686520737461636B2075
:108770006672616D65206973206E6F742072656C1E
:108780006174656420746F2074686520696E737409
:1087900072756374696F6E207468617420636175AB
:1087A00073656420746865206572726F72290000B9
:1087B000556E737461636B20666F7220616E206505
:1087C0007863657074696F6E2072657475726E205F
:1087D00068617320636175736564206F6E65206FD7
:1087E00072206D6F7265204275734661756C74738B
:1087F00000000000537461636B696E6720666F72DE
:1088000020616E20657863657074696F6E20656E97
:108810007472792068617320636175736564206F79
:108820006E65206F72206D6F7265204275734661B0
:10883000756C7473000000004120627573206661DE
:10884000756C74206F6363757272656420647572F1
:10885000696E6720666C6F6174696E672D706F69F1
:108860006E74206C617A7920737461746520707203
:1088700065736572766174696F6E00005468652077
:1088800070726F636573736F7220686173206174B7
:1088900074656D7074656420746F206578656375A8
:1088A000746520616E20696E737472756374696F8C
:1088B0006E2074686174206D616B657320696C6CE7
:1088C0006567616C20757365206F6620746865202C
:1088D00045505352000000005468652070726F6369
:1088E0006573736F722068617320617474656D7055
:1088F00074656420616E20696C6C6567616C206CC6
:108900006F6164206F66204558435F52455455524D
:108910004E20746F207468652050432C20617320B2
:108920006120726573756C74206F6620616E2069BA
:108930006E76616C696420636F6E746578742C2048
:108940006F7220616E20696E76616C696420455893
:10895000435F52455455524E2076616C7565000058
:108960005468652070726F636573736F72206861FD
:108970007320617474656D7074656420746F206118
:108980006363657373206120636F70726F636573D7
:10899000736F72005468652070726F636573736FD4
:1089A0007220686173206D61646520616E20756E50
:1089B000616C69676E6564206D656D6F72792061A9
:1089C00063636573730000005468652070726F63A1
:1089D0006573736F72206861732065786563757461
:1089E000656420616E2053444956206F72205544BF
:1089F000495620696E737472756374696F6E20775F
:108A000069746820612064697669736F72206F668B
:108A100020300000686172646661756C740000004B
:108A20002F55736572732F616C657862616C647722
:108A3000696E2F4465736B746F702F4F70656E4E47
:108A4000657276652D436861726765722F4669723B
:108A50006D776172652F536F757263652D436F6417
:108A6000652F7372632F636F72655F6C61796572D6
:108A70002F73646B2F6E7266352F6E5246355F53BF
:108A8000444B5F31372E312E305F64646465353678
:108A9000302F636F6D706F6E656E74732F6C6962CB
:108AA0007261726965732F62616C6C6F632F6E7295
:108AB000665F62616C6C6F632E6300002F55736597
:108AC00072732F616C657862616C6477696E2F4494
:108AD00065736B746F702F4F70656E4E657276653F
:108AE0002D436861726765722F4669726D77617296
:108AF000652F536F757263652D436F64652F7372B5
:108B0000632F636F72655F6C617965722F73646B3D
:108B10002F6E7266352F6E5246355F53444B5F3170
:108B2000372E312E305F646464653536302F6578BA
:108B30007465726E616C2F667072696E74662F6EEA
:108B400072665F667072696E74662E630000000064
:108B50002F55736572732F616C657862616C6477F1
:108B6000696E2F4465736B746F702F4F70656E4E16
:108B7000657276652D436861726765722F4669720A
:108B80006D776172652F536F757263652D436F64E6
:108B9000652F7372632F636F72655F6C61796572A5
:108BA0002F73646B2F6E7266352F6E5246355F538E
:108BB000444B5F31372E312E305F64646465353647
:108BC000302F65787465726E616C2F667072696E95
:108BD00074662F6E72665F667072696E74665F6629
:108BE0006F726D61742E6300705F66730000000029
:108BF000257320636865636B206661696C6564201A
:108C0000696E202573282920776974682076616C45
:108C1000756520307825782E00000000705F617047
:108C200069000000705F66732D3E705F61706900BF
:108C3000705F6465737400006C656E0061646472DB
:108C40005F69735F616C69676E6564333228737244
:108C500063290000616464725F69735F7769746897
:108C6000696E5F626F756E647328705F66732C2027
:108C70007372632C206C656E29000000705F737244
:108C80006300000021286C656E202520705F6673EC
:108C90002D3E705F666C6173685F696E666F2D3E16
:108CA00070726F6772616D5F756E69742900000084
:108CB000616464725F69735F616C69676E65643378
:108CC0003228646573742900616464725F69735F3C
:108CD000616C69676E65643332282875696E743318
:108CE000325F7429705F737263290000616464727B
:108CF0005F69735F77697468696E5F626F756E64D0
:108D00007328705F66732C20646573742C206C6507
:108D10006E290000616464725F69735F70616765EA
:108D20005F616C69676E656428705F66732C207084
:108D30006167655F61646472290000006164647248
:108D40005F69735F77697468696E5F626F756E647F
:108D50007328705F66732C20706167655F6164645F
:108D6000722C20286C656E202A20705F66732D3E61
:108D7000705F666C6173685F696E666F2D3E6572C9
:108D80006173655F756E6974292900006E72665F94
:108D90006673746F72616765000000002F5573651C
:108DA00072732F616C657862616C6477696E2F44B1
:108DB00065736B746F702F4F70656E4E657276655C
:108DC0002D436861726765722F4669726D776172B3
:108DD000652F536F757263652D436F64652F7372D2
:108DE000632F636F72655F6C617965722F73646B5B
:108DF0002F6E7266352F6E5246355F53444B5F318E
:108E0000372E312E305F646464653536302F636FE2
:108E10006D706F6E656E74732F6C696272617269CA
:108E200065732F6D656D6F626A2F6E72665F6D651B
:108E30006D6F626A2E6300002F55736572732F6128
:108E40006C657862616C6477696E2F4465736B74CE
:108E50006F702F4F70656E4E657276652D43686139
:108E6000726765722F4669726D776172652F536FF5
:108E7000757263652D436F64652F7372632F636F23
:108E800072655F6C617965722F73646B2F6E7266A9
:108E9000352F6E5246355F53444B5F31372E312E9E
:108EA000305F646464653536302F636F6D706F6E4C
:108EB000656E74732F6C69627261726965732F6578
:108EC00078706572696D656E74616C5F73656374EB
:108ED000696F6E5F766172732F6E72665F73656322
:108EE00074696F6E5F697465722E63004E52465FDF
:108EF00053554343455353004E52465F4552524FDC
:108F0000525F5356435F48414E444C45525F4D4972
:108F10005353494E470000004E52465F4552524F50
:108F2000525F534F46544445564943455F4E4F5454
:108F30005F454E41424C4544000000004E52465FA2
:108F40004552524F525F494E5445524E414C0000DB
:108F50004E52465F4552524F525F4E4F5F4D454D08
:108F6000000000004E52465F4552524F525F4E4F36
:108F7000545F464F554E44004E52465F4552524F45
:108F8000525F4E4F545F535550504F52544544001A
:108F90004E52465F4552524F525F494E56414C49E0
:108FA000445F504152414D004E52465F4552524F30
:108FB000525F494E56414C49445F53544154450019
:108FC0004E52465F4552524F525F494E56414C49B0
:108FD000445F4C454E475448000000004E52465FE7
:108FE0004552524F525F494E56414C49445F464CA0
:108FF000414753004E52465F4552524F525F494ED1
:1090000056414C49445F4441544100004E52465F32
:109010004552524F525F444154415F53495A4500B3
:109020004E52465F4552524F525F54494D454F553F
:10903000540000004E52465F4552524F525F4E550B
:109040004C4C00004E52465F4552524F525F464FC5
:109050005242494444454E004E52465F4552524F9B
:10906000525F494E56414C49445F414444520000CE
:109070004E52465F4552524F525F4255535900007F
:109080004E52465F4552524F525F434F4E4E5F43E2
:109090004F554E54000000004E52465F4552524F0D
:1090A000525F5245534F5552434553004E52465F0F
:1090B0004552524F525F4D4F44554C455F4E4F54B1
:1090C0005F494E495449414C495A4544000000000B
:1090D0004E52465F4552524F525F4D555445585F70
:1090E000494E49545F4641494C4544004E52465F03
:1090F0004552524F525F4D555445585F4C4F434B6C
:109100005F4641494C4544004E52465F4552524FDE
:10911000525F4D555445585F554E4C4F434B5F463B
:1091200041494C45440000004E52465F4552524F63
:10913000525F4D555445585F434F4E445F494E4929
:10914000545F4641494C4544000000004E52465F82
:109150004552524F525F4D4F44554C455F414C5222
:10916000454144595F494E495449414C495A454447
:10917000000000004E52465F4552524F525F53541A
:109180004F524147455F46554C4C00004E52465F9A
:109190004552524F525F4150495F4E4F545F494DC7
:1091A000504C454D454E5445440000004E52465FDC
:1091B0004552524F525F464541545552455F4E4FBE
:1091C000545F454E41424C45440000004E52465FBC
:1091D0004552524F525F494F5F50454E44494E47AA
:1091E000000000004E52465F4552524F525F4452BB
:1091F000565F5457495F4552525F4F56455252553C
:109200004E0000004E52465F4552524F525F44524C
:10921000565F5457495F4552525F414E41434B00A0
:109220004E52465F4552524F525F4452565F54571A
:10923000495F4552525F444E41434B004E52465F98
:109240004552524F525F424C455F495053505F5216
:10925000585F504B545F5452554E4341544544005F
:109260004E52465F4552524F525F424C455F495005
:1092700053505F4348414E4E454C5F414C5245412F
:1092800044595F4558495354530000004E52465FBD
:109290004552524F525F424C455F495053505F4CCC
:1092A000494E4B5F444953434F4E4E45435445440A
:1092B000000000004E52465F4552524F525F424CF2
:1092C000455F495053505F504545525F52454A45AE
:1092D00043544544000000002F55736572732F619D
:1092E0006C657862616C6477696E2F4465736B742A
:1092F0006F702F4F70656E4E657276652D43686195
:10930000726765722F4669726D776172652F536F50
:10931000757263652D436F64652F7372632F636F7E
:1093200072655F6C617965722F73646B2F6E726604
:10933000352F6E5246355F53444B5F31372E312EF9
:10934000305F646464653536302F636F6D706F6EA7
:10935000656E74732F6C69627261726965732F6CCC
:109360006F672F7372632F6E72665F6C6F675F64D7
:10937000656661756C745F6261636B656E64732EA4
:10938000630000007274745F6C6F675F6261636B8F
:10939000656E64002F55736572732F616C6578621A
:1093A000616C6477696E2F4465736B746F702F4FB7
:1093B00070656E4E657276652D4368617267657281
:1093C0002F4669726D776172652F536F7572636591
:1093D0002D436F64652F7372632F636F72655F6CCB
:1093E000617965722F73646B2F6E7266352F6E52C2
:1093F00046355F53444B5F31372E312E305F646406
:1094000064653536302F636F6D706F6E656E747383
:109410002F6C69627261726965732F6C6F672F734D
:1094200072632F6E72665F6C6F675F66726F6E74C9
:10943000656E642E630000004261636B656E647349
:1094400020666C75736865640000000061707000D0
:109450001B5B313B33316D0025734C6F67732064A8
:10946000726F70706564202825642925730D0A00C9
:109470001B5B306D00000000257300003C25733E2F
:109480002025733A200000002025303278000000AB
:10949000202020007C000000256300002000000048
:1094A0001B5B313B33306D001B5B313B33326D0056
:1094B0001B5B313B33336D001B5B313B33346D0041
:1094C0001B5B313B33356D001B5B313B33366D002D
:1094D0001B5B313B33376D007761726E696E6700DD
:1094E000696E666F000000006465627567000000C9
:1094F0005465726D696E616C000000005254540036
:1095000053454747455200005374617465207265A6
:1095100071756573743A2030782530385800000032
:109520004E6F74696679206F62736572766572201A
:10953000307825303858203D3E20726561647900CE
:109540004E6F74696679206F6273657276657220FA
:10955000307825303858203D3E20626C6F636B694F
:109560006E6700005374617465206368616E67659F
:109570003A20307825303858000000002F557365A8
:1095800072732F616C657862616C6477696E2F44C9
:1095900065736B746F702F4F70656E4E6572766574
:1095A0002D436861726765722F4669726D776172CB
:1095B000652F536F757263652D436F64652F7372EA
:1095C000632F636F72655F6C617965722F73646B73
:1095D0002F6E7266352F6E5246355F53444B5F31A6
:1095E000372E312E305F646464653536302F636FFB
:1095F0006D706F6E656E74732F736F6674646576CD
:109600006963652F636F6D6D6F6E2F6E72665F732A
:1096100064682E63000000006E72665F7364680009
:109620002F55736572732F616C657862616C647716
:10963000696E2F4465736B746F702F4F70656E4E3B
:10964000657276652D436861726765722F4669722F
:109650006D776172652F536F757263652D436F640B
:10966000652F7372632F636F72655F6C61796572CA
:109670002F73646B2F6E7266352F6E5246355F53B3
:10968000444B5F31372E312E305F6464646535366C
:10969000302F636F6D706F6E656E74732F736F66AE
:1096A000746465766963652F636F6D6D6F6E2F6E81
:1096B00072665F7364685F626C652E630000000011
:1096C00073645F626C655F6366675F7365742829A6
:1096D0002072657475726E656420257320776865E5
:1096E0006E20617474656D7074696E6720746F208C
:1096F00073657420424C455F434F4E4E5F4346476F
:109700005F4741502E00000073645F626C655F63C9
:1097100066675F73657428292072657475726E655B
:1097200064202573207768656E20617474656D70A0
:1097300074696E6720746F2073657420424C455FB6
:109740004741505F4346475F524F4C455F434F553B
:109750004E542E0073645F626C655F6366675F736F
:10976000657428292072657475726E65642025738E
:10977000207768656E20617474656D7074696E67BA
:1097800020746F2073657420424C455F434F4E4EEA
:109790005F4346475F474154542E000073645F6245
:1097A0006C655F6366675F736574282920726574F2
:1097B00075726E6564202573207768656E2061740C
:1097C00074656D7074696E6720746F2073657420A2
:1097D000424C455F434F4D4D4F4E5F4346475F56AA
:1097E000535F555549442E0073645F626C655F6337
:1097F00066675F73657428292072657475726E657B
:1098000064202573207768656E20617474656D70BF
:1098100074696E6720746F2073657420424C455FD5
:1098200047415454535F4346475F415454525F5439
:1098300041425F53495A452E0000000073645F6245
:109840006C655F6366675F73657428292072657451
:1098500075726E6564202573207768656E2061746B
:1098600074656D7074696E6720746F207365742001
:10987000424C455F47415454535F4346475F53450D
:1098800052564943455F4348414E4745442E0000E8
:10989000496E73756666696369656E742052414DE1
:1098A00020616C6C6F636174656420666F722074F4
:1098B000686520536F66744465766963652E0000A1
:1098C0004368616E6765207468652052414D20735E
:1098D00074617274206C6F636174696F6E2066725C
:1098E0006F6D203078257820746F20307825782EA1
:1098F000000000004D6178696D756D2052414D206A
:1099000073697A6520666F72206170706C6963613B
:1099100074696F6E20697320307825782E000000FE
:1099200073645F626C655F656E61626C6528292097
:1099300072657475726E65642025732E00000000D8
:109940006E72665F7364685F626C6500536F43207C
:109950006576656E743A20307825782E0000000018
:109960002F55736572732F616C657862616C6477D3
:10997000696E2F4465736B746F702F4F70656E4EF8
:10998000657276652D436861726765722F466972EC
:109990006D776172652F536F757263652D436F64C8
:1099A000652F7372632F636F72655F6C6179657287
:1099B0002F73646B2F6E7266352F6E5246355F5370
:1099C000444B5F31372E312E305F64646465353629
:1099D000302F636F6D706F6E656E74732F736F666B
:1099E000746465766963652F636F6D6D6F6E2F6E3E
:1099F00072665F7364685F736F632E6300000000BC
:109A00006E72665F7364685F736F6300426C655368
:109A1000746174654D616368696E6500426C654987
:109A2000646C650054696D656F75742074696D654B
:109A30007220657870697265642E0000426C65540E
:109A4000696D656F757454696D65720053746172E8
:109A500074696E672074696D656F75742074696DC3
:109A600065722E0053746F7070696E672074696D33
:109A7000656F75742074696D65722E0053746F7014
:109A800070696E67207363616E2E00005363616EB0
:109A90002074696D6564206F75742E0046696C745E
:109AA0006572206D617463682E00000057686974E8
:109AB000656C69737420616476207265706F72746E
:109AC0002E000000426C65537562737974656D3ABF
:109AD00020496E697469616C697A6564200A0000C6
:109AE000426C6500504D43205374617465204D6194
:109AF0006368696E653A204368617267696E6720C2
:109B00004261747465727920456E7472790A00003E
:109B1000504D43205374617465204D616368696ED4
:109B2000653A5374617465204368617267696E6752
:109B30002042617474657279204469737061746342
:109B4000684576656E740A00504D43205374617405
:109B500065204D616368696E653A20496E76616C77
:109B60006964204576656E740A000000504D4320FC
:109B70005374617465204D616368696E653A205065
:109B8000696E6720506F72740A000000504D4320C8
:109B90005374617465204D616368696E6520436824
:109BA000617267696E6720426174746572792073AF
:109BB000746174653A2042617474657279205374DB
:109BC000617274204368617267696E670A00000001
:109BD000504D43205374617465204D616368696E14
:109BE00065204368617267696E67204261747465BD
:109BF00072792073746174653A204261747465727D
:109C0000792046756C6C20436861726765640A0050
:109C1000504D43205374617465204D616368696ED3
:109C200065204368617267696E672042617474657C
:109C300072792073746174653A204261747465723C
:109C400079204368617267696E670A00504D43204E
:109C50005374617465204D616368696E6520436863
:109C6000617267696E6720426174746572792073EE
:109C7000746174653A20426174746572792050721F
:109C80006573656E7420496E64696361746F720AEE
:109C900000000000504D43205374617465204D61F5
:109CA0006368696E65204368617267696E67204208
:109CB0006174746572792073746174653A20504DD3
:109CC00043204661756C7420436F6E646974696FDC
:109CD0006E0A00002F55736572732F616C65786290
:109CE000616C6477696E2F4465736B746F702F4F6E
:109CF00070656E4E657276652D4368617267657238
:109D00002F4669726D776172652F536F7572636547
:109D10002D436F64652F7372632F73657276696369
:109D2000655F6C617965722F706D632F73746174F8
:109D3000655F6D616368696E652F7376635F706DD3
:109D4000635F73746174655F6368617267696E678E
:109D50005F626174746572792E6370700000000038
:109D6000504D43205374617465204D616368696E82
:109D7000653A204368617267696E67204261747456
:109D800065727920457869740A000000504D4320BF
:109D90005374617465204D616368696E653A20454E
:109DA0006E61626C6520456E7472790A0000000075
:109DB000504D43205374617465204D616368696E32
:109DC000653A5374617465456E61626C65204469DF
:109DD0007370617463684576656E740A00000000F4
:109DE000504D43205374617465204D616368696E02
:109DF0006520456E61626C652073746174653A20FC
:109E0000504D43204661756C7420436F6E646974D5
:109E1000696F6E0A000000002F55736572732F6121
:109E20006C657862616C6477696E2F4465736B74DE
:109E30006F702F4F70656E4E657276652D43686149
:109E4000726765722F4669726D776172652F536F05
:109E5000757263652D436F64652F7372632F73652D
:109E600072766963655F6C617965722F706D632FBF
:109E700073746174655F6D616368696E652F737675
:109E8000635F706D635F73746174655F656E61625B
:109E90006C652E6370700000504D432053746174E4
:109EA00065204D616368696E653A20456E61626C3C
:109EB0006520457869740A00504D432053746174DD
:109EC00065204D616368696E653A2049646C652060
:109ED000456E7472790A0000504D432053746174CA
:109EE00065204D616368696E653A2049646C652040
:109EF000457869740A000000504D43205374617422
:109F000065204D616368696E653A2049646C65201F
:109F100044697370617463684576656E740A000005
:109F2000504D43205374617465204D616368696EC0
:109F3000653A20496E697469616C697A650A000046
:109F40002F55736572732F616C657862616C6477ED
:109F5000696E2F4465736B746F702F4F70656E4E12
:109F6000657276652D436861726765722F46697206
:109F70006D776172652F536F757263652D436F64E2
:109F8000652F7372632F736572766963655F6C61A9
:109F90007965722F706D632F73746174655F6D6185
:109FA0006368696E652F7376635F706D635F73744A
:109FB0006174655F69646C652E63707000000000F9
:109FC000504D430049646C6500000000456E6162BD
:109FD0006C6500004368617267696E672042617456
:109FE0007465727900000000504D43204D616E6130
:109FF0006765723A20436F6E6669674770696F7371
:10A000000A000000504D43204D616E616765723A51
:10A0100020496E69740A0000504D43204D616E6105
:10A020006765723A20456E61626C6556636352657E
:10A0300067756C61746F720A00000000504D432018
:10A040004D616E616765723A2044697361626C6547
:10A05000566363526567756C61746F720A00000025
:10A06000504D43204D616E616765723A20456E61C7
:10A07000626C654261747465727943686172676588
:10A08000720A0000504D43204D616E616765723A5F
:10A090002044697361626C654261747465727943CE
:10A0A0006861726765720A00504D43204D616E61B0
:10A0B0006765723A204765744261747465727956B7
:10A0C0006F6C746167650A00504D43204D616E618D
:10A0D0006765723A20526561644261747465727991
:10A0E0004368617267657250726573656E74496E1C
:10A0F00064696361746F720A00000000504D432070
:10A100004D616E616765723A2052656164426174A7
:10A1100074657279436861726765496E64696361E9
:10A12000746F7250696E0A00504D43204D616E612C
:10A130006765723A20526561644261747465727930
:10A1400046617374436861726765496E64696361EF
:10A15000746F720A00000000504D4320506F7274FB
:10A160003A20457865637574654576656E740A00B6
:10A17000575054205374617465204D616368696E53
:10A18000653A204368617267696E67204578697433
:10A190000A000000575054205374617465204D61CB
:10A1A0006368696E653A204368617267696E67200B
:10A1B000456E7472790A00005750542053746174CC
:10A1C00065204D616368696E653A537461746543D7
:10A1D00068617267696E672044697370617463684F
:10A1E0004576656E740A00005750542053746174AC
:10A1F00065204D616368696E653A20496E76616CD1
:10A200006964204576656E740A000000575054203A
:10A210005374617465204D616368696E653A2050BE
:10A22000696E6720506F72740A0000005750542006
:10A230005374617465204D616368696E653A205797
:10A24000505420506F776572204F6E0A0000000056
:10A25000575054205374617465204D616368696E72
:10A26000653A2057505420537461727420536361CF
:10A270006E0A0000575054205374617465204D617C
:10A280006368696E6520536C6F77436861726765B8
:10A290002073746174653A20575054204661756C80
:10A2A0007420436F6E646974696F6E0A0000000069
:10A2B000575054205374617465204D616368696E12
:10A2C000653A2042617474657279204368617267EF
:10A2D000696E670A0000000057505420537461747F
:10A2E00065204D616368696E6520436861726769C6
:10A2F0006E672073746174653A2057505420536C14
:10A300006F7720436861726765202D20636F6C64EE
:10A3100020737461727420706F7765720A00000098
:10A32000575054205374617465204D616368696EA1
:10A33000653A20426174746572792043686172677E
:10A34000656420285750542073687574646F776E65
:10A350002076696120617070206C61796572290ACC
:10A3600000000000575054205374617465204D6103
:10A370006368696E6520536C6F77436861726765C7
:10A380002073746174653A20575054205363616E92
:10A390002054696D656F75740A0000005750542091
:10A3A0005374617465204D616368696E6520536CF8
:10A3B0006F774368617267652073746174653A20D2
:10A3C0005750542041646A75737420506F776572DA
:10A3D0000A000000575054205374617465204D6189
:10A3E0006368696E653A204661756C7420706175AA
:10A3F0007365202D2073757370656E64696E6720B8
:10A40000706F776572207472616E736665720A0090
:10A41000575054205374617465204D616368696EB0
:10A42000653A204661756C7420726573756D6520A0
:10A430002D20726573746F72696E6720706F776517
:10A4400072207472616E736665720A0057505420F0
:10A450005374617465204D616368696E653A204983
:10A46000646C6520456E7472790A00005750542060
:10A470005374617465204D616368696E653A204963
:10A48000646C6520457869740A00000057505420B8
:10A490005374617465204D616368696E653A204943
:10A4A000646C652044697370617463684576656E99
:10A4B000740A0000575054205374617465204D6134
:10A4C0006368696E653A20496E697469616C697A7E
:10A4D000650A000057505400546573740000000072
:10A4E000536C6F77204368617267650043686172DF
:10A4F00067696E6700000000575054205374617400
:10A5000065204D616368696E653A20536C6F7720F2
:10A51000436861726765200A0000000057505420AC
:10A520005374617465204D616368696E653A2053A8
:10A530006C6F77204368617267650A00575054203A
:10A540005374617465204D616368696E6520536C56
:10A550006F774368617267652073746174653A2030
:10A56000496E76616C6964204576656E740A0000F8
:10A57000575054205374617465204D616368696E4F
:10A580006520536C6F7743686172676520737461EF
:10A5900074653A2050696E6720506F72740A00002B
:10A5A000575054205374617465204D616368696E1F
:10A5B0006520536C6F7743686172676520737461BF
:10A5C00074653A2057505420506F776572204F6E53
:10A5D0000A000000575054205374617465204D6187
:10A5E0006368696E6520536C6F7743686172676555
:10A5F0002073746174653A20575054205363616E20
:10A600000A000000575054205374617465204D6156
:10A610006368696E6520536C6F7743686172676524
:10A620002073746174653A205750542053746F70CE
:10A63000205363616E0A00005750542053746174B4
:10A6400065204D616368696E6520536C6F77436860
:10A65000617267652073746174653A204661756C38
:10A6600074207061757365202D2073757370656E2D
:10A6700064696E6720706F776572207472616E73A3
:10A680006665720A000000005750542053746174CC
:10A6900065204D616368696E6520536C6F77436810
:10A6A000617267652073746174653A204661756CE8
:10A6B0007420726573756D65202D20726573746FDB
:10A6C00072696E6720706F776572207472616E7345
:10A6D0006665720A0000000057505420537461747C
:10A6E00065204D616368696E653A20546573742016
:10A6F000456E7472790A0000575054205374617487
:10A7000065204D616368696E653A205465737420F5
:10A71000457869740A0000005750542053746174DE
:10A7200065204D616368696E653A205465737420D5
:10A7300044697370617463684576656E740A0000DD
:10A74000575054205374617465204D616368696E7D
:10A75000653A205750542053746F70205363616ED4
:10A760000A000000575054205374617465204D61F5
:10A770006368696E653A2057505420506F77657250
:10A78000204F66660A0000005750542053746174CD
:10A7900065204D616368696E653A205750542046C4
:10A7A00061756C7420436F6E646974696F6E0A0022
:10A7B000575054204D616E616765723A2053746141
:10A7C00074757354696D656F75744D6F6E69746FD0
:10A7D00072696E670A000000577074537461747573
:10A7E0007354696D657200005770745374617475A9
:10A7F0007354696D656F757454696D6572000000FE
:10A800005770744661756C744D6F6E69746F720029
:10A81000577074506F7765724374726C000000005B
:10A82000577074436F6C645374617274000000005D
:10A83000575054204D616E616765723A20436F6EC8
:10A840006669674770696F730A00000043616C6C4A
:10A8500020612068616C5F646163206D6574686F5E
:10A8600064207468617420636F6E66696720677026
:10A87000696F730A0000000043616C6C20612068FE
:10A88000616C5F777074206D6574686F64207468A4
:10A89000617420636F6E666967206770696F730A01
:10A8A0000000000064697361626C65640000000070
:10A8B000616C7265616479206F6666005750542040
:10A8C0004D616E616765723A2050617573655770AE
:10A8D0007420726561736F6E203078253032582C89
:10A8E000206D61736B206E6F772030782530325881
:10A8F0002C20636F696C2025730A00005750542088
:10A900004D616E616765723A20526573756D65576A
:10A91000707420726561736F6E2030782530325804
:10A9200020636C65617265642C20636F696C2072B2
:10A93000652D656E61626C6564206174206C65765E
:10A94000656C2025640A0000575054204D616E61EB
:10A950006765723A20526573756D65577074207221
:10A960006561736F6E2030782530325820636C65D6
:10A970006172656420627574206D61736B207374FD
:10A98000696C6C203078253032582C20636F696CEC
:10A99000207374617973206F66660A0057505420E3
:10A9A0004D616E616765723A2053746F70577074B1
:10A9B0005363616E0A000000575054204D616E6170
:10A9C0006765723A2047657454656D70657261748D
:10A9D0007572650A00000000575054204D616E6189
:10A9E0006765723A2047657443686172676553749E
:10A9F000617475730A000000575054204D616E61F8
:10AA00006765723A205374617475732070696E20A3
:10AA100076616C75653A202564200A0057505420F1
:10AA20004D616E616765723A20537461727453743C
:10AA30006174757354696D656F757454696D657271
:10AA40000A000000575054204D616E616765723AEC
:10AA50002053746172745374617475734D6F6E69B1
:10AA6000746F72696E670A00575054204D616E61B1
:10AA70006765723A20456E61626C65577074207329
:10AA80007570707265737365642C206661756C7483
:10AA9000206D61736B2030782530325820737469D3
:10AAA0006C6C207365740A00575054204D616E61C0
:10AAB0006765723A20456E61626C655770740A0072
:10AAC000575054204D616E616765723A2053746F20
:10AAD000705374617475734D6F6E69746F72696EC3
:10AAE000670A0000575054204D616E616765723AE5
:10AAF00020537461727449706754656D706572613A
:10AB0000747572654D6F6E69746F72696E675469A2
:10AB10006D65720A00000000575054204D616E614F
:10AB20006765723A2053746F7049706754656D7031
:10AB3000657261747572654D6F6E69746F72696E5E
:10AB40006754696D65720A00575054204D616E61FB
:10AB50006765723A2049504720746865726D616C70
:10AB600020726573697374616E63653A20256400B1
:10AB7000575054204D616E616765723A2054656D7F
:10AB8000706572617475726520696E746572706F3C
:10AB90006C6174696F6E206661696C6564202D203C
:10ABA000706F737369626C65206C6F6F6B7570206A
:10ABB0007461626C65206F72646572696E6720698A
:10ABC0007373756500000000575054204D616E612D
:10ABD0006765723A204950472054656D706572610F
:10ABE000747572652025642E2530326420430A0076
:10ABF000575054204D616E616765723A20746865E4
:10AC0000726D20726177207265663D2564206F75D4
:10AC1000743D2564206F6673743D2564206D560A6B
:10AC200000000000575054204D616E616765723A14
:10AC3000204950472074656D706572617475726546
:10AC40002025642E253032642043207265616368BC
:10AC50006564207061757365207468726573686FD0
:10AC60006C64202825642043292C20706175736949
:10AC70006E6720706F776572207472616E7366659F
:10AC800072000000575054204D616E616765723A42
:10AC9000204950472074656D7065726174757265E6
:10ACA0002025642E2530326420432061742F626594
:10ACB0006C6F7720726573756D652074687265734B
:10ACC000686F6C64202825642043292061667465C0
:10ACD00072202564207469636B732C207265737510
:10ACE0006D696E6720706F776572207472616E7324
:10ACF00066657200575054204D616E616765723A07
:10AD00002053657450756C73655769647468546832
:10AD1000726573686F6C64537465700A000000009C
:10AD2000575054204D616E616765723A20506F77BD
:10AD3000657220636F6E74726F6C207265736574D8
:10AD40002C206C6576656C2025640A0057505420D1
:10AD50004D616E616765723A2044697361626C652A
:10AD60005770740A00000000575054204D616E6106
:10AD70006765723A20436F6C64207374617274204B
:10AD80006174206C6576656C2025642C2065736386
:10AD9000616C6174696E6720746F206D61782069E1
:10ADA0006E202564206D73206966206E6F204950E7
:10ADB00047206164766572746973656D656E740AA7
:10ADC00000000000575054204D616E616765723A73
:10ADD00020436F6C642073746172742065736361C7
:10ADE0006C6174696F6E20736B69707065642C2080
:10ADF00049504720616C72656164792061647665B1
:10AE000072746973696E670A00000000575054201D
:10AE10004D616E616765723A20436F6C6420737494
:10AE200061727420657363616C6174696E6720740C
:10AE30006F206D6178696D756D20706F7765722C0C
:10AE4000207374696C6C206E6F20495047206164D8
:10AE5000766572746973656D656E740A0000000032
:10AE6000575054204D616E616765723A20495047D2
:10AE7000204F56502061737365727465642061744D
:10AE8000206C6576656C2025642028767265637475
:10AE90003D256420636867323D256420636867311F
:10AEA0003D2564292C206365696C696E67206E6F8F
:10AEB000772025642C2070617573696E670000002F
:10AEC000575054204D616E616765723A2049504772
:10AED000204F5650207374696C6C206173736572D7
:10AEE00074656420616674657220256420746963EA
:10AEF0006B732C2073746179696E67207061757350
:10AF000065640A00575054204D616E616765723A5E
:10AF100020495047204F565020636C65617265642C
:10AF2000206166746572202564207469636B732CDC
:10AF300020726573756D696E67206F6E652073741E
:10AF4000657020646F776E206174206C6576656C27
:10AF50002025640A00000000575054204D616E61A6
:10AF60006765723A204661756C744D6F6E69746FD7
:10AF700072696E670A000000575054204D616E617F
:10AF80006765723A20506F77657220636F6E7472D6
:10AF90006F6C20736B69707065642C206661756CD2
:10AFA00074206D61736B20307825303258206F77B4
:10AFB0006E7320746865206C6576656C0A0000000D
:10AFC000575054204D616E616765723A20506F771B
:10AFD000657220636F6E74726F6C20626C616E6B51
:10AFE0006564206166746572206661756C74207298
:10AFF0006573756D652C202564206379636C6573BA
:10B00000206C6566740A0000575054204D616E61D3
:10B010006765723A20506F77657220636F6E747245
:10B020006F6C20736B69707065642C206E6F206E7E
:10B03000657720495047206164766572746973654D
:10B040006D656E742073696E6365206C6173742026
:10B05000737465700A000000575054204D616E6192
:10B060006765723A20436C6F736564206C6F6F7014
:10B07000207374617274696E67206174206C6576E8
:10B08000656C2025640A0000575054204D616E61A4
:10B090006765723A20506F77657220636F6E7472C5
:10B0A0006F6C206C6576656C3D25642070676F6FF2
:10B0B000643D256420666C6F6F725F666F756E64A9
:10B0C0003D2564206F76705F6365696C696E673DCE
:10B0D00025642070676F6F645F666C6F6F723D25CB
:10B0E00064000000575054204D616E616765723AEC
:10B0F00020486F6C64696E67206174206C657665AA
:10B100006C2025640A000000575054204D616E6188
:10B110006765723A2050474F4F44207361746973DA
:10B12000666965642C207374657070696E6720644D
:10B130006F776E20746F206C6576656C2025640ACD
:10B1400000000000575054204D616E616765723AEF
:10B150002050474F4F44207361746973666965647A
:10B16000206174206D696E696D756D206C65766502
:10B170006C2C20666C6F6F7220666F756E640A00AF
:10B18000575054204D616E616765723A2050474FA9
:10B190004F44206C6F772025642F25642061742034
:10B1A0006C6576656C2025642C2077616974696E06
:10B1B0006720666F7220636F6E6669726D61746975
:10B1C0006F6E0A00575054204D616E616765723A88
:10B1D000204E6F20766961626C6520706F776572B2
:10B1E000206C6576656C202D204F56502063656974
:10B1F0006C696E67202564206174206F722062651F
:10B200006C6F772050474F4F4420666C6F6F7220F1
:10B2100025642E20436C616D70696E6720746F2009
:10B2200025640000575054204D616E616765723A85
:10B230002050474F4F44206C6F77206174206D6120
:10B2400078696D756D206C6576656C2025642C20A1
:10B250006E6F7468696E67206675727468657220B7
:10B26000746F20676976650A00000000575054200B
:10B270004D616E616765723A2050474F4F44206CB4
:10B280006F772C207374657070696E6720757020FD
:10B29000746F206C6576656C2025640A00000000E0
:10B2A000575054204D616E616765723A20496E694E
:10B2B000740A000057505420506F72743A20457839
:10B2C00065637574654576656E740A002F55736500
:10B2D00072732F616C657862616C6477696E2F445C
:10B2E00065736B746F702F4F70656E4E6572766507
:10B2F0002D436861726765722F4669726D7761725E
:10B30000652F536F757263652D436F64652F73727C
:10B31000632F636F72655F6C617965722F73646B05
:10B320002F6E7266352F6E5246355F53444B5F3138
:10B33000372E312E305F646464653536302F657882
:10B340007465726E616C2F6672656572746F732FAF
:10B35000736F757263652F706F727461626C652FA5
:10B360004D656D4D616E672F686561705F312E634D
:10B37000000000002F55736572732F616C65786251
:10B38000616C6477696E2F4465736B746F702F4FB7
:10B3900070656E4E657276652D4368617267657281
:10B3A0002F4669726D776172652F536F7572636591
:10B3B0002D436F64652F7372632F636F72655F6CCB
:10B3C000617965722F73646B2F6E7266352F6E52C2
:10B3D00046355F53444B5F31372E312E305F646406
:10B3E00064653536302F65787465726E616C2F66D2
:10B3F00072656572746F732F706F727461626C65C1
:10B400002F434D5349532F6E726635322F706F7232
:10B41000745F636D7369732E630000002F5573654D
:10B4200072732F616C657862616C6477696E2F440A
:10B4300065736B746F702F4F70656E4E65727665B5
:10B440002D436861726765722F4669726D7761720C
:10B45000652F536F757263652D436F64652F73722B
:10B46000632F636F72655F6C617965722F73646BB4
:10B470002F6E7266352F6E5246355F53444B5F31E7
:10B48000372E312E305F646464653536302F657831
:10B490007465726E616C2F6672656572746F732F5E
:10B4A000736F757263652F71756575652E63000026
:10B4B0002F55736572732F616C657862616C647768
:10B4C000696E2F4465736B746F702F4F70656E4E8D
:10B4D000657276652D436861726765722F46697281
:10B4E0006D776172652F536F757263652D436F645D
:10B4F000652F7372632F636F72655F6C617965721C
:10B500002F73646B2F6E7266352F6E5246355F5304
:10B51000444B5F31372E312E305F646464653536BD
:10B52000302F65787465726E616C2F667265657216
:10B53000746F732F736F757263652F7461736B73A0
:10B540002E63000049444C4500000000546D7251C8
:10B55000000000002F55736572732F616C6578626F
:10B56000616C6477696E2F4465736B746F702F4FD5
:10B5700070656E4E657276652D436861726765729F
:10B580002F4669726D776172652F536F75726365AF
:10B590002D436F64652F7372632F636F72655F6CE9
:10B5A000617965722F73646B2F6E7266352F6E52E0
:10B5B00046355F53444B5F31372E312E305F646424
:10B5C00064653536302F65787465726E616C2F66F0
:10B5D00072656572746F732F736F757263652F7404
:10B5E000696D6572732E6300546D7220537663002B
:10B5F000000000000000000085770200000000004D
:10B60000000000004D780200A1780200CB78020013
:10B610000000000000000000517902004D79020096
:10B62000A17902000000000000000000D5790200AE
:10B63000697A0200F17902000000000000000000B9
:10B640009B7A0200857A0200DB7A0200000000008B
:10B6500000000000877B0200BD7B0200897B0200A6
:10B660000000000000000000CB7B02000000000092
:10B6700000000000000000000000000000000000CA
:10B6800065810200678102000000000000000000E8
:10B690000000000069810200010006005A620200F9
:10B6A0000101000003000200000000000000000093
:10B6B000000000000000000000000000000000008A
:10B6C0004D870200A78702000F000001000102035E
:10B6D00004050608090A0B00000000020100000032
:10B6E0000B000000000000002900000028000000FE
:10B6F0000800000000000000000000000000000042
:10B700000338FDD8704700000E0000000100000063
:10B710000100000000000000000000000000000028
:10B720000EFFFFFF060000001400000000010203EE
:10B73000040506000000000000300040000000008A
:10B740000100000001000000004000400100000076
:10B750000100000000800040000400000090004054
:10B760000104000000A000400204000000A001400D
:10B770000306000000B001400406000000000306BC
:10B78000000000002E310100010200002E310100F6
:10B790000101000000000000010000000100FFFFA7
:10B7A000000000000100000001000100A4B7030038
:10B7B00001000100A0B70300C9B9020041A00200C6
:10B7C00009BB0200C9C9020011A4020065A0020061
:10B7D0007365635F6B65797365745F66696C6C0034
:10B7E000FFFFFFFF0006FF00000000400000000018
:10B7F0000000005000030050A5E60200B9E6020078
:10B80000CDE602000000FFFFDEC0ADDEFE011EF14E
:10B81000DEC0ADDEFF011EF1408503008085030020
:10B8200000000000DC850300288603007486030006
:10B830000000000000000000C0860300D88603005E
:10B8400044870300B0870300F487030038880300AF
:10B850000000000000000000408503007C88030019
:10B86000D888030060890300000000000000000089
:10B87000000000000000000094890300C889030054
:10B880003031323334353637383941424344454616
:10B890006E72665F6673746F726167655F65726111
:10B8A000736500006E72665F6673746F72616765C0
:10B8B0005F7772697465000000000000EC8E030081
:10B8C00001000000F88E030002000000188F030042
:10B8D000030000003C8F030004000000508F0300B1
:10B8E00005000000648F030006000000788F03004D
:10B8F00007000000908F030008000000A88F0300DD
:10B9000009000000C08F03000A000000DC8F030064
:10B910000B000000F48F03000C0000000C900300EB
:10B920000D000000209003000E0000003490030082
:10B930000F00000044900300100000005890030026
:10B9400011000000709003001200000080900300BE
:10B95000130000009890030080000000AC900300EA
:10B9600081000000D090030082000000EC900300F2
:10B970008300000008910300840000002891030068
:10B98000850000004C9103008600000074910300C4
:10B99000900000008C91030091000000AC91030026
:10B9A00092000000CC91030000820000E4910300AB
:10B9B0000182000004920300028200002092030032
:10B9C000008400003C9203000184000060920300A8
:10B9D000028400008C92030003840000B4920300F0
:10B9E000556E6B6E6F776E206572726F7220636F2B
:10B9F000646500000000000000000000000000007E
:10BA00000338FDD870470000F50D0300F30D030067
:10BA1000F10D0300785100207F00000060510020EC
:10BA200070940300A094030050940300A8940300B2
:10BA3000B0940300B8940300C0940300C8940300BA
:10BA4000D094030000000000D0860300D8940300C7
:10BA5000E0940300E8940300D4640300E46403006A
:10BA600008000000C4640300D46403000800000060
:10BA7000BC640300C4640300080000000100000768
:10BA80008C640300BC640300080000007C640300B5
:10BA90008C640300080000000000000000000000AB
:10BAA000032103000521030007210300000000001B
:10BAB0000000000037210300692103003F2103003B
:10BAC000000000000000000069810200000000008A
:10BAD00000000000992403000000000000000000A6
:10BAE0007525030075260300A12503000000000052
:10BAF00000000000A126030069270300CD260300F3
:10BB0000000000000000000095270300B927030093
:10BB1000DD27030000000000000000006981020032
:10BB2000030002000000000000000000812C030060
:10BB30000000000000000000752D0300512D0300DF
:10BB4000A12D03000000000000000000F92E0300FA
:10BB50001D2F0300412F0300000000000000000023
:10BB6000698102000000000000000000A530030011
:10BB700081300300D130030000000000000000000D
:10BB8000F93103001D3203004132030007000000B9
:10BB900000000000000000000300000000000000A2
:10BBA000000000000500000001000000010000008E
:10BBB0000100000000000000000000002F00000055
:10BBC0000100000001000000030000000000000070
:10BBD0000000000014000000C0ED0100190000008A
:10BBE000A08601001E000000E636010028000000CB
:10BBF00078C8000032000000FE8300000000000052
:10BC000000000000B13F0300EDAF16204A62304053
:10BC100029BD56B31544E9BF77900D9CFE0B88C033
:10BC20007E2615FA838073400FCE674B80D541C0C6
:10BC30003CBC03006CBD030040BC0300430000009B
:10BC4000A75C0300C75C0300D35C0300DF5C030058
:10BC5000FF5C03000B5D0300735C03003F5C0300AB
:10BC600053756E004D6F6E00547565005765640026
:10BC7000546875004672690053617400004A616E31
:10BC800000466562004D617200417072004D61793D
:10BC9000004A756E004A756C004175670053657007
:10BCA000004F6374004E6F760044656300002E0001
:10BCB0000053756E646179004D6F6E646179005454
:10BCC000756573646179005765646E657364617945
:10BCD00000546875727364617900467269646179B1
:10BCE00000536174757264617900004A616E756118
:10BCF0007279004665627275617279004D61726396
:10BD00006800417072696C004D6179004A756E651A
:10BD1000004A756C790041756775737400536570DE
:10BD200074656D626572004F63746F626572004E78
:10BD30006F76656D62657200446563656D626572FC
:10BD40000000414D00504D0000256D2F25642F252A
:10BD5000790025483A254D3A255300256120256272
:10BD6000202565202554202559000000AEBC030085
:10BD7000B0BC0300B0BC0300B0BC0300B0BC030007
:10BD8000B0BC0300B0BC0300B0BC0300B0BC0300F7
:10BD9000B0BC0300FFFFFFFFFFFFFFFFFFFFFFFF40
:10BDA000FFFF0000B1BC030060BC0300EBBC03005C
:10BDB0007DBC030042BD030049BD030052BD03002A
:10BDC0005BBD030020202020202020202068282880
:10BDD0002828202020202020202020202020202053
:10BDE00020202020481010101010101010101010DB
:10BDF00010101010848484848484848484841010BB
:10BE000010101010108181818181810101010101D7
:10BE10000101010101010101010101010101011003
:10BE200010101010108282828282820202020202AC
:10BE300002020202020202020202020202020210D4
:10BE400010101020000703200417020108571040AB
:10BE5000805F5F6378615F67756172645F61637162
:10BE600075697265206465746563746564207265C4
:10BE70006375727369766520696E697469616C694E
:07BE80007A6174696F6E0026
:10BE88000100000005010000070000000090D00339
:10BE980018181818181818181800000000000000C2
:10BEA800FF00000010270000FFFF070030BC030060
:10BEB80030BC030030BC030030BC030030BC0300BE
:04000003200072194E
:00000001FF
