:020000022000DC
:1070000000000420197202000172020049340300DA
:1070100005720200077202000972020000000000FF
:107020000000000000000000000000003D560300CA
:107030000D720200000000005D5603001172020094
:1070400089D102001372020045D8020025E902002E
:1070500039E902001372020069D70200F5DF02006D
:107060000DEC020025EC02003DEC02001372020060
:1070700013720200137202001372020013720200F4
:1070800013720200A558030013720200137202006B
:107090001372020013720200651E030013720200D5
:1070A000137202001372020055EC02006DEC020034
:1070B000E1DE020013720200000000000000000088
:1070C0001372020013720200137202004DE90200F3
:1070D0001372020013720200137202001372020094
:1070E000137202001372020013720200000000000B
:1070F0000000000013720200000000001372020082
:10710000000000000000000000000000000000007F
:10711000000000000000000000000000000000006F
:10712000000000000000000000000000000000005F
:10713000000000000000000000000000000000004F
:10714000000000000000000000000000000000003F
:10715000000000000000000000000000000000002F
:10716000000000000000000000000000000000001F
:10717000000000000000000000000000000000000F
:1071800000000000000000000000000000000000FF
:1071900000000000000000000000000000000000EF
:1071A00000000000000000000000000000000000DF
:1071B00000000000000000000000000000000000CF
:1071C00000000000000000000000000000000000BF
:1071D00000000000000000000000000000000000AF
:1071E000000000000000000000000000000000009F
:1071F000000000000000000000000000000000008F
:10720000FEE7FEE7FEE7FEE7FEE7FEE7FEE7FEE756
:10721000FEE7FEE700F002B8FFF7FCBF0F484FF0B3
:107220000701884385460E4880470E48016841F4AF
:1072300070010160BFF34F8FBFF36F8F00F01AB87A
:1072400009480A490A4A884207D0521A05D00378E9
:1072500001300B700131013AF9D170470000042070
:10726000E995020088ED00E0387C0300082B00203F
:107270001C2B00203A493B480A1A02D007229143AE
:107280008D46394939480A1A06D00722914381F3BD
:107290000988022282F3148835483649364A00F0BC
:1072A00041F836483649374A00F03CF83648374905
:1072B000374A00F037F837483749384A00F032F893
:1072C00037483849384A00F02DF838483849394AA3
:1072D00000F028F838483949394A00F023F839488D
:1072E0003949002200F036F838483949002200F0C8
:1072F00031F838483849091A10F022FB374A9047CC
:1073000025482649884205D00268043003B49047D6
:1073100003BCF7E700208646EC4600200021304AF7
:107320009047FEE7884214D0521A12D003460B430E
:1073300013430324234206D1036804300B60043155
:10734000043AF9D17047037801300B700131013AEA
:10735000F9D17047884202D002700130FAE77047D5
:107360000000042000F80320000004200000042096
:10737000A8DE03001C2B00205C2B0020E47302001D
:10738000E4730200CA7A0300A8DE03001C2B00206D
:107390001C2B00204C7C03004C7C03005C7C030015
:1073A0004C7C03004C7C03004C7C03005C7C0300A1
:1073B0005C7C0300A7DE0300E8DE03005C2B0020FA
:1073C0005C2B00205C2B0020E47F0020E47F002069
:1073D000E47F002054800020548400204172020089
:0473E000856F0300B2
:1073E400BFF34F8F0549CA6802F4E062044B1343AC
:1073F400CB60BFF34F8F00BFFDE700BF00ED00E09F
:107404000400FA0510B5044600F05AFD22460D2189
:10741400012000F075FF10BD10B5044600F050FDCA
:1074240022460821012000F06BFF10BD10B5044670
:1074340000F046FD22460F21012000F061FF10BD3F
:1074440010B5044600F03CFD22460E21012000F058
:1074540057FF10BD08B500F033FD002210210120B4
:1074640000F064FF08BD08B500F02AFD00221121D8
:10747400012000F05BFF08BD08B501212F2001F0B9
:1074840062FC0021142001F05EFCFFF7A9FF00005C
:1074940038B5044603461F4A43F8142B43600023BF
:1074A4008360C3601C4B03611C4B03601C4D45612E
:1074B40080611C4BC3611C4B4361056240621B4BE2
:1074C40083621B4B03620CF01BFFE0622563646361
:1074D400184BA363184B23630CF012FFE06325647D
:1074E4006464164BA364164B2364E5642465154B4E
:1074F4006365154BE3640CF003FFA065E565246642
:10750400124B6366124BE3650CF0FAFEA06620464C
:1075140038BD00BF2CD703005C7C03007CD603007D
:1075240018D70300607C03009CD60300707C030022
:1075340088D60300907C0300C4D60300787C030043
:10754400ECD60300807C0300D8D60300987C0300AB
:10755400B0D60300034600F114020848026003F1A8
:107564002002426003F13002826003F14002C260F3
:1075740003F14C0202615C33436170475C2B0020D1
:107584002DE9F04F8DB0059000F09AFC06AC674DE4
:107594000FCD0FC495E8030084E80300644C654BE9
:1075A400E41AE408240444F003046349204609F07F
:1075B400ADFF6249204609F0A9FF9DF818206049F3
:1075C400204609F0A9FF9DF819205E49204609F0DC
:1075D400A3FF9DF81A8042465B49204609F09CFFB0
:1075E4009DF81B609DF81C3032465849204609F02E
:1075F4009DFF9DF81D709DF81E303A465449204663
:1076040009F094FF5349204609F080FFBDF820207B
:107614005149204609F080FFBDF822204F492046F9
:1076240009F07AFFBDF824204D49204609F074FF83
:107634000A9D1FFA85FA4FEA154B5D465B46524692
:107644004849204609F072FF4749204609F05EFF89
:10765400DDF82C905FFA89F24449204609F05CFF7A
:10766400C9F307224249204609F056FFC9F30742ED
:107674004049204609F050FFB8F1010F14BF002320
:107684000123012E21D00022012F26D00021B8F1A0
:10769400010F05D1BAF57A7F27D2B5F57A7F26D2C4
:1076A400CDF808B0CDF804A000933B4632463249E9
:1076B400204609F062FF0DF027FF059A09210220F8
:1076C40000F01EFE0DB0BDE8F08F41F203029245BA
:1076D40001D80022D8E70122D6E741F203018D4206
:1076E40001D80021D3E70121D1E7002AD8D0B5F58C
:1076F4007A7F01D30029D3D0CDF808B0CDF804A007
:1077040000933B4632461D49204609F036FF0DF0F2
:10771400FBFE059C22460B21022000F0F1FD2246CF
:107724000C21012000F0ECFDCCE700BFAC5500209B
:10773400987B0300487B0300A07C0300C47C030007
:10774400DC7C0300007D0300247D0300507D0300E6
:10775400887D0300C07D0300D47D0300EC7D03001D
:10776400007E0300147E0300487E03005C7E030059
:10777400747E0300907E0300AC7E0300007F030050
:1077840010B5044600F09CFB2046FFF7F9FE2246A4
:107794000921012000F0B4FD10BD000010B50AF06D
:1077A400EFFE0446074A032100F0A4FD064A08211F
:1077B400204600F09FFD054A0721204600F09AFD6F
:1077C40010BD00BF09740200857702001D74020019
:1077D40010B50DF099FE0446044A052100F08AFD17
:1077E400034A0D21204600F085FD10BD31740200CE
:1077F4004574020008B5FFF7D1FFFFF7E9FF01F078
:10780400A5F8254B1B68BFF35B8F13F0010F15D050
:10781400224B1B68BFF35B8F13F0010F1DD0204B6D
:107824001B68BFF35B8F13F0010F25D001F01EFB23
:1078340001F0E0FA014601F024FC08BD164810F0FE
:1078440025F90028E4D00023164A1321164801F034
:1078540033F8114810F02EF9DAE7104810F016F951
:107864000028DCD00023114A0D21114801F024F82E
:107874000A4810F01FF9D2E7094810F007F9002868
:10788400D4D000230B4A11210B4801F015F8044809
:1078940010F010F9CAE700BF942B0020842B0020BD
:1078A400742B002059740200982B00206B74020082
:1078B400882B00207D740200782B002010B504462C
:1078C4000BF05CFA00220321042000F019FD0D4B9B
:1078D4000D4A9B1ADB081B040C4943F0030009F012
:1078E40015FE01F087FA012101F0F3FB0DF00CFE07
:1078F40000220321022000F003FDE0680CF078FE72
:1079040010BD00BF987B0300487B0300547F030035
:1079140008B50AF035FE00220621032000F0F0FC31
:107924000DF0F2FD00220721022000F0E9FC01F035
:1079340061FA002101F0CDFB08BD70B50C46466824
:107944003046FFF707FE0546A1B203390F290DD8CB
:10795400DFE801F0170C0C0C0C1C0C0C0C0D0C24A7
:107964000C082E29C168304600F031FD70BD01F0CD
:1079740041FA012101F0D6FBE968304600F027FD09
:10798400F4E7C168304600F022FDEFE70AF0F8FDA5
:1079940000220421032000F0B3FCE7E7C16830466D
:1079A40000F015FDE2E74169304600F010FDDDE727
:1079B40001F0D6F801F0EEF80028D7D101F0D0F8A4
:1079C40001F0EAF8D2E7704708B51048104BC01A26
:1079D400C00800040F4940F0030009F097FD0AF0C5
:1079E400CFFD00220221032000F08AFC0DF08CFD63
:1079F40000220221084600F083FC0BF0BFF90022AC
:107A04000221042000F07CFC08BD00BF987B030029
:107A1400487B0300707F030038B50C464568284650
:107A2400FFF798FDA1B20D290BD011290DD101F05A
:107A340097F801F0AFF840B901F092F801F0ACF812
:107A440003E0C168284600F0C2FC38BD10B50BF055
:107A540013FF0BF093F900220321042000F050FCE3
:107A64000AF08EFD00220421032000F049FC0DF0F1
:107A74004BFD00221121022000F042FC01F0BAF972
:107A8400044605230022014601F072FA21462046ED
:107A940001F0D4FA0548064BC01AC0080004054991
:107AA40040F0020009F032FD10BD00BF987B0300D6
:107AB400487B0300A07F030070B50C46466830463F
:107AC400FFF748FDA1B203390E2918D8DFE801F009
:107AD4000817171717231717172B1717171833001B
:107AE40005461A481A4BC01AC0080004194940F048
:107AF400020009F00BFDE968304600F068FC70BD37
:107B04001248134BC01AC0080004134940F0020085
:107B140009F0FCFCF3E70AF033FD00220421032002
:107B240000F0EEFBEBE70AF02BFD0022042103201A
:107B340000F0E6FBE3E701F013F801F02BF800286E
:107B4400DDD101F00DF801F027F8D8E7987B0300A8
:107B5400487B0300EC7F03001C80030010B504463F
:107B64000BF04CFDE0680CF07DFD0DF0CDFC002227
:107B74000721022000F0C4FB0AF002FD00220621C6
:107B8400032000F0BDFB0BF0F9F8002204210846A5
:107B940000F0B6FB01F02EF9014601F072FA10BDB7
:107BA40008B50AF0EDFC00220421032000F0A8FB34
:107BB40001F020F9012101F078FA08BDF8B5054675
:107BC4000C4647683846FFF7C5FC06461B4B1C4A63
:107BD4009B1ADB081B0422461A4943F0030009F0F0
:107BE4009BFCA4B2083C0A2C0ED8DFE804F0060E75
:107BF4000D0D0D0D0D0D0D1B1600E8680CF032FD7A
:107C04003169384600F0E3FBF8BDE8680CF0F0FC9D
:107C14007168384600F0DBFBF6E77169384600F01E
:107C2400D6FBF1E700F09CFF00F0B4FF0028EBD195
:107C340000F096FF00F0B0FFE6E700BF987B03007A
:107C4400487B03006C80030008B50DF05DFC002246
:107C54000321022000F054FB01F0CCF8002101F0D4
:107C640024FA08BD08B542F210700AF039FB01F09D
:107C7400C1F8002101F041FA08BD000008B50F4821
:107C84000AF02EFB0AF07CFC00220421032000F001
:107C940037FB0DF039FC00220C21022000F030FBF0
:107CA4000BF06CF800220321042000F029FB01F002
:107CB400A1F8012101F021FA08BD00BF70F305000D
:107CC400F8B505460C4647683846FFF743FC0646B8
:107CD400A1B208390A2923D8DFE801F006232222B9
:107CE40022222B2222433E000AF04AFC00220621D3
:107CF400032000F005FBE8680CF0B4FC0DF004FC74
:107D040000220721022000F0FBFA0BF037F80022D2
:107D14000421084600F0F4FAF168384600F057FBF5
:107D2400F8BDE8680CF064FC7168384600F04FFB5D
:107D3400F6E70DF0E9FB00220721022000F0E0FA4B
:107D44000BF01CF800220421084600F0D9FAF1686F
:107D5400384600F03CFBE3E74169384600F037FB66
:107D6400DEE700F0FDFE00F015FF0028D8D100F09A
:107D7400F7FE00F011FFD3E7704738B50C464568AD
:107D84002846FFF7E7FBA1B211290DD0122906D02E
:107D9400102903D18168284600F019FB38BD4169D8
:107DA400284600F014FBF9E700F0DAFE00F0F2FEDA
:107DB4000028F3D100F0D4FE00F0EEFEEEE708B5A3
:107DC40001F018F8014601F05CF908BD38B50C461D
:107DD400154600F075F82A46214600F6EC1000F02E
:107DE400EEFA38BD10B5044600F070FA014B23607A
:107DF400204610BD00D7030038B51B4D2A68013258
:107E04002A601A4C1A4BE41AE408240444F00304CC
:107E14001849204609F080FB28680BF06BFA2A68A1
:107E2400154BA3FB0213DB0803EB4303B2EB830FF5
:107E340016D00CF065FA05460CF04CFBB5F904209D
:107E44000E49204609F068FB0AF0C2FD05460AF017
:107E5400DBFEB5F900200A49204609F05DFB38BD78
:107E64000BF056FAE5E700BFA42B0020987B030033
:107E7400487B030094800300ABAAAAAAA88003004D
:107E8400CC80030010B582B0044600F024F904F558
:107E94001960FFF7A7FF04F6EC10FFF7F9FA064B99
:107EA4000093012341F28832044904F6582000F07B
:107EB400B9FA204602B010BDFD7D0200EC8003003B
:107EC40008B50A4B1B68BFF35B8F13F0010F01D099
:107ED400074808BD05480FF0D9FD0028F8D004482C
:107EE400FFF7D0FF01480FF0E5FDF1E7A82B0020D4
:107EF400AC2B002010B582B0044600F0C1F90BF0A1
:107F04004FF9194A0421204600F00EF922460121B6
:107F140004F5196000F0E2F90AF030FF0AF048FFB6
:107F24000DF0F2FA0DF00AFB0AF02AFB0AF042FB0C
:107F340004F6EC1000F05FFA04F6582000F08CFA16
:107F44000BF0DEFA09480A4BC01AC0080004094BBA
:107F54000193002200920123074940F0030009F035
:107F6400FDFA02B010BD00BFFC800300987B030043
:107F7400487B03003C8103001081030008B500F036
:107F84004FF908BD032824D8012A06D001290CD0B2
:107F9400022910D0B1B107207047012901D0002275
:107FA400F4E700F10E02D2B2F0E700EB40000A4B16
:107FB4001A540020704700EB4000074B03445A70EA
:107FC4000020704700EB4000034B03449A700020EC
:107FD40070470720704700BF3836002008B50122DB
:107FE40000210846FFF7CEFF10B10346072812D13F
:107FF400072202210120FFF7C5FF034608B1072825
:1080040009D1042202210020FFF7BCFF034610B16E
:10801400072800D10023184608BD08B50122022113
:108024000020FFF7AFFF10B10346072812D1072243
:1080340002210120FFF7A6FF034608B1072809D152
:108044000A2200210846FFF79DFF034610B10728C6
:1080540000D10023184608BD08B50388102B0ED0A4
:10806400112B13D10F4A1368013B136073B9FFF747
:10807400D4FF58B10C4B1B6843B1984706E0094B39
:108084001B6823B1074A13680133136008BDFFF767
:10809400A5FF0028F6D0044B1B68002BF2D09847AC
:1080A400F0E700BF443600204836002010B584B005
:1080B40004464FF0FF3201A9D4F8F4080DF086FE0F
:1080C4000128F6D101980028F3D003681B68039AAD
:1080D40002999847EDE738B504460025C0F8F058F2
:1080E400C0F8F4585022294600F6F8000FF09EFC20
:1080F4004822294604F648100FF098FC204638BD63
:10810400014B1878704700BF4C360020044B1B7895
:10811400834203D9034B53F8200070470020704773
:108124004C3600205036002010B584B004460B466F
:10813400114600F1F00200F6F8000290019200935B
:1081440023464FF400720F480EF0C0F8C4F8F0084C
:108154000023009304F6481322460C2114200DF04A
:10816400E1FCC4F8F408D4F8F0284AB1064B1B78B3
:10817400072B05D8054941F823200133024A13701F
:1081840004B010BDB18002004C36002050360020EF
:1081940000B585B001910292039300231A4601A908
:1081A400D0F8F4080DF0FEFC05B05DF804FB000007
:1081B40000B585B0019102920393002300936A46AF
:1081C40001A9D0F8F4080DF0A5FD009B43B1064BBE
:1081D4004FF080525A6040BFBFF34F8FBFF36F8F91
:1081E40005B05DF804FB00BF00ED00E0704700003F
:1081F400034B0360034B0B6080231360704700BF85
:10820400C0400020C03E0020034B0360034B0B60C2
:108214004FF4007313607047703E002070360020E6
:1082240008B50EF095F8FEE710B50E4C0E4BE41AA7
:10823400E40824040D4944F0020009F067F94FF4FE
:108244000041002008F03AFF08F032FE44F0030435
:108254000749204609F05AF90649204609F056F91B
:1082640010BD00BF987B0300487B03004C810300D2
:108274006C8103008C81030008B504F079FD08BD0E
:1082840030B589B0FFF7F8FFFFF7CEFF0024DCB16B
:1082940009B030BD04F01F0343EA451302930023E1
:1082A40003930122049205930693079308AB13E901
:1082B40003008DE8030002AB0FCB00F065FD013530
:1082C400002DE7D00134E2E72546F9E7024A0260CF
:1082D40000220271826070470CD703004B1EDBB290
:1082E400092B04D80171024B43F8210082607047C6
:1082F40010410020023100EB810042607047000011
:1083040000F1FF3C5FFA8CFCBCF1090F00D9704707
:1083140008B5054B53F8200013460A460146806809
:10832400FFF736FF08BD00BF1041002000F1FF3CFD
:108334005FFA8CFCBCF1090F00D9704708B5054BF6
:1083440053F8200013460A4601468068FFF730FFC1
:1083540008BD00BF1041002038B505460C468B1CF3
:1083640000EB83035B688BB1002098470E4B0F4AE8
:10837400A3EB020C4FEADC0C4FEA0C4C2B7922469F
:108384000B494CF0040009F0D1F838BD0648074BFE
:10839400C01AC00800042B790A46064940F00400BC
:1083A40009F0C4F8F1E700BF987B0300487B0300A1
:1083B400A0810300CC810300704770477047406878
:1083C40020B108B503689B68984708BD704738B565
:1083D40004460D46406803685B6898476368A36079
:1083E40065602B681B682846984738BDC06800380C
:1083F40018BF0120704710B5044603681B689847EE
:108404002046FFF7F3FF20B1E368A3606360002315
:10841400E360606803681B68984710BD4368986808
:108424007047000030B583B00446084611461A462A
:10843400069B63608902074DA5FB015104F1080501
:1084440001950093002389090EF068FB2060204603
:1084540003B030BDD34D621030B583B0056865B14B
:108464000DF0C4FF0246002400942346012128464F
:108474000EF080FB204603B030BD0120FBE7000076
:1084840030B583B005460068B8B189020C4BA3FB34
:108494000132002400942346920904210EF06AFB61
:1084A4002D680DF0A3FF02460094234601212846BF
:1084B4000EF060FB204603B030BD0120FBE700BF97
:1084C400D34D6210006850B100B583B00022009211
:1084D400134603210EF04EFB03B05DF804FB704716
:1084E40030B583B005460068B8B189020C4BA3FBD4
:1084F4000132002400942346920909210EF03AFB2C
:108504002D680DF079FF0246009423460621284683
:108514000EF030FB204603B030BD0120FBE700BF66
:10852400D34D6210006850B100B583B000220092B0
:10853400134608210EF01EFB03B05DF804FB7047E0
:108544007047000010B503681B681878044C0138A4
:108554002146C0B205F0EAFEB4F9000010BD00BF28
:108564004241002030B589B001900C460178254B7A
:1085740000221A705A709A70DA70022018715A71B7
:108584009A71D9711A722049204805F009FE58B928
:10859400019B187801381B49C0B205F063FE40B94D
:1085A40001AB029303AD0EE0194A262106F068FBE5
:1085B400EEE7174A272106F063FBF1E702A8FFF76D
:1085C400C1FF25F8020B08AB9D42F7D1002303AA93
:1085D40002E032F9021B0B4408A98A42F9D10D4A80
:1085E40082FB0312DB17C3EBA2031BB2C3EB03131F
:1085F400C3EB03139B09238005F0F6FF002009B0A9
:1086040030BD00BF384100204585020030D703004B
:10861400F88103006766666608B5094B1B68BFF3FB
:108624005B8F13F0010F01D0064808BD04480FF01A
:108634002DFA0028F8D002480FF03CFAF4E700BF06
:10864400484100204C41002030B583B00446002549
:1086540040F8045B074A00942B4606CA00F0F6FD76
:108664002022294604F144000FF0E0F9204603B02B
:1086740030BD00BF34D7030010B51048104BC01AEA
:10868400C00800040F4940F0030008F03FFFFFF763
:10869400C3FF0D4C21460D48FFF764FF0AF098F91B
:1086A400B4F9003040F2145202FB03F3084A82FB8F
:1086B4000312DB17C3EBA213038010BD987B0300E6
:1086C400487B030054820300444100201C2B0020FB
:1086D400D34D621008B5FFF7CFFF08BD08B5027887
:1086E400094B1A70094A5A60436843B19969116089
:1086F4009B8B9380064B1B680348984708BD034B2C
:1087040000221A609A80F5E7584100205041002069
:10871400704100207047000008B50A480A4BC01A8F
:10872400C0080004094940F0030008F0EFFE0848BF
:1087340002F0BEFC00B908BD064A2E2106F0A0FADC
:10874400F9E700BF987B0300487B030074820300B1
:10875400744100208482030008B502F0C1FB08BD07
:1087640000B583B009F0D6FA68B90023019301A9D2
:10877400012009F0C5FB58B901A809F08FFC60B9C4
:1087840003B05DF804FB074A3B2106F079FAECE7F5
:10879400044A3F2106F074FAEEE7024A422106F049
:1087A4006FFAEDE784820300084B4FF4FA725A80A3
:1087B4004FF47A729A800022DA80197862F3820187
:1087C4001970C9B262F3C401197070476041002086
:1087D40000B585B000230093019302930393084BE3
:1087E4000093084A6946084802F021FC10B905B014
:1087F4005DF804FB054A5C2106F042FAF7E700BF86
:1088040060410020E186020074410020848203005C
:1088140008B5044B1860FFF7A3FFFFF7C5FFFFF788
:10882400D7FF08BD7041002038B50446002313E08B
:108834001B4B53F825309B6803B1984719481A4BD2
:10884400C01AC00800042246184940F0030008F08A
:1088540063FE24E00133DBB2154A12789A421ED932
:108864001D460F4A52F82320002AF3D01268A24270
:10887400F0D1204604F062FF0028D9D1084B53F808
:1088840025305B6803B198470648074BC01AC008F7
:1088940000042246074940F0030008F03DFE38BDBD
:1088A400E0410020987B0300487B0300F48203002E
:1088B400DC410020E082030030B583B0044601604F
:1088C40042608360194B1B78022B23D80D46184B4A
:1088D4001B68ADF804301B0C8DF8063003238DF8AB
:1088E4000530144A01A9284604F06AFE68B901213A
:1088F400284604F0BDFE0D4A1378591C11700E4A27
:1089040042F82340204603B030BD0C4A242106F02F
:10891400B7F9ECE70A480B4BC01AC008000403225D
:10892400094940F0010008F0F7FDEBE7DC410020C5
:108934003CD703002D880200E04100200883030097
:10894400987B0300487B03006883030008B500F0AC
:10895400E7F908BD10B50446054B0360054B0360F9
:10896400054B1B684360083000F068F8204610BDD2
:1089740048D7030058D7030060D703000804034B0B
:10898400A3FB0030C0F30F30704700BF5917B7D1B5
:1089940008B50A430221083000F098F808BD08B56C
:1089A40000220321083000F091F808BD08B50A43FD
:1089B4000421083000F08AF808BD08B50A22052110
:1089C400083000F083F808BD10B50446FFF7F5FF42
:1089D4004FF4704211462046FFF7DAFF2046FFF7B6
:1089E400DEFF0F2200212046FFF7E0FF10BD022921
:1089F40005D0032905D0012905D108207047092095
:108A040070470A2070470720704738B5044615465A
:108A1400FFF7EDFF01462A4604F1080000F056F87E
:108A240038BD38B504460D461146FFF7A7FF024688
:108A340029462046FFF7E9FF38BD000030B58FB066
:108A44000446174B844693E80700ACE803002CF86F
:108A5400022B120C8CF80020012284F84C220DF118
:108A64001C0E03F10C0CBCE80F00AEE80F009CE8F0
:108A740007008EE8070004F10C05002304930EABF5
:108A840013E90F008DE80F0007AB0ECB284600F06A
:108A940075FB284600F066FB20460FB030BD00BFD2
:108AA40064D7030023B90170130A437082707047BE
:108AB400012BF9D141F080010170F5E703780B70C7
:108AC40043784B7083788B707047000010B582B088
:108AD40004460023415C01A8FFF7E4FF694601A8AE
:108AE400FFF7ECFF00210B2000F02DF9032269466B
:108AF40004F10C0000F08EFB044601210B2000F071
:108B040022F90CB902B010BD0548064BC01AC008C2
:108B14000004054940F0010008F0F8FCF2E700BF4A
:108B2400987B0300487B03008C830300BFF34F8FC3
:108B34000549CA6802F4E062044B1343CB60BFF3F7
:108B44004F8F00BFFDE700BF00ED00E00400FA0511
:108B54003CDF70473DDF7047002202707047000021
:108B640008B50A4B1B68BFF35B8F13F0010F01D0EC
:108B7400074808BD05480EF089FF0028F8D00448CE
:108B8400FFF7EAFF01480EF095FFF1E7EC41002002
:108B9400F04100200078704770B50646164C174B1C
:108BA400E41AE408240444F002051549284608F0B0
:108BB400ADFC4FF0FF310020FFF7CCFF60B9B121CD
:108BC4000020FFF7C5FF024668B10E4944F00100DA
:108BD40008F0A2FC002070BD02460B4944F00100DD
:108BE40008F09AFCF6E7012333700849284608F098
:108BF4008DFCFFF79BFF00BF987B0300487B0300BD
:108C0400AC830300F8830300D883030018840300B3
:108C140010B5044603685A0904D0012A13D14FF64B
:108C2400FF7201E04FF0FF3203F01F0322FA03F357
:108C340013F0010F09D023681F2B0CD903F01F0375
:108C44002360064810BD0022EEE705494FF4F67094
:108C540007F02AF8EFE74FF0A040F3E700030050D5
:108C64003484030000B583B0019001A8FFF7D0FF5E
:108C7400D0F81005019BD84000F0010003B05DF866
:108C840004FB00B583B0019001A8FFF7C1FF0123E5
:108C9400019A9340C0F80C3503B05DF804FB00B5AD
:108CA40083B0019001A8FFF7B3FF0123019A934019
:108CB400C0F8083503B05DF804FB08B511B9FFF737
:108CC400E0FF08BDFFF7EBFFFBE770B582B0019052
:108CD4000C4616461D4601A8FFF79AFF44EA4604CF
:108CE40044EA85049DF8183044EA03249DF81C30B6
:108CF40044EA0344019B03F5E07340F8234002B0C7
:108D040070BD00B583B0019001A8FFF781FF019BFE
:108D140003F5E073022240F8232003B05DF804FB5E
:108D240008B5054B1B7803B908BD04F007FC024BDA
:108D340000221A70F8E700BF1D2B002008B5FFF7CA
:108D440091FFC0B208BD08B5FFF7B7FF08BD00002A
:108D540000B5064B01EB410C03EB8C0E43F82C00E1
:108D6400CEF804108EF808205DF804FBF4410020CE
:108D740008B500EB4000034B53F82030984700201F
:108D840008BD00BFF441002084B010B582B004AC2B
:108D940084E80F000446FFF7B4FF9DF820309DF8E7
:108DA4002420019200939DF81C309DF818209DF812
:108DB40014102046FFF789FF02B0BDE8104004B04C
:108DC400704730B583B004460D4601920A46014609
:108DD4001846FFF7BDFF29462046FFF7C9FF0246A4
:108DE40001A9204604F0ECFB0121204604F040FCDC
:108DF40003B030BD00487047D8430020642242705D
:108E040000228270014941600272704700C0014033
:108E140008B50248FFF7F2FF08BD00BFD8430020A1
:108E240030B58DB00546104C0DF1180CA646BEE8C1
:108E34000F00ACE80F009EE803008CE803008DE807
:108E4400030006AB0FCBFFF79FFF0DF10C0C04F1F1
:108E5400180393E807008CE8070000226146281DE8
:108E640004F016FF0DB030BD98D7030008B5064BCB
:108E74001B7803B108BDFFF7BDFFFFF7D1FF024B1D
:108E840001221A70F6E700BFD4430020F0B583B086
:108E940007EE903A4B7806EE903AF8EE666A9FED4C
:108EA400326A86EE867AF8EEE77A67EE877AFCEE27
:108EB400E77ACDED017A9DF804509DF8203007EE55
:108EC400903AF8EEE77A67EE877AFCEEE77ACDED32
:108ED400017A9DF804409DF8243007EE903AF8EEAC
:108EE400E77A67EE877AFCEEE77ACDED017A9DF8B2
:108EF40004E000210EE048F2070715E048F20707F6
:108F040022E048F2070C10331844184B23F810C021
:108F14000131C9B2072925D80B4604FA01F010F033
:108F2400800FE8D048F20D0702EB420C4FEACC0068
:108F340003EBCC0C0D4E26F81C7005FA03F616F064
:108F4400800FDBD048F20D0703F1080C8444074E70
:108F540026F81C700EFA03FC1CF0800FD1D048F2E6
:108F64000D0CD0E703B0F0BD0000C842E44300207C
:108F740010B582B0062B0BD8DFE803F0040C131AEB
:108F840021282F000023019300936423FFF77EFF21
:108F940002B010BD0023019364240094FFF776FF10
:108FA400F6E76423019300230093FFF76FFFEFE7D5
:108FB4000023019364230093FFF768FFE8E7642329
:108FC400019300240094FFF761FFE1E76423019318
:108FD40000930023FFF75AFFDAE764230193009319
:108FE400FFF754FFD4E7000030B585B005460023F1
:108FF40000930193029303930E4B00934823ADF81F
:10900400043003E00121204604F03EFF2C1D2046DD
:1090140004F014FF0028F5D001231A4669462046BF
:1090240004F0B6FE4FF49650034B43F00103984707
:1090340005B030BDE443002090D7030008B50123F8
:109044008B70FFF7D1FF08BD70B582B005460E46A0
:1090540000240194009423462246FFF717FF01944D
:1090640000942346012231462846FFF70FFF01945E
:1090740000942346022231462846FFF707FF02B038
:1090840070BD10B5044600228A70FFF7DDFF20464C
:10909400FFF7AAFF10BD00B583B00023019300932E
:1090A400FFF7F4FE03B05DF804FB10B50446642337
:1090B400437049B1022300220146FFF759FF2146BC
:1090C4002046FFF7BBFF10BD00220146FFF7E3FF78
:1090D400F5E710B504466423437049B10323002225
:1090E4000146FFF745FF21462046FFF7A7FF10BDC5
:1090F40000220146FFF7CFFFF5E710B504466423CD
:10910400437049B1062300220146FFF731FF21468F
:109114002046FFF793FF10BD00220146FFF7BBFF77
:10912400F5E7000010B504466423437079B10123C8
:109134001A460146FFF71CFF21462046FFF77EFF33
:109144004FF4C850044B43F00103984710BD01226B
:109154000146FFF7A0FFEFE790D7030008B5FFF73C
:1091640057FE08BD08B500231A4600F12C011C3037
:1091740003F000FF00B908BD0120FCE784B070B41F
:10918400844604A880E80E000B9B43B1012B0CD14C
:109194000CF11C041D4B0FCB84E80F0005E01C4BA5
:1091A4000CF11C040FCB84E80F00079ECCF80C6074
:1091B400049DCCF800509DF818308CF80830059CBC
:1091C400CCF804400998CCF81400089ACCF8102084
:1091D4000A99CCF818108CF83960CCF834508CF813
:1091E40038408CF82D008CF82E108CF82C208CF83C
:1091F4002F30FF238CF8313006238CF830300123D4
:109204008CF84032002070BC04B07047D4D70300FF
:10921400C4D7030070B584B00546144600F59F76A4
:1092240030460EF0D1FBE4B205F13C030096019404
:10923400029303940022694605F1200005F048FCDE
:1092440008B904B070BD0120FBE7000010B582B07E
:109254008646684680E8060003C88EE80500CEF816
:1092640008300EF1180C0E4C0FCCACE80F000FCCEC
:10927400ACE80F0094E803008CE80300049BCEF8EC
:1092840014309DF8053003330EF10C020EEBC303CA
:1092940093E8030082E80300704602B010BD00BFEB
:1092A400E4D7030008B500212F20FFF74CFD08BDCB
:1092B40008B501212F20FFF746FD08BD70470C209B
:1092C4007047000008B541F28733994234DC41F21B
:1092D400883303FB01F05B1A90FBF3F007EE900A6E
:1092E400F8EEE77A17EE900A0EF00EFB18A3D3E916
:1092F40000230EF0EFF941EC100B0DF087FE51EC5A
:10930400100B0EF0C9FA0F4B03FB00F00E4A82FB60
:109314000031C317C3EBA11303F698530B4890FB1A
:10932400F3F0A0F58520A0F2FE2082FB0032C017E6
:10933400C0EBA21000B208BD6FF48870FBE700BF59
:10934400AFF30080A68C0400D34D621090F0D73D9B
:10935400000000000088B34070B50546FFF75CF9D3
:10936400074E31460748FFF7FDF80AF0C9FF0446E7
:10937400B6F9001041802846FFF7A4FFA08070BD15
:1093840074440020202B002008B5FFF7E5FF08BD3A
:109394000020704708B540F2DC520321FFF741FB7F
:1093A40008BD08B500220221FFF73BFB08BD08B544
:1093B4000A460121FFF735FB08BD08B50C2904D97D
:1093C4004FF4C861FFF7F3FF08BD01EB810101EB26
:1093D4008101890001F5C87189B2FFF7E8FFF3E75D
:1093E40008B564220021FFF71CFB08BD10B5044634
:1093F400FFF7D0FF2046FFF7D4FF4FF4C871204693
:10940400FFF7D5FF2046FFF7EBFF10BD08B5FFF7C8
:10941400DBFA08BD30B583B00446FFF79BFA20257C
:109424002A46002104F516700EF000FB2A4600219E
:1094340004F51E700EF0FAFA0025A4F89852A4F868
:109444009A520C4A00942B4606CA04F52770FFF77B
:10945400FDFE094A00942B4606CA04F53770FFF74F
:10946400F5FE2046FFF7D2FF2046FFF7BFFF204658
:1094740003B030BD1CD8030014D80300BFF34F8FD2
:109484000549CA6802F4E062044B1343CB60BFF39E
:109494004F8F00BFFDE700BF00ED00E00400FA05B8
:1094A4004FF08053D3F83031082B01D0002070479F
:1094B400012070474FF08053D3F83031082B01D08E
:1094C40000207047012070474FF08053D3F83021BB
:1094D400D3F83431082A01D000207047002B04D877
:1094E400DFE803F0010001207047002070474FF0CF
:1094F4008053D3F83021D3F83431082A01D0002026
:109504007047002B04D8DFE803F001000120704706
:10951400002070474FF08053D3F83021D3F8343112
:10952400082A01D000207047002B04D8DFE803F09C
:10953400010001207047002070474FF08053D3F89A
:109544003021D3F83431082A01D000207047002B91
:1095540004D8DFE803F001000120704700207047C1
:109564004FF08053D3F83031082B01D000207047DE
:10957400012070474FF08053D3F83021D3F83431B1
:10958400082A01D000207047032B01D8002070471F
:109594000120704708B5FFF7EDFF38B14FF01023F5
:1095A400D3F808224FF08043C3F8582508BD0000C3
:1095B400024BD3F80034002BFAD0704700E001408E
:1095C40008B5034BC3F80405FFF7F2FF08BD00BF5D
:1095D40000E00140014B024A1A607047242B00202E
:1095E4000090D00338B5FFF75BFF40B14FF08043E4
:1095F4000022C3F80C21C3F81021C3F83825FFF763
:1096040059FF002846D04FF08052D2F80414554B2D
:10961400C3F82015D2F80814C3F82415D2F80C1492
:10962400C3F82815D2F81014C3F82C15D2F8141462
:10963400C3F83015D2F81814C3F83415D2F81C1432
:10964400C3F84015D2F82014C3F84415D2F82414F2
:10965400C3F84815D2F82814C3F84C15D2F82C14C2
:10966400C3F85015D2F83014C3F85415D2F8341492
:10967400C3F86015D2F83814C3F86415D2F83C1452
:10968400C3F86815D2F84014C3F86C15D2F8442412
:10969400C3F87025FFF718FF18B1334B334AC3F8EA
:1096A4008C26FFF724FF18B1314BFB22C3F8182591
:1096B400FFF730FF70B14FF08041D1F8E43E23F062
:1096C4000F034FF08052D2F8582202F00F021343D6
:1096D400C1F8E43EFFF731FF20B1264B4FF400728E
:1096E400C3F84026FFF73CFF60B14FF08043D3F846
:1096F400003413F0010F05D04FF080436FF00102E6
:10970400C3F800241C4AD2F8883043F47003C2F82A
:109714008830BFF34F8FBFF36F8FFFF73BFF4FF0DE
:109724001023D3F80032002B08DB4FF01023D3F8BA
:109734000432002B02DBFFF74DFF38BD0120FFF799
:109744003FFF4FF010241225C4F80052FFF730FFFA
:10975400C4F80452FFF72CFF0020FFF731FFFFF796
:109764008DFE00BF00C0004000500040488103004F
:1097740000F000400090024000ED00E048B300B566
:10978400864642B34FF0000C06E01EF80C0060441D
:1097940080B201301FFA80FC0CF10100884207DA24
:1097A40010886045F1D80EEB0C0040789842ECD15B
:1097B4008C4512D20CF102039BB21EF80C0078B156
:1097C400013880B250B103EB000C61450ADB138011
:1097D40004E000207047002000E000205DF804FB56
:1097E4000020FBE70020F9E770B582B00023ADF854
:1097F4000630DAB10446164609230DF10602FFF7D6
:10980400BDFF0546BDF806301C448BB198B1304607
:109814000EF0C3F8A84201D000200AE02A462146EF
:1098240030460EF097F840B1002002E0002000E03E
:10983400002002B070BD0020FBE70120F9E7000022
:1098440000230BB10020704703EB8302054931F874
:109854002220824201D00133F3E703EB830301EBBF
:10986400830070479C44002030B5B0F804C002EB7C
:109874000C04944594BFACEB0C0CACEB020CC2880A
:109884009D189A4294BF921AD21A4B88B0F800E0FD
:1098940073450ED3408883420DD88B8863450CD31F
:1098A400A3420CD8CB8893420BD3AB420BD80120F4
:1098B40000E0002030BD0020FCE70020FAE7002093
:1098C400F8E70020F6E70020F4E7000008B5024BB3
:1098D4009B6903B1984708BD8044002010B5808877
:1098E400FFF7AEFF38B10446406805F02FFA18B907
:1098F4004FF6FF73238010BDFFF7E8FFF8E7000081
:1099040000B583B002460B46497A69B9197A41B960
:109914000D494968586805F0C1F988B1FFF7D6FFC9
:109924000EE009498968F5E700211972064B5B6965
:1099340033B101218DF80410ADF8060001A8984751
:1099440003B05DF804FB00BF8044002070B5C37B06
:109954008688012B1DD104464FF6FF70FFF770FF78
:109964000546B8B10680002303720F4B03CBC5F83C
:109974000A00C5F80E104FF6FF7340F2F31204F11B
:10998400100105F10A00FFF76FFF6872074BDB89CE
:1099940023B170BD0420FFF799FFFAE7294630464A
:1099A400FFF7AEFFF5E700BF7844002080440020B5
:1099B40070B5044686883046FFF742FF70B105460D
:1099C4004FF6FF7340F2F31204F108010A30FFF777
:1099D4004BFF687229463046FFF792FF70BD0000C6
:1099E400C288124BDB899A4200D0704770B5044696
:1099F400038A022B00D070BD85882846FFF720FF1C
:109A040006460028F7D004F1120000F0C9F920B18D
:109A140031462846FFF774FFEDE7706805F096F9C4
:109A24000028E8D0FFF752FFE5E700BF804400209C
:109A340008B50388122B0FD006D8102B09D0112B90
:109A440009D1FFF74BFF06E0502B04D1FFF7C8FF05
:109A540001E0FFF77BFF08BDFFF7AAFFFBE700006B
:109A640008B50146014806F0DBF908BDB044002002
:109A7400F0B583B00190B9B116460F46019D85B982
:109A8400284603B0F0BD0134132CF9D8214601A8AF
:109A940006F0C6F90028F6D03146A0B2B847013521
:109AA400F1E700242546EFE70025E9E7132801D96B
:109AB4000020704738B50446054D0146284606F097
:109AC40088F92146281F06F084F9012038BD00BF1B
:109AD400B844002038B50546002407E0054800EBEB
:109AE40084002946043006F08EF901341D2CF5D982
:109AF40038BD00BFB044002008B50146014806F057
:109B040082F908BDB844002008B512B106F061F925
:109B140008BD06F078F9FBE730B583B0054601913E
:109B240000230360019B93B9284603B030BD013480
:109B3400132CF9D8214601A806F072F90028F6D0B2
:109B44002B685A1C2A6005EB43039C80EFE7002432
:109B5400EEE7000010B598B0134A9368DB431793FF
:109B6400516817A806F0C4F917996846FFF7D4FF9F
:109B74000DF1300C6C460FCCACE80F000FCCACE808
:109B84000F0094E807008CE80700002407E018ABF6
:109B940003EB440333F82C0CFFF79CFF01340C9BBC
:109BA400A342F4D818B010BDB044002070B50446E8
:109BB40085880388103B0A2B1ED8DFE803F0061AB9
:109BC4001D1D1D1D1D1D1D3B1E00FFF7C3FF284647
:109BD400FFF76CFF38B1E37B022B0DD129461B48FC
:109BE40006F0F7F808E01A4AF021042005F048F8D6
:109BF40002E02846FFF780FF70BD027A1609154C73
:109C04003F2A94BF0022012229462046FFF77CFF09
:109C1400022E94BF002201222946201FFFF774FF61
:109C2400012E94BF002201222946A4F10800FFF767
:109C34006BFFE1E7037A002BDED1427AC2F3C00264
:109C440029460448FFF760FFD6E700BFBC44002064
:109C540084840300C8440020132801D900207047DD
:109C640008B50146014806F0DBF808BDB4440020FD
:109C740010B50446FFF7F0FF08B9002010BD2146D7
:109C8400034806F0CDF808B90120F7E70220F5E70C
:109C9400BC44002010B50446FFF7DEFF08B90020DD
:109CA40010BD2146034806F0BBF808B90120F7E7C8
:109CB4000220F5E7B844002010B50446FFF7CCFFB6
:109CC40000B910BD2146024806F0AAF8F9E700BF22
:109CD400C044002010B50446FFF7BEFF00B910BD14
:109CE4002146024806F09CF8F9E700BFC44400206E
:109CF40010B50446FFF7B0FF00B910BD2146024875
:109D040006F08EF8F9E700BFC844002038B50546D0
:109D14000C460846FFF7A4FE08B9002038BD2846C3
:109D2400FFF79AFF0028F8D00634044800EB8400BB
:109D34002946043006F074F8F0E700BFB044002070
:109D440070B506460C4615460846FFF789FE00B96D
:109D540070BD3046FFF780FF0028F9D00634044870
:109D640000EB84002A4631460430FFF7CDFEEFE7CE
:109D7400B044002070B504460E461546FFF770FE49
:109D840008B9002070BDA01D044B03EB8003586884
:109D94002A463146FFF76CFEF4E700BFB0440020CA
:109DA400007800F001007047A0DF7047A1DF704722
:109DB400ADDF7047B3DF7047B4DF70478379012BA1
:109DC40001D0002070470379012B01D00020704797
:109DD400428842F602139A4201D0002070470120C3
:109DE400704738B50446408800F050FEA080002536
:109DF40005B138BD204601F01DFF0135F8E700B577
:109E040087B00023019302930393049305930823DB
:109E14008DF80430ADF80600039101A8FFF7E1FFC7
:109E240007B05DF804FB000070B586B00023019311
:109E34000293039304930593ADF806004FF6FF7362
:109E440098422ED0044600F0CFFC054611283FD09E
:109E540015D8D0B10B2826D110238DF804301D4815
:109E64001D4BC01AC008000422461C4940F00200E1
:109E740007F052FB01A8FFF7B4FF00220CE043F205
:109E8400020398420FD1002206E00F238DF804301C
:109E940001A8FFF7A6FF0022114B19782046FFF70F
:109EA4004FFF06B070BD0B4E0B4BF61AF608360486
:109EB400284606F047FF024623460A4946F00100B9
:109EC40007F034FB29462046FFF799FF0022E3E719
:109ED4000122E1E7E87B0300487B030020850300BF
:109EE40031450020A085030008B5FFF79DFF08BD9C
:109EF40010B5044600F0DAFC00B910BD0122034B92
:109F040019782046FFF71CFFF7E700BF3045002013
:109F140010B582B0044600F0B9FD00236A46092159
:109F240001F0CAF9052801D002B010BD0122034B8B
:109F340019782046FFF704FFF6E700BF2E450020FE
:109F440008B500220649074B1878FFF713FF00B144
:109F540008BD00220449054B1878FFF70BFFF7E70B
:109F64008DA1020032450020A59F02002E4500204D
:109F740008B500220249034B1878FFF7FBFE08BD21
:109F8400A5A202003045002008B500220249034B77
:109F94001878FFF7EFFE08BDED9E02003145002062
:109FA40010B582B004460023019342F6A623ADF80F
:109FB400043001238DF80630084B1B6800936A4671
:109FC40001A9FFF7F1FE08B102B010BD0122044B54
:109FD40019782046FFF7B4FEF6E700BF2CD803003B
:109FE4002D45002010B5044638B12368012B09D152
:109FF400BFF35F8F0023236010BD0549922005F055
:10A0040053FEF2E70249932005F04EFEF0E700BF4D
:10A01400F4850300F0B585B006460F460DF10E0039
:10A02400FFF7C8FE10B9012400250DE01A494FF4CA
:10A03400997005F039FEF6E7BDF8002042F60213E8
:10A044009A421DD00134A4B2BDF80E30A3421FD9E8
:10A054000223ADF804300022ADF80620CDF808D074
:10A0640069462046FFF7A8FE034690B9002DE3D1C8
:10A07400BDF8002042F605239A42E3D10125E1E729
:10A08400029701AA21463046FFF792FE034600E0FC
:10A094000523184605B0F0BD4C86030010B50446F0
:10A0A40048B10121204605F0F8FEBFF35F8FB0FAF6
:10A0B40080F0400910BD0249852005F0F5FDF0E768
:10A0C400F485030070B586B0054600F0EDFA11285A
:10A0D40047D0044619D8002846D00B2847D0254E2F
:10A0E400254BF61AF6083604204606F02BFE0246E7
:10A0F4002B46224946F0010007F018FA214628466B
:10A10400FFF77DFE0024224623E0862806D043F292
:10A1140002039842E3D1002422461AE00026019665
:10A12400029603960496059607238DF80430ADF83D
:10A1340006501048104BC01AC00800042A461049A3
:10A1440040F0020007F0E8F901A8FFF74AFE3446A0
:10A1540032460C4909782846FFF7F2FD204606B03E
:10A1640070BD00240122F4E701240022F1E7002459
:10A174002246EEE7E87B0300487B030028870300C0
:10A18400F08603003245002010B504460648FFF768
:10A1940085FF00B910BD2046FFF794FF0028F9D1D0
:10A1A4000148FFF71FFFF5E73445002070B586B07E
:10A1B400044600F08FFB054611280CD8112848D816
:10A1C400DFE800F0174747474747334728474747E3
:10A1D40047474747475D43F20203984252D043F250
:10A1E4000143984235D12046FFF71EFE0025012287
:10A1F40022E0002301930293039304930593112314
:10A204008DF80430ADF8064001A8FFF7EAFD0125FA
:10A214002A4611E001A92046FFF7FCFE28B9BDF843
:10A22400043013B10025012206E0204600F02EFC84
:10A2340000F082FB00252A46144B19782046FFF7CC
:10A244007FFD2A46124B19782046FFF779FD06B0A8
:10A2540070BD104E104BF61AF6083604284606F068
:10A2640071FD024623460D4946F0010007F05EF9F0
:10A2740029462046FFF7C3FD00250122DCE700251F
:10A284000122D9E700250122D6E700BF304500208E
:10A294002F450020E87B0300487B03006887030008
:10A2A40010B50446044B1978FFF730FD00B110BD1A
:10A2B4002046FFF77BFFFAE72F450020037803B120
:10A2C400704710B504464088FFF7AEFD6088FFF77D
:10A2D4000FFE6088FFF71CFEFFF732FE10BD000082
:10A2E40010B582B00378092B03D0FFF729FE02B022
:10A2F40010BD0446437A002BF7D1037A072B1DD0F7
:10A30400082B2CD0012BF0D16A460121808801F062
:10A314009DFA0028E9D1019B1B78002BE5D0A08889
:10A3240000F0E8FB4FF6FF739842DED00122104B99
:10A334001978FFF705FDFFF71BFED6E7808800F0CC
:10A34400D9FB04464FF6FF739842CED00122094B45
:10A354001978FFF7F5FC2046FFF7DAFDC5E7064B51
:10A364001B68012BC1D10448FFF73CFEBDE700BFC9
:10A3740030450020324500203445002030B583B0FC
:10A3840004460D460022009201920123ADF80030EC
:10A3940009238DF80230104B1978FFF7D1FC5DB119
:10A3A4000E4B0193204600F071FB0022694600F039
:10A3B400F5FF18B903B030BD094BF2E7094C0A4A5E
:10A3C400A41AE408240406F0BDFC0246074944F03C
:10A3D400020007F0A1F8EDE72E45002028D803007D
:10A3E40024D80300E87B0300487B0300A88703000C
:10A3F40030B587B0044685880388353B1F2B14D8B5
:10A40400DFE803F0499413131313131313131313F3
:10A414001313131313131313131313131313133BE0
:10A42400131013192846FFF7FFFCFFF7ADFDFFF7E4
:10A434009FFD07B030BD002401940294039404945A
:10A44400059412238DF80430ADF80650284600F028
:10A454001DFBADF8080000F06FFA22464D4B197849
:10A464002846FFF76DFC22464B4B19782846FFF728
:10A4740067FC01A8FFF7B5FCD7E70630FFF79EFCA1
:10A484000028D2D00122454B19782846FFF758FC02
:10A49400FFF756FDC9E7424B19782846FFF736FC0B
:10A4A4000028C2D000223E4B19782846FFF748FC0A
:10A4B400E288B2F5857F10D0A2B96289012A1CD145
:10A4C400A289012A24D03748374BC01AC008000497
:10A4D400364940F0020007F01FF800212846FFF734
:10A4E4004DFFA2E72F48304BC01AC0080004304982
:10A4F40040F0020007F010F8EFE72A482A4BC01A90
:10A50400C00800042B4940F0020007F005F8D7E723
:10A514000022E1892846FFF749FC0028DDD1012209
:10A52400254B19782846FFF70BFC7EE7224B197858
:10A534002846FFF7EBFB00283FF477AF00221E4BC1
:10A5440019782846FFF7FCFBE28852B9E289012A10
:10A5540013D1217C003918BF01212846FFF70EFFD3
:10A5640063E71048104BC01AC0080004104940F0BB
:10A57400020006F0D1FF0021EFE70A480A4BC01A97
:10A58400C0080004094940F0020006F0C5FF00219C
:10A59400E3E700BF2F45002030450020324500206E
:10A5A4002D450020E87B0300487B030080880300DE
:10A5B40008880300448803002C450020AFDF70475F
:10A5C400B1DF7047B2DF7047B3DF704738B5044678
:10A5D400808800F08FFA6080002505B138BD2046E0
:10A5E40001F02CFB0135F8E730B589B0224B93E834
:10A5F400030008AB03E903000BE007238DF80430E4
:10A6040001A8FFF7E3FF35E01C4C208800F045FF6C
:10A6140020801A4B18884FF6FF7398422AD00022E4
:10A6240006A900F0BBFE04460028EDD000230193E8
:10A634000293039304930593104B1B88ADF80830E1
:10A64400112817D08628D8D00D4D0E4BED1AED08E1
:10A654002D0406F077FB0246084B1B880A4945F097
:10A66400010006F063FF08238DF80430039401A869
:10A67400FFF7ACFF09B030BD38D803003A450020DD
:10A68400F07B0300487B0300D088030008B5054B2A
:10A694001A884FF6FF739A4200D108BDFFF7A4FF52
:10A6A400FBE700BF3A4500202DE9F04784B082461D
:10A6B40000F0ECF94FF6FF73984200F087800746EC
:10A6C400012449E002AA0821384601F0BFF888B9FC
:10A6D400B8F8042003998B889A420DD10631284694
:10A6E4000DF038F940B90821384601F025F9D8B9F8
:10A6F4000B2607E0052807D13A460821384601F021
:10A7040073F90646002525E0334C344AA41AE408BC
:10A71400240406F017FB02465346314944F0010075
:10A7240006F004FF032653E02B4D2C4AAD1AED0826
:10A734002D0406F007FB03463A462A4945F001007A
:10A7440006F0F4FE0326DDE701250821384601F072
:10A75400F3F818BB002D3BD022460134A4B26B465B
:10A764000821384601F078F8814638BBDDF80480CA
:10A774000323454645F8063B08F1040229465046A2
:10A78400FFF720FF064600289CD00C28DCD00528C3
:10A7940001D00025D9E74E460025D6E70E4E0F4AD4
:10A7A400B61AF608360406F0CDFA03463A460D49C1
:10A7B40046F0010006F0BAFE0326CBE7072802D1D3
:10A7C40000250C26C6E706460025C3E743F2020629
:10A7D400304604B0BDE8F087F07B0300487B0300FB
:10A7E40028890300608903002DE9F04182B0054601
:10A7F40000F04CF94FF6FF73984205D1032400266C
:10A8040037464FF0010825E06A46082101F01EF89A
:10A8140020B9019B9F1D9E881C68F2E70324002633
:10A824003746EEE726B14FF00008032446460FE012
:10A834001B481C4BC01AC00800042A461A4940F0A1
:10A84400010006F069FE4FF00008032000E011202B
:10A854000B281CD12346324639462846FFF7B0FE62
:10A864000428F4D008280CD00B28F1D114F0020FDE
:10A8740009D1002FD6D04FF000080324464647469E
:10A88400E6E70020E4E74FF000080124E0E7B8F130
:10A89400000F02D002B0BDE8F0810B20FAE700BF40
:10A8A400F07B0300487B0300E089030000B585B01A
:10A8B4000DF10F03029300F0E9F801AA012100F061
:10A8C400C5FF20B9029B187805B05DF804FB002091
:10A8D400FAE7000010B504461348FFF775FE90B17F
:10A8E400124C134AA41AE408240406F02BFA024674
:10A8F400104944F0010006F00FFE032010BD43F29E
:10A9040003039842FAD14FF6FF72074B1988204689
:10A91400FFF754FE43F203039842F0D1024A13882E
:10A9240001331380EBE700BF38450020F07B0300C0
:10A93400487B0300588A030000B583B084466B4605
:10A94400064A92E8030083E80300002219466046A1
:10A9540000F024FD03B05DF804FB00BF40D8030001
:10A9640046DF704738B50546002405E0044B53F82C
:10A974002430284698470134012CF7D938BD00BF4C
:10A9840048D8030000230F2B03D8C25C1AB9013343
:10A99400F9E7002070470120704778B181B108B50C
:10A9A40003780A785340012B0CD806220131013078
:10A9B4000CF0D0FFB0FA80F0400908BD00207047C9
:10A9C400002070470020F8E72DE9F04104460D46C9
:10A9D40000F1110701F111081022013101300CF0CE
:10A9E400B9FF50B90646601CFFF7CCFF30B1681CB4
:10A9F400FFF7C8FF10B1012600E0002606F00106AB
:10AA040041463846FFF7C9FF637C03F0FE03042B7D
:10AA14000CD0062B11D06B7C03F0FE03042B0ED05C
:10AA2400062B01D0012302E0002300E0002300B143
:10AA34003BB946B153B1002006E00023F7E70023F9
:10AA4400F5E7012000E00020BDE8F0810120FBE7EC
:10AA540070B584B006460D4600F06AFC01AA0DF1FB
:10AA64000E01072000F06CFC50B1BDF80E40AC4262
:10AA7400F4D002993046FFF7A7FF0028EED001E09A
:10AA84004FF6FF74204604B070BD000013280DD8A3
:10AA940010B50446FFF7E0F828B104EB8404054B35
:10AAA40033F8140010BD4FF6FF70FBE74FF6FF704C
:10AAB400704700BF3C450020132816D838B504461B
:10AAC4000D46FFF7C9F868B104EB8404084B03EBA7
:10AAD4004403D3F802202A60DA881B7AAA80AB7177
:10AAE400002038BD43F20200FBE743F20200704746
:10AAF4003C45002038B505464FF6FF73984216D002
:10AB0400002401E00134A4B2132C0CD804EB840318
:10AB1400084A32F81330AB42F4D12046FFF79CF8D0
:10AB24000028EFD001E04FF6FF74204638BD0446FC
:10AB3400FBE700BF3C450020038843B9072B04D83A
:10AB4400C21892782AB90133F8E70020704701202F
:10AB540070470120704738B504460D46FFF7ECFFF7
:10AB640068B122882B889A4208D10822A91CA01C0B
:10AB74000CF0F0FEB0FA80F0400900E0002038BD8F
:10AB840030B585B0054600F0D3FB01AA0DF10E01E6
:10AB9400072000F0D5FB88B1029C04F14601284649
:10ABA400FFF7D9FF30B904F12A012846FFF7D3FF94
:10ABB4000028EAD0BDF80E0005B030BD4FF6FF7096
:10ABC400FAE70000132804D800EB8000014B23F8B7
:10ABD400101070473C45002038B50546FFF78AFF42
:10ABE4000446284600F0B2FE40B9132C06D804EB04
:10ABF4008404034B4FF6FF7223F8142038BD00BFC2
:10AC04003C45002010B58CB0144600230AE0C3F183
:10AC14000F0C10F80CE003F130020DEB020C0CF8F1
:10AC240030EC01330F2BF2D90023049305930693E0
:10AC34008DF81C3007E0C3F10F02C85C30326A445F
:10AC440002F8200C0133022BF5D96846FFF788FE81
:10AC5400002307E0C3F10F0230326A4412F8102CCB
:10AC6400E2540133022BF5D90CB010BD034602782F
:10AC740002F0FE02042A01D00020704700B585B01E
:10AC84000846B3F80110DA78ADF80C108DF80E20F0
:10AC94009A889B79ADF804208DF8063002AA01A9A0
:10ACA400FFF7B0FF032202A903A80CF053FEB0FA89
:10ACB40080F0400905B05DF804FB00000388102B08
:10ACC40072D100B593B00DF11C0E00F1040CBCE878
:10ACD4000F00AEE80F00BCE80F00AEE80F009CE8E0
:10ACE40007008EE807009DF8203003F0FE03062BD2
:10ACF4001BD14FF6FF71BDF81C202C4B02EB8200D8
:10AD040023F8101003EB40030898C3F80200BDF8C1
:10AD140024C09DF82600A3F806C018724FF6FF73EE
:10AD2400994236D113B05DF804FB00F001FB9DF8A5
:10AD340020305A08032B15D9022A10D102AA0DF18A
:10AD44000601072000F0FCFA00B30399013108A8BA
:10AD5400FFF78CFF0028F1D0BDF80610CBE74FF6C3
:10AD6400FF71C8E702AA0DF10601072000F0E8FA16
:10AD740048B10399113108A8FFF70FFE0028F1D05C
:10AD8400BDF80610B7E74FF6FF71B4E74FF6FF7151
:10AD9400B1E7ADF80A20ADF80C1000238DF80830A7
:10ADA40002A8FFF7DFFDBDE7704700BF3C45002068
:10ADB4008ADF70478BDF70478CDF704790F82E3046
:10ADC40043F0040380F82E30A023038650234386E7
:10ADD4000022828690F82E3062F3C40380F82E306D
:10ADE400012380F82F3070474FF4C873438506233E
:10ADF40083841823C38400230385704700B587B078
:10AE040000230193029303930493059306238DF87F
:10AE140004300B1D02930B88ADF80C3000F12E03A7
:10AE24000593C36B0BB101A8984707B05DF804FB09
:10AE340030B587B0002301930293039304930593E1
:10AE44000B79012B01D007B030BD05460C460C48E8
:10AE54000C4BC01AC00800040B4940F0040006F073
:10AE640055FBEB6B002BEED004228DF804202E351D
:10AE7400059522798DF8082001A89847E3E700BFDB
:10AE8400A87B0300487B0300D88A03002DE9F04126
:10AE940005460E4691F82070B0F81C80002401E0AD
:10AEA4000134E4B2BC4209D206EB44124146A8691B
:10AEB400FEF79AFC03460028F2D000E0002318466F
:10AEC400BDE8F08190F82E3003F01803082B03D06E
:10AED400182B03D0002070470120704701207047D1
:10AEE40008B5FFF767FF08BD2DE9F04186B090F87B
:10AEF4002C8090F8233013B906B0BDE8F0810446E5
:10AF04008D1C00F12E0600F12407FFF7E9FF002352
:10AF14000193029303930493059343463A463146BF
:10AF24002846FFF749FF06460D4D0E4BED1AED0876
:10AF34002D0445F004050C49284606F0E7FA0523DC
:10AF44008DF80430029632460849284606F0E4FAA1
:10AF5400002ED1D0E36B002BCED001A89847CBE7CD
:10AF6400A87B0300487B0300F08A0300FC8A0300EB
:10AF740070B586B004460D460023019302930393F3
:10AF84000493059300F12E030593FFF79BFFC8B9C3
:10AF940094F8226094F821302BBB002211460295CC
:10AFA400002E3AD0914230D003238DF80430E36B65
:10AFB4000BB101A8984704F160010020FFF7F8FEE7
:10AFC40006B070BD02238DF804300295E36B01A82E
:10AFD400984704F160010020FFF7EAFE2946204665
:10AFE400FFF782FFECE721462846FFF74FFF0346B1
:10AFF40040B19DF80C2042F001028DF80C20012292
:10B004001146CCE700220121C9E700238DF8043062
:10B0140029462046FFF768FFC9E7002BC4D0002368
:10B024008DF8043029462046FFF75EFFBFE700286D
:10B034003CD038B50D460446C263232200210CF0EF
:10B04400F5FC4DB32B7984F823302B7B84F82C301A
:10B054002B68CBB1186859689A68C4F82E00C4F8F4
:10B064003210C4F836209B896387AA6882B104F140
:10B0740024031068516803C304F1400323661F23AB
:10B08400A4F86430002038BD2046FFF797FEECE7B3
:10B094002046FFF7A9FEEFE72046FFF78FFE204684
:10B0A400FFF7A2FE002384F82330E5E70E20704763
:10B0B40010B586B0002837D00446002301930293CC
:10B0C400039304930593FFF70BFF2046FFF7FAFE63
:10B0D40030B1E36B23B101228DF8042001A8984715
:10B0E40004F1600104F12E00FFF762FE0446082813
:10B0F40000D068B90D480E4BC01AC00800040D49B1
:10B1040040F0040006F002FA0024204606B010BD08
:10B114000648074BC01AC00800042246064940F0FE
:10B12400010006F0F9F9F0E70E24EEE7A87B03002E
:10B13400487B0300388B0300148B030008B50346D7
:10B14400084603F10802194631F8043B1B2B0AD0C8
:10B154001D2B04D0102B05D1FFF750FE02E0114641
:10B16400FFF706FF08BDFFF763FEFBE7A0F580408D
:10B1740080B2704700F5804080B27047A0F58040EF
:10B1840080B270470138082806D8DFE800F00705C8
:10B1940005070707070707000020704701207047CD
:10B1A40038B505464FF6FF734380002404B138BD1B
:10B1B400284600F017FB0134F8E700B587B00023F8
:10B1C4000193029303930493059308238DF80430A9
:10B1D400ADF80800039101A8FFF7E2FF07B05DF89E
:10B1E40004FB000030B587B00023234A1370019399
:10B1F40002934FF6FF7000F0B3FC044606E02046CD
:10B2040000F056FC204600F0ABFC04464FF6FF73FA
:10B214009C420AD02046FFF7A9FF01AA03A904F023
:10B2240029FD48F209639842E9D04FF6FF739C4226
:10B2340001D107B030BD2046FFF798FF04F0D8FCD9
:10B24400054648F20763984212D00028F1D00B4813
:10B254000B4BC01AC008000423462A46094940F093
:10B26400010006F063F929462046FFF7A6FFE0E750
:10B27400014B01221A70DCE70C460020107C03000D
:10B28400487B0300508B030070B582B00E46154610
:10B29400002300930193FFF769FF04463046FFF74C
:10B2A4006DFF01466B462A46204604F0C7FC08B9E8
:10B2B40002B070BD0520FBE7F0B587B0FF282DD89C
:10B2C40005460C4617461E460846FFF75BFF38B393
:10B2D40003AA21462846FFF7D7FF28BB01A903A8E4
:10B2E40004F01AFC054608BBBC70019B5B883B80DC
:10B2F40076B19C003368A34228BF23461E461A46F3
:10B30400029978680CF060FBB44203D90C2508E07C
:10B31400029B7B6003A804F02BFC02E0072500E0FD
:10B324000725284607B0F0BD0525FAE70525F8E707
:10B33400024B00221A605A60704700BF0446002086
:10B34400F0B587B007460E461446FFF71BFF18B941
:10B354000125284607B0F0BD05463846FFF70EFF25
:10B364000D4A03A904F078FC08B10025F1E701A90E
:10B3740003A804F0D1FB08B10025EAE7A770019BFC
:10B384005A882280029A62609888FFF7F3FE308020
:10B3940003A804F0EDFBDCE704460020F0B587B019
:10B3A400FF2856D806460C4617468D782846FFF7E0
:10B3B400E9FE00284FD03046FFF7D8FEADF80C0068
:10B3C4002846FFF7DBFEADF80E006368049323887C
:10B3D40005936A46A1783046FFF756FF05281AD030
:10B3E40003A9684604F0FAFB0446E4B148F20D638D
:10B3F4009C4220D848F202639C421CD3A4F5064325
:10B40400023B0B2B17D8DFE803F0141616162A0C90
:10B4140016161616160C03A9684604F0D9FB044642
:10B42400E3E7112418E0BFB13946684604F030FC64
:10B4340012E0102410E00B480B4BC01AC0080004A3
:10B4440033462246094940F0010006F06FF8032410
:10B4540002E0072400E00724204607B0F0BD86245C
:10B46400FAE700BF107C0300487B03009C8B0300B9
:10B4740008B54FF6FF7000F001FB08BDFF2806D8A1
:10B4840008B500F003FBFFF7ADFE002008BD072060
:10B49400704708B500F01AFB08BD08B500F048FB7A
:10B4A40008BD08B500F05CFB08BD4FF6FF730380D0
:10B4B4008370FF234372837A23F002038372DBB227
:10B4C40023F001038372002303724360704700007A
:10B4D4000B68032B14D810B403EB4302094C34F863
:10B4E4002220824204D00133032BF5D9002004E04A
:10B4F4000B6003EB430304EB83005DF8044B7047DC
:10B50400002070471046002030B583B005460C4635
:10B514000023019301A9FFF7DBFF06E0019B013340
:10B52400019301A92846FFF7D3FF48B18378A342CA
:10B53400F4D1837A13F0030FF0D14368002BEDD1DB
:10B5440003B030BD0023032B0DDC03EB4301074A9A
:10B5540002EB81025268824201D00133F3E70348CF
:10B5640000EB810070470020704700BF10460020A8
:10B5740008B5FF214FF6FF70FFF7C6FF08BD58B1AD
:10B5840070B50D4614460646FFF7F2FF306010B161
:10B59400058033689C7070BD7047000038B505465F
:10B5A400002405E0044B53F824302846984701341E
:10B5B400032CF7D938BD00BF50D8030003EB830335
:10B5C4001B019BB2817042609B080380704708B5E1
:10B5D4009BB2FFF7F3FF08BD8378013B072B13D819
:10B5E400DFE803F007121212120A040D1423038079
:10B5F4007047012303807047012303807047436829
:10B604009B8809339B0803807047000038B50546C2
:10B61400002406E0697A2144C9B2054800F093FC8D
:10B6240001342B7AA342F5D82846FFF73EFF38BDF4
:10B634004046002030B583B00446002300930193B4
:10B6440083788DF80230417A2D4800F068FC20B3ED
:10B654000246237AA1786846FFF7B9FF6846FFF7E8
:10B66400BBFF224632F8040B6946FFF797FE112808
:10B6740038D01FD860B3072832D0224D224BED1AA0
:10B68400ED082D0405F05EFB024623881F4945F0B2
:10B69400010005F04BFF032022E01A481A4BC01AA0
:10B6A400C0080004627A1A4940F0010005F034FF32
:10B6B400032015E08628E0D1A37A23F00203A372C5
:10B6C400DBB243F00103A372124B01221A7007E0AC
:10B6D400A37A23F00203A372DBB223F00103A37263
:10B6E40003B030BDA37A43F00203A372DBB223F0AC
:10B6F4000103A372074B01221A700020F0E700BF78
:10B7040040460020087C0300487B0300488C03006B
:10B71400088C03000D46002030B587B00446FFF7BF
:10B7240089FF10B9012007B030BD4FF6FF72ADF8A4
:10B7340006202288ADF80820862807D107238DF833
:10B74400043001A8FFF72AFF0020ECE708228DF857
:10B7540004200390074D084AAD1AED082D0405F0A6
:10B76400F1FA02462388054945F0010005F0DEFEA2
:10B77400E7E700BF087C0300487B0300788C0300E4
:10B7840038B5164B1B783BB305460024134B1C708D
:10B794000DE0124B01221A7001B93DB104EB4400D3
:10B7A4000F4B03EB8000FFF7B7FFA8B10134032C64
:10B7B40012D804EB44020A4B03EB82039B7AC3F3D3
:10B7C400400113F0020FE4D1054B03EB82039B7A93
:10B7D40013F0010FEAD0DCE738BD00BF0D460020AE
:10B7E4001046002038B50446C068FFF7ABFE237846
:10B7F4000A2B0AD0142B15D0092B1BD1637ADBB981
:10B80400E0B1FFF703FF00250DE0637AC3B9C8B1C7
:10B8140000254560837A43F0020383720A4B0122B8
:10B824001A7003E001252046FFF7B8FE2846FFF70B
:10B83400A7FF38BD0025F6E70025F4E70025F2E769
:10B844000025F0E70025EEE70D46002008B50023AB
:10B85400FFF732FD08BD0000002B59D0F0B583B0CE
:10B8640006460C4615461F46CB1FDBB2012B51D8AA
:10B87400531E032B51D8FFF747FE0190D0B1037A32
:10B88400AB424CD1019E737AFF2B1DD00026019B45
:10B894001D72597A244800F042FB024618B3ABB239
:10B8A40021463846FFF78AFE002E3AD0082C28D0CD
:10B8B400002030E02246314601A8FFF760FE019BDC
:10B8C400002BDFD1112026E02946174800F050FB59
:10B8D40070720198437AFF2B01D00126D7E7FFF756
:10B8E400E4FD112017E01148114BC01AC0080004F0
:10B8F400019B5A7A0F4940F0010005F00DFE032028
:10B9040009E03B887A689B00063B9380002002E0B4
:10B914000E207047072003B0F0BD0720FBE70F207F
:10B92400F9E70020F7E700BF40460020087C030049
:10B93400487B0300D88C030008B5FFF7E5FD18B178
:10B94400FFF764FE002008BD0520FCE770B584B055
:10B9540005460023039303A9FFF7BAFD044607E055
:10B96400039B0133039303A92846FFF7B1FD044663
:10B97400D4B1A1782846FFF7DFFF0028F0D00528CE
:10B98400EED0154E154AB61AF608360405F0DAF963
:10B994000246A37800932B46114946F0010005F0B6
:10B9A400D0FD032004B070BD2846FFF767FD0028D2
:10B9B400F8D00728F6D0084C084BE41AE40824040D
:10B9C40005F0C0F903462A46064944F0010005F093
:10B9D400ADFD0320E6E700BF087C0300487B0300BD
:10B9E4004C8D0300A48D0300CB1FDBB2012B11D8B7
:10B9F40070B506460C4615461046FFF74AFD58B189
:10BA040021463046FFF780FD40B105808470FFF782
:10BA140011FE70BD072070470720FAE70520F8E7FC
:10BA240010B5044608464FF6FF739C4204D0FF2C21
:10BA34000CD94FF6FF7010BD4FF4807104F0F9F982
:10BA440080B2B0F5807FF6D12046F4E7214604F0B9
:10BA5400CCF980F0010010F0FF0F01D02046EAE796
:10BA64004FF6FF70E7E708B50346FF2800D908BD85
:10BA74000846194604F0C7F9F9E7000008B5024979
:10BA8400FFF7CEFF08BD00BF504600204FF6FF73FE
:10BA9400984209D010B504460449FFF7C1FF844217
:10BAA40014BF0020012010BD002070477046002004
:10BAB40038B50446044D2946FFF7D5FF05F12001AA
:10BAC4002046FFF7D0FF38BD50460020FF2801D99B
:10BAD4000020704708B50146014804F0A1F908BDEB
:10BAE40050460020FF2801D90020704708B50146C0
:10BAF400014804F095F908BD7046002038B50D469C
:10BB04004FF6FF73984202D0441CA4B203E0002411
:10BB140001E00134A4B2FF2C06D82146284604F0E3
:10BB24007FF90028F5D001E04FF6FF74204638BDB8
:10BB340010B50A49FFF7E2FF044604E0074920462E
:10BB4400FFF7DCFF04464FF6FF739C4204D0204607
:10BB5400FFF7C8FF0028F1D1204610BD5046002051
:10BB640008B50249FFF7CAFF08BD00BF70460020B0
:10BB740038B50546002405E0054B53F82430284623
:10BB840098470134034B1B78A342F5DC38BD00BF52
:10BB9400944600209046002010B586B0848803881F
:10BBA400102B06D0144B19782046FEF7AFF806B0D8
:10BBB40010BD00238DF80330019302930393049383
:10BBC400059301238DF804304FF6FF73ADF8083068
:10BBD400ADF80640083003900DF10303049301A867
:10BBE400FFF7C6FF9DF80320034B19782046FEF7A4
:10BBF400A7F89DF80300DAE7282B0020094B1B78EF
:10BC040003B9704710B50446FFF7C6FF00B110BD75
:10BC14002046FFF753F8204601F032F82046FEF79D
:10BC2400E7FBF4E7AE46002018B108B5FFF7A0FF24
:10BC340008BD704708B5FFF79BFF08BD08B5FFF7BF
:10BC440097FF08BD08B5FFF793FF08BD2DE9F04F36
:10BC540087B00193364B1B78002B63D083468A460A
:10BC640091464FF6FF70FFF718FC04460023059336
:10BC7400042204920293039305AB039304AB02AA38
:10BC84000621FFF719FB072850D04FF6FF77B84677
:10BC94004FF0FF35002611E0059BB34201D3A046C7
:10BCA4001E46AB4201D227461D462046FFF7F5FB50
:10BCB400044604AB02AA0621FFF7FEFA0028EBD0E3
:10BCC4000528F2D04FF6FF739C421BD1984517D03C
:10BCD4009F4213D00020BBF1000F01D0ABF80080CD
:10BCE400BAF1000F01D0CAF80060B9F1000F01D019
:10BCF400A9F80070019BB3B11D6014E00520EAE7C8
:10BD04000520E8E70B4D0C4BED1AED082D0405F06A
:10BD140019F802462346094945F0010005F006FCDE
:10BD2400032000E0082007B0BDE8F08F0520FAE703
:10BD3400AE460020E07B0300487B03000C8E03002A
:10BD440008B500231A460C490C48FFF77FFF052865
:10BD540004D068B1052809D000220AE0074B4FF649
:10BD6400FF721A80044B00221A60F2E7012200E0FD
:10BD74000122034B1A7008BDA4460020A0460020EF
:10BD8400AD46002030B587B004468088FEF7B2FE89
:10BD940060802378093B032B00F28280DFE803F004
:10BDA4000232457D637AE3B94D4B1B6813B1E268F7
:10BDB40093420ED04B4B1B78002B71D0A2884A4B78
:10BDC4001B889A426CD1237A062B69D1FFF7B8FFFE
:10BDD40066E00023424A1360A188434A1180E3606D
:10BDE4005EE0012B5CD13F4B1B78002B58D0A2881E
:10BDF4003D4B1B889A4253D1237A062B50D1FFF72F
:10BE04009FFF4DE0637A002B4AD1354B1B68002B12
:10BE140046D0E268934243D10022314B1A60334941
:10BE24000B68013B0B60E2603AE0314B1D7855B979
:10BE340001252C4B1B7823B1A2882B4B1B889A42DB
:10BE440028D085B32CE04FF6FF70FFF726FB4FF6A2
:10BE5400FF739842EDD11846FFF723FB4FF6FF73AB
:10BE64009842E6D10025224B1D7001950295039559
:10BE7400049505950D238DF804304FF6FF73ADF846
:10BE84000830ADF806302046FFF772FE01A8FFF730
:10BE94006FFECEE7FFF754FFD3E7154B1B7823B9AA
:10BEA4002046FFF765FE07B030BD0023104A13702B
:10BEB400019302930393049305930E238DF80430A6
:10BEC4004FF6FF73ADF80830ADF80630A36803935E
:10BED4002046FFF74DFE01A8FFF74AFEE3E700BF47
:10BEE400A8460020AD460020A0460020A44600201D
:10BEF400AC46002008B503F078FF80F00100C0B222
:10BF0400BFF35F8F08BD08B5BFF35F8F03F088FFF1
:10BF140008BD08B5BFF35F8F03F075FF08BD38B5E2
:10BF2400054668B10C46006850B1686840B1FF2905
:10BF340007D0FFF7E8FF20B12868EB6803FB040093
:10BF440038BD0020FCE790B138B50C4605460368BF
:10BF54001BB1406808B1FF2900D138BDFFF7D3FFFA
:10BF64000028FAD021466868FFF7D3FFF5E7704749
:10BF7400F8B550B30F460646036843B3436843B36A
:10BF84000025FF2405E02B1B0133BB421BD00135E8
:10BF9400EDB2B3689D4215D229467068FFF7AAFF37
:10BFA40018B1FF2CEFD12C46EDE7FF2CEFD005E0C4
:10BFB40021463046FFF7C7FF0134E4B2A542F7D863
:10BFC400FF24E4E7FF242046F8BDFF24FBE7FF2419
:10BFD400F9E7FF24F7E77EDF70477FDF704786DFEE
:10BFE400704708B5FFF7F7FF042800D008BD1120FB
:10BFF400FCE719B108B5FFF7F4FF08BD002070474E
:10C0040038B504464088FEF741FDA080002505B1FF
:10C0140038BD204600F004FE0135F8E700B587B0CE
:10C0240000230193029303930493059305238DF84E
:10C034000430ADF8060001A8FFF7E2FF07B05DF891
:10C0440004FB00B587B00023019302930393049388
:10C05400059308238DF80430ADF80600039101A878
:10C06400FFF7CEFF07B05DF804FB000000B587B012
:10C0740094460022019202920392049205924FF098
:10C08400040E8DF804E0ADF806008DF80C10ADF840
:10C094000EC08DF81030054B1978FDF751FE01A83C
:10C0A400FFF7AEFF07B05DF804FB00BF2C2B0020A8
:10C0B40000B587B00023019302930393049305937F
:10C0C40002238DF80430ADF806008DF80C1001A899
:10C0D400FFF796FF07B05DF804FB000070B5054656
:10C0E4000C4616460A460E4B1978FDF729FE04B98C
:10C0F40070BD321E18BF01220A4B19782846FDF77D
:10C104001FFE012E14BF00220122074B1978284676
:10C11400FDF716FE31462846FFF7CAFFE8E700BFE1
:10C124002C2B00202B2B00202A2B002000B587B0BD
:10C1340000230193029303930493059306238DF83C
:10C144000430ADF80600039101A8FFF759FF07B0CA
:10C154005DF804FB10B504460088FDF789FD01284D
:10C1640005D0214631F8040BFFF7E0FF10BD02466D
:10C174002088237913F0010F00D102220121FFF757
:10C18400ADFFEEE700B587B000230193029303935C
:10C194000493059307238DF80430ADF8060001A835
:10C1A400FFF72EFF07B05DF804FB00B587B003234B
:10C1B4008DF804300388ADF80630437913F0040F8A
:10C1C4000AD001238DF80C308DF80D1001A8FFF76B
:10C1D40017FF07B05DF804FB0223F3E7F0B583B063
:10C1E40043B304460E4617461D4600F580706B4661
:10C1F4000122072180B2FFF72FFB112818D030BB92
:10C204005022002101980BF011FC019B1E70019932
:10C2140001F134032B60EF6001F118032B614B1C17
:10C224006B611B4BEB6111312046FEF745FCF0B905
:10C2340003B0F0BD1748184BC01AC0080004174AD1
:10C24400174940F0010005F067F90320F0E7114DAC
:10C25400114BED1AED082D0404F074FD024623463B
:10C26400104945F0010005F061F90320E0E7094DAC
:10C27400094BED1AED082D0404F064FD0246234633
:10C28400094945F0020005F051F90820D0E700BF44
:10C29400B0460020207C0300487B030060D80300E4
:10C2A400888F0300BC8F0300209003002DE9F8431E
:10C2B40004460D461646184B1978FDF727FD90B134
:10C2C400012704F58070072180B2FFF735FB804613
:10C2D40008B1052809D133462A4639462046FFF7D6
:10C2E400C5FEBDE8F8830227EBE70C4B0C4AA3EB31
:10C2F40002094FEAD9094FEA094904F023FD02462D
:10C304002346084949F0010005F010F9414620464A
:10C31400FFF797FEDFE700BF2A2B0020207C0300F5
:10C32400487B03007090030070B506460C46154622
:10C334000C4B1978FDF7EAFC00B970BD0A4B19786B
:10C344003046FDF7E3FC28B12A4621463046FFF784
:10C35400ADFFF2E72B46224600213046FFF786FE6A
:10C36400EBE700BF2C2B00202B2B002008B5037912
:10C374003D2B06D04FF4885100220088FFF7D4FFEC
:10C3840008BD41F23D01F7E708B5427902F0030226
:10C3940001790088FFF7C8FF08BD0000F0B585B03B
:10C3A400044600F10C063046FEF7EAFB4FF6FF7335
:10C3B400984227D0054601462088FEF703FC002258
:10C3C40001212088FFF78AFE4FF6FF739D421ED19C
:10C3D400002700231A4639462088FFF700FE064648
:10C3E400082833D000283CD1A37D13F0010F4BD093
:10C3F400002F49D1002341F2060219462088FFF795
:10C4040035FE41E02088FEF741FB0546D7E702AA46
:10C4140007212846FFF71AFAA0B9039FA37D13F05A
:10C42400010F11D097F8443013F0010F01D03437C5
:10C43400CFE7314607F14600FEF78DFB0028F6D121
:10C444000027C6E70027C4E70027C2E70F48104BC0
:10C45400C01AC00800040F4940F0020005F056F865
:10C4640012E00A4F0A4BFF1AFF083F0404F06AFC6B
:10C47400024600952388084947F0010005F061F859
:10C4840031462088FFF7DDFD05B0F0BD207C0300B8
:10C49400487B0300DC9003004C9103002DE9F0433A
:10C4A40085B00446078800225D4B19783846FDF7AD
:10C4B40047FC637913F0040F3FD007F58076B6B2DA
:10C4C40002AB012207213046FFF7C6F98046002857
:10C4D4003AD13846FEF7DAFA05464FF6FF7398422A
:10C4E40049D04FF000082A4607213046FFF77CFA6E
:10C4F4008146002800F08680862800F08880494E16
:10C50400494BF61AF608360404F01CFC0246009562
:10C514003B46464946F0010005F013F849463846C3
:10C52400FFF78FFD00212046FFF73FFEB8F1000F13
:10C5340007D02846FEF750FB03E000212046FFF712
:10C5440034FE05B0BDE8F083364D374BED1AED08E7
:10C554002D0404F0F7FB02463B46354945F0010043
:10C5640004F0E4FF41463846FFF76BFD0021204606
:10C57400FFF71BFEE5E719460398FEF769FA05463F
:10C584004FF6FF7398421CD001463846FEF71AFB5B
:10C59400284B19783846FDF7B9FB804610B14FF0A7
:10C5A4000008A0E73846FFF739FD224B19783846D2
:10C5B400FDF7ACFB002896D100212046FFF7F5FDDE
:10C5C400BFE7FEF755FF05464FF6FF73984206D0C6
:10C5D40001463846FEF7F6FA4FF0010883E71148A2
:10C5E400114BC01AC0080004134940F0010004F0C4
:10C5F4008DFF04213846FFF724FD00212046FFF774
:10C60400D4FD9EE701212046FFF7CFFD99E7384688
:10C61400FFF7B8FD01212046FFF7C7FD91E700BFF2
:10C624002C2B0020207C0300487B03004C92030049
:10C63400BC910300292B00201892030008B503794C
:10C6440013B9FFF72BFF08BDFFF79EFEFBE70000C1
:10C6540010B586B00446144B19780088FDF756FBD4
:10C6640008B106B010BD2088FDF726FB38B90123B8
:10C6740041F2060200212088FFF7F8FCF1E70022CE
:10C684000A4B19782088FDF75BFB03238DF80430EF
:10C694002388ADF8063000238DF80C308DF80D306A
:10C6A40001A8FFF7ADFCDCE72B2B00202C2B00208E
:10C6B4002DE9F04188B007460D461646FDF7D8FA35
:10C6C40004462022002168460BF0B0F9012C16D054
:10C6D400002C4FD0002D3FD03846FEF7D7F94FF647
:10C6E400FF73984227D0012C10D04FF000082B780C
:10C6F40013F0010F25D10396204B07932EE000225F
:10C704001F4B19783846FDF71BFBE1E71C4B1978E2
:10C714003846FDF7FBFA10B14FF00008E7E738465A
:10C72400FFF77CFC164B19783846FDF7EFFA28B171
:10C734004FF00008DBE74FF00008D8E74FF085081A
:10C74400D5E7B8F1850F09D06B4632462146384605
:10C75400FFF744FD58B901E04FF08508012C00D0E3
:10C7640000256B462A4641463846FFF736FC08B09A
:10C77400BDE8F08143F20200F9E700BFB0460020B3
:10C78400292B002038B504460D46FDF771FA01281F
:10C7940002D043F2020038BD29462046FFF729FCA7
:10C7A400F9E708B50388113B092B09D8DFE803F042
:10C7B4000508090D0808080811150430FFF7D6FD0F
:10C7C40008BD0430FFF7C6FCFAE70430FFF7E6FDC6
:10C7D400F6E70430FFF732FFF2E70430FFF738FFE3
:10C7E400EEE700000022026042608260014A1268A3
:10C7F40002607047F846002010B504461046002336
:10C8040023606360A360E360236121706280FEF7AC
:10C814003DF9A080204610BD00B583B06A460721CB
:10C82400FFF714F838B9019B93F8443013F0010F63
:10C8340002D0012000E0002003B05DF804FB38B50D
:10C844000546002404B138BD2846FFF7EDF901344C
:10C85400F8E708B5FFF7F3FF08BD30B587B00D461C
:10C8640014460246062101A8FFF7C6FF0395049467
:10C8740001A8FFF7E4FF07B030BD10B586B002464B
:10C884000C46082101A8FFF7B7FF039401A8FFF79E
:10C89400D6FF06B010BD000010B50446134611299A
:10C8A4000DD000226BB10A4B19782046FDF748FAE7
:10C8B4000022084B19782046FDF742FA10BD0122E8
:10C8C400F0E7044B19782046FDF73AFAF6E700BF83
:10C8D4002D2B0020302B002070B586B00546112981
:10C8E40034D8DFE801F02D333333333333332D338E
:10C8F400333333093333332D16461F481F4BC01AC5
:10C90400C00800042A461E4940F0020004F004FE58
:10C914002A4604210DEB0100FFF76EFF96B1337830
:10C9240013F0010F10D102238DF80C3000238DF881
:10C93400103041F20113ADF80E3001A8FFF77FFF6C
:10C9440006B070BD0223EFE70123EDE70C460A4E63
:10C954000A4BF61AF6083604084604F0F3F90246C0
:10C964002B46084946F0010004F0E0FD2146284624
:10C97400FFF783FFE4E700BF187C0300487B030054
:10C98400B89203007093030030B585B004460D4699
:10C9940001A8FFF727FF01AA29462046FFF75DFFFC
:10C9A400094B1A6801992046FFF782FE05460122C9
:10C9B40001462046FFF770FF019A29462046FFF7FB
:10C9C4008BFF05B030BD00BFF046002008B5002144
:10C9D400FFF7DAFF08BD00002DE9F04385B00446F7
:10C9E40016461F46884689B901A8FFF7FBFE01AA2F
:10C9F40000212046FFF731FFDDF80490284B1B7817
:10CA040033B99DF80D301BB9052625E04FF0000918
:10CA1400324649462046FFF7B5FE05460022014648
:10CA24002046FFF739FF112D1AD80123AB4042F6F7
:10CA34000112134229D113F4003F15D04246194B79
:10CA440019782046FDF77CF93246174B19782046B1
:10CA5400FDF776F90026E7B9304605B0BDE8F08366
:10CA640043F202039D4212D0104E114BF61AF608FF
:10CA74003604284604F066F9024623460D4946F07A
:10CA8400010004F053FD0326E5E72E46E3E72E46B6
:10CA9400E1E74A4629462046FFF71EFFDCE700BFD0
:10CAA400F44600202E2B00202F2B0020187C03009E
:10CAB400487B0300DC93030038B50446084B19781F
:10CAC400FDF724F90546074B19782046FDF71EF9B2
:10CAD400014601232A462046FFF77EFF38BD00BFEA
:10CAE4002F2B00202E2B0020002943D0F8B505461B
:10CAF4000C46FDF7CFF8064600283DD02846FDF742
:10CB0400C5FF0746022E14BF00260126237866F3CC
:10CB1400000323704FF6FF73C31A18BF0123227852
:10CB240063F3C30222702846FDF7C6F8237860F346
:10CB3400410323702846FDF7CDF8237860F3820380
:10CB440023702846FDF7D4F830B10122237862F32C
:10CB5400041323700020F8BD2846FDF7ADF808B98A
:10CB64000022F3E73846FFF757FE08B90022EDE745
:10CB74000122EBE70E20704743F20200EBE710B509
:10CB840082B00C4600238DF80430E0238DF8043085
:10CB940001A9FFF7A9FF9DF80430DB435BB22278BB
:10CBA4001A4010B912B9012000E0002002B010BDF3
:10CBB40030B583B00446194B1B6833B34088FDF786
:10CBC4007BF8014608B9024621E000258DF804509F
:10CBD400237AC3F340012A4661F382028DF80420CC
:10CBE400D2B263F3C3028DF80420C3F38003D2B23C
:10CBF40063F304128DF8042001A96088FFF7BFFFD6
:10CC040080F00102D2B2294601E000220121012371
:10CC14006088FFF7E1FE03B030BD00BFF846002096
:10CC240010B504460378062B07D0132B01D1FFF768
:10CC3400BFFF2046FFF70DFE10BD81684088FFF757
:10CC4400A3FEF9E708B503780C2B02D8092B02D20E
:10CC540008BD142BFCD100220549064B1878FDF7BA
:10CC640089F800220449054B1878FDF783F8EFE7AB
:10CC7400D1C902002D2B0020BDCA0200302B002098
:10CC840008B5FFF78EFD00220549064B1878FDF71D
:10CC940071F800220449054B1878FDF76BF808BDBC
:10CCA400D1C902002D2B0020BDCA0200302B002068
:10CCB4000268134600E01B6813B18B42FBD101E00C
:10CCC4000A60016070470346006808B102681A6090
:10CCD4007047000038B5054608B9064C04E0064C18
:10CCE40002E04368284698472046FFF7ECFF0028F7
:10CCF400F7D138BD044700200C47002010B5044686
:10CD040010B1012C06D010BD054B01225A70FFF75B
:10CD1400E1FFF6E70120024B9870FFF7DBFFF2E733
:10CD2400FC46002000B1704708B5034B01225A703D
:10CD3400FFF7D0FF08BD00BFFC46002008B505F092
:10CD440073F820B9074BD3F800342BB108BD06495A
:10CD54007B2002F0A9FFF5E700F0EEF9034B002277
:10CD64009A70F3E70000014044940300FC4600205D
:10CD740010B5104B1B784BB185240F4BD3F80034FE
:10CD840013B10C4B01229A70204610BD094B0022AE
:10CD94009A605A601A61DA60084800F07FF9044624
:10CDA40005F042F818B1034B01221A70E5E700F0D0
:10CDB4008DF9F8E7FC4600200000014001CD020097
:10CDC40010B582B00446224B1B78D3B1204B9B781C
:10CDD400E3B114B163680120984700238DF807304C
:10CDE4000DF1070002F038F8194AD3680133D36013
:10CDF4009DF8070002F042F8154BDB680BB302B054
:10CE040010BD1449F62002F04FFFDFE700238DF830
:10CE140007300DF1070002F01FF81CB121460E483F
:10CE2400FFF746FF0A4BDB6843B1094AD368013375
:10CE3400D3609DF8070002F021F8DDE700F05CF90B
:10CE4400F3E704494FF4897002F02EFFD7E700BFDF
:10CE5400FC460020449403000C47002000B583B036
:10CE6400144B1B78B3B1134BDB68CBB100238DF8A3
:10CE740007300DF1070001F0EFFF0E4BDA68013ABD
:10CE8400DA60DB6893B19DF8070001F0F7FF03B0A7
:10CE94005DF804FB084940F2171002F005FFE2E7D1
:10CEA40005494FF48C7002F0FFFEDFE7FFF746FF01
:10CEB400E9E700BFFC4600204494030000B583B0BA
:10CEC40001280DD0032823D038B9184B0122C3F808
:10CED4008020BFF34F8FBFF36F8F03B05DF804FB67
:10CEE40000238DF807300DF1070001F0B5FF104B5A
:10CEF4001B7853B10E4BDA680132DA6001229A7062
:10CF04009DF8070001F0BAFFE7E7FFF731FFF1E70B
:10CF1400074B1B7823B100F0D9F8FFF79FFFDCE73C
:10CF2400044940F2522002F0BFFEF4E700E100E0C1
:10CF3400FC4600204494030000B587B003788DF8C4
:10CF440004304368029383688DF80C30C3680493FB
:10CF540003698DF81430054B53F82130044A52F814
:10CF6400211001A8984707B05DF804FB2047002072
:10CF74001047002070B584B08C46144686461EF8CF
:10CF8400045B1C4A42F825401B4A42F825301B4BDF
:10CF94000FCB04AE06E90F009CF800308DF800308A
:10CFA4009CF801308DF801309CF802308DF8023085
:10CFB4009CF803308DF803309CF804308DF805306C
:10CFC4009CF805308DF80630DCF8083002939CF8A4
:10CFD4000C308DF80C309CF80D308DF80D3004B108
:10CFE400074C2B4622466946704601F0B7FC04B054
:10CFF40070BD00BF204700201047002070D80300F8
:10D004003DCF0200002807DB00F01F024009012386
:10D014009340024A42F82030704700BF00E100E02C
:10D02400002808DB4901C9B200F1604000F5614005
:10D0340080F80013704700F00F004901C9B2014B9A
:10D044001954704714ED00E038B505460C468B1EA4
:10D05400DBB2012B03D94B1FDBB2022B04D82146D0
:10D064002846FFF7DDFF38BD02496B2002F01CFEA5
:10D07400F5E700BFE894030008B5074B1B6813F0FD
:10D08400010F00D008BD06210020FFF7DDFF0020BE
:10D09400FFF7B8FFF6E700BF00E100E010B5044673
:10D0A40048B1084B1B795BB9064B1C6001221A710D
:10D0B4000020587110BD0449A42002F0F5FDF0E7EA
:10D0C4008520F7E7304700203895030008B5084B62
:10D0D4001B793BB1FFF7D0FF4FF080430122C3F827
:10D0E400182508BD0349BD2002F0DEFDF2E700BFAC
:10D0F400304700203895030000B583B00C4B1B79F2
:10D1040083B14FF080430022C3F80421D3F80421F3
:10D114000192019A0222C3F8042301229A6003B007
:10D124005DF804FB0349EA2002F0BEFDE9E700BF15
:10D13400304700203895030000B583B00F4B1B79AE
:10D14400BBB14FF080430222C3F808230022C3F886
:10D154000421D3F804210192019A0122DA604FF0EC
:10D164008043D3F8183413F4803FF8D103B05DF84A
:10D1740004FB0349F72002F097FDE2E73047002063
:10D184003895030000B583B04FF08043D3F80031E5
:10D194009BB14FF080430022C3F80021D3F8002153
:10D1A4000092009A0122C3F80823104B5B7923B93B
:10D1B4000E4B5A711B68002098474FF08043D3F8F8
:10D1C40004317BB14FF080430022C3F80421D3F82B
:10D1D40004210192019A0222C3F80823034B1B681D
:10D1E4000120984703B05DF804FB00BF30470020DE
:10D1F400002807DB00F01F02400901239340024A84
:10D2040042F82030704700BF00E100E0002808DB4E
:10D214004901C9B200F1604000F5614080F8001393
:10D22400704700F00F004901C9B2014B195470470F
:10D2340014ED00E010B40D4C00F5A27054F8203049
:10D2440023F44F3323F4407344F8203054F820304F
:10D25400090201F47C51120402F4403211430B43DD
:10D2640044F820305DF8044B704700BF0060004074
:10D2740000B583B084468E460D4B93E8030002ABA1
:10D2840003E9030063460BE002A901EB830151F8B3
:10D29400081CD1F8200542F8040BC1F8200501331D
:10D2A4000CEB0E009842EFD803B05DF804FB00BF0E
:10D2B40080D80300430904D0012B0BD14FF6FF7330
:10D2C40001E04FF0FF3300F01F0023FA00F000F0FC
:10D2D400010070470023F6E7034B034493F9600011
:10D2E40000F03F00704700BF38470020034B034461
:10D2F40093F96000C0F38110704700BF38470020E5
:10D3040010B5864614461AB100234FF0080C04E009
:10D3140008234FF00C0C00E00133634513D20B4A91
:10D3240052F82320B2F1FF3FF6D158B2074A02EB7C
:10D334000E0C8CF8300042F8231034B9083B134427
:10D3440083F860E001E04FF0FF3010BD3847002063
:10D35400064B4FF0FF3243F82020072804D9083841
:10D364000344FF2283F86020704700BF3847002041
:10D3740010B50446024602210020FFF779FF00237E
:10D38400012B04D854F823201AB90133F8E70020FC
:10D3940010BD0120FCE7000010B504460068FFF74B
:10D3A40089FF38B123681F2B0AD903F01F032360B8
:10D3B400054810BD05494FF4F67002F075FCF1E71D
:10D3C4004FF0A040F5E700BF000300503484030091
:10D3D40010B582B00C46019001A8FFF7DDFFA40050
:10D3E400019B03F5E07340F8234002B010BD00B583
:10D3F40083B0019001A8FFF7CFFF019B03F5E07311
:10D4040050F8232022F0020240F8232003B05DF8F4
:10D4140004FB00B583B0019001A8FFF7BDFFD0F86D
:10D424001005019BD84000F0010003B05DF804FB37
:10D4340010B582B001900C4601A8FFF7ADFF019B27
:10D4440003F5E07350F8232022F4403240F82320FF
:10D4540050F8232042EA044240F8232002B010BDD1
:10D4640000B583B0019001A8FFF796FF019B03F577
:10D47400E07350F82300C0F3014003B05DF804FBEF
:10D4840000B583B0019001A8FFF786FF0123019A3C
:10D494009340C0F8203503B05DF804FB2DE9F0415A
:10D4A400064645E0032126E0B8F1010F36D1414696
:10D4B400284698470134032C36D81F4B234493F94C
:10D4C4006030B3F1FF3FF5D02046FFF705FF054676
:10D4D400C20800F0070101238B40B25C1342E9D07B
:10D4E4002046FFF703FF80462846FFF7B9FF0746AB
:10D4F4000228D7D002212846FFF79AFF2846FFF7D3
:10D50400BFFF0D4B5A1992F9302053F82230002BEB
:10D51400D0D0B8F1030FCAD0022FC5D0032FC9D180
:10D52400B8F1020FC6D1C2E73046FFF721FF08B1B8
:10D534000024C0E7BDE8F0813847002030B583B04F
:10D544001C4B93F86A5095BB2C4601E00134E4B2BD
:10D554002F2C0FD82046FFF7ADFE0028F6D0154B30
:10D564002344FF2283F83020F0E72846FFF7F0FE3B
:10D574000135EDB20B2DF8D90F4D00242C60AC8091
:10D5840006210846FFF742FE0620FFF731FE0B4B4B
:10D59400C3F87C41D3F87C210192019A4FF00042F8
:10D5A400C3F804230123AB71204603B030BD082027
:10D5B400FBE700BF384700209C4700200060004084
:10D5C40070B504460D461646FFF774FE38B1254B78
:10D5D400234493F93030002B07DB082070BD224927
:10D5E4004FF40C7002F060FBF1E7AA78C2F340023A
:10D5F40031462046FFF784FE0646B0F1FF3F2FD0A8
:10D60400AB7813F0040F0FD113F0010F1CD0204698
:10D61400FFF7EDFEE30804F0070C1448C25C012197
:10D6240001FA0CF10A43C254AB7813F0020F10D183
:10D63400083E0C4B334493F96020297842EA811266
:10D6440083F860200020C9E769782046FFF7C0FE10
:10D65400E0E72A7821463046FFF7ECFD0020BDE7DD
:10D664000420BBE738470020D89503009C470020DE
:10D6740030B583B004460D46FFF71CFED0B12C4BE9
:10D68400234493F93030002B1ADB294B234493F9BC
:10D694003000072823DD0838FFF728FE0546032855
:10D6A40014D0012819D0032529462046FFF7C0FECF
:10D6B40003B030BD1F494FF4187002F0F5FADEE7ED
:10D6C4001C4940F2612002F0EFFADEE72046FFF742
:10D6D400A0FE0028E8D10225E6E70225E4E7C3B26C
:10D6E400072BE5D800F140039BB29B009BB2124983
:10D6F40000F5A27C51F82C2042F0010241F82C20C4
:10D7040003F1804303F5C04300221A601B680193B0
:10D71400019B002DCCD0064B1C4494F9302053F8C7
:10D724002230002BC4D001238340C1F80433BFE767
:10D7340038470020D89503000060004010B5044627
:10D74400FFF7B8FD30B12046FFF763FE003818BF7D
:10D75400012010BD024940F2B22002F0A5FAF2E71E
:10D76400D895030070B584B0002502950395012077
:10D774004FF48073294603E0400004339BB2013127
:10D78400072912D803F1804202F5C0421468012C23
:10D79400F2D1234CD4F804432042EDD00024146089
:10D7A40012680092009A0543E6E71D4BD3F87C31DA
:10D7B400012B06D015F0FF0F2AD1002D2BDB04B06E
:10D7C40070BD174B0020C3F87C01D3F87C31019362
:10D7D400019B45F0004502AA0221FFF749FDE9E754
:10D7E40076000134072CE8D82E42F9D00C4B04F50E
:10D7F400A27253F82200C0F3052053F82210C1F39B
:10D804000141084B53F82430002BE9D09847E7E74F
:10D8140001260024E6E702A8FFF740FECFE700BF99
:10D824000060004038470020034B984201D1034870
:10D8340070470020704700BF00200040A44700202C
:10D8440008B5064B1B681BB1044B1B68984708BD01
:10D854000349512002F028FAF6E700BFA44700204C
:10D864008096030070B582B00C460546B8B12846D0
:10D87400FFF7DAFF0546B8B100238DF807300DF144
:10D88400070001F0E9FA2E7916B92C6001232B71F7
:10D894009DF8070001F0F2FA4EB9002005E00549B1
:10D8A400772002F001FAE2E7002002B070BD1120F7
:10D8B400FBE700BF80960300002807DB00F01F028F
:10D8C400400901239340024A42F82030704700BFC8
:10D8D40000E100E0002808DB4901C9B200F1604022
:10D8E40000F5614080F80013704700F00F00490113
:10D8F400C9B2014B1954704714ED00E0430904D038
:10D90400012B0BD14FF6FF7301E04FF0FF3300F012
:10D914001F0023FA00F000F0010070470023F6E72F
:10D9240010B483B0844602240C714A71096889B129
:10D9340012F0040F23D1822112F0080F01D041F01C
:10D94400200112F0100F01D021F08001DCF800005A
:10D95400C0F80013DCF800100024C1F80441D1F829
:10D9640004110191019912F0800F0AD1DCF8002012
:10D974000121D150002003B05DF8044B704792217F
:10D98400DAE7DCF800001844F5E730B585B0044662
:10D994000D46D0F8103173B10023C0F81031D0F81F
:10D9A40010310093009B4B7913F0040F03D00B68E4
:10D9B4000BB101209847D4F8143173B10023C4F893
:10D9C4001431D4F814310193019B6B7913F0080FCF
:10D9D40003D02B680BB102209847D4F81C3173B1E3
:10D9E4000023C4F81C31D4F81C310293029B6B79D8
:10D9F40013F0100F03D12B680BB100209847D4F813
:10DA0400043163B10023C4F80431D4F8043103931E
:10DA1400039B01232B712B680BB10320984705B09E
:10DA240030BD000010B504460068FFF767FF38B149
:10DA340023681F2B0AD903F01F032360054810BD78
:10DA440005494FF4F67002F02FF9F1E74FF0A040CA
:10DA5400F5E700BF000300503484030000B583B031
:10DA6400019001A8FFF7DEFF0123019A9340C0F85B
:10DA7400083503B05DF804FB00B583B0019001A83C
:10DA8400FFF7D0FF0123019A9340C0F80C3503B08F
:10DA94005DF804FB00B583B0019001A8FFF7C2FF55
:10DAA400019B03F5E073032240F8232003B05DF8E3
:10DAB40004FBF0B585B007460E4600240AE0FFF7E4
:10DAC400CDFF04AB03EB850555F8100CFFF7E2FF1F
:10DAD4000134E4B2032C18D82546335DFF2B0CD057
:10DAE40023F0800004AA02EB840242F8100C13F025
:10DAF400800FE4D1FFF7C0FFE3E74FF0FF3204AB40
:10DB040003EB840343F8102CE2E7386800230AE0AF
:10DB140004AA02EB830252F8101C03F5AC7240F81D
:10DB240022100133DBB2032BF2D905B0F0BD0000A3
:10DB340038B505460C468B1EDBB2012B03D94B1FAF
:10DB4400DBB2022B04D821462846FFF7C3FE38BDBA
:10DB540002496B2002F0A8F8F5E700BFE89403003F
:10DB640070B506460C461546012904D84DB1293432
:10DB74006401355170BD064940F2B72002F094F8B3
:10DB8400F4E703494FF42E7002F08EF8EFE700BF7C
:10DB94002097030070B505460C461646012908D89F
:10DBA4006EB116F4004F10D1293405EB44156E60A4
:10DBB40070BD09494FF4307002F076F8F0E7064979
:10DBC40040F2C12002F070F8EBE7034940F2C220B2
:10DBD40002F06AF8E8E700BF2097030070B5044636
:10DBE4000E461546012907D8B5F1807F0AD204EB09
:10DBF4004614C4F8285570BD054940F2CA2002F005
:10DC040053F8F1E7024940F2CB2002F04DF8EEE779
:10DC14002097030070B504460E461546012907D81F
:10DC2400B5F1807F0AD204EB4614C4F82C5570BDBC
:10DC3400054940F2D32002F037F8F1E702494FF4E6
:10DC4400357002F031F8EEE72097030070B5044612
:10DC54000D461646A2B1326829462046FFF780FFDA
:10DC6400B28829462046FFF795FFB2682946204628
:10DC7400FFF7B4FFF26829462046FFF7CBFF70BDDB
:10DC8400024940F2AB2002F00FF8E4E720970300CA
:10DC94002DE9F04784B0044617460D46002964D0A8
:10DCA4002679384B03EBC6031B79002B68D1354B1F
:10DCB40043F8367029462046FFF7FBFE236801220D
:10DCC400C3F80025276895F805A095F80690B5F8DF
:10DCD4000880B5F90830002B4CDBC7F80CA5C7F851
:10DCE4000495C7F808852268AB7AE97A43EA0123E8
:10DCF400C2F8103522680023C2F800322268C2F844
:10DD040000332268C2F81C31D2F81C210392039A12
:10DD14002268C2F81031D2F810210292029A2268C5
:10DD2400C2F81431D2F814210192019A2268C2F87F
:10DD34000431D2F804310093009B124B53F836306F
:10DD440053B12068297940F30730FFF7F1FE2068CA
:10DD540040F30730FFF7B0FD0A4B03EBC603012283
:10DD64001A71002004B0BDE8F0870749802001F053
:10DD74009BFF95E705494FF4287001F095FFACE748
:10DD84000820EFE7AC4700207097030020970300BA
:10DD94002DE9F04104460F4616461D460279254BEF
:10DDA40003EBC20898F8043003B32EB33B6803F0C6
:10DDB4006043B3F1005F25D13A4600212068FFF7A4
:10DDC40045FF3A4601212068FFF740FF06F00101B4
:10DDD400226801EB5603C2F8143515F0010F17D170
:10DDE40015F0020315D001B3082312E012494FF4D1
:10DDF4008D7001F059FFD8E70F4940F21B1001F074
:10DE040053FFD3E70C494FF48E7001F04DFFD3E775
:10DE140010232268C2F80032EAB241B10C23414611
:10DE24002046FFF77DFDBDE8F0810423F1E70823D8
:10DE3400F5E700BFAC4700207097030038B50446EF
:10DE440005790F4B03EBC5031B798BB10C4B03EB2B
:10DE5400C5031B79DBB2022B10D001202368D3F851
:10DE6400043123B1064B03EBC5030120187138BDFF
:10DE740004494FF4CC7001F017FFE7E70020EDE709
:10DE8400AC4700207097030038B504460D4602796C
:10DE9400104B03EBC2031B79ABB123680022C3F818
:10DEA4000022236801225A602046FFF7C7FF034679
:10DEB40038B92046FFF7C2FF034610B9002DF8D148
:10DEC4002B46184638BD044940F2731001F0ECFEAD
:10DED400E3E700BFAC4700207097030008B5024990
:10DEE4000248FFF752FD08BDAC47002000C00140C6
:10DEF400002807DB00F01F02400901239340024A77
:10DF040042F82030704700BF00E100E000280CDB3D
:10DF140000F01F024009012393402030034A42F8D5
:10DF24002030BFF34F8FBFF36F8F704700E100E0E5
:10DF3400002808DB4901C9B200F1604000F56140E6
:10DF440080F80013704700F00F004901C9B2014B7B
:10DF54001954704714ED00E010B40B7803F0030378
:10DF64004A78120102F0300213438A78120202F452
:10DF7400E0621343CA78120302F4805213430A790D
:10DF8400120402F4E02213434A79120502F48012C7
:10DF940013438A79120602F080721343074A02EB94
:10DFA4000014C4F81835CC79097A5130030102EB16
:10DFB40000104160D4505DF8044B7047007000407D
:10DFC40038B505460C468B1EDBB2012B03D94B1F1B
:10DFD400DBB2022B04D821462846FFF7A9FF38BD3F
:10DFE40002496B2001F060FEF5E700BFE8940300EE
:10DFF40010B588B0684BD3F80431002B2CD0664B95
:10E004000022C3F80421D3F804310093009B634B2E
:10E0140093F82E2012B193F82F30EBB100238DF832
:10E0240014305E4B596806911989ADF81C10D968F3
:10E03400002964D0594B188B5883596018810021EA
:10E04400D96012B9544B01221A60544C236805A8B4
:10E054009847002384F82F30504B93F82E3053B355
:10E064004D4BD3F8003133B34B4B0022C3F800219E
:10E07400D3F800310193019B484A538B92F82D2029
:10E0840093423FD99B1A9BB244494B834868098900
:10E0940089B2CB1A00EB43033F49C1F82C36C1F8CF
:10E0A40030263D4B0022C3F80421D3F80421029208
:10E0B400029A01225A60384BD3F810317BB1364BA7
:10E0C4000022C3F81021D3F810310393039B334B80
:10E0D4001A7402228DF814201B6805A898472E4B49
:10E0E400D3F814314BB32C4A0023C2F81431D2F8BC
:10E0F40014210592059A294A137408B010BD002210
:10E104001A74A2E7934208D09342CAD1234B012246
:10E1140083F82F2000225A83C3E72049C9680029C5
:10E12400F2D01E4B012083F82F00002058831A4B95
:10E13400C3F82C16C3F83026B3E7184B5C69002CDF
:10E14400DBD0B4FA84F34FF00042DA4024EA02044C
:10E1540046339B0003F1804202F5E0421168002936
:10E16400EDD00021116012680492049A01228DF806
:10E174001420A3F58C73C3F3C7028DF8182013F091
:10E18400040F0CBF01230B468DF81930034B1B6899
:10E1940005A89847D3E700BF00700040B4470020AB
:10E1A40070B584B00C460646002849D0002C4CD0EB
:10E1B400294B93F82C30002B4CD1274D2C6033780D
:10E1C400264CC4F8F0357378C4F8F435F37885F840
:10E1D4002E30012385F82C3000232B7485F82D3044
:10E1E4006B6185F82F306FF00042C4F80823C4F83F
:10E1F4000431D4F804210392039AC4F80031D4F80A
:10E2040000210292029AC4F81431D4F81431019313
:10E21400019BB1780720FFF7D3FE0720FFF768FEC4
:10E224000223C4F8043395F82E3013B10122C4F844
:10E2340004230A4B0122C3F80025002004B070BD5A
:10E244000749D82001F030FDB0E70549D92001F095
:10E254002BFDADE70820F1E7B44700200070004033
:10E264000C98030038B505460C462D4B93F82C301A
:10E27400002B34D0072D38D82A4BD3F8F43513F0BB
:10E28400FF0F04D0264B93F82D30002B33D1E379C4
:10E29400013BDBB20C2B34D8237A0D2B37D8204B1F
:10E2A4001B7C002B39D105F10C021D4B03EB4203FF
:10E2B4001B792BB91A4A92F82D30013382F82D308C
:10E2C400E27905F10C01164B03EB41031A71227A32
:10E2D4005A7121462846FFF73FFE002038BD1249F7
:10E2E40040F2251001F0E0FCC4E70F494FF49370AD
:10E2F40001F0DAFCC0E70C494FF4947001F0D4FC4F
:10E30400C5E709494FF4967001F0CEFCC4E706490D
:10E314004FF4977001F0C8FCC1E71120DEE700BF9D
:10E32400B4470020007000400C980300404B1B7C55
:10E33400002B7AD130B583B03D4A012414743D4B8F
:10E344000325C3F80853C3F82C16C3F8304692F8D3
:10E354002D30A3420DD9002209E0D3B235495133FF
:10E364001D0101EB031300245C604C510132072AA8
:10E37400F3D900F10C022E4B03EB420319795C79BB
:10E384002C4B5130020103EB0010446099500122E0
:10E394001A605A6042F21073264AD2F804211AB95C
:10E3A400013BF9D1002300E00123A3B1214B00225A
:10E3B400C3F80021D3F8001101910199C3F8042195
:10E3C400D3F804310093009B194B93F82D30012BA3
:10E3D40019D9002215E018494FF4D27001F064FCF9
:10E3E400E4E702F10C01124B03EB41031C795D7964
:10E3F400D3B210495133180101EB03135D600C5083
:10E404000132072AEDD90A4B93F82E3043B1094B58
:10E414000322C3F804230020054B187403B030BD55
:10E42400044B0222C3F80423F5E71120704700BF10
:10E43400B4470020007000400C980300F8B505466E
:10E444000E461446414B93F82C30002B3BD03F4BE7
:10E454001B68002B3DD016F5006F40DBB4F5006F50
:10E4640043DAA64247DAB2B242EA04422B0103F18C
:10E47400804303F5E043C3F81C25072D41D86F0002
:10E484008021B94016F5006F41D0304843697E1CA5
:10E494004FF00042F240134343612D4BC3F8041381
:10E4A400072D41D84023BB4040F2FF72944241D033
:10E4B400264842694FF00041F9400A434261244A28
:10E4C400C2F80433F8BD234940F2692001F0ECFBA3
:10E4D400BDE7204940F26A2001F0E6FBBBE71D4995
:10E4E40040F26B2001F0E0FBB8E71A494FF41B70CF
:10E4F40001F0DAFBB5E7174940F26D2001F0D4FBD7
:10E50400B1E7154940F2D62001F0CEFBB7E70F483A
:10E5140043697E1C4FF00042F24023EA0203436148
:10E524000B4BC3F80813BBE70B4940F2D62001F0AC
:10E53400BBFBB7E7054842694FF00041F94022EAC6
:10E5440001024261024AC2F80833BBE7B447002023
:10E55400007000400C980300A498030038B50446EA
:10E5640007282BD81C4B93F82C306BB31A4B1B7C0D
:10E5740083BB04F10C02184B03EB42031B792BB150
:10E58400154A92F82D30013B82F82D3004F10C022B
:10E59400114B03EB420300251D715D710F4A04F119
:10E5A4005103190102EB03135D60555040F2FF72F1
:10E5B4000B492046FFF742FF284638BD09494FF46E
:10E5C400B17001F071FBCDE7064940F2631001F030
:10E5D4006BFBCBE71120F0E7B4470020007000404C
:10E5E40000F8FFFF0C98030010B5244B93F82C306F
:10E5F4009BB1234C6FF00043C4F808330720FFF7A6
:10E6040085FC0123A36042F210731D4AD2F8142141
:10E614004AB9013BF9D1002306E01A4940F2071038
:10E6240001F042FBE5E7012333B10024144BC3F8A6
:10E634000045124B1C7406E012494FF4887001F037
:10E6440033FBF2E70134072C12D804F10C020B4B14
:10E6540003EB42031B79002BF4D0E0B2FFF77EFFFB
:10E664000028EFD007494FF48D7001F01DFBE9E756
:10E67400024B002283F82C2010BD00BFB4470020B9
:10E68400007000400C980300002807DB00F01F0214
:10E69400400901239340024A42F82030704700BFEA
:10E6A40000E100E0002808DB4901C9B200F1604044
:10E6B40000F5614080F80013704700F00F00490135
:10E6C400C9B2014B1954704714ED00E0003A18BF69
:10E6D4000122022908D0032909D0012901D142F0DD
:10E6E4000202C0F85425704742F00402F9E742F0F0
:10E6F4000602F6E7430904D0012B0BD14FF6FF7352
:10E7040001E04FF0FF3300F01F0023FA00F000F0A7
:10E71400010070470023F6E710B504460068FFF7D0
:10E72400E9FF38B123681F2B0AD903F01F032360C4
:10E73400054810BD05494FF4F67001F0B5FAF1E74C
:10E744004FF0A040F5E700BF0003005034840300FD
:10E7540010B582B00C46019001A8FFF7DDFFA400BC
:10E76400019B03F5E07340F8234002B010BD00B5EF
:10E7740083B0019001A8FFF7CFFF019B03F5E0737D
:10E78400032240F8232003B05DF804FB00B583B0F6
:10E79400019001A8FFF7C0FF0123019A9340C0F83C
:10E7A4000C3503B05DF804FB00B583B0019001A8FB
:10E7B400FFF7B2FF0123019A9340C0F8083503B074
:10E7C4005DF804FB10B582B08446106820B100F0F7
:10E7D4006044B4F1005F34D1946824B104F060441F
:10E7E400B4F1005F2DD15468CCF84405CCF8484509
:10E7F4009068D268CCF83405CCF838250022CCF8DF
:10E804001821DCF818210192019A13F0010F1DD090
:10E814000122CCF8502513F0020F1BD00122CCF8B2
:10E82400402513F0080F02D10122CCF810200A6809
:10E83400A2B113F0040022D04023CCF80833002006
:10E8440002E000234B77102002B010BD0022CCF868
:10E854005025E0E70022CCF84025E2E7DCF8183147
:10E86400002BFBD0C87FFF280DD08B7F1BB1FFF797
:10E874008DFF0020E8E7FFF797FF0020E4E740233F
:10E88400CCF80433E0E70020DEE710B50446C07F8F
:10E89400FF2803D0A37F53B1FFF778FF00236377EA
:10E8A4002372204650F8083B6168984710BDFFF773
:10E8B4007BFFF3E738B505460C468B1EDBB2012B14
:10E8C40003D94B1FDBB2022B04D821462846FFF79D
:10E8D400E9FE38BD02496B2001F0E6F9F5E700BF17
:10E8E400E8940300D0F81831B3B110B582B00C46E7
:10E8F4000023C0F81831D0F818310193019B0B683C
:10E9040023B12046FFF7C1FF02B010BD034940F216
:10E91400972001F0C9F9F4E7704700BFFC980300A1
:10E9240008B502490248FFF7DDFF08BDE4470020AF
:10E934000030004008B503494FF04020FFF7D2FFF4
:10E9440008BD00BF0848002008B502490248FFF787
:10E95400C9FF08BD2C480020003002402DE9F047D3
:10E9640082B00646914698460D46002900F08A80FA
:10E97400347904EBC403534901EB83010B7F002B6F
:10E9840040F099803768504B53F824103846FEF70E
:10E9940069FF8246002840F091804A4B04EBC40290
:10E9A40003EB820143F82290C1F804802B7B012BF6
:10E9B4006DD92878FFF7F8FE2B78019301A8FFF7AB
:10E9C400ABFE019B03F5E073012240F8232095F888
:10E9D4000180B8F1FF0F5ED14FF0FF39A878FF280E
:10E9E40061D14FF0FF38A97804EBC402354B03EB37
:10E9F400820383F82010E878D877FF280ED02B798B
:10EA0400002B55D0FFF7C2FEE878FFF7B0FE297956
:10EA140004EBC4022B4B03EB820399772B78C7F8E2
:10EA24000835C7F80C95C7F81085AB68C7F82435C6
:10EA34006A7B297B3846FFF749FEAB79C7F8C035B6
:10EA44000723C7F8003504EBC4031E4A52F82330E9
:10EA540053B13068697940F30730FFF72BFF306812
:10EA640040F30730FFF710FE164B04EBC40203EB30
:10EA7400820200215177134601221A77504602B0D0
:10EA8400BDE8F0871149AD2001F00EF970E7287850
:10EA9400FFF77CFE90E7C1464046FFF777FE40460D
:10EAA400FFF765FE9AE780460121FFF751FE9AE7DA
:10EAB400FFF77AFEA8E74FF0080ADFE74FF0110AE4
:10EAC400DCE700BFE447002088D80300FC9803007B
:10EAD4002DE9F04106460D469046047904EBC40343
:10EAE400354F07EB83073B7F002B48D02B68002B67
:10EAF4004BD0AB68002B51D03379022B07D8EB688D
:10EB0400B3F5803F03D26B68B3F5803F04D32B4940
:10EB14004FF40C7001F0C8F804EBC402264B03EB6D
:10EB240082035B7F002B45D11346234A52F82330DE
:10EB34004BB118F0140F06D104EBC4021E4B03EBC7
:10EB4400820301225A7704EBC4021B4B03EB820CB1
:10EB54000CF10C0E95E80F008EE80F009CF81F00D6
:10EB6400FF2804D09CF81E300BB3FFF71DFE43466C
:10EB74002A4639463068FFF725FEBDE8F0810F4983
:10EB840040F22D2001F090F8B0E76B68002BB0D074
:10EB94000A4940F22E2001F087F8AAE7EB68002B1F
:10EBA400AAD0064940F22F2001F07EF8A4E7FFF72F
:10EBB400EDFDDCE71120E0E7E4470020FC980300CA
:10EBC400F0B583B005460F461646002401E0013433
:10EBD400E4B2B44215D2A00000F5A0704FF4803323
:10EBE400A3402A58002AF2D0D5F804231342EED0C9
:10EBF40000232B502B580193019B3B68796898475D
:10EC0400E5E703B0F0BD000008B50422024903485B
:10EC1400FFF7D6FF08BD00BF504800200080004029
:10EC240008B5042202490348FFF7CAFF08BD00BF24
:10EC34005C4800200090004008B5042202490348C3
:10EC4400FFF7BEFF08BD00BF6848002000A00040D9
:10EC540008B5062202490348FFF7B2FF08BD00BF0A
:10EC64007448002000A0014008B506220249034868
:10EC7400FFF7A6FF08BD00BF8048002000B0014098
:10EC840000B583B002900091019244F201007146F4
:10EC94006A4604F093FB03B000BD000030B585B0B4
:10ECA4004568002D48D00446037B002B46D1026002
:10ECB400EFF3058323B300230393009303AB0A46C6
:10ECC4000921284607F056FF012801D0042036E028
:10ECD40007F092FB02460023009303AB062128466B
:10ECE40007F048FF0128F1D1039B0BB3164B4FF0FB
:10ECF40080525A6040BFBFF34F8FBFF36F8F17E04E
:10ED04000223009300230A460421284607F032FF19
:10ED1400012801D0042012E007F068FB0246022318
:10ED2400009300230121284607F024FF012808D17D
:10ED340001232373002002E0082000E0002005B036
:10ED440030BD0420FBE700BF00ED00E010B584B047
:10ED54000446406830B3EFF30583B3B10022039255
:10ED6400009203AB082107F005FF01280BD1039B98
:10ED7400A3B10E4B4FF080525A6040BFBFF34F8F88
:10ED8400BFF36F8F0AE004200AE0022300930023FC
:10ED94001A46032107F0EEFE012805D10020207356
:10EDA40004B010BD0820FBE70420F9E700ED00E003
:10EDB400EFF3108272B6114B9B68CBB930B40F4994
:10EDC40001238B600E4BD3F880400E4D2C400C6019
:10EDD400C3F88050D3F884404C604FF0FF31C3F83F
:10EDE40084100023037002B962B6002030BC70475F
:10EDF4000123037002B962B6002070478C480020DA
:10EE040000E100E0FC06FFBD094B9B686BB160B9F3
:10EE1400EFF3108172B6064B1868064A1060586802
:10EE2400506000229A6001B962B60020704700BFAA
:10EE34008C48002000E100E0EFF30583C3F30803EE
:10EE44003BB9EFF3148313F0010F0CBF0120002032
:10EE5400704701207047000010B50446FFF7ECFF2F
:10EE6400012803D12046FFF7A3FF10BD0249432028
:10EE740000F01AFFF6E700BFC099030010B504467E
:10EE8400FFF7DAFF012803D12046FFF7BDFF10BDCD
:10EE94000249512000F008FFF6E700BFC0990300C3
:10EEA40038B50546002402E0284698470134032C6F
:10EEB40005D8034B53F82430002BF5D1F6E738BDC1
:10EEC4000C4900200378013B052B34D8DFE803F01C
:10EED40003061120293100230B70704701230B70A6
:10EEE40003898B818388CB81C3688B6000230B7477
:10EEF400704702230B7003898B818388CB81C3689D
:10EF04008B60837D062B14BF002301230B74704791
:10EF140003230B70C3888B810389CB81C3688B6007
:10EF2400704704230B70C3888B810023CB818B60D3
:10EF3400704705230B707047884207D20368B3F10A
:10EF4400FF3F01D001207047002070470020704728
:10EF54004388033300EB8300704738B504460D46FD
:10EF6400FFF7F6FF85420CD3A2884FF6FF739A424F
:10EF740009D023884BB1A368B3F1FF3F07D0002029
:10EF840038BD0220FCE70120FAE70120F8E7012060
:10EF9400F6E7000060B10A4AD26882420AD8084AF9
:10EFA4001269824208D310F0030F07D10120704781
:10EFB40000207047002070470020704700207047F1
:10EFC400082B00200A4A00EB800302EB83031B8911
:10EFD4000B4400EB800002EB8002528912FA83F0AA
:10EFE40080B2B0F5806F8CBF00200120704700BF55
:10EFF400D0480020002301E001339BB2012B0ED83E
:10F0040003EB830C074A02EB8C0252688A42F3D268
:10F0140002F580528A42EFD903800020704748F2FB
:10F0240009607047D04800208B7D022B04D90389E6
:10F03400CA881344033303814389CA889B1A033B58
:10F0440043817047F8B5033086B240F2FE339E42E6
:10F0540025D80D46002401E00134A4B2012C1BD8AC
:10F0640004EB84030F4A12F82330002BF4D1314609
:10F074002046FFF7A7FF0028EED02C80094B04EBB5
:10F08400840203EB8202528904EB840703EB8703B7
:10F0940032445A81002001E048F20660F8BD48F28B
:10F0A4000860FBE7D0480020064A01EB810302EB2D
:10F0B40083035B8901EB810102EB81021B1A033B91
:10F0C40053817047D0480020F8B50E4600EB80000D
:10F0D400134B03EB80035C6804F580550868A0B10A
:10F0E400FFF736FF044629462046FFF725FF07466B
:10F0F40098B129462046FFF730FF012807D002289F
:10F104000AD00028EFD1346007E00834EBE720464A
:10F11400FFF71EFF0446E6E700273846F8BD00BFA8
:10F12400D048002030B583B005460C464068FFF750
:10F1340031FF20B12A89174B1B899A4218D000232A
:10F1440023802388012B23D80023019301A920883D
:10F15400FFF7BAFF0146B8B1019B2A68986890424C
:10F16400F4D16B600B4B1B892B81084603B030BD77
:10F174002A6869688B689A42E1D12046FFF73AFF12
:10F18400B0FA80F14909F0E7238801332380D8E7F6
:10F194000021EAE7B8480020F8B51C461F4B1B784D
:10F1A400002B34D005460F461646002A32D03CB90F
:10F1B40048F2046027E000232360A3880133A3807E
:10F1C400A388012B20D803EB8303154A12F82330BC
:10F1D400002BF2D12146A088FFF776FF0028EAD061
:10F1E40023681DB199882A889142F3D11FB11988E7
:10F1F4003A889142EED19B68336023687360094B6F
:10F204001B8933810020F8BD48F20960FBE748F20E
:10F214000160F8E748F20460F5E700BF20490020E8
:10F22400D0480020B84800200B4A138901331381C9
:10F234000023538013730CE003EB83018A00074916
:10F244008A5CB2FA82F25209034919448A72013380
:10F254009BB2012BF0D97047B8480020D048002059
:10F2640000B58646002301E001339BB2012B19D877
:10F274000E4A1A44927A002AF6D00C4A1A44002103
:10F28400917203EB83010A4A02EB8102D268002ADD
:10F29400EAD1074A02EB8102107C0028E4D0AEF8E0
:10F2A400003000E000205DF804FB00BFB8480020F7
:10F2B400D0480020044B5B685B880333034A918881
:10F2C40011FA83F393807047B8480020C84800209F
:10F2D40030B40E4804680E4B5B880E4903EB830C74
:10F2E4004FEA8C020A44556805605460B0F804C0C3
:10F2F400A2F808C00222828003EB830303FA02F21D
:10F30400114400230B7430BC704700BFC848002070
:10F31400B8480020D048002008B5124B1B78072BB2
:10F324000AD8DFE803F00409090A1016161AFFF7D1
:10F334007BFF0C4B01221A7008BDFFF7BBFF094B82
:10F3440002221A70F8E7FFF7C3FF064B06221A7071
:10F35400F2E7044B07221A70EEE7024B01221A70FF
:10F36400EAE700BFB848002008B50146014800F0AC
:10F3740019FD08BDF848002008B5064B05221A708F
:10F38400054902238B80002301220968034801F008
:10F39400D7F908BDB8480020C8480020082B002031
:10F3A40008B50D4B5B8803EB83010C4A02EB810229
:10F3B400D26872B9084A0421117003EB8303074928
:10F3C40001EB8301002301224968054801F0B8F9E3
:10F3D40008BDFFF7D1FFFBE7B8480020D048002064
:10F3E400082B002000B583B0002300930823044AAF
:10F3F40004490968044801F0D3F803B05DF804FB3C
:10F40400A0D80300C8480020082B002008B5044BEE
:10F4140007221A7000225A60FFF7E4FF08BD00BFFC
:10F42400B848002000B583B00146002300930823A8
:10F43400034A044801F0B4F803B05DF804FB00BFCC
:10F4440098D80300082B002038B530B90B79032B6A
:10F4540062D8DFE803F0081E3843324B00225A60BA
:10F464004FF4064005E001230B71FFF7BBFF0028B2
:10F4740052D138BD0A4603EB830189000020505461
:10F4840003EB830302EB83025068FFF7CBFF0123F6
:10F494000FE00023012B09D803EB8302224911F862
:10F4A4002220022AE6D001339BB2F3E7002348F27C
:10F4B4000E60002BDBD11B4B01221A7000225A6014
:10F4C40041F61D50D5E700230B71184902228A80AA
:10F4D40001220968164801F033F9C8E74FF0000C1F
:10F4E40081F804C0134B5B88104908680E4C03EB89
:10F4F400830204EB820255680D605060B1F804E0A9
:10F50400A2F808E002228A8003EB8303934004F804
:10F5140003C0FFF787FFAAE7024B00225A6048F2B4
:10F524000D60A6E720490020D0480020C8480020EC
:10F53400082B0020B848002008B5064B06221A7094
:10F544005B8803EB83039A00034B13445868FFF76B
:10F5540069FF08BDB8480020D048002000B583B03A
:10F5640002238375002300930423C218044801F086
:10F5740017F810B903B05DF804FB48F20D60F9E721
:10F58400082B002000B583B0036973B1032383758E
:10F5940000230093042300F10C020831054800F015
:10F5A400FFFF20B903B05DF804FB0123EFE748F245
:10F5B4000D60F7E7082B002000B583B001238375A5
:10F5C400C388002200929B0002690C31044800F0B9
:10F5D400E7FF10B903B05DF804FB48F20D60F9E7EA
:10F5E400082B002000B583B00378032B0ED006232C
:10F5F400837500230093042300F10802194406488C
:10F6040000F0CEFF20B903B05DF804FB0523EFE75B
:10F6140048F20D60F7E700BF082B002010B582B058
:10F624000C46002300930423084A0146084800F0CE
:10F63400B7FF40B904EB8404064B03EB84030122B7
:10F644001A7402B010BD48F20D60FAE794D80300B2
:10F65400082B0020D048002070B50C468B8A03EBA1
:10F6640083022B4E06EB820688B9294A03EB8301F9
:10F6740002EB81014D680B8905EB8305A37D062B05
:10F684000BD8DFE803F0162E22280D343E00304656
:10F69400FFF7CAFC4FF4064515E048F20E650EE08C
:10F6A4001C4800234360A36903601B49FFF73AFD2C
:10F6B40050B329462046FFF751FF05461DB12146A8
:10F6C4003046FFF7B1FC284670BD29462046FFF7B7
:10F6D40059FF0546F2E729462046FFF76DFF054628
:10F6E400ECE729462046FFF77DFF0546E6E70623BB
:10F6F400A375094B1988074B5868FFF78FFF054618
:10F70400DCE741F61D55DAE748F20965DBE700BF9F
:10F71400D0480020A4480020A048002010B584B0A0
:10F7240004460023009301930293C36800930DF1F0
:10F734000E016846FFF7F6FC18B948F2096004B0F8
:10F7440010BD01988388E38003882381BDF80E10DF
:10F75400FFF764FFF3E7000000B583B00B4842688D
:10F764000B4B1968B3F804C0538803339BB24FF0B2
:10F77400030E80F800E0002000909B0001EB8C0158
:10F78400044800F00DFF03B05DF804FBB848002006
:10F79400C8480020082B002008B5064931F8020C9F
:10F7A400FFF792FC10B1FFF7D7FF08BDFFF7F8FD94
:10F7B400FBE700BFBC48002008B50748FFF750FD31
:10F7C40010B1FFF7E9FF08BD044B00221A705A80FC
:10F7D4005A6041F61D50F6E7BA480020B8480020A8
:10F7E40030BB08B5154B1B7B6BB1144B00221A734D
:10F7F400124B1B78013B062B1DD8DFE803F0070AE8
:10F804000D101C131600FFF787FDF1E7FFF7D4FF77
:10F8140008BDFFF7C1FFFBE7FFF79EFFF8E7FFF71F
:10F82400BFFDF5E7FFF788FEF2E7FFF7EFFDEFE72F
:10F834004FF40640704748F20E60E9E7B8480020EC
:10F8440000B585B0094B01AA00210630FFF7A4FCDE
:10F8540038B9064B99880298FFF7E0FE05B05DF8C9
:10F8640004FB024B00221A605A60F7E79848002014
:10F87400B0B908B50B79012B08D0022B13D0ABB962
:10F8840002230B710846FFF749FF0EE00846FFF715
:10F89400D7FF48F20963984207D141F61D5004E0AE
:10F8A4004FF40640704741F61D5008BD48F20E6003
:10F8B400FBE7000008B50146014800F07FFA08BDE7
:10F8C400F848002008B5084B1B683BB101210648E5
:10F8D40000F02FFB003818BF012008BD03494FF486
:10F8E400247000F0E1F9F1E71C490020609A03005C
:10F8F40010B586B004462CE02E48FFF735FD2E4B9C
:10F9040018602AE02D494FF4B46000F0CDF928E0E6
:10F914002046FFF799FD002849D000230193029364
:10F9240003930493059341F61D5398423DD00290EE
:10F93400214C01A92068FFF7C5FA01A8FFF7B0FA26
:10F94400002323601B48FFF7B5FFFFF7BBFF70B32D
:10F954000024194B1B68002BCED0174B1B68002BBF
:10F96400D0D0154B19680B78013B052B1AD801A28E
:10F9740052F823F015F9020091F9020091F90200FE
:10F9840099F9020099F90200A1F902002046FFF753
:10F9940063FEC0E72046FFF76BFFBCE72046FFF796
:10F9A4001FFFB8E748F20E60B7E70020BFE706B0D4
:10F9B40010BD00BFB0480020B4480020609A030086
:10F9C40008B54068FFF794FF08BD000008B50121A1
:10F9D400014800F0A3FA08BD0849002008B5014613
:10F9E400054800F0C8F90022026042608260C260EB
:10F9F40002614261826108BDF848002008B50146F1
:10FA0400014800F0C4F908BDF848002008B50121F8
:10FA1400034800F078FA00B108BDFFF769FFFBE77F
:10FA24001C4900202DE9F04383B00C46384909787D
:10FA340000295DD005469846002C5CD021884FF6FD
:10FA4400FF7399425AD06388002B5AD0676817F025
:10FA5400030759D1002A33D01388ADF80630B2F821
:10FA640002906846FFF7BAFF0646002833D080F8B4
:10FA7400008000238375BDF80630838263680361C8
:10FA8400FFF7A4FFF060238833816388B380A6F86E
:10FA94000690B8F1030F26D0002373816846FFF760
:10FAA400ADFF3DB100236B60F2682A60AB72194B65
:10FAB4001B892B81FFF7AAFF384603B0BDE8F0830A
:10FAC400B4F808900DF106014846FFF7BBFA002888
:10FAD400C7D00746F0E7BDF806104846FFF7E4FA3A
:10FAE40048F20767E8E70423B3752B68B361D3E7EB
:10FAF40048F20167E0E748F20467DDE748F203678C
:10FB0400DAE748F20367D7E748F20267D4E700BFB1
:10FB140020490020B848002010B370B582B00C46CC
:10FB2400054601B30DF10601FFF7FCFA18B948F2D6
:10FB3400096002B070BD6E68BDF8063003EB830047
:10FB440080000830094B18440121043000F0E6F924
:10FB540026606B680C3363600123AB720020E8E716
:10FB640048F20460704748F20460E2E7D04800209D
:10FB7400F8B110B582B004460DF10601FFF7D2FAD0
:10FB8400D0B1BDF8063003EB8301104A02EB8102C9
:10FB9400D268AAB1A27AB2B10C4A02EB8101C96857
:10FBA400013903EB830302EB8302D1600020A072CE
:10FBB40004E048F20460704748F2096002B010BDE6
:10FBC40048F20560FAE748F20560F7E7D0480020FC
:10FBD40008B502230022FFF725FF08BD28B108B5A8
:10FBE40003230022FFF71EFF08BD48F2046070479C
:10FBF400114B1B78BBB110B582B004464FF6FF73AE
:10FC0400984213D001A8FFF7E9FE90B105220270D3
:10FC140001220271C48001A8FFF7F0FEFFF7F6FE8F
:10FC2400002002B010BD48F20160704748F2036042
:10FC3400F7E748F20760F4E72049002000B583B0F5
:10FC4400ADF80600ADF8041001A90DF10600FFF7A8
:10FC5400A3FA03B05DF804FB00B583B01346ADF816
:10FC640006000A460DF106010020FFF795FA03B0DD
:10FC74005DF804FB00B583B01346ADF806000A46F0
:10FC840000210DF10600FFF787FA03B05DF804FBCD
:10FC940020B131B103680B600020704748F2046062
:10FCA400704748F20460704700B583B0009001913A
:10FCB4006A46002144F2020003F080FB03B05DF8C1
:10FCC40004FB82B050E8013F1FFA83FCC2899444CC
:10FCD4008289944528BFACEB020C0289944502BF8B
:10FCE400BFF32F8F002007E0CCEA030C40E801C2E9
:10FCF400002AE7D14FF001008DF807000093009B24
:10FD04000B609DF8070002B0704750E8012FC2EA6B
:10FD1400024240E80123002BF7D1704782B050E83B
:10FD2400023F1FFAA3FCC288944502BFBFF32F8F82
:10FD340000200EE0C28994448289944528BFACEB2C
:10FD4400020CC3EA0C4C40E802C2002AE7D14FF08F
:10FD540001008DF807000093009B0B609DF80700DD
:10FD640002B0704750E8022FC2EA224240E8022360
:10FD7400002BF7D1704738B505460C46FFF7A1FFB5
:10FD840018B128682388184438BD0020FCE708B55A
:10FD94000A884B889A4201D0002008BDFFF7B5FFBE
:10FDA4000120FAE738B505460C46FFF7B7FF18B14E
:10FDB40028686388184438BD0020FCE708B50A8821
:10FDC4004B889A4201D0002008BDFFF7CBFF0120E9
:10FDD400FAE708B54B0901F01F01012202FA01F10B
:10FDE40000EB830000F06EF808BD10B54B0901F07C
:10FDF4001F040121A14000EB830000F058F8E0400B
:10FE040000F0010010BD08B54A0901F01F010123EB
:10FE140003FA01F1C94300EB820000F069F808BD60
:10FE24004B0950F8230001F01F01C84000F0010005
:10FE340070472DE9F04106460F46002518E02023BF
:10FE440000E020231F2B12D803EB4514A7420ED940
:10FE540021463046FFF7C9FFE0B1D8F80030DB4354
:10FE640093FAA3F3002BECD0B3FA83F3EAE701355A
:10FE74007B1E5B090133AB420BD906EB850856F8B0
:10FE84002530DB4393FAA3F3002BD8D0B3FA83F3E2
:10FE9400D8E73C462046BDE8F081034653E8000F0E
:10FEA4000A4643E8002C9CF0000FF7D17047034644
:10FEB40053E8000F40EA010243E8002C9CF0000FD5
:10FEC400F6D17047034653E8002F42EA010043E8A5
:10FED400000C9CF0000FF6D17047034653E8000F66
:10FEE40000EA010243E8002C9CF0000FF6D17047B1
:10FEF400034653E8002F02EA010043E8000C9CF09B
:10FF0400000FF6D17047034653E8000F00EB0102DF
:10FF140043E8002C9CF0000FF6D17047034653E8E9
:10FF2400002F02EB010043E8000C9CF0000FF6D117
:10FF34007047034653E8002FA2EB010043E8000C8E
:10FF44009CF0000FF6D1704708B50121FFF7BAFF06
:10FF540008BD08B50021FFF7C0FF08BD38B50C4641
:10FF6400054620B1EB68288A00FB043038BD0249FD
:10FF7400E820FFF799FEF5E7F49A030038B50C463C
:10FF8400054630B1EB68E01A2B8AB0FBF3F0C0B23F
:10FF940038BD0249F520FFF787FEF3E7F49A030022
:10FFA40000283DD010B50446036873B163688BB173
:10FFB400A368ABB1E368CBB1238AEBB1A2686368F1
:10FFC400D21AD2B221680B6022E01649FF20FFF753
:10FFD4006BFEEBE713494FF48070FFF765FEE7E72C
:10FFE400104940F20110FFF75FFEE3E70D494FF4BB
:0CFFF4008170FFF759FEDFE70A4940F278
:020000023000CC
:100000000310FFF753FEDBE721680A68501C086005
:1000100013701A46531EDBB2002AF5D12368002064
:10002000187110BD0E207047F49A030030B583B0EC
:100030000446E8B100238DF807300DF10700FEF704
:100040000DFF2268136861688B4217D9591E116031
:1000500013F8011C2046FFF783FF0546A3682268BA
:1000600011685B1ADBB21179994208D2137106E06C
:1000700006494FF49270FFF719FEDBE700259DF863
:100080000700FEF7FDFE284603B030BDF49A0300DA
:1000900070B582B00C460646B0B1DCB100238DF8D5
:1000A00007300DF10700FEF7D9FE33681D686A1CA2
:1000B0001A6021463046FFF763FF28709DF807005D
:1000C000FEF7DEFE02B070BD054940F24710FFF7B3
:1000D000EDFDE2E702494FF4A470FFF7E7FDDDE72D
:1000E000F49A030010B5044640B1A2682AB16369CE
:1000F0002168206998470023A36010BD0249312080
:10010000FFF7D4FDF1E700BF909B03000EB430B5BC
:1001100082B0059D0446A0B16369BBB12368D3B129
:100120006368EBB145B10023019306AB019301AACB
:100130002946204600F026F902B0BDE8304003B061
:1001400070470A494220FFF7B1FDE5E70749432020
:10015000FFF7ACFDE2E705494420FFF7A7FDDFE725
:1001600002494520FFF7A2FDDCE700BF909B03009A
:1001700038B504460D460A2909D02268A368591CDF
:10018000A160D554A26863689A4204D238BD0D219B
:10019000FFF7EEFFF1E72046FFF7A4FFF6E70000C8
:1001A0002DE9F84F82460F4615461E46DDF8289089
:1001B0000B9A0B464FF0010803E0B3FBF5F308F18F
:1001C0000108AB42F9D2B04500D2B04612F0010BA3
:1001D00013D1B9F1000F10D012F0020F0FD086B179
:1001E000202405E009F1FF3921465046FFF7C0FF02
:1001F000B9F1000F01D0C145F4D8012406E0202454
:10020000F6E73024F4E7013E05FB04F4012EFAD8AA
:10021000B7FBF4F39D42F7D9B7FBF4F304FB137774
:100220000E4AD15C5046FFF7A3FF2346B4FBF5F41A
:10023000AB42F1D2BBF1000F02D0B9F1000F07D1F0
:10024000BDE8F88F09F1FF3920215046FFF790FFF4
:10025000B9F1000FF4D0C145F4D8F1E7A8D80300F4
:100260002DE9F04782B080460F46144699460A9E13
:10027000DDF82CA081EAE17CACEBE17C012502E019
:100280009CFBF4FC01356445FADD4D4500D24D463A
:100290002EB1002F02DB1AF0040F00D0013E1AF03D
:1002A000020F02D0B9F1000F03D01AF0010F00D1F4
:1002B000CEB9002F1CDB1AF0040F1FD10AF0030384
:1002C000022B20D0CDF804A000964B46224639469A
:1002D0004046FFF765FF02B0BDE8F087013E2021F0
:1002E0004046FFF745FF002EE3D0AE42F6D8E0E7E8
:1002F0007F422D214046FFF73BFFDFE72B214046A1
:10030000FFF736FFDAE7B9F1000FDBD12EB9D9E7F5
:10031000013E30214046FFF72BFF002ED2D0AE42E7
:10032000F6D8CFE7F8B506460C46154613F0010798
:100330000ED1E1B1084607F032FB074617E0013461
:1003400001373046FFF714FF21780029F7D106E086
:100350000027F9E7013D20213046FFF709FFBD42A4
:10036000F8D8F8BD013D20213046FFF701FFBD421E
:10037000F8D803E001343046FFF7FAFE217800296F
:10038000F8D1EEE7F0B583B00C461646054648B105
:100390006B696BB12B688BB16B68ABB1002C40F013
:1003A0008B80DAE0704940F25220FFF77FFCEFE7E4
:1003B0006D494FF41570FFF779FCEBE76A4940F29D
:1003C0005520FFF773FCE7E7674940F25620FFF737
:1003D0006DFCE3E70027012303E047F00107013448
:1003E00083B121782D29F8D0302903D02B2905D0CD
:1003F0000023F5E747F002070134F1E747F004076F
:100400000134EDE700222A290CD02178A1F1300037
:10041000C0B209280CD8013402EB820201EB42027F
:10042000303AF0E73368191D31601B681A44013413
:1004300023782E2B02D00023217811E001340023F1
:100440002178A1F13000C0B20928F5D8013403EBBE
:10045000830301EB4301A1F13003F1E714F8011F1D
:100460006C29FBD06829F9D025296FD020D37829B1
:100470001ED858291CD35839202919D8DFE801F093
:100480003C181818181818181818181126181818C1
:10049000182618181818181850181847183118184E
:1004A0003C0033681A1D326019782846FFF760FE59
:1004B00001342378002B4ED014F8011B00294AD0B8
:1004C000252987D02846FFF753FEF2E73168081D3B
:1004D00030600968019700920A222846FFF7C0FEA3
:1004E000E6E73168081D30600968019700920A222A
:1004F0002846FFF755FEDBE73168081D30600968C4
:100500000197009210222846FFF74AFED0E7316893
:100510000B1D33603B4609682846FFF703FFC7E71A
:1005200033681A1D32601F6830212846FFF720FE0D
:1005300078212846FFF71CFE00230193082300932F
:10054000102239462846FFF72BFEB1E72521284621
:10055000FFF70EFEACE72B7B0BB903B0F0BD2846CE
:10056000FFF7C0FDF9E700BF249C0300C3688B427E
:1005700006D8114401390369994203D90020704714
:10058000002070470120704710F0030F0CBF0120BE
:100590000020704743681B68013B0B420CBF0120E1
:1005A000002070472DE9F04182B0002831D00E467E
:1005B00015461C460746002A3BD0D0F80080B8F10B
:1005C000000F46D0002B54D043685A68B4FBF2F3B6
:1005D00002FB1343002B5CD10846FFF7D5FF002830
:1005E00067D02846FFF7D0FF002872D02246314658
:1005F0003846FFF7BBFF00287BD0D8F80C80089B5B
:10060000009323462A4631463846C04702B0BDE82B
:10061000F0814048404BC01AC00800040E240094EA
:100620003E4B3F4A3F4940F0010000F08CFF20461E
:10063000ECE73848384BC01AC00800040E24009478
:10064000364B394A374940F0010000F07CFF204624
:10065000DCE73048304BC01AC0080004082400947E
:100660002E4B324A2F4940F0010000F06CFF20462B
:10067000CCE72848284BC01AC0080004092400947D
:10068000264B2B4A274940F0010000F05CFF204632
:10069000BCE72048204BC01AC0080004092400947D
:1006A0001E4B244A1F4940F0010000F04CFF204639
:1006B000ACE71848184BC01AC00800041024009476
:1006C000164B1D4A174940F0010000F03CFF204640
:1006D0009CE71048104BC01AC00800041024009476
:1006E0000E4B164A0F4940F0010000F02CFF204647
:1006F0008CE70848084BC01AC00800041024009476
:10070000064B0F4A074940F0010000F01CFF20464D
:100710007CE700BFC07B0300487B0300CCD803000C
:10072000BC9C0300C49C0300509D0300F89C030084
:100730000C9D0300589D0300849D03009C9D0300B5
:10074000C09D03002DE9F04182B0F0B18846144607
:100750001F460546066846B3002A36D0FFF71AFF43
:10076000002842D06B681A6804FB02F24146284612
:10077000FFF7FCFE002848D036693B46224641463A
:100780002846B04702B0BDE8F0812848284BC01A7F
:10079000C00800040E240094264B274A274940F045
:1007A000010000F0D0FE2046ECE72048204BC01AA4
:1007B000C0080004082400941E4B214A1F4940F041
:1007C000010000F0C0FE2046DCE71848184BC01AB4
:1007D000C008000409240094164B1A4A174940F037
:1007E000010000F0B0FE2046CCE71048104BC01AC4
:1007F000C0080004102400940E4B134A0F4940F027
:10080000010000F0A0FE2046BCE70848084BC01AD3
:10081000C008000410240094064B0C4A074940F01D
:10082000010000F090FE2046ACE700BFC07B030053
:10083000487B0300B8D80300BC9C0300C49C0300A1
:10084000F89C03000C9D0300E89D0300109E03002C
:1008500029DF704728DF704703689B68002B28D08A
:1008600000B587B000230093019302930393049390
:100870000593019183680593037953B1012B11D13D
:1008800002238DF80030C3681B030293436904936D
:1008900008E001238DF8003003690293C3680393D5
:1008A0004369049303689B686846984707B05DF8FE
:1008B00004FB704710B542698369D21AB2F5805FB4
:1008C00028BF4FF4805292080469C168012A38BFDA
:1008D000012219441819FFF7BBFF10BD08B5C26803
:1008E00000691044FFF7B6FF08BD0000114B00225D
:1008F000DA6003791BB1012B0FD0104670474269B3
:100900008369D11AB1F5805F94BF5B1803F58053FA
:1009100083619A4209D00020704703690133036163
:100920004269934203D000207047012070470120A4
:10093000704700BF30490020064AD3680133D360B6
:10094000082B01D80020704713460022DA600120EE
:10095000704700BF30490020034B01225A74187AB7
:10096000B0FA80F0400970473049002008B50249CC
:100970000248FFF725FA08BD284900204449002015
:1009800008B505490548FFF70FFA054B1860003810
:1009900018BF012008BD00BF28490020444900209D
:1009A0002C49002008B51A4B1B7AA3B1184B022220
:1009B0001A72184B18680379ABB1012B1CD00321B4
:1009C000144B1868FFF748FF114B00221A725A6047
:1009D000FFF7CCFF08BDFFF7D3FF0028E6D10C4B93
:1009E00000225A60F6E7FFF765FF40B11128E6D113
:1009F000074B01221A72EDE7FFF770FFF5E7044B92
:100A00001B7C002BE6D10021022000F005F8E1E775
:100A1000304900202C490020831E012B2DD810B511
:100A20000446164B1B7A53B1022B03D1022807D080
:100A3000032818D0114B5B7CE3B9FFF7B3FF10BD5F
:100A40000F4B1868FFF752FF0028F3D00B4B002222
:100A50001A720B4B1868022C0AD00D21FFF7FCFE0E
:100A6000FFF784FFE6E7064B1868FFF765FFEBE743
:100A70001146F3E701F0C6F9E1E77047304900207D
:100A80002C490020012802D0032800D0704708B567
:100A9000054B00225A74012814BF0020012018744D
:100AA000FFF780FF08BD00BF304900202DE9F04F5F
:100AB00083B0884601929B469DF830900446D0B1A1
:100AC000B4F806A0637903FB0AFAAAF1040ADA452E
:100AD00016D9E7880BF10403B3FBF7F607FB1633CF
:100AE000019A156805EB0B02524501D9AAEB0B05DB
:100AF000019A15600BE01949B620FFF7D7F8DFE738
:100B00001649C420FFF7D2F8E3E72468013E002E1F
:100B1000FBD1A7EB030AAA4528BFAA46B3460DE0BE
:100B200052460146184606F051FF2468A5EB0A0517
:100B3000D344BA46AF4228BFAA4633465DB108EB5C
:100B40000B0023440433B9F1000FE9D05246194693
:100B500006F03CFFE9E703B0BDE8F08F709E0300AC
:100B600008B5FFF71FFA08BDF8B501464679701EB3
:100B70000A46002301E0126801338342FBD3176861
:100B8000002405E00D683846FFF782FA0134294653
:100B9000A642F7D8F8BD2DE9F8430746048A231F7B
:100BA00019440331B1FBF3F8FFF740FA0646F8B1F8
:100BB0000025057101234371043CC4805FFA88F865
:100BC00008F1FF3807608146454511D23846FFF7E6
:100BD0002DFA044640B1737901337371C9F80000EE
:100BE000076001358146EFE73046FFF7BDFF264637
:100BF0003046BDE8F88308B501210430FFF790F9CD
:100C000008BD10B5044601210430FFF794F910F037
:100C1000FF0F00D010BD2046FFF7A6FFFAE7000047
:100C200010B584B0144603920022009203AAFFF785
:100C30003DFF039BA34201D104B010BD0249F62041
:100C4000FFF734F8F8E700BF709E030010B584B0DA
:100C5000144603920122009203AAFFF727FF039B89
:100C6000A34201D104B010BD02494FF48070FFF7D8
:100C70001DF8F7E7709E0300826800239360826886
:100C80001361826853618268D360826853608268AE
:100C90001360704738B50C46054638B15CB12C601E
:100CA00023686B60626893420AD038BD06495020C1
:100CB000FEF7FCFFF2E704495120FEF7F7FFEEE7ED
:100CC00000236B60F1E700BF0C9F030010B50446E2
:100CD00058B1236873B1636833B1226891680B44DB
:100CE0006360526893420AD010BD06496320FEF744
:100CF000DDFFEEE703496420FEF7D8FFEBE70023B2
:100D00006360F1E70C9F03000E49A1F594729142D4
:100D100015D9A1EB020C4FEADC7303EBEC035B107B
:100D200002EBC30C52F83330834201D96146EEE73F
:100D300002D20CF10802EAE7DCF804007047002058
:100D4000704700BF08DA030008B5FFF7DDFF00B108
:100D500008BD0148FCE700BF08DA03007047704790
:100D600000B583B0044B00934FF48063034A00F056
:100D700033F803B05DF804FB810D030054490020F3
:100D80000AB3F8B50F4614460326002503E00E4BC0
:100D900001221A70B4B122467919002000F044FEF5
:100DA0000544241A0028F2D1074B1B7853B1074B96
:100DB0004FF47A4043F001039847013EE7D1024BDC
:100DC00000221A70F8BD7047544D002020DA03004D
:100DD00008B500F083FE08BDF0B595B00E46154687
:100DE0001C460846FFF707FF0E950F94002310934B
:100DF0008DF8443012931A9A1392082208A93046AB
:100E0000FFF724FF0A9B0B93BDF82430ADF8303078
:100E1000BDF82630ADF8323001238DF835309DF81D
:100E2000203003F00303012B06D0022B21D03046E3
:100E3000FFF7E7FE15B0F0BD089DC5F395259DF8B9
:100E40002030C3F3C2038DF83430BDF82040C4F322
:100E500083140823A2000DEB03013046FFF7F6FED2
:100E60000EAB00930BAB224602A9284600F02AFCE9
:100E7000DDE7BDF82250C5F389159DF82030C3F396
:100E8000C2038DF8343008272C46082D28BF0824CB
:100E90003B46224602A93046FFF7D8FE27442D1BC9
:100EA0000EAB0BAA214602A800F06EFC002DEBD180
:100EB000BDE7000008B5FFF78BFF0421064800F0EE
:100EC00083FB002803DB054B01225A7108BD04494E
:100ED0004120FEF7EBFEF6E7287C0300342B0020D0
:100EE000ACA30300037813F0040F19D003F003033D
:100EF000012B03D0022B0AD0012070470388C3F3D3
:100F000083130A68134402330B600120704743883F
:100F1000C3F389130A68134402330B60012070473E
:100F200000207047002002E001238BB9013009281E
:100F30000CDC084BD3F81034002BF5D0DB681A79A1
:100F4000824201D01B68F7E70023EEE74FF0FF3045
:100F5000704700BF584D002010B584B02D4C20467E
:100F6000FEF7F4FF201FFEF7F1FFA4F58364A368EA
:100F70000393DBB2023304EB8304201D06E09DF8EB
:100F80000C300233244800EB8300043003A9FFF740
:100F9000A9FF0028F3D100220BE0039B591C039109
:100FA000DBB202331C4901EB83035B684DF822304E
:100FB0000132012AF1D99DF8003003F00303012B1F
:100FC00016D0022B1ED1BDF80640BDF80230C3F387
:100FD00089130333039A02EB930203920F48FEF73F
:100FE000BAFF10B10C4B039A9A60204604B010BDB2
:100FF000BDF80640BDF80020C2F38312039B1344E2
:101000000393EBE706494FF4C270FEF74FFE00244E
:10101000E4E700BF70510020584D00206C510020C3
:1010200068A40300F0B583B006460C461746851C3D
:1010300000238DF807300DF10700FDF70FFF1E4B61
:101040005A6822609B689B1A03F5807311E01B4C61
:1010500001212046FEF764FFFFF77EFF0146204690
:10106000FEF75EFFA4F21C44A36862689B1A03F5B6
:101070008073AB42EBD30022B7B1012363F30102CB
:1010800042F0040266F389120B484168CBB2023386
:1010900000EB83035A60294441609DF80700FDF787
:1010A000EFFE012003B0F0BD022363F3010242F022
:1010B000040266F39F52E7E7584D00207451002068
:1010C00010B5074B01221A700648FFF749FD044688
:1010D00008B1204610BD0448FFF7CEFDF9E700BF78
:1010E000584D0020347B030034DA03000248034BE0
:1010F000C01AC008704700BF287C0300487B03006B
:1011000099B110B50446FFF7F1FF002383420AD2DC
:10111000074A32F823102268914201D00133F5E7E3
:101120002360002000E0052010BD0020704700BFB4
:101130001C2B00202DE9F04706460F4690461D4621
:10114000DDF82090040C00211A48FEF7A8FE80F379
:10115000100AFFF7CBFFA04225D96B1C03EA090355
:1011600044EA0A42144C023304EB83035A6005EA52
:101170000905023504EB85031A7966F3C5021A7175
:101180009A8868F389129A805A6867F39F225A6096
:101190001A79012161F301021A71D2B222F004021C
:1011A0001A71BDE8F087054940F2A910FEF77EFDEF
:1011B000D3E700BF74510020584D002068A40300FD
:1011C00000B583B0019001A8FFF79AFF30B9019AEA
:1011D000034B53F8320003B05DF804FB0020FAE73C
:1011E000487B0300094B03EBC0030139032909D8ED
:1011F000DFE801F0020A0406022070471879704700
:10120000587970470020704704207047487B0300DE
:10121000034B98685B68984214BF00200120704718
:10122000584D00202DE9F04186B0FFF7F1FF00286E
:1012300040F01F81044690480023C0F81834BFF3E3
:101240004F8F83680593DBB2023300EB83000430D9
:1012500005E0DBB20233884800EB8300043005A9C7
:10126000FFF740FE30B3844BD3F8183423BB824BD6
:101270005A68059B9A42ECD87F4B9A60F5E0059B33
:10128000591C0591DBB202337B4901EB830359689A
:1012900002AB43F822100132012AF0D99DF8083040
:1012A00003F00303022B09D0012B6DD0724BD3F84E
:1012B0001044C9E00022EFE70022EDE7BDF80A3054
:1012C000C3F38916B046502E28BF4FF0500868F37C
:1012D0008F13ADF80A3008F108016848FFF75BFC8E
:1012E00005460028E2D0FFF786FC002308220DEB1C
:1012F00002012846FFF794FC0599CB43DBB201338A
:101300009F00B8EB830F33D91FBB5FFA88F7002427
:101310005B49A04608233A462846FFF781FC07F1BF
:10132000080324B1424621462846FFF779FC0336DC
:10133000059B03EB96030593002DB7D04E4BD3F8D6
:101340001044D3F81834002B57D02846FFF759FC27
:1013500086E0C9B20231484C04EB81010431FFB28E
:101360005FFA88F8A8EB07085FFA88F80C34D1E731
:10137000CBB20233404901EB8301082342460431DA
:101380002846FFF74DFCD2E7BDF80820C2F38313CF
:10139000062B28BF062363F38912ADF80820023319
:1013A00099003648FFF7F7FB054600283FF47EAF6B
:1013B000FFF721FC002308220DEB02012846FFF76E
:1013C0002FFC002408260FE0059B5A1C0592DBB277
:1013D0000233294901EB8301334604221144284694
:1013E000FFF71EFC04360134BDF80830C3F3831345
:1013F000A342E9D8A0E7E3681C684CB1E3685B79D5
:10140000002BF8D023681B68294620469847F2E74E
:101410002846FFF7F6FB00238DF807300DF1070093
:10142000FDF71CFD144BD3F8183413B9124B059A71
:101430009A609DF80700FDF723FD11E023689B6883
:1014400020469847E3681C68002CF7D10D480E4BE6
:10145000C01AC00800040D4940F0020000F058F81E
:10146000FFF7D6FE80F00104E4B2204606B0BDE8E6
:10147000F0810024F9E700BF584D0020347B0300C1
:10148000644D0020987B0300487B03000CA50300FB
:101490002DE9F04184B00746884616461D460122D4
:1014A00003A91846FFF7BEFDC8B1039B991C4FF076
:1014B000000C0BE0CAB20232144C04EB820E56F858
:1014C0002C20CEF804200CF1010C0131AC45F1D3F5
:1014D000FF2200922A4641463846FFF72BFE0B4B6F
:1014E0001B7813B904B0BDE8F08100238DF80B30F0
:1014F0000DF10B00FDF7B2FCFFF794FE0028FBD1C5
:101500009DF80B00FDF7BCFCECE700BF584D002038
:1015100008B500231A46FFF7BBFF08BD00B583B02E
:101520000192012301AAFFF7B3FF03B05DF804FBAA
:1015300000B583B00092019302236A46FFF7A8FF2B
:1015400003B05DF804FB00B585B001920293069BE1
:101550000393032301AAFFF79BFF05B05DF804FB8B
:1015600000B585B000920193069B0293079B0393FD
:1015700004236A46FFF78CFF05B05DF804FB00B555
:1015800087B001920293089B0393099B04930A9BE3
:101590000593052301AAFFF77BFF07B05DF804FB65
:1015A00000B587B000920193089B0293099B0393B7
:1015B0000A9B04930B9B059306236A46FFF768FF7B
:1015C00007B05DF804FB000010B50446FFF7AAFC65
:1015D000B0F1FF3F0ED0E36818710A4BD3F8103416
:1015E0004BB1DA68E36812681A60064BD3F810341E
:1015F000DB681C6010BD034BC3F81044E368002295
:101600001A60F7E7584D002070B582B004460D46C9
:10161000C388A3B9217A05290FD0637ABBB9227A8E
:10162000104B53F822600021A088FFF7C9FD034644
:1016300032460D492846FEF769FD02B070BD0B4ADF
:1016400000920B4A0B492846FEF760FDE2E7A088AE
:10165000FFF7C8FD084B53F8202008492846FEF73D
:1016600055FDDCE764DA030050A5030044A5030040
:1016700024A503002CA5030040DA03004CA50300B9
:1016800010B50C46037A052B0FD0437A3BB90A49B3
:101690002046FEF73BFD2046FEF724FD10BD074A1D
:1016A00007492046FEF732FDF1E7002AF3D0024950
:1016B0002046FEF72BFDEEE7F483030044A503006C
:1016C0004CA503002DE9F04385B081460D469046B8
:1016D0001E460C9C277B0023237321463046FFF7D0
:1016E00093FFB8F1060F09D8DFE808F00411171EC0
:1016F00027323F0049462046FEF708FD00222146DA
:101700003046FFF7BDFF277305B0BDE8F0832A68B8
:1017100049462046FEF7FAFCF0E76B682A6849461E
:101720002046FEF7F3FCE9E7AB6800936B682A6894
:1017300049462046FEF7EAFCE0E7EB680193AB6818
:1017400000936B682A6849462046FEF7DFFCD5E720
:101750002B690293EB680193AB6800936B682A686E
:1017600049462046FEF7D2FCC8E76B6903932B6914
:101770000293EB680193AB6800936B682A68494653
:101780002046FEF7C3FCB9E7082900D970472DE9C8
:10179000F04707460E4690461D4693F80C900024ED
:1017A0001C7319461046FFF72FFF04E01C4928461A
:1017B000FEF7ACFC0134072C07D8B442F6D23A5DF0
:1017C00018492846FEF7A2FCF4E717492846FEF719
:1017D0009DFC002407E04FF02E0A5246134928468C
:1017E000FEF794FC0134072C11D8B4420AD2385DBC
:1017F0007E28F0D8824605F07BFD0028EDD14FF021
:101800002E0AEAE70A492846FEF780FCEAE70122A9
:1018100029464046FFF734FF85F80C90BDE8F08775
:1018200064A503005CA5030068A503006CA5030084
:1018300058A503000369C268934204D881688A1AD4
:101840001344581E7047981A013870472DE9F84321
:10185000044688461646C5688768A7EB0509914582
:1018600007D94068284406F0B1F83544E560BDE882
:10187000F88340684A46284406F0A8F8ED1B354432
:101880002A4608EB0901606806F0A0F8E560EEE77B
:101890002DE9F843064688461746C5684FF000090B
:1018A00018E05B1B5A1EB3685C1B944228BF1446A9
:1018B000BC4228BF3C46706822464146284406F098
:1018C00085F8A144A0443F1B2544B368AB4209D02E
:1018D000F5604FB133699D42E3D3B2685B1B1A4494
:1018E000013AE0E70025F3E74846BDE8F883000049
:1018F000124B02221A615A6111499961114ADA6147
:101900004FF400721A6200229A625A62DA62996493
:101910000D49D964102119659A655A65DA650B4A33
:101920001068C3F807000A4A92E80300186099801B
:10193000090C997120229A71704700BFF054002061
:10194000C0A50300F0520020E0520020CCA5030007
:10195000D0A503002DE9F047044688469146244B64
:101960001B78C3B104EB4402214B03EBC2039F6D10
:101970005D6DAF4212D80026ED1B4D4528BF4D4688
:101980003DBB2EB104EB4404194B03EBC4039F652C
:101990003046BDE8F087FFF7ABFFE3E71346144A94
:1019A00002EBC30ADAF85060F61B4E4528BF4E46DC
:1019B000DAF84C1032463944404606F007F8B04495
:1019C000A9EB06093744DAF85030BB42D4D10027DE
:1019D000D2E704EB4402064B03EBC203D96C2A4660
:1019E0003944404605F0F2FF2E442F44C9E700BFBA
:1019F000F054002070B582B004460D461646002310
:101A00008DF807300DF10700FDF728FA3246294618
:101A10002046FFF79FFF04469DF80700FDF730FAC8
:101A2000204602B070BD0000F8B50F461646441CB3
:101A300004EB4404164B03EBC40400EB400003EB3F
:101A4000C003DD6A012D0ED0022D1AD0F5B9204653
:101A5000FFF7F0FE864212D8324639462046FFF79D
:101A6000F5FE35460BE02046FFF7E4FE354686429C
:101A700028BF05462A4639462046FFF7E7FE284696
:101A8000F8BD2046FFF704FF0546F8E70025F6E716
:101A9000F054002000B583B001220DF107010020B1
:101AA000FFF7A8FF012804D19DF8070003B05DF8F7
:101AB00004FB4FF0FF30F9E708B5074B1B7833B153
:101AC000054B9A6D5B6D934204D0012008BDFFF772
:101AD0000FFFF5E70020F9E7F054002008B5FFF705
:101AE00007FF08BD002807DB00F01F0240090123A3
:101AF0009340024A42F82030704700BF00E100E006
:101B000000280CDB00F01F02400901239340203025
:101B1000034A42F82030BFF34F8FBFF36F8F7047F7
:101B200000E100E0002807DB00F1604000F56140C3
:101B300090F800034009704700F00F00014B185C5B
:101B40004009704714ED00E010DF704711DF704767
:101B50001F2808DD3F280CDC20380123834014BFF8
:101B6000012000207047044B23FA00F000F0010030
:101B700070470120704700BFFC06FFBD38B5044622
:101B8000FFF7E6FFE8B12046FFF7CCFF07281CD897
:101B9000EC23034113F0010F1AD00F4B9D6865B180
:101BA0006009194653F8203004F01F040122A240B6
:101BB000134341F82030002505E02046FFF792FF4F
:101BC00001E042F20105284638BD42F20205FAE77B
:101BD00042F20205F7E700BF8C48002038B5044602
:101BE000FFF7B6FFA8B10C4B9D6875B160091946A7
:101BF00053F8203004F01F040122A24023EA02031C
:101C000041F820300025284638BD2046FFF778FFF0
:101C1000F9E742F20105F6E78C48002070B582B082
:101C20000646154D154BED1AED082D0445F004053B
:101C3000024613492846FFF771FC12496846FFF730
:101C400029F807E0224610492846FFF767FC684656
:101C5000FFF73CF8019C64B12368616830469847FF
:101C60000028EFD1224609492846FFF757FC1120EA
:101C700000E0002002B070BDC87B0300487B030079
:101C8000D8A5030090DA0300F0A5030010A6030016
:101C900010B582B004460E480E4BC01AC0080004AE
:101CA00022460D4940F00400FFF738FC0B49684616
:101CB000FEF7F0FF06E01A6859682046904768462C
:101CC000FFF704F8019B002BF5D102B010BD00BF57
:101CD000C87B0300487B030034A6030084DA0300BA
:101CE00008B51620FFF74AFF00B908BD024AA12136
:101CF000FCF7C8FFF9E700BF4CA6030008B51620A3
:101D0000FFF76CFF00B908BD024AAD21FCF7BAFF2E
:101D1000F9E700BF4CA6030010B582B01B4B1B783F
:101D200073BB1B4B01221A700020FFF777FF1128AD
:101D30002AD00020FFF7ACFF164B1B68019300234D
:101D40008DF803300DF10300FDF788F8124901A862
:101D5000FFF7FAFE0446B0FA80F040090B4B18700A
:101D60009DF80300FDF78CF85CB90023084A137056
:101D70000A4A1370FFF7B4FF0120FFF789FF00E064
:101D80000824204602B010BD0024FAE76A5500205E
:101D9000685500209CDA0300C13303006955002018
:101DA00030B583B0154B1B7813B30120144B18705A
:101DB000FFF734FF11281FD00220FFF769FF00252D
:101DC0008DF807500DF10700FDF748F8FFF7BEFE4C
:101DD00004460A4B1D709DF80700FDF751F844B901
:101DE000074B1D70FFF78AFF0320FFF751FF00E04C
:101DF0000824204603B030BD0024FAE76A550020CD
:101E00006855002008B5074B1B7843B1064B1B787B
:101E100013B1FFF7C5FF08BDFFF77EFFFBE7082002
:101E2000F9E700BF685500206A550020014B18787B
:101E3000704700BF6A55002000B583B00849684666
:101E4000FEF728FF05E01A68586890476846FEF7D5
:101E50003DFF019B002BF6D103B05DF804FB00BFF2
:101E600078DA030008B5FFF7E7FF08BD60DF7047C9
:101E700069DF704761DF70474FF08053D3F80C0182
:101E8000800200F100507047164B1B7843B300B539
:101E9000ADF5017D09E01A68596803A8904701A8CB
:101EA000FEF714FF029B002BF5D14FF4FA73ADF847
:101EB00002300DF1020103A8FFF7DCFF20B90A4947
:101EC00001A8FEF7E7FEEDE7052803D10DF5017D3A
:101ED0005DF804FB054A40F23B11FCF7D3FEF5E741
:101EE000704700BF6B550020A0DA0300F0A6030086
:101EF00018B1034A0260002070470E20704700BFEF
:101F0000082B0020F0B585B005460C460846FFF7C3
:101F1000EFFF064610B1304605B0F0BD0023019337
:101F2000029303938DF8045001238DF806300623A5
:101F3000ADF80830226801A92020FFF799FF00289A
:101F400058D1002301930293039301238DF80530A8
:101F5000226801A94020FFF78BFF002858D10023F9
:101F60000193029303938DF80450F723ADF80630E4
:101F7000226801A92320FFF77BFF002856D1002308
:101F800001930293039303238DF80430226801A97F
:101F90000120FFF76DFF002856D100230193029323
:101FA00003934FF4B0630193226801A9A120FFF7C6
:101FB0005FFF002856D100230193029303939DF8FD
:101FC000043043F001038DF80430226801A9A020F9
:101FD000FFF74EFF00289ED0294C2A4AA41AE40895
:101FE0002404FEF7B1FE0246274944F00100FFF742
:101FF00095FA90E7224F234ABF1AFF083F04FEF7E5
:10200000A3FE0246214947F00100FFF787FA98E74F
:102010001B4F1C4ABF1AFF083F04FEF795FE0246FD
:102020001B4947F00100FFF779FA98E7144D154A6C
:10203000AD1AED082D04FEF787FE0246154945F05E
:102040000100FFF76BFA9AE70D4D0E4AAD1AED0845
:102050002D04FEF779FE02460F4945F00100FFF717
:102060005DFA9AE7064D074AAD1AED082D04FEF712
:102070006BFE0246094945F00100FFF74FFA9AE767
:10208000D07B0300487B03000CA9030090A703004A
:10209000D8A7030024A803006CA80300B8A8030075
:1020A000F8B504460768FFF7E1FE05462368BB4222
:1020B00005D8F5B9164B01221A702846F8BD154E01
:1020C000154BF61AF608360446F002061349304658
:1020D000FFF71EFA23683A4611493046FFF728FAFF
:1020E000FFF7CAFE2268821A0E493046FFF716FA39
:1020F000DFE7084C084BE41AE40824042846FEF7FE
:1021000023FE0246084944F00100FFF707FAD4E72E
:102110006B550020D07B0300487B030060A90300BF
:1021200090A90300C4A90300F0A903004BDF704786
:1021300000B585B009E01A6859680198904702A86F
:10214000FEF7C4FD039B002BF5D101A8FFF7EEFFBE
:1021500078B90D480D4BC01AC0080004019A0C490B
:1021600040F00400FFF7DAF90A4902A8FEF792FDF1
:10217000E8E7052802D105B05DF804FB064A6B21AB
:10218000FCF780FDF7E700BFD87B0300487B030026
:102190001CAA0300ACDA030030AA0300FEE7704774
:1021A000704738B50C464568284600F059F8E1B24A
:1021B000022906D004290BD141682846F6F709F90F
:1021C00006E000F087F8002203210846F6F79AF8A7
:1021D00038BD08B500F0A8F808BD38B50C4645680C
:1021E000284600F03DF8E1B2062906D0072908D1BB
:1021F00001682846F6F7EDF803E001682846F6F78F
:10220000E8F838BD08B500F0BDF808BD02460C4935
:1022100042F8141B426000228260C260094A0261D7
:10222000094A0260094A426180610949C16109495C
:10223000416102624062084A8262084A0262704753
:102240002CD70300DCAA0300E8DA030018D7030048
:10225000ECAA0300C0DA0300388B0300D4DA0300D1
:10226000034600F1140202480260203343607047C5
:102270006C55002008B50948094BC01AC008000475
:10228000084940F00400FFF743F90748F6F74CF916
:10229000002207210320F6F735F808BD987B0300DC
:1022A000487B0300F4AA03007455002000B583B0F6
:1022B000054B0093002342F2107204490448F6F7DC
:1022C000B3F803B05DF804FB752203000CAB030008
:1022D0007455002008B50248F6F79CFA08BD00BF07
:1022E000B1240300014B1860704700BF3C2B002055
:1022F00008B50848084BC01AC0080004074940F058
:102300000400FFF705F9064B19680648F6F7BAF816
:1023100008BD00BF987B0300487B03001CAB030093
:102320003C2B00207455002008B50748074BC01A05
:10233000C0080004064940F00400FFF7E9F8F6F78A
:10234000EDF9FFF7D5FF08BD987B0300487B03003C
:102350007482030008B50748074BC01AC008000480
:10236000064940F00400FFF7D3F80548F6F7ACF84B
:1023700008BD00BF987B0300487B030034AB03001B
:102380007455002008B50748074BC01AC008000460
:10239000064940F00400FFF7BBF8F6F7DFF9FFF756
:1023A000D9FF08BD987B0300487B03004CAB0300BA
:1023B00008B5114682189378D27843EA02231BB2FB
:1023C00013F5716F00D008BD01F10C03C35C03F07D
:1023D000010C224A82F800C0C3F3400C82F801C00D
:1023E000C3F3800C82F802C0C3F3C00C82F803C0B0
:1023F000C3F3001C82F804C0C3F3401C82F805C07C
:10240000C3F3801393710844437A03EB83035B00A7
:102410001381837A03EB83035B005381C37A03EB5D
:1024200083035B00938143794FF0640C0CFB03F34F
:1024300081790CFB01F143EA0143136100235361ED
:1024400007490B6801330B6008210320F5F770FF83
:10245000044B19680448F6F745F8B4E7AC5500207A
:10246000A85500203C2B002074550020F8B50746E5
:102470000E46002503E02C44A4B20134A5B2B542B7
:102480000FD22B467C5D64B12A19B24209DA0133BE
:10249000FB5CFF2BEFD12A4631463846FFF788FF19
:1024A000E9E7F8BD08B501790068FFF7DFFF08BD6F
:1024B00008B50378042B13D8DFE803F013121E29A4
:1024C00003001548154BC01AC0080004144940F019
:1024D0000400FFF71DF8002207210320F5F712FF83
:1024E00008BD0D480D4BC01AC00800040D4940F04E
:1024F0000400FFF70DF8F3E70748084BC01AC008BF
:102500000004094940F00400FFF702F8E8E74068DA
:10251000FFF7C8FFE4E700BF987B0300487B030098
:102520005CAB03006CAB03007CAB030008B5FFF7AA
:10253000BDFE08BD70B505460C46164600F022F8F3
:102540003246214600F05EF821462846F5F706FFA0
:1025500070BD000010B50446F5F7BAFE014B2360CC
:10256000204610BDF4DA030010B50446FFF7F2FF71
:1025700004F15C00F5F7B1FD04F6EC10FFF746FE40
:10258000204610BD08B50A4B1B68BFF35B8F13F0E4
:10259000010F01D0074808BD054805F079FA002869
:1025A000F8D00448FFF7E0FF014805F085FAF1E7AD
:1025B000E4550020E855002038B504460D4B0E4A7E
:1025C0009B1ADB081B040D4943F00300FEF7A0FF34
:1025D00004F15C050A4A05212846F5F7A7FD2A46BD
:1025E00003212046F5F77CFE04F6EC10F5F705FF15
:1025F00038BD00BF987B0300487B030094AB030009
:10260000B0AB030008B500F6EC10F5F7DAFE08BD34
:1026100008B5C06800F0CAFA0548064BC01AC008E1
:102620000004054940F00400FEF772FF08BD00BF3A
:10263000987B0300487B0300B4AB0300F8B50D465C
:102640004668284C284BE41AE408240444F00404A7
:1026500026492046FEF75CFF304600F099F9074610
:10266000E9B20D2939D8DFE801F0070C3811383804
:10267000161B24383829382E1D492046FEF748FFFE
:10268000F8BD1C492046FEF743FFF9E74168304694
:10269000F5F79FFEF4E718492046FEF739FFEFE70C
:1026A00016492046FEF734FF39683046F5F791FEAB
:1026B000E6E713492046FEF72BFFE1E711492046E4
:1026C000FEF726FFDCE710492046FEF721FF002237
:1026D00004210846F5F716FED2E70C495520FDF710
:1026E000E5FACDE7987B0300487B0300E0AB0300ED
:1026F00018AC03003CAC03005CAC0300A0AC0300CE
:10270000E0AC03001CAD030064AD0300A4AD030006
:1027100008B5C06800F062FA0548064BC01AC00848
:102720000004054940F00400FEF7F2FE08BD00BFBA
:10273000987B0300487B030030AE030008B5C068F7
:1027400000F004FA0548064BC01AC0080004054909
:1027500040F00400FEF7DCFE08BD00BF987B0300DC
:10276000487B03005CAE030070B50D4646681E4C06
:102770001E4BE41AE408240444F004041C492046D7
:10278000FEF7C6FE304600F003F9E9B20D2926D85F
:10279000DFE801F0070C250B112516252525252539
:1027A000251B14492046FEF7B3FE70BD1249204692
:1027B000FEF7AEFEF9E701683046F5F70AFEF4E7EA
:1027C00081683046F5F705FEEFE70C492046FEF735
:1027D0009FFE002204210846F5F794FDE5E708492D
:1027E0004920FDF763FAE0E7987B0300487B03008C
:1027F00080AE030018AC03003CAC0300B0AE030095
:10280000E8AE030008B5C06800F0B8F90548064B0B
:10281000C01AC0080004054940F00400FEF778FE25
:1028200008BD00BF987B0300487B030068AF03002E
:1028300008B50548054BC01AC0080004044940F01B
:102840000400FEF765FE08BD987B0300487B03008B
:1028500088AF030008B50548054BC01AC00800043E
:10286000044940F00400FEF753FE08BD987B0300C6
:10287000487B0300A8AF0300F8B505460F4646683D
:102880001C4C1D4BE41AE408240444F004041B49C6
:102890002046FEF73DFE304600F07AF8F9B20B29EB
:1028A00023D8DFE801F0060B10180A221D220A0ABD
:1028B000220A13492046FEF72BFEF8BD1149204697
:1028C000FEF726FEF9E7E86800F02AF90E492046EF
:1028D000FEF71EFEF1E741683046F5F77AFDECE7BA
:1028E00081683046F5F775FDE7E708495220FDF7A6
:1028F000DDF9E2E7987B0300487B0300C8AF0300E3
:1029000018AC03003CAC0300F0AF030010B00300B0
:1029100038B504460346144A43F8142B4360002399
:102920008360C360114B0361114B0360114D45611E
:102930008061114BC361114B436100F04BF8206281
:102940006562A4620E4BE3620E4B636200F042F8D4
:1029500020636563A4630C4BE3630C4B636300F07B
:1029600039F82064204638BD2CD7030090B003000E
:102970003CDB030018D7030094B0030028DB0300FE
:102980009CB0030014DB0300A4B0030000DB0300D1
:10299000034600F114020448026003F1240242607D
:1029A00034338360704700BF0060002010B50446D8
:1029B00014234360092383601523C3601623036136
:1029C0000A234361022383611C30F5F73FFE204652
:1029D00010BD000008B50A4B1B68BFF35B8F13F0F6
:1029E000010F01D0074808BD054805F051F800283F
:1029F000F8D00448FFF7DAFF014805F05DF8F1E789
:102A00000C600020106000202DE9F04399B00546CD
:102A10003C483D4BC01AC00800043C4940F004004B
:102A2000FEF776FD12AB00241294139414941594BF
:102A3000169417940127139714976A68129218AA8C
:102A400012E903008DE803000FCBF6F79FF921464A
:102A50006868F6F77AF90CAB0C940D940E940F9409
:102A6000109411940D970E97AA680C9210AA92E8F0
:102A700003008DE803000FCBF6F788F92146A8681C
:102A8000F6F763F9224BD3F80080ADF82C804FEABB
:102A900018498DF82E9003268DF82D601D4B0B9A4A
:102AA0003146E868F6F78FF9ADF828808DF82A905E
:102AB0008DF82960184B0A9A31462869F6F783F990
:102AC000ADF824808DF826908DF82560134B099A77
:102AD00031466869F6F777F903AB039404940594DB
:102AE00006940794089405970696AA69039207AA84
:102AF00092E803008DE803000FCBF6F747F919B011
:102B0000BDE8F083987B0300487B0300B8B0030066
:102B100040DB0300752C0300C92C0300112D0300BA
:102B200010B50446064B074A9B1ADB081B040649EE
:102B300043F00400FEF7ECFC2046FFF765FF10BDF4
:102B4000987B0300487B0300D4B0030010B5044613
:102B5000074B084A9B1ADB081B04074943F0040093
:102B6000FEF7D6FC01216068F6F7EFF810BD00BF54
:102B7000987B0300487B0300E8B0030010B50446CF
:102B8000074B084A9B1ADB081B04074943F0040063
:102B9000FEF7BEFC00216068F6F7D7F810BD00BF55
:102BA000987B0300487B03000CB1030010B504467A
:102BB000074B084A9B1ADB081B04074943F0040033
:102BC000FEF7A6FC0121A068F6F7BFF810BD00BF14
:102BD000987B0300487B030030B1030010B5044626
:102BE000074B084A9B1ADB081B04074943F0040003
:102BF000FEF78EFC0021A068F6F7A7F810BD00BF15
:102C0000987B0300487B030054B1030008B51C30D7
:102C1000F5F762FD0548064BC01AC00800040549D7
:102C200040F00400FEF774FC08BD00BF987B030071
:102C3000487B030078B1030010B504460A4B0B4AE9
:102C40009B1ADB081B040A4943F00400FEF760FCF2
:102C5000E068F6F775F8012800D010BD00220B21BE
:102C60000420F5F74FFBF8E7987B0300487B03004F
:102C700098B1030008B5FFF7ADFEFFF7DDFF08BD13
:102C800010B504460D4B0E4A9B1ADB081B040D4978
:102C900043F00400FEF73CFC2069F6F751F80128E8
:102CA00005D0002208210420F5F72CFB10BD0022DE
:102CB00007210420F5F726FBF8E700BF987B030007
:102CC000487B0300CCB1030008B5FFF783FEFFF794
:102CD000D7FF08BD10B504460A4B0B4A9B1ADB0808
:102CE0001B040A4943F00400FEF712FC6069F6F782
:102CF00027F800B110BD002209210420F5F702FBDE
:102D0000F8E700BF987B0300487B0300F8B103009D
:102D100008B5FFF75FFEFFF7DDFF08BD38B50C46CD
:102D200015460848084BC01AC0080004074940F07F
:102D30000400FEF7EDFB00F023F82A46214600F0E0
:102D40004FF838BD987B0300487B030028B203008E
:102D500010B50446F5F7BCFA014B2360204610BDC0
:102D60004CDB030010B50446FFF7F2FF04F15C00F2
:102D7000F5F7B3F904F6EC10FFF7CAFD204610BDD5
:102D800008B50A4B1B68BFF35B8F13F0010F01D02E
:102D9000074808BD054804F07BFE0028F8D0044829
:102DA000FFF7E0FF014804F087FEF1E790600020A4
:102DB0009460002038B5044600F15C05074A012103
:102DC0002846F5F7B3F92A4604212046F5F788FA94
:102DD00004F6EC10F5F711FB38BD00BF90B003000E
:102DE00008B500F6EC10F5F7ECFA08BDBFF34F8F0D
:102DF0000549CA6802F4E062044B1343CB60BFF399
:102E00004F8F00BFFDE700BF00ED00E00400FA05B2
:102E100034DF704735DF704741180BD2B0F1005FE7
:102E200002D3064B994207D9B1F5801F8CBF002011
:102E300001207047002070470120704700000420E7
:102E400010B5044690B10121FFF7E6FF70B12046AE
:102E5000002302E0581C20440133FF2B06D8E25C1B
:102E600022B12F2AF6D05C2AF6D1F3E710BDC0B10B
:102E700000B5864699B10AB1002306E0002303702D
:102E80000DE00EF80C000133DBB29C46581C884262
:102E900002D2D05C0028F4D100230EF80C305DF88B
:102EA00004FB7047013806280FD8DFE800F0041053
:102EB00006080E0A0C000748704707487047074885
:102EC00070470748704707487047074870470748EA
:102ED000704700BF40B2030058B2030070B2030055
:102EE00088B2030094B20300A4B203004CB2030002
:102EF00044F2010398420ED007D801280DD041F2C8
:102F0000010398420BD10420704744F20203984217
:102F100007D1022070470120704703207047052029
:102F20007047052070470000084201D010467047E6
:102F30000048704714840300EFF30882084B9A425C
:102F40000DD9D31AB3F5807F09D9A2F58072044B4D
:102F500003E04FF0A53143F8041B9342F9D37047C7
:102F600000F803200020064B01E001300433054A3D
:102F7000934203D21A68B2F1A53FF6D080007047A1
:102F800000F803200000042008B5094C094BE41A9E
:102F9000E4082404084D6868FFF784FF0246AB6824
:102FA000064944F00100FEF7C3FAFFF71FFF00BF18
:102FB000987B0300487B0300F47F0020B4B2030039
:102FC0002DE9F04385B0064681B30D46344C354BB0
:102FD000E41AE408240444F00204334A0121284698
:102FE000FFF7A2FF0746314A02212846FFF79CFF60
:102FF00080462F4A04212846FFF796FF81462D4A36
:1030000008212846FFF790FF0390CDF80890CDF8EF
:10301000048000972B46324627492046FEF7C0FA27
:1030200015F4F81F0ED105B0BDE8F0831C481D4B08
:10303000C01AC00800043246204940F00200FEF7E2
:103040006DFAF0E71E4A4FF480312846FFF76CFF17
:1030500006461C4A4FF400312846FFF765FF074635
:10306000194A4FF480212846FFF75EFF8046174A31
:103070004FF400212846FFF757FF8146144A4FF4CA
:1030800080112846FFF750FF0290CDF80490CDF84C
:1030900000803B4632460F492046FEF770FAC2E7F1
:1030A000987B0300487B030014B303001CB30300A8
:1030B00028B3030034B3030040B30300D8B20300C5
:1030C00068B3030074B3030084B3030098B3030030
:1030D000A4B30300B0B3030038B50E4B1A680E4B0F
:1030E0009A4214D004460B4D60220021284604F079
:1030F0009FFC6C60094B1A68094B9A4204D000226D
:10310000044BDA62012038BD044BDA68F8E700208E
:10311000F9E700BFF47F0020ED4AA5C7E47F002057
:1031200047C0A5C710B503F0D7FB01280DD003F0A9
:10313000CDFB044658B15021FFF76EFE08B9054893
:1031400004E0204603F062F900E0034810BD0148A6
:10315000FCE700BFCCB30300C4B3030008B50C4BBD
:103160001A680C4B9A4206D00B4B0C4A1A6093F823
:1031700050302BB108BD064A936801339360F3E7E2
:10318000FFF7D0FF024610210548FFF770FEF1E778
:10319000E47F002047C0A5C7F47F0020ED4AA5C703
:1031A0004480002070B584B000230393FEF73EFEF8
:1031B00000282FD14FF08043D3F800240392C3F8A6
:1031C0000024404B1A68404B9A4205D03D4B3E4A82
:1031D0001A6000225A609A603A4B58680130586071
:1031E0000022DA600399FFF7EBFE384B1A68384B80
:1031F0009A4216D03748384BC01AC0080004314BE9
:103200009A68364940F00300FEF788F9FFF794FE0C
:1032100004B070BD03A8FFF7FBFD0398FFF7FAFDAC
:10322000CFE72C4C2C4BE41AE408240444F00104AE
:10323000264D6868FFF736FE0246EB6A009305F1FB
:10324000500327492046FEF77EF96B68012B17D003
:10325000022B24D01D4D2B690093EB68AA682149ED
:103260002046FEF770F96B68062B20D0154B9A6844
:103270001D492046FEF752F9144B00221A60C5E79B
:103280006E693046FDF760FD0346AA69019230354C
:103290000095324615492046FEF762F9DAE70B4AF7
:1032A0009369303212492046FEF742F9D2E76B6A41
:1032B000A96A019100932B6AEA690E492046FEF73C
:1032C0004FF9D3E7E47F002047C0A5C7F47F002073
:1032D000ED4AA5C7987B0300487B0300C0B40300F8
:1032E000D0B3030048B40300A0B403000CB403003F
:1032F00028B403006CB40300044B1A68044B9A42D0
:1033000000D07047014BD860FBE700BFE47F00208E
:1033100047C0A5C7F8B5264F264BFF1AFF083F0444
:1033200047F00307FFF71EFE024623493846FEF723
:10333000F5F800240DE003F069F80546304603F087
:10334000B9FA83002A461D493846FEF7F1F80134E0
:10335000E4B2F4F7D7FEA04206D92046F4F7D8FE2F
:1033600006460028E7D1F2E703F07EFD054603F0AC
:1033700061F8044665B1284603F048F80646284639
:1033800003F098FA830032460C493846FEF7D0F82D
:1033900064B1204603F03AF80546204603F08AFA65
:1033A00083002A4605493846FEF7C2F8F8BD00BF3B
:1033B000987B0300487B0300F0B403000CB50300C6
:1033C00070B506460C46154672B6FFF791FDFFF73D
:1033D00083FE68B11B4B9C6044F201039E4209D0FE
:1033E00044F202039E421AD0164B5D61FFF7B6FE0F
:1033F000FFF7CAFD0C212846FFF70EFD0028F5D087
:103400002B68104CA361AB6863616868FFF718FD17
:103410000246202104F13000FFF729FDE6E70821EC
:103420002846FFF7F9FC0028E0D02B68054CA36183
:103430006868FFF705FD0246202104F13000FFF720
:1034400016FDD3E7F47F00201EF0040F0CBFEFF34E
:103450000880EFF3098000F001B8000008B50446C9
:1034600072B60620FFF738FEB8B10D4A916A0D4BCF
:10347000D961D16A1962516B5962926B9A622021AB
:103480002046FFF7C9FC30B1064B6269DA60A269D9
:103490009A60E2691A61FFF761FEFFF775FD00BFF0
:1034A00000ED00E0F47F002008B50C4672B607205E
:1034B000FFF712FE60B110212046FFF7ADFC00B906
:1034C000044C224610210448FFF7D1FCFFF746FECA
:1034D000FFF75AFDCCB303004480002000B583B051
:1034E000054B00930123642204490548F4F79CFF2F
:1034F00003B05DF804FB00BF8D3B030024B503005F
:10350000C46A002038B50E48F4F7A8FF0D4C0E4BE6
:10351000E41AE408240444F002040C4D2946204631
:10352000FDF7F6FF0A492046FDF7F2FF094920465C
:10353000FDF7EEFF29462046FDF7EAFF38BD00BF44
:10354000C46A0020987B0300487B030030B5030069
:1035500068B503009CB5030008B50F4B1B787BB919
:10356000002212210120F4F7CDFE0C480C4BC01AAA
:10357000C00800040B4940F00200FDF7C9FF08BD78
:103580000648074BC01AC0080004074940F0020073
:10359000FDF7BEFFF3E700BF006B0020987B030040
:1035A000487B030004B60300E0B5030008B50F4BE9
:1035B0001B787BB1002203210120F4F7A3FE0C4805
:1035C0000C4BC01AC00800040B4940F00200FDF784
:1035D0009FFF08BD0648074BC01AC00800040749F2
:1035E00040F00200FDF794FFF3E700BF006B0020FE
:1035F000987B0300487B030048B6030028B603000D
:1036000010B500230A4A13700A4A13600A4A13705D
:103610000A4C0B4BE41AE408240444F00204094960
:103620002046FDF775FF08492046FDF771FF10BDE4
:10363000006B0020FC6A0020F86A0020987B0300E1
:10364000487B030064B60300B0B6030038B50446F7
:1036500001F020F9A04219D3204601F0E3FD1448FF
:10366000144BC01AC008000440F0020022460C2C83
:103670001BD804EB840404EB8404A3009BB203F581
:10368000C8739BB20C49FDF753FF38BD0546084887
:10369000084BC01AC00800042B462246074940F0D8
:1036A0000200FDF745FF2C46D6E74FF4C863E9E773
:1036B000987B0300487B03001CB70300ECB60300B3
:1036C00038B50446134B1D7801F0E4F8002C08DBF4
:1036D000002C01DD854211D22819C0B2FFF7B6FFD8
:1036E00038BD002DF4D10C480C4BC01AC0080004A2
:1036F0000B4940F00200FDF70BFFF1E7064B074ACC
:103700009B1ADB081B040246064943F00200FDF742
:1037100005FFE5E7452B0020987B0300487B03006D
:103720003CB7030064B7030010B500220321042056
:10373000F4F7E8FD002203210220F4F7E3FD042260
:1037400010210220F4F7DEFD0F4C22780E2102201A
:10375000F4F7D8FD0D480E4BC01AC008000440F025
:10376000020022780C2A0BD802EB820101EB8101C6
:103770008B0003F5C8739BB20649FDF7D9FE10BD57
:103780004FF4C863F8E700BF452B0020987B030087
:10379000487B03008CB7030008B504220F210220E8
:1037A000F4F7B0FD0548064BC01AC00800040549EF
:1037B00040F00200FDF7ACFE08BD00BF987B03009F
:1037C000487B0300C0B7030030B585B0124B1B68BF
:1037D000B3B11248124BC01AC0080004114A137941
:1037E00091799478557903950294019100935378D7
:1037F00012780D4940F00200FDF7D2FE05B030BD51
:103800000648074BC01AC0080004084940F00200EF
:10381000FDF77EFEF2E700BFA8550020987B03006D
:10382000487B0300AC55002014B80300E0B7030048
:1038300010B50C4C0C4BE41AE408240444F00204C8
:103840000A492046FDF764FE09492046FDF760FE5F
:1038500008492046FDF75CFE07492046FDF758FE63
:1038600010BD00BF987B0300487B030078B80300BD
:10387000B0B80300ECB803001CB9030038B5134B13
:1038800001221A700023124A1360124A1370124C5C
:10389000124BE41AE408240444F00204104D2946B3
:1038A0002046FDF735FE0F492046FDF731FE0E4953
:1038B0002046FDF72DFE0D492046FDF729FE29463D
:1038C0002046FDF725FEFFF7B3FF38BD006B002053
:1038D000FC6A0020F86A0020987B0300487B030004
:1038E00030B503005CB9030080B90300B4B903002C
:1038F00008B50848084BC01AC0080004074940F042
:103900000200FDF705FE064A40F251110320FBF7C5
:10391000B9F908BD987B0300487B0300F0B90300A8
:1039200028BA030008B50748074BC01AC0080004AE
:10393000064940F00200FDF7EBFD054BD3F8F03FE0
:1039400008BD00BF987B0300487B030098BA0300C2
:1039500000F0FFFF2DE9F04182B0364B1E78364B68
:103960001F78364C364BE41AE408240444F0020471
:1039700034492046FDF7CCFD334B1B78002B44D057
:10398000324D334B1B78002B41D0DFF8F880F4F731
:1039900099FA00F6EC10F4F743FD019000974346C6
:1039A0002A462C492046FDF7DBFD0C2E32D806EBCB
:1039B000860505EB8505AD0005F5C875ADB200F0CF
:1039C00069FF00902B46324623492046FDF7BBFD98
:1039D000224B1B78224A126801920093214B1B78DC
:1039E000214A127821492046FDF7BAFDFFF7ECFE87
:1039F000154B1B78D3B11E4B1A681E4B9A420CD83C
:103A0000C2F5122202F5F86208E01B4DB9E7DFF8B3
:103A10007880BCE74FF4C865D1E70022174BA3FBC1
:103A20000232920916492046FDF778FD02B0BDE842
:103A3000F08100BF452B0020CD710020987B030052
:103A4000487B0300C4BA0300006B0020E0BA030007
:103A5000CC710020F8BA03002CBB0300C671002013
:103A6000A8550020432B0020442B002054BB03000A
:103A7000FC6A0020BF270900E8BA0300D34D62109A
:103A800098BB0300F0BA0300F4BA030008B56D2830
:103A90000CD006D83F280CD068280DD1FFF7C8FEFF
:103AA00006E06E2808D1FFF781FD01E0FFF754FD25
:103AB00008BDFFF74FFFFBE72F4B1B78C3B13D2835
:103AC00022D8212839D3A0F121031C2B35D8DFE8D7
:103AD00003F02E3431343434343434342234263444
:103AE00034343434343434343434343434342200DC
:103AF000224B234A9B1ADB081B040246214943F050
:103B00000200FDF70BFDD3E773280DD0782814D100
:103B1000FFF742FECCE70120FFF7D2FDC8E74FF0E8
:103B2000FF30FFF7CDFDC3E7FFF7FEFDC0E7FFF76E
:103B3000DFFEBDE7FFF7F6FEBAE7A0F13003DBB228
:103B4000092B09D9A0F16103DBB2022B08D8573841
:103B5000C0B2FFF77BFDABE71846FFF777FDA7E79D
:103B6000064B074A9B1ADB081B040246064943F032
:103B70000200FDF7D3FC9BE7006B0020987B03005D
:103B8000487B0300BCBB0300FCBB030010B502E094
:103B9000E0B2FFF77BFFFDF78FFFB8B1FDF77AFFCB
:103BA000041E13DB194B00221A60194B1B78002BE3
:103BB000EED0174B1A701748174BC01AC0080004F4
:103BC000164940F00200FDF7A3FCE1E7144B1B7817
:103BD0004BB10F4B1B7833B90C4A13686433136035
:103BE000104A934200D810BD094B01221A700948AF
:103BF000094BC01AC00800040B4A0C4940F00100F0
:103C0000FDF78CFCFFF7C8FDEDE700BFFC6A002064
:103C1000F86A0020987B0300487B030030BC030057
:103C2000006B0020BF270900C027090074BC0300F7
:103C300008B5FFF753FC08BD08B50548054BC01A89
:103C4000C0080004044940F00400FDF761FC08BD11
:103C5000987B0300487B0300B8BC030010B5044602
:103C6000064B074A9B1ADB081B04064943F0040075
:103C7000FDF74EFCE06800F0D3FD10BD987B03001B
:103C8000487B0300DCBC03002DE9F047054688466D
:103C900016464768484C494BE41AE408240444F0AB
:103CA000040947494846FDF733FC384600F05CF903
:103CB00082465FFA88F111290ED8DFE801F0090F7A
:103CC0000D14190D1E27303A0D473F4C565F69738E
:103CD0003C494846FDF71CFCBDE8F0873A49484698
:103CE000FDF716FCF8E739494846FDF711FCF3E704
:103CF00037494846FDF70CFCEEE7E86800F0D6FBD4
:103D0000002208210220F4F7FDFAE5E7E86800F058
:103D100045FEDAF800103846F4F75BFBDCE72D4986
:103D20004846FDF7F5FB002207210220F4F7EAFAE6
:103D3000D2E729494846FDF7EBFBCDE7274948463E
:103D4000FDF7E6FBE86800F0ADFEC5E7244948460C
:103D5000FDF7DEFBC0E723494846FDF7D9FB00220B
:103D600007210220F4F7CEFAB6E71F494846FDF7CF
:103D7000CFFBF1B2E86800F039FDADE71B4944F034
:103D80000200FDF7C5FBF1B2E86800F023FBA3E7F2
:103D9000174944F00300FDF7BBFBF1B2E86800F0FF
:103DA0004DFB99E7E86800F023FEDAF8001038468A
:103DB000F4F70FFB90E700BF987B0300487B0300FC
:103DC00000BD030030BD030054BD030074BD0300FB
:103DD00098BD0300BCBD0300F8BD030020BE030076
:103DE00068BE0300ACBE0300E4BE03001CBF0300BA
:103DF00058BF030008B50548054BC01AC0080004A9
:103E0000044940F00400FDF783FB08BD987B0300E4
:103E1000487B030094BF030008B50548054BC01A52
:103E2000C0080004044940F00400FDF771FB08BD20
:103E3000987B0300487B0300B4BF0300F8B5054638
:103E40000F4646681D4C1E4BE41AE408240444F057
:103E500004041C492046FDF75BFB304600F084F863
:103E6000F9B211290ED8DFE801F0090E131B0D0D70
:103E70000D0D0D0D0D0D200D0D0D0D2512492046BA
:103E8000FDF746FBF8BD11492046FDF741FBF9E778
:103E90000F492046FDF73CFBE86801F0D7FAF1E74F
:103EA000C1683046F4F795FAECE781683046F4F7DC
:103EB00090FAE7E7E86800F09BFDE3E7987B0300F2
:103EC000487B0300D4BF030030BD030054BD030092
:103ED000FCBF030038B504460346174A43F8142BC9
:103EE000436000238360C360144B0361144B036081
:103EF000144D45618061144BC361144B436100F064
:103F000001FA20626562A462114BE362114B6362A5
:103F100025636463104BA363104B236300F0F2F935
:103F2000E063256464640E4BA3640E4B236400F0CD
:103F3000E9F9E064204638BD2CD703001CC003001B
:103F400080DB030018D7030094B003006CDB030090
:103F500020C00300A0DB030028C003008CDB0300AB
:103F600034C0030058DB0300034600F11402054887
:103F7000026003F12402426003F1300282604033A8
:103F8000C3607047046B002008B50548054BC01A94
:103F9000C0080004044940F00400FDF7B9FA08BD68
:103FA000987B0300487B030040C0030010B5044623
:103FB000064B074A9B1ADB081B04064943F0040022
:103FC000FDF7A6FAE06800F02BFC10BD987B03001B
:103FD000487B030064C003002DE9F047054688468E
:103FE00016464768434C444BE41AE408240444F062
:103FF000040942494846FDF78BFA3846FFF7B4FFFB
:1040000082465FFA88F111290ED8DFE801F0090F26
:104010000D141E0D282D430D0D0D0D364D56606AE5
:1040200037494846FDF774FABDE8F08735494846F8
:10403000FDF76EFAF8E734494846FDF769FADAF811
:104040000C103846F4F7C5F9EEE730494846FDF75D
:104050005FFADAF80C103846F4F7BBF9E4E72C49BC
:104060004846FDF755FADFE7E86800F097FCDAF814
:1040700000103846F4F7ADF9D6E726494846FDF773
:1040800047FAE86800F0F0FADAF800103846F4F77A
:10409000A0F9C9E720494846FDF73AFA002207216E
:1040A0000220F4F72FF9BFE71C494846FDF730FA24
:1040B000F1B2E86800F09AFBB6E7194944F0020053
:1040C000FDF726FAF1B2E86800F084F9ACE715498B
:1040D00044F00300FDF71CFAF1B2E86800F0AEF915
:1040E000A2E7E86800F084FCDAF800103846F4F73C
:1040F00070F999E7987B0300487B030064C00300D4
:1041000084C00300B8C00300E8C003001CC1030062
:104110004CC10300ACBE0300BCBD0300E4BE030001
:1041200080C10300D0C1030008B50548054BC01A83
:10413000C0080004044940F00400FDF7E9F908BD97
:10414000987B0300487B030020C2030008B50548A4
:10415000054BC01AC0080004044940F00400FDF7F4
:10416000D7F908BD987B0300487B030040C20300D9
:1041700070B50D4646681D4C1D4BE41AE408240436
:1041800044F004041B492046FDF7C2F93046FFF70E
:10419000EBFEE9B208290AD8DFE801F0050A090FA9
:1041A0001409191E230014492046FDF7B1F970BD0A
:1041B00012492046FDF7ACF9F9E711492046FDF711
:1041C000A7F9F4E70F492046FDF7A2F9EFE70E49FA
:1041D0002046FDF79DF9EAE70C492046FDF798F9DE
:1041E000E5E70B492046FDF793F9E0E7987B0300EC
:1041F000487B030060C2030030BD030054BD0300D0
:1042000074BD030098BD030088C20300ACC2030064
:10421000D0C2030008B50A480A4BC01AC0080004FF
:10422000094940F00400FDF773F9F5F7B3F80128E8
:1042300000D008BD00220D210220F4F779F8F8E73C
:10424000987B0300487B0300F8C2030000B583B0ED
:10425000174B009301234FF4FA7216491648F4F7EE
:10426000E3F8164B0093002341F2883214491548B5
:10427000F4F7DAF8144B009301234FF4FA62134970
:104280001348F4F7D1F8134B0093012342F2107254
:1042900011491248F4F7C8F8114B0093012347F273
:1042A000305210491048F4F7BFF803B05DF804FB32
:1042B0003145030020C30300E86B002015420300D2
:1042C00030C30300B46B0020E951030048C303006E
:1042D000806B00202D52030058C303004C6B00205C
:1042E000F14A030068C30300186B002010B50446B0
:1042F0000830F4F731FB04F51870F5F78DF8204617
:1043000010BD000008B50A4B1B68BFF35B8F13F0AC
:10431000010F01D0074808BD054803F0B9FB00288C
:10432000F8D00448FFF7E2FF014803F0C5FBF1E7CE
:104330001C6C0020206C002010B582B01D4C1E4B60
:10434000E41AE408240444F004041C492046FDF760
:10435000DFF81B492046FDF7DBF81A492046FDF738
:10436000D7F8194B03F1100292E803008DE803001F
:104370000FCBF4F70BFD01212F20F4F7E6FC134BD4
:1043800003F1100292E803008DE803000FCBF4F76D
:10439000FDFC01210520F4F7D8FC0D4B03F11002C0
:1043A00092E803008DE803000FCBF4F7EFFC02B0B6
:1043B00010BD00BF987B0300487B030078C3030057
:1043C00094C30300C0C30300DCDB0300C4DB0300B1
:1043D000ACDB030030B583B00C46114B1D7845EAC9
:1043E00001021A708DB10F480F4BC01AC0080004AB
:1043F00040F002000A4B1B787DB90C4A009222461D
:104400000B49FDF7A0F803B030BD00F51870F4F7C4
:1044100051FF084B00221A70E5E7074AEEE700BF9C
:10442000CD710020987B0300487B0300ECC30300A0
:1044300004C40300CC710020F8C3030010B50C467F
:10444000134A137823EA01031370A3B900F5187017
:10445000F4F72AFF0F4B01221A700F480F4BC01AB6
:10446000C00800040E4B1B7822460E4940F00300A2
:10447000FDF75EF810BD0848084A801AC00800041D
:104480000A46094940F00200FDF752F8F2E700BF82
:10449000CD710020CC710020987B0300487B030085
:1044A000452B002044C4030090C4030008B500F568
:1044B0001870F4F705FF0548054BC01AC008000442
:1044C000044940F00400FDF723F808BD987B030081
:1044D000487B0300E4C4030008B500F51870F4F746
:1044E00055FF0548054BC01AC0080004044940F0B8
:1044F0000400FDF70DF808BD987B0300487B03001E
:1045000000C5030010B50446F4F744FF20600548D9
:10451000054BC01AC0080004044940F00400FCF731
:10452000F7FF10BD987B0300487B030020C5030004
:1045300010B5084C2046FFF7E5FF0748074BC01AA7
:10454000C00800042268064940F00400FCF7E6FFBA
:1045500010BD00BF146B0020987B0300487B030054
:1045600040C5030008B50748074BC01AC00800043F
:10457000064940F00400FCF7CBFF0548F3F76EFF57
:1045800008BD00BF987B0300487B030064C503009F
:10459000B46B002008B50748074BC01AC0080004D8
:1045A000064940F00400FCF7B3FF0548F3F756FF57
:1045B00008BD00BF987B0300487B03008CC5030047
:1045C000E86B002008B50748074BC01AC008000474
:1045D000064940F00400FCF79BFF0548F3F774FF21
:1045E00008BD00BF987B0300487B0300B0C50300F3
:1045F000E86B002008B50A480A4BC01AC00800043E
:10460000094940F00400FCF783FF0848F3F75CFF1A
:104610000748F3F723FF0748F3F720FF08BD00BF63
:10462000987B0300487B0300D4C50300186B00206F
:10463000806B00204C6B002008B50748074BC01A60
:10464000C0080004064940F00300FCF761FF05487C
:10465000F3F704FF08BD00BF987B0300487B03000D
:1046600008C60300806B002008B50848084BC01A34
:10467000C0080004074940F00400FCF749FF064861
:10468000F3F722FF0548F3F71FFF08BD987B0300EF
:10469000487B030050C60300806B00204C6B002059
:1046A00050B159B162B1B1F5826F0BD991420BD9BA
:1046B00088420BD9012070470020704700207047C6
:1046C000002070470020704700207047002070478E
:1046D00010B52DED028B8A1A07EE902AF8EEE77AD4
:1046E000401A07EE100AB8EEC77A9FED376AC7EE98
:1046F000066A87EEA68A354C354BE41AE408240492
:10470000FDEEC87A17EE902A324944F00300FCF718
:1047100005FFDFED317AB4EEE78AF1EE10FA4CDAFC
:10472000DFED2E7AB4EEE78AF1EE10FA48D90023D5
:1047300000E00133032B36D8294A02EBC30252684A
:1047400007EE902AB8EE677AB4EEC87AF1EE10FA66
:10475000EFDB581C224901EBC001496807EE901AB3
:10476000F8EE677AF4EEC87AF1EE10FAE1D81C4C54
:1047700014F9300014F93330C01A07EE900AF8EE3D
:10478000E76A521A07EE902AF8EE677A37EE487A0F
:1047900006EE103AB8EEC60A87EE276A66EE267A6B
:1047A00030EE270A06E00F4944F00100FCF7B0FEA6
:1047B0009FED0D0ABDEC028B10BDB3EE040AF9E7C4
:1047C0009FED090AF6E700BF00EC4247987B030023
:1047D000487B030080C6030000E0F64700FE034765
:1047E000F4DB0300ACC603000000484238B50446C1
:1047F0000D46084B084A9B1ADB081B04074943F087
:104800000400FCF785FE294604F51870F4F7D7FD7F
:1048100038BD00BF987B0300487B030004C703003A
:1048200010B50446144B1A78D2B11448144BC01A70
:10483000C0080004134940F00200FCF76FFE204658
:10484000FFF790FE2046FFF7A5FE0C480C4BC01A60
:10485000C00800040C4940F00400FCF759FE10BDEC
:104860000A4B1978FFF7C2FF04F51870F4F71CFD26
:10487000074B01221A70E2E7CD710020987B0300FC
:10488000487B030030C7030070C70300452B00209E
:10489000CC710020014B1878704700BFCE7100200A
:1048A00010B50023204A1370204A1380204A138039
:1048B000012220490A7020490B70FF211F48017016
:1048C0001F4801701F4803701F4803701F4800688D
:1048D0001F4C20601F4C20601F4803701F4803704E
:1048E0001F4803701F4802701F4802701F48036072
:1048F0001F4803801F4803801F4803701F48036040
:104900001F4803801F4803701F4801701F490B7028
:104910001F48204BC01AC00800041F4940F0030084
:10492000FCF7FCFD10BD00BFCD710020CA71002056
:10493000C8710020452B0020C6710020442B0020A8
:10494000432B0020C5710020C4710020A855002011
:10495000C0710020B8710020BC710020B17100202E
:10496000B0710020412B0020402B0020AC710020B2
:10497000A8710020A6710020A4710020A071002061
:104980009E7100209D710020422B00209C71002010
:10499000987B0300487B030088C7030010B50446DA
:1049A00000F51870F4F786FC0C4B00221A702046B4
:1049B000FFF708FE2046FFF757FE0948F3F784FD8E
:1049C000FFF76EFF0748084BC01AC00800040749EC
:1049D00040F00400FCF79CFD10BD00BFCC7100202E
:1049E000186B0020987B0300487B0300B4C70300CA
:1049F00010B50446FFF7D2FF2046FFF71DFE06481C
:104A0000064BC01AC0080004054B1A78054940F04F
:104A10000200FCF783FD10BD987B0300487B030078
:104A2000452B0020D0C70300044B1B78FF2B01D07F
:104A3000834201D9014B1870704700BF442B0020FE
:104A4000094B1A78FF2A08D0084B1B78FF2B06D099
:104A50000133934205DA00207047002070470020A0
:104A600070470120704700BF442B0020432B0020DB
:104A700008B5094B1A78824200D30246074B1A70D8
:104A8000074B1B78934201D2054B1A700E2102206E
:104A9000F3F74EFC08BD00BFCE710020452B00206F
:104AA000412B002008B50C4B1A680C4B1A600C48BF
:104AB0000C4BC01AC008000447F2305301220A49C7
:104AC00040F00300FCF734FD0120FFF7D1FF074859
:104AD000F3F7C4FC08BD00BFA8550020B871002042
:104AE000987B0300487B030018C80300186B002064
:104AF00008B5264B1B68264A12689A421BD1254BE3
:104B00001A7842BB244B1878244B1B7898422DD23C
:104B10000130C0B2FFF7ACFF2148224BC01AC008D9
:104B2000000447F230531C4A12781F4940F002003B
:104B3000FCF7FEFC08BD1D48F3F7C6FC1848194BEE
:104B4000C01AC0080004144B1A78194940F0030039
:104B5000FCF7E4FCEEE71248124BC01AC008000450
:104B6000144940F00200FCF7D9FCE3E70F48F3F7E3
:104B7000ABFC0B480B4BC01AC0080004064B1A785C
:104B80000D4940F00200FCF7C9FCD3E7A85500200E
:104B9000B8710020CD710020452B0020CE7100207F
:104BA000987B0300487B030060C90300186B00205A
:104BB00074C80300B8C8030008C9030010B582B068
:104BC00004461D4B186800231C4A13701C490A78C0
:104BD0000132D2B20A701B490C701B490B801B4971
:104BE00008601B490B801B4B1B495B1ADB081B042D
:104BF00043F00200C4B1194B19490978019100939F
:104C000004231849FCF7ACFC01220F210220F3F722
:104C10008FFB3CB1144B1B78FF2B03D0104A10784C
:104C2000834203D802B010BD104BE5E70130C0B29B
:104C3000FFF71EFFF6E700BFA8550020A471002073
:104C40009D7100209C710020CA710020AC71002071
:104C5000A8710020987B0300487B0300C8C90300AB
:104C6000452B0020E8C90300422B0020DCC90300CB
:104C70002DE9F04F2DED028B8BB0A04B1E68002E5E
:104C800000F098800DF1100C9D4C0FCCACE80F009B
:104C900094E803008CE803009A4B1D7815F0010599
:104CA0000CD0994A138801331380984B1B68B34288
:104CB00062D0964B1E60964B00221A80954B1B7853
:104CC0004BB145B9944A138801339BB21380934A80
:104CD0001268B24255D0BDF81870BDF81A80BDF800
:104CE0001C904A4641463846FFF7DAFC00284ED071
:104CF0004A4641463846FFF7EBFCB0EE408A884C06
:104D0000884BE41AE408240444F0030AFDEEC08A48
:104D1000DFED857A60EE277AFDEEE77A17EE902ACE
:104D2000824981FB0231D317C3EB6113642101FB7C
:104D3000132B5B4618EE902A7D495046FCF7F8FB92
:104D4000CDF8009043463A467A495046FCF7FBFBC3
:104D5000704B1B78002B44D0002D7BD16D4B002273
:104D60001A70DFED757AB4EEE78AF1EE10FA26DDFF
:104D70001046FFF723FF1DE0654A138801331380B7
:104D80009CE7092B16D90120FFF718FF12E06448B1
:104D9000644BC01AC0080004CDF8009043463A4660
:104DA000664940F00200FCF7CEFB5A4B1B780BB172
:104DB0005A4B1E600BB0BDEC028BBDE8F08F604B10
:104DC0001B780193272300935B4618EE902A5D49D8
:104DD0005046FCF7C5FB00235B4A13705B4A137017
:104DE000E8E7002D36D1DFED5A7AB4EEE78AF1EE2E
:104DF00010FADFDB574B1B7853B1292300935B4636
:104E000018EE902A544944F00200FCF79CFBD1E7CD
:104E1000292300935B4618EE902A504944F0010084
:104E2000FCF791FB0023384A1380384A1660384A51
:104E30001380464A13704A4B1B78FF2B05D0012282
:104E40000F210220F3F774FAB4E73D4B1A78444B74
:104E50001A70F4E72C4B1B880E2BABD9DFED367A9A
:104E6000B4EEE78AF1EE10FA40F38480284B1B88F9
:104E70000E2B9FD9344A1278032A2ED80F21914045
:104E80008B4297DB314B1B781BB92D4B1B78002BCA
:104E90002ED10023334A13700125334A15701D4A61
:104EA00015701E4A16601C4A1380274B1B782B4432
:104EB000234A12780292042201920093124B1B881B
:104EC000134A1288294944F00200FCF758FB2A468D
:104ED00010210220F3F72CFA6CE7254944F0010079
:104EE000FCF71CFB00220D210220F3F721FA61E7F9
:104EF000013BD8B2FFF7BCFDCBE700BFA8550020AF
:104F0000AC550020CD710020CA710020AC7100208A
:104F1000A8710020A47100209E710020A0710020C3
:104F2000987B0300487B03000000C8421F85EB51BB
:104F3000B0CA0300D8CA030000001C4238CA0300EC
:104F4000452B00200CCB03009D7100209C7100209C
:104F500000002442006B002070CB0300B8CB03009C
:104F6000422B0020C6710020C571002068CC0300D0
:104F700018CC03000193272300935B4618EE902A78
:104F800009495046FCF7ECFA0023084A1370012245
:104F900007490A7007490B7007490B70102102205E
:104FA000F3F7C6F906E700BFC4CC0300C6710020C2
:104FB000C57100209D7100209C7100202DE9F043F7
:104FC00083B0724B1B78724A1678B34200D91E46E2
:104FD0006F4A13706F4B19786C4B19706E4B1C68CD
:104FE000002C00F0AF806D4BD3F800801C606C4B40
:104FF00093F801901A79B2FA82F56D099B79B3FAA8
:1050000083F77F09A0451DD066480078A8423AD0B2
:105010000AB1002B3CD16448DFF8A0C1A0EB0C0022
:10502000C0080004DFF878C19CF802C0CDF804C0C5
:1050300000915E4940F00200FCF792FA594B1D7056
:105040005B4B1F705B4B1B7813F0020F4FD1A045D9
:1050500078D0B9F1000F75D13046FFF7E5FC564B1B
:105060001B784BB35048554BC01AC0080004544B32
:105070001B7800933346474A1278524940F00200A9
:10508000FCF761FA5EE04A480078B842C0D1D9E73F
:105090004548DFF828C1A0EB0C00C0080004DFF889
:1050A00000C19CF802C0CDF804C00091464940F010
:1050B0000300FCF755FAC1E73B48404BC01AC00853
:1050C00000043F4B1B7800933346324A12783F4925
:1050D00040F00100FCF737FA00233D4A13803D4AB7
:1050E000138002220F211046F3F722F92AE0384AF2
:1050F000138801339BB21380A04526D00022354986
:105100000A80042B1ED9042A24D8B9F1000F2CD010
:10511000204B1878002834D12F4B01221A702248D6
:10512000264BC01AC00800041A4B1B78284A128864
:105130002A4940F00300FCF7FBF902221021104637
:10514000F3F7F6F803B0BDE8F083224A1288013283
:1051500092B2D4E71448194BC01AC0080004204981
:1051600040F00200FCF7DAF9D2E70F48134A801A40
:10517000C00800041A461B4940F00200FCF7CEF9B3
:10518000E0E70138C0B2FFF773FCC5E7412B002010
:10519000402B0020452B0020A8550020B471002092
:1051A000AC550020B1710020987B030034CD030082
:1051B000B0710020CD710020006B0020487B0300FF
:1051C000442B00202CCE0300C4CD030080CE03006E
:1051D000C8710020A6710020C571002070CF0300A7
:1051E000E0CE030030CF030008B50A480A4BC01ACE
:1051F000C0080004094940F00400FCF789F9FFF7F2
:10520000DDFEFFF735FD064B1B7803B908BDFEF741
:10521000DBFAFBE7987B0300487B0300C4CF030065
:10522000006B002008B5FFF723FC08BD70B584B003
:105230006A4B1A78002A52D1694B1A78002A5AD13F
:10524000684B1B68684A12689A4262D0664A1360CB
:10525000664B1B78002B67D0654B9D78654C664B81
:10526000E41AE408240444F00306644B1B78029318
:10527000634B1B780193634B1B780093012D14BF84
:1052800000230123604A127860493046FCF777F921
:10529000012D59D05E4B1A780132D2B21A70012A10
:1052A00075D95B4B00221A70574B1D78534B1D70FC
:1052B000544B01221A70FFF7C3FB002871D1554BE4
:1052C0001B789D4280F08380681CC0B2FFF7D0FB42
:1052D0004D4B1A7850493046FCF720F909E0454813
:1052E000454BC01AC00800044C4940F00400FCF7CC
:1052F00015F904B070BD013AD2B21A703D483E4B68
:10530000C01AC0080004464940F00400FCF706F942
:10531000EFE73848384BC01AC0080004414940F054
:105320000200FCF7F5F8E4E7304B01221A7031482F
:10533000314BC01AC0080004334B1A783A4940F088
:105340000300FCF7EBF8D4E7314B00221A702D4B29
:105350001B786BB92C4B187888B10138C0B2FFF7B5
:1053600087FB294B1A7831493046FCF7D7F8C0E75C
:10537000254B1A782E493046FCF7D0F8B9E7214B77
:1053800001221A702B493046FCF7C2F8B1E71E4BD8
:105390001B7800930223284944EA0300FCF7D3F862
:1053A000A7E7174B1A7882B1561EF6B200962B4625
:1053B000224944F00100FCF7C6F8134B1B78B342B6
:1053C00097D03046FFF754FB93E71646EEE72A46A0
:1053D0001B4944F00200FCF7A1F88AE7CD710020D8
:1053E000C5710020A8550020C0710020BC710020AC
:1053F000AC550020987B0300487B0300432B002022
:10540000442B0020C6710020452B00200CD1030046
:10541000C4710020CE710020F0D20300E4CF03005D
:105420002CD0030074D00300C4D003008CD103003F
:1054300068D10300C8D1030004D2030048D203009E
:10544000A8D2030008B5FEF701FF08BD10B5044659
:105450000E480F4BC01AC00800040E4940F004006B
:10546000FCF756F82046FEF767FF04F10800F3F753
:10547000ADFA04F518742046F3F7BAFF2046F3F7A7
:1054800020FF054B1870FFF70BFA10BD987B030047
:10549000487B030024D30300CE71002070B505467D
:1054A0000C4616460A4B0B4A9B1ADB081B040A499A
:1054B00043F00400FCF72CF800F028F832462146AF
:1054C00000F054F821462846F2F748FF70BD00BFAF
:1054D000987B0300487B030038D3030010B50446D3
:1054E000F2F7F6FE014B2360204610BD24DC0300DA
:1054F00010B50446FFF7F2FF04F15C00F2F7EDFD92
:1055000004F6EC10FEF7E6FC204610BD08B50A4B89
:105510001B68BFF35B8F13F0010F01D0074808BD74
:10552000054802F0B5FA0028F8D00448FFF7E0FF7C
:10553000014802F0C1FAF1E7D0710020D4710020D7
:1055400038B5044600F15C05074A01212846F2F708
:10555000EDFD2A4602212046F2F7C2FE04F6EC10C9
:10556000F2F74BFF38BD00BF1CC0030008B500F6C2
:10557000EC10F2F726FF08BD28B108B502498320D8
:10558000FAF794FB08BD704750D3030000F10803FD
:1055900043604FF0FF328260C36003610023036009
:1055A000704700230361704743684B609A688A60C4
:1055B000516099600861036801330360704730B43B
:1055C0000D68B5F1FF3F11D000F108031C465B6880
:1055D0001A68AA42FAD963684B6099608C6061606E
:1055E000086103680133036030BC70470469F2E767
:1055F0000369416882688A60416851605A688242E2
:1056000006D0002202611A68013A1A6018687047D1
:1056100082685A60F5E700000748006880F3088850
:1056200062B661B6BFF34F8FBFF36F8F4FF4F07068
:1056300080F3118800DF00BF00700200064B19687C
:105640000868B0E8F04F80F30988BFF36F8F4FF020
:10565000000080F311887047547D0020EFF309802B
:10566000BFF36F8F144B1A681EF0100F08BF20EDA8
:10567000108A20E9F04F10604DF8043D4FF04000D3
:1056800080F31188BFF34F8FBFF36F8F00F0E0FFFF
:105690004FF0000080F3118808BC19680868B0E872
:1056A000F04F1EF0100F08BFB0EC108A80F309888D
:1056B000BFF36F8F704700BF547D0020034AD2F8BC
:1056C000883043F47003C2F88830704700ED00E082
:1056D00008B5074B1B68B3F1FF3F03D1402383F3A9
:1056E0001188FEE703499E20FAF7E0FAF6E700BFCB
:1056F000187C0020F8D303004FF0807340F8043C7E
:1057000040F8081C054B40F80C3C40F8202C6FF08A
:10571000020340F8243C4438704700BFD1560300D0
:1057200010B582B0264B1A68264B9A4213D1264BED
:105730001A78D2B20192FF221A701B78DBB28DF870
:1057400003309DF8033003F00203204A1370204B0E
:1057500007221A600EE01F49B020FAF7A7FAE6E721
:105760001B4A1368013B13609DF803305B00DBB2FA
:105770008DF803309DF8033013F0800FF0D1144AF8
:10578000136803F007031360019BDBB20E4A13702A
:105790000B4CE02384F8223000F0BAF80E4B0022C4
:1057A0001A60FFF78BFF0D4A536B43F0404353637E
:1057B000236943F010032361FFF72EFFFFF788FFF3
:1057C00000ED00E041C20F4100E400E0147C002045
:1057D000107C0020F8D30300187C002000EF00E0CC
:1057E00008B5402383F31188094A13680133136015
:1057F000012B00D008BD074B5B68C3F30803002BE7
:10580000F8D0054940F21110FAF750FAF2E700BF5C
:10581000187C002000ED00E0F8D3030008B5084B29
:105820001B683BB1064A1368013B13600BB983F355
:10583000118808BD03494FF48C70FAF737FAF1E785
:10584000187C0020F8D3030008B5EFF30583C3F3F9
:1058500008030F2B09D903F1E023F03393F8003349
:10586000DBB20C4A12789A4208D80B4BDB68C3F3C0
:1058700002230A4A12689A4206D308BD08494FF427
:10588000A970FAF713FAF0E705494FF4B170FAF787
:105890000DFAF2E7147C002000ED00E0107C0020FF
:1058A000F8D30300F0B583B0EFF31187402383F3FF
:1058B0001188154BD3F804450022C3F80021D3F812
:1058C00000310193019B00F093FD241A24F07F44E2
:1058D00034F0010301D1002509E000F0FDFF0228AA
:1058E000F9D00124F7E700F0B7FD05433446661E02
:1058F000002CF8D125B1054B4FF080525A6040BFC3
:1059000087F3118803B0F0BD0010014000ED00E006
:1059100008B50020F7F756FA094B1F22C3F80825EF
:105920000122C3F804239A601A600222C3F84423B8
:10593000044BE02283F811234FF400321A6008BDB3
:105940000010014000E100E010B50446FFF748FFF9
:10595000A26BE36B9A4204D00024FFF75FFF20465E
:1059600010BD0124F9E710B50446FFF739FFA36B1A
:1059700023B90124FFF752FF204610BD0024F9E7A8
:1059800070B504461546866B026C5AB903681BB1A4
:1059900000200136A66370BD406800F0ADFF002313
:1059A0006360F6E76DB9806802F010F8A368226CB6
:1059B0001344A3606268934219D32368A360284606
:1059C000E7E7C06802F002F8E368226C51429B1AD4
:1059D000E3602268934202D263680B44E360022DC5
:1059E00001D00020D5E726B1013E0020D1E72846AE
:1059F000CFE70020CDE70346026C6AB110B5084638
:105A0000D9681144D9605C68A14201D31968D96092
:105A1000D96801F0DBFF10BD704738B50546FFF7C8
:105A2000DFFE95F8454064B201E0013C64B2002C11
:105A30000ADD6B6A43B105F1240000F0A7FE0028DF
:105A4000F3D000F031FFF0E7FF2385F84530FFF792
:105A5000E5FEFFF7C5FE95F8444064B201E0013C65
:105A600064B2002C0ADD2B6943B105F1100000F08F
:105A70008DFE0028F3D000F017FFF0E7FF2385F834
:105A80004430FFF7CBFE38BD38B50D460446D0B1E3
:105A9000FFF7A6FE2368E26B216C01FB0230606019
:105AA0000020A063A360013A02FB0133E360FF23FF
:105AB00084F8443084F84530D5B9236943B9FFF7F9
:105AC000ADFE012038BD0F49FC20FAF7EFF8DFE703
:105AD00004F1100000F05AFE0028F0D00A4B4FF0FD
:105AE00080525A6040BFBFF34F8FBFF36F8FE6E71E
:105AF00004F11000FFF74AFD04F12400FFF746FD12
:105B0000DDE700BFA0D4030000ED00E010B50346C0
:105B100002980C4631B90060C36304640121FFF7A9
:105B2000B3FF10BD0260F7E7F0B585B00D4616462D
:105B30001C460746B0B1DCB106B33DB3482303931E
:105B4000039B482B28D154B1012384F8463000949C
:105B50009DF82830324629463846FFF7D7FF2046C1
:105B600005B0F0BD0F4940F23310FAF79FF8E2E7B5
:105B70000C4940F23710FAF799F8DDE7002DDDD037
:105B800008494FF49E70FAF791F8D7E7054940F2BB
:105B90003B10FAF78BF8D1E702494FF4A270FAF7FD
:105BA00085F8D0E7A0D40300F0B585B00F46019288
:105BB0001D46044648B177B1022D15D000F08CFE89
:105BC00008B9019BCBB9002659E051494FF4377011
:105BD000FAF76CF8EFE7236C002BEDD04C4940F25C
:105BE000DD20FAF763F8E7E7E36B012BE6D04849DD
:105BF00040F2DE20FAF75AF8E0E7454940F2E120AA
:105C0000FAF754F8DFE72A4639462046FFF7B8FE90
:105C1000636A73B940B13F4B4FF080525A6040BF46
:105C2000BFF34F8FBFF36F8FFFF7F8FD012005B073
:105C3000F0BD04F1240000F0A9FD0028F4D0354B9C
:105C40004FF080525A6040BFBFF34F8FBFF36F8F4A
:105C5000EAE7FFF7E3FD0020E9E702A800F0DAFD3C
:105C6000012619E0002384F8443021E0002384F861
:105C7000453023E02046FFF7D0FE00F06DFCFFF733
:105C8000AFFDA26BE36B9A42BDD3022DBBD0019B4B
:105C9000002BDED0002EE0D0FFF7C0FD00F0A0FB0F
:105CA000FFF79EFD94F8440040B2B0F1FF3FD9D019
:105CB00094F8450040B2B0F1FF3FD7D0FFF7AEFDFA
:105CC00001A902A800F0B2FDD0B92046FFF73CFEC2
:105CD0000028CFD0019904F1100000F01FFD2046EC
:105CE000FFF79BFE00F038FC0028C8D1094B4FF0AD
:105CF00080525A6040BFBFF34F8FBFF36F8FBEE734
:105D00002046FFF78AFE00F027FC00208FE700BF47
:105D1000A0D4030000ED00E02DE9F8430E469146C3
:105D20001D460446A0B1CEB1022D20D0FFF78CFD58
:105D3000EFF31188402383F31188A26BE36B9A423F
:105D40001ED3022D1CD0002088F31188BDE8F883F3
:105D50001E4940F2A230F9F7A9FFE4E7236C002BBB
:105D6000E2D01A4940F2A330F9F7A0FFDCE7E36B79
:105D7000012BDBD015494FF46970F9F797FFD5E790
:105D800094F845707FB22A4631462046FFF7F8FD69
:105D9000B7F1FF3F05D001377FB284F8457001208D
:105DA000D2E7636A0BB90120CEE704F1240000F0CA
:105DB000EDFC30B1B9F1000F05D00120C9F80000A9
:105DC000C2E70120C0E70120BEE700BFA0D4030066
:105DD000F0B585B00F460192044638B167B100F0C6
:105DE0007BFD08B9019B83B9002652E0494940F286
:105DF000DF40F9F75BFFF1E7236C002BEFD045495B
:105E000040F2E340F9F752FFE9E742494FF49D6061
:105E1000F9F74CFFE8E739462046FFF7ECFD013D76
:105E2000A563236923B9FFF7F9FC012005B0F0BD94
:105E300004F1100000F0AAFC0028F4D0364B4FF01B
:105E400080525A6040BFBFF34F8FBFF36F8FEAE7B6
:105E5000FFF7E4FC0020E9E702A800F0DBFC0126E4
:105E600021E0002384F8443029E0002384F8453001
:105E70002BE02046FFF7D1FD00F06EFB09E0204645
:105E8000FFF7CBFD00F068FB2046FFF76CFD002814
:105E90003ED1FFF7A5FCA56B002DBCD1019B002BCB
:105EA000D6D0002ED8D0FFF7B9FC00F099FAFFF752
:105EB00097FC94F844305BB2B3F1FF3FD1D094F833
:105EC00045305BB2B3F1FF3FCFD0FFF7A7FC01A98C
:105ED00002A800F0ABFC0028D1D12046FFF743FD1B
:105EE0000028C6D0019904F1240000F017FC2046D8
:105EF000FFF793FD00F030FB0028CAD1064B4FF0AE
:105F000080525A6040BFBFF34F8FBFF36F8FC0E71F
:105F100000208BE7A0D4030000ED00E00023012B5C
:105F20000CD8074A52F833200AB10133F7E7044A84
:105F300042F8331002EBC30250607047704700BF55
:105F40001C7C002070B504460D461646FFF748FC41
:105F500094F844305BB2B3F1FF3F0DD094F8453074
:105F60005BB2B3F1FF3F0BD0FFF758FCA36B5BB103
:105F70002046FFF752FD70BD002384F84430EDE762
:105F8000002384F84530EFE73246294604F1240027
:105F900000F0DEFBECE7002301E001300133027882
:105FA000A52AFAD0C3F38F0070470000084B1B6886
:105FB0001B6823B9074B4FF0FF321A607047044B40
:105FC0001B68DB68DB685A68024B1A60704700BFC9
:105FD0009C7C0020347C00202DE9F04780460D4653
:105FE00017469946089EDDF824A00A9C9200A52138
:105FF000206B01F01DFD236B07F18042013A03EB9A
:10600000820727F007074FF0000CBCF1090F09D8F1
:1060100015F80C3004EB0C0282F8343013B10CF19B
:10602000010CF2E7002384F83D30062E00D9062645
:10603000E662266400256564201DFFF7B2FA04F1CC
:106040001800FFF7AEFA2461C6F10706A661646284
:10605000A56484F84C504A4641463846FFF74CFB4D
:106060002060BAF1000F01D0CAF80040BDE8F08707
:1060700038B5002407E004EB840293000E4818446E
:10608000FFF784FA0134062CF5D90C4D2846FFF7AA
:106090007DFA0B4C2046FFF779FA0A48FFF776FAAB
:1060A0000948FFF773FA0948FFF770FA084B1D60BB
:1060B000084B1C6038BD00BFC87C0020B47C0020A9
:1060C000A07C0020847C0020707C0020587C002074
:1060D0009C7C0020987C002010B50446FFF780FBD4
:1060E000214A136801331360204B1B685BB1204BBE
:1060F0001B686BB91D4B1B68DA6AE36A9A4207D8C2
:106100001A4B1C6004E0194B1C601368012B27D04C
:10611000184A136801331360E06A01238340164A6A
:1061200011680B43136000EB8000211D134B03EB40
:106130008000FFF739FAFFF771FB0D4B1B6873B155
:106140000A4B1B68DA6AE36A9A4208D20C4B4FF09A
:1061500080525A6040BFBFF34F8FBFF36F8F10BDA7
:10616000FFF786FFD4E700BF547C0020547D002059
:10617000487C0020387C00204C7C0020C87C00201B
:1061800000ED00E010B5044690F84D304BB1012B06
:106190000ED0022B0BD0084940F68860F9F786FD37
:1061A00005E0006BFFF7E8F92046FFF7E5F910BDC1
:1061B000FFF7E2F9FBE700BF34D503000F4B1B6884
:1061C000D3B110B5FFF70CFB0D4BDB68DC68201D6D
:1061D000FFF70EFA0B4A1368013B1360074A136876
:1061E000013B1360FFF71AFB2046FFF7CBFF034B81
:1061F0001B68002BE6D110BD704700BF6C7C0020EF
:10620000707C0020547C002070B504460D461D4B68
:106210001E681D4B18680430FFF7EAF948B91A4B9D
:106220001B68DB6A01229A4018490B6823EA0203C3
:106230000B60B4F1FF3F0DD03444134B1B685C601E
:10624000A64210D9124B18680F4B19680431FFF79A
:10625000B6F970BD002DEFD00B4B196804310D4815
:10626000FFF7A2F9F5E70C4B1868074B19680431E2
:10627000FFF7A5F9094B1B68A342EAD9074B1C603D
:10628000E7E700BF507C0020547D00204C7C0020BC
:10629000987C0020587C00209C7C0020347C0020CE
:1062A00008B50AE0084B4FF080525A6040BFBFF378
:1062B0004F8FBFF36F8FF1F79BFFFFF77FFF034B0C
:1062C0001B68012BEED8F6E700ED00E0C87C00204B
:1062D0002DE9F04387B080460E46174699460F9D3C
:1062E000109CE5B10CB350220492049A502A22D19A
:1062F0003CB335B32563022384F84D300023039368
:10630000029405AB01930E9B00934B463A463146EF
:106310004046FFF761FE2046FFF7DEFE13E00C4922
:106320004FF41470F9F7C2FCDCE7094940F2512040
:10633000F9F7BCFCD7E7064940F25920F9F7B6FC5B
:10634000D6E700230593059807B0BDE8F08300BFAA
:1063500034D5030010B588B000240594069407AA2C
:1063600006A905A8F1F746FF059B0293069B01933A
:1063700000942346079A13491348FFF7A9FF134BCC
:10638000186098B100F09AFB012810D1402383F3E4
:1063900011880F4B4FF0FF321A600E4B01221A602A
:1063A0000D4B00221A60FFF7BBF903E00020B0F1AB
:1063B000FF3F01D008B010BD084940F2DC70F9F78A
:1063C00075FCF7E7C8D50300A1620300307C00200C
:1063D000347C0020487C0020507C002034D5030011
:1063E000024A136801331360704700BF2C7C002001
:1063F000014B1868704700BF507C002008B5FFF7BC
:1064000023FA014B186808BD507C002010B50446E3
:1064100010B104F1340010BD044B1C68002CF8D1FD
:10642000034940F6E400F9F741FCF2E7547D00200F
:1064300034D5030008B5064B1B6813B1044B18682C
:1064400008BD044940F6B710F9F730FCF6E700BF85
:10645000307C002034D50300F8B5334B1B68002B8B
:1064600056D1324B1E6801361E607EB9304B1B6818
:106470001B688BB92E4A11682E4B18681060196082
:106480002D4A136801331360FFF790FD2B4B1B68F7
:10649000B34233D9002740E0294940F63320F9F7C9
:1064A00005FCE7E70127224B1B681B6843B3204B21
:1064B0001B68DB68DC6863689E4226D3251D28467E
:1064C000FFF796F8A36A1BB104F11800FFF790F8E4
:1064D000E36A01229A401B49086802430A6003EB01
:1064E00083039A00294618481044FFF75DF8E26AD2
:1064F000164B1B68DB6A9A42D4D2D4E70027D2E756
:106500000E4B4FF0FF321A6007E00C4A136004E0B4
:106510000F4A13680133136000270E4B1B6803B149
:1065200001273846F8BD00BF2C7C0020507C00209D
:106530009C7C0020987C00203C7C0020347C002047
:1065400034D503004C7C0020C87C0020547D002002
:10655000447C0020407C002038B5334B1B686BB175
:10656000FFF73EF9304B1A68013A1A601B68002B9E
:1065700054D12E4B1B683BB9002450E02C494FF4FA
:106580000460F9F793FBEBE700242A4B1B681BB36D
:10659000284BDB68DC6804F11800FFF729F8251D9B
:1065A0002846FFF725F8E06A01238340224A116854
:1065B0000B43136000EB80002946204B03EB800067
:1065C000FEF7F2FFE26A1E4B1B68DB6A9A42DCD3DD
:1065D0001C4B01221A60D8E70CB1FFF7E7FC1A4BFD
:1065E0001C687CB9174B1C68CCB1184B4FF080521B
:1065F0005A6040BFBFF34F8FBFF36F8F01240EE08F
:10660000013C07D0FFF728FF0028F9D00D4B0122ED
:106610001A60F5E70C4B00221A60E3E70024FFF74D
:10662000FDF8204638BD00BF2C7C0020547C0020A3
:1066300034D50300847C00204C7C0020C87C0020E2
:10664000547D0020407C0020447C002000ED00E0D0
:106650002C4B1B681BB12C4B01221A60704710B5E4
:10666000294B00221A60294B1B681B6B1A68B2F178
:10667000A53F03D15A68B2F1A53F2BD0234B186830
:1066800019683431FCF710FF214B1C685CB3B4FA75
:1066900084F4C4F11F0404EB840293001D4AD35810
:1066A0001BB31C4904EB840293000B445A685268E4
:1066B0005A6004EB8400830008330B449A421AD0DA
:1066C00004EB8404A200134B13445B68DA680F4B9D
:1066D0001A6010BD9A68B2F1A53FCFD1DB68B3F163
:1066E000A53FCBD1D0E72024D3E70B494FF4356049
:1066F000F9F7DCFAD5E751688200064B134459607C
:10670000DEE700BF2C7C0020407C0020547D002070
:106710004C7C0020C87C002034D5030038B50C46E2
:10672000054650B1084B196818312846FEF747FF57
:1067300001212046FFF768FD38BD04494FF436605B
:10674000F9F7B4FAEEE700BF547D002034D503001A
:1067500070B50D461446064668B10A4B19681831E3
:106760003046FEF721FF0CB14FF0FF352146284699
:10677000FFF74AFD70BD044940F68B30F9F796FAF1
:10678000EBE700BF547D002034D5030038B5C36863
:10679000DC6824B304F118052846FEF729FF164BE0
:1067A0001B6813BB251D2846FEF722FFE06A012364
:1067B0008340124A11680B43136000EB80002946A6
:1067C0000F4B03EB8000FEF7EFFEE26A0D4B1B68F8
:1067D000DB6A9A420ED901200B4B186038BD0B4979
:1067E00040F6BB30F9F762FAD4E729460848FEF7CD
:1067F000DBFEEAE70020F1E72C7C00204C7C002047
:10680000C87C0020547D0020407C002034D503004B
:10681000847C0020034B1B680360034B1B684360B0
:10682000704700BF3C7C0020507C0020F8B50C462F
:106830000546B8B1E4B1FEF7D3FF184B19686B6891
:10684000C81A2268B2F1FF3F20D0154E36682F6873
:10685000B74201D08B421ED982420FD80023236059
:10686000012414E00F4940F62640F9F71FFAE1E74A
:106870000C4940F62740F9F719FADCE75B1A134494
:1068800023602846FFF7C6FF002400E00024FEF73F
:10689000C5FF2046F8BD0124F9E700BF507C002069
:1068A0003C7C002034D50300014B01221A60704764
:1068B000407C002008B5034618B1186BFFF76BFB4E
:1068C00008BD014B1B68F8E7547D0020014B186898
:1068D000704700BF547D0020054B1B6833B1054B4A
:1068E0001B680BB1002070470220704701207047E1
:1068F000487C00202C7C0020002846D038B5044677
:10690000244B1B68834204D0234940F63B70F9F7BF
:10691000CDF9636C4BB1636C013B6364E16A226C3B
:10692000914234D03BB1002038BD1B4940F63C7049
:10693000F9F7BCF9EFE7251D2846FEF759FE70B9B7
:10694000E26A02EB82039B001449CB583BB9012356
:1069500003FA02F212490B6823EA02030B60206C6F
:10696000E062C0F10703A361012404FA00F30C4ABA
:1069700011680B43136000EB80002946074B03EBC3
:106980008000FEF711FE2046CEE700207047002071
:10699000CAE700BF547D002034D50300C87C002026
:1069A0004C7C0020064B1A681368B3FA83F35B092A
:1069B000036013B9D368186870470020704700BFA0
:1069C000B07F002008B54160006191420CD8D21A16
:1069D00083699A4201D3012008BD011D094B186843
:1069E000FEF7EDFD0020F7E79A4201D2994206D268
:1069F000011D054B1868FEF7E2FD0020ECE70120C1
:106A0000EAE700BFAC7F0020B07F002030B583B044
:106A1000FEF7E6FE114B1B681BB1FEF7FFFE03B04D
:106A200030BD0F4D2846FEF7B1FD0E4C2046FEF757
:106A3000ADFD0D4B1D600D4B1C60002300930C4BF6
:106A40000C4A10212020FFF76FF8044B1860002833
:106A5000E3D00949FFF762FADFE700BFA87F002013
:106A6000C87F0020B47F0020B07F0020AC7F0020D2
:106A7000587D0020A07D0020D0D503002DE9F041F5
:106A8000074616461D46079C884671B15CB1FFF764
:106A9000BDFF2760C4F81880E6612562069B63622B
:106AA000201DFEF77EFDBDE8F081034940F269102C
:106AB000F9F7FCF8EAE700BFD8D5030010B588B0B5
:106AC000FFF7A4FF114B1B68C3B100240594069483
:106AD00007AA06A905A8F1F799FB059B0293069B57
:106AE0000193022300932346079A09490948FFF7B7
:106AF000EFFB094B186008B1012005E007494FF48E
:106B00008870F9F7D3F8002008B010BDA87F0020E6
:106B10006CD60300516E0300A47F0020D8D503007B
:106B20002DE9F04184B005460E4690461F460B9C69
:106B30002C230393039B2C2B10D1ACB101940A9B03
:106B400000933B46424631462846FFF797FF012314
:106B500084F82830204604B0BDE8F08105494FF4A0
:106B6000A370F9F7A3F8E8E7024940F24B10F9F7F0
:106B70009DF8EFE7D8D50300F0B585B00C46154673
:106B80001E46074698B1154B186828B30094019526
:106B90000297052C19DCFFF79FFE02280DD0002379
:106BA0001A4669460D480068FEF7FEFF12E00C49E0
:106BB00040F28310F9F77AF8E5E700230A9A69466C
:106BC00006480068FEF7F0FF04E0002332466946FD
:106BD000FFF7A2F805B0F0BD0020FBE7A87F00207A
:106BE000D8D5030070B582B0194B1B681A683AB348
:106BF000DB681E68DC68251D2846FEF7F9FC636A21
:106C000020469847E369012BEED1A36933449E42A5
:106C100007D26360246129460D4B1868FEF7CFFC4C
:106C2000E2E7002100910B4632462046FFF7A4FF21
:106C30000028D9D1074940F26F30F9F737F8D3E788
:106C4000054A106802490860136002B070BD00BFB9
:106C5000B07F0020D8D50300AC7F002038B50546B2
:106C6000FFF7C6FB0446074B1B68834205D8002389
:106C70002B60044B1C60204638BDFFF7B3FF012397
:106C80002B60F6E7A07F002070B582B006460D4667
:106C900013490968C968CC68201DFEF7A9FCE169A1
:106CA000012904D0636A2046984702B070BDA169EB
:106CB00033462A4631442046FFF784FE0028F1D0AF
:106CC000002100910B4632462046FFF755FF002871
:106CD000E8D1044940F2E510F8F7E8FFE2E700BF29
:106CE000B07F0020D8D5030070B582B006460C46B0
:106CF000FFF776FB01A8FFF7B1FF019B1BBB054621
:106D000044B9B0420CD3FFF727FC29463046FFF7C1
:106D1000BBFF1AE00E4B1B681C68B4FA84F46409CC
:106D20002246711B0B4B1868FFF70CF9FFF714FC98
:106D300058B9094B4FF080525A6040BFBFF34F8F94
:106D4000BFF36F8F01E0FFF707FC02B070BD00BF1B
:106D5000AC7F0020A87F002000ED00E030B589B0B6
:106D600002E0049B002B0FDA002204A9364B1868BE
:106D7000FFF72EF8002864D0049B002BF1DA079966
:106D80000698059B9847ECE7069C636913B1201DA4
:106D9000FEF72EFC03A8FFF761FF0546049B092BB5
:106DA000E2D801A252F823F0D16D0300D16D0300A7
:106DB000D16D0300696D0300116E0300336E030093
:106DC000D16D0300D16D0300696D0300116E0300E6
:106DD000059BA169024619442046FFF7F3FD0028F0
:106DE000C2D0636A20469847E369012BBCD1A269EF
:106DF000002100910B46059802442046FFF7BCFE97
:106E00000028B1D1114940F2FE20F8F74FFFABE75F
:106E1000059BA3613BB1A1692B462A462944204624
:106E2000FFF7D0FDA0E7094940F21530F8F73EFF23
:106E3000F1E794F82830002B96D12046FEF79CFB12
:106E400092E709B030BD00BFA87F0020D8D503006D
:106E500000B583B001A8FFF7A5FD0199FFF744FF36
:106E6000FFF77CFFF6E7000008B5064B1B6813B17F
:106E7000044B186808BD044940F2AD10F8F716FF3E
:106E8000F6E700BFA47F0020D8D50300BFF34F8FE3
:106E90000549CA6802F4E062044B1343CB60BFF3B8
:106EA0004F8F00BFFDE700BF00ED00E00400FA05D2
:106EB0004FF08053D3F83021D3F83431082A01D071
:106EC00000207047032B01D8002070470120704735
:106ED00008B5FFF7EDFF58B14FF01023D3F8083293
:106EE000B3F1FF3F05D04FF080435A22C3F8582535
:106EF00008BD0F4B0122C3F804250D4BD3F8003415
:106F0000002BFAD04FF010235A22C3F80822084B66
:106F1000D3F80034002BFAD0054B0022C3F8042527
:106F2000034BD3F80034002BFAD0FFF7AFFF00BFBC
:106F300000E0014008B54FF01023D3F80C3203B93C
:106F400008BD0F4B0122C3F804250D4BD3F80034C4
:106F5000002BFAD04FF010230022C3F80C22084B6C
:106F6000D3F80034002BFAD0054B0022C3F80425D7
:106F7000034BD3F80034002BFAD0FFF787FF00BF94
:106F800000E0014010B5FFF7A3FFFFF7D3FFF0F7D4
:106F900099FF0446F0F7B0FF2046F0F7F1FF00201C
:106FA00010BD51EC102BC1F30A53002B1CBF40F253
:106FB000FF7C634500D170471844604506DB002024
:106FC000C7F6F07060F31E01002208E00028C7BF7A
:106FD0006FF31E5141EA005101F00041002241ECE3
:106FE000102B704752EC10CBC2F30A5340F2FF71E2
:106FF0008B4211BF002B002101607047A3F2FE31CC
:10700000016040F2FE3060F31E5242EC10CB70473C
:107010002DE9F84F2DED028B82B050EC101B4FF094
:10702000FF3202EB105240F2FE739A4280F09F80D2
:1070300001A8FFF7D7FF55EC106B00245E4B3046DC
:107040002946002200F090F980460F464AF29E0041
:10705000C3F6E67043F6CE31C6F27F61019A711A2B
:1070600075EB00000092B8BF0124002C2846314681
:107070001CBF3846414640EC101B4FF0FF30FFF775
:1070800090FFB0EE408AF0EE608A4C4B30462946C5
:10709000002200F069F905460E46494B51EC180BE9
:1070A000002C1CBF3E464546002200F05DF902461A
:1070B0000B462846314600F00FFB05460E460246B9
:1070C0000B4600F071FA83468A464DF62849C0F215
:1070D000030941EC180B48460221B0EE480AF0EED5
:1070E000680A00F079F8374A374B51EC100B00F082
:1070F0003BF980460F4609F110000321B0EE480A23
:10710000F0EE680A00F09CF853EC102B404639462C
:1071100000F0E2FA5A46534600F046FA2A46334651
:1071200000F042FA2A46334600F01EF980460D462A
:10713000002C009818BF013800F0D6FB06460F4619
:10714000224A234B00F030FA42462B4600F00CF95D
:1071500080460D461F4B30463946002200F024FA87
:1071600042462B4600F000F941EC100B1AE04200B9
:1071700042EAD1720023CFF6E0730027B7EB410754
:1071800073EB02020ED30022C7F6F072104207D052
:107190000028BCBF02F50020002140EC101B01E0DC
:1071A0009FED030B02B0BDEC028BBDE8F88F00BF72
:1071B000000000000000F0FF0000E0BF0000F0BF92
:1071C0000000E03F9AB5B312FF0750C0A80C615C05
:1071D00010D02BBF0030E63FF8B52DED028B00EB51
:1071E000C1070E4657E9020117ED048B54EC105B02
:1071F0002A46234600F0D8F953EC182B00F0B4F8D7
:1072000041EC100B032E10DB183F013E51EC100B2C
:107210002A46234600F0C8F977E8022300F0A4F8D4
:10722000013E41EC100B012EF0D851EC100B2A4618
:10723000234600F0B9F941EC100BBDEC028BF8BD10
:107240002DE9F041804600EBC100022915DBA0F1D9
:1072500008074C1C56EC105B77E8022351EC100B2E
:1072600000F082F82A46334600F09EF9013C41ECDA
:10727000100B022CF0D808F1080050E9022351EC61
:10728000100B00F071F841EC100BBDE8F081844662
:107290000020002918BF002A00D17047097848B2A1
:1072A000002844BF6FF001007047BCF1000F18BF09
:1072B000CCF800100021C3E90011002818BF0120FC
:1072C00070477F298EBF6FF0010001700120704769
:1072D00047F6DC72C2F200021368002B02BF42F6CE
:1072E0004833C2F2000313605A689268126810476C
:1072F0000921FFF7EDBF7F2884BF002070474DF6BE
:107300006462C0F20302515C4DF6E452C0F2030223
:10731000105C08407047A0F161011A2938BF20387D
:107320007047A0F141011A2938BF203070477F28EB
:1073300084BF002070474DF66462C0F20302515CC6
:107340004DF6E452C0F20302105C08407047A0F111
:1073500061011A2938BF20387047A0F141011A296C
:1073600038BF20307047000030B591EA030F00F1BC
:107370008280841A71EB030C05D2121953EB0C03B3
:10738000001B71EB0C0140F2000CCFF6E07C1CEA14
:10739000430F52D0BCEB410F5FD90C0DA4EB135E31
:1073A0005FF0010C6CF31F516CF31F53DEF1200CE6
:1073B0002AD303FA0CF5401941F1000122FA0EF527
:1073C000401923FA0EF5694112FA0CF2CD0208D3E6
:1073D00049085FEA30005FEA320228BF42F001024A
:1073E0000134013C5FEA500C72F1004250F10000A0
:1073F00051EB04514FF4001313EB410F38BF30BD74
:107400006FF31301002030BDBEF1200EBEF1200F3E
:107410001ED223FA0EF5401941F10001CEF1200CE5
:10742000124218BF012203FA0CF52A43CEE711EAF3
:107430005C0F04BF0020002130BD1CEA410F04BFD7
:1074400001F00041002030BD01F00041002030BDBE
:1074500021F4801101EB045130BD004218BF41F00E
:107460000101BCEB410F08BF30BD4FF0FE4141F4BC
:107470007801002030BD83F00043841A71EB030EC5
:1074800007D28EF0004E001B71EB0E01121953EB68
:107490000E0340F2000CCFF6E07C1CEA430FC6D08E
:1074A000BCEB410F72D90C0DA4EB135EC90241EA8B
:1074B0005051C00241F00041DB0243EA5253D20274
:1074C00043F00043DEF1200C41D312FA0CF522FA0E
:1074D0000EF203FA0CF542EA050218BF42F001026F
:1074E00023FA0EF3801A9941E30AC4F30A0411F057
:1074F000404F03D418D0013C40004941013C23D403
:107500004205C00A40EA4150C90A51EAC3715FEA24
:10751000500C72F1004250F1000051EB045130BDAB
:1075200001002FD00020203C0029F9D0B1FA81FCC5
:10753000DCF1200E11FA0CF130FA0EF510FA0CF015
:107540002943A4EB0C04D9E70020D90730BDAEF1E4
:10755000200EBEF1200F0DD2CEF1200C03FA0CF557
:1075600033FA0EF32A4318BF43F00103C01A61F146
:107570000001B9E721F00041C00A40EA4150C90AC0
:1075800001EB045130BD0020002130BD004218BF86
:1075900041F00101BCEB410F7FF467AFBCEB430F3F
:1075A0003FF463AF30BD00BFF0B540F2FF7681EA33
:1075B000030C16EA115E1EBFB64516EA1355B54216
:1075C00052D021EA465141F48011A1FB024723EA3F
:1075D000465343F48013AE44A0FB03650CF0004C0B
:1075E00036197D41A1FB034747F10003A0FB0217B9
:1075F000F619654153F10003094218BF46F0010630
:1076000040F2FE74B3F5007F13D2AEF5806EA6454E
:1076100023D24CEA0331280341EA155140EA1650BF
:107620003203450872F1004250F1000051EB0E5157
:10763000F0BDAEF2FF3EA6450FD24CEAC321E802F0
:1076400041EA555140EA5650F202450872F10042B3
:1076500050F1000051EB0E51F0BD1EEA0E0F2DD57A
:107660000CF000410020F0BD16EA115F04BF01F0EC
:1076700000410020004218BF41F0010116EA135FEB
:1076800004BF03F000430022124218BF43F001037D
:1076900006EA1354B44218BFB64503D00CF00041BB
:1076A0000020F0BD21F0004123F00043B1EB065F64
:1076B0000CD8B3EB065F09D841B13BB10CF00041E7
:1076C00041F0FE4141F470010020F0BD40F20001A4
:1076D000C7F6F8710020F0BD2DE9F04391EA030EE2
:1076E0000EF0004E40F20007CFF6E07717EA4105B2
:1076F0001EBFBD4217EA4305BD4200F09F807F0DCB
:1077000017EA135623EA475343F4801317EA115537
:1077100021EA475141F48011AD1B05F2FD354FEAD6
:10772000D31C1CF1010C4FF00047B7FBFCF77F01A5
:10773000A2FB079C0024E3FB07C4D9F100096CEB12
:107740004C0CA0FB07620020E1FB072000275FEA4A
:10775000C628E0FB0987760D46EAC226520DF619C7
:1077600000277A41E0FB0C625FEAC823E2FB09379D
:107770005FEA585848EAC628760D18EB070800213A
:107780004E41E2FB0C8602EBC020DA02E6FB092147
:107790005B0D43EAC8235FEA58585B18002758EB93
:1077A0000708E6FB0C38D102E8FB0917520D42EA44
:1077B000C3225B0DD21900277B41E8FB0C2308EBA9
:1077C000C6265FEAC128E3FB0987490D41EAC221C9
:1077D000520DC91942F10002E3FB0C12470019EBEC
:1077E00008095CEB010C72EB040453EBC62047EB79
:1077F00056530026B3F5000F7641AD190236D6F187
:10780000200910FA09F4F04013FA09F21043F3408A
:10781000E40F001943F10003B3F5001F24BF5B0818
:10782000013540F2FE77BD4204D24EEA05511944BB
:10783000BDE8F0832D4224D5714626E0004218BFF2
:1078400041F00101124218BF43F00103B7EB410FB1
:107850002CBFB7EB430F1BE0B7EB410F04BFB7EBF7
:10786000430F15E017EA410F04BF17EA430F0FE07B
:1078700017EA410FE0D017EA430F02D0B7EB430FEE
:10788000DAD04EF0FE4141F470010020BDE8F083F3
:1078900040F20001C7F6F871F7E700BFC1F30A53E1
:1078A00040F21E42D21A0EDD202A0AD8CB0243EA49
:1078B000505040F00040D04090EAE170B0EBE170F1
:1078C0007047002070474B00004218BF43F001038F
:1078D00013F5001F88BF21F0004111F0004058BF90
:1078E0006FF00040704700BF10F0004160B148BF2A
:1078F00040420A0D02F21D42B0FA80F3D21A9840BB
:10790000C30A400503EB0251704700BFC0F3C751E3
:1079100091B142004FEA40704FEAD2014FEA310183
:1079200001F16051B2F17F4F38BF704701F16051F2
:1079300018BF41F40021704710F00041002070474B
:10794000082938BF70470022C0E9002147F6E071DE
:10795000C2F2000108607047042A08D350F804CB33
:107960000B689C4506D1043A0431032AF6D8A2B12B
:10797000D0F800C0086880EA0C0191FAA1F1B1FAD0
:1079800081F1B2EBD10F08D901F038012CFA01F2E4
:10799000C840C0B2D1B2081A7047002070470178C1
:1079A000002904BF0020704700214FF001324358E6
:1079B000C2FA53F30431002BF9D093FAA3F0B0FAD2
:1079C00080F001EBD0000438704700005AB38446C1
:1079D00090EA01039B071FD1830707D011F8013BF1
:1079E00000F8013B013AF7D11CE08446203A09D364
:1079F0002DE9F007B1E8F807A0E8F807203AF9D236
:107A0000BDE8F0071C3205D451F8043B40F8043BB4
:107A1000043AF9D2043205D011F8013B00F8013BD9
:107A2000013AF9D16046704700220B0011001A009C
:107A300084465AB3830704D000F8011B013AF9D1F8
:107A400024E0C9B241EA012141EA0141202A11D3CF
:107A5000203A2DE9F0030B460C460D460E460F4624
:107A600088468946A0E8FA03203AFBD2BDE8F00335
:107A700020320BD0042A05D340F8041B043A05D069
:107A8000042AF9D200F8011B013AFBD16046704785
:107A900008B50346007858B95A78012A07D09207EA
:107AA00002D5044800F00CF802225A70012008BDEB
:107AB0000020FCE771DE0300012303704370704770
:0A7AC0000FB408B5FAF76AFBFEE701
:107ACC0029CD020000000000190A0300000000008C
:107ADC00B19B0200000000005D800200000000006D
:107AEC0041B1020074410020359A020000000000F0
:107AFC0001BC020000000000198702000000000019
:087B0C0059090300000000000C
:107B1400C1CE020000000000850A0300000000003E
:107B2400891E030000000000312103000000000052
:107B340010520020D8520020E05200201852002099
:047B44001800000025
:107B4800D0950300030300007496030003030000AC
:107B58007C960300030300001C9703000303000046
:107B68000898030003030000F498030003030000CF
:107B780094990300030300009C9903000303000089
:107B8800A499030003030000AC9903000303000059
:107B980020A5030003030404B499030003030000B1
:107BA800448B030003030404E09403000303000070
:107BB800C88A030003030404609E0300030304044B
:107BC800E8A603000000040410AA03000000030351
:107BD800D0AA030000000404548E0300000003032D
:107BE800BC88030000000303A48A03000000030309
:107BF800708F030000000303B88A0300000003032A
:107C0800F88D030000000303F48B03000000030356
:107C18003494030000000303A4920300000003034C
:107C280028DA03000000000058A40300342B0020C9
:107C38000000000000000000C5F90200000000007C
:047C48000000000038
:107C4C00619102002D250300313C030045540300D3
:107C5C0041707000496E697469616C697A6174690C
:107C6C006F6E00004368617267650000576169744C
:107C7C0000000000536C6F772043686172676520C9
:107C8C00416E64205363616E000000004D616E759F
:107C9C00616C000053746174654D616368696E6555
:107CAC003A204E65772049504720646174612072F8
:107CBC0065636569766564004368617267696E67C0
:107CCC0020506172616D65746572733A000000003A
:107CDC00202056524543545F4445546E3A20256447
:107CEC00202830203D20636F696C207072657365AD
:107CFC006E742900202056524543545F4F56506EE7
:107D0C003A202564202831203D204F4B2C20302058
:107D1C003D204F5650290000202056636867207282
:107D2C0061696C20737570706C792063697263750E
:107D3C00697420706F77657220676F6F643A2025C5
:107D4C00640000002020434847312073746174752F
:107D5C00733A2025642C20434847315F4F56505FBF
:107D6C004552526E3A202564202831203D204F4B3D
:107D7C002C2030203D204F56502900002020434815
:107D8C004732207374617475733A2025642C204338
:107D9C004847325F4F56505F4552526E3A20256429
:107DAC00202831203D204F4B2C2030203D204F5699
:107DBC0050290000546865726D616C2050617261CD
:107DCC006D65746572733A002020546865726D207D
:107DDC007265666572656E63653A20256400000005
:107DEC002020546865726D206F757075743A20256B
:107DFC00640000002020546865726D206F66667305
:107E0C0065743A20256400004261747465727920AF
:107E1C00766F6C74616765206D65617375726564EE
:107E2C003A2042617474413D2575206D56204261A3
:107E3C007474423D2575206D5600000054657374B2
:107E4C0020496E666F726D6174696F6E3A00000046
:107E5C002020485620537570706C7920456E6162F5
:107E6C006C653A202564000020205644445320536E
:107E7C007570706C7920456E61626C653A20256472
:107E8C000000000020205644444120537570706C53
:107E9C007920456E61626C653A2025640000000013
:107EAC0053746174654D616368696E653A2043680B
:107EBC00617267696E6720696E2070726F67726598
:107ECC0073732028434847313D256420434847328B
:107EDC003D25642050474F4F443D2564204261743A
:107EEC0074413D25752042617474423D2575206DA9
:107EFC005629000053746174654D616368696E6541
:107F0C003A20416C6C2062617474657269657320EF
:107F1C00636861726765642028434847313D256476
:107F2C0020434847323D25642050474F4F443D2560
:107F3C00642042617474413D257520426174744221
:107F4C003D2575206D562900436861726765205385
:107F5C00746174653A20504D4320706F77657220C0
:107F6C006F6E0A00417070207374617465206D61CE
:107F7C006368696E653A20496E697469616C697AE7
:107F8C006174696F6E20537461746520456E7472F0
:107F9C00790A00004D616E75616C205374617465D3
:107FAC003A20564343207261696C204F4E2C205767
:107FBC0050542069646C652C20636F696C204845B3
:107FCC004C44204F4646202D207072657373202739
:107FDC00732720746F207472616E736D69740A005C
:107FEC004D616E75616C2053746174653A206D61DE
:107FFC006E75616C206D6F646520656E6465642CB4
:10800C00207368757474696E6720646F776E0A00EC
:10801C004D616E75616C2053746174653A204275C4
:10802C0074746F6E20312069676E6F72656420699D
:10803C006E206D616E75616C206D6F6465202D20F6
:10804C0075736520276E272C206F7220427574740F
:10805C006F6E203220746F2072657365740A000095
:10806C0052656365697665642053797374656D2018
:10807C006576656E7420256420696E207363616E6D
:10808C002073746174650000486561727462656187
:10809C00742076616C75652025640A005750542055
:1080AC0043686172676572204E54432054656D704D
:1080BC006572617475726520256420430A000000A6
:1080CC004261747465727920766F6C746167652097
:1080DC006C6576656C202564206D560A00000000E6
:1080EC0048656172746265617454696D65720000F3
:1080FC0053797374656D4163746976654F626A6513
:10810C006374000053797374656D20496E697469EA
:10811C00616C697A6564202D2056657273696F6E87
:10812C002025642E25642E256420282573290A0019
:10813C0048542D49452D4649482D4657000000000E
:10814C0053746172742073797374656D20696E69F0
:10815C007469616C697A6174696F6E200A00000041
:10816C0053797374656D20696E697469616C697A91
:10817C006174696F6E20646F6E65200A00000000E8
:10818C0053797374656D2053746172747320454414
:10819C00410A000043616C6C6261636B2065786519
:1081AC00637574656420666F72206576656E7420E5
:1081BC00256420696E20706F7274202564000000A5
:1081CC004E6F2063616C6C6261636B2064656669E1
:1081DC006E656420666F72206576656E742025640A
:1081EC0020696E20706F7274202564002F557365A2
:1081FC0072732F616C657862616C6477696E2F4461
:10820C0065736B746F702F4F70656E4E657276650B
:10821C002D436861726765722F4669726D77617262
:10822C00652F536F757263652D436F64652F737281
:10823C00632F68616C5F6C617965722F68616C5F2C
:10824C006164632E6370700042617474657279208E
:10825C006D6561737572656D656E74207374617292
:10826C007465640A000000005374617274696E676F
:10827C00207363616E2E00002F55736572732F612E
:10828C006C657862616C6477696E2F4465736B748E
:10829C006F702F4F70656E4E657276652D436861F9
:1082AC00726765722F4669726D776172652F536FB5
:1082BC00757263652D436F64652F7372632F6861EC
:1082CC006C5F6C617965722F68616C5F626C652E96
:1082DC0063707000427574746F6E20257520707217
:1082EC0065737365640A0000427574746F6E2025A3
:1082FC00752072656C65617365640A002F55736532
:10830C0072732F616C657862616C6477696E2F444F
:10831C0065736B746F702F4F70656E4E65727665FA
:10832C002D436861726765722F4669726D77617251
:10833C00652F536F757263652D436F64652F737270
:10834C00632F68616C5F6C617965722F68616C5F1B
:10835C00627574746F6E2E6370700000546F6F20B2
:10836C006D616E7920627574746F6E732E204D6121
:10837C007820616C6C6F7765643A2025640A000084
:10838C004572726F722077726974696E6720746FB0
:10839C002044414320726567697374657200000064
:1083AC005374617274204446552070726F63657308
:1083BC00732C207468652073797374656D207769EC
:1083CC006C6C2072657365740D0A00004661696CF3
:1083DC00656420746F20636C656172204750524550
:1083EC00475245543A2025640D0A00004661696CD9
:1083FC00656420746F207365742044465520666C48
:10840C0061673A2025640D0A0000000053797374EB
:10841C00656D20726573657420666F7220444655D5
:10842C00206D6F64650D0A002E2E2F2E2E2F636F7C
:10843C0072655F6C617965722F73646B2F6E7266F7
:10844C00352F6E5246355F53444B5F31372E312EEC
:10845C00305F646464653536302F6D6F64756C65A0
:10846C00732F6E7266782F68616C2F6E72665F6701
:10847C0070696F2E680000002F55736572732F6141
:10848C006C657862616C6477696E2F4465736B748C
:10849C006F702F4F70656E4E657276652D436861F7
:1084AC00726765722F4669726D776172652F536FB3
:1084BC00757263652D436F64652F7372632F636FE1
:1084CC0072655F6C617965722F73646B2F6E726667
:1084DC00352F6E5246355F53444B5F31372E312E5C
:1084EC00305F646464653536302F636F6D706F6E0A
:1084FC00656E74732F626C652F636F6D6D6F6E2F6D
:10850C00626C655F636F6E6E5F73746174652E630E
:10851C0000000000546865206C6F63616C2064611E
:10852C0074616261736520686173206368616E6752
:10853C0065642C20736F20736F6D65207375627387
:10854C006372697074696F6E7320746F206E6F74D0
:10855C00696669636174696F6E7320616E6420690A
:10856C006E6469636174696F6E7320636F756C649C
:10857C00206E6F7420626520726573746F7265640F
:10858C0020666F7220636F6E6E5F68616E646C65DF
:10859C00202564006773636D5F6C6F63616C5F644F
:1085AC00625F63616368655F6170706C7928292014
:1085BC0072657475726E65642025732077686963C3
:1085CC00682073686F756C64206E6F7420686170BE
:1085DC0070656E2E20636F6E6E5F68616E646C6585
:1085EC003A202564000000002E2E2F2E2E2F636FB4
:1085FC0072655F6C617965722F73646B2F6E726636
:10860C00352F6E5246355F53444B5F31372E312E2A
:10861C00305F646464653536302F636F6D706F6ED8
:10862C00656E74732F6C69627261726965732F6DFC
:10863C00757465782F6E72665F6D74782E680000A5
:10864C002F55736572732F616C657862616C6477FA
:10865C00696E2F4465736B746F702F4F70656E4E1F
:10866C00657276652D436861726765722F46697213
:10867C006D776172652F536F757263652D436F64EF
:10868C00652F7372632F636F72655F6C61796572AE
:10869C002F73646B2F6E7266352F6E5246355F5397
:1086AC00444B5F31372E312E305F64646465353650
:1086BC00302F636F6D706F6E656E74732F626C65A7
:1086CC002F706565725F6D616E616765722F676192
:1086DC0074745F63616368655F6D616E6167657219
:1086EC002E630000466C6173682066756C6C2E20DE
:1086FC00436F756C64206E6F742073746F72652099
:10870C006461746120666F7220636F6E6E5F686166
:10871C006E646C653A202564000000006773636D1D
:10872C005F6C6F63616C5F64625F63616368655FFC
:10873C0075706461746528292072657475726E6534
:10874C006420257320666F7220636F6E6E5F6861A4
:10875C006E646C653A202564000000006773636DDD
:10876C005F736572766963655F6368616E67656484
:10877C005F696E645F73656E642829207265747519
:10878C00726E656420257320666F7220636F6E6E47
:10879C005F68616E646C653A202564004341522029
:1087AC00636861722076616C756520636F756C64AB
:1087BC006E27742062652073746F7265642028655F
:1087CC0072726F723A202573292E2052656174746F
:1087DC00656D70742077696C6C2068617070656E63
:1087EC00206F6E20746865206E65787420636F6EE0
:1087FC006E656374696F6E2E00000000556E6578AF
:10880C0070656374656420474154542073746174BB
:10881C007573207768696C652067657474696E6719
:10882C002043415220636861722076616C75653A11
:10883C0020307825780000004D756C7469706C657B
:10884C0020282564292043415220636861726163AA
:10885C0074657269737469637320666F756E642CCA
:10886C00207573696E67207468652066697273740D
:10887C002E000000556E6578706563746564204346
:10888C0041522063686172616374657269737469C3
:10889C00632076616C7565206C656E677468202842
:1088AC002564292C2073746F726520302E00000013
:1088BC00706565725F6D616E616765725F67636D30
:1088CC00000000007064735F706565725F646174B2
:1088DC00615F73746F726528292072657475726E8E
:1088EC006564202573207768696C652073746F72DA
:1088FC00696E672073657276696365206368616E63
:10890C00676564737461746520666F722070656549
:10891C00722069642025642E000000007064625F80
:10892C00706565725F646174615F7074725F6765B6
:10893C007428292072657475726E65642025732005
:10894C00666F7220636F6E6E5F68616E646C653A01
:10895C002025640044696420616E6F746865722020
:10896C00746872656164206D616E6970756C617498
:10897C006520504D5F504545525F444154415F491D
:10898C00445F474154545F4C4F43414C20666F72D7
:10899C0020706565725F69642025642061742074A1
:1089AC0068652073616D652074696D653F20706426
:1089BC00625F77726974655F6275665F72656C651C
:1089CC0061736528292072657475726E6564202543
:1089DC00732E000073645F626C655F6761747473FF
:1089EC005F7379735F617474725F73657428292087
:1089FC0072657475726E6564204E52465F455252B4
:108A0C004F525F494E56414C49445F4441544120BA
:108A1C00666F72204E554C4C20706F696E74657287
:108A2C002077686963682073686F756C64206E6565
:108A3C007665722068617070656E2E20636F6E6E45
:108A4C005F68616E646C653A2025640073645F62D4
:108A5C006C655F67617474735F696E697469616C6E
:108A6C005F757365725F68616E646C655F67657472
:108A7C0028292072657475726E65642025732077C1
:108A8C00686963682073686F756C64206E6F7420FE
:108A9C0068617070656E2E00706565725F6D616ED9
:108AAC00616765725F6773636D0000007065657266
:108ABC005F6D616E616765725F696D006E72665F96
:108ACC00626C655F6761747400000000424C455F26
:108ADC004741505F5343414E5F54494D454F5554A8
:108AEC0000000000436F6E6E656374696E67000072
:108AFC00436F6E6E656374696F6E20737461747509
:108B0C00733A20256400000073645F626C655F67D4
:108B1C0061705F7363616E5F7374617274207265F0
:108B2C007475726E65642030782578005363616EBD
:108B3C006E696E6700000000626C655F7363616E46
:108B4C0000000000436F756C64206E6F74206465C8
:108B5C006C657465207065657220646174612E208B
:108B6C006664735F66696C655F64656C65746528C3
:108B7C00292072657475726E6564203078257820B2
:108B8C00666F7220706565725F69643A20256400B7
:108B9C00436F756C64206E6F7420777269746520F6
:108BAC006461746120746F20666C6173682E20663A
:108BBC0064735F7265636F72645F7B7772697465EF
:108BCC007C7570646174657D28292072657475727A
:108BDC006E656420307825782E20706565725F692B
:108BEC00643A202564000000706565725F6D616EEB
:108BFC00616765725F70647300000000706D5F6286
:108C0C0075666665725F7074725F6765742829207B
:108C1C00636F756C64206E6F742072657472696515
:108C2C0076652052414D206275666665722E206213
:108C3C006C6F636B5F69643A202564007064735FCA
:108C4C00706565725F646174615F73746F726528BF
:108C5C00292072657475726E65642025732E2070E0
:108C6C006565725F69643A2025640000536F6D6519
:108C7C002070656572206461746120776173206E69
:108C8C006F742070726F7065726C79207772697472
:108C9C0074656E20746F20666C6173682E20777219
:108CAC006974655F6275665F73746F7265282920DD
:108CBC0072657475726E656420257320666F722000
:108CCC00706565725F69643A2025640043616E6E5D
:108CDC006F742073746F7265206461746120746F9B
:108CEC0020666C61736820626563617573652070C2
:108CFC006D5F6275666665725F7074725F676574CE
:108D0C00282920636F756C64206E6F7420726574F3
:108D1C0072696576652052414D2062756666657292
:108D2C002E20497320626C6F636B5F69642025642D
:108D3C00206E6F7420616C6C6F63617465643F00AE
:108D4C007064625F77726974655F6275665F726585
:108D5C006C6561736528292072657475726E656423
:108D6C002025732077686963682073686F756C645D
:108D7C00206E6F742068617070656E2E2070656552
:108D8C00725F69643A2025642C20646174615F69A8
:108D9C00643A202564000000506565722049442027
:108DAC00256420776173206E6F742070726F70650C
:108DBC00726C792072656C65617365642E207064C9
:108DCC00735F706565725F69645F6672656528299B
:108DDC002072657475726E65642025732E20706523
:108DEC0065725F69643A20256400000070656572E5
:108DFC005F6D616E616765725F7064620000000098
:108E0C00436F756C64206E6F742072657472656943
:108E1C0076652072616E6B732E207064625F706574
:108E2C0065725F646174615F6C6F61642829207284
:108E3C00657475726E65642025732E20706565727D
:108E4C005F69643A20256400706565725F6D616EC0
:108E5C006167657200000000557064617465000004
:108E6C0044656C65746500004F7574646174656469
:108E7C002028302900000000536572766963652054
:108E8C006368616E6765642070656E64696E6720E7
:108E9C00666C6167000000004F75746461746564F2
:108EAC0020283229000000004F75746461746564D9
:108EBC0020283329000000004170706C69636174D4
:108ECC00696F6E20646174610000000052656D6F03
:108EDC0074652064617461626173650050656572CC
:108EEC002072616E6B000000426F6E64696E6720C9
:108EFC0064617461000000004C6F63616C206461FC
:108F0C00746162617365000043656E7472616C20FC
:108F1C0061646472657373207265736F6C757469C8
:108F2C006F6E0000456E6372797074696F6E00002D
:108F3C00426F6E64696E670050616972696E67009A
:108F4C00496E76616C696420526F6C65000000009C
:108F5C005065726970686572616C000043656E746F
:108F6C0072616C00706565725F6D616E61676572D0
:108F7C005F68616E646C657200000000496E746518
:108F8C00726E616C206572726F723A20257320725A
:108F9C0065636569766564204E554C4C20666F722E
:108FAC0020705F7365635F6B65797365742E000069
:108FBC00436F756C64206E6F742072657472696592
:108FCC0076652052414D2062756666657220666F2B
:108FDC007220696E636F6D696E6720626F6E642EAE
:108FEC00207064625F77726974655F6275665F6733
:108FFC00657428292072657475726E6564202573FA
:10900C002E20636F6E6E5F68616E646C653A20250E
:10901C0064000000696D5F626C655F616464725F1F
:10902C0067657428292072657475726E65642025D5
:10903C00732E20636F6E6E5F68616E646C653A2090
:10904C0025642E204C696E6B20776173206C696BE4
:10905C00656C7920646973636F6E6E6563746564A7
:10906C002E000000436F756C64206E6F7420636C6F
:10907C0065616E2075702061667465722066616929
:10908C006C656420626F6E64696E672070726F63CA
:10909C0065647572652E207064625F7772697465A1
:1090AC005F6275665F72656C6561736528292072F5
:1090BC00657475726E65642025732E20636F6E6EF9
:1090CC005F68616E646C653A2025642E00000000B8
:1090DC0073645F626C655F6761705F7365635F6922
:1090EC006E666F5F7265706C792829207265747575
:1090FC00726E6564204E52465F45524F525F494E28
:10910C0056414C49445F53544154452C207768696F
:10911C00636820697320616E6572726F7220756E60
:10912C006C65737320746865206C696E6B20697351
:10913C0020646973636F6E6E656374696E672E006D
:10914C00436F756C64206E6F7420636F6D706C650B
:10915C00746520656E6372797074696F6E207072BD
:10916C006F6365647572652E2073645F626C655FF6
:10917C006761705F7365635F696E666F5F72657060
:10918C006C7928292072657475726E65642025735C
:10919C002E20636F6E6E5F68616E646C653A20257D
:1091AC00642C20706565725F69643A2025642E001A
:1091BC0052414D2062756666657220666F72206E34
:1091CC00657720626F6E642077617320756E6176AF
:1091DC0061696C61626C652E207064625F77726984
:1091EC0074655F6275665F676574282920726574A3
:1091FC0075726E65642025732E20636F6E6E5F68CA
:10920C00616E646C653A2025642E0000436F756CAA
:10921C0064206E6F7420616C6C6F63617465206E7A
:10922C00657720706565725F696420666F7220696E
:10923C006E636F6D696E6720626F6E642E00000046
:10924C00436F756C64206E6F742073746F7265203D
:10925C00626F6E642E207064625F77726974655FF2
:10926C006275665F73746F726528292072657475F8
:10927C00726E65642025732E20636F6E6E5F68615D
:10928C006E646C653A2025642C20706565725F698C
:10929C00643A202564000000706565725F6D616E34
:1092AC00616765725F736D640000000043616E6EF0
:1092BC006F7420736563757265206C696E6B2062C8
:1092CC0065636175736520612070726576696F7571
:1092DC00732073656375726974792070726F63653E
:1092EC006475726520656E64656420696E207469AE
:1092FC006D656F75742E20446973636F6E6E656354
:10930C007420616E642072657472792E20736D64A2
:10931C005F706172616D735F7265706C7928292062
:10932C006F7220736D645F6C696E6B5F73656375D0
:10933C00726528292072657475726E6564204E52B0
:10934C00465F4552524F525F54494D454F55542E2E
:10935C0020636F6E6E5F68616E646C653A20256485
:10936C0000000000436F756C64206E6F7420706594
:10937C0072666F726D207365637572697479207093
:10938C00726F6365647572652E20736D645F7061B6
:10939C0072616D735F7265706C792829206F722011
:1093AC00736D645F6C696E6B5F7365637572652852
:1093BC00292072657475726E65642025732E206386
:1093CC006F6E6E5F68616E646C653A202564000098
:1093DC00436F756C64206E6F7420706572666F726B
:1093EC006D2073656375726974792070726F636533
:1093FC00647572652E20736D645F6C696E6B5F7340
:10940C00656375726528292072657475726E656462
:10941C002025732E20636F6E6E5F68616E646C65C1
:10942C003A20256400000000706565725F6D616E06
:10943C00616765725F736D002F55736572732F6171
:10944C006C657862616C6477696E2F4465736B74BC
:10945C006F702F4F70656E4E657276652D43686127
:10946C00726765722F4669726D776172652F536FE3
:10947C00757263652D436F64652F7372632F636F11
:10948C0072655F6C617965722F73646B2F6E726697
:10949C00352F6E5246355F53444B5F31372E312E8C
:1094AC00305F646464653536302F696E746567723D
:1094BC006174696F6E2F6E7266782F6C656761636D
:1094CC00792F6E72665F6472765F636C6F636B2E5E
:1094DC0063000000636C6F636B0000002E2E2F2E58
:1094EC002E2F636F72655F6C617965722F73646B7D
:1094FC002F6E7266352F6E5246355F53444B5F317B
:10950C00372E312E305F646464653536302F696ECA
:10951C00746567726174696F6E2F6E7266782F6EE8
:10952C007266785F676C75652E6800002F557365E1
:10953C0072732F616C657862616C6477696E2F440D
:10954C0065736B746F702F4F70656E4E65727665B8
:10955C002D436861726765722F4669726D7761720F
:10956C00652F536F757263652D436F64652F73722E
:10957C00632F636F72655F6C617965722F73646BB7
:10958C002F6E7266352F6E5246355F53444B5F31EA
:10959C00372E312E305F646464653536302F6D6F35
:1095AC0064756C65732F6E7266782F64726976655C
:1095BC0072732F7372632F6E7266785F636C6F6356
:1095CC006B2E6300434C4F434B0000002F557365CB
:1095DC0072732F616C657862616C6477696E2F446D
:1095EC0065736B746F702F4F70656E4E6572766518
:1095FC002D436861726765722F4669726D7761726F
:10960C00652F536F757263652D436F64652F73728D
:10961C00632F636F72655F6C617965722F73646B16
:10962C002F6E7266352F6E5246355F53444B5F3149
:10963C00372E312E305F646464653536302F6D6F94
:10964C0064756C65732F6E7266782F6472697665BB
:10965C0072732F7372632F6E7266785F6770696FA7
:10966C0074652E63000000004750494F54450000BC
:10967C00505049002F55736572732F616C65786279
:10968C00616C6477696E2F4465736B746F702F4FC8
:10969C0070656E4E657276652D4368617267657292
:1096AC002F4669726D776172652F536F75726365A2
:1096BC002D436F64652F7372632F636F72655F6CDC
:1096CC00617965722F73646B2F6E7266352F6E52D3
:1096DC0046355F53444B5F31372E312E305F646417
:1096EC0064653536302F6D6F64756C65732F6E72D3
:1096FC0066782F647269766572732F7372632F703C
:10970C0072732F6E7266785F7072732E6300000036
:10971C00505253002E2E2F2E2E2F636F72655F6CBE
:10972C00617965722F73646B2F6E7266352F6E5272
:10973C0046355F53444B5F31372E312E305F6464B6
:10974C0064653536302F6D6F64756C65732F6E7272
:10975C0066782F68616C2F6E72665F70776D2E68FD
:10976C00000000002F55736572732F616C65786271
:10977C00616C6477696E2F4465736B746F702F4FD7
:10978C0070656E4E657276652D43686172676572A1
:10979C002F4669726D776172652F536F75726365B1
:1097AC002D436F64652F7372632F636F72655F6CEB
:1097BC00617965722F73646B2F6E7266352F6E52E2
:1097CC0046355F53444B5F31372E312E305F646426
:1097DC0064653536302F6D6F64756C65732F6E72E2
:1097EC0066782F647269766572732F7372632F6E4D
:1097FC007266785F70776D2E6300000050574D00D5
:10980C002F55736572732F616C657862616C647728
:10981C00696E2F4465736B746F702F4F70656E4E4D
:10982C00657276652D436861726765722F46697241
:10983C006D776172652F536F757263652D436F641D
:10984C00652F7372632F636F72655F6C61796572DC
:10985C002F73646B2F6E7266352F6E5246355F53C5
:10986C00444B5F31372E312E305F6464646535367E
:10987C00302F6D6F64756C65732F6E7266782F6404
:10988C007269766572732F7372632F6E7266785F6E
:10989C0073616164632E63002E2E2F2E2E2F636F47
:1098AC0072655F6C617965722F73646B2F6E726673
:1098BC00352F6E5246355F53444B5F31372E312E68
:1098CC00305F646464653536302F6D6F64756C651C
:1098DC00732F6E7266782F68616C2F6E72665F7371
:1098EC00616164632E6800005341414443000000F1
:1098FC002F55736572732F616C657862616C647738
:10990C00696E2F4465736B746F702F4F70656E4E5C
:10991C00657276652D436861726765722F46697250
:10992C006D776172652F536F757263652D436F642C
:10993C00652F7372632F636F72655F6C61796572EB
:10994C002F73646B2F6E7266352F6E5246355F53D4
:10995C00444B5F31372E312E305F6464646535368D
:10996C00302F6D6F64756C65732F6E7266782F6413
:10997C007269766572732F7372632F6E7266785F7D
:10998C007370696D2E6300005350494D0000000048
:10999C0054494D45520000005541525400000000FE
:1099AC0055415254450000006170705F62757474CB
:1099BC006F6E00002F55736572732F616C65786242
:1099CC00616C6477696E2F4465736B746F702F4F85
:1099DC0070656E4E657276652D436861726765724F
:1099EC002F4669726D776172652F536F757263655F
:1099FC002D436F64652F7372632F636F72655F6C99
:109A0C00617965722F73646B2F6E7266352F6E528F
:109A1C0046355F53444B5F31372E312E305F6464D3
:109A2C0064653536302F636F6D706F6E656E747351
:109A3C002F6C69627261726965732F7574696C2F12
:109A4C006170705F7574696C5F706C6174666F7255
:109A5C006D2E63002F55736572732F616C65786280
:109A6C00616C6477696E2F4465736B746F702F4FE4
:109A7C0070656E4E657276652D43686172676572AE
:109A8C002F4669726D776172652F536F75726365BE
:109A9C002D436F64652F7372632F636F72655F6CF8
:109AAC00617965722F73646B2F6E7266352F6E52EF
:109ABC0046355F53444B5F31372E312E305F646433
:109ACC0064653536302F636F6D706F6E656E7473B1
:109ADC002F6C69627261726965732F6664732F668D
:109AEC0064732E63000000002F55736572732F6131
:109AFC006C657862616C6477696E2F4465736B7406
:109B0C006F702F4F70656E4E657276652D43686170
:109B1C00726765722F4669726D776172652F536F2C
:109B2C00757263652D436F64652F7372632F636F5A
:109B3C0072655F6C617965722F73646B2F6E7266E0
:109B4C00352F6E5246355F53444B5F31372E312ED5
:109B5C00305F646464653536302F636F6D706F6E83
:109B6C00656E74732F6C69627261726965732F62B2
:109B7C00616C6C6F632F6E72665F62616C6C6F638D
:109B8C002E6300002F55736572732F616C657862BC
:109B9C00616C6477696E2F4465736B746F702F4FB3
:109BAC0070656E4E657276652D436861726765727D
:109BBC002F4669726D776172652F536F757263658D
:109BCC002D436F64652F7372632F636F72655F6CC7
:109BDC00617965722F73646B2F6E7266352F6E52BE
:109BEC0046355F53444B5F31372E312E305F646402
:109BFC0064653536302F65787465726E616C2F66CE
:109C0C007072696E74662F6E72665F667072696EC2
:109C1C0074662E63000000002F55736572732F61FC
:109C2C006C657862616C6477696E2F4465736B74D4
:109C3C006F702F4F70656E4E657276652D4368613F
:109C4C00726765722F4669726D776172652F536FFB
:109C5C00757263652D436F64652F7372632F636F29
:109C6C0072655F6C617965722F73646B2F6E7266AF
:109C7C00352F6E5246355F53444B5F31372E312EA4
:109C8C00305F646464653536302F65787465726E48
:109C9C00616C2F667072696E74662F6E72665F6689
:109CAC007072696E74665F666F726D61742E63009C
:109CBC00705F667300000000257320636865636B3A
:109CCC00206661696C656420696E202573282920E3
:109CDC00776974682076616C756520307825782EEC
:109CEC0000000000705F617069000000705F6673B7
:109CFC002D3E705F61706900705F64657374000065
:109D0C006C656E00616464725F69735F616C696736
:109D1C006E65643332287372632900006164647267
:109D2C005F69735F77697468696E5F626F756E6483
:109D3C007328705F66732C207372632C206C656EB5
:109D4C0029000000705F73726300000021286C65AD
:109D5C006E202520705F66732D3E705F666C61739C
:109D6C00685F696E666F2D3E70726F6772616D5FB2
:109D7C00756E697429000000616464725F69735FB9
:109D8C00616C69676E65643332286465737429008D
:109D9C00616464725F69735F616C69676E6564337B
:109DAC0032282875696E7433325F7429705F737250
:109DBC0063290000616464725F69735F776974681A
:109DCC00696E5F626F756E647328705F66732C20AA
:109DDC00646573742C206C656E2900006164647278
:109DEC005F69735F706167655F616C69676E6564FD
:109DFC0028705F66732C20706167655F61646472A4
:109E0C0029000000616464725F69735F776974682C
:109E1C00696E5F626F756E647328705F66732C2059
:109E2C00706167655F616464722C20286C656E20BC
:109E3C002A20705F66732D3E705F666C6173685F7D
:109E4C00696E666F2D3E65726173655F756E6974C0
:109E5C00292900006E72665F6673746F72616765A4
:109E6C00000000002F55736572732F616C6578626A
:109E7C00616C6477696E2F4465736B746F702F4FD0
:109E8C0070656E4E657276652D436861726765729A
:109E9C002F4669726D776172652F536F75726365AA
:109EAC002D436F64652F7372632F636F72655F6CE4
:109EBC00617965722F73646B2F6E7266352F6E52DB
:109ECC0046355F53444B5F31372E312E305F64641F
:109EDC0064653536302F636F6D706F6E656E74739D
:109EEC002F6C69627261726965732F6D656D6F623B
:109EFC006A2F6E72665F6D656D6F626A2E6300000D
:109F0C002F55736572732F616C657862616C647721
:109F1C00696E2F4465736B746F702F4F70656E4E46
:109F2C00657276652D436861726765722F4669723A
:109F3C006D776172652F536F757263652D436F6416
:109F4C00652F7372632F636F72655F6C61796572D5
:109F5C002F73646B2F6E7266352F6E5246355F53BE
:109F6C00444B5F31372E312E305F64646465353677
:109F7C00302F636F6D706F6E656E74732F6C6962CA
:109F8C007261726965732F6578706572696D656E43
:109F9C0074616C5F73656374696F6E5F7661727305
:109FAC002F6E72665F73656374696F6E5F6974653B
:109FBC00722E63004E52465F535543434553530034
:109FCC004E52465F4552524F525F5356435F484183
:109FDC004E444C45525F4D495353494E4700000087
:109FEC004E52465F4552524F525F534F4654444572
:109FFC00564943455F4E4F545F454E41424C454494
:10A00C00000000004E52465F4552524F525F494E7F
:10A01C005445524E414C00004E52465F4552524FF1
:10A02C00525F4E4F5F4D454D000000004E52465F53
:10A03C004552524F525F4E4F545F464F554E44005F
:10A04C004E52465F4552524F525F4E4F545F5355DE
:10A05C0050504F52544544004E52465F4552524F59
:10A06C00525F494E56414C49445F504152414D005C
:10A07C004E52465F4552524F525F494E56414C49E3
:10A08C00445F5354415445004E52465F4552524F23
:10A09C00525F494E56414C49445F4C454E475448DB
:10A0AC00000000004E52465F4552524F525F494EDF
:10A0BC0056414C49445F464C414753004E52465F13
:10A0CC004552524F525F494E56414C49445F4441B0
:10A0DC00544100004E52465F4552524F525F44412C
:10A0EC0054415F53495A45004E52465F4552524FB8
:10A0FC00525F54494D454F55540000004E52465F37
:10A10C004552524F525F4E554C4C00004E52465FDA
:10A11C004552524F525F464F5242494444454E00BD
:10A12C004E52465F4552524F525F494E56414C4932
:10A13C00445F4144445200004E52465F4552524FD8
:10A14C00525F4255535900004E52465F4552524F92
:10A15C00525F434F4E4E5F434F554E54000000002C
:10A16C004E52465F4552524F525F5245534F5552D5
:10A17C00434553004E52465F4552524F525F4D4F2E
:10A18C0044554C455F4E4F545F494E495449414CE0
:10A19C00495A4544000000004E52465F4552524F0A
:10A1AC00525F4D555445585F494E49545F4641499D
:10A1BC004C4544004E52465F4552524F525F4D55EE
:10A1CC005445585F4C4F434B5F4641494C45440006
:10A1DC004E52465F4552524F525F4D555445585F53
:10A1EC00554E4C4F434B5F4641494C454400000093
:10A1FC004E52465F4552524F525F4D555445585F33
:10A20C00434F4E445F494E49545F4641494C454487
:10A21C00000000004E52465F4552524F525F4D4F68
:10A22C0044554C455F414C52454144595F494E4958
:10A23C005449414C495A4544000000004E52465F77
:10A24C004552524F525F53544F524147455F46550A
:10A25C004C4C00004E52465F4552524F525F41509B
:10A26C00495F4E4F545F494D504C454D454E5445FA
:10A27C00440000004E52465F4552524F525F4645D5
:10A28C0041545552455F4E4F545F454E41424C45EB
:10A29C00440000004E52465F4552524F525F494FA8
:10A2AC005F50454E44494E47000000004E52465FF9
:10A2BC004552524F525F4452565F5457495F455274
:10A2CC00525F4F56455252554E0000004E52465F5B
:10A2DC004552524F525F4452565F5457495F455254
:10A2EC00525F414E41434B004E52465F4552524FD6
:10A2FC00525F4452565F5457495F4552525F444E29
:10A30C0041434B004E52465F4552524F525F424CB6
:10A31C00455F495053505F52585F504B545F5452F5
:10A32C00554E4341544544004E52465F4552524FA0
:10A33C00525F424C455F495053505F4348414E4E2B
:10A34C00454C5F414C52454144595F455849535423
:10A35C00530000004E52465F4552524F525F424CE2
:10A36C00455F495053505F4C494E4B5F44495343F2
:10A37C004F4E4E4543544544000000004E52465F3C
:10A38C004552524F525F424C455F495053505F50BB
:10A39C004545525F52454A45435445440000000030
:10A3AC002F55736572732F616C657862616C64777D
:10A3BC00696E2F4465736B746F702F4F70656E4EA2
:10A3CC00657276652D436861726765722F46697296
:10A3DC006D776172652F536F757263652D436F6472
:10A3EC00652F7372632F636F72655F6C6179657231
:10A3FC002F73646B2F6E7266352F6E5246355F531A
:10A40C00444B5F31372E312E305F646464653536D2
:10A41C00302F636F6D706F6E656E74732F6C696225
:10A42C007261726965732F6C6F672F7372632F6E15
:10A43C0072665F6C6F675F64656661756C745F6292
:10A44C0061636B656E64732E630000007274745FDD
:10A45C006C6F675F6261636B656E64002F5573652B
:10A46C0072732F616C657862616C6477696E2F44CE
:10A47C0065736B746F702F4F70656E4E6572766579
:10A48C002D436861726765722F4669726D776172D0
:10A49C00652F536F757263652D436F64652F7372EF
:10A4AC00632F636F72655F6C617965722F73646B78
:10A4BC002F6E7266352F6E5246355F53444B5F31AB
:10A4CC00372E312E305F646464653536302F636F00
:10A4DC006D706F6E656E74732F6C696272617269E8
:10A4EC0065732F6C6F672F7372632F6E72665F6C60
:10A4FC006F675F66726F6E74656E642E630000002A
:10A50C004261636B656E647320666C757368656419
:10A51C0000000000617070001B5B313B33316D003B
:10A52C0025734C6F67732064726F7070656420289C
:10A53C0025642925730D0A001B5B306D000000009B
:10A54C00257300003C25733E2025733A2000000043
:10A55C002025303278000000202020007C000000F4
:10A56C00256300001B5B313B33306D001B5B313BC3
:10A57C0033326D001B5B313B33336D001B5B313B66
:10A58C0033346D001B5B313B33356D001B5B313B52
:10A59C0033366D001B5B313B33376D007761726E68
:10A5AC00696E6700696E666F000000006465627515
:10A5BC00670000005465726D696E616C00000000EC
:10A5CC00525454005345474745520000537461742C
:10A5DC006520726571756573743A20307825303852
:10A5EC00580000004E6F74696679206F6273657253
:10A5FC0076657220307825303858203D3E207265C3
:10A60C00616479004E6F74696679206F627365724C
:10A61C0076657220307825303858203D3E20626CAB
:10A62C006F636B696E6700005374617465206368B7
:10A63C00616E67653A20307825303858000000008C
:10A64C002F55736572732F616C657862616C6477DA
:10A65C00696E2F4465736B746F702F4F70656E4EFF
:10A66C00657276652D436861726765722F466972F3
:10A67C006D776172652F536F757263652D436F64CF
:10A68C00652F7372632F636F72655F6C617965728E
:10A69C002F73646B2F6E7266352F6E5246355F5377
:10A6AC00444B5F31372E312E305F64646465353630
:10A6BC00302F636F6D706F6E656E74732F736F6672
:10A6CC00746465766963652F636F6D6D6F6E2F6E45
:10A6DC0072665F7364682E63000000006E72665FC2
:10A6EC00736468002F55736572732F616C657862A3
:10A6FC00616C6477696E2F4465736B746F702F4F48
:10A70C0070656E4E657276652D4368617267657211
:10A71C002F4669726D776172652F536F7572636521
:10A72C002D436F64652F7372632F636F72655F6C5B
:10A73C00617965722F73646B2F6E7266352F6E5252
:10A74C0046355F53444B5F31372E312E305F646496
:10A75C0064653536302F636F6D706F6E656E747314
:10A76C002F736F66746465766963652F636F6D6DA7
:10A77C006F6E2F6E72665F7364685F626C652E63BA
:10A78C000000000073645F626C655F6366675F73F3
:10A79C00657428292072657475726E656420257342
:10A7AC00207768656E20617474656D7074696E676E
:10A7BC0020746F2073657420424C455F434F4E4E9E
:10A7CC005F4346475F4741502E00000073645F6251
:10A7DC006C655F6366675F736574282920726574A6
:10A7EC0075726E6564202573207768656E206174C0
:10A7FC0074656D7074696E6720746F207365742056
:10A80C00424C455F4741505F4346475F524F4C4572
:10A81C005F434F554E542E0073645F626C655F63EB
:10A82C0066675F73657428292072657475726E652E
:10A83C0064202573207768656E20617474656D7073
:10A84C0074696E6720746F2073657420424C455F89
:10A85C00434F4E4E5F4346475F474154542E0000D2
:10A86C0073645F626C655F6366675F7365742829E8
:10A87C002072657475726E65642025732077686527
:10A88C006E20617474656D7074696E6720746F20CE
:10A89C0073657420424C455F434F4D4D4F4E5F43A3
:10A8AC0046475F56535F555549442E0073645F62AB
:10A8BC006C655F6366675F736574282920726574C5
:10A8CC0075726E6564202573207768656E206174DF
:10A8DC0074656D7074696E6720746F207365742075
:10A8EC00424C455F47415454535F4346475F415484
:10A8FC0054525F5441425F53495A452E00000000A8
:10A90C0073645F626C655F6366675F736574282947
:10A91C002072657475726E65642025732077686586
:10A92C006E20617474656D7074696E6720746F202D
:10A93C0073657420424C455F47415454535F434602
:10A94C00475F534552564943455F4348414E47453F
:10A95C00442E0000496E73756666696369656E7492
:10A96C002052414D20616C6C6F636174656420668C
:10A97C006F722074686520536F66744465766963E2
:10A98C00652E00004368616E67652074686520520F
:10A99C00414D207374617274206C6F636174696FC4
:10A9AC006E2066726F6D203078257820746F2030A1
:10A9BC007825782E000000004D6178696D756D204A
:10A9CC0052414D2073697A6520666F7220617070F8
:10A9DC006C69636174696F6E2069732030782578B7
:10A9EC002E00000073645F626C655F656E61626C63
:10A9FC006528292072657475726E65642025732E26
:10AA0C00000000006E72665F7364685F626C6500C4
:10AA1C00536F43206576656E743A20307825782E16
:10AA2C00000000002F55736572732F616C6578629E
:10AA3C00616C6477696E2F4465736B746F702F4F04
:10AA4C0070656E4E657276652D43686172676572CE
:10AA5C002F4669726D776172652F536F75726365DE
:10AA6C002D436F64652F7372632F636F72655F6C18
:10AA7C00617965722F73646B2F6E7266352F6E520F
:10AA8C0046355F53444B5F31372E312E305F646453
:10AA9C0064653536302F636F6D706F6E656E7473D1
:10AAAC002F736F66746465766963652F636F6D6D64
:10AABC006F6E2F6E72665F7364685F736F632E6365
:10AACC00000000006E72665F7364685F736F6300F2
:10AADC00426C6553746174654D616368696E6500A1
:10AAEC00426C6549646C650054696D656F757420C2
:10AAFC0074696D657220657870697265642E0000EA
:10AB0C00426C6554696D656F757454696D6572003E
:10AB1C005374617274696E672074696D656F7574B6
:10AB2C002074696D65722E0053746F7070696E6756
:10AB3C002074696D656F75742074696D65722E0073
:10AB4C0053746F7070696E67207363616E2E0000B2
:10AB5C005363616E2074696D6564206F75742E008B
:10AB6C0046696C746572206D617463682E00000018
:10AB7C0057686974656C69737420616476207265BA
:10AB8C00706F72742E000000426C6553756273799D
:10AB9C0074656D3A20496E697469616C697A656493
:10ABAC00200A0000426C6500504D432053746174C0
:10ABBC0065204D616368696E653A20436861726710
:10ABCC00696E67204261747465727920456E747287
:10ABDC00790A0000504D43205374617465204D6117
:10ABEC006368696E653A5374617465204368617279
:10ABFC0067696E6720426174746572792044697369
:10AC0C0070617463684576656E740A00504D43201C
:10AC1C005374617465204D616368696E653A2049AF
:10AC2C006E76616C6964204576656E740A0000006E
:10AC3C00504D43205374617465204D616368696E97
:10AC4C00653A2050696E6720506F72740A000000DC
:10AC5C00504D43205374617465204D616368696E77
:10AC6C0065204368617267696E6720426174746520
:10AC7C0072792073746174653A20426174746572E0
:10AC8C0079205374617274204368617267696E67CE
:10AC9C000A000000504D43205374617465204D61CF
:10ACAC006368696E65204368617267696E672042EC
:10ACBC006174746572792073746174653A204261B1
:10ACCC0074746572792046756C6C20436861726788
:10ACDC0065640A00504D43205374617465204D61C6
:10ACEC006368696E65204368617267696E672042AC
:10ACFC006174746572792073746174653A20426171
:10AD0C007474657279204368617267696E670A00B2
:10AD1C00504D43205374617465204D616368696EB6
:10AD2C0065204368617267696E672042617474655F
:10AD3C0072792073746174653A204261747465721F
:10AD4C00792050726573656E7420496E6469636115
:10AD5C00746F720A00000000504D432053746174EC
:10AD6C0065204D616368696E65204368617267692F
:10AD7C006E672042617474657279207374617465B6
:10AD8C003A20504D43204661756C7420436F6E64BD
:10AD9C006974696F6E0A00002F55736572732F61A9
:10ADAC006C657862616C6477696E2F4465736B7443
:10ADBC006F702F4F70656E4E657276652D436861AE
:10ADCC00726765722F4669726D776172652F536F6A
:10ADDC00757263652D436F64652F7372632F736592
:10ADEC0072766963655F6C617965722F706D632F24
:10ADFC0073746174655F6D616368696E652F7376DA
:10AE0C00635F706D635F73746174655F63686172B7
:10AE1C0067696E675F626174746572792E637070B6
:10AE2C0000000000504D43205374617465204D6147
:10AE3C006368696E653A204368617267696E672062
:10AE4C004261747465727920457869740A00000057
:10AE5C00504D43205374617465204D616368696E75
:10AE6C00653A20456E61626C6520456E7472790A94
:10AE7C0000000000504D43205374617465204D61F7
:10AE8C006368696E653A5374617465456E61626C92
:10AE9C00652044697370617463684576656E740AE5
:10AEAC0000000000504D43205374617465204D61C7
:10AEBC006368696E6520456E61626C6520737461B0
:10AECC0074653A20504D43204661756C7420436F75
:10AEDC006E646974696F6E0A000000002F5573650B
:10AEEC0072732F616C657862616C6477696E2F4444
:10AEFC0065736B746F702F4F70656E4E65727665EF
:10AF0C002D436861726765722F4669726D77617245
:10AF1C00652F536F757263652D436F64652F737264
:10AF2C00632F736572766963655F6C617965722FE7
:10AF3C00706D632F73746174655F6D616368696EA6
:10AF4C00652F7376635F706D635F73746174655F97
:10AF5C00656E61626C652E6370700000504D43200D
:10AF6C005374617465204D616368696E653A204560
:10AF7C006E61626C6520457869740A00504D4320FF
:10AF8C005374617465204D616368696E653A20493C
:10AF9C00646C6520456E7472790A0000504D432034
:10AFAC005374617465204D616368696E653A20491C
:10AFBC00646C6520457869740A000000504D43208C
:10AFCC005374617465204D616368696E653A2049FC
:10AFDC00646C652044697370617463684576656E52
:10AFEC00740A0000504D43205374617465204D6108
:10AFFC006368696E653A20496E697469616C697A37
:10B00C00650A00002F55736572732F616C65786249
:10B01C00616C6477696E2F4465736B746F702F4F1E
:10B02C0070656E4E657276652D43686172676572E8
:10B03C002F4669726D776172652F536F75726365F8
:10B04C002D436F64652F7372632F7365727669631A
:10B05C00655F6C617965722F706D632F73746174A9
:10B06C00655F6D616368696E652F7376635F706D84
:10B07C00635F73746174655F69646C652E63707073
:10B08C0000000000504D430049646C650000000056
:10B09C00456E61626C6500004368617267696E673A
:10B0AC00204261747465727900000000504D432099
:10B0BC004D616E616765723A20436F6E66696747D2
:10B0CC0070696F730A000000504D43204D616E6132
:10B0DC006765723A20496E69740A0000504D43202E
:10B0EC004D616E616765723A20456E61626C6556A2
:10B0FC006363526567756C61746F720A00000000BF
:10B10C00504D43204D616E616765723A20446973FE
:10B11C0061626C65566363526567756C61746F72BE
:10B12C000A000000504D43204D616E616765723A14
:10B13C0020456E61626C6542617474657279436816
:10B14C0061726765720A0000504D43204D616E615B
:10B15C006765723A2044697361626C65426174740C
:10B16C00657279436861726765720A00504D4320BD
:10B17C004D616E616765723A204765744261747403
:10B18C00657279566F6C746167650A00504D432087
:10B19C004D616E616765723A2052656164426174FB
:10B1AC007465727943686172676572507265736514
:10B1BC006E74496E64696361746F720A00000000FA
:10B1CC00504D43204D616E616765723A2052656146
:10B1DC006442617474657279436861726765496E23
:10B1EC0064696361746F7250696E0A00504D43203C
:10B1FC004D616E616765723A20526561644261749B
:10B20C007465727946617374436861726765496EDF
:10B21C0064696361746F720A00000000504D432032
:10B22C00506F72743A204578656375746545766520
:10B23C006E740A0053444B206572726F72000000EA
:10B24C00617373657274696F6E000000536F66747E
:10B25C0044657669636520617373657274696F6E9A
:10B26C0000000000696E76616C6964206D656D6F1D
:10B27C007279206163636573730000004841524426
:10B28C00204641554C540000737461636B206F76FB
:10B29C006572666C6F770000756E6B6E6F776E20E3
:10B2AC006661756C7400000043524153483A202586
:10B2BC007320617420706320307825303858202D2D
:10B2CC0020726573657474696E670A00426F6F74DF
:10B2DC002025643A20726573657420726561736F02
:10B2EC006E20307830303030303030303A20504FA3
:10B2FC005745522D4F4E206F722042524F574E2DB4
:10B30C004F55540A000000002050494E0000000028
:10B31C00205741544348444F4700000020534F46A8
:10B32C00542D524553455400204350552D4C4F43FA
:10B33C004B555000426F6F742025643A2072657330
:10B34C00657420726561736F6E20307825303858C3
:10B35C003A25732573257325730A00002057414B3A
:10B36C00452D4750494F00002057414B452D4C501F
:10B37C00434F4D50000000002044454255472D4995
:10B38C004E54455246414345000000002057414B66
:10B39C00452D4E46430000002057414B452D56424B
:10B3AC00555300002020616C736F3A25732573256B
:10B3BC0073257325730A0000626F6F740000000020
:10B3CC003F0000004352415348205245434F5244E2
:10B3DC003A20257320696E207461736B20272573C6
:10B3EC00272C202564206865617274626561747312
:10B3FC0020696E746F207468652072756E0A000087
:10B40C0020206572726F72202564205B25735D208D
:10B41C0061742025733A25640A00000020206173B2
:10B42C0073657274696F6E206661696C6564206106
:10B43C00742025733A25640A0000000020207063F4
:10B44C0020307825303858206C72203078253038F0
:10B45C005820707372203078253038580A0000005C
:10B46C002020636673722030782530385820686647
:10B47C00737220307825303858206D6D66617220DB
:10B48C00307825303858206266617220307825304B
:10B49C0038580A00202063726173686573207369E1
:10B4AC006E636520706F7765722D6F6E3A20256420
:10B4BC000A0000004E6F206372617368207265632E
:10B4CC006F72642028637261736865732073696E90
:10B4DC00636520706F7765722D6F6E3A2025642935
:10B4EC000A000000537461636B20667265653A2034
:10B4FC006D61696E2F49535220256420420A000069
:10B50C00537461636B20667265653A202573202540
:10B51C006420420A00000000446267436F6E736F40
:10B52C006C6500003D3D3D3D3D3D3D3D3D3D3D3D62
:10B53C003D3D3D3D3D3D3D3D3D3D3D3D3D3D3D3D2F
:10B54C003D3D3D3D3D3D3D3D3D3D3D3D3D3D3D3D1F
:10B55C003D3D3D3D3D3D3D3D3D0A00005B4D414E79
:10B56C0055414C5D204445425547204255494C4479
:10B57C00202D206D616E75616C20636F6E74726F1F
:10B58C006C20617661696C61626C650A0000000078
:10B59C005B4D414E55414C5D2052756E6E696E6728
:10B5AC00206E6F726D616C206175746F6D61746962
:10B5BC006320636F6E74726F6C2E205072657373A0
:10B5CC0020276D2720746F2074616B65206F766562
:10B5DC00722E0A005B4D414E55414C5D20416C7200
:10B5EC006561647920696E206D616E75616C206D8A
:10B5FC006F64650A000000005B4D414E55414C5D87
:10B60C00204D616E75616C2074616B656F7665722F
:10B61C00207265717565737465640A005B4D414EEB
:10B62C0055414C5D204E6F7420696E206D616E75B6
:10B63C00616C206D6F64650A000000005B4D414E2B
:10B64C0055414C5D20457869742072657175657340
:10B65C007465640A000000005B4D414E55414C5D21
:10B66C00204D616E75616C20636F6E74726F6C200F
:10B67C0044495341424C4544202D20636F696C2052
:10B68C006F66662C207261696C20646F776E2C205B
:10B69C006261636B20746F205374617465576169C8
:10B6AC00740A00005B4D414E55414C5D2050726553
:10B6BC00737320427574746F6E203120666F722024
:10B6CC0061206E6F726D616C206175746F6D617449
:10B6DC0069632073657373696F6E2E0A0000000036
:10B6EC005B4D414E55414C5D204C6576656C20257B
:10B6FC00642061626F7665206D6178696D756D206F
:10B70C0025642C20636C616D70696E670A00000003
:10B71C005B4D414E55414C5D20505448206C657634
:10B72C00656C20256420282564206D56290A0000AC
:10B73C005B4D414E55414C5D20416C7265616479A5
:10B74C00206174206D696E696D756D206C65766510
:10B75C006C20300A000000005B4D414E55414C5DA1
:10B76C0020416C7265616479206174206D61786927
:10B77C006D756D206C6576656C2025640A00000083
:10B78C005B4D414E55414C5D20436F696C205354C9
:10B79C0041525420726571756573746564206174CF
:10B7AC00206C6576656C20256420282564206D56F8
:10B7BC00290A00005B4D414E55414C5D20436F6999
:10B7CC006C2053544F5020726571756573746564A9
:10B7DC000A0000005B4D414E55414C5D20495047DD
:10B7EC0020626974733A206E6F206164766572749E
:10B7FC006973656D656E74207265636569766564E1
:10B80C00207965740A0000005B4D414E55414C5D3A
:10B81C002049504720626974733A2056524543546C
:10B82C005F4445546E3D25642056524543545F4F4A
:10B83C0056506E3D256420434847315F4F56505F4C
:10B84C004552526E3D256420434847325F4F565057
:10B85C005F4552526E3D25642050474F4F443D2565
:10B86C006420434847323D25640A00005B4D414E3D
:10B87C0055414C5D206D2F6E20656E7465722F6581
:10B88C00786974206D616E75616C202020732F783F
:10B89C0020636F696C2073746172742F73746F7092
:10B8AC000A0000005B4D414E55414C5D202B2F2D65
:10B8BC0020737465702050544820202020202020B4
:10B8CC002020202020302D392C612C622C632073F9
:10B8DC0065742050544820302D31320A000000008D
:10B8EC005B4D414E55414C5D203F202020737461CF
:10B8FC007475732020202020202020202020202040
:10B90C002068202020746869732068656C700A00B8
:10B91C005B4D414E55414C5D2021202020637261CE
:10B92C007368207465737420286572726F72292095
:10B93C002023202020637261736820746573742047
:10B94C002868617264206661756C74290A000000B5
:10B95C005B4D414E55414C5D204D414E55414C2067
:10B96C00434F4E54524F4C20454E41424C45440A95
:10B97C00000000005B4D414E55414C5D20416E79FD
:10B98C00206368617267696E672073746F7070658D
:10B99C00642E20436F696C204F464620756E746987
:10B9AC006C202773272E0A005B4D414E55414C5D90
:10B9BC0020546865726D616C20616E64204F565026
:10B9CC0020617265205741524E2D4F4E4C592E20FE
:10B9DC00427574746F6E20312064697361626C659A
:10B9EC00642E0A005B4D414E55414C5D2043726103
:10B9FC00736820746573743A20666F7263696E673E
:10BA0C0020616E204150505F4552524F525F434867
:10BA1C0045434B206661756C740A00002F557365A5
:10BA2C0072732F616C657862616C6477696E2F44F8
:10BA3C0065736B746F702F4F70656E4E65727665A3
:10BA4C002D436861726765722F4669726D776172FA
:10BA5C00652F536F757263652D436F64652F737219
:10BA6C00632F736572766963655F6C617965722F9C
:10BA7C0064656275672F7376635F64656275675F73
:10BA8C00636F6E736F6C652E637070005B4D414E0F
:10BA9C0055414C5D20437261736820746573743A30
:10BAAC0020666F7263696E67206120686172642022
:10BABC006661756C740A00005B4D414E55414C5DDE
:10BACC00202D2D2D20737461747573202D2D2D0A4E
:10BADC00000000004D414E55414C00004155544F63
:10BAEC00000000004F4E00004F4646005B4D414E9B
:10BAFC0055414C5D206D6F64653D257320636F6906
:10BB0C006C3D25732070617573655F6D61736B3D62
:10BB1C00307825303258206170703D25730A000052
:10BB2C005B4D414E55414C5D20505448206C657620
:10BB3C00656C3D256420282564206D5629206D6197
:10BB4C00783D25640A0000005B4D414E55414C5D2B
:10BB5C00206F76705F6365696C696E673D25642044
:10BB6C0070676F6F645F666C6F6F723D25642066E3
:10BB7C006C6F6F725F666F756E643D2564206164D7
:10BB8C00765F636F756E743D25640A005B4D414EA4
:10BB9C0055414C5D20646561642D6D616E3A2025C4
:10BBAC006420732072656D61696E696E670A0000AE
:10BBBC005B4D414E55414C5D2049676E6F72696E0D
:10BBCC00672027256327202D206E6F7420696E2037
:10BBDC006D616E75616C206D6F64652E20507265A1
:10BBEC00737320276D272066697273742E0A000008
:10BBFC005B4D414E55414C5D20556E6B6E6F776EB3
:10BC0C0020636F6D6D616E6420272563272E205095
:10BC1C00726573732027682720666F722068656CC5
:10BC2C00702E0A005B4D414E55414C5D20446561C0
:10BC3C00642D6D616E20636C65617265642E2043AA
:10BC4C006F696C207374696C6C206F6666202D2094
:10BC5C0070726573732027732720746F207265735D
:10BC6C00746F72652E0A00005B4D414E55414C5D60
:10BC7C0020446561642D6D616E2074696D656F750E
:10BC8C0074206166746572202564206D7320776959
:10BC9C007468206E6F20696E707574202D20706131
:10BCAC007573696E6720636F696C0A005750542076
:10BCBC005374617465204D616368696E653A204305
:10BCCC0068617267696E6720457869740A000000C4
:10BCDC00575054205374617465204D616368696ECC
:10BCEC00653A204368617267696E6720456E7472AD
:10BCFC00790A0000575054205374617465204D61CB
:10BD0C006368696E653A5374617465436861726700
:10BD1C00696E672044697370617463684576656EFB
:10BD2C00740A0000575054205374617465204D619F
:10BD3C006368696E653A20496E76616C696420456A
:10BD4C0076656E740A000000575054205374617469
:10BD5C0065204D616368696E653A2050696E672095
:10BD6C00506F72740A000000575054205374617461
:10BD7C0065204D616368696E653A205750542050B8
:10BD8C006F776572204F6E0A0000000057505420E8
:10BD9C005374617465204D616368696E653A205710
:10BDAC005054205374617274205363616E0A000006
:10BDBC00575054205374617465204D616368696EEB
:10BDCC006520536C6F77436861726765207374618B
:10BDDC0074653A20575054204661756C7420436F3B
:10BDEC006E646974696F6E0A00000000575054202D
:10BDFC005374617465204D616368696E653A2042C5
:10BE0C00617474657279204368617267696E670A40
:10BE1C0000000000575054205374617465204D612C
:10BE2C006368696E65204368617267696E67207329
:10BE3C00746174653A2057505420536C6F772043CB
:10BE4C006861726765202D20636F6C642073746168
:10BE5C0072742072616D700A0000000057505420FB
:10BE6C005374617465204D616368696E653A204254
:10BE7C006174746572792043686172676564202807
:10BE8C005750542073687574646F776E20766961AF
:10BE9C0020617070206C61796572290A00000000C5
:10BEAC00575054205374617465204D616368696EFA
:10BEBC006520536C6F77436861726765207374619A
:10BECC0074653A20575054205363616E2054696D49
:10BEDC00656F75740A0000005750542053746174D8
:10BEEC0065204D616368696E6520536C6F7743689C
:10BEFC00617267652073746174653A2057505420E1
:10BF0C0041646A75737420506F7765720A00000083
:10BF1C00575054205374617465204D616368696E89
:10BF2C00653A204661756C74207061757365202DBF
:10BF3C002073757370656E64696E6720706F7765BA
:10BF4C0072207472616E736665720A0057505420C9
:10BF5C005374617465204D616368696E653A20465F
:10BF6C0061756C7420726573756D65202D2072651A
:10BF7C0073746F72696E6720706F7765722074725C
:10BF8C00616E736665720A00575054205374617465
:10BF9C0065204D616368696E653A2049646C652063
:10BFAC00456E7472790A00005750542053746174B2
:10BFBC0065204D616368696E653A2049646C652043
:10BFCC00457869740A00000057505420537461740A
:10BFDC0065204D616368696E653A2049646C652023
:10BFEC0044697370617463684576656E740A000009
:10BFFC00575054205374617465204D616368696EA9
:10C00C00653A20496E697469616C697A650A000049
:10C01C00575054005465737400000000536C6F77D4
:10C02C0020436861726765004368617267696E6777
:10C03C0000000000575054205374617465204D610A
:10C04C006368696E653A20536C6F77204368617240
:10C05C006765200A00000000575054205374617427
:10C06C0065204D616368696E653A20536C6F77206B
:10C07C004368617267650A005750542053746174A9
:10C08C0065204D616368696E6520536C6F774368FA
:10C09C00617267652073746174653A20496E7661CC
:10C0AC006C6964204576656E740A00005750542004
:10C0BC005374617465204D616368696E6520536CBF
:10C0CC006F774368617267652073746174653A2099
:10C0DC0050696E6720506F72740A000057505420DC
:10C0EC005374617465204D616368696E6520536C8F
:10C0FC006F774368617267652073746174653A2069
:10C10C0057505420506F776572204F6E0A00000014
:10C11C00575054205374617465204D616368696E87
:10C12C006520536C6F774368617267652073746127
:10C13C0074653A20575054205363616E0A00000016
:10C14C00575054205374617465204D616368696E57
:10C15C006520536C6F7743686172676520737461F7
:10C16C0074653A205750542053746F702053636198
:10C17C006E0A0000575054205374617465204D6151
:10C18C006368696E6520536C6F774368617267658D
:10C19C002073746174653A204661756C742070610B
:10C1AC00757365202D2073757370656E64696E6789
:10C1BC0020706F776572207472616E736665720A97
:10C1CC0000000000575054205374617465204D6179
:10C1DC006368696E6520536C6F774368617267653D
:10C1EC002073746174653A204661756C74207265B5
:10C1FC0073756D65202D20726573746F72696E672F
:10C20C0020706F776572207472616E736665720A46
:10C21C0000000000575054205374617465204D6128
:10C22C006368696E653A205465737420456E747248
:10C23C00790A0000575054205374617465204D6185
:10C24C006368696E653A2054657374204578697427
:10C25C000A000000575054205374617465204D61DE
:10C26C006368696E653A2054657374204469737011
:10C27C00617463684576656E740A000057505420EB
:10C28C005374617465204D616368696E653A20571B
:10C29C0050542053746F70205363616E0A00000079
:10C2AC00575054205374617465204D616368696EF6
:10C2BC00653A2057505420506F776572204F666650
:10C2CC000A000000575054205374617465204D616E
:10C2DC006368696E653A20575054204661756C74DA
:10C2EC0020436F6E646974696F6E0A005750542056
:10C2FC004D616E616765723A205374617475735445
:10C30C00696D656F75744D6F6E69746F72696E6768
:10C31C000A00000057707453746174757354696D1E
:10C32C006572000057707453746174757354696D41
:10C33C00656F757454696D657200000057707446B2
:10C34C0061756C744D6F6E69746F720057707450B8
:10C35C006F7765724374726C000000005770744301
:10C36C006F6C645374617274000000005750542059
:10C37C004D616E616765723A20436F6E66696747FF
:10C38C0070696F730A00000043616C6C2061206857
:10C39C00616C5F646163206D6574686F64207468A0
:10C3AC00617420636F6E666967206770696F730ACA
:10C3BC000000000043616C6C20612068616C5F7749
:10C3CC007074206D6574686F642074686174206388
:10C3DC006F6E666967206770696F730A00000000F2
:10C3EC0064697361626C656400000000616C726565
:10C3FC00616479206F666600575054204D616E6100
:10C40C006765723A20506175736557707420726558
:10C41C0061736F6E203078253032582C206D61732B
:10C42C006B206E6F77203078253032582C20636F5C
:10C43C00696C2025730A0000575054204D616E61C1
:10C44C006765723A20526573756D6557707420720A
:10C45C006561736F6E2030782530325820636C65BF
:10C46C00617265642C20636F696C2072652D656E3A
:10C47C0061626C6564206174206C6576656C202546
:10C48C00640A0000575054204D616E616765723A22
:10C49C0020526573756D6557707420726561736F8A
:10C4AC006E2030782530325820636C65617265647B
:10C4BC0020627574206D61736B207374696C6C20D1
:10C4CC003078253032582C20636F696C207374617E
:10C4DC007973206F66660A00575054204D616E6167
:10C4EC006765723A2053746F705770745363616E42
:10C4FC000A000000575054204D616E616765723A16
:10C50C002047657454656D70657261747572650A47
:10C51C0000000000575054204D616E616765723AFF
:10C52C0020476574436861726765537461747573F1
:10C53C000A000000575054204D616E616765723AD5
:10C54C00205374617475732070696E2076616C75FC
:10C55C00653A202564200A00575054204D616E61C5
:10C56C006765723A20537461727453746174757395
:10C57C0054696D656F757454696D65720A000000BD
:10C58C00575054204D616E616765723A2053746147
:10C59C0072745374617475734D6F6E69746F7269D4
:10C5AC006E670A00575054204D616E616765723A90
:10C5BC002053746F705374617475734D6F6E69741E
:10C5CC006F72696E670A0000575054204D616E619E
:10C5DC006765723A20537461727449706754656D63
:10C5EC0070657261747572654D6F6E69746F726986
:10C5FC006E6754696D65720A000000005750542034
:10C60C004D616E616765723A204661756C74206D80
:10C61C006F6E69746F72696E67206F6E6C7920280B
:10C62C00706F77657220636F6E74726F6C207469B3
:10C63C006D6572206E6F74207374617274656429F9
:10C64C000A000000575054204D616E616765723AC4
:10C65C002053746F7049706754656D7065726174A6
:10C66C007572654D6F6E69746F72696E6754696D22
:10C67C0065720A00575054204D616E616765723ABD
:10C68C002049504720746865726D6973746F72200D
:10C69C00726573697374616E63653A20256400007A
:10C6AC00575054204D616E616765723A2054656D28
:10C6BC00706572617475726520696E746572706FE5
:10C6CC006C6174696F6E206661696C6564202D20E5
:10C6DC00706F737369626C65206C6F6F6B75702013
:10C6EC007461626C65206F72646572696E67206933
:10C6FC007373756500000000575054204D616E61D6
:10C70C006765723A2053657450756C73655769642C
:10C71C0074685468726573686F6C64537465700ADE
:10C72C0000000000575054204D616E616765723AED
:10C73C0020456E61626C65577074207375707072F1
:10C74C0065737365642C206661756C74206D617300
:10C75C006B20307825303258207374696C6C2073E0
:10C76C0065740A00575054204D616E616765723ACA
:10C77C0020456E61626C655770740A0057505420E6
:10C78C004D616E616765723A20506F7765722063F8
:10C79C006F6E74726F6C2072657365742C206C658F
:10C7AC0076656C2025640A00575054204D616E61EB
:10C7BC006765723A2044697361626C655770740ADC
:10C7CC0000000000575054204D616E616765723A4D
:10C7DC00204D616E75616C2069646C65202D206341
:10C7EC006F696C206F66662C206C6576656C2025F5
:10C7FC00642C206661756C74206D6F6E69746F7239
:10C80C00696E67206F6E6C790A00000057505420D7
:10C81C004D616E616765723A20436F6C642073746E
:10C82C00617274206174206C6576656C2025642CB3
:10C83C00207374657070696E6720757020657665FD
:10C84C007279202564206D7320756E74696C20617B
:10C85C006E20495047206164766572746973656D0A
:10C86C00656E740A00000000575054204D616E61D3
:10C87C006765723A20436F6C642073746172742024
:10C88C0072616D7020656E646564206174206C65E6
:10C89C0076656C2025642C204950472061647665B0
:10C8AC0072746973696E670A000000005750542057
:10C8BC004D616E616765723A20436F6C64207374CE
:10C8CC006172742072616D70207374657020736B6B
:10C8DC0069707065642C206661756C74206D617371
:10C8EC006B20307825303258206F776E7320746847
:10C8FC0065206C6576656C0A00000000575054206A
:10C90C004D616E616765723A20436F6C642073747D
:10C91C006172742072616D7020686F6C64696E67EF
:10C92C00206174206D6178696D756D206C6576651C
:10C93C006C2025642C207374696C6C206E6F2049FC
:10C94C005047206164766572746973656D656E74A9
:10C95C000A000000575054204D616E616765723AB1
:10C96C0020436F6C642073746172742072616D70FB
:10C97C00207374657070696E6720757020746F20F9
:10C98C006C6576656C2025642C206E6F20495047B1
:10C99C00206164766572746973656D656E74207957
:10C9AC00657420286E657874207374657020696EC8
:10C9BC00202564206D73290A000000006E6F206131
:10C9CC0064766572746973656D656E740000000041
:10C9DC007374696C6C20686F74000000575054209D
:10C9EC004D616E616765723A20426C696E642074A9
:10C9FC006865726D616C2072657472792025642F84
:10CA0C002564206661696C65642028257329206182
:10CA1C0074206C6576656C2025642C2070617573B0
:10CA2C00696E6720616761696E0A00005750542077
:10CA3C004D616E616765723A204950472074686594
:10CA4C00726D6973746F722072656164696E6720B0
:10CA5C00696D706C61757369626C652028726566AE
:10CA6C003D2564206F75743D2564206F6673743D9D
:10CA7C002564206D56292C2069676E6F72656420C1
:10CA8C002D206E6F20746865726D616C2064656317
:10CA9C006973696F6E2074686973207469636B0ABB
:10CAAC0000000000575054204D616E616765723A6A
:10CABC00204950472054656D7065726174757265BC
:10CACC002025642E2530326420430A005750542010
:10CADC004D616E616765723A20746865726D207283
:10CAEC006177207265663D2564206F75743D256401
:10CAFC00206F6673743D2564206D560A000000009B
:10CB0C00575054204D616E616765723A20426C69D2
:10CB1C006E6420746865726D616C207265747279D4
:10CB2C0020636F6E6669726D65642C2049504720D6
:10CB3C0025642E2530326420432061742F62656C8D
:10CB4C006F7720256420432C20636F6E74696E759B
:10CB5C00696E67206174206C6576656C2025640AAB
:10CB6C00000000005B4D414E55414C5D2057415239
:10CB7C004E20746865726D616C3A204950472025CF
:10CB8C00642E253032642043203E3D202564204312
:10CB9C00207061757365207468726573686F6C645E
:10CBAC00202869676E6F726564290A0057505420FB
:10CBBC004D616E616765723A204950472074656D0E
:10CBCC0070657261747572652025642E253032642F
:10CBDC0020432072656163686564207061757365BC
:10CBEC00207468726573686F6C6420282564204318
:10CBFC00292C2070617573696E6720706F77657270
:10CC0C00207472616E736665720000005750542078
:10CC1C004D616E616765723A204950472073696CAB
:10CC2C00656E7420616674657220256420626C697F
:10CC3C006E6420746865726D616C207265747269C3
:10CC4C0065732C20656E64696E672063686172671A
:10CC5C00652073657373696F6E0000005750542024
:10CC6C004D616E616765723A204950472073696C5B
:10CC7C00656E7420666F72202564207469636B7313
:10CC8C002028256420696E20746865726D616C20A3
:10CC9C007061757365292C20626C696E64207265F5
:10CCAC007472792025642F2564206174206C65765C
:10CCBC00656C2025640A0000575054204D616E614C
:10CCCC006765723A204950472074656D70657261D2
:10CCDC00747572652025642E2530326420432061E2
:10CCEC00742F62656C6F7720726573756D65207437
:10CCFC0068726573686F6C64202825642043292052
:10CD0C006166746572202564207469636B732C20D2
:10CD1C00726573756D696E6720706F7765722074BC
:10CD2C0072616E7366657200575054204D616E616E
:10CD3C006765723A20495047206261747465727954
:10CD4C00204F565020666C61672061737365727456
:10CD5C0065642028434847315F4F56505F45525217
:10CD6C006E3D256420434847325F4F56505F455215
:10CD7C00526E3D25642C2030203D206661756C740C
:10CD8C0029206174206C6576656C2025642C2050FC
:10CD9C00474F4F443D2564202D206C6F67676564B9
:10CDAC00206F6E6C792C20636F696C20756E6166D8
:10CDBC006665637465640A00575054204D616E615A
:10CDCC006765723A204950472062617474657279C4
:10CDDC00204F565020666C61677320636C656172DE
:10CDEC0065642028434847315F4F56505F45525287
:10CDFC006E3D256420434847325F4F56505F455285
:10CE0C00526E3D256429206174206C6576656C201A
:10CE1C0025642C2050474F4F443D25640A000000E8
:10CE2C005B4D414E55414C5D205741524E206F7623
:10CE3C00703A2056524543545F4F56506E3D302049
:10CE4C006174206C6576656C2025642C20636861A8
:10CE5C007267656420746F2025642C206365696C8F
:10CE6C00696E672025642C2069676E6F7265640A91
:10CE7C0000000000575054204D616E616765723A96
:10CE8C002049504720726563746966696572204F4A
:10CE9C005650202856524543545F4F56506E3D30E5
:10CEAC0029206174206C6576656C2025642C2063C8
:10CEBC0068617267656420746F2025642C2063653B
:10CECC00696C696E672025642C2070617573696EBE
:10CEDC0067000000575054204D616E616765723ACF
:10CEEC00204950472073696C656E7420666F722000
:10CEFC002564207469636B7320696E204F56502033
:10CF0C0070617573652C207472656174696E67202D
:10CF1C006661756C7420617320636C656172656405
:10CF2C000A000000575054204D616E616765723ADB
:10CF3C002056524543545F4F56506E207374696CA3
:10CF4C006C203020616674657220256420746963DE
:10CF5C006B732C2073746179696E672070617573C3
:10CF6C0065640A00575054204D616E616765723AD2
:10CF7C002056524543545F4F56506E20636C65618A
:10CF8C00726564206166746572202564207469631F
:10CF9C006B732C20726573756D696E67206F6E658F
:10CFAC00207374657020646F776E206174206C65DB
:10CFBC0076656C2025640A00575054204D616E61D3
:10CFCC006765723A204661756C744D6F6E69746F4B
:10CFDC0072696E670A000000575054204D616E61F3
:10CFEC006765723A20506F77657220636F6E74724A
:10CFFC006F6C20736B69707065642C206661756C46
:10D00C0074206D61736B20307825303258206F7727
:10D01C006E7320746865206C6576656C0A00000080
:10D02C00575054204D616E616765723A20506F778E
:10D03C00657220636F6E74726F6C20626C616E6BC4
:10D04C006564206166746572206661756C7420720B
:10D05C006573756D652C202564206379636C65732D
:10D06C00206C6566740A0000575054204D616E6147
:10D07C006765723A20506F77657220636F6E7472B9
:10D08C006F6C20736B69707065642C206E6F206EF2
:10D09C0065772049504720616476657274697365C1
:10D0AC006D656E742073696E6365206C617374209A
:10D0BC00737465700A000000575054204D616E6106
:10D0CC006765723A20436C6F736564206C6F6F7088
:10D0DC00207374617274696E67206174206C65765C
:10D0EC00656C2025642028636F6C642D73746172E9
:10D0FC0074206C6576656C206B657074290A000071
:10D10C00575054204D616E616765723A20506F77AD
:10D11C00657220636F6E74726F6C206C6576656CD3
:10D12C003D25642070676F6F643D256420666C6FCD
:10D13C006F725F666F756E643D2564206F76705FED
:10D14C006365696C696E673D25642070676F6F64F9
:10D15C005F666C6F6F723D25640000005750542061
:10D16C004D616E616765723A20486F6C64696E67D9
:10D17C00206174206C6576656C2025640A000000C3
:10D18C00575054204D616E616765723A2050474F7D
:10D19C004F44207361746973666965642C207374E1
:10D1AC00657070696E6720646F776E20746F206C89
:10D1BC006576656C2025640A0000000057505420E9
:10D1CC004D616E616765723A2050474F4F44207332
:10D1DC006174697366696564206174206D696E6938
:10D1EC006D756D206C6576656C2C20666C6F6F723E
:10D1FC0020666F756E640A00575054204D616E6145
:10D20C006765723A2050474F4F44206C6F7720254A
:10D21C00642F2564206174206C6576656C20256410
:10D22C002C2077616974696E6720666F7220636F5A
:10D23C006E6669726D6174696F6E0A005750542086
:10D24C004D616E616765723A204E6F20766961623E
:10D25C006C6520706F776572206C6576656C202D1F
:10D26C00204F5650206365696C696E6720256420D9
:10D27C006174206F722062656C6F772050474F4F3E
:10D28C004420666C6F6F722025642E20436C616D98
:10D29C0070696E6720746F2025640000575054200D
:10D2AC004D616E616765723A2050474F4F44206C58
:10D2BC006F77206174206D6178696D756D206C6578
:10D2CC0076656C2025642C206E6F7468696E6720FF
:10D2DC006675727468657220746F20676976650A6A
:10D2EC0000000000575054204D616E616765723A22
:10D2FC002050474F4F44206C6F772C20737465700F
:10D30C0070696E6720757020746F206C6576656C23
:10D31C002025640A00000000575054204D616E61B6
:10D32C006765723A20496E69740A000057505420A0
:10D33C00506F72743A2045786563757465457665EF
:10D34C006E740A002F55736572732F616C65786269
:10D35C00616C6477696E2F4465736B746F702F4FBB
:10D36C0070656E4E657276652D4368617267657285
:10D37C002F4669726D776172652F536F7572636595
:10D38C002D436F64652F7372632F636F72655F6CCF
:10D39C00617965722F73646B2F6E7266352F6E52C6
:10D3AC0046355F53444B5F31372E312E305F64640A
:10D3BC0064653536302F65787465726E616C2F66D6
:10D3CC0072656572746F732F736F757263652F70EE
:10D3DC006F727461626C652F4D656D4D616E672F58
:10D3EC00686561705F312E63000000002F55736516
:10D3FC0072732F616C657862616C6477696E2F440F
:10D40C0065736B746F702F4F70656E4E65727665B9
:10D41C002D436861726765722F4669726D77617210
:10D42C00652F536F757263652D436F64652F73722F
:10D43C00632F636F72655F6C617965722F73646BB8
:10D44C002F6E7266352F6E5246355F53444B5F31EB
:10D45C00372E312E305F646464653536302F657835
:10D46C007465726E616C2F6672656572746F732F62
:10D47C00706F727461626C652F434D5349532F6EFC
:10D48C00726635322F706F72745F636D7369732EB1
:10D49C00630000002F55736572732F616C657862A1
:10D4AC00616C6477696E2F4465736B746F702F4F6A
:10D4BC0070656E4E657276652D4368617267657234
:10D4CC002F4669726D776172652F536F7572636544
:10D4DC002D436F64652F7372632F636F72655F6C7E
:10D4EC00617965722F73646B2F6E7266352F6E5275
:10D4FC0046355F53444B5F31372E312E305F6464B9
:10D50C0064653536302F65787465726E616C2F6684
:10D51C0072656572746F732F736F757263652F719B
:10D52C00756575652E6300002F55736572732F61D9
:10D53C006C657862616C6477696E2F4465736B748B
:10D54C006F702F4F70656E4E657276652D436861F6
:10D55C00726765722F4669726D776172652F536FB2
:10D56C00757263652D436F64652F7372632F636FE0
:10D57C0072655F6C617965722F73646B2F6E726666
:10D58C00352F6E5246355F53444B5F31372E312E5B
:10D59C00305F646464653536302F65787465726EFF
:10D5AC00616C2F6672656572746F732F736F757211
:10D5BC0063652F7461736B732E63000049444C4593
:10D5CC0000000000546D7251000000002F5573656F
:10D5DC0072732F616C657862616C6477696E2F442D
:10D5EC0065736B746F702F4F70656E4E65727665D8
:10D5FC002D436861726765722F4669726D7761722F
:10D60C00652F536F757263652D436F64652F73724D
:10D61C00632F636F72655F6C617965722F73646BD6
:10D62C002F6E7266352F6E5246355F53444B5F3109
:10D63C00372E312E305F646464653536302F657853
:10D64C007465726E616C2F6672656572746F732F80
:10D65C00736F757263652F74696D6572732E6300D9
:10D66C00546D72205376630000000000000000002F
:10D67C00F97702000000000000000000C1780200F1
:10D68C00157902003F790200000000000000000044
:10D69C00CD790200CB7902001D7A02000000000057
:10D6AC0000000000517A0200617B0200BD7A02008A
:10D6BC000000000000000000A57B02004D7C020071
:10D6CC00C17B02000000000000000000817C020011
:10D6DC00697C0200C57C0200000000000000000014
:10D6EC007D7D0200C37D02007F7D020000000000F2
:10D6FC0000000000D17D02000000000000000000CE
:10D70C00000000000000000000000000BD830200CB
:10D71C00BF830200000000000000000000000000B9
:10D72C00C1830200010006005A62020001010000E0
:10D73C0003000200000000000000000000000000D8
:10D74C00000000000000000000000000CD89020075
:10D75C00278A02000F0000010001020304050608DD
:10D76C00090A0B0000000002010000000B00000081
:10D77C000000000029000000280000000800000044
:10D78C00000000000338FDD8704700000E000000B8
:10D79C00010000000100000000000000000000007B
:10D7AC00000000000EFFFFFF060000001400000048
:10D7BC0000010203040506000000000000300040D8
:10D7CC0000000000010000000100000000400040CB
:10D7DC000100000001000000008000400004000077
:10D7EC00009000400104000000A000400204000072
:10D7FC0000A001400306000000B001400406000038
:10D80C0000000306000000002E31010001020000A0
:10D81C002E31010001010000000000000100000099
:10D82C000100FFFF000000000100000001000100EA
:10D83C0034D803000100010030D8030049BC0200B9
:10D84C00C1A2020089BD020049CC020091A60200CF
:10D85C00E5A202007365635F6B65797365745F663F
:10D86C00696C6C00FFFFFFFF0006FF00000000402A
:10D87C0000000000000000500003005025E90200E9
:10D88C0039E902004DE902000000FFFFDEC0ADDE09
:10D89C00FE011EF1DEC0ADDEFF011EF13031323370
:10D8AC003435363738394142434445466E72665FEB
:10D8BC006673746F726167655F6572617365000092
:10D8CC006E72665F6673746F726167655F7772699B
:10D8DC007465000000000000C09F03000100000000
:10D8EC00CC9F030002000000EC9F0300030000002B
:10D8FC0010A003000400000024A003000500000099
:10D90C0038A00300060000004CA003000700000034
:10D91C0064A00300080000007CA0030009000000C4
:10D92C0094A003000A000000B0A003000B0000004C
:10D93C00C8A003000C000000E0A003000D000000D4
:10D94C00F4A003000E00000008A103000F0000006B
:10D95C0018A10300100000002CA10300110000000E
:10D96C0044A103001200000054A1030013000000A6
:10D97C006CA103008000000080A103008100000066
:10D98C00A4A1030082000000C0A1030083000000DA
:10D99C00DCA1030084000000FCA103008500000052
:10D9AC0020A203008600000048A2030090000000A3
:10D9BC0060A203009100000080A20300920000000E
:10D9CC00A0A2030000820000B8A2030001820000A4
:10D9DC00D8A2030002820000F4A20300008400001D
:10D9EC0010A303000184000034A303000284000090
:10D9FC0060A303000384000088A30300556E6B6EC4
:10DA0C006F776E206572726F7220636F64650000B1
:10DA1C00000000000338FDD870470000610D0300C2
:10DA2C005F0D03005D0D0300905100207F0000008E
:10DA3C007851002044A5030070A5030024A5030021
:10DA4C0078A5030080A5030088A5030090A503001A
:10DA5C0098A50300A0A503000000000044B2030039
:10DA6C00A8A50300B0A50300B8A50300247B030000
:10DA7C00347B030008000000147B0300247B0300AC
:10DA8C00080000000C7B0300147B0300080000005E
:10DA9C0001000007DC7A03000C7B03000800000087
:10DAAC00CC7A0300DC7A03000800000000000000C0
:10DABC00000000009F210300A1210300A32103000B
:10DACC000000000000000000D32103000522030029
:10DADC00DB2103000000000000000000C1830200F5
:10DAEC0000000000000000003525030000000000CD
:10DAFC000000000011260300112703003D2603003F
:10DB0C0000000000000000003D2703000528030072
:10DB1C00692703000000000000000000312803000A
:10DB2C0055280300792803000000000000000000C5
:10DB3C00C18302000300020000000000000000008E
:10DB4C001D2D030000000000000000005D3C0300E0
:10DB5C00393C0300893C0300000000000000000079
:10DB6C00F53D0300193E03003D3E0300000000009C
:10DB7C0000000000C1830200000000000000000053
:10DB8C00AD3F0300893F0300D93F030000000000B4
:10DB9C0000000000294103004D41030071410300C6
:10DBAC00070000000000000000000000030000005F
:10DBBC000000000000000000050000000100000053
:10DBCC000100000001000000000000000000000047
:10DBDC002F00000001000000010000000300000005
:10DBEC00000000000000000014000000C0ED010067
:10DBFC0019000000A08601001E000000E63601009E
:10DC0C002800000078C8000032000000FE830000ED
:10DC1C0000000000000000009D540300EDAF162032
:10DC2C004A62304029BD56B31544E9BF77900D9C2C
:10DC3C00FE0B88C07E2615FA838073400FCE674B8F
:10DC4C0080D541C05CDC03008CDD030060DC03008C
:10DC5C0043000000F77203001773030023730300E3
:10DC6C002F7303004F7303005B730300C372030035
:10DC7C008F72030053756E004D6F6E005475650006
:10DC8C0057656400546875004672690053617400EE
:10DC9C00004A616E00466562004D6172004170720F
:10DCAC00004D6179004A756E004A756C00417567CC
:10DCBC0000536570004F6374004E6F7600446563CB
:10DCCC0000002E000053756E646179004D6F6E6418
:10DCDC0061790054756573646179005765646E658C
:10DCEC00736461790054687572736461790046726B
:10DCFC006964617900536174757264617900004ADA
:10DD0C00616E756172790046656272756172790037
:10DD1C004D6172636800417072696C004D617900ED
:10DD2C004A756E65004A756C790041756775737438
:10DD3C000053657074656D626572004F63746F6239
:10DD4C006572004E6F76656D626572004465636541
:10DD5C006D6265720000414D00504D0000256D2F25
:10DD6C0025642F25790025483A254D3A2553002561
:10DD7C0061202562202565202554202559000000AE
:10DD8C00CEDC0300D0DC0300D0DC0300D0DC0300CD
:10DD9C00D0DC0300D0DC0300D0DC0300D0DC0300BB
:10DDAC00D0DC0300D0DC0300FFFFFFFFFFFFFFFF11
:10DDBC00FFFFFFFFFFFF0000D1DC030080DC03004E
:10DDCC000BDD03009DDC030062DD030069DD030055
:10DDDC0072DD03007BDD030020202020202020208A
:10DDEC0020682828282820202020202020202020BF
:10DDFC00202020202020202048101010101010105F
:10DE0C001010101010101010848484848484848466
:10DE1C008484101010101010108181818181810177
:10DE2C0001010101010101010101010101010101D6
:10DE3C000101011010101010108282828282820265
:10DE4C0002020202020202020202020202020202A6
:10DE5C000202021010101020000703200417020108
:10DE6C0008571040805F5F6378615F67756172640B
:10DE7C005F6163717569726520646574656374654F
:10DE8C00642072656375727369766520696E697456
:0BDE9C0069616C697A6174696F6E0047
:10DEA80005010000070000000090D003181818189A
:10DEB800181818181800000000000000FF000000E3
:10DEC800102700000101FFFFFF01000050DC0300E4
:10DED80050DC030050DC030050DC030050DC03007E
:04000003200072194E
:00000001FF
