:020000022000DC
:10700000000004201972020001720200ADFD0200AE
:1070100005720200077202000972020000000000FF
:1070200000000000000000000000000061500300AC
:107030000D72020000000000815003001172020076
:1070400019D1020013720200D5D70200B5E8020080
:10705000C9E8020013720200F9D6020085DF0200BF
:107060009DEB0200B5EB0200CDEB020013720200B3
:1070700013720200137202001372020013720200F4
:1070800013720200C952030013720200137202004D
:1070900013720200137202001D210300137202001A
:1070A0001372020013720200E5EB0200FDEB020016
:1070B00071DE0200137202000000000000000000F8
:1070C000137202001372020013720200DDE8020064
:1070D0001372020013720200137202001372020094
:1070E000137202001372020013720200000000000B
:1070F0000000000013720200000000001372020082
:10710000000000000000000000000000000000007F
:10711000000000000000000000000000000000006F
:10712000000000000000000000000000000000005F
:10713000000000000000000000000000000000004F
:10714000000000000000000000000000000000003F
:10715000000000000000000000000000000000002F
:10716000000000000000000000000000000000001F
:10717000000000000000000000000000000000000F
:1071800000000000000000000000000000000000FF
:1071900000000000000000000000000000000000EF
:1071A00000000000000000000000000000000000DF
:1071B00000000000000000000000000000000000CF
:1071C00000000000000000000000000000000000BF
:1071D00000000000000000000000000000000000AF
:1071E000000000000000000000000000000000009F
:1071F000000000000000000000000000000000008F
:10720000FEE7FEE7FEE7FEE7FEE7FEE7FEE7FEE756
:10721000FEE7FEE700F002B8FFF7FCBF0F484FF0B3
:107220000701884385460E4880470E48016841F4AF
:1072300070010160BFF34F8FBFF36F8F00F01AB87A
:1072400009480A490A4A884207D0521A05D00378E9
:1072500001300B700131013AF9D170470000042070
:107260007995020088ED00E000750300082B0020EE
:107270001C2B00203A493B480A1A02D007229143AE
:107280008D46394939480A1A06D00722914381F3BD
:107290000988022282F3148835483649364A00F0BC
:1072A00041F836483649374A00F03CF83648374905
:1072B000374A00F037F837483749384A00F032F893
:1072C00037483849384A00F02DF838483849394AA3
:1072D00000F028F838483949394A00F023F839488D
:1072E0003949002200F036F838483949002200F0C8
:1072F00031F838483849091A0FF082FF374A904769
:1073000025482649884205D00268043003B49047D6
:1073100003BCF7E700208646EC4600200021304AF7
:107320009047FEE7884214D0521A12D003460B430E
:1073300013430324234206D1036804300B60043155
:10734000043AF9D17047037801300B700131013AEA
:10735000F9D17047884202D002700130FAE77047D5
:107360000000042000F80320000004200000042096
:1073700028DA03001C2B0020602B0020E47302009D
:10738000E47302008A73030028DA03001C2B002038
:107390001C2B0020147503001475030024750300D2
:1073A000147503001475030014750300247503009D
:1073B0002475030027DA03006CDA0300602B002039
:1073C000602B0020602B0020E07F0020E07F002069
:1073D000E07F0020E07F0020E08300204172020077
:0473E00049680300F5
:1073E400BFF34F8F0549CA6802F4E062044B1343AC
:1073F400CB60BFF34F8F00BFFDE700BF00ED00E09F
:107404000400FA0510B5044600F046FD22460D219D
:10741400012000F04BFF10BD10B5044600F03CFD08
:1074240022460821012000F041FF10BD10B504469A
:1074340000F032FD22460F21012000F037FF10BD7D
:1074440010B5044600F028FD22460E21012000F06C
:107454002DFF10BD08B500F01FFD002210210120F2
:1074640000F03AFF08BD08B500F016FD0022112116
:10747400012000F031FF08BD08B501212F2001F0E3
:1074840028FC0021142001F024FCFFF7A9FF0000D0
:1074940038B5044603461F4A43F8142B43600023BF
:1074A4008360C3601C4B03611C4B03601C4D45612E
:1074B40080611C4BC3611C4B4361056240621B4BE2
:1074C40083621B4B03620CF0AFFCE06225636463D0
:1074D400184BA363184B23630CF0A6FCE0632564EC
:1074E4006464164BA364164B2364E5642465154B4E
:1074F4006365154BE3640CF097FCA065E5652466B1
:10750400124B6366124BE3650CF08EFCA0662046BA
:1075140038BD00BF34D203002475030084D10300B6
:1075240020D2030028750300A4D10300387503009A
:1075340090D1030058750300CCD1030040750300BB
:10754400F4D1030048750300E0D103006075030023
:10755400B8D10300034600F114020848026003F1A5
:107564002002426003F13002826003F14002C260F3
:1075740003F14C0202615C3343617047602B0020CD
:107584002DE9F04F8DB0059000F086FC06AC674DF8
:107594000FCD0FC495E8030084E80300644C654BE9
:1075A400E41AE408240444F00304634920460AF07E
:1075B400F3F8624920460AF0EFF89DF81820604974
:1075C40020460AF0EFF89DF819205E4920460AF09B
:1075D400E9F89DF81A8042465B4920460AF0E2F831
:1075E4009DF81B609DF81C303246584920460AF02D
:1075F400E3F89DF81D709DF81E303A465449204624
:107604000AF0DAF8534920460AF0C6F8BDF82020FB
:10761400514920460AF0C6F8BDF822204F492046B9
:107624000AF0C0F8BDF824204D4920460AF0BAF803
:107634000A9D1FFA85FA4FEA154B5D465B46524692
:10764400484920460AF0B8F8474920460AF0A4F809
:10765400DDF82C905FFA89F2444920460AF0A2F83A
:10766400C9F30722424920460AF09CF8C9F30742AD
:10767400404920460AF096F8B8F1010F14BF0023E0
:107684000123012E21D00022012F26D00021B8F1A0
:10769400010F05D1BAF57A7F27D2B5F57A7F26D2C4
:1076A400CDF808B0CDF804A000933B4632463249E9
:1076B40020460AF0A8F80DF039FC059A09210220A9
:1076C40000F0F4FD0DB0BDE8F08F41F203029245E5
:1076D40001D80022D8E70122D6E741F203018D4206
:1076E40001D80021D3E70121D1E7002AD8D0B5F58C
:1076F4007A7F01D30029D3D0CDF808B0CDF804A007
:1077040000933B4632461D4920460AF07CF80DF0B2
:107714000DFC059C22460B21022000F0C7FD2246E9
:107724000C21012000F0C2FDCCE700BFAC550020C5
:107734005874030008740300687503008C75030013
:10774400A4750300C8750300EC75030018760300E4
:1077540050760300887603009C760300B476030019
:10776400C8760300DC760300107703002477030057
:107774003C7703005877030074770300C87703004D
:1077840010B5044600F088FB2046FFF7F9FE2246B8
:107794000921012000F08AFD10BD000010B50BF096
:1077A4004BF80446074A032100F07AFD064A0821F3
:1077B400204600F075FD054A0721204600F070FDC3
:1077C40010BD00BF09740200857702001D74020019
:1077D40010B50DF0ABFB0446044A052100F060FD32
:1077E400034A0D21204600F05BFD10BD31740200F8
:1077F4004574020008B5FFF7D1FFFFF7E9FF01F078
:107804006BF8254B1B68BFF35B8F13F0010F15D08A
:10781400224B1B68BFF35B8F13F0010F1DD0204B6D
:107824001B68BFF35B8F13F0010F25D001F0E4FA5E
:1078340001F0A6FA014601F0EAFB08BD16480FF074
:1078440085FD0028E4D00023164A1321164800F0D1
:10785400F9FF11480FF08EFDDAE710480FF076FDBE
:107864000028DCD00023114A0D21114800F0EAFF62
:107874000A480FF07FFDD2E709480FF067FD0028A2
:10788400D4D000230B4A11210B4800F0DBFF04483D
:107894000FF070FDCAE700BF982B0020882B002052
:1078A400782B0020597402009C2B00206B7402007A
:1078B4008C2B00207D7402007C2B002010B5044624
:1078C4000BF0B8FB00220321042000F0EFFC0D4B69
:1078D4000D4A9B1ADB081B040C4943F0030009F012
:1078E4005BFF01F04DFA012101F0B9FB0DF01EFB25
:1078F40000220321022000F0D9FCE0680CF040FCD7
:1079040010BD00BF58740300087403001C78030002
:1079140008B50AF091FF00220621032000F0C6FCFE
:107924000DF004FB00220721022000F0BFFC01F04F
:1079340027FA002101F093FB08BD70B50C46466898
:107944003046FFF707FE0546A1B203390F290DD8CB
:10795400DFE801F0170C0C0C0C1C0C0C0C0D0C24A7
:107964000C082E29C168304600F007FD70BD01F0F7
:1079740007FA012101F09CFBE968304600F0FDFCA8
:10798400F4E7C168304600F0F8FCEFE70AF054FF72
:1079940000220421032000F089FCE7E7C168304697
:1079A40000F0EBFCE2E74169304600F0E6FCDDE77D
:1079B40001F09CF801F0B4F80028D7D101F096F852
:1079C40001F0B0F8D2E7704708B51048104BC01A60
:1079D400C00800040F4940F0030009F0DDFE0AF07E
:1079E4002BFF00220221032000F060FC0DF09EFA20
:1079F40000220221084600F059FC0BF01BFB002278
:107A04000221042000F052FC08BD00BF587403009A
:107A1400087403003878030038B50C4645682846D6
:107A2400FFF798FDA1B20D290BD011290DD101F05A
:107A34005DF801F075F840B901F058F801F072F8FA
:107A440003E0C168284600F098FC38BD10B50BF07F
:107A5400F1FC0BF0EFFA00220321042000F026FCD5
:107A64000AF0EAFE00220421032000F01FFC0DF0BE
:107A74005DFA00221121022000F018FC01F080F9C7
:107A8400044605230022014601F038FA2146204627
:107A940001F09AFA0548064BC01AC00800040549CB
:107AA40040F0020009F078FE10BD00BF58740300D6
:107AB400087403006878030070B50C4646683046C5
:107AC400FFF748FDA1B203390E2918D8DFE801F009
:107AD4000817171717231717172B1717171833001B
:107AE40005461A481A4BC01AC0080004194940F048
:107AF400020009F051FEE968304600F03EFC70BD1A
:107B04001248134BC01AC0080004134940F0020085
:107B140009F042FEF3E70AF08FFE0022042103205D
:107B240000F0C4FBEBE70AF087FE002204210320E7
:107B340000F0BCFBE3E700F0D9FF00F0F1FF002800
:107B4400DDD100F0D3FF00F0EDFFD8E75874030057
:107B540008740300B4780300E478030010B5044605
:107B64000BF030FBE0680CF03FFB0DF0DFF9002276
:107B74000721022000F09AFB0AF05EFE0022062193
:107B8400032000F093FB0BF055FA00220421084671
:107B940000F08CFB01F0F4F8014601F038FA10BD56
:107BA40008B50AF049FE00220421032000F07EFB00
:107BB40001F0E6F8012101F03EFA08BDF8B50546EA
:107BC4000C4647683846FFF7C5FC06461B4B1C4A63
:107BD4009B1ADB081B0422461A4943F0030009F0F0
:107BE400E1FDA4B2083C0A2C0ED8DFE804F0060E2E
:107BF4000D0D0D0D0D0D0D1B1600E8680CF0F4FABB
:107C04003169384600F0B9FBF8BDE8680CF0B8FA01
:107C14007168384600F0B1FBF6E77169384600F048
:107C2400ACFBF1E700F062FF00F07AFF0028EBD133
:107C340000F05CFF00F076FFE6E700BF5874030035
:107C4400087403003479030008B50DF06FF90022BD
:107C54000321022000F02AFB01F092F8002101F038
:107C6400EAF908BD08B542F210700AF095FC01F07B
:107C740087F8002101F007FA08BD08B547F2305033
:107C84000AF08AFC0AF0D8FD00220421032000F047
:107C94000DFB0DF04BF900220C21022000F006FB35
:107CA4000BF0C8F900220321042000F0FFFA01F0D0
:107CB40067F8012101F0E7F908BDF8B505460C465F
:107CC40047683846FFF746FC0646A1B208390A2938
:107CD40023D8DFE801F00623222222222B2222438A
:107CE4003E000AF0A9FD00220621032000F0DEFA7E
:107CF400E8680CF079FA0DF019F900220721022046
:107D040000F0D4FA0BF096F900220421084600F0A2
:107D1400CDFAF168384600F030FBF8BDE8680CF0A5
:107D24002FFA7168384600F028FBF6E70DF0FEF8EC
:107D340000220721022000F0B9FA0BF07BF900229F
:107D44000421084600F0B2FAF168384600F015FB49
:107D5400E3E74169384600F010FBDEE700F0C6FEB9
:107D640000F0DEFE0028D8D100F0C0FE00F0DAFEFC
:107D7400D3E7704738B50C4645682846FFF7EAFB59
:107D8400A1B211290DD0122906D0102903D181687E
:107D9400284600F0F2FA38BD4169284600F0EDFAB1
:107DA400F9E700F0A3FE00F0BBFE0028F3D100F0D9
:107DB4009DFE00F0B7FEEEE708B500F0E1FF0146D6
:107DC40001F025F908BD38B50C46154600F064F8F5
:107DD4002A46214600F6EC1000F0C7FA38BD000030
:107DE40010B5044600F048FA014B2360204610BD4C
:107DF40008D2030038B5134B1A6801321A60124CCA
:107E0400124BE41AE408240444F003041049204605
:107E140009F0C8FC0CF008F805460CF0EFF8B5F9C9
:107E240004200C49204609F0BDFC0AF02DFF05464C
:107E34000BF046F8B5F900200749204609F0B2FCDA
:107E440038BD00BFA82B0020587403000874030039
:107E54005C790300707903009479030010B582B053
:107E6400044600F022F904F51960FFF7B9FF04F69F
:107E7400EC10FFF70DFB064B0093012341F288320F
:107E8400044904F6582000F0A3FA204602B010BDBD
:107E9400F97D0200B479030008B50A4B1B68BFF3EF
:107EA4005B8F13F0010F01D0074808BD05480FF0A0
:107EB4004DFA0028F8D00448FFF7D0FF01480FF02E
:107EC40059FAF1E7AC2B0020B02B002010B582B09A
:107ED400044600F0ABF9194A0421204600F0FAF8F0
:107EE4002246012104F5196000F0CEF90BF0A2F846
:107EF4000BF0BAF80DF01AF80DF032F80AF09CFC09
:107F04000AF0B4FC04F6EC1000F04BFA04F6582026
:107F140000F078FA0BF0D8F809480A4BC01AC008E8
:107F24000004094B0193002200920123074940F009
:107F3400030009F059FC02B010BD00BFC47903006E
:107F44005874030008740300047A0300D87903000A
:107F540008B500F029F908BD032824D8012A06D061
:107F640001290CD0022910D0B1B107207047012992
:107F740001D00022F4E700F10E02D2B2F0E700EBE8
:107F840040000A4B1A540020704700EB4000074B96
:107F940003445A700020704700EB4000034B034435
:107FA4009A70002070470720704700BF3C360020BD
:107FB40008B5012200210846FFF7CEFF10B10346A1
:107FC400072812D1072202210120FFF7C5FF03462B
:107FD40008B1072809D1042202210020FFF7BCFFC1
:107FE400034610B1072800D10023184608BD08B580
:107FF400012202210020FFF7AFFF10B1034607283A
:1080040012D1072202210120FFF7A6FF034608B17F
:10801400072809D10A2200210846FFF79DFF0346DD
:1080240010B1072800D10023184608BD08B50388FD
:10803400102B0ED0112B13D10F4A1368013B136080
:1080440073B9FFF7D4FF58B10C4B1B6843B1984781
:1080540006E0094B1B6823B1074A13680133136018
:1080640008BDFFF7A5FF0028F6D0044B1B68002BC2
:10807400F2D09847F0E700BF483600204C36002085
:1080840010B584B004464FF0FF3201A9D4F8F408C7
:108094000DF0AEFB0128F6D101980028F3D0036857
:1080A4001B68039A02999847EDE738B50446002502
:1080B400C0F8F058C0F8F4585022294600F6F800E9
:1080C4000FF014F94822294604F648100FF00EF96F
:1080D400204638BD10B584B004460B46114600F165
:1080E400F00200F6F80002900192009323464FF448
:1080F400007209480DF0F2FDC4F8F0080023009363
:1081040004F6481322460C2114200DF01DFAC4F87D
:10811400F40804B010BD00BF8580020000B585B02E
:1081240001910292039300231A4601A9D0F8F4089E
:108134000DF04AFA05B05DF804FB000000B585B007
:10814400019102920393002300936A4601A9D0F897
:10815400F4080DF0F1FA009B43B1064B4FF0805246
:108164005A6040BFBFF34F8FBFF36F8F05B05DF808
:1081740004FB00BF00ED00E0034B0360034B0B6006
:1081840080231360704700BFA0400020A03E002061
:10819400034B0360034B0B604FF400731360704791
:1081A400503E00205036002008B50DF0D9FDFEE702
:1081B40010B50E4C0E4BE41AE40824040D4944F0A7
:1081C400020009F0E9FA4FF40041002009F0C8F870
:1081D40008F0C0FF44F003040749204609F0DCFA24
:1081E4000649204609F0D8FA10BD00BF58740300B0
:1081F40008740300147A0300347A0300547A0300E9
:1082040008B503E009F05EF9034B1870024B1B78C4
:10821400002BF7D108BD00BF1C2B002008B5FFF7C9
:10822400EFFF08BD08B504F06BFD08BD30B589B09B
:10823400FFF7F8FFFFF7BCFF0024DCB109B030BD45
:1082440004F01F0343EA451302930023039301221E
:10825400049205930693079308AB13E903008DE892
:10826400030002AB0FCB00F055FD0135002DE7D024
:108274000134E2E72546F9E7024A0260002202716E
:108284008260704714D203004B1EDBB2092B04D862
:108294000171024B43F8210082607047F0400020D6
:1082A400023100EB810042607047000000F1FF3CA6
:1082B4005FFA8CFCBCF1090F00D9704708B5054B77
:1082C40053F8200013460A4601468068FFF726FF4C
:1082D40008BD00BFF040002000F1FF3C5FFA8CFCB9
:1082E400BCF1090F00D9704708B5054B53F82000BD
:1082F40013460A4601468068FFF720FF08BD00BF09
:10830400F040002038B505460C468B1C00EB830377
:108314005B688BB1002098470E4B0F4AA3EB020C0D
:108324004FEADC0C4FEA0C4C2B7922460B494CF0FB
:10833400040009F041FA38BD0648074BC01AC008CA
:1083440000042B790A46064940F0040009F034FA87
:10835400F1E700BF5874030008740300687A03004F
:10836400947A0300704770477047406820B108B59D
:1083740003689B68984708BD704738B504460D46A6
:10838400406803685B6898476368A36065602B680E
:108394001B682846984738BDC068003818BF0120BC
:1083A400704710B5044603681B6898472046FFF7DA
:1083B400F3FF20B1E368A36063600023E3606068B7
:1083C40003681B68984710BD4368986870470000AD
:1083D40030B583B00446084611461A46069B6360CE
:1083E4008902074DA5FB015104F10805019500938D
:1083F400002389090EF048F82060204603B030BD00
:10840400D34D621030B583B0056865B10DF0F6FC4C
:108414000246002400942346012128460EF060F809
:10842400204603B030BD0120FBE730B583B00546DC
:10843400006898B10A4600240094234604210EF0F3
:108444004FF82D680DF0DAFC024600942346012112
:1084540028460EF045F8204603B030BD0120FBE766
:10846400006850B100B583B0002200921346032186
:108474000EF036F803B05DF804FB704730B583B0F6
:108484000546006898B10A46002400942346092151
:108494000EF026F82D680DF0B7FC02460094234632
:1084A400062128460EF01CF8204603B030BD0120FA
:1084B400FBE7006850B100B583B000220092134678
:1084C40008210EF00DF803B05DF804FB7047704707
:1084D40010B503681B681878044C01382146C0B2F3
:1084E40005F0ECFEB4F9000010BD00BF22410020ED
:1084F40030B589B001900C460178254B00221A70E2
:108504005A709A70DA70022018715A719A71D9717E
:108514001A722049204805F00BFE58B9019B1878BF
:1085240001381B49C0B205F065FE40B901AB0293A6
:1085340003AD0EE0194A262106F09AFBEEE7174A2E
:10854400272106F095FBF1E702A8FFF7C1FF25F804
:10855400020B08AB9D42F7D1002303AA02E032F9D3
:10856400021B0B4408A98A42F9D10D4A82FB03126B
:10857400DB17C3EBA2031BB2C3EB0313C3EB03135D
:108584009B09238005F0F8FF002009B030BD00BF2F
:1085940018410020D384020038D20300C07A0300BB
:1085A4006766666608B5094B1B68BFF35B8F13F0FB
:1085B400010F01D0064808BD04480EF0C7FE00288C
:1085C400F8D002480EF0D6FEF4E700BF28410020A0
:1085D4002C41002030B583B00446002540F8045BEC
:1085E400074A00942B4606CA00F0F6FD20222946CD
:1085F40004F144000EF07AFE204603B030BD00BF03
:108604003CD2030010B51048104BC01AC008000437
:108614000F4940F0030009F0BFF8FFF7C3FF0D4C0A
:1086240021460D48FFF764FF0AF02EFBB4F9003031
:1086340040F2145202FB03F3084A82FB0312DB17D5
:10864400C3EBA213038010BD587403000874030025
:108654001C7B030024410020202B0020D34D6210FA
:1086640008B5FFF7CFFF08BD08B50278094B1A70AB
:10867400094A5A60436843B1996911609B8B93809E
:10868400064B1B680348984708BD034B00221A6039
:108694009A80F5E738410020304100205041002005
:1086A4007047000008B50A480A4BC01AC008000405
:1086B400094940F0030009F06FF8084802F0C0FCD3
:1086C40000B908BD064A2E2106F0D2FAF9E700BF28
:1086D40058740300087403003C7B030054410020D9
:1086E4004C7B030008B502F0C3FB08BD00B583B0A2
:1086F40009F06CFC68B90023019301A9012009F079
:108704005BFD58B901A809F025FE60B903B05DF816
:1087140004FB074A3B2106F0ABFAECE7044A3F218D
:1087240006F0A6FAEEE7024A422106F0A1FAEDE7C6
:108734004C7B0300084B4FF4FA725A804FF47A7260
:108744009A800022DA80197862F382011970C9B222
:1087540062F3C401197070474041002000B585B030
:1087640000230093019302930393084B0093084A58
:108774006946084802F023FC10B905B05DF804FB13
:10878400054A5C2106F074FAF7E700BF4041002077
:108794006D860200544100204C7B030008B5044B55
:1087A4001860FFF7A3FFFFF7C5FFFFF7D7FF08BD6A
:1087B4005041002038B50446002313E01B4B53F806
:1087C40025309B6803B1984719481A4BC01AC00852
:1087D40000042246184940F0030008F0E3FF24E0B7
:1087E4000133DBB2154A12789A421ED91D460F4A4C
:1087F40052F82320002AF3D01268A242F0D1204676
:1088040004F064FF0028D9D1084B53F825305B6885
:1088140003B198470648074BC01AC0080004224613
:10882400074940F0030008F0BDFF38BDC0410020F7
:108834005874030008740300BC7B0300BC4100208F
:10884400A87B030030B583B00446016042608360B6
:10885400194B1B78022B23D80D46184B1B68ADF817
:1088640004301B0C8DF8063003238DF80530144AB0
:1088740001A9284604F06CFE68B90121284604F0D9
:10888400BFFE0D4A1378591C11700E4A42F823405A
:10889400204603B030BD0C4A242106F0E9F9ECE788
:1088A4000A480B4BC01AC00800040322094940F0CF
:1088B400010008F077FFEBE7BC41002044D203003D
:1088C400B9870200C0410020D07B03005874030024
:1088D40008740300307C030008B500F0E7F908BD14
:1088E40010B50446054B0360054B0360054B1B683C
:1088F4004360083000F068F8204610BD50D20300F1
:1089040060D2030068D203000804034BA3FB0030C9
:10891400C0F30F30704700BF5917B7D108B50A43E9
:108924000221083000F098F808BD08B500220321A0
:10893400083000F091F808BD08B50A430421083056
:1089440000F08AF808BD08B50A220521083000F0B5
:1089540083F808BD10B50446FFF7F5FF4FF47042E5
:1089640011462046FFF7DAFF2046FFF7DEFF0F220D
:1089740000212046FFF7E0FF10BD022905D003299E
:1089840005D0012905D108207047092070470A2025
:1089940070470720704738B504461546FFF7EDFFCA
:1089A40001462A4604F1080000F056F838BD38B5EF
:1089B40004460D461146FFF7A7FF02462946204606
:1089C400FFF7E9FF38BD000030B58FB00446174B00
:1089D400844693E80700ACE803002CF8022B120C41
:1089E4008CF80020012284F84C220DF11C0E03F1B6
:1089F4000C0CBCE80F00AEE80F009CE807008EE802
:108A0400070004F10C05002304930EAB13E90F00D7
:108A14008DE80F0007AB0ECB284600F075FB284607
:108A240000F066FB20460FB030BD00BF6CD20300DF
:108A340023B90170130A437082707047012BF9D176
:108A440041F080010170F5E703780B7043784B70B7
:108A540083788B707047000010B582B00446002301
:108A6400415C01A8FFF7E4FF694601A8FFF7ECFFAA
:108A740000210B2000F02DF90322694604F10C00BB
:108A840000F08EFB044601210B2000F022F90CB902
:108A940002B010BD0548064BC01AC00800040549C1
:108AA40040F0010008F078FEF2E700BF58740300BC
:108AB40008740300547C0300BFF34F8F0549CA6850
:108AC40002F4E062044B1343CB60BFF34F8F00BF4B
:108AD400FDE700BF00ED00E00400FA053CDF70474D
:108AE4003DDF7047002202707047000008B50A4B52
:108AF4001B68BFF35B8F13F0010F01D0074808BD5B
:108B040005480EF023FC0028F8D00448FFF7EAFFDC
:108B140001480EF02FFCF1E7CC410020D0410020A9
:108B24000078704770B50646164C174BE41AE408F3
:108B3400240444F002051549284608F02DFE4FF0A0
:108B4400FF310020FFF7CCFF60B9B1210020FFF70F
:108B5400C5FF024668B10E4944F0010008F022FE48
:108B6400002070BD02460B4944F0010008F01AFED3
:108B7400F6E7012333700849284608F00DFEFFF795
:108B84009BFF00BF5874030008740300747C030047
:108B9400C07C0300A07C0300E07C030010B5044605
:108BA40003685A0904D0012A13D14FF6FF7201E079
:108BB4004FF0FF3203F01F0322FA03F313F0010F07
:108BC40009D023681F2B0CD903F01F032360064828
:108BD40010BD0022EEE705494FF4F67007F0B6F930
:108BE400EFE74FF0A040F3E700030050FC7C0300E4
:108BF40000B583B0019001A8FFF7D0FFD0F81005AD
:108C0400019BD84000F0010003B05DF804FB00B5FF
:108C140083B0019001A8FFF7C1FF0123019A93409B
:108C2400C0F80C3503B05DF804FB00B583B00190C7
:108C340001A8FFF7B3FF0123019A9340C0F8083558
:108C440003B05DF804FB08B511B9FFF7E0FF08BDF8
:108C5400FFF7EBFFFBE770B582B001900C461646B8
:108C64001D4601A8FFF79AFF44EA460444EA850436
:108C74009DF8183044EA03249DF81C3044EA034468
:108C8400019B03F5E07340F8234002B070BD00B5CA
:108C940083B0019001A8FFF781FF019B03F5E07306
:108CA400022240F8232003B05DF804FB08B5054B0D
:108CB4001B7803B908BD04F009FC024B00221A70AA
:108CC400F8E700BF212B002008B5FFF791FFC0B2E1
:108CD40008BD08B5FFF7B7FF08BD000000B5064B97
:108CE40001EB410C03EB8C0E43F82C00CEF804107E
:108CF4008EF808205DF804FBD441002008B500EB91
:108D04004000034B53F820309847002008BD00BFB3
:108D1400D441002084B010B582B004AC84E80F00C4
:108D24000446FFF7B4FF9DF820309DF824200192FB
:108D340000939DF81C309DF818209DF814102046CF
:108D4400FFF789FF02B0BDE8104004B0704730B5AA
:108D540083B004460D4601920A4601461846FFF7C1
:108D6400BDFF29462046FFF7C9FF024601A9204658
:108D740004F0EEFB0121204604F042FC03B030BDB8
:108D840000487047B8430020642242700022827079
:108D9400014941600272704700C0014008B50248B1
:108DA400FFF7F2FF08BD00BFB843002030B58DB017
:108DB4000546104C0DF1180CA646BEE80F00ACE8B1
:108DC4000F009EE803008CE803008DE8030006AB67
:108DD4000FCBFFF79FFF0DF10C0C04F1180393E880
:108DE40007008CE8070000226146281D04F018FFE4
:108DF4000DB030BDA8D2030008B5064B1B7803B1F3
:108E040008BDFFF7BDFFFFF7D1FF024B01221A7027
:108E1400F6E700BFB4430020F0B583B007EE903A04
:108E24004B7806EE903AF8EE666A9FED326A86EE6B
:108E3400867AF8EEE77A67EE877AFCEEE77ACDED8C
:108E4400017A9DF804509DF8203007EE903AF8EE30
:108E5400E77A67EE877AFCEEE77ACDED017A9DF842
:108E640004409DF8243007EE903AF8EEE77A67EE76
:108E7400877AFCEEE77ACDED017A9DF804E00021D3
:108E84000EE048F2070715E048F2070722E048F22F
:108E9400070C10331844184B23F810C00131C9B221
:108EA400072925D80B4604FA01F010F0800FE8D00A
:108EB40048F20D0702EB420C4FEACC0003EBCC0C5A
:108EC4000D4E26F81C7005FA03F616F0800FDBD061
:108ED40048F20D0703F1080C8444074E26F81C7071
:108EE4000EFA03FC1CF0800FD1D048F20D0CD0E731
:108EF40003B0F0BD0000C842C443002010B582B0E6
:108F0400062B0BD8DFE803F0040C131A21282F00DA
:108F14000023019300936423FFF77EFF02B010BD8A
:108F24000023019364240094FFF776FFF6E764239B
:108F3400019300230093FFF76FFFEFE700230193F2
:108F440064230093FFF768FFE8E764230193002498
:108F54000094FFF761FFE1E764230193009300238A
:108F6400FFF75AFFDAE7642301930093FFF754FFF6
:108F7400D4E7000030B585B0054600230093019383
:108F8400029303930E4B00934823ADF8043003E09F
:108F94000121204604F040FF2C1D204604F016FF5A
:108FA4000028F5D001231A466946204604F0B8FE8D
:108FB4004FF49650034B43F00103984705B030BD7E
:108FC400C4430020A0D2030008B501238B70FFF72F
:108FD400D1FF08BD70B582B005460E460024019449
:108FE400009423462246FFF717FF0194009423467A
:108FF400012231462846FFF70FFF019400942346CF
:10900400022231462846FFF707FF02B070BD10B5B3
:10901400044600228A70FFF7DDFF2046FFF7AAFF0F
:1090240010BD00B583B0002301930093FFF7F4FE55
:1090340003B05DF804FB10B504466423437049B1E2
:10904400022300220146FFF759FF21462046FFF77D
:10905400BBFF10BD00220146FFF7E3FFF5E710B5A3
:1090640004466423437049B1032300220146FFF7F9
:1090740045FF21462046FFF7A7FF10BD0022014609
:10908400FFF7CFFFF5E710B504466423437049B1F9
:10909400062300220146FFF731FF21462046FFF751
:1090A40093FF10BD00220146FFF7BBFFF5E7000068
:1090B40010B504466423437079B101231A4601466E
:1090C400FFF71CFF21462046FFF77EFF4FF4C850F0
:1090D400044B43F00103984710BD01220146FFF7FA
:1090E400A0FFEFE7A0D2030008B5FFF757FE08BDC5
:1090F40008B500231A4600F12C011C3003F002FFCE
:1091040000B908BD0120FCE784B070B4844604A80B
:1091140080E80E000B9B43B1012B0CD10CF11C0415
:109124001D4B0FCB84E80F0005E01C4B0CF11C0415
:109134000FCB84E80F00079ECCF80C60049DCCF89C
:1091440000509DF818308CF80830059CCCF8044089
:109154000998CCF81400089ACCF810200A99CCF895
:1091640018108CF83960CCF834508CF838408CF8EE
:109174002D008CF82E108CF82C208CF82F30FF2327
:109184008CF8313006238CF8303001238CF84032CF
:10919400002070BC04B07047E4D20300D4D20300B2
:1091A40070B584B00546144600F59F7630460EF03F
:1091B4006BF8E4B205F13C03009601940293039426
:1091C4000022694605F1200005F04AFC08B904B004
:1091D40070BD0120FBE7000010B582B086466846EA
:1091E40080E8060003C88EE80500CEF808300EF1CA
:1091F400180C0E4C0FCCACE80F000FCCACE80F00F1
:1092040094E803008CE80300049BCEF814309DF826
:10921400053003330EF10C020EEBC30393E8030095
:1092240082E80300704602B010BD00BFF4D2030010
:1092340008B500212F20FFF74CFD08BD08B501211A
:109244002F20FFF746FD08BD70470C207047000033
:109254000000000008B541F28733994234DC41F242
:10926400883303FB01F05B1A90FBF3F007EE900ADE
:10927400F8EEE77A17EE900A0DF0A6FF18A3D3E9EB
:1092840000230DF087FE41EC100B0DF01FFB51EC99
:10929400100B0DF061FF0F4B03FB00F00E4A82FB35
:1092A4000031C317C3EBA11303F698530B4890FB8B
:1092B400F3F0A0F58520A0F2FE2082FB0032C01757
:1092C400C0EBA21000B208BD6FF48870FBE700BFCA
:1092D400AFF30080A68C0400D34D621090F0D73D0C
:1092E400000000000088B34070B50546FFF75AF946
:1092F400074E31460748FFF7FBF80AF095FD044690
:10930400B6F9001041802846FFF7A4FFA08070BD85
:1093140054440020242B002008B5FFF7E5FF08BDC6
:109324000020704708B540F2DC520321FFF73FFBF1
:1093340008BD08B500220221FFF739FB08BD08B5B6
:109344000A460121FFF733FB08BD08B50C2904D9EF
:109354004FF4C861FFF7F3FF08BD01EB810101EB96
:109364008101890001F5C87189B2FFF7E8FFF3E7CD
:1093740008B564220021FFF71AFB08BD10B50446A6
:10938400FFF7D0FF2046FFF7D4FF4FF4C871204603
:10939400FFF7D5FF2046FFF7EBFF10BD08B5FFF739
:1093A400D9FA08BD30B583B00446FFF799FA2025F1
:1093B4002A46002104F516700DF098FF2A46002174
:1093C40004F51E700DF092FF0025A4F89852A4F83D
:1093D4009A520C4A00942B4606CA04F52770FFF7EC
:1093E400FBFE094A00942B4606CA04F53770FFF7C2
:1093F400F3FE2046FFF7D2FF2046FFF7BFFF2046CB
:1094040003B030BD2CD3030024D30300BFF34F8F2C
:109414000549CA6802F4E062044B1343CB60BFF30E
:109424004F8F00BFFDE700BF00ED00E00400FA0528
:109434004FF08053D3F83031082B01D0002070470F
:10944400012070474FF08053D3F83031082B01D0FE
:1094540000207047012070474FF08053D3F830212B
:10946400D3F83431082A01D000207047002B04D8E7
:10947400DFE803F0010001207047002070474FF03F
:109484008053D3F83021D3F83431082A01D0002096
:109494007047002B04D8DFE803F001000120704777
:1094A400002070474FF08053D3F83021D3F8343183
:1094B400082A01D000207047002B04D8DFE803F00D
:1094C400010001207047002070474FF08053D3F80B
:1094D4003021D3F83431082A01D000207047002B02
:1094E40004D8DFE803F00100012070470020704732
:1094F4004FF08053D3F83031082B01D0002070474F
:10950400012070474FF08053D3F83021D3F8343121
:10951400082A01D000207047032B01D8002070478F
:109524000120704708B5FFF7EDFF38B14FF0102365
:10953400D3F808224FF08043C3F8582508BD000033
:10954400024BD3F80034002BFAD0704700E00140FE
:1095540008B5034BC3F80405FFF7F2FF08BD00BFCD
:1095640000E00140014B024A1A607047282B00209A
:109574000090D00338B5FFF75BFF40B14FF0804354
:109584000022C3F80C21C3F81021C3F83825FFF7D3
:1095940059FF002846D04FF08052D2F80414554B9E
:1095A400C3F82015D2F80814C3F82415D2F80C1403
:1095B400C3F82815D2F81014C3F82C15D2F81414D3
:1095C400C3F83015D2F81814C3F83415D2F81C14A3
:1095D400C3F84015D2F82014C3F84415D2F8241463
:1095E400C3F84815D2F82814C3F84C15D2F82C1433
:1095F400C3F85015D2F83014C3F85415D2F8341403
:10960400C3F86015D2F83814C3F86415D2F83C14C2
:10961400C3F86815D2F84014C3F86C15D2F8442482
:10962400C3F87025FFF718FF18B1334B334AC3F85A
:109634008C26FFF724FF18B1314BFB22C3F8182501
:10964400FFF730FF70B14FF08041D1F8E43E23F0D2
:109654000F034FF08052D2F8582202F00F02134346
:10966400C1F8E43EFFF731FF20B1264B4FF40072FE
:10967400C3F84026FFF73CFF60B14FF08043D3F8B6
:10968400003413F0010F05D04FF080436FF0010256
:10969400C3F800241C4AD2F8883043F47003C2F89B
:1096A4008830BFF34F8FBFF36F8FFFF73BFF4FF04F
:1096B4001023D3F80032002B08DB4FF01023D3F82B
:1096C4000432002B02DBFFF74DFF38BD0120FFF70A
:1096D4003FFF4FF010241225C4F80052FFF730FF6B
:1096E400C4F80452FFF72CFF0020FFF731FFFFF707
:1096F4008DFE00BF00C000400050004048810300C0
:1097040000F000400090024000ED00E048B300B5D6
:10971400864642B34FF0000C06E01EF80C0060448D
:1097240080B201301FFA80FC0CF10100884207DA94
:1097340010886045F1D80EEB0C0040789842ECD1CB
:109744008C4512D20CF102039BB21EF80C0078B1C6
:10975400013880B250B103EB000C61450ADB138081
:1097640004E000207047002000E000205DF804FBC6
:109774000020FBE70020F9E770B582B00023ADF8C4
:109784000630DAB10446164609230DF10602FFF746
:10979400BDFF0546BDF806301C448BB198B1304678
:1097A4000DF05BFDA84201D000200AE02A462146C4
:1097B40030460DF02FFD40B1002002E0002000E013
:1097C400002002B070BD0020FBE70120F9E7000093
:1097D40000230BB10020704703EB8302054931F8E5
:1097E4002220824201D00133F3E703EB830301EB30
:1097F400830070477C44002030B5B0F804C002EB0D
:109804000C04944594BFACEB0C0CACEB020CC2887A
:109814009D189A4294BF921AD21A4B88B0F800E06D
:1098240073450ED3408883420DD88B8863450CD38F
:10983400A3420CD8CB8893420BD3AB420BD8012064
:1098440000E0002030BD0020FCE70020FAE7002003
:10985400F8E70020F6E70020F4E7000008B5024B23
:109864009B6903B1984708BD6044002010B5808807
:10987400FFF7AEFF38B10446406805F0E7FA18B9BF
:109884004FF6FF73238010BDFFF7E8FFF8E70000F1
:1098940000B583B002460B46497A69B9197A41B9D1
:1098A4000D494968586805F079FA88B1FFF7D6FF81
:1098B4000EE009498968F5E700211972064B5B69D6
:1098C40033B101218DF80410ADF8060001A89847C2
:1098D40003B05DF804FB00BF6044002070B5C37B97
:1098E4008688012B1DD104464FF6FF70FFF770FFE9
:1098F4000546B8B10680002303720F4B03CBC5F8AD
:109904000A00C5F80E104FF6FF7340F2F31204F18B
:10991400100105F10A00FFF76FFF6872074BDB893E
:1099240023B170BD0420FFF799FFFAE729463046BA
:10993400FFF7AEFFF5E700BF584400206044002065
:1099440070B5044686883046FFF742FF70B105467D
:109954004FF6FF7340F2F31204F108010A30FFF7E7
:109964004BFF687229463046FFF792FF70BD000036
:10997400C288124BDB899A4200D0704770B5044606
:10998400038A022B00D070BD85882846FFF720FF8C
:1099940006460028F7D004F1120000F0C9F920B1FE
:1099A40031462846FFF774FFEDE7706805F04EFA7C
:1099B4000028E8D0FFF752FFE5E700BF604400202D
:1099C40008B50388122B0FD006D8102B09D0112B01
:1099D40009D1FFF74BFF06E0502B04D1FFF7C8FF76
:1099E40001E0FFF77BFF08BDFFF7AAFFFBE70000DC
:1099F40008B50146014806F065FB08BD9044002007
:109A0400F0B583B00190B9B116460F46019D85B9F2
:109A1400284603B0F0BD0134132CF9D8214601A81F
:109A240006F050FB0028F6D03146A0B2B847013505
:109A3400F1E700242546EFE70025E9E7132801D9DB
:109A44000020704738B50446054D0146284606F007
:109A540012FB2146281F06F00EFB012038BD00BF73
:109A64009844002038B50546002407E0054800EB7B
:109A740084002946043006F018FB01341D2CF5D966
:109A840038BD00BF9044002008B50146014806F0E7
:109A94000CFB08BD9844002008B512B106F0EBFA9F
:109AA40008BD06F002FBFBE730B583B00546019123
:109AB40000230360019B93B9284603B030BD0134F1
:109AC400132CF9D8214601A806F0FCFA0028F6D098
:109AD4002B685A1C2A6005EB43039C80EFE70024A3
:109AE400EEE7000010B598B0134A9368DB43179370
:109AF400516817A806F04EFB17996846FFF7D4FF84
:109B04000DF1300C6C460FCCACE80F000FCCACE878
:109B14000F0094E807008CE80700002407E018AB66
:109B240003EB440333F82C0CFFF79CFF01340C9B2C
:109B3400A342F4D818B010BD9044002070B5044678
:109B440085880388103B0A2B1ED8DFE803F0061A29
:109B54001D1D1D1D1D1D1D3B1E00FFF7C3FF2846B7
:109B6400FFF76CFF38B1E37B022B0DD129461B486C
:109B740006F081FA08E01A4AF021042005F078F88A
:109B840002E02846FFF780FF70BD027A1609154CE3
:109B94003F2A94BF0022012229462046FFF77CFF7A
:109BA400022E94BF002201222946201FFFF774FFD2
:109BB400012E94BF002201222946A4F10800FFF7D8
:109BC4006BFFE1E7037A002BDED1427AC2F3C002D5
:109BD40029460448FFF760FFD6E700BF9C440020F5
:109BE4004C7D0300A8440020132801D900207047AD
:109BF40008B50146014806F065FA08BD9444002002
:109C040010B50446FFF7F0FF08B9002010BD214647
:109C1400034806F057FA08B90120F7E70220F5E7F0
:109C24009C44002010B50446FFF7DEFF08B900206D
:109C340010BD2146034806F045FA08B90120F7E7AC
:109C44000220F5E79844002010B50446FFF7CCFF46
:109C540000B910BD2146024806F034FAF9E700BF06
:109C6400A044002010B50446FFF7BEFF00B910BDA4
:109C74002146024806F026FAF9E700BFA444002072
:109C840010B50446FFF7B0FF00B910BD21460248E5
:109C940006F018FAF9E700BFA844002038B50546D5
:109CA4000C460846FFF7A4FE08B9002038BD284634
:109CB400FFF79AFF0028F8D00634044800EB84002C
:109CC4002946043006F0FEF9F0E700BF9044002076
:109CD40070B506460C4615460846FFF789FE00B9DE
:109CE40070BD3046FFF780FF0028F9D006340448E1
:109CF40000EB84002A4631460430FFF7CDFEEFE73F
:109D04009044002070B504460E461546FFF770FED9
:109D140008B9002070BDA01D044B03EB80035868F4
:109D24002A463146FFF76CFEF4E700BF904400205A
:109D3400007800F001007047A0DF7047A1DF704792
:109D4400ADDF7047B3DF7047B4DF70478379012B11
:109D540001D0002070470379012B01D00020704707
:109D6400428842F602139A4201D000207047012033
:109D7400704738B50446408800F050FEA0800025A6
:109D840005B138BD204601F01DFF0135F8E700B5E7
:109D940087B000230193029303930493059308234C
:109DA4008DF80430ADF80600039101A8FFF7E1FF38
:109DB40007B05DF804FB000070B586B00023019382
:109DC4000293039304930593ADF806004FF6FF73D3
:109DD40098422ED0044600F0CFFC054611283FD00F
:109DE40015D8D0B10B2826D110238DF804301D4886
:109DF4001D4BC01AC008000422461C4940F0020052
:109E040007F0D0FC01A8FFF7B4FF00220CE043F2F6
:109E1400020398420FD1002206E00F238DF804308C
:109E240001A8FFF7A6FF0022114B19782046FFF77F
:109E34004FFF06B070BD0B4E0B4BF61AF6083604F6
:109E4400284607F0D1F8024623460A4946F00100A5
:109E540007F0B2FC29462046FFF799FF0022E3E70A
:109E64000122E1E7B074030008740300E87D0300F5
:109E740011450020687E030008B5FFF79DFF08BD6B
:109E840010B5044600F0DAFC00B910BD0122034B02
:109E940019782046FFF71CFFF7E700BF10450020A4
:109EA40010B582B0044600F0B9FD00236A460921CA
:109EB40001F0CAF9052801D002B010BD0122034BFC
:109EC40019782046FFF704FFF6E700BF0E4500208F
:109ED40008B500220649074B1878FFF713FF00B1B5
:109EE40008BD00220449054B1878FFF70BFFF7E77C
:109EF4001DA1020012450020359F02000E450020DE
:109F040008B500220249034B1878FFF7FBFE08BD91
:109F140035A202001045002008B500220249034B77
:109F24001878FFF7EFFE08BD7D9E02001145002062
:109F340010B582B004460023019342F6A623ADF87F
:109F4400043001238DF80630084B1B6800936A46E1
:109F540001A9FFF7F1FE08B102B010BD0122044BC4
:109F640019782046FFF7B4FEF6E700BF3CD30300A0
:109F74000D45002010B5044638B12368012B09D1E2
:109F8400BFF35F8F0023236010BD0549922005F0C5
:109F9400DDFFF2E70249932005F0D8FFF0E700BFA8
:109FA400BC7E0300F0B585B006460F460DF10E00E9
:109FB400FFF7C8FE10B9012400250DE01A494FF43B
:109FC400997005F0C3FFF6E7BDF8002042F60213CE
:109FD4009A421DD00134A4B2BDF80E30A3421FD959
:109FE4000223ADF804300022ADF80620CDF808D0E5
:109FF40069462046FFF7A8FE034690B9002DE3D139
:10A00400BDF8002042F605239A42E3D10125E1E799
:10A01400029701AA21463046FFF792FE034600E06C
:10A024000523184605B0F0BD147F030010B504469F
:10A0340048B10121204606F082F8BFF35F8FB0FAE1
:10A0440080F0400910BD0249852005F07FFFF0E74C
:10A05400BC7E030070B586B0054600F0EDFA112809
:10A0640047D0044619D8002846D00B2847D0254E9F
:10A07400254BF61AF6083604204606F0B5FF0246CC
:10A084002B46224946F0010007F096FB214628465C
:10A09400FFF77DFE0024224623E0862806D043F203
:10A0A40002039842E3D1002422461AE000260196D6
:10A0B400029603960496059607238DF80430ADF8AE
:10A0C40006501048104BC01AC00800042A46104914
:10A0D40040F0020007F066FB01A8FFF74AFE344691
:10A0E40032460C4909782846FFF7F2FD204606B0AF
:10A0F40070BD00240122F4E701240022F1E70024CA
:10A104002246EEE7B074030008740300F07F0300F6
:10A11400B87F03001245002010B504460648FFF737
:10A1240085FF00B910BD2046FFF794FF0028F9D140
:10A134000148FFF71FFFF5E71445002070B586B00E
:10A14400044600F08FFB054611280CD8112848D886
:10A15400DFE800F017474747474733472847474753
:10A1640047474747475D43F20203984252D043F2C0
:10A174000143984235D12046FFF71EFE00250122F7
:10A1840022E0002301930293039304930593112384
:10A194008DF80430ADF8064001A8FFF7EAFD01256B
:10A1A4002A4611E001A92046FFF7FCFE28B9BDF8B4
:10A1B400043013B10025012206E0204600F02EFCF5
:10A1C40000F082FB00252A46144B19782046FFF73D
:10A1D4007FFD2A46124B19782046FFF779FD06B019
:10A1E40070BD104E104BF61AF6083604284606F0D9
:10A1F400FBFE024623460D4946F0010007F0DCFA57
:10A2040029462046FFF7C3FD00250122DCE700258F
:10A214000122D9E700250122D6E700BF104500201E
:10A224000F450020B074030008740300308003005D
:10A2340010B50446044B1978FFF730FD00B110BD8A
:10A244002046FFF77BFFFAE70F450020037803B1B0
:10A25400704710B504464088FFF7AEFD6088FFF7ED
:10A264000FFE6088FFF71CFEFFF732FE10BD0000F2
:10A2740010B582B00378092B03D0FFF729FE02B092
:10A2840010BD0446437A002BF7D1037A072B1DD067
:10A29400082B2CD0012BF0D16A460121808801F0D3
:10A2A4009DFA0028E9D1019B1B78002BE5D0A088FA
:10A2B40000F0E8FB4FF6FF739842DED00122104B0A
:10A2C4001978FFF705FDFFF71BFED6E7808800F03D
:10A2D400D9FB04464FF6FF739842CED00122094BB6
:10A2E4001978FFF7F5FC2046FFF7DAFDC5E7064BC2
:10A2F4001B68012BC1D10448FFF73CFEBDE700BF3A
:10A3040010450020124500201445002030B583B0CC
:10A3140004460D460022009201920123ADF800305C
:10A3240009238DF80230104B1978FFF7D1FC5DB189
:10A334000E4B0193204600F071FB0022694600F0A9
:10A34400F5FF18B903B030BD094BF2E7094C0A4ACE
:10A35400A41AE408240406F047FE0246074944F020
:10A36400020007F01FFAEDE70E45002038D3030082
:10A3740034D30300B0740300087403007080030036
:10A3840030B587B0044685880388353B1F2B14D825
:10A39400DFE803F049941313131313131313131364
:10A3A4001313131313131313131313131313133B51
:10A3B400131013192846FFF7FFFCFFF7ADFDFFF755
:10A3C4009FFD07B030BD00240194029403940494CB
:10A3D400059412238DF80430ADF80650284600F099
:10A3E4001DFBADF8080000F06FFA22464D4B1978BA
:10A3F4002846FFF76DFC22464B4B19782846FFF799
:10A4040067FC01A8FFF7B5FCD7E70630FFF79EFC11
:10A414000028D2D00122454B19782846FFF758FC72
:10A42400FFF756FDC9E7424B19782846FFF736FC7B
:10A434000028C2D000223E4B19782846FFF748FC7A
:10A44400E288B2F5857F10D0A2B96289012A1CD1B5
:10A45400A289012A24D03748374BC01AC008000407
:10A46400364940F0020007F09DF900212846FFF725
:10A474004DFFA2E72F48304BC01AC00800043049F2
:10A4840040F0020007F08EF9EFE72A482A4BC01A81
:10A49400C00800042B4940F0020007F083F9D7E715
:10A4A4000022E1892846FFF749FC0028DDD101227A
:10A4B400254B19782846FFF70BFC7EE7224B1978C9
:10A4C4002846FFF7EBFB00283FF477AF00221E4B32
:10A4D40019782846FFF7FCFBE28852B9E289012A81
:10A4E40013D1217C003918BF01212846FFF70EFF44
:10A4F40063E71048104BC01AC0080004104940F02C
:10A50400020007F04FF90021EFE70A480A4BC01A8E
:10A51400C0080004094940F0020007F043F9002193
:10A52400E3E700BF0F45002010450020124500203E
:10A534000D450020B0740300087403004881030033
:10A54400D08003000C8103000C450020AFDF70476E
:10A55400B1DF7047B2DF7047B3DF704738B50446E8
:10A56400808800F08FFA6080002505B138BD204650
:10A5740001F02CFB0135F8E730B589B0224B93E8A4
:10A58400030008AB03E903000BE007238DF8043054
:10A5940001A8FFF7E3FF35E01C4C208800F045FFDD
:10A5A40020801A4B18884FF6FF7398422AD0002255
:10A5B40006A900F0BBFE04460028EDD00023019359
:10A5C4000293039304930593104B1B88ADF8083052
:10A5D400112817D08628D8D00D4D0E4BED1AED0852
:10A5E4002D0406F001FD0246084B1B880A4945F07C
:10A5F400010007F0E1F808238DF80430039401A862
:10A60400FFF7ACFF09B030BD48D303001A45002062
:10A61400B8740300087403009881030008B5054B5F
:10A624001A884FF6FF739A4200D108BDFFF7A4FFC2
:10A63400FBE700BF1A4500202DE9F04784B08246AD
:10A6440000F0ECF94FF6FF73984200F0878007465C
:10A65400012449E002AA0821384601F0BFF888B96C
:10A66400B8F8042003998B889A420DD10631284604
:10A674000CF0D0FD40B90821384601F025F9D8B9CD
:10A684000B2607E0052807D13A460821384601F091
:10A6940073F90646002525E0334C344AA41AE4082D
:10A6A400240406F0A1FC02465346314944F001005B
:10A6B40007F082F8032653E02B4D2C4AAD1AED081F
:10A6C4002D0406F091FC03463A462A4945F0010060
:10A6D40007F072F80326DDE701250821384601F06A
:10A6E400F3F818BB002D3BD022460134A4B26B46CC
:10A6F4000821384601F078F8814638BBDDF804803B
:10A704000323454645F8063B08F104022946504612
:10A71400FFF720FF064600289CD00C28DCD0052833
:10A7240001D00025D9E74E460025D6E70E4E0F4A44
:10A73400B61AF608360406F057FC03463A460D49A5
:10A7440046F0010007F038F80326CBE7072802D1CA
:10A7540000250C26C6E706460025C3E743F2020699
:10A76400304604B0BDE8F087B874030008740300F1
:10A77400F0810300288203002DE9F04182B00546F0
:10A7840000F04CF94FF6FF73984205D103240026DC
:10A7940037464FF0010825E06A46082101F01EF80B
:10A7A40020B9019B9F1D9E881C68F2E703240026A4
:10A7B4003746EEE726B14FF00008032446460FE083
:10A7C4001B481C4BC01AC00800042A461A4940F012
:10A7D400010006F0E7FF4FF00008032000E011201D
:10A7E4000B281CD12346324639462846FFF7B0FED3
:10A7F4000428F4D008280CD00B28F1D114F0020F4F
:10A8040009D1002FD6D04FF000080324464647460E
:10A81400E6E70020E4E74FF000080124E0E7B8F1A0
:10A82400000F02D002B0BDE8F0810B20FAE700BFB0
:10A83400B874030008740300A882030000B585B04F
:10A844000DF10F03029300F0E9F801AA012100F0D1
:10A85400C5FF20B9029B187805B05DF804FB002001
:10A86400FAE7000010B504461348FFF775FE90B1EF
:10A87400124C134AA41AE408240406F0B5FB024659
:10A88400104944F0010006F08DFF032010BD43F28F
:10A8940003039842FAD14FF6FF72074B19882046FA
:10A8A400FFF754FE43F203039842F0D1024A13889F
:10A8B40001331380EBE700BF18450020B874030090
:10A8C400087403002083030000B583B084466B46FC
:10A8D400064A92E8030083E8030000221946604612
:10A8E40000F024FD03B05DF804FB00BF50D3030067
:10A8F40046DF704738B50546002405E0044B53F89D
:10A904002430284698470134012CF7D938BD00BFBC
:10A9140058D3030000230F2B03D8C25C1AB90133A8
:10A92400F9E7002070470120704778B181B108B57C
:10A9340003780A785340012B0CD8062201310130E8
:10A944000CF068FCB0FA80F0400908BD00207047A4
:10A95400002070470020F8E72DE9F04104460D4639
:10A9640000F1110701F111081022013101300CF03E
:10A9740051FC50B90646601CFFF7CCFF30B1681C8F
:10A98400FFF7C8FF10B1012600E0002606F001061B
:10A9940041463846FFF7C9FF637C03F0FE03042BEE
:10A9A4000CD0062B11D06B7C03F0FE03042B0ED0CD
:10A9B400062B01D0012302E0002300E0002300B1B4
:10A9C4003BB946B153B1002006E00023F7E700236A
:10A9D400F5E7012000E00020BDE8F0810120FBE75D
:10A9E40070B584B006460D4600F06AFC01AA0DF16C
:10A9F4000E01072000F06CFC50B1BDF80E40AC42D3
:10AA0400F4D002993046FFF7A7FF0028EED001E00A
:10AA14004FF6FF74204604B070BD000013280DD813
:10AA240010B50446FFF7E0F828B104EB8404054BA5
:10AA340033F8140010BD4FF6FF70FBE74FF6FF70BC
:10AA4400704700BF1C450020132816D838B50446AB
:10AA54000D46FFF7C9F868B104EB8404084B03EB17
:10AA64004403D3F802202A60DA881B7AAA80AB71E7
:10AA7400002038BD43F20200FBE743F202007047B6
:10AA84001C45002038B505464FF6FF73984216D092
:10AA9400002401E00134A4B2132C0CD804EB840389
:10AAA400084A32F81330AB42F4D12046FFF79CF841
:10AAB4000028EFD001E04FF6FF74204638BD04466D
:10AAC400FBE700BF1C450020038843B9072B04D8CB
:10AAD400C21892782AB90133F8E7002070470120A0
:10AAE40070470120704738B504460D46FFF7ECFF68
:10AAF40068B122882B889A4208D10822A91CA01C7C
:10AB04000CF088FBB0FA80F0400900E0002038BD6A
:10AB140030B585B0054600F0D3FB01AA0DF10E0156
:10AB2400072000F0D5FB88B1029C04F146012846B9
:10AB3400FFF7D9FF30B904F12A012846FFF7D3FF04
:10AB44000028EAD0BDF80E0005B030BD4FF6FF7006
:10AB5400FAE70000132804D800EB8000014B23F827
:10AB6400101070471C45002038B50546FFF78AFFD2
:10AB74000446284600F0B2FE40B9132C06D804EB74
:10AB84008404034B4FF6FF7223F8142038BD00BF32
:10AB94001C45002010B58CB0144600230AE0C3F114
:10ABA4000F0C10F80CE003F130020DEB020C0CF862
:10ABB40030EC01330F2BF2D9002304930593069351
:10ABC4008DF81C3007E0C3F10F02C85C30326A44D0
:10ABD40002F8200C0133022BF5D96846FFF788FEF2
:10ABE400002307E0C3F10F0230326A4412F8102C3C
:10ABF400E2540133022BF5D90CB010BD03460278A0
:10AC040002F0FE02042A01D00020704700B585B08E
:10AC14000846B3F80110DA78ADF80C108DF80E2060
:10AC24009A889B79ADF804208DF8063002AA01A910
:10AC3400FFF7B0FF032202A903A80CF0EBFAB0FA65
:10AC440080F0400905B05DF804FB00000388102B78
:10AC540072D100B593B00DF11C0E00F1040CBCE8E8
:10AC64000F00AEE80F00BCE80F00AEE80F009CE850
:10AC740007008EE807009DF8203003F0FE03062B42
:10AC84001BD14FF6FF71BDF81C202C4B02EB820048
:10AC940023F8101003EB40030898C3F80200BDF832
:10ACA40024C09DF82600A3F806C018724FF6FF735F
:10ACB400994236D113B05DF804FB00F001FB9DF816
:10ACC40020305A08032B15D9022A10D102AA0DF1FB
:10ACD4000601072000F0FCFA00B30399013108A82B
:10ACE400FFF78CFF0028F1D0BDF80610CBE74FF634
:10ACF400FF71C8E702AA0DF10601072000F0E8FA87
:10AD040048B10399113108A8FFF70FFE0028F1D0CC
:10AD1400BDF80610B7E74FF6FF71B4E74FF6FF71C1
:10AD2400B1E7ADF80A20ADF80C1000238DF8083017
:10AD340002A8FFF7DFFDBDE7704700BF1C450020F8
:10AD44008ADF70478BDF70478CDF704790F82E30B6
:10AD540043F0040380F82E30A02303865023438657
:10AD64000022828690F82E3062F3C40380F82E30DD
:10AD7400012380F82F3070474FF4C87343850623AE
:10AD840083841823C38400230385704700B587B0E8
:10AD940000230193029303930493059306238DF8F0
:10ADA40004300B1D02930B88ADF80C3000F12E0318
:10ADB4000593C36B0BB101A8984707B05DF804FB7A
:10ADC40030B587B000230193029303930493059352
:10ADD4000B79012B01D007B030BD05460C460C4859
:10ADE4000C4BC01AC00800040B4940F0040006F0E4
:10ADF400D3FCEB6B002BEED004228DF804202E350F
:10AE0400059522798DF8082001A89847E3E700BF4B
:10AE14006874030008740300A08303002DE9F04163
:10AE240005460E4691F82070B0F81C80002401E01D
:10AE34000134E4B2BC4209D206EB44124146A8698B
:10AE4400FEF79AFC03460028F2D000E000231846DF
:10AE5400BDE8F08190F82E3003F01803082B03D0DE
:10AE6400182B03D000207047012070470120704741
:10AE740008B5FFF767FF08BD2DE9F04186B090F8EB
:10AE84002C8090F8233013B906B0BDE8F081044655
:10AE94008D1C00F12E0600F12407FFF7E9FF0023C3
:10AEA4000193029303930493059343463A46314630
:10AEB4002846FFF749FF06460D4D0E4BED1AED08E7
:10AEC4002D0445F004050C49284606F065FC0523CD
:10AED4008DF80430029632460849284606F062FC92
:10AEE400002ED1D0E36B002BCED001A89847CBE73E
:10AEF4006874030008740300B8830300C483030068
:10AF040070B586B004460D46002301930293039363
:10AF14000493059300F12E030593FFF79BFFC8B933
:10AF240094F8226094F821302BBB0022114602953C
:10AF3400002E3AD0914230D003238DF80430E36BD5
:10AF44000BB101A8984704F160010020FFF7F8FE57
:10AF540006B070BD02238DF804300295E36B01A89E
:10AF6400984704F160010020FFF7EAFE29462046D5
:10AF7400FFF782FFECE721462846FFF74FFF034621
:10AF840040B19DF80C2042F001028DF80C20012202
:10AF94001146CCE700220121C9E700238DF80430D3
:10AFA40029462046FFF768FFC9E7002BC4D00023D9
:10AFB4008DF8043029462046FFF75EFFBFE70028DE
:10AFC4003CD038B50D460446C263232200210CF060
:10AFD4008DF94DB32B7984F823302B7B84F82C30F6
:10AFE4002B68CBB1186859689A68C4F82E00C4F865
:10AFF4003210C4F836209B896387AA6882B104F1B1
:10B0040024031068516803C304F1400323661F231B
:10B01400A4F86430002038BD2046FFF797FEECE723
:10B024002046FFF7A9FEEFE72046FFF78FFE2046F4
:10B03400FFF7A2FE002384F82330E5E70E207047D3
:10B0440010B586B0002837D004460023019302933C
:10B05400039304930593FFF70BFF2046FFF7FAFED3
:10B0640030B1E36B23B101228DF8042001A8984785
:10B0740004F1600104F12E00FFF762FE0446082883
:10B0840000D068B90D480E4BC01AC00800040D4921
:10B0940040F0040006F080FB0024204606B010BDFA
:10B0A4000648074BC01AC00800042246064940F06F
:10B0B400010006F077FBF0E70E24EEE76874030066
:10B0C4000874030000840300DC83030008B503460E
:10B0D400084603F10802194631F8043B1B2B0AD039
:10B0E4001D2B04D0102B05D1FFF750FE02E01146B2
:10B0F400FFF706FF08BDFFF763FEFBE7A0F58040FE
:10B1040080B2704700F5804080B27047A0F580405F
:10B1140080B270470138082806D8DFE800F0070538
:10B12400050707070707070000207047012070473D
:10B1340038B505464FF6FF734380002404B138BD8B
:10B14400284600F017FB0134F8E700B587B0002368
:10B154000193029303930493059308238DF8043019
:10B16400ADF80800039101A8FFF7E2FF07B05DF80E
:10B1740004FB000030B587B00023234A1370019309
:10B1840002934FF6FF7000F0B3FC044606E020463D
:10B1940000F056FC204600F0ABFC04464FF6FF736B
:10B1A4009C420AD02046FFF7A9FF01AA03A904F094
:10B1B400E1FD48F209639842E9D04FF6FF739C42DF
:10B1C40001D107B030BD2046FFF798FF04F090FD91
:10B1D400054648F20763984212D00028F1D00B4884
:10B1E4000B4BC01AC008000423462A46094940F004
:10B1F400010006F0E1FA29462046FFF7A6FFE0E742
:10B20400014B01221A70DCE7EC450020D8740300DE
:10B21400087403001884030070B582B00E46154606
:10B22400002300930193FFF769FF04463046FFF7BC
:10B234006DFF01466B462A46204604F07FFD08B99F
:10B2440002B070BD0520FBE7F0B587B0FF282DD80C
:10B2540005460C4617461E460846FFF75BFF38B303
:10B2640003AA21462846FFF7D7FF28BB01A903A854
:10B2740004F0D2FC054608BBBC70019B5B883B8094
:10B2840076B19C003368A34228BF23461E461A4663
:10B29400029978680BF0F8FFB44203D90C2508E052
:10B2A400029B7B6003A804F0E3FC02E0072500E0B6
:10B2B4000725284607B0F0BD0525FAE70525F8E778
:10B2C400024B00221A605A60704700BFE445002018
:10B2D400F0B587B007460E461446FFF71BFF18B9B2
:10B2E4000125284607B0F0BD05463846FFF70EFF96
:10B2F4000D4A03A904F030FD08B10025F1E701A9C6
:10B3040003A804F089FC08B10025EAE7A770019BB3
:10B314005A882280029A62609888FFF7F3FE308090
:10B3240003A804F0A5FCDCE7E4450020F0B587B0F1
:10B33400FF2856D806460C4617468D782846FFF750
:10B34400E9FE00284FD03046FFF7D8FEADF80C00D8
:10B354002846FFF7DBFEADF80E00636804932388EC
:10B3640005936A46A1783046FFF756FF05281AD0A0
:10B3740003A9684604F0B2FC0446E4B148F20D6344
:10B384009C4220D848F202639C421CD3A4F5064395
:10B39400023B0B2B17D8DFE803F0141616162A0C01
:10B3A40016161616160C03A9684604F091FC0446FA
:10B3B400E3E7112418E0BFB13946684604F0E8FC1D
:10B3C40012E0102410E00B480B4BC01AC008000414
:10B3D40033462246094940F0010006F0EDF9032402
:10B3E40002E0072400E00724204607B0F0BD8624CD
:10B3F400FAE700BFD87403000874030064840300F0
:10B4040008B54FF6FF7000F001FB08BDFF2806D811
:10B4140008B500F003FBFFF7ADFE002008BD0720D0
:10B42400704708B500F01AFB08BD08B500F048FBEA
:10B4340008BD08B500F05CFB08BD4FF6FF73038040
:10B444008370FF234372837A23F002038372DBB297
:10B4540023F00103837200230372436070470000EA
:10B464000B68032B14D810B403EB4302094C34F8D3
:10B474002220824204D00133032BF5D9002004E0BA
:10B484000B6003EB430304EB83005DF8044B70474C
:10B4940000207047F045002030B583B005460C46C7
:10B4A4000023019301A9FFF7DBFF06E0019B0133B1
:10B4B400019301A92846FFF7D3FF48B18378A3423B
:10B4C400F4D1837A13F0030FF0D14368002BEDD14C
:10B4D40003B030BD0023032B0DDC03EB4301074A0B
:10B4E40002EB81025268824201D00133F3E7034840
:10B4F40000EB810070470020704700BFF04500203A
:10B5040008B5FF214FF6FF70FFF7C6FF08BD58B11D
:10B5140070B50D4614460646FFF7F2FF306010B1D1
:10B52400058033689C7070BD7047000038B50546CF
:10B53400002405E0044B53F824302846984701348E
:10B54400032CF7D938BD00BF60D3030003EB83039A
:10B554001B019BB2817042609B080380704708B551
:10B564009BB2FFF7F3FF08BD8378013B072B13D889
:10B57400DFE803F007121212120A040D14230380E9
:10B584007047012303807047012303807047436899
:10B594009B8809339B0803807047000038B5054633
:10B5A400002406E0697A2144C9B2054800F093FCFE
:10B5B40001342B7AA342F5D82846FFF73EFF38BD65
:10B5C4002046002030B583B0044600230093019345
:10B5D40083788DF80230417A2D4800F068FC20B35E
:10B5E4000246237AA1786846FFF7B9FF6846FFF759
:10B5F400BBFF224632F8040B6946FFF797FE112879
:10B6040038D01FD860B3072832D0224D224BED1A10
:10B61400ED082D0405F0E8FC024623881F4945F097
:10B62400010006F0C9F8032022E01A481A4BC01A98
:10B63400C0080004627A1A4940F0010006F0B2F82A
:10B64400032015E08628E0D1A37A23F00203A37235
:10B65400DBB243F00103A372124B01221A7007E01C
:10B66400A37A23F00203A372DBB223F00103A372D3
:10B6740003B030BDA37A43F00203A372DBB223F01C
:10B684000103A372074B01221A700020F0E700BFE8
:10B6940020460020D07403000874030010850300C2
:10B6A400D0840300ED45002030B587B00446FFF791
:10B6B40089FF10B9012007B030BD4FF6FF72ADF815
:10B6C40006202288ADF80820862807D107238DF8A4
:10B6D400043001A8FFF72AFF0020ECE708228DF8C8
:10B6E40004200390074D084AAD1AED082D0405F017
:10B6F4007BFC02462388054945F0010006F05CF80E
:10B70400E7E700BFD074030008740300408503001A
:10B7140038B5164B1B783BB305460024134B1C70FD
:10B724000DE0124B01221A7001B93DB104EB440043
:10B734000F4B03EB8000FFF7B7FFA8B10134032CD4
:10B7440012D804EB44020A4B03EB82039B7AC3F343
:10B75400400113F0020FE4D1054B03EB82039B7A03
:10B7640013F0010FEAD0DCE738BD00BFED4500203F
:10B77400F045002038B50446C068FFF7ABFE2378D7
:10B784000A2B0AD0142B15D0092B1BD1637ADBB9F1
:10B79400E0B1FFF703FF00250DE0637AC3B9C8B138
:10B7A40000254560837A43F0020383720A4B012229
:10B7B4001A7003E001252046FFF7B8FE2846FFF77C
:10B7C400A7FF38BD0025F6E70025F4E70025F2E7DA
:10B7D4000025F0E70025EEE7ED45002008B500233D
:10B7E400FFF732FD08BD0000002B59D0F0B583B03F
:10B7F40006460C4615461F46CB1FDBB2012B51D81B
:10B80400531E032B51D8FFF747FE0190D0B1037AA2
:10B81400AB424CD1019E737AFF2B1DD00026019BB5
:10B824001D72597A244800F042FB024618B3ABB2A9
:10B8340021463846FFF78AFE002E3AD0082C28D03D
:10B84400002030E02246314601A8FFF760FE019B4C
:10B85400002BDFD1112026E02946174800F050FBC9
:10B8640070720198437AFF2B01D00126D7E7FFF7C6
:10B87400E4FD112017E01148114BC01AC008000460
:10B88400019B5A7A0F4940F0010005F08BFF032019
:10B8940009E03B887A689B00063B9380002002E025
:10B8A4000E207047072003B0F0BD0720FBE70F20F0
:10B8B400F9E70020F7E700BF20460020D07403001A
:10B8C40008740300A085030008B5FFF7E5FD18B16F
:10B8D400FFF764FE002008BD0520FCE770B584B0C6
:10B8E40005460023039303A9FFF7BAFD044607E0C6
:10B8F400039B0133039303A92846FFF7B1FD0446D4
:10B90400D4B1A1782846FFF7DFFF0028F0D005283E
:10B91400EED0154E154AB61AF608360405F064FB47
:10B924000246A37800932B46114946F0010005F026
:10B934004EFF032004B070BD2846FFF767FD0028C2
:10B94400F8D00728F6D0084C084BE41AE40824047D
:10B9540005F04AFB03462A46064944F0010005F077
:10B964002BFF0320E6E700BFD07403000874030034
:10B97400148603006C860300CB1FDBB2012B11D8A5
:10B9840070B506460C4615461046FFF74AFD58B1F9
:10B9940021463046FFF780FD40B105808470FFF7F3
:10B9A40011FE70BD072070470720FAE70520F8E76D
:10B9B40010B5044608464FF6FF739C4204D0FF2C92
:10B9C4000CD94FF6FF7010BD4FF4807104F083FB67
:10B9D40080B2B0F5807FF6D12046F4E7214604F02A
:10B9E40056FB80F0010010F0FF0F01D02046EAE77B
:10B9F4004FF6FF70E7E708B50346FF2800D908BDF6
:10BA04000846194604F051FBF9E7000008B502495D
:10BA1400FFF7CEFF08BD00BF304600204FF6FF738E
:10BA2400984209D010B504460449FFF7C1FF844287
:10BA340014BF0020012010BD002070475046002094
:10BA440038B50446044D2946FFF7D5FF05F120011A
:10BA54002046FFF7D0FF38BD30460020FF2801D92B
:10BA64000020704708B50146014804F02BFB08BDCF
:10BA740030460020FF2801D90020704708B5014650
:10BA8400014804F01FFB08BD5046002038B50D46A0
:10BA94004FF6FF73984202D0441CA4B203E0002482
:10BAA40001E00134A4B2FF2C06D82146284604F054
:10BAB40009FB0028F5D001E04FF6FF74204638BD9D
:10BAC40010B50A49FFF7E2FF044604E0074920469F
:10BAD400FFF7DCFF04464FF6FF739C4204D0204678
:10BAE400FFF7C8FF0028F1D1204610BD30460020E2
:10BAF40008B50249FFF7CAFF08BD00BF5046002041
:10BB040038B50546002405E0054B53F82430284693
:10BB140098470134034B1B78A342F5DC38BD00BFC2
:10BB2400744600207046002010B586B084880388CF
:10BB3400102B06D0144B19782046FEF7AFF806B048
:10BB440010BD00238DF803300193029303930493F3
:10BB5400059301238DF804304FF6FF73ADF80830D8
:10BB6400ADF80640083003900DF10303049301A8D7
:10BB7400FFF7C6FF9DF80320034B19782046FEF714
:10BB8400A7F89DF80300DAE72C2B0020094B1B785B
:10BB940003B9704710B50446FFF7C6FF00B110BDE6
:10BBA4002046FFF753F8204601F032F82046FEF70E
:10BBB400E7FBF4E78E46002018B108B5FFF7A0FFB5
:10BBC40008BD704708B5FFF79BFF08BD08B5FFF730
:10BBD40097FF08BD08B5FFF793FF08BD2DE9F04FA7
:10BBE40087B00193364B1B78002B63D083468A467B
:10BBF40091464FF6FF70FFF718FC044600230593A7
:10BC0400042204920293039305AB039304AB02AAA8
:10BC14000621FFF719FB072850D04FF6FF77B846E7
:10BC24004FF0FF35002611E0059BB34201D3A04637
:10BC34001E46AB4201D227461D462046FFF7F5FBC0
:10BC4400044604AB02AA0621FFF7FEFA0028EBD053
:10BC54000528F2D04FF6FF739C421BD1984517D0AC
:10BC64009F4213D00020BBF1000F01D0ABF800803D
:10BC7400BAF1000F01D0CAF80060B9F1000F01D089
:10BC8400A9F80070019BB3B11D6014E00520EAE738
:10BC94000520E8E70B4D0C4BED1AED082D0405F0DB
:10BCA400A3F902462346094945F0010005F084FD45
:10BCB400032000E0082007B0BDE8F08F0520FAE774
:10BCC4008E460020A874030008740300D486030081
:10BCD40008B500231A460C490C48FFF77FFF0528D6
:10BCE40004D068B1052809D000220AE0074B4FF6BA
:10BCF400FF721A80044B00221A60F2E7012200E06E
:10BD04000122034B1A7008BD84460020804600209F
:10BD14008D46002030B587B004468088FEF7B2FE19
:10BD240060802378093B032B00F28280DFE803F074
:10BD34000232457D637AE3B94D4B1B6813B1E26867
:10BD440093420ED04B4B1B78002B71D0A2884A4BE8
:10BD54001B889A426CD1237A062B69D1FFF7B8FF6E
:10BD640066E00023424A1360A188434A1180E360DD
:10BD74005EE0012B5CD13F4B1B78002B58D0A2888E
:10BD84003D4B1B889A4253D1237A062B50D1FFF79F
:10BD94009FFF4DE0637A002B4AD1354B1B68002B83
:10BDA40046D0E268934243D10022314B1A603349B2
:10BDB4000B68013B0B60E2603AE0314B1D7855B9EA
:10BDC40001252C4B1B7823B1A2882B4B1B889A424C
:10BDD40028D085B32CE04FF6FF70FFF726FB4FF613
:10BDE400FF739842EDD11846FFF723FB4FF6FF731C
:10BDF4009842E6D10025224B1D70019502950395CA
:10BE0400049505950D238DF804304FF6FF73ADF8B6
:10BE14000830ADF806302046FFF772FE01A8FFF7A0
:10BE24006FFECEE7FFF754FFD3E7154B1B7823B91A
:10BE34002046FFF765FE07B030BD0023104A13709B
:10BE4400019302930393049305930E238DF8043016
:10BE54004FF6FF73ADF80830ADF80630A3680393CE
:10BE64002046FFF74DFE01A8FFF74AFEE3E700BFB7
:10BE7400884600208D46002080460020844600200D
:10BE84008C46002008B504F002F980F00100C0B22D
:10BE9400BFF35F8F08BD08B5BFF35F8F04F012F9DD
:10BEA40008BD08B5BFF35F8F04F0FFF808BD38B5CF
:10BEB400054668B10C46006850B1686840B1FF2976
:10BEC40007D0FFF7E8FF20B12868EB6803FB040004
:10BED40038BD0020FCE790B138B50C460546036830
:10BEE4001BB1406808B1FF2900D138BDFFF7D3FF6B
:10BEF4000028FAD021466868FFF7D3FFF5E77047BA
:10BF0400F8B550B30F460646036843B3436843B3DA
:10BF14000025FF2405E02B1B0133BB421BD0013558
:10BF2400EDB2B3689D4215D229467068FFF7AAFFA7
:10BF340018B1FF2CEFD12C46EDE7FF2CEFD005E034
:10BF440021463046FFF7C7FF0134E4B2A542F7D8D3
:10BF5400FF24E4E7FF242046F8BDFF24FBE7FF2489
:10BF6400F9E7FF24F7E77EDF70477FDF704786DF5E
:10BF7400704708B5FFF7F7FF042800D008BD11206B
:10BF8400FCE719B108B5FFF7F4FF08BD00207047BE
:10BF940038B504464088FEF741FDA080002505B170
:10BFA40038BD204600F004FE0135F8E700B587B03F
:10BFB40000230193029303930493059305238DF8BF
:10BFC4000430ADF8060001A8FFF7E2FF07B05DF802
:10BFD40004FB00B587B000230193029303930493F9
:10BFE400059308238DF80430ADF80600039101A8E9
:10BFF400FFF7CEFF07B05DF804FB000000B587B083
:10C0040094460022019202920392049205924FF008
:10C01400040E8DF804E0ADF806008DF80C10ADF8B0
:10C024000EC08DF81030054B1978FDF751FE01A8AC
:10C03400FFF7AEFF07B05DF804FB00BF302B002014
:10C0440000B587B0002301930293039304930593EF
:10C0540002238DF80430ADF806008DF80C1001A809
:10C06400FFF796FF07B05DF804FB000070B50546C6
:10C074000C4616460A460E4B1978FDF729FE04B9FC
:10C0840070BD321E18BF01220A4B19782846FDF7ED
:10C094001FFE012E14BF00220122074B19782846E7
:10C0A400FDF716FE31462846FFF7CAFFE8E700BF52
:10C0B400302B00202F2B00202E2B002000B587B022
:10C0C40000230193029303930493059306238DF8AD
:10C0D4000430ADF80600039101A8FFF759FF07B03B
:10C0E4005DF804FB10B504460088FDF789FD0128BE
:10C0F40005D0214631F8040BFFF7E0FF10BD0246DE
:10C104002088237913F0010F00D102220121FFF7C7
:10C11400ADFFEEE700B587B00023019302930393CC
:10C124000493059307238DF80430ADF8060001A8A5
:10C13400FFF72EFF07B05DF804FB00B587B00323BB
:10C144008DF804300388ADF80630437913F0040FFA
:10C154000AD001238DF80C308DF80D1001A8FFF7DB
:10C1640017FF07B05DF804FB0223F3E7F0B583B0D3
:10C1740043B304460E4617461D4600F580706B46D1
:10C184000122072180B2FFF72FFB112818D030BB02
:10C194005022002101980BF0A9F8019B1E7001990F
:10C1A40001F134032B60EF6001F118032B614B1C88
:10C1B4006B611B4BEB6111312046FEF745FCF0B976
:10C1C40003B0F0BD1748184BC01AC0080004174A42
:10C1D400174940F0010005F0E5FA0320F0E7114D9E
:10C1E400114BED1AED082D0404F0FEFE0246234621
:10C1F400104945F0010005F0DFFA0320E0E7094D9E
:10C20400094BED1AED082D0404F0EEFE0246234618
:10C21400094945F0020005F0CFFA0820D0E700BF35
:10C2240090460020E87403000874030070D30300F0
:10C234005088030084880300E88803002DE9F8434C
:10C2440004460D461646184B1978FDF727FD90B1A4
:10C25400012704F58070072180B2FFF735FB804683
:10C2640008B1052809D133462A4639462046FFF746
:10C27400C5FEBDE8F8830227EBE70C4B0C4AA3EBA1
:10C2840002094FEAD9094FEA094904F0ADFE024612
:10C294002346084949F0010005F08EFA414620463C
:10C2A400FFF797FEDFE700BF2E2B0020E8740300A2
:10C2B400087403003889030070B506460C46154619
:10C2C4000C4B1978FDF7EAFC00B970BD0A4B1978DC
:10C2D4003046FDF7E3FC28B12A4621463046FFF7F5
:10C2E400ADFFF2E72B46224600213046FFF786FEDB
:10C2F400EBE700BF302B00202F2B002008B503797B
:10C304003D2B06D04FF4885100220088FFF7D4FF5C
:10C3140008BD41F23D01F7E708B5427902F0030296
:10C3240001790088FFF7C8FF08BD0000F0B585B0AB
:10C33400044600F10C063046FEF7EAFB4FF6FF73A5
:10C34400984227D0054601462088FEF703FC0022C8
:10C3540001212088FFF78AFE4FF6FF739D421ED10C
:10C36400002700231A4639462088FFF700FE0646B8
:10C37400082833D000283CD1A37D13F0010F4BD003
:10C38400002F49D1002341F2060219462088FFF705
:10C3940035FE41E02088FEF741FB0546D7E702AAB7
:10C3A40007212846FFF71AFAA0B9039FA37D13F0CB
:10C3B400010F11D097F8443013F0010F01D0343736
:10C3C400CFE7314607F14600FEF78DFB0028F6D192
:10C3D4000027C6E70027C4E70027C2E70F48104B31
:10C3E400C01AC00800040F4940F0020005F0D4F957
:10C3F40012E00A4F0A4BFF1AFF083F0404F0F4FD51
:10C40400024600952388084947F0010005F0DFF94A
:10C4140031462088FFF7DDFD05B0F0BDE874030068
:10C4240008740300A4890300148A03002DE9F0436F
:10C4340085B00446078800225D4B19783846FDF71D
:10C4440047FC637913F0040F3FD007F58076B6B24A
:10C4540002AB012207213046FFF7C6F980460028C7
:10C464003AD13846FEF7DAFA05464FF6FF7398429A
:10C4740049D04FF000082A4607213046FFF77CFADE
:10C484008146002800F08680862800F08880494E86
:10C49400494BF61AF608360404F0A6FD0246009548
:10C4A4003B46464946F0010005F091F949463846B5
:10C4B400FFF78FFD00212046FFF73FFEB8F1000F84
:10C4C40007D02846FEF750FB03E000212046FFF783
:10C4D40034FE05B0BDE8F083364D374BED1AED0858
:10C4E4002D0404F081FD02463B46354945F0010028
:10C4F40005F062F941463846FFF76BFD00212046FE
:10C50400FFF71BFEE5E719460398FEF769FA0546AF
:10C514004FF6FF7398421CD001463846FEF71AFBCB
:10C52400284B19783846FDF7B9FB804610B14FF017
:10C534000008A0E73846FFF739FD224B1978384642
:10C54400FDF7ACFB002896D100212046FFF7F5FD4E
:10C55400BFE7FEF755FF05464FF6FF73984206D036
:10C5640001463846FEF7F6FA4FF0010883E7114812
:10C57400114BC01AC0080004134940F0010005F033
:10C584000BF904213846FFF724FD00212046FFF76C
:10C59400D4FD9EE701212046FFF7CFFD99E73846F9
:10C5A400FFF7B8FD01212046FFF7C7FD91E700BF63
:10C5B400302B0020E874030008740300148B03007C
:10C5C400848A03002D2B0020E08A030008B5037938
:10C5D40013B9FFF72BFF08BDFFF79EFEFBE7000032
:10C5E40010B586B00446144B19780088FDF756FB45
:10C5F40008B106B010BD2088FDF726FB38B9012329
:10C6040041F2060200212088FFF7F8FCF1E700223E
:10C614000A4B19782088FDF75BFB03238DF804305F
:10C624002388ADF8063000238DF80C308DF80D30DA
:10C6340001A8FFF7ADFCDCE72F2B0020302B0020F6
:10C644002DE9F04188B007460D461646FDF7D8FAA5
:10C6540004462022002168460AF048FE012C16D028
:10C66400002C4FD0002D3FD03846FEF7D7F94FF6B7
:10C67400FF73984227D0012C10D04FF000082B787C
:10C6840013F0010F25D10396204B07932EE00022CF
:10C694001F4B19783846FDF71BFBE1E71C4B197853
:10C6A4003846FDF7FBFA10B14FF00008E7E73846CB
:10C6B400FFF77CFC164B19783846FDF7EFFA28B1E2
:10C6C4004FF00008DBE74FF00008D8E74FF085088B
:10C6D400D5E7B8F1850F09D06B4632462146384676
:10C6E400FFF744FD58B901E04FF08508012C00D054
:10C6F40000256B462A4641463846FFF736FC08B00B
:10C70400BDE8F08143F20200F9E700BF9046002043
:10C714002D2B002038B504460D46FDF771FA01288B
:10C7240002D043F2020038BD29462046FFF729FC17
:10C73400F9E708B50388113B092B09D8DFE803F0B2
:10C744000508090D0808080811150430FFF7D6FD7F
:10C7540008BD0430FFF7C6FCFAE70430FFF7E6FD36
:10C76400F6E70430FFF732FFF2E70430FFF738FF53
:10C77400EEE700000022026042608260014A126813
:10C7840002607047D846002010B5044610460023C6
:10C7940023606360A360E360236121706280FEF71D
:10C7A4003DF9A080204610BD00B583B06A4607213C
:10C7B400FFF714F838B9019B93F8443013F0010FD4
:10C7C40002D0012000E0002003B05DF804FB38B57E
:10C7D4000546002404B138BD2846FFF7EDF90134BD
:10C7E400F8E708B5FFF7F3FF08BD30B587B00D468D
:10C7F40014460246062101A8FFF7C6FF03950494D8
:10C8040001A8FFF7E4FF07B030BD10B586B00246BB
:10C814000C46082101A8FFF7B7FF039401A8FFF70E
:10C82400D6FF06B010BD000010B50446134611290A
:10C834000DD000226BB10A4B19782046FDF748FA57
:10C844000022084B19782046FDF742FA10BD012258
:10C85400F0E7044B19782046FDF73AFAF6E700BFF3
:10C86400312B0020342B002070B586B005461129E9
:10C8740034D8DFE801F02D333333333333332D33FE
:10C88400333333093333332D16461F481F4BC01A35
:10C89400C00800042A461E4940F0020004F082FF4A
:10C8A4002A4604210DEB0100FFF76EFF96B13378A1
:10C8B40013F0010F10D102238DF80C3000238DF8F2
:10C8C400103041F20113ADF80E3001A8FFF77FFFDD
:10C8D40006B070BD0223EFE70123EDE70C460A4ED4
:10C8E4000A4BF61AF6083604084604F07DFB0246A5
:10C8F4002B46084946F0010004F05EFF2146284615
:10C90400FFF783FFE4E700BFE0740300087403004B
:10C91400808B0300388C030030B585B004460D4687
:10C9240001A8FFF727FF01AA29462046FFF75DFF6C
:10C93400094B1A6801992046FFF782FE0546012239
:10C9440001462046FFF770FF019A29462046FFF76B
:10C954008BFF05B030BD00BFD046002008B50021D4
:10C96400FFF7DAFF08BD00002DE9F04385B0044667
:10C9740016461F46884689B901A8FFF7FBFE01AA9F
:10C9840000212046FFF731FFDDF80490284B1B7887
:10C9940033B99DF80D301BB9052625E04FF0000989
:10C9A400324649462046FFF7B5FE054600220146B9
:10C9B4002046FFF739FF112D1AD80123AB4042F668
:10C9C4000112134229D113F4003F15D04246194BEA
:10C9D40019782046FDF77CF93246174B1978204622
:10C9E400FDF776F90026E7B9304605B0BDE8F083D7
:10C9F40043F202039D4212D0104E114BF61AF60870
:10CA04003604284604F0F0FA024623460D4946F05F
:10CA1400010004F0D1FE0326E5E72E46E3E72E46A7
:10CA2400E1E74A4629462046FFF71EFFDCE700BF40
:10CA3400D4460020322B0020332B0020E074030066
:10CA440008740300A48C030038B50446084B197815
:10CA5400FDF724F90546074B19782046FDF71EF922
:10CA6400014601232A462046FFF77EFF38BD00BF5A
:10CA7400332B0020322B0020002943D0F8B5054683
:10CA84000C46FDF7CFF8064600283DD02846FDF7B2
:10CA9400C5FF0746022E14BF00260126237866F33D
:10CAA400000323704FF6FF73C31A18BF01232278C3
:10CAB40063F3C30222702846FDF7C6F8237860F3B7
:10CAC400410323702846FDF7CDF8237860F38203F1
:10CAD40023702846FDF7D4F830B10122237862F39D
:10CAE400041323700020F8BD2846FDF7ADF808B9FB
:10CAF4000022F3E73846FFF757FE08B90022EDE7B6
:10CB04000122EBE70E20704743F20200EBE710B579
:10CB140082B00C4600238DF80430E0238DF80430F5
:10CB240001A9FFF7A9FF9DF80430DB435BB222782B
:10CB34001A4010B912B9012000E0002002B010BD63
:10CB440030B583B00446194B1B6833B34088FDF7F6
:10CB54007BF8014608B9024621E000258DF804500F
:10CB6400237AC3F340012A4661F382028DF804203C
:10CB7400D2B263F3C3028DF80420C3F38003D2B2AC
:10CB840063F304128DF8042001A96088FFF7BFFF46
:10CB940080F00102D2B2294601E0002201210123E2
:10CBA4006088FFF7E1FE03B030BD00BFD846002027
:10CBB40010B504460378062B07D0132B01D1FFF7D9
:10CBC400BFFF2046FFF70DFE10BD81684088FFF7C8
:10CBD400A3FEF9E708B503780C2B02D8092B02D27F
:10CBE40008BD142BFCD100220549064B1878FDF72B
:10CBF40089F800220449054B1878FDF783F8EFE71C
:10CC040061C90200312B00204DCA0200342B0020E0
:10CC140008B5FFF78EFD00220549064B1878FDF78D
:10CC240071F800220449054B1878FDF76BF808BD2C
:10CC340061C90200312B00204DCA0200342B0020B0
:10CC44000268134600E01B6813B18B42FBD101E07C
:10CC54000A60016070470346006808B102681A6000
:10CC64007047000038B5054608B9064C04E0064C88
:10CC740002E04368284698472046FFF7ECFF002867
:10CC8400F7D138BDE4460020EC46002010B5044638
:10CC940010B1012C06D010BD054B01225A70FFF7CC
:10CCA400E1FFF6E70120024B9870FFF7DBFFF2E7A4
:10CCB400DC46002000B1704708B5034B01225A70CE
:10CCC400FFF7D0FF08BD00BFDC46002008B505F023
:10CCD40007FA20B9074BD3F800342BB108BD064935
:10CCE4007B2003F033F9F5E700F0EEF9034B002263
:10CCF4009A70F3E7000001400C8D0300DC4600202D
:10CD040010B5104B1B784BB185240F4BD3F800346E
:10CD140013B10C4B01229A70204610BD094B00221E
:10CD24009A605A601A61DA60084800F07FF9044694
:10CD340005F0D6F918B1034B01221A70E5E700F0AB
:10CD44008DF9F8E7DC4600200000014091CC020098
:10CD540010B582B00446224B1B78D3B1204B9B788C
:10CD6400E3B114B163680120984700238DF80730BC
:10CD74000DF1070002F0F0F8194AD3680133D360CB
:10CD84009DF8070002F0FAF8154BDB680BB302B00C
:10CD940010BD1449F62003F0D9F8DFE700238DF81D
:10CDA40007300DF1070002F0D7F81CB121460E48F8
:10CDB400FFF746FF0A4BDB6843B1094AD3680133E6
:10CDC400D3609DF8070002F0D9F8DDE700F05CF9C4
:10CDD400F3E704494FF4897003F0B8F8D7E700BFCC
:10CDE400DC4600200C8D0300EC46002000B583B027
:10CDF400144B1B78B3B1134BDB68CBB100238DF814
:10CE040007300DF1070002F0A7F80E4BDA68013A7B
:10CE1400DA60DB6893B19DF8070002F0AFF803B065
:10CE24005DF804FB084940F2171003F08FF8E2E7BD
:10CE340005494FF48C7003F089F8DFE7FFF746FFEC
:10CE4400E9E700BFDC4600200C8D030000B583B089
:10CE540001280DD0032823D038B9184B0122C3F878
:10CE64008020BFF34F8FBFF36F8F03B05DF804FBD7
:10CE740000238DF807300DF1070002F06DF8104B18
:10CE84001B7853B10E4BDA680132DA6001229A70D2
:10CE94009DF8070002F072F8E7E7FFF731FFF1E7CA
:10CEA400074B1B7823B100F0D9F8FFF79FFFDCE7AD
:10CEB400044940F2522003F049F8F4E700E100E0AD
:10CEC400DC4600200C8D030000B587B003788DF894
:10CED40004304368029383688DF80C30C36804936C
:10CEE40003698DF81430054B53F82130044A52F885
:10CEF400211001A8984707B05DF804FB0047002003
:10CF0400F046002070B584B08C46144686461EF860
:10CF1400045B1C4A42F825401B4A42F825301B4B4F
:10CF24000FCB04AE06E90F009CF800308DF80030FA
:10CF34009CF801308DF801309CF802308DF80230F5
:10CF44009CF803308DF803309CF804308DF80530DC
:10CF54009CF805308DF80630DCF8083002939CF814
:10CF64000C308DF80C309CF80D308DF80D3004B178
:10CF7400074C2B4622466946704601F0B7FC04B0C4
:10CF840070BD00BF00470020F046002080D303009E
:10CF9400CDCE0200002807DB00F01F024009012368
:10CFA4009340024A42F82030704700BF00E100E09D
:10CFB400002808DB4901C9B200F1604000F5614076
:10CFC40080F80013704700F00F004901C9B2014B0B
:10CFD4001954704714ED00E038B505460C468B1E15
:10CFE400DBB2012B03D94B1FDBB2022B04D8214641
:10CFF4002846FFF7DDFF38BD02496B2002F0A6FF8B
:10D00400F5E700BFB08D030008B5074B1B6813F0AC
:10D01400010F00D008BD06210020FFF7DDFF00202E
:10D02400FFF7B8FFF6E700BF00E100E010B50446E3
:10D0340048B1084B1B795BB9064B1C6001221A717D
:10D044000020587110BD0449A42002F07FFFF0E7CE
:10D054008520F7E710470020008E030008B5084B31
:10D064001B793BB1FFF7D0FF4FF080430122C3F897
:10D07400182508BD0349BD2002F068FFF2E700BF90
:10D0840010470020008E030000B583B00C4B1B79C1
:10D0940083B14FF080430022C3F80421D3F8042164
:10D0A4000192019A0222C3F8042301229A6003B078
:10D0B4005DF804FB0349EA2002F048FFE9E700BFFA
:10D0C40010470020008E030000B583B00F4B1B797E
:10D0D400BBB14FF080430222C3F808230022C3F8F7
:10D0E4000421D3F804210192019A0122DA604FF05D
:10D0F4008043D3F8183413F4803FF8D103B05DF8BB
:10D1040004FB0349F72002F021FFE2E71047002067
:10D11400008E030000B583B04FF08043D3F8003194
:10D124009BB14FF080430022C3F80021D3F80021C3
:10D134000092009A0122C3F80823104B5B7923B9AB
:10D144000E4B5A711B68002098474FF08043D3F868
:10D1540004317BB14FF080430022C3F80421D3F89B
:10D1640004210192019A0222C3F80823034B1B688D
:10D174000120984703B05DF804FB00BF104700206E
:10D18400002807DB00F01F02400901239340024AF4
:10D1940042F82030704700BF00E100E0002808DBBF
:10D1A4004901C9B200F1604000F5614080F8001304
:10D1B400704700F00F004901C9B2014B1954704780
:10D1C40014ED00E010B40D4C00F5A27054F82030BA
:10D1D40023F44F3323F4407344F8203054F82030C0
:10D1E400090201F47C51120402F4403211430B434E
:10D1F40044F820305DF8044B704700BF00600040E5
:10D2040000B583B084468E460D4B93E8030002AB11
:10D2140003E9030063460BE002A901EB830151F823
:10D22400081CD1F8200542F8040BC1F8200501338D
:10D234000CEB0E009842EFD803B05DF804FB00BF7E
:10D2440090D30300430904D0012B0BD14FF6FF7395
:10D2540001E04FF0FF3300F01F0023FA00F000F06C
:10D26400010070470023F6E7034B034493F9600081
:10D2740000F03F00704700BF18470020034B0344F1
:10D2840093F96000C0F38110704700BF1847002075
:10D2940010B5864614461AB100234FF0080C04E07A
:10D2A40008234FF00C0C00E00133634513D20B4A02
:10D2B40052F82320B2F1FF3FF6D158B2074A02EBED
:10D2C4000E0C8CF8300042F8231034B9083B134498
:10D2D40083F860E001E04FF0FF3010BD18470020F4
:10D2E400064B4FF0FF3243F82020072804D90838B2
:10D2F4000344FF2283F86020704700BF18470020D2
:10D3040010B50446024602210020FFF779FF0023EE
:10D31400012B04D854F823201AB90133F8E700206C
:10D3240010BD0120FCE7000010B504460068FFF7BB
:10D3340089FF38B123681F2B0AD903F01F03236028
:10D34400054810BD05494FF4F67002F0FFFDF1E702
:10D354004FF0A040F5E700BF00030050FC7C030041
:10D3640010B582B00C46019001A8FFF7DDFFA400C0
:10D37400019B03F5E07340F8234002B010BD00B5F3
:10D3840083B0019001A8FFF7CFFF019B03F5E07381
:10D3940050F8232022F0020240F8232003B05DF865
:10D3A40004FB00B583B0019001A8FFF7BDFFD0F8DE
:10D3B4001005019BD84000F0010003B05DF804FBA8
:10D3C40010B582B001900C4601A8FFF7ADFF019B98
:10D3D40003F5E07350F8232022F4403240F8232070
:10D3E40050F8232042EA044240F8232002B010BD42
:10D3F40000B583B0019001A8FFF796FF019B03F5E8
:10D40400E07350F82300C0F3014003B05DF804FB5F
:10D4140000B583B0019001A8FFF786FF0123019AAC
:10D424009340C0F8203503B05DF804FB2DE9F041CA
:10D43400064645E0032126E0B8F1010F36D1414606
:10D44400284698470134032C36D81F4B234493F9BC
:10D454006030B3F1FF3FF5D02046FFF705FF0546E6
:10D46400C20800F0070101238B40B25C1342E9D0EB
:10D474002046FFF703FF80462846FFF7B9FF07461B
:10D484000228D7D002212846FFF79AFF2846FFF743
:10D49400BFFF0D4B5A1992F9302053F82230002B5C
:10D4A400D0D0B8F1030FCAD0022FC5D0032FC9D1F1
:10D4B400B8F1020FC6D1C2E73046FFF721FF08B129
:10D4C4000024C0E7BDE8F0811847002030B583B0E0
:10D4D4001C4B93F86A5095BB2C4601E00134E4B22E
:10D4E4002F2C0FD82046FFF7ADFE0028F6D0154BA1
:10D4F4002344FF2283F83020F0E72846FFF7F0FEAC
:10D504000135EDB20B2DF8D90F4D00242C60AC8001
:10D5140006210846FFF742FE0620FFF731FE0B4BBB
:10D52400C3F87C41D3F87C210192019A4FF0004268
:10D53400C3F804230123AB71204603B030BD082097
:10D54400FBE700BF184700207C4700200060004034
:10D5540070B504460D461646FFF774FE38B1254BE8
:10D56400234493F93030002B07DB082070BD224997
:10D574004FF40C7002F0EAFCF1E7AA78C2F340021F
:10D5840031462046FFF784FE0646B0F1FF3F2FD018
:10D59400AB7813F0040F0FD113F0010F1CD0204609
:10D5A400FFF7EDFEE30804F0070C1448C25C012108
:10D5B40001FA0CF10A43C254AB7813F0020F10D1F4
:10D5C400083E0C4B334493F96020297842EA8112D7
:10D5D40083F860200020C9E769782046FFF7C0FE81
:10D5E400E0E72A7821463046FFF7ECFD0020BDE74E
:10D5F4000420BBE718470020A08E03007C470020CE
:10D6040030B583B004460D46FFF71CFED0B12C4B59
:10D61400234493F93030002B1ADB294B234493F92C
:10D624003000072823DD0838FFF728FE05460328C5
:10D6340014D0012819D0032529462046FFF7C0FE3F
:10D6440003B030BD1F494FF4187002F07FFCDEE7D1
:10D654001C4940F2612002F079FCDEE72046FFF726
:10D66400A0FE0028E8D10225E6E70225E4E7C3B2DC
:10D67400072BE5D800F140039BB29B009BB21249F3
:10D6840000F5A27C51F82C2042F0010241F82C2034
:10D6940003F1804303F5C04300221A601B68019321
:10D6A400019B002DCCD0064B1C4494F9302053F838
:10D6B4002230002BC4D001238340C1F80433BFE7D8
:10D6C40018470020A08E03000060004010B50446F7
:10D6D400FFF7B8FD30B12046FFF763FE003818BFEE
:10D6E400012010BD024940F2B22002F02FFCF2E703
:10D6F400A08E030070B584B0002502950395012027
:10D704004FF48073294603E0400004339BB2013197
:10D71400072912D803F1804202F5C0421468012C93
:10D72400F2D1234CD4F804432042EDD000241460F9
:10D7340012680092009A0543E6E71D4BD3F87C314A
:10D74400012B06D015F0FF0F2AD1002D2BDB04B0DE
:10D7540070BD174B0020C3F87C01D3F87C310193D2
:10D76400019B45F0004502AA0221FFF749FDE9E7C4
:10D7740076000134072CE8D82E42F9D00C4B04F57E
:10D78400A27253F82200C0F3052053F82210C1F30B
:10D794000141084B53F82430002BE9D09847E7E7C0
:10D7A40001260024E6E702A8FFF740FECFE700BF0A
:10D7B4000060004018470020034B984201D1034801
:10D7C40070470020704700BF0020004084470020BD
:10D7D40008B5064B1B681BB1044B1B68984708BD72
:10D7E4000349512002F0B2FBF6E700BF8447002052
:10D7F400488F030070B582B00C460546B8B1284680
:10D80400FFF7DAFF0546B8B100238DF807300DF1B4
:10D81400070001F0A1FB2E7916B92C6001232B71AE
:10D824009DF8070001F0AAFB4EB9002005E0054968
:10D83400772002F08BFBE2E7002002B070BD1120DC
:10D84400FBE700BF488F0300002807DB00F01F023E
:10D85400400901239340024A42F82030704700BF38
:10D8640000E100E0002808DB4901C9B200F1604092
:10D8740000F5614080F80013704700F00F00490183
:10D88400C9B2014B1954704714ED00E0430904D0A8
:10D89400012B0BD14FF6FF7301E04FF0FF3300F083
:10D8A4001F0023FA00F000F0010070470023F6E7A0
:10D8B40010B483B0844602240C714A71096889B19A
:10D8C40012F0040F23D1822112F0080F01D041F08D
:10D8D400200112F0100F01D021F08001DCF80000CB
:10D8E400C0F80013DCF800100024C1F80441D1F89A
:10D8F40004110191019912F0800F0AD1DCF8002083
:10D904000121D150002003B05DF8044B70479221EF
:10D91400DAE7DCF800001844F5E730B585B00446D2
:10D924000D46D0F8103173B10023C0F81031D0F88F
:10D9340010310093009B4B7913F0040F03D00B6854
:10D944000BB101209847D4F8143173B10023C4F803
:10D954001431D4F814310193019B6B7913F0080F3F
:10D9640003D02B680BB102209847D4F81C3173B153
:10D974000023C4F81C31D4F81C310293029B6B7948
:10D9840013F0100F03D12B680BB100209847D4F883
:10D99400043163B10023C4F80431D4F8043103938F
:10D9A400039B01232B712B680BB10320984705B00F
:10D9B40030BD000010B504460068FFF767FF38B1BA
:10D9C40023681F2B0AD903F01F032360054810BDE9
:10D9D40005494FF4F67002F0B9FAF1E74FF0A040B0
:10D9E400F5E700BF00030050FC7C030000B583B0E2
:10D9F400019001A8FFF7DEFF0123019A9340C0F8CC
:10DA0400083503B05DF804FB00B583B0019001A8AC
:10DA1400FFF7D0FF0123019A9340C0F80C3503B0FF
:10DA24005DF804FB00B583B0019001A8FFF7C2FFC5
:10DA3400019B03F5E073032240F8232003B05DF853
:10DA440004FBF0B585B007460E4600240AE0FFF754
:10DA5400CDFF04AB03EB850555F8100CFFF7E2FF8F
:10DA64000134E4B2032C18D82546335DFF2B0CD0C7
:10DA740023F0800004AA02EB840242F8100C13F095
:10DA8400800FE4D1FFF7C0FFE3E74FF0FF3204ABB0
:10DA940003EB840343F8102CE2E7386800230AE020
:10DAA40004AA02EB830252F8101C03F5AC7240F88E
:10DAB40022100133DBB2032BF2D905B0F0BD000014
:10DAC40038B505460C468B1EDBB2012B03D94B1F20
:10DAD400DBB2022B04D821462846FFF7C3FE38BD2B
:10DAE40002496B2002F032FAF5E700BFB08D030063
:10DAF40070B506460C461546012904D84DB12934A3
:10DB04006401355170BD064940F2B72002F01EFA97
:10DB1400F4E703494FF42E7002F018FAEFE700BF60
:10DB2400E88F030070B505460C461646012908D84F
:10DB34006EB116F4004F10D1293405EB44156E6014
:10DB440070BD09494FF4307002F000FAF0E706495D
:10DB540040F2C12002F0FAF9EBE7034940F2C22097
:10DB640002F0F4F9E8E700BFE88F030070B504465B
:10DB74000E461546012907D8B5F1807F0AD204EB79
:10DB84004614C4F8285570BD054940F2CA2002F075
:10DB9400DDF9F1E7024940F2CB2002F0D7F9EEE7D4
:10DBA400E88F030070B504460E461546012907D8D0
:10DBB400B5F1807F0AD204EB4614C4F82C5570BD2D
:10DBC400054940F2D32002F0C1F9F1E702494FF4CC
:10DBD400357002F0BBF9EEE7E88F030070B5044638
:10DBE4000D461646A2B1326829462046FFF780FF4B
:10DBF400B28829462046FFF795FFB2682946204699
:10DC0400FFF7B4FFF26829462046FFF7CBFF70BD4B
:10DC1400024940F2AB2002F099F9E4E7E88F0300EF
:10DC24002DE9F04784B0044617460D46002964D018
:10DC34002679384B03EBC6031B79002B68D1354B8F
:10DC440043F8367029462046FFF7FBFE236801227D
:10DC5400C3F80025276895F805A095F80690B5F84F
:10DC64000880B5F90830002B4CDBC7F80CA5C7F8C1
:10DC74000495C7F808852268AB7AE97A43EA012358
:10DC8400C2F8103522680023C2F800322268C2F8B4
:10DC940000332268C2F81C31D2F81C210392039A83
:10DCA4002268C2F81031D2F810210292029A226836
:10DCB400C2F81431D2F814210192019A2268C2F8F0
:10DCC4000431D2F804310093009B124B53F83630E0
:10DCD40053B12068297940F30730FFF7F1FE20683B
:10DCE40040F30730FFF7B0FD0A4B03EBC6030122F4
:10DCF4001A71002004B0BDE8F0870749802002F0C3
:10DD040025F995E705494FF4287002F01FF9ACE7AF
:10DD14000820EFE78C47002038900300E88F0300C9
:10DD24002DE9F04104460F4616461D460279254B5F
:10DD340003EBC20898F8043003B32EB33B6803F036
:10DD44006043B3F1005F25D13A4600212068FFF714
:10DD540045FF3A4601212068FFF740FF06F0010124
:10DD6400226801EB5603C2F8143515F0010F17D1E0
:10DD740015F0020315D001B3082312E012494FF441
:10DD84008D7002F0E3F8D8E70F4940F21B1002F05F
:10DD9400DDF8D3E70C494FF48E7002F0D7F8D3E7DF
:10DDA40010232268C2F80032EAB241B10C23414682
:10DDB4002046FFF77DFDBDE8F0810423F1E7082349
:10DDC400F5E700BF8C4700203890030038B50446BF
:10DDD40005790F4B03EBC5031B798BB10C4B03EB9C
:10DDE400C5031B79DBB2022B10D001202368D3F8C2
:10DDF400043123B1064B03EBC5030120187138BD70
:10DE040004494FF4CC7002F0A1F8E7E70020EDE7F5
:10DE14008C4700203890030038B504460D4602793B
:10DE2400104B03EBC2031B79ABB123680022C3F888
:10DE34000022236801225A602046FFF7C7FF0346E9
:10DE440038B92046FFF7C2FF034610B9002DF8D1B8
:10DE54002B46184638BD044940F2731002F076F898
:10DE6400E3E700BF8C4700203890030008B502495F
:10DE74000248FFF752FD08BD8C47002000C0014056
:10DE8400002807DB00F01F02400901239340024AE7
:10DE940042F82030704700BF00E100E000280CDBAE
:10DEA40000F01F024009012393402030034A42F846
:10DEB4002030BFF34F8FBFF36F8F704700E100E056
:10DEC400002808DB4901C9B200F1604000F5614057
:10DED40080F80013704700F00F004901C9B2014BEC
:10DEE4001954704714ED00E010B40B7803F00303E9
:10DEF4004A78120102F0300213438A78120202F4C3
:10DF0400E0621343CA78120302F4805213430A797D
:10DF1400120402F4E02213434A79120502F4801237
:10DF240013438A79120602F080721343074A02EB04
:10DF34000014C4F81835CC79097A5130030102EB86
:10DF440000104160D4505DF8044B704700700040ED
:10DF540038B505460C468B1EDBB2012B03D94B1F8B
:10DF6400DBB2022B04D821462846FFF7A9FF38BDAF
:10DF740002496B2001F0EAFFF5E700BFB08D030012
:10DF840010B588B0684BD3F80431002B2CD0664B05
:10DF94000022C3F80421D3F804310093009B634B9F
:10DFA40093F82E2012B193F82F30EBB100238DF8A3
:10DFB40014305E4B596806911989ADF81C10D96864
:10DFC400002964D0594B188B58835960188100215B
:10DFD400D96012B9544B01221A60544C236805A825
:10DFE4009847002384F82F30504B93F82E3053B3C6
:10DFF4004D4BD3F8003133B34B4B0022C3F800210F
:10E00400D3F800310193019B484A538B92F82D2099
:10E0140093423FD99B1A9BB244494B834868098970
:10E0240089B2CB1A00EB43033F49C1F82C36C1F83F
:10E0340030263D4B0022C3F80421D3F80421029278
:10E04400029A01225A60384BD3F810317BB1364B17
:10E054000022C3F81021D3F810310393039B334BF0
:10E064001A7402228DF814201B6805A898472E4BB9
:10E07400D3F814314BB32C4A0023C2F81431D2F82C
:10E0840014210592059A294A137408B010BD002280
:10E094001A74A2E7934208D09342CAD1234B0122B7
:10E0A40083F82F2000225A83C3E72049C968002936
:10E0B400F2D01E4B012083F82F00002058831A4B06
:10E0C400C3F82C16C3F83026B3E7184B5C69002C50
:10E0D400DBD0B4FA84F34FF00042DA4024EA0204BD
:10E0E40046339B0003F1804202F5E04211680029A7
:10E0F400EDD00021116012680492049A01228DF877
:10E104001420A3F58C73C3F3C7028DF8182013F001
:10E11400040F0CBF01230B468DF81930034B1B6809
:10E1240005A89847D3E700BF00700040944700203B
:10E1340070B584B00C460646002849D0002C4CD05B
:10E14400294B93F82C30002B4CD1274D2C6033787D
:10E15400264CC4F8F0357378C4F8F435F37885F8B0
:10E164002E30012385F82C3000232B7485F82D30B4
:10E174006B6185F82F306FF00042C4F80823C4F8AF
:10E184000431D4F804210392039AC4F80031D4F87A
:10E1940000210292029AC4F81431D4F81431019384
:10E1A400019BB1780720FFF7D3FE0720FFF768FE35
:10E1B4000223C4F8043395F82E3013B10122C4F8B5
:10E1C40004230A4B0122C3F80025002004B070BDCB
:10E1D4000749D82001F0BAFEB0E70549D92001F07B
:10E1E400B5FEADE70820F1E7944700200070004039
:10E1F400D490030038B505460C462D4B93F82C30CB
:10E20400002B34D0072D38D82A4BD3F8F43513F02B
:10E21400FF0F04D0264B93F82D30002B33D1E37934
:10E22400013BDBB20C2B34D8237A0D2B37D8204B8F
:10E234001B7C002B39D105F10C021D4B03EB42036F
:10E244001B792BB91A4A92F82D30013382F82D30FC
:10E25400E27905F10C01164B03EB41031A71227AA2
:10E264005A7121462846FFF73FFE002038BD124967
:10E2740040F2251001F06AFEC4E70F494FF4937091
:10E2840001F064FEC0E70C494FF4947001F05EFEA7
:10E29400C5E709494FF4967001F058FEC4E70649F2
:10E2A4004FF4977001F052FEC1E71120DEE700BF82
:10E2B4009447002000700040D4900300404B1B7C26
:10E2C400002B7AD130B583B03D4A012414743D4B00
:10E2D4000325C3F80853C3F82C16C3F8304692F844
:10E2E4002D30A3420DD9002209E0D3B23549513370
:10E2F4001D0101EB031300245C604C510132072A19
:10E30400F3D900F10C022E4B03EB420319795C792B
:10E314002C4B5130020103EB001044609950012250
:10E324001A605A6042F21073264AD2F804211AB9CC
:10E33400013BF9D1002300E00123A3B1214B0022CA
:10E34400C3F80021D3F8001101910199C3F8042105
:10E35400D3F804310093009B194B93F82D30012B13
:10E3640019D9002215E018494FF4D27001F0EEFDDE
:10E37400E4E702F10C01124B03EB41031C795D79D4
:10E38400D3B210495133180101EB03135D600C50F3
:10E394000132072AEDD90A4B93F82E3043B1094BC9
:10E3A4000322C3F804230020054B187403B030BDC6
:10E3B400044B0222C3F80423F5E71120704700BF81
:10E3C4009447002000700040D4900300F8B505463F
:10E3D4000E461446414B93F82C30002B3BD03F4B58
:10E3E4001B68002B3DD016F5006F40DBB4F5006FC1
:10E3F40043DAA64247DAB2B242EA04422B0103F1FD
:10E40400804303F5E043C3F81C25072D41D86F0072
:10E414008021B94016F5006F41D0304843697E1C15
:10E424004FF00042F240134343612D4BC3F80413F1
:10E43400072D41D84023BB4040F2FF72944241D0A3
:10E44400264842694FF00041F9400A434261244A98
:10E45400C2F80433F8BD234940F2692001F076FD87
:10E46400BDE7204940F26A2001F070FDBBE71D4979
:10E4740040F26B2001F06AFDB8E71A494FF41B70B3
:10E4840001F064FDB5E7174940F26D2001F05EFD2F
:10E49400B1E7154940F2D62001F058FDB7E70F481F
:10E4A40043697E1C4FF00042F24023EA02034361B9
:10E4B4000B4BC3F80813BBE70B4940F2D62001F01D
:10E4C40045FDB7E7054842694FF00041F94022EAAB
:10E4D40001024261024AC2F80833BBE794470020B4
:10E4E40000700040D49003006C91030038B50446DA
:10E4F40007282BD81C4B93F82C306BB31A4B1B7C7E
:10E5040083BB04F10C02184B03EB42031B792BB1C0
:10E51400154A92F82D30013B82F82D3004F10C029B
:10E52400114B03EB420300251D715D710F4A04F189
:10E534005103190102EB03135D60555040F2FF7261
:10E544000B492046FFF742FF284638BD09494FF4DE
:10E55400B17001F0FBFCCDE7064940F2631001F015
:10E56400F5FCCBE71120F0E7944700200070004051
:10E5740000F8FFFFD490030010B5244B93F82C301F
:10E584009BB1234C6FF00043C4F808330720FFF716
:10E5940085FC0123A36042F210731D4AD2F81421B2
:10E5A4004AB9013BF9D1002306E01A4940F20710A9
:10E5B40001F0CCFCE5E7012333B10024144BC3F88C
:10E5C4000045124B1C7406E012494FF4887001F0A8
:10E5D400BDFCF2E70134072C12D804F10C020B4BFA
:10E5E40003EB42031B79002BF4D0E0B2FFF77EFF6C
:10E5F4000028EFD007494FF48D7001F0A7FCE9E73C
:10E60400024B002283F82C2010BD00BF9447002049
:10E6140000700040D4900300002807DB00F01F02C4
:10E62400400901239340024A42F82030704700BF5A
:10E6340000E100E0002808DB4901C9B200F16040B4
:10E6440000F5614080F80013704700F00F004901A5
:10E65400C9B2014B1954704714ED00E0003A18BFD9
:10E664000122022908D0032909D0012901D142F04D
:10E674000202C0F85425704742F00402F9E742F060
:10E684000602F6E7430904D0012B0BD14FF6FF73C2
:10E6940001E04FF0FF3300F01F0023FA00F000F018
:10E6A400010070470023F6E710B504460068FFF741
:10E6B400E9FF38B123681F2B0AD903F01F03236035
:10E6C400054810BD05494FF4F67001F03FFCF1E731
:10E6D4004FF0A040F5E700BF00030050FC7C0300AE
:10E6E40010B582B00C46019001A8FFF7DDFFA4002D
:10E6F400019B03F5E07340F8234002B010BD00B560
:10E7040083B0019001A8FFF7CFFF019B03F5E073ED
:10E71400032240F8232003B05DF804FB00B583B066
:10E72400019001A8FFF7C0FF0123019A9340C0F8AC
:10E734000C3503B05DF804FB00B583B0019001A86B
:10E74400FFF7B2FF0123019A9340C0F8083503B0E4
:10E754005DF804FB10B582B08446106820B100F067
:10E764006044B4F1005F34D1946824B104F060448F
:10E77400B4F1005F2DD15468CCF84405CCF8484579
:10E784009068D268CCF83405CCF838250022CCF84F
:10E794001821DCF818210192019A13F0010F1DD001
:10E7A4000122CCF8502513F0020F1BD00122CCF823
:10E7B400402513F0080F02D10122CCF810200A687A
:10E7C400A2B113F0040022D04023CCF80833002077
:10E7D40002E000234B77102002B010BD0022CCF8D9
:10E7E4005025E0E70022CCF84025E2E7DCF81831B8
:10E7F400002BFBD0C87FFF280DD08B7F1BB1FFF708
:10E804008DFF0020E8E7FFF797FF0020E4E74023AF
:10E81400CCF80433E0E70020DEE710B50446C07FFF
:10E82400FF2803D0A37F53B1FFF778FF002363775A
:10E834002372204650F8083B6168984710BDFFF7E3
:10E844007BFFF3E738B505460C468B1EDBB2012B84
:10E8540003D94B1FDBB2022B04D821462846FFF70D
:10E86400E9FE38BD02496B2001F070FBF5E700BFFB
:10E87400B08D0300D0F81831B3B110B582B00C4696
:10E884000023C0F81831D0F818310193019B0B68AC
:10E8940023B12046FFF7C1FF02B010BD034940F287
:10E8A400972001F053FBF4E7704700BFC4910300C5
:10E8B40008B502490248FFF7DDFF08BDC447002040
:10E8C4000030004008B503494FF04020FFF7D2FF65
:10E8D40008BD00BFE847002008B502490248FFF719
:10E8E400C9FF08BD0C480020003002402DE9F04764
:10E8F40082B00646914698460D46002900F08A806B
:10E90400347904EBC403534901EB83010B7F002BDF
:10E9140040F099803768504B53F824103846FEF77E
:10E9240069FF8246002840F091804A4B04EBC40200
:10E9340003EB820143F82290C1F804802B7B012B66
:10E944006DD92878FFF7F8FE2B78019301A8FFF71B
:10E95400ABFE019B03F5E073012240F8232095F8F8
:10E964000180B8F1FF0F5ED14FF0FF39A878FF287E
:10E9740061D14FF0FF38A97804EBC402354B03EBA7
:10E98400820383F82010E878D877FF280ED02B79FB
:10E99400002B55D0FFF7C2FEE878FFF7B0FE2979C7
:10E9A40004EBC4022B4B03EB820399772B78C7F853
:10E9B4000835C7F80C95C7F81085AB68C7F8243537
:10E9C4006A7B297B3846FFF749FEAB79C7F8C03527
:10E9D4000723C7F8003504EBC4031E4A52F823305A
:10E9E40053B13068697940F30730FFF72BFF306883
:10E9F40040F30730FFF710FE164B04EBC40203EBA1
:10EA0400820200215177134601221A77504602B040
:10EA1400BDE8F0871149AD2001F098FA70E7287835
:10EA2400FFF77CFE90E7C1464046FFF777FE40467D
:10EA3400FFF765FE9AE780460121FFF751FE9AE74A
:10EA4400FFF77AFEA8E74FF0080ADFE74FF0110A54
:10EA5400DCE700BFC447002098D30300C49103003F
:10EA64002DE9F04106460D469046047904EBC403B3
:10EA7400354F07EB83073B7F002B48D02B68002BD7
:10EA84004BD0AB68002B51D03379022B07D8EB68FD
:10EA9400B3F5803F03D26B68B3F5803F04D32B49B1
:10EAA4004FF40C7001F052FA04EBC402264B03EB52
:10EAB40082035B7F002B45D11346234A52F823304F
:10EAC4004BB118F0140F06D104EBC4021E4B03EB38
:10EAD400820301225A7704EBC4021B4B03EB820C22
:10EAE4000CF10C0E95E80F008EE80F009CF81F0047
:10EAF400FF2804D09CF81E300BB3FFF71DFE4346DD
:10EB04002A4639463068FFF725FEBDE8F0810F49F3
:10EB140040F22D2001F01AFAB0E76B68002BB0D058
:10EB24000A4940F22E2001F011FAAAE7EB68002B03
:10EB3400AAD0064940F22F2001F008FAA4E7FFF713
:10EB4400EDFDDCE71120E0E7C4470020C491030099
:10EB5400F0B583B005460F461646002401E00134A3
:10EB6400E4B2B44215D2A00000F5A0704FF4803393
:10EB7400A3402A58002AF2D0D5F804231342EED039
:10EB840000232B502B580193019B3B6879689847CD
:10EB9400E5E703B0F0BD000008B5042202490348CC
:10EBA400FFF7D6FF08BD00BF3048002000800040BA
:10EBB40008B5042202490348FFF7CAFF08BD00BF95
:10EBC4003C4800200090004008B504220249034854
:10EBD400FFF7BEFF08BD00BF4848002000A000406A
:10EBE40008B5062202490348FFF7B2FF08BD00BF7B
:10EBF4005448002000A0014008B5062202490348F9
:10EC0400FFF7A6FF08BD00BF6048002000B0014028
:10EC140082B001238DF807309DF80730134B18603C
:10EC240059609A6044F20103984213D044F20203FB
:10EC3400984207D10D4BDA60DA6812689A61DA6893
:10EC44005268DA6172B69DF80730002BFBD162B6C8
:10EC540002B07047054B1A611A6992685A611A69C1
:10EC640012689A611A695268DA61EBE76C4800200D
:10EC740000B583B002900091019244F20100714604
:10EC84006A4600F003F803B000BD00002DE9F0412E
:10EC940084B004460E46154672B602F0F9FD02F041
:10ECA40011FC0028FBD144F201039C423BD010D854
:10ECB400012C1FD041F201039C4250D12E482F4B0E
:10ECC400C01AC00800042E4940F0010002F064FD9F
:10ECD4001AE044F202039C4241D12748274BC01A50
:10ECE400C00800042B686A68264940F0010002F05D
:10ECF40063FD09E02048214BC01AC00800042249E2
:10ED040040F0010002F048FD204BD3F8F03013F03E
:10ED1400010F00D000BE2A4631462046FFF778FF97
:10ED240004B0BDE8F081144F144BFF1AFF083F04F0
:10ED340047F00107D5F80880404602F055F903462C
:10ED44006A68296802960191009242461049384641
:10ED540002F059FD0F49384602F01EFDD4E706487B
:10ED6400064BC01AC008000432460B4940F00100AB
:10ED740002F018FDC8E700BF5874030008740300CC
:10ED8400A8920300CC9203008892030000ED00E0F7
:10ED9400E8920300109303002493030030B585B078
:10EDA4004568002D48D00446037B002B46D1026001
:10EDB400EFF3058323B300230393009303AB0A46C5
:10EDC4000921284607F08CFB012801D0042036E0F5
:10EDD40007F01AF802460023009303AB06212846E5
:10EDE40007F07EFB0128F1D1039B0BB3164B4FF0C8
:10EDF40080525A6040BFBFF34F8FBFF36F8F17E04D
:10EE04000223009300230A460421284607F068FBE6
:10EE1400012801D0042012E006F0F0FF024602238C
:10EE2400009300230121284607F05AFB012808D14A
:10EE340001232373002002E0082000E0002005B035
:10EE440030BD0420FBE700BF00ED00E010B584B046
:10EE54000446406830B3EFF30583B3B10022039254
:10EE6400009203AB082107F03BFB01280BD1039B65
:10EE7400A3B10E4B4FF080525A6040BFBFF34F8F87
:10EE8400BFF36F8F0AE004200AE0022300930023FB
:10EE94001A46032107F024FB012805D10020207322
:10EEA40004B010BD0820FBE70420F9E700ED00E002
:10EEB400EFF3108272B6114B9B68CBB930B40F4993
:10EEC40001238B600E4BD3F880400E4D2C400C6018
:10EED400C3F88050D3F884404C604FF0FF31C3F83E
:10EEE40084100023037002B962B6002030BC70475E
:10EEF4000123037002B962B6002070478C480020D9
:10EF040000E100E0FC06FFBD094B9B686BB160B9F2
:10EF1400EFF3108172B6064B1868064A1060586801
:10EF2400506000229A6001B962B60020704700BFA9
:10EF34008C48002000E100E0EFF30583C3F30803ED
:10EF44003BB9EFF3148313F0010F0CBF0120002031
:10EF5400704701207047000010B50446FFF7ECFF2E
:10EF6400012803D12046FFF7A3FF10BD0249432027
:10EF740000F0ECFFF6E700BF3C93030010B5044635
:10EF8400FFF7DAFF012803D12046FFF7BDFF10BDCC
:10EF94000249512000F0DAFFF6E700BF3C9303007A
:10EFA40038B50546002402E0284698470134032C6E
:10EFB40005D8034B53F82430002BF5D1F6E738BDC0
:10EFC4000C4900200378013B052B34D8DFE803F01B
:10EFD40003061120293100230B70704701230B70A5
:10EFE40003898B818388CB81C3688B6000230B7476
:10EFF400704702230B7003898B818388CB81C3689C
:10F004008B60837D062B14BF002301230B74704790
:10F0140003230B70C3888B810389CB81C3688B6006
:10F02400704704230B70C3888B810023CB818B60D2
:10F03400704705230B707047884207D20368B3F109
:10F04400FF3F01D001207047002070470020704727
:10F054004388033300EB8300704738B504460D46FC
:10F06400FFF7F6FF85420CD3A2884FF6FF739A424E
:10F0740009D023884BB1A368B3F1FF3F07D0002028
:10F0840038BD0220FCE70120FAE70120F8E701205F
:10F09400F6E7000060B10A4AD26882420AD8084AF8
:10F0A4001269824208D310F0030F07D10120704780
:10F0B40000207047002070470020704700207047F0
:10F0C400082B00200A4A00EB800302EB83031B8910
:10F0D4000B4400EB800002EB8002528912FA83F0A9
:10F0E40080B2B0F5806F8CBF00200120704700BF54
:10F0F400D0480020002301E001339BB2012B0ED83D
:10F1040003EB830C074A02EB8C0252688A42F3D267
:10F1140002F580528A42EFD903800020704748F2FA
:10F1240009607047D04800208B7D022B04D90389E5
:10F13400CA881344033303814389CA889B1A033B57
:10F1440043817047F8B5033086B240F2FE339E42E5
:10F1540025D80D46002401E00134A4B2012C1BD8AB
:10F1640004EB84030F4A12F82330002BF4D1314608
:10F174002046FFF7A7FF0028EED02C80094B04EBB4
:10F18400840203EB8202528904EB840703EB8703B6
:10F1940032445A81002001E048F20660F8BD48F28A
:10F1A4000860FBE7D0480020064A01EB810302EB2C
:10F1B40083035B8901EB810102EB81021B1A033B90
:10F1C40053817047D0480020F8B50E4600EB80000C
:10F1D400134B03EB80035C6804F580550868A0B109
:10F1E400FFF736FF044629462046FFF725FF07466A
:10F1F40098B129462046FFF730FF012807D002289E
:10F204000AD00028EFD1346007E00834EBE7204649
:10F21400FFF71EFF0446E6E700273846F8BD00BFA7
:10F22400D048002030B583B005460C464068FFF74F
:10F2340031FF20B12A89174B1B899A4218D0002329
:10F2440023802388012B23D80023019301A920883C
:10F25400FFF7BAFF0146B8B1019B2A68986890424B
:10F26400F4D16B600B4B1B892B81084603B030BD76
:10F274002A6869688B689A42E1D12046FFF73AFF11
:10F28400B0FA80F14909F0E7238801332380D8E7F5
:10F294000021EAE7B8480020F8B51C461F4B1B784C
:10F2A400002B34D005460F461646002A32D03CB90E
:10F2B40048F2046027E000232360A3880133A3807D
:10F2C400A388012B20D803EB8303154A12F82330BB
:10F2D400002BF2D12146A088FFF776FF0028EAD060
:10F2E40023681DB199882A889142F3D11FB11988E6
:10F2F4003A889142EED19B68336023687360094B6E
:10F304001B8933810020F8BD48F20960FBE748F20D
:10F314000160F8E748F20460F5E700BF20490020E7
:10F32400D0480020B84800200B4A138901331381C8
:10F334000023538013730CE003EB83018A00074915
:10F344008A5CB2FA82F25209034919448A7201337F
:10F354009BB2012BF0D97047B8480020D048002058
:10F3640000B58646002301E001339BB2012B19D876
:10F374000E4A1A44927A002AF6D00C4A1A44002102
:10F38400917203EB83010A4A02EB8102D268002ADC
:10F39400EAD1074A02EB8102107C0028E4D0AEF8DF
:10F3A400003000E000205DF804FB00BFB8480020F6
:10F3B400D0480020044B5B685B880333034A918880
:10F3C40011FA83F393807047B8480020C84800209E
:10F3D40030B40E4804680E4B5B880E4903EB830C73
:10F3E4004FEA8C020A44556805605460B0F804C0C2
:10F3F400A2F808C00222828003EB830303FA02F21C
:10F40400114400230B7430BC704700BFC84800206F
:10F41400B8480020D048002008B5124B1B78072BB1
:10F424000AD8DFE803F00409090A1016161AFFF7D0
:10F434007BFF0C4B01221A7008BDFFF7BBFF094B81
:10F4440002221A70F8E7FFF7C3FF064B06221A7070
:10F45400F2E7044B07221A70EEE7024B01221A70FE
:10F46400EAE700BFB848002008B50146014800F0AB
:10F47400EBFD08BDF848002008B5064B05221A70BC
:10F48400054902238B80002301220968034801F007
:10F49400A9FA08BDB8480020C8480020082B00205D
:10F4A40008B50D4B5B8803EB83010C4A02EB810228
:10F4B400D26872B9084A0421117003EB8303074927
:10F4C40001EB8301002301224968054801F08AFA0F
:10F4D40008BDFFF7D1FFFBE7B8480020D048002063
:10F4E400082B002000B583B0002300930823044AAE
:10F4F40004490968044801F0A5F903B05DF804FB68
:10F50400B0D30300C8480020082B002008B5044BE2
:10F5140007221A7000225A60FFF7E4FF08BD00BFFB
:10F52400B848002000B583B00146002300930823A7
:10F53400034A044801F086F903B05DF804FB00BFF8
:10F54400A8D30300082B002038B530B90B79032B5E
:10F5540062D8DFE803F0081E3843324B00225A60B9
:10F564004FF4064005E001230B71FFF7BBFF0028B1
:10F5740052D138BD0A4603EB830189000020505460
:10F5840003EB830302EB83025068FFF7CBFF0123F5
:10F594000FE00023012B09D803EB8302224911F861
:10F5A4002220022AE6D001339BB2F3E7002348F27B
:10F5B4000E60002BDBD11B4B01221A7000225A6013
:10F5C40041F61D50D5E700230B71184902228A80A9
:10F5D40001220968164801F005FAC8E74FF0000C4B
:10F5E40081F804C0134B5B88104908680E4C03EB88
:10F5F400830204EB820255680D605060B1F804E0A8
:10F60400A2F808E002228A8003EB8303934004F803
:10F6140003C0FFF787FFAAE7024B00225A6048F2B3
:10F624000D60A6E720490020D0480020C8480020EB
:10F63400082B0020B848002008B5064B06221A7093
:10F644005B8803EB83039A00034B13445868FFF76A
:10F6540069FF08BDB8480020D048002000B583B039
:10F6640002238375002300930423C218044801F085
:10F67400E9F810B903B05DF804FB48F20D60F9E74E
:10F68400082B002000B583B0036973B1032383758D
:10F6940000230093042300F10C020831054801F013
:10F6A400D1F820B903B05DF804FB0123EFE748F279
:10F6B4000D60F7E7082B002000B583B001238375A4
:10F6C400C388002200929B0002690C31044801F0B7
:10F6D400B9F810B903B05DF804FB48F20D60F9E71E
:10F6E400082B002000B583B00378032B0ED006232B
:10F6F400837500230093042300F10802194406488B
:10F7040001F0A0F820B903B05DF804FB0523EFE78E
:10F7140048F20D60F7E700BF082B002010B582B057
:10F724000C46002300930423084A0146084801F0CC
:10F7340089F840B904EB8404064B03EB84030122EB
:10F744001A7402B010BD48F20D60FAE7A4D30300A6
:10F75400082B0020D048002070B50C468B8A03EBA0
:10F7640083022B4E06EB820688B9294A03EB8301F8
:10F7740002EB81014D680B8905EB8305A37D062B04
:10F784000BD8DFE803F0162E22280D343E00304655
:10F79400FFF7CAFC4FF4064515E048F20E650EE08B
:10F7A4001C4800234360A36903601B49FFF73AFD2B
:10F7B40050B329462046FFF751FF05461DB12146A7
:10F7C4003046FFF7B1FC284670BD29462046FFF7B6
:10F7D40059FF0546F2E729462046FFF76DFF054627
:10F7E400ECE729462046FFF77DFF0546E6E70623BA
:10F7F400A375094B1988074B5868FFF78FFF054617
:10F80400DCE741F61D55DAE748F20965DBE700BF9E
:10F81400D0480020A4480020A048002010B584B09F
:10F8240004460023009301930293C36800930DF1EF
:10F834000E016846FFF7F6FC18B948F2096004B0F7
:10F8440010BD01988388E38003882381BDF80E10DE
:10F85400FFF764FFF3E7000000B583B00B4842688C
:10F864000B4B1968B3F804C0538803339BB24FF0B1
:10F87400030E80F800E0002000909B0001EB8C0157
:10F88400044800F0DFFF03B05DF804FBB848002033
:10F89400C8480020082B002008B5064931F8020C9E
:10F8A400FFF792FC10B1FFF7D7FF08BDFFF7F8FD93
:10F8B400FBE700BFBC48002008B50748FFF750FD30
:10F8C40010B1FFF7E9FF08BD044B00221A705A80FB
:10F8D4005A6041F61D50F6E7BA480020B8480020A7
:10F8E40030BB08B5154B1B7B6BB1144B00221A734C
:10F8F400124B1B78013B062B1DD8DFE803F0070AE7
:10F904000D101C131600FFF787FDF1E7FFF7D4FF76
:10F9140008BDFFF7C1FFFBE7FFF79EFFF8E7FFF71E
:10F92400BFFDF5E7FFF788FEF2E7FFF7EFFDEFE72E
:10F934004FF40640704748F20E60E9E7B8480020EB
:10F9440000B585B0094B01AA00210630FFF7A4FCDD
:10F9540038B9064B99880298FFF7E0FE05B05DF8C8
:10F9640004FB024B00221A605A60F7E79848002013
:10F97400B0B908B50B79012B08D0022B13D0ABB961
:10F9840002230B710846FFF749FF0EE00846FFF714
:10F99400D7FF48F20963984207D141F61D5004E0AD
:10F9A4004FF40640704741F61D5008BD48F20E6002
:10F9B400FBE7000008B50146014800F051FB08BD13
:10F9C400F848002008B5084B1B683BB101210648E4
:10F9D40000F001FC003818BF012008BD03494FF4B2
:10F9E400247000F0B3FAF1E71C490020DC93030013
:10F9F40010B586B004462CE02E48FFF735FD2E4B9B
:10FA040018602AE02D494FF4B46000F09FFA28E012
:10FA14002046FFF799FD002849D000230193029363
:10FA240003930493059341F61D5398423DD00290ED
:10FA3400214C01A92068FFF7C5FA01A8FFF7B0FA25
:10FA4400002323601B48FFF7B5FFFFF7BBFF70B32C
:10FA54000024194B1B68002BCED0174B1B68002BBE
:10FA6400D0D0154B19680B78013B052B1AD801A28D
:10FA740052F823F015FA020091FA020091FA0200FA
:10FA840099FA020099FA0200A1FA02002046FFF74F
:10FA940063FEC0E72046FFF76BFFBCE72046FFF795
:10FAA4001FFFB8E748F20E60B7E70020BFE706B0D3
:10FAB40010BD00BFB0480020B4480020DC93030010
:10FAC40008B54068FFF794FF08BD000008B50121A0
:10FAD400014800F075FB08BD0849002008B501463F
:10FAE400054800F09AFA0022026042608260C26017
:10FAF40002614261826108BDF848002008B50146F0
:10FB0400014800F096FA08BDF848002008B5012124
:10FB1400034800F04AFB00B108BDFFF769FFFBE7AB
:10FB24001C4900202DE9F04383B00C46384909787C
:10FB340000295DD005469846002C5CD021884FF6FC
:10FB4400FF7399425AD06388002B5AD0676817F024
:10FB5400030759D1002A33D01388ADF80630B2F820
:10FB640002906846FFF7BAFF0646002833D080F8B3
:10FB7400008000238375BDF80630838263680361C7
:10FB8400FFF7A4FFF060238833816388B380A6F86D
:10FB94000690B8F1030F26D0002373816846FFF75F
:10FBA400ADFF3DB100236B60F2682A60AB72194B64
:10FBB4001B892B81FFF7AAFF384603B0BDE8F08309
:10FBC400B4F808900DF106014846FFF7BBFA002887
:10FBD400C7D00746F0E7BDF806104846FFF7E4FA39
:10FBE40048F20767E8E70423B3752B68B361D3E7EA
:10FBF40048F20167E0E748F20467DDE748F203678B
:10FC0400DAE748F20367D7E748F20267D4E700BFB0
:10FC140020490020B848002010B370B582B00C46CB
:10FC2400054601B30DF10601FFF7FCFA18B948F2D5
:10FC3400096002B070BD6E68BDF8063003EB830046
:10FC440080000830094B18440121043000F0B8FA50
:10FC540026606B680C3363600123AB720020E8E715
:10FC640048F20460704748F20460E2E7D04800209C
:10FC7400F8B110B582B004460DF10601FFF7D2FACF
:10FC8400D0B1BDF8063003EB8301104A02EB8102C8
:10FC9400D268AAB1A27AB2B10C4A02EB8101C96856
:10FCA400013903EB830302EB8302D1600020A072CD
:10FCB40004E048F20460704748F2096002B010BDE5
:10FCC40048F20560FAE748F20560F7E7D0480020FB
:10FCD40008B502230022FFF725FF08BD28B108B5A7
:10FCE40003230022FFF71EFF08BD48F2046070479B
:10FCF400114B1B78BBB110B582B004464FF6FF73AD
:10FD0400984213D001A8FFF7E9FE90B105220270D2
:10FD140001220271C48001A8FFF7F0FEFFF7F6FE8E
:10FD2400002002B010BD48F20160704748F2036041
:10FD3400F7E748F20760F4E72049002000B583B0F4
:10FD4400ADF80600ADF8041001A90DF10600FFF7A7
:10FD5400A3FA03B05DF804FB00B583B01346ADF815
:10FD640006000A460DF106010020FFF795FA03B0DC
:10FD74005DF804FB00B583B01346ADF806000A46EF
:10FD840000210DF10600FFF787FA03B05DF804FBCC
:10FD940020B131B103680B600020704748F2046061
:10FDA400704748F2046070471EF0040F1CBFEFF365
:10FDB40009800AE0EFF308800549064A884201D821
:10FDC400904202D88D464FF00000034B18470000C4
:10FDD4000000042000F803200DFE0200BFF34F8F43
:10FDE4000549CA6802F4E062044B1343CB60BFF3D5
:10FDF4004F8F00BFFDE700BF00ED00E00400FA05EF
:10FE040008B5FFF7EBFF000070B582B0064601F0BD
:10FE14003FFD01F057FB0028FBD1404B9D6A26B300
:10FE24003F4C404BE41AE408240444F00104B26952
:10FE34003D49204601F0B6FCB368F2680192009394
:10FE4400736832683949204601F0CEFCF3690093A7
:10FE5400736932693649204601F0B9FC2F4BDB6ADD
:10FE640013F0020F0CD1002420E02D482D4BC01AB2
:10FE7400C00800042F4940F0010001F08DFCEDE7BB
:10FE84002748284BC01AC00800042B4940F0010041
:10FE940001F082FCE7E72248224BC01AC0080004A4
:10FEA400264940F0010001F07DFC0134192C09D8E9
:10FEB4000123A3402B42F8D0214B53F82420002ADD
:10FEC400E9D1F2E715F0800F0ED115F4004F18D1E7
:10FED400124BD3F8F03013F0010F00D000BE3046BF
:10FEE400FFF78EFF02B070BD0D480E4BC01AC0085C
:10FEF40000040A4B5A6B134940F0010001F052FC14
:10FF0400E3E70748074BC01AC0080004034B9A6B89
:10FF14000D4940F0010001F045FCD9E700ED00E097
:10FF24007874030008740300709403008894030039
:10FF3400C0940300E89403001C950300609503003B
:10FF4400B8D303006C9503008C95030000B583B00F
:10FF5400009001916A46002144F20200FEF796FEE9
:10FF640003B05DF804FB82B050E8013F1FFA83FC44
:10FF7400C28994448289944528BFACEB020C02895F
:10FF8400944502BFBFF32F8F002007E0CCEA030C97
:10FF940040E801C2002AE7D14FF001008DF80700C4
:10FFA4000093009B0B609DF8070002B0704750E877
:10FFB400012FC2EA024240E80123002BF7D1704727
:10FFC40082B050E8023F1FFAA3FCC288944502BFE6
:10FFD400BFF32F8F00200EE0C28994448289944598
:10FFE40028BFACEB020CC3EA0C4C40E802C2002A66
:0CFFF400E7D14FF001008DF807000093EA
:020000023000CC
:10000000009B0B609DF8070002B0704750E8022F7C
:10001000C2EA224240E80223002BF7D1704738B5EC
:1000200005460C46FFF7A1FF18B12868238818443D
:1000300038BD0020FCE708B50A884B889A4201D0F9
:10004000002008BDFFF7B5FF0120FAE738B50546E7
:100050000C46FFF7B7FF18B128686388184438BD0D
:100060000020FCE708B50A884B889A4201D000209E
:1000700008BDFFF7CBFF0120FAE708B54B0901F0F7
:100080001F01012202FA01F100EB830000F06EF87B
:1000900008BD10B54B0901F01F040121A14000EB80
:1000A000830000F058F8E04000F0010010BD08B5F2
:1000B0004A0901F01F01012303FA01F1C94300EBD2
:1000C000820000F069F808BD4B0950F8230001F0E8
:1000D0001F01C84000F0010070472DE9F0410646BD
:1000E0000F46002518E0202300E020231F2B12D804
:1000F00003EB4514A7420ED921463046FFF7C9FF4E
:10010000E0B1D8F80030DB4393FAA3F3002BECD036
:10011000B3FA83F3EAE701357B1E5B090133AB4297
:100120000BD906EB850856F82530DB4393FAA3F389
:10013000002BD8D0B3FA83F3D8E73C462046BDE87D
:10014000F081034653E8000F0A4643E8002C9CF078
:10015000000FF7D17047034653E8000F40EA010251
:1001600043E8002C9CF0000FF6D17047034653E89B
:10017000002F42EA010043E8000C9CF0000FF6D18A
:100180007047034653E8000F00EA010243E8002CE1
:100190009CF0000FF6D17047034653E8002F02EAA7
:1001A000010043E8000C9CF0000FF6D170470346B5
:1001B00053E8000F00EB010243E8002C9CF0000F15
:1001C000F6D17047034653E8002F02EB010043E8E5
:1001D000000C9CF0000FF6D17047034653E8002F47
:1001E000A2EB010043E8000C9CF0000FF6D1704731
:1001F00008B50121FFF7BAFF08BD08B50021FFF7D8
:10020000C0FF08BD38B50C46054620B1EB68288A0A
:1002100000FB043038BD0249E820FFF799FEF5E7FE
:10022000889A030038B50C46054630B1EB68E01AF1
:100230002B8AB0FBF3F0C0B238BD0249F520FFF7BE
:1002400087FEF3E7889A030000283DD010B50446E6
:10025000036873B163688BB1A368ABB1E368CBB1DA
:10026000238AEBB1A2686368D21AD2B221680B600C
:1002700022E01649FF20FFF76BFEEBE713494FF42E
:100280008070FFF765FEE7E7104940F20110FFF7C5
:100290005FFEE3E70D494FF48170FFF759FEDFE79A
:1002A0000A4940F20310FFF753FEDBE721680A68B2
:1002B000501C086013701A46531EDBB2002AF5D199
:1002C00023680020187110BD0E207047889A030023
:1002D00030B583B00446E8B100238DF807300DF146
:1002E0000700FEF73BFE2268136861688B4217D94E
:1002F000591E116013F8011C2046FFF783FF0546C5
:10030000A368226811685B1ADBB21179994208D29E
:10031000137106E006494FF49270FFF719FEDBE710
:1003200000259DF80700FEF72BFE284603B030BDE0
:10033000889A030070B582B00C460646B0B1DCB1B5
:1003400000238DF807300DF10700FEF707FE336834
:100350001D686A1C1A6021463046FFF763FF28704B
:100360009DF80700FEF70CFE02B070BD054940F293
:100370004710FFF7EDFDE2E702494FF4A470FFF7E5
:10038000E7FDDDE7889A030010B5044640B1A26896
:100390002AB163692168206998470023A36010BDD2
:1003A00002493120FFF7D4FDF1E700BF249B030091
:1003B0000EB430B582B0059D0446A0B16369BBB1EF
:1003C0002368D3B16368EBB145B10023019306AB59
:1003D000019301AA2946204600F026F902B0BDE8A3
:1003E000304003B070470A494220FFF7B1FDE5E70E
:1003F00007494320FFF7ACFDE2E705494420FFF73A
:10040000A7FDDFE702494520FFF7A2FDDCE700BFBB
:10041000249B030038B504460D460A2909D02268FA
:10042000A368591CA160D554A26863689A4204D29B
:1004300038BD0D21FFF7EEFFF1E72046FFF7A4FFDF
:10044000F6E700002DE9F84F82460F4615461E4696
:10045000DDF828900B9A0B464FF0010803E0B3FB40
:10046000F5F308F10108AB42F9D2B04500D2B0462D
:1004700012F0010B13D1B9F1000F10D012F0020FDE
:100480000FD086B1202405E009F1FF3921465046FE
:10049000FFF7C0FFB9F1000F01D0C145F4D8012426
:1004A00006E02024F6E73024F4E7013E05FB04F4DF
:1004B000012EFAD8B7FBF4F39D42F7D9B7FBF4F35A
:1004C00004FB13770E4AD15C5046FFF7A3FF234687
:1004D000B4FBF5F4AB42F1D2BBF1000F02D0B9F19D
:1004E000000F07D1BDE8F88F09F1FF3920215046F0
:1004F000FFF790FFB9F1000FF4D0C145F4D8F1E750
:1005000020D403002DE9F04782B080460F46144600
:1005100099460A9EDDF82CA081EAE17CACEBE17CF7
:10052000012502E09CFBF4FC01356445FADD4D45F4
:1005300000D24D462EB1002F02DB1AF0040F00D07E
:10054000013E1AF0020F02D0B9F1000F03D01AF0E9
:10055000010F00D1CEB9002F1CDB1AF0040F1FD100
:100560000AF00303022B20D0CDF804A000964B46DE
:10057000224639464046FFF765FF02B0BDE8F087E6
:10058000013E20214046FFF745FF002EE3D0AE425A
:10059000F6D8E0E77F422D214046FFF73BFFDFE73B
:1005A0002B214046FFF736FFDAE7B9F1000FDBD128
:1005B0002EB9D9E7013E30214046FFF72BFF002E30
:1005C000D2D0AE42F6D8CFE7F8B506460C4615466F
:1005D00013F001070ED1E1B1084606F040FE0746D0
:1005E00017E0013401373046FFF714FF2178002966
:1005F000F7D106E00027F9E7013D20213046FFF75B
:1006000009FFBD42F8D8F8BD013D20213046FFF773
:1006100001FFBD42F8D803E001343046FFF7FAFE8F
:1006200021780029F8D1EEE7F0B583B00C461646E4
:10063000054648B16B696BB12B688BB16B68ABB188
:10064000002C40F08B80DAE0704940F25220FFF736
:100650007FFCEFE76D494FF41570FFF779FCEBE78E
:100660006A4940F25520FFF773FCE7E7674940F21B
:100670005620FFF76DFCE3E70027012303E047F076
:100680000107013483B121782D29F8D0302903D016
:100690002B2905D00023F5E747F002070134F1E7E5
:1006A00047F004070134EDE700222A290CD0217815
:1006B000A1F13000C0B209280CD8013402EB82024B
:1006C00001EB4202303AF0E73368191D31601B68D4
:1006D0001A44013423782E2B02D00023217811E014
:1006E000013400232178A1F13000C0B20928F5D8E7
:1006F000013403EB830301EB4301A1F13003F1E784
:1007000014F8011F6C29FBD06829F9D025296FD076
:1007100020D378291ED858291CD35839202919D814
:10072000DFE801F03C1818181818181818181811D4
:1007300026181818182618181818181850181847B6
:10074000183118183C0033681A1D32601978284691
:10075000FFF760FE01342378002B4ED014F8011B04
:1007600000294AD0252987D02846FFF753FEF2E713
:100770003168081D30600968019700920A222846F6
:10078000FFF7C0FEE6E73168081D30600968019791
:1007900000920A222846FFF755FEDBE73168081D64
:1007A000306009680197009210222846FFF74AFE40
:1007B000D0E731680B1D33603B4609682846FFF7D8
:1007C00003FFC7E733681A1D32601F6830212846CF
:1007D000FFF720FE78212846FFF71CFE0023019337
:1007E00008230093102239462846FFF72BFEB1E775
:1007F00025212846FFF70EFEACE72B7B0BB903B093
:10080000F0BD2846FFF7C0FDF9E700BFB89B030025
:10081000C3688B4206D8114401390369994203D950
:1008200000207047002070470120704710F0030F30
:100830000CBF01200020704743681B68013B0B423E
:100840000CBF0120002070472DE9F04182B0002844
:1008500031D00E4615461C460746002A3BD0D0F83C
:100860000080B8F1000F46D0002B54D043685A687E
:10087000B4FBF2F302FB1343002B5CD10846FFF7F5
:10088000D5FF002867D02846FFF7D0FF002872D098
:10089000224631463846FFF7BBFF00287BD0D8F808
:1008A0000C80089B009323462A4631463846C047B1
:1008B00002B0BDE8F0814048404BC01AC0080004B7
:1008C0000E2400943E4B3F4A3F4940F0010000F0A7
:1008D00080FF2046ECE73848384BC01AC0080004B7
:1008E0000E240094364B394A374940F0010000F09D
:1008F00070FF2046DCE73048304BC01AC0080004C7
:10090000082400942E4B324A2F4940F0010000F099
:1009100060FF2046CCE72848284BC01AC0080004D6
:1009200009240094264B2B4A274940F0010000F08F
:1009300050FF2046BCE72048204BC01AC0080004E6
:10094000092400941E4B244A1F4940F0010000F086
:1009500040FF2046ACE71848184BC01AC0080004F6
:1009600010240094164B1D4A174940F0010000F076
:1009700030FF20469CE71048104BC01AC008000406
:10098000102400940E4B164A0F4940F0010000F06D
:1009900020FF20468CE70848084BC01AC008000416
:1009A00010240094064B0F4A074940F0010000F064
:1009B00010FF20467CE700BF887403000874030022
:1009C00044D40300509C0300589C0300E49C0300A3
:1009D0008C9C0300A09C0300EC9C0300189D03006A
:1009E000309D0300549D03002DE9F04182B0F0B129
:1009F000884614461F460546066846B3002A36D088
:100A0000FFF71AFF002842D06B681A6804FB02F255
:100A100041462846FFF7FCFE002848D036693B4691
:100A2000224641462846B04702B0BDE8F08128483A
:100A3000284BC01AC00800040E240094264B274AF5
:100A4000274940F0010000F0C4FE2046ECE72048B2
:100A5000204BC01AC0080004082400941E4B214AF1
:100A60001F4940F0010000F0B4FE2046DCE71848C2
:100A7000184BC01AC008000409240094164B1A4AE7
:100A8000174940F0010000F0A4FE2046CCE71048D2
:100A9000104BC01AC0080004102400940E4B134AD7
:100AA0000F4940F0010000F094FE2046BCE70848E2
:100AB000084BC01AC008000410240094064B0C4ACE
:100AC000074940F0010000F084FE2046ACE700BF7B
:100AD000887403000874030030D40300509C0300A2
:100AE000589C03008C9C0300A09C03007C9D030089
:100AF000A49D030029DF704728DF704703689B68C7
:100B0000002B28D000B587B00023009301930293F7
:100B1000039304930593019183680593037953B17B
:100B2000012B11D102238DF80030C3681B030293FF
:100B30004369049308E001238DF8003003690293B0
:100B4000C36803934369049303689B6868469847A6
:100B500007B05DF804FB704710B542698369D21A8B
:100B6000B2F5805F28BF4FF4805292080469C168D3
:100B7000012A38BF012219441819FFF7BBFF10BD25
:100B800008B5C26800691044FFF7B6FF08BD000051
:100B9000114B0022DA6003791BB1012B0FD01046F4
:100BA000704742698369D11AB1F5805F94BF5B18C1
:100BB00003F5805383619A4209D00020704703698E
:100BC000013303614269934203D000207047012042
:100BD00070470120704700BF30490020064AD368A3
:100BE0000133D360082B01D8002070471346002240
:100BF000DA600120704700BF30490020034B01221A
:100C00005A74187AB0FA80F04009704730490020D1
:100C100008B502490248FFF725FA08BD2849002017
:100C20004449002008B505490548FFF70FFA054B70
:100C30001860003818BF012008BD00BF28490020F7
:100C4000444900202C49002008B51A4B1B7AA3B157
:100C5000184B02221A72184B18680379ABB1012B9A
:100C60001CD00321144B1868FFF748FF114B0022DA
:100C70001A725A60FFF7CCFF08BDFFF7D3FF0028B8
:100C8000E6D10C4B00225A60F6E7FFF765FF40B152
:100C90001128E6D1074B01221A72EDE7FFF770FF2A
:100CA000F5E7044B1B7C002BE6D10021022000F06D
:100CB00005F8E1E7304900202C490020831E012B74
:100CC0002DD810B50446164B1B7A53B1022B03D115
:100CD000022807D0032818D0114B5B7CE3B9FFF73B
:100CE000B3FF10BD0F4B1868FFF752FF0028F3D079
:100CF0000B4B00221A720B4B1868022C0AD00D21E4
:100D0000FFF7FCFEFFF784FFE6E7064B1868FFF7E6
:100D100065FFEBE71146F3E701F0D0F9E1E7704733
:100D2000304900202C490020012802D0032800D09F
:100D3000704708B5054B00225A74012814BF0020E3
:100D400001201874FFF780FF08BD00BF3049002064
:100D50002DE9F04F83B0884601929B469DF8309074
:100D60000446D0B1B4F806A0637903FB0AFAAAF1ED
:100D7000040ADA4516D9E7880BF10403B3FBF7F64A
:100D800007FB1633019A156805EB0B02524501D992
:100D9000AAEB0B05019A15600BE01949B620FFF785
:100DA000D7F8DFE71649C420FFF7D2F8E3E7246855
:100DB000013E002EFBD1A7EB030AAA4528BFAA4695
:100DC000B3460DE052460146184606F05FFA246825
:100DD000A5EB0A05D344BA46AF4228BFAA4633461C
:100DE0005DB108EB0B0023440433B9F1000FE9D0E7
:100DF0005246194606F04AFAE9E703B0BDE8F08F1B
:100E0000049E030008B5FFF71FFA08BDF8B50146B8
:100E10004679701E0A46002301E0126801338342BE
:100E2000FBD31768002405E00D683846FFF782FA07
:100E300001342946A642F7D8F8BD2DE9F843074604
:100E4000048A231F19440331B1FBF3F8FFF740FA7A
:100E50000646F8B10025057101234371043CC480A6
:100E60005FFA88F808F1FF3807608146454511D2DE
:100E70003846FFF72DFA044640B173790133737198
:100E8000C9F80000076001358146EFE73046FFF7FB
:100E9000BDFF26463046BDE8F88308B50121043081
:100EA000FFF790F908BD10B5044601210430FFF7A3
:100EB00094F910F0FF0F00D010BD2046FFF7A6FFF9
:100EC000FAE7000010B584B01446039200220092A5
:100ED00003AAFFF73DFF039BA34201D104B010BD5D
:100EE0000249F620FFF734F8F8E700BF049E03003C
:100EF00010B584B0144603920122009203AAFFF7B2
:100F000027FF039BA34201D104B010BD02494FF457
:100F10008070FFF71DF8F7E7049E03008268002346
:100F2000936082681361826853618268D3608268CB
:100F3000536082681360704738B50C46054638B177
:100F40005CB12C6023686B60626893420AD038BD44
:100F500006495020FEF7FCFFF2E704495120FEF756
:100F6000F7FFEEE700236B60F1E700BFA09E0300F0
:100F700010B5044658B1236873B1636833B1226871
:100F800091680B446360526893420AD010BD0649D1
:100F90006320FEF7DDFFEEE703496420FEF7D8FF8C
:100FA000EBE700236360F1E7A09E03000E49A1F583
:100FB0009472914215D9A1EB020C4FEADC7303EB5A
:100FC000EC035B1002EBC30C52F83330834201D9BF
:100FD0006146EEE702D20CF10802EAE7DCF8040011
:100FE00070470020704700BF80D5030008B5FFF7A9
:100FF000DDFF00B108BD0148FCE700BF80D503005C
:101000007047704700B583B0044B00934FF4806382
:10101000034A00F033F803B05DF804FB2510030029
:10102000544900200AB3F8B50F461446032600259C
:1010300003E00E4B01221A70B4B122467919002048
:1010400000F04EFE0544241A0028F2D1074B1B780D
:1010500053B1074B4FF47A4043F001039847013EE8
:10106000E7D1024B00221A70F8BD7047544D0020A2
:10107000A0D5030008B500F08DFE08BDF0B595B011
:101080000E4615461C460846FFF707FF0E950F94BF
:10109000002310938DF8443012931A9A1392082269
:1010A00008A93046FFF724FF0A9B0B93BDF82430B4
:1010B000ADF83030BDF82630ADF8323001238DF870
:1010C00035309DF8203003F00303012B06D0022BAE
:1010D00021D03046FFF7E7FE15B0F0BD089DC5F3FF
:1010E00095259DF82030C3F3C2038DF83430BDF848
:1010F0002040C4F383140823A2000DEB0301304603
:10110000FFF7F6FE0EAB00930BAB224602A9284672
:1011100000F034FCDDE7BDF82250C5F389159DF8D9
:101120002030C3F3C2038DF8343008272C46082D35
:1011300028BF08243B46224602A93046FFF7D8FEC6
:1011400027442D1B0EAB0BAA214602A800F078FC09
:10115000002DEBD1BDE7000008B5FFF78BFF0421A0
:10116000064800F077FB002803DB054B01225A718B
:1011700008BD04494120FEF7EBFEF6E7F0740300DA
:10118000382B002040A30300037813F0040F19D07C
:1011900003F00303012B03D0022B0AD00120704778
:1011A0000388C3F383130A68134402330B600120DE
:1011B00070474388C3F389130A68134402330B60F2
:1011C0000120704700207047002002E001238BB906
:1011D000013009280CDC084BD3F81034002BF5D073
:1011E000DB681A79824201D01B68F7E70023EEE73B
:1011F0004FF0FF30704700BF584D002010B584B04D
:101200002D4C2046FEF7F4FF201FFEF7F1FFA4F55A
:101210008364A3680393DBB2023304EB8304201DD1
:1012200006E09DF80C300233244800EB83000430C4
:1012300003A9FFF7A9FF0028F3D100220BE0039BCD
:10124000591C0391DBB202331C4901EB83035B6839
:101250004DF822300132012AF1D99DF8003003F017
:101260000303012B16D0022B1ED1BDF80640BDF89A
:101270000230C3F389130333039A02EB9302039200
:101280000F48FEF7BAFF10B10C4B039A9A60204644
:1012900004B010BDBDF80640BDF80020C2F38312B3
:1012A000039B13440393EBE706494FF4C270FEF728
:1012B0004FFE0024E4E700BF70510020584D00208D
:1012C0006C510020FCA30300F0B583B006460C4629
:1012D0001746851C00238DF807300DF10700FDF738
:1012E0003DFE1E4B5A6822609B689B1A03F5807373
:1012F00011E01B4C01212046FEF764FFFFF77EFF43
:1013000001462046FEF75EFFA4F21C44A368626813
:101310009B1A03F58073AB42EBD30022B7B10123D4
:1013200063F3010242F0040266F389120B4841683C
:10133000CBB2023300EB83035A60294441609DF82D
:101340000700FDF71DFE012003B0F0BD022363F38B
:10135000010242F0040266F39F52E7E7584D002075
:101360007451002010B5074B01221A700648FFF790
:1013700049FD044608B1204610BD0448FFF7CEFDE4
:10138000F9E700BF584D0020F4730300B4D5030003
:101390000248034BC01AC008704700BFF074030036
:1013A0000874030099B110B50446FFF7F1FF00235C
:1013B00083420AD2074A32F823102268914201D0B0
:1013C0000133F5E72360002000E0052010BD002078
:1013D000704700BF1C2B00202DE9F04706460F4642
:1013E00090461D46DDF82090040C00211A48FEF7B7
:1013F000A8FE80F3100AFFF7CBFFA04225D96B1C93
:1014000003EA090344EA0A42144C023304EB83035F
:101410005A6005EA0905023504EB85031A7966F37B
:10142000C5021A719A8868F389129A805A6867F31C
:101430009F225A601A79012161F301021A71D2B216
:1014400022F004021A71BDE8F087054940F2A910A4
:10145000FEF77EFDD3E700BF74510020584D0020F9
:10146000FCA3030000B583B0019001A8FFF79AFF29
:1014700030B9019A034B53F8320003B05DF804FB16
:101480000020FAE708740300094B03EBC00301399D
:10149000032909D8DFE801F0020A04060220704798
:1014A00018797047587970470020704704207047BA
:1014B00008740300034B98685B68984214BF0020CF
:1014C00001207047584D00202DE9F04186B0FFF70C
:1014D000F1FF002840F01F81044690480023C0F827
:1014E0001834BFF34F8F83680593DBB2023300EBF0
:1014F0008300043005E0DBB20233884800EB830050
:10150000043005A9FFF740FE30B3844BD3F81834FC
:1015100023BB824B5A68059B9A42ECD87F4B9A605A
:10152000F5E0059B591C0591DBB202337B4901EBC9
:101530008303596802AB43F822100132012AF0D923
:101540009DF8083003F00303022B09D0012B6DD066
:10155000724BD3F81044C9E00022EFE70022EDE718
:10156000BDF80A30C3F38916B046502E28BF4FF09D
:10157000500868F38F13ADF80A3008F10801684885
:10158000FFF75BFC05460028E2D0FFF786FC00234E
:1015900008220DEB02012846FFF794FC0599CB4386
:1015A000DBB201339F00B8EB830F33D91FBB5FFA67
:1015B00088F700245B49A04608233A462846FFF7EF
:1015C00081FC07F1080324B1424621462846FFF773
:1015D00079FC0336059B03EB96030593002DB7D0EA
:1015E0004E4BD3F81044D3F81834002B57D028466C
:1015F000FFF759FC86E0C9B20231484C04EB810187
:101600000431FFB25FFA88F8A8EB07085FFA88F8A0
:101610000C34D1E7CBB20233404901EB83010823FC
:10162000424604312846FFF74DFCD2E7BDF80820BA
:10163000C2F38313062B28BF062363F38912ADF888
:101640000820023399003648FFF7F7FB05460028CB
:101650003FF47EAFFFF721FC002308220DEB0201CF
:101660002846FFF72FFC002408260FE0059B5A1C94
:101670000592DBB20233294901EB83013346042290
:1016800011442846FFF71EFC04360134BDF808302B
:10169000C3F38313A342E9D8A0E7E3681C684CB105
:1016A000E3685B79002BF8D023681B682946204645
:1016B0009847F2E72846FFF7F6FB00238DF807303E
:1016C0000DF10700FDF74AFC144BD3F8183413B999
:1016D000124B059A9A609DF80700FDF751FC11E046
:1016E00023689B6820469847E3681C68002CF7D164
:1016F0000D480E4BC01AC00800040D4940F002000E
:1017000000F04CF8FFF7D6FE80F00104E4B220466A
:1017100006B0BDE8F0810024F9E700BF584D002075
:10172000F4730300644D0020587403000874030030
:10173000A0A403002DE9F04184B007468846164670
:101740001D46012203A91846FFF7BEFDC8B1039B41
:10175000991C4FF0000C0BE0CAB202320E4C04EBA5
:10176000820E56F82C20CEF804200CF1010C013129
:10177000AC45F1D3FF2200922A4641463846FFF796
:101780002BFE054B1B781BB1FFF79EFE0028FBD1FB
:1017900004B0BDE8F08100BF584D002008B500231B
:1017A0001A46FFF7C7FF08BD00B583B001920123B9
:1017B00001AAFFF7BFFF03B05DF804FB00B583B0DB
:1017C0000092019302236A46FFF7B4FF03B05DF86D
:1017D00004FB00B585B001920293069B039303239B
:1017E00001AAFFF7A7FF05B05DF804FB00B585B0BF
:1017F00000920193069B0293079B039304236A467E
:10180000FFF798FF05B05DF804FB00B587B00192C3
:101810000293089B0393099B04930A9B059305235A
:1018200001AAFFF787FF07B05DF804FB00B587B09A
:1018300000920193089B0293099B03930A9B0493D4
:101840000B9B059306236A46FFF774FF07B05DF80C
:1018500004FB000010B50446FFF7B6FCB0F1FF3FF3
:101860000ED0E36818710A4BD3F810344BB1DA6824
:10187000E36812681A60064BD3F81034DB681C600A
:1018800010BD034BC3F81044E36800221A60F7E769
:10189000584D002010B5094BD3F8104401221A709E
:1018A00008E0E36801225A7123685B682046984784
:1018B000E3681C68002CF4D110BD00BF584D002017
:1018C00070B582B004460D46C388A3B9217A0529B4
:1018D0000FD0637ABBB9227A104B53F822600021F3
:1018E000A088FFF7BFFD034632460D492846FEF7A4
:1018F0005FFD02B070BD0B4A00920B4A0B492846AF
:10190000FEF756FDE2E7A088FFF7BEFD084B53F84F
:10191000202008492846FEF74BFDDCE7E4D503000C
:10192000E4A40300D8A40300B8A40300C0A40300E7
:10193000C0D50300E0A4030010B50C46037A052BC4
:101940000FD0437A3BB90A492046FEF731FD2046C5
:10195000FEF71AFD10BD074A07492046FEF728FD8D
:10196000F1E7002AF3D002492046FEF721FDEEE719
:10197000BC7C0300D8A40300E0A403002DE9F043DD
:1019800085B081460D4690461E460C9C277B002361
:10199000237321463046FFF793FFB8F1060F09D8AD
:1019A000DFE808F00411171E27323F0049462046A1
:1019B000FEF7FEFC002221463046FFF7BDFF2773ED
:1019C00005B0BDE8F0832A6849462046FEF7F0FCE2
:1019D000F0E76B682A6849462046FEF7E9FCE9E72C
:1019E000AB6800936B682A6849462046FEF7E0FC26
:1019F000E0E7EB680193AB6800936B682A6849469F
:101A00002046FEF7D5FCD5E72B690293EB680193DE
:101A1000AB6800936B682A6849462046FEF7C8FC0D
:101A2000C8E76B6903932B690293EB680193AB687A
:101A300000936B682A6849462046FEF7B9FCB9E76F
:101A4000082900D970472DE9F04707460E46904611
:101A50001D4693F80C9000241C7319461046FFF79E
:101A60002FFF04E01C492846FEF7A2FC0134072C96
:101A700007D8B442F6D23A5D18492846FEF798FCDA
:101A8000F4E717492846FEF793FC002407E04FF0DF
:101A90002E0A524613492846FEF78AFC0134072CC9
:101AA00011D8B4420AD2385D7E28F0D8824605F0BB
:101AB0007FF80028EDD14FF02E0AEAE70A492846C0
:101AC000FEF776FCEAE7012229464046FFF734FF9D
:101AD00085F80C90BDE8F087F8A40300F0A403009B
:101AE000FCA4030000A5030004A503000369C26869
:101AF000934204D881688A1A1344581E7047981A72
:101B0000013870472DE9F843044688461646C568F3
:101B10008768A7EB0509914507D94068284405F077
:101B2000B5FB3544E560BDE8F88340684A46284483
:101B300005F0ACFBED1B35442A4608EB0901606853
:101B400005F0A4FBE560EEE72DE9F843064688467C
:101B50001746C5684FF0000918E05B1B5A1EB368B2
:101B60005C1B944228BF1446BC4228BF3C467068A8
:101B700022464146284405F089FBA144A0443F1B6E
:101B80002544B368AB4209D0F5604FB133699D423B
:101B9000E3D3B2685B1B1A44013AE0E70025F3E7A0
:101BA0004846BDE8F8830000124B02221A615A61D0
:101BB00011499961114ADA614FF400721A620022E8
:101BC0009A625A62DA6299640D49D96410211965E2
:101BD0009A655A65DA650B4A1068C3F807000A4A25
:101BE00092E8030018609980090C997120229A717B
:101BF000704700BFF054002058A50300F0520020A9
:101C0000E052002064A5030068A503002DE9F04719
:101C1000044688469146244B1B78C3B104EB44022A
:101C2000214B03EBC2039F6D5D6DAF4212D80026BE
:101C3000ED1B4D4528BF4D463DBB2EB104EB440482
:101C4000194B03EBC4039F653046BDE8F087FFF7EF
:101C5000ABFFE3E71346144A02EBC30ADAF850601D
:101C6000F61B4E4528BF4E46DAF84C103246394432
:101C7000404605F00BFBB044A9EB06093744DAF8FF
:101C80005030BB42D4D10027D2E704EB4402064BCC
:101C900003EBC203D96C2A463944404605F0F6FAF4
:101CA0002E442F44C9E700BFF054002070B582B025
:101CB00004460D46164600238DF807300DF1070047
:101CC000FDF74CF9324629462046FFF79FFF0446B0
:101CD0009DF80700FDF754F9204602B070BD0000E2
:101CE000F8B50F461646441C04EB4404164B03EBB0
:101CF000C40400EB400003EBC003DD6A012D0ED0ED
:101D0000022D1AD0F5B92046FFF7F0FE864212D810
:101D1000324639462046FFF7F5FE35460BE02046B1
:101D2000FFF7E4FE3546864228BF05462A46394677
:101D30002046FFF7E7FE2846F8BD2046FFF704FFE0
:101D40000546F8E70025F6E7F054002000B583B01B
:101D500001220DF107010020FFF7A8FF012804D19F
:101D60009DF8070003B05DF804FB4FF0FF30F9E782
:101D700008B5074B1B7833B1054B9A6D5B6D9342E9
:101D800004D0012008BDFFF70FFFF5E70020F9E7B9
:101D9000F054002008B5FFF707FF08BD002807DB57
:101DA00000F01F02400901239340024A42F820300C
:101DB000704700BF00E100E000280CDB00F01F02CC
:101DC0004009012393402030034A42F82030BFF3FA
:101DD0004F8FBFF36F8F704700E100E0002807DBF3
:101DE00000F1604000F5614090F800034009704741
:101DF00000F00F00014B185C4009704714ED00E043
:101E000010DF704711DF70471F2808DD3F280CDC0A
:101E100020380123834014BF012000207047044B69
:101E200023FA00F000F0010070470120704700BF66
:101E3000FC06FFBD38B50446FFF7E6FFE8B12046D3
:101E4000FFF7CCFF07281CD8EC23034113F0010F48
:101E50001AD00F4B9D6865B16009194653F82030C0
:101E600004F01F040122A240134341F82030002552
:101E700005E02046FFF792FF01E042F20105284607
:101E800038BD42F20205FAE742F20205F7E700BF69
:101E90008C48002038B50446FFF7B6FFA8B10C4BBC
:101EA0009D6875B16009194653F8203004F01F048D
:101EB0000122A24023EA020341F8203000252846EF
:101EC00038BD2046FFF778FFF9E742F20105F6E753
:101ED0008C48002070B582B00646154D154BED1AA2
:101EE000ED082D0445F00405024613492846FFF786
:101EF0005BFC12496846FFF71FF807E022461049CD
:101F00002846FFF751FC6846FFF732F8019C64B1A0
:101F100023686168304698470028EFD12246094976
:101F20002846FFF741FC112000E0002002B070BD00
:101F3000907403000874030070A5030010D603001A
:101F400088A50300A8A5030010B582B004460E487A
:101F50000E4BC01AC008000422460D4940F0040090
:101F6000FFF722FC0B496846FEF7E6FF06E01A6819
:101F70005968204690476846FEF7FAFF019B002B00
:101F8000F5D102B010BD00BF9074030008740300C7
:101F9000CCA5030004D6030008B51620FFF74AFFBE
:101FA00000B908BD024AA121FCF764FEF9E700BFB1
:101FB000E4A5030008B51620FFF76CFF00B908BDC3
:101FC000024AAD21FCF756FEF9E700BFE4A5030085
:101FD00010B582B01B4B1B7873BB1B4B01221A70D0
:101FE0000020FFF777FF11282AD00020FFF7ACFF71
:101FF000164B1B68019300238DF803300DF103008D
:10200000FCF7ACFF124901A8FFF7FAFE0446B0FA4C
:1020100080F040090B4B18709DF80300FCF7B0FFEF
:102020005CB90023084A13700A4A1370FFF7B4FF23
:102030000120FFF789FF00E00824204602B010BD10
:102040000024FAE76A550020685500201CD60300DA
:1020500091EC02006955002030B583B0154B1B7818
:1020600013B30120144B1870FFF734FF11281FD051
:102070000220FFF769FF00258DF807500DF10700DA
:10208000FCF76CFFFFF7BEFE04460A4B1D709DF87F
:102090000700FCF775FF44B9074B1D70FFF78AFF77
:1020A0000320FFF751FF00E00824204603B030BDB5
:1020B0000024FAE76A5500206855002008B5074B50
:1020C0001B7843B1064B1B7813B1FFF7C5FF08BD62
:1020D000FFF77EFFFBE70820F9E700BF6855002007
:1020E0006A550020014B1878704700BF6A550020E0
:1020F00000B583B008496846FEF71EFF05E01A6880
:10210000586890476846FEF733FF019B002BF6D1D5
:1021100003B05DF804FB00BFF8D5030008B5FFF776
:10212000E7FF08BD60DF704769DF704761DF704718
:102130004FF08053D3F80C01800200F1005070473B
:10214000164B1B7843B300B5ADF5017D09E01A6865
:10215000596803A8904701A8FEF70AFF029B002BCD
:10216000F5D14FF4FA73ADF802300DF1020103A876
:10217000FFF7DCFF20B90A4901A8FEF7DDFEEDE715
:10218000052803D10DF5017D5DF804FB054A40F2F9
:102190003B11FCF76FFDF5E7704700BF6B55002062
:1021A00020D6030088A6030018B1034A026000206D
:1021B00070470E20704700BF082B0020F0B585B097
:1021C00005460C460846FFF7EFFF064610B13046BD
:1021D00005B0F0BD00230193029303938DF80450E2
:1021E00001238DF806300623ADF80830226801A9D6
:1021F0002020FFF799FF002858D100230193029374
:10220000039301238DF80530226801A94020FFF7D0
:102210008BFF002858D100230193029303938DF87C
:102220000450F723ADF80630226801A92320FFF7F8
:102230007BFF002856D100230193029303930323CD
:102240008DF80430226801A90120FFF76DFF0028F6
:1022500056D100230193029303934FF4B06301938B
:10226000226801A9A120FFF75FFF002856D10023B3
:102270000193029303939DF8043043F001038DF81A
:102280000430226801A9A020FFF74EFF00289ED04D
:10229000294C2A4AA41AE4082404FEF7A7FE0246A1
:1022A000274944F00100FFF77FFA90E7224F234AC5
:1022B000BF1AFF083F04FEF799FE0246214947F086
:1022C0000100FFF771FA98E71B4F1C4ABF1AFF087D
:1022D0003F04FEF78BFE02461B4947F00100FFF763
:1022E00063FA98E7144D154AAD1AED082D04FEF770
:1022F0007DFE0246154945F00100FFF755FA9AE7C1
:102300000D4D0E4AAD1AED082D04FEF76FFE024684
:102310000F4945F00100FFF747FA9AE7064D074AD3
:10232000AD1AED082D04FEF761FE0246094945F09D
:102330000100FFF739FA9AE7987403000874030064
:10234000A4A8030028A7030070A70300BCA70300EC
:1023500004A8030050A80300F8B504460768FFF777
:10236000E1FE05462368BB4205D8F5B9164B0122AC
:102370001A702846F8BD154E154BF61AF6083604A5
:1023800046F0020613493046FFF708FA23683A463A
:1023900011493046FFF712FAFFF7CAFE2268821A87
:1023A0000E493046FFF700FADFE7084C084BE41A05
:1023B000E40824042846FEF719FE0246084944F0C2
:1023C0000100FFF7F1F9D4E76B5500209874030082
:1023D00008740300F8A8030028A903005CA90300FF
:1023E00088A903004BDF704700B585B009E01A6883
:1023F00059680198904702A8FEF7BAFD039B002B8D
:10240000F5D101A8FFF7EEFF78B90D480D4BC01AC2
:10241000C0080004019A0C4940F00400FFF7C4F919
:102420000A4902A8FEF788FDE8E7052802D105B0B1
:102430005DF804FB064A6B21FCF71CFCF7E700BFC4
:10244000A074030008740300B4A903002CD6030091
:10245000C8A90300FEE77047704738B50C464568C9
:10246000284600F059F8E1B2022906D004290BD120
:1024700041682846F5F783FF06E000F087F8002260
:1024800003210846F5F714FF38BD08B500F0A8F899
:1024900008BD38B50C464568284600F03DF8E1B265
:1024A000062906D0072908D101682846F5F767FFF5
:1024B00003E001682846F5F762FF38BD08B500F073
:1024C000BDF808BD02460C4942F8141B42600022C8
:1024D0008260C260094A0261094A0260094A426197
:1024E00080610949C1610949416102624062084A4B
:1024F0008262084A0262704734D2030074AA030061
:1025000068D6030020D2030084AA030040D603004B
:102510000084030054D60300034600F1140202486D
:1025200002602033436070476C55002008B50948AD
:10253000094BC01AC0080004084940F00400FFF726
:102540002DF90748F5F7B7FF002207210320F5F71B
:10255000AFFE08BD58740300087403008CAA030082
:102560007455002000B583B0054B0093002342F260
:10257000107204490448F5F72DFF03B05DF804FB21
:102580002D250300A4AA03007455002008B50248B5
:10259000F6F706F908BD00BF69270300014B186074
:1025A000704700BF402B002008B50848084BC01AF0
:1025B000C0080004074940F00400FFF7EFF8064B9D
:1025C00019680648F5F733FF08BD00BF58740300CB
:1025D00008740300B4AA0300402B002074550020A7
:1025E00008B50748074BC01AC0080004064940F068
:1025F0000400FFF7D3F8F6F757F8FFF7D5FF08BD4B
:1026000058740300087403003C7B030008B50748B6
:10261000074BC01AC0080004064940F00400FFF749
:10262000BDF80548F5F71EFF08BD00BF587403004C
:1026300008740300CCAA03007455002008B50748AD
:10264000074BC01AC0080004064940F00400FFF719
:10265000A5F8F6F749F8FFF7D9FF08BD587403004D
:1026600008740300E4AA030008B5114682189378A1
:10267000D27843EA02231BB213F5716F00D008BD74
:1026800001F10C03C35C03F0010C224A82F800C084
:10269000C3F3400C82F801C0C3F3800C82F802C07F
:1026A000C3F3C00C82F803C0C3F3001C82F804C05B
:1026B000C3F3401C82F805C0C3F380139371084430
:1026C000437A03EB83035B001381837A03EB830379
:1026D0005B005381C37A03EB83035B0093814379EF
:1026E0004FF0640C0CFB03F381790CFB01F143EA1E
:1026F000014313610023536107490B6801330B60E9
:1027000008210320F5F7EAFD044B19680448F5F7A2
:10271000B7FEB4E7AC550020A8550020402B0020A0
:1027200074550020F8B507460E46002503E02C44FA
:10273000A4B20134A5B2B5420FD22B467C5D64B180
:102740002A19B24209DA0133FB5CFF2BEFD12A468A
:1027500031463846FFF788FFE9E7F8BD08B501794B
:102760000068FFF7DFFF08BD08B50378042B13D816
:10277000DFE803F013121E2903001548154BC01A99
:10278000C0080004144940F00400FFF707F80022D5
:1027900007210320F5F78CFD08BD0D480D4BC01A2D
:1027A000C00800040D4940F00400FEF7F7FFF3E70E
:1027B0000748084BC01AC0080004094940F004004B
:1027C000FEF7ECFFE8E74068FFF7C8FFE4E700BF6B
:1027D0005874030008740300F4AA030004AB030058
:1027E00014AB030008B5FFF7BDFE08BD70B5054684
:1027F0000C46164600F022F83246214600F05EF8FC
:1028000021462846F5F780FD70BD000010B504464E
:10281000F5F734FD014B2360204610BD74D603004C
:1028200010B50446FFF7F2FF04F15C00F5F73FFC3A
:1028300004F6EC10FFF746FE204610BD08B50A4B23
:102840001B68BFF35B8F13F0010F01D0074808BD71
:10285000054804F07DFD0028F8D00448FFF7E0FFAC
:10286000014804F089FDF1E7E4550020E855002017
:1028700038B504460D4B0E4A9B1ADB081B040D4964
:1028800043F00300FEF78AFF04F15C050A4A0521C4
:102890002846F5F721FC2A4603212046F5F7F6FCE9
:1028A00004F6EC10F5F77FFD38BD00BF5874030047
:1028B000087403002CAB030048AB030008B500F616
:1028C000EC10F5F754FD08BD08B5C06800F0CAFA71
:1028D0000548064BC01AC0080004054940F0040032
:1028E000FEF75CFF08BD00BF5874030008740300C6
:1028F0004CAB0300F8B50D464668284C284BE41A4B
:10290000E408240444F0040426492046FEF746FF68
:10291000304600F099F90746E9B20D2939D8DFE8C9
:1029200001F0070C38113838161B24383829382E96
:102930001D492046FEF732FFF8BD1C492046FEF730
:102940002DFFF9E741683046F5F719FDF4E718491E
:102950002046FEF723FFEFE716492046FEF71EFF4D
:1029600039683046F5F70BFDE6E713492046FEF7D8
:1029700015FFE1E711492046FEF710FFDCE710499B
:102980002046FEF70BFF002204210846F5F790FCD5
:10299000D2E70C495520FDF7DBFACDE75874030068
:1029A0000874030078AB0300B0AB0300D4AB0300A2
:1029B000F4AB030038AC030078AC0300B4AC030004
:1029C000FCAC03003CAD030008B5C06800F062FA3F
:1029D0000548064BC01AC0080004054940F0040031
:1029E000FEF7DCFE08BD00BF587403000874030046
:1029F000C8AD030008B5C06800F004FA0548064BEE
:102A0000C01AC0080004054940F00400FEF7C6FEE5
:102A100008BD00BF5874030008740300F4AD030040
:102A200070B50D4646681E4C1E4BE41AE40824049B
:102A300044F004041C492046FEF7B0FE304600F086
:102A400003F9E9B20D2926D8DFE801F0070C250BC0
:102A50001125162525252525251B14492046FEF779
:102A60009DFE70BD12492046FEF798FEF9E7016809
:102A70003046F5F784FCF4E781683046F5F77FFCD3
:102A8000EFE70C492046FEF789FE002204210846A4
:102A9000F5F70EFCE5E708494920FDF759FAE0E7AC
:102AA000587403000874030018AE0300B0AB0300B1
:102AB000D4AB030048AE030080AE030008B5C06885
:102AC00000F0B8F90548064BC01AC00800040549D3
:102AD00040F00400FEF762FE08BD00BF587403001A
:102AE0000874030000AF030008B50548054BC01A81
:102AF000C0080004044940F00400FEF74FFE08BD82
:102B0000587403000874030020AF030008B505489B
:102B1000054BC01AC0080004044940F00400FEF749
:102B20003DFE08BD587403000874030040AF030065
:102B3000F8B505460F4646681C4C1D4BE41AE408E0
:102B4000240444F004041B492046FEF727FE3046C7
:102B500000F07AF8F9B20B2923D8DFE801F0060B70
:102B600010180A221D220A0A220A13492046FEF7DB
:102B700015FEF8BD11492046FEF710FEF9E7E8689A
:102B800000F02AF90E492046FEF708FEF1E74168F9
:102B90003046F5F7F4FBECE781683046F5F7EFFBDC
:102BA000E7E708495220FDF7D3F9E2E7587403003C
:102BB0000874030060AF0300B0AB0300D4AB0300A4
:102BC00088AF0300A8AF030038B504460346144A93
:102BD00043F8142B436000238360C360114B0361EF
:102BE000114B0360114D45618061114BC361114B65
:102BF000436100F04BF820626562A4620E4BE36211
:102C00000E4B636200F042F820636563A4630C4BD3
:102C1000E3630C4B636300F039F82064204638BD51
:102C200034D2030028B00300BCD6030020D2030036
:102C30002CB00300A8D6030034B0030094D60300E0
:102C40003CB0030080D60300034600F114020448A0
:102C5000026003F12402426034338360704700BF96
:102C60000060002010B504461423436009238360EC
:102C70001523C360162303610A2343610223836182
:102C80001C30F5F7A9FC204610BD000008B50A4B22
:102C90001B68BFF35B8F13F0010F01D0074808BD1D
:102CA000054804F055FB0028F8D00448FFF7DAFF88
:102CB000014804F061FBF1E70C6000201060002087
:102CC0002DE9F04399B005463C483D4BC01AC00879
:102CD00000043C4940F00400FEF760FD12AB002404
:102CE000129413941494159416941794012713971F
:102CF00014976A68129218AA12E903008DE803007B
:102D00000FCBF6F709F821466868F5F7E4FF0CAB3E
:102D10000C940D940E940F94109411940D970E979B
:102D2000AA680C9210AA92E803008DE803000FCB6A
:102D3000F5F7F2FF2146A868F5F7CDFF224BD3F84F
:102D40000080ADF82C804FEA18498DF82E900326AC
:102D50008DF82D601D4B0B9A3146E868F5F7F9FFA9
:102D6000ADF828808DF82A908DF82960184B0A9AC2
:102D700031462869F5F7EDFFADF824808DF82690EF
:102D80008DF82560134B099A31466869F5F7E1FF24
:102D900003AB039404940594069407940894059750
:102DA0000696AA69039207AA92E803008DE8030039
:102DB0000FCBF5F7B1FF19B0BDE8F08358740300ED
:102DC0000874030050B00300C0D603002D2F030089
:102DD000812F0300C92F030010B50446064B074A94
:102DE0009B1ADB081B04064943F00400FEF7D6FCDF
:102DF0002046FFF765FF10BD5874030008740300F8
:102E00006CB0030010B50446074B084A9B1ADB0858
:102E10001B04074943F00400FEF7C0FC0121606871
:102E2000F5F759FF10BD00BF587403000874030084
:102E300080B0030010B50446074B084A9B1ADB0814
:102E40001B04074943F00400FEF7A8FC002160685A
:102E5000F5F741FF10BD00BF58740300087403006C
:102E6000A4B0030010B50446074B084A9B1ADB08C0
:102E70001B04074943F00400FEF790FC0121A06801
:102E8000F5F729FF10BD00BF587403000874030054
:102E9000C8B0030010B50446074B084A9B1ADB086C
:102EA0001B04074943F00400FEF778FC0021A068EA
:102EB000F5F711FF10BD00BF58740300087403003C
:102EC000ECB0030008B51C30F5F7CCFB0548064B09
:102ED000C01AC0080004054940F00400FEF75EFC7B
:102EE00008BD00BF587403000874030010B103004C
:102EF00010B504460A4B0B4A9B1ADB081B040A490F
:102F000043F00400FEF74AFCE068F5F7DFFE012815
:102F100000D010BD00220B210420F5F7C9F9F8E715
:102F2000587403000874030030B1030008B5FFF7BC
:102F3000ADFEFFF7DDFF08BD10B504460D4B0E4A90
:102F40009B1ADB081B040D4943F00400FEF726FC26
:102F50002069F5F7BBFE012805D0002208210420D6
:102F6000F5F7A6F910BD002207210420F5F7A0F916
:102F7000F8E700BF587403000874030064B103004D
:102F800008B5FFF783FEFFF7D7FF08BD10B504466D
:102F90000A4B0B4A9B1ADB081B040A4943F0040046
:102FA000FEF7FCFB6069F5F791FE00B110BD002251
:102FB00009210420F5F77CF9F8E700BF58740300F5
:102FC0000874030090B1030008B5FFF75FFEFFF738
:102FD000DDFF08BD38B50C4615460848084BC01A39
:102FE000C0080004074940F00400FEF7D7FB00F0DA
:102FF00023F82A46214600F04FF838BD58740300E4
:1030000008740300C0B1030010B50446F5F736F9A3
:10301000014B2360204610BDCCD6030010B50446FA
:10302000FFF7F2FF04F15C00F5F741F804F6EC104D
:10303000FFF7CAFD204610BD08B50A4B1B68BFF359
:103040005B8F13F0010F01D0074808BD054804F05D
:103050007FF90028F8D00448FFF7E0FF014804F0AA
:103060008BF9F1E7906000209460002038B50446A9
:1030700000F15C05074A01212846F5F72DF82A469C
:1030800004212046F5F702F904F6EC10F5F78BF968
:1030900038BD00BF28B0030008B500F6EC10F5F706
:1030A00066F908BD00B583B0054B00930123642287
:1030B00004490548F5F78EF903B05DF804FB00BF3D
:1030C000B5360300D8B10300C46A002038B50E48F5
:1030D000F5F79AF90D4C0E4BE41AE408240444F079
:1030E00002040C4D29462046FEF758FB0A492046AB
:1030F000FEF754FB09492046FEF750FB29462046BF
:10310000FEF74CFB38BD00BFC46A002058740300B2
:1031100008740300E4B103001CB2030050B20300C2
:1031200008B50F4B1B787BB9002212210120F5F75F
:10313000BFF80C480C4BC01AC00800040B4940F003
:103140000200FEF72BFB08BD0648074BC01AC0085B
:103150000004074940F00200FEF720FBF3E700BF40
:10316000006B00205874030008740300B8B2030019
:1031700094B2030008B50F4B1B787BB100220321EA
:103180000120F5F795F80C480C4BC01AC008000454
:103190000B4940F00200FEF701FB08BD0648074B53
:1031A000C01AC0080004074940F00200FEF7F6FA12
:1031B000F3E700BF006B002058740300087403009D
:1031C000FCB20300DCB2030010B500230A4A1370FE
:1031D0000A4A13600A4A13700A4C0B4BE41AE408BB
:1031E000240444F0020409492046FEF7D7FA0849AE
:1031F0002046FEF7D3FA10BD006B0020FC6A0020C9
:10320000F86A0020587403000874030018B3030020
:1032100064B3030038B5044601F0C4F8A04219D3E2
:10322000204601F00DFD1448144BC01AC0080004DC
:1032300040F0020022460C2C1BD804EB840404EB63
:103240008404A3009BB203F5C8739BB20C49FEF73C
:10325000B5FA38BD05460848084BC01AC008000436
:103260002B462246074940F00200FEF7A7FA2C46FB
:10327000D6E74FF4C863E9E7587403000874030005
:10328000D0B30300A0B3030038B50446134B1D7838
:1032900001F088F8002C08DB002C01DD854211D2FA
:1032A0002819C0B2FFF7B6FF38BD002DF4D10C4885
:1032B0000C4BC01AC00800040B4940F00200FEF796
:1032C0006DFAF1E7064B074A9B1ADB081B0402461E
:1032D000064943F00200FEF767FAE5E7492B0020B4
:1032E0005874030008740300F0B3030018B403001B
:1032F00010B5002203210420F4F7DAFF0022032195
:103300000220F4F7D5FF042210210220F4F7D0FFA9
:103310000F4C22780E210220F4F7CAFF0D480E4B05
:10332000C01AC008000440F0020022780C2A0BD812
:1033300002EB820101EB81018B0003F5C8739BB2A4
:103340000649FEF73BFA10BD4FF4C863F8E700BF2B
:10335000492B0020587403000874030040B4030094
:1033600008B504220F210220F4F7A2FF0548064BFE
:10337000C01AC0080004054940F00200FEF70EFA2A
:1033800008BD00BF587403000874030074B4030040
:1033900030B585B0124B1B68B3B11248124BC01A3E
:1033A000C0080004114A13799179947855790395EE
:1033B000029401910093537812780D4940F0020075
:1033C000FEF734FA05B030BD0648074BC01AC008F6
:1033D0000004084940F00200FEF7E0F9F2E700BF00
:1033E000A85500205874030008740300AC55002051
:1033F000C8B4030094B4030010B50A4C0A4BE41A95
:10340000E408240444F0020408492046FEF7C6F903
:1034100007492046FEF7C2F906492046FEF7BEF9E5
:1034200010BD00BF58740300087403002CB50300DE
:1034300064B50300A0B5030038B5134B01221A7020
:103440000023124A1360124A1370124C124BE41AF2
:10345000E408240444F00204104D29462046FEF7F7
:103460009DF90F492046FEF799F90E492046FEF7CF
:1034700095F90D492046FEF791F929462046FEF7B9
:103480008DF9FFF7B9FF38BD006B0020FC6A002002
:10349000F86A00205874030008740300E4B10300C4
:1034A000D0B50300F4B5030028B603002DE9F041C0
:1034B00082B0364B1E78364B1F78364C364BE41AAA
:1034C000E408240444F0020434492046FEF766F977
:1034D000334B1B78002B44D0324D334B1B78002BE1
:1034E00041D0DFF8F880F4F7D9FC00F6EC10F4F7DF
:1034F0006DFF0190009743462A462C492046FEF76F
:1035000075F90C2E32D806EB860505EB8505AD0066
:1035100005F5C875ADB200F045FF00902B46324668
:1035200023492046FEF755F9224B1B78224A1268A0
:1035300001920093214B1B78214A127821492046A1
:10354000FEF754F9FFF724FF154B1B78D3B11E4B40
:103550001A681E4B9A420CD8C2F5122202F5F86284
:1035600008E01B4DB9E7DFF87880BCE74FF4C86589
:10357000D1E70022174BA3FB0232920916492046DD
:10358000FEF712F902B0BDE8F08100BF492B002020
:10359000C9710020587403000874030064B6030066
:1035A000006B002080B60300C871002098B60300AD
:1035B000CCB60300C2710020A8550020472B002084
:1035C000482B0020F4B60300FC6A0020BF27090046
:1035D00088B60300D34D621038B7030090B60300DD
:1035E00094B6030008B56D280CD006D83F280CD03F
:1035F00068280DD1FFF700FF06E06E2808D1FFF71D
:10360000B9FD01E0FFF78CFD08BDFFF74FFFFBE7B9
:10361000234B1B78BBB173282FD020D82D2827D05F
:103620003D2821D02B281FD0A0F13003DBB2092B7D
:1036300026D9A0F16103DBB2022B25D85738C0B2DE
:10364000FFF7E8FDE0E7174B174A9B1ADB081B045E
:103650000246164943F00200FEF7A6F8D4E77828A0
:10366000E2D1FFF77DFECFE70120FFF70DFECBE7AC
:103670004FF0FF30FFF708FEC6E7FFF739FEC3E75C
:103680001846FFF7C7FDBFE7064B074A9B1ADB0842
:103690001B040246064943F00200FEF785F8B3E733
:1036A000006B002058740300087403005CB703002B
:1036B0009CB7030010B502E0E0B2FFF793FFFEF7FE
:1036C00057FBB8B1FEF742FB041E13DB194B002277
:1036D0001A60194B1B78002BEED0174B1A70174845
:1036E000174BC01AC0080004164940F00200FEF74C
:1036F00055F8E1E7144B1B784BB10F4B1B7833B9EE
:103700000C4A136864331360104A934200D810BD0A
:10371000094B01221A700948094BC01AC00800045D
:103720000B4A0C4940F00100FEF73EF8FFF718FE87
:10373000EDE700BFFC6A0020F86A0020587403001F
:1037400008740300D0B70300006B0020BF270900F6
:10375000C027090014B8030008B5FFF7A3FC08BD93
:1037600008B50548054BC01AC0080004044940F0DC
:103770000400FEF713F808BD587403000874030032
:1037800058B8030010B50446064B074A9B1ADB08DD
:103790001B04064943F00400FEF700F8E06800F05F
:1037A000A5FC10BD58740300087403007CB8030026
:1037B0002DE9F0470546884616464768484C494B70
:1037C000E41AE408240444F0040947494846FDF794
:1037D000E5FF384600F05CF982465FFA88F111296E
:1037E0000ED8DFE801F0090F0D14190D1E27303A2D
:1037F0000D473F4C565F69733C494846FDF7CEFF85
:10380000BDE8F0873A494846FDF7C8FFF8E739496F
:103810004846FDF7C3FFF3E737494846FDF7BEFFCB
:10382000EEE7E86800F0D6FB002208210220F4F75A
:103830003FFDE5E7E86800F02DFEDAF800103846B5
:10384000F4F79DFDDCE72D494846FDF7A7FF002270
:1038500007210220F4F72CFDD2E729494846FDF75D
:103860009DFFCDE727494846FDF798FFE86800F03F
:1038700095FEC5E724494846FDF790FFC0E7234978
:103880004846FDF78BFF002207210220F4F710FDC8
:10389000B6E71F494846FDF781FFF1B2E86800F03E
:1038A00067FDADE71B4944F00200FDF777FFF1B279
:1038B000E86800F023FBA3E7174944F00300FDF795
:1038C0006DFFF1B2E86800F04DFB99E7E86800F0A1
:1038D0000BFEDAF800103846F4F751FD90E700BF10
:1038E0005874030008740300A0B80300D0B80300A4
:1038F000F4B8030014B9030038B903005CB903003D
:1039000098B90300C0B9030008BA03004CBA030019
:1039100084BA0300BCBA0300F8BA030008B505482E
:10392000054BC01AC0080004044940F00400FDF72C
:1039300035FF08BD587403000874030034BB03004E
:1039400008B50548054BC01AC0080004044940F0FA
:103950000400FDF723FF08BD58740300087403003A
:1039600054BB0300F8B505460F4646681D4C1E4B78
:10397000E41AE408240444F004041C492046FDF73A
:103980000DFF304600F084F8F9B211290ED8DFE8B7
:1039900001F0090E131B0D0D0D0D0D0D0D0D200D5C
:1039A0000D0D0D2512492046FDF7F8FEF8BD114911
:1039B0002046FDF7F3FEF9E70F492046FDF7EEFE3E
:1039C000E86801F055FAF1E7C1683046F4F7D7FC32
:1039D000ECE781683046F4F7D2FCE7E7E86800F0EE
:1039E00083FDE3E7587403000874030074BB03000D
:1039F000D0B80300F4B803009CBB030038B50446FC
:103A00000346174A43F8142B436000238360C360C6
:103A1000144B0361144B0360144D45618061144BDA
:103A2000C361144B436100F001FA20626562A46235
:103A3000114BE362114B636225636463104BA36314
:103A4000104B236300F0F2F9E063256464640E4BCD
:103A5000A3640E4B236400F0E9F9E064204638BD0E
:103A600034D20300BCBB030000D7030020D2030004
:103A70002CB00300ECD60300C0BB030020D703002A
:103A8000C8BB03000CD70300D4BB0300D8D6030087
:103A9000034600F114020548026003F1240242606B
:103AA00003F1300282604033C3607047046B002032
:103AB00008B50548054BC01AC0080004044940F089
:103AC0000400FDF76BFE08BD587403000874030082
:103AD000E0BB030010B50446064B074A9B1ADB08FF
:103AE0001B04064943F00400FDF758FEE06800F0AF
:103AF000FDFA10BD587403000874030004BC0300F1
:103B00002DE9F0470546884616464768434C444B26
:103B1000E41AE408240444F0040942494846FDF745
:103B20003DFE3846FFF7B4FF82465FFA88F111295F
:103B30000ED8DFE801F0090F0D141E0D282D430DDE
:103B40000D0D0D364D56606A37494846FDF726FE85
:103B5000BDE8F08735494846FDF720FEF8E73449CF
:103B60004846FDF71BFEDAF80C103846F4F707FC60
:103B7000EEE730494846FDF711FEDAF80C103846FA
:103B8000F4F7FDFBE4E72C494846FDF707FEDFE7C5
:103B9000E86800F07FFCDAF800103846F4F7EFFB35
:103BA000D6E726494846FDF7F9FDE86800F01EFB18
:103BB000DAF800103846F4F7E2FBC9E72049484636
:103BC000FDF7ECFD002207210220F4F771FBBFE7AF
:103BD0001C494846FDF7E2FDF1B2E86800F0C8FB79
:103BE000B6E7194944F00200FDF7D8FDF1B2E868E4
:103BF00000F084F9ACE7154944F00300FDF7CEFD71
:103C0000F1B2E86800F0AEF9A2E7E86800F06CFCF9
:103C1000DAF800103846F4F7B2FB99E7587403005D
:103C20000874030004BC030024BC030058BC030058
:103C300088BC0300BCBC0300ECBC03004CBA03000E
:103C40005CB9030084BA030020BD030070BD03000B
:103C500008B50548054BC01AC0080004044940F0E7
:103C60000400FDF79BFD08BD5874030008740300B1
:103C7000C0BD030008B50548054BC01AC0080004C4
:103C8000044940F00400FDF789FD08BD58740300A5
:103C900008740300E0BD030070B50D4646681D4C76
:103CA0001D4BE41AE408240444F004041B49204694
:103CB000FDF774FD3046FFF7EBFEE9B208290AD89C
:103CC000DFE801F0050A090F1409191E2300144941
:103CD0002046FDF763FD70BD12492046FDF75EFDED
:103CE000F9E711492046FDF759FDF4E70F49204651
:103CF000FDF754FDEFE70E492046FDF74FFDEAE7DB
:103D00000C492046FDF74AFDE5E70B492046FDF743
:103D100045FDE0E7587403000874030000BE03008B
:103D2000D0B80300F4B8030014B9030038B9030095
:103D300028BE03004CBE030070BE030008B50A484D
:103D40000A4BC01AC0080004094940F00400FDF7FE
:103D500025FDF5F7E7FA012800D008BD00220D2166
:103D60000220F4F7BBFAF8E7587403000874030064
:103D700098BE030000B583B0174B009301234FF4A6
:103D8000FA7216491648F4F725FB164B00930023E8
:103D900041F2883214491548F4F71CFB144B009388
:103DA00001234FF4FA6213491348F4F713FB134B42
:103DB0000093012342F2107211491248F4F70AFBF2
:103DC000114B0093002347F2305210491048F4F78A
:103DD00001FB03B05DF804FB59400300C0BE0300C3
:103DE000E86B00203D3D0300D0BE0300B46B002013
:103DF000FD4B0300E8BE0300806B0020494C03002C
:103E0000F8BE03004C6B0020DD45030008BF030033
:103E1000186B002010B504460830F4F763FD04F574
:103E20001870F5F7C1FA204610BD000008B50A4B1E
:103E30001B68BFF35B8F13F0010F01D0074808BD6B
:103E4000054803F085FA0028F8D00448FFF7E2FFA0
:103E5000014803F091FAF1E71C6C0020206C00206F
:103E600010B582B01D4C1E4BE41AE408240444F043
:103E700004041C492046FDF791FC1B492046FDF730
:103E80008DFC1A492046FDF789FC194B03F11002FD
:103E900092E803008DE803000FCBF4F73DFF01210A
:103EA0002F20F4F718FF134B03F1100292E80300E0
:103EB0008DE803000FCBF4F72FFF01210520F4F765
:103EC0000AFF0D4B03F1100292E803008DE8030096
:103ED0000FCBF4F721FF02B010BD00BF58740300F0
:103EE0000874030018BF030034BF030060BF030061
:103EF0005CD7030044D703002CD7030030B583B050
:103F00000C46114B1D7845EA01021A708DB10F481D
:103F10000F4BC01AC008000440F002000A4B1B7887
:103F20007DB90C4A009222460B49FDF752FC03B0C2
:103F300030BD00F51870F5F783F9084B00221A70B0
:103F4000E5E7074AEEE700BFC97100205874030097
:103F5000087403008CBF0300A4BF0300C8710020D5
:103F600098BF030010B50C46134A137823EA0103E7
:103F70001370A3B900F51870F5F75CF90F4B012227
:103F80001A700F480F4BC01AC00800040E4B1B7864
:103F900022460E4940F00300FDF710FC10BD084812
:103FA000084A801AC00800040A46094940F0020085
:103FB000FDF704FCF2E700BFC9710020C8710020C2
:103FC0005874030008740300492B0020E4BF030069
:103FD00030C0030008B500F51870F5F737F905484B
:103FE000054BC01AC0080004044940F00400FDF766
:103FF000D5FB08BD587403000874030084C0030097
:1040000008B500F51870F5F789F90548054BC01A91
:10401000C0080004044940F00400FDF7BFFB08BDE0
:104020005874030008740300A0C0030010B50446D0
:10403000F5F778F920600548054BC01AC008000460
:10404000044940F00400FDF7A9FB10BD58740300BB
:1040500008740300C0C0030010B5084C2046FFF7E9
:10406000E5FF0748074BC01AC0080004226806494C
:1040700040F00400FDF798FB10BD00BF146B00205A
:104080005874030008740300E0C0030008B5074833
:10409000074BC01AC0080004064940F00400FDF7B1
:1040A0007DFB0548F4F7B0F908BD00BF5874030064
:1040B0000874030004C10300B46B002008B507486E
:1040C000074BC01AC0080004064940F00400FDF781
:1040D00065FB0548F4F798F908BD00BF5874030064
:1040E000087403002CC10300E86B002010B50446DF
:1040F000124B1A78D2B11248124BC01AC0080004F1
:10410000114940F00200FDF74FFB2046FFF7BEFFCC
:104110002046FFF7D3FF0A480A4BC01AC008000424
:104120000A4940F00400FDF739FB10BD00F5187096
:10413000F5F780F8064B01221A70E6E7C9710020F6
:10414000587403000874030050C1030090C10300B9
:10415000C871002008B50748074BC01AC008000402
:10416000064940F00400FDF719FB0548F4F77AF919
:1041700008BD00BF5874030008740300A8C1030001
:10418000E86B002008B50848084BC01AC0080004B6
:10419000074940F00400FDF701FB0648F4F734F945
:1041A0000548F4F731F908BD58740300087403009A
:1041B000CCC10300806B00204C6B002008B5074881
:1041C000074BC01AC0080004064940F00300FDF781
:1041D000E5FA0548F4F718F908BD00BF5874030064
:1041E0000874030000C20300806B002008B5084873
:1041F000084BC01AC0080004074940F00400FDF74E
:10420000CDFA0648F4F72EF90548F4F72BF908BD66
:10421000587403000874030048C20300806B002038
:104220004C6B002050B159B162B1B1F5826F0BD91E
:1042300091420BD988420BD901207047002070476A
:104240000020704700207047002070470020704712
:104250000020704710B52DED028B8A1A07EE902AC8
:10426000F8EEE77A401A07EE100AB8EEC77A9FED2B
:10427000376AC7EE066A87EEA68A354C354BE41AD4
:10428000E4082404FDEEC87A17EE902A324944F07F
:104290000300FDF789FADFED317AB4EEE78AF1EE3B
:1042A00010FA4CDADFED2E7AB4EEE78AF1EE10FA6E
:1042B00048D9002300E00133032B36D8294A02EB0A
:1042C000C302526807EE902AB8EE677AB4EEC87A55
:1042D000F1EE10FAEFDB581C224901EBC0014968EE
:1042E00007EE901AF8EE677AF4EEC87AF1EE10FA5B
:1042F000E1D81C4C14F9300014F93330C01A07EE21
:10430000900AF8EEE76A521A07EE902AF8EE677AFA
:1043100037EE487A06EE103AB8EEC60A87EE276AFC
:1043200066EE267A30EE270A06E00F4944F00100D7
:10433000FDF734FA9FED0D0ABDEC028B10BDB3EE14
:10434000040AF9E79FED090AF6E700BF00EC4247CF
:10435000587403000874030078C2030000E0F647B5
:1043600000FE034774D70300A4C2030000004842C4
:1043700038B504460D46084B084A9B1ADB081B0457
:10438000074943F00400FDF709FA294604F51870BF
:10439000F4F7DDFF38BD00BF587403000874030054
:1043A000FCC20300014B1878704700BFCA7100209F
:1043B00008B500231D4A13701D4A13801D4A13803F
:1043C00007221D490A701D490B70FF211C4801700E
:1043D0001C4801701C4803701C4803701C48036093
:1043E0001C4803701C4803701C4803701C48027072
:1043F0001C4802701C4803601C4803601C48037082
:104400001C4803601C4803801C4803701C48017052
:104410001C490B701C481D4BC01AC00800041C49E5
:1044200040F00300FDF7C0F908BD00BFC9710020CE
:10443000C6710020C4710020492B0020C2710020E9
:10444000482B0020472B0020C1710020C0710020A4
:10445000BC710020B8710020B1710020B071002043
:10446000452B0020442B0020AC710020A8710020B7
:10447000A4710020A07100209E7100209D71002079
:10448000462B00209C710020587403000874030020
:1044900028C3030010B5044600F51870F4F7D0FEE9
:1044A0000C4B00221A702046FFF754FE2046FFF7FF
:1044B0009DFE0948F3F7D6FFFFF77AFF0748084B40
:1044C000C01AC0080004074940F00400FDF766F96F
:1044D00010BD00BFC8710020186B00205874030085
:1044E0000874030054C3030010B50446FFF7D2FF5D
:1044F0002046FFF763FE0648064BC01AC0080004BA
:10450000054B1A78054940F00200FDF74DF910BD42
:104510005874030008740300492B002070C3030083
:10452000044B1B78FF2B01D0834201D9014B18703B
:10453000704700BF482B0020094B1A78FF2A08D08B
:10454000084B1B78FF2B06D00133934205DA00207D
:10455000704700207047002070470120704700BF5F
:10456000482B0020472B002008B5094B1A788242BF
:1045700000D30246074B1A70074B1B78934201D2B7
:10458000054B1A700E210220F3F7A8FE08BD00BFEC
:10459000CA710020492B0020452B002010B50B4C80
:1045A0000B4BE41AE408240444F0030447F23053AC
:1045B000072208492046FDF701F90720FFF7D4FF3D
:1045C000072205492046FDF7EFF810BD5874030097
:1045D00008740300B8C3030014C4030008B50E4BED
:1045E0001B686BB90D480E4BC01AC00800040D497A
:1045F00040F00200FDF7D2F8FE20FFF7B5FF08BD3E
:104600000648074BC01AC0080004074940F00300E1
:10461000FDF7C4F8F3E700BFA85500205874030065
:104620000874030098C4030050C4030010B582B09E
:1046300004461C4B186800231B4A13701B490A7858
:104640000132D2B20A701A490C701A490B801A4B07
:1046500018601A4B1A495B1ADB081B0443F002006E
:10466000C4B1184B184909780191009304231749E4
:10467000FDF7BCF801220F210220F3F72FFE3CB119
:10468000134B1B78FF2B03D00F4A1078834203D8BB
:1046900002B010BD0F4BE5E70130C0B2FFF764FF79
:1046A000F6E700BFA8550020A47100209D710020EE
:1046B0009C710020C6710020AC710020587403006A
:1046C00008740300ECC40300492B00200CC5030050
:1046D000462B002000C503002DE9F04F2DED028B85
:1046E00089B0A24B1E68002E00F08A800DF1080CE4
:1046F0009F4C0FCCACE80F0094E803008CE803005B
:104700009C4B1D7815F0010503D09B4A138801339B
:1047100013809A4B1B784BB145B9994A13880133E2
:104720009BB21380974A1268B24250D0BDF8107005
:10473000BDF81280BDF814904A4641463846FFF74E
:1047400071FD002849D04A4641463846FFF782FDB0
:10475000B0EE408A8C4C8D4BE41AE408240444F0FB
:10476000030AFDEEC08ADFED8A7A60EE277AFDEE5D
:10477000E77A17EE902A874981FB0231D317C3EB02
:104780006113642101FB132B5B4618EE902A8249CA
:104790005046FDF713F8CDF8009043463A467F495E
:1047A0005046FDF716F8754B1B78002B3FD0002DB7
:1047B00074D1724B00221A70DFED797AB4EEE78A79
:1047C000F1EE10FA21DD1046FFF730FF18E0092B5B
:1047D00016D90120FFF72AFF12E06B486B4BC01A75
:1047E000C0080004CDF8009043463A466D4940F0B9
:1047F0000200FCF7EEFF614B1B780BB1614B1E60B2
:1048000009B0BDEC028BBDE8F08F674B1B780193BC
:10481000272300935B4618EE902A64495046FCF724
:10482000E5FF0023624A1370624A1370E8E7002D27
:1048300034D1DFED617AB4EEE78AF1EE10FADFDB16
:104840005E4B1B7853B1292300935B4618EE902AE8
:104850005B4944F00200FCF7BCFFD1E72923009339
:104860005B4618EE902A574944F00100FCF7B1FF6F
:104870000023414A1380544A16604E4A1370534B2A
:104880001B78FF2B05D001220F210220F3F726FD14
:10489000B6E7454B1A784D4B1A70F4E7364B1B8838
:1048A0000E2BADD9DFED3E7AB4EEE78AF1EE10FAC9
:1048B00042DD454A1268B242A2D13D4A1278032A2B
:1048C0002AD80F2191408B429ADB3A4B1B7813B9BF
:1048D000354B1B785BBB00233D4A137001253D4AD5
:1048E0001570264A1570274A1660254A1380304BEA
:1048F0001B782D4A12780192042200922B441E4A02
:104900001288354944F00200FCF770FF2A46102156
:104910000220F3F7E3FC73E7304944F00100FCF7B1
:1049200043FF00220D210220F3F7D8FC68E7013B8A
:10493000D8B2FFF719FECEE70193272300935B4619
:1049400018EE902A26495046FCF750FF0023204AD3
:10495000137001221F490A7015490B7015490B701D
:1049600010210220F3F7BAFC4AE700BFA855002047
:10497000AC550020C9710020C6710020A471002030
:104980009E710020A0710020587403000874030079
:104990000000C8421F85EB51D4C50300FCC50300CD
:1049A00000001C425CC50300492B002030C60300F8
:1049B0009D7100209C71002000002442006B0020AB
:1049C00094C60300DCC60300AC710020462B002017
:1049D000C2710020C17100208CC703003CC70300D6
:1049E000E4C703002DE9F04383B06D4B1B786D4A9B
:1049F0001678B34200D91E466A4A13706A4B19787A
:104A0000674B1970694B1C68002C00F0AB80684B39
:104A1000D3F800901C60674B93F801801A79B2FAC2
:104A200082F56D099B79B3FA83F77F09A1451DD003
:104A300061480078A8423AD00AB1002B3CD15F48C7
:104A4000DFF88CC1A0EB0C00C0080004DFF864C1E3
:104A50009CF802C0CDF804C00091594940F0020012
:104A6000FCF7C4FE544B1D70564B1F70564B1B7801
:104A700013F0020F4FD1A14574D0B8F1000F71D1DE
:104A80003046FFF74DFD514B1B784BB34B48504B15
:104A9000C01AC00800044F4B1B7800933346424AAB
:104AA00012784D4940F00200FCF793FE5AE0454869
:104AB0000078B842C0D1D9E74048DFF814C1A0EB74
:104AC0000C00C0080004DFF8ECC09CF802C0CDF870
:104AD00004C00091414940F00300FCF787FEC1E7A4
:104AE00036483B4BC01AC00800043A4B1B78009371
:104AF00033462D4A12783A4940F00100FCF769FE2E
:104B0000384B00221A80384B1C6002220F211046BD
:104B1000F3F7E4FB26E0334B1A88013292B21A8095
:104B2000042A1FD9304B1B68A3421ED0B8F1000FD6
:104B300026D01D4B187870BB2C4B01221A701F48D1
:104B4000234BC01AC0080004174B1B78254A128853
:104B5000274940F00300FCF731FE022210211046E5
:104B6000F3F7BCFB03B0BDE8F0831448184BC01A40
:104B7000C00800041F4940F00200FCF715FED8E70A
:104B80000E48134BC01AC00800041B4940F0020035
:104B9000FCF70AFEE6E70138C0B2FFF7E5FCCBE719
:104BA000452B0020442B0020492B0020A855002035
:104BB000B4710020AC550020B1710020587403007E
:104BC00054C80300B0710020C9710020006B0020A0
:104BD00008740300482B00204CC90300E4C80300FC
:104BE000A0C90300C4710020A8710020C171002079
:104BF00090CA030000CA030050CA030008B50C485D
:104C00000C4BC01AC00800040B4940F00400FCF72C
:104C1000C5FDFFF7E7FEFFF75FFD084B1B7823B9E3
:104C2000FCF752FC0028FBD108BDFEF7B1FBF7E70B
:104C30005874030008740300E4CA0300006B0020EA
:104C400008B5FFF791FC08BD70B584B06C4B1A78BD
:104C5000002A52D16B4B1A78002A5AD16A4B1B6832
:104C60006A4A12689A4262D0684A1360684B1B789D
:104C7000002B67D0674B9D78674C684BE41AE408BB
:104C8000240444F00306664B1B780293654B1B78A3
:104C90000193654B1B780093012D14BF0023012362
:104CA000624A127862493046FCF7AFFD012D5CD0B4
:104CB000604B1A780132D2B21A70012A78D95D4B52
:104CC00000221A70594B1D78554B1D70564B01220E
:104CD0001A70FFF731FC002874D1574B1B789D42A6
:104CE00080F08680681CC0B2FFF73EFC4F4B1A78FC
:104CF00052493046FCF758FD09E04748474BC01A77
:104D0000C00800044E4940F00400FCF74DFD04B01B
:104D100070BD013AD2B21A703F48404BC01AC00869
:104D20000004484940F00400FCF73EFDEFE73A4834
:104D30003A4BC01AC0080004434940F00200FCF797
:104D40002DFDE4E7324B01221A700720FFF70CFC1F
:104D50003148324BC01AC0080004344B1A783B4922
:104D600040F00300FCF720FDD1E7324B00221A701F
:104D70002D4B1B786BB92D4B187888B10138C0B218
:104D8000FFF7F2FB294B1A7831493046FCF70CFD4E
:104D9000BDE7264B1A782F493046FCF705FDB6E7EC
:104DA000214B01221A702C493046FCF7F7FCAEE784
:104DB0001E4B1B7800930223284944EA0300FCF7AA
:104DC00008FDA4E7174B1A7882B1561EF6B200967A
:104DD0002B46234944F00100FCF7FBFC134B1B78E6
:104DE000B34294D03046FFF7BFFB90E71646EEE79C
:104DF0002A461C4944F00200FCF7D6FC87E700BFB6
:104E0000C9710020C1710020A8550020BC7100208C
:104E1000B8710020AC5500205874030008740300DA
:104E2000472B0020482B0020C2710020492B002076
:104E300014CC0300C0710020CA710020F8CD03001B
:104E400004CB03004CCB030094CB0300E4CB030062
:104E500094CC030070CC0300D0CC03000CCD030035
:104E600050CD0300B0CD030008B5FEF783FF08BDA9
:104E700010B504460E480F4BC01AC00800040E4976
:104E800040F00400FCF78AFC2046FEF7E9FF04F13D
:104E90000800F3F761FD04F518742046F4F770FA82
:104EA0002046F4F7D4F9054B1870FFF781FA10BDCE
:104EB00058740300087403002CCE0300CA7100204C
:104EC00070B505460C4616460A4B0B4A9B1ADB0882
:104ED0001B040A4943F00400FCF760FC00F028F8CA
:104EE0003246214600F054F821462846F3F70CFAE2
:104EF00070BD00BF587403000874030040CE030067
:104F000010B50446F3F7BAF9014B2360204610BDF3
:104F1000A4D7030010B50446FFF7F2FF04F15C00CC
:104F2000F3F7C5F804F6EC10FEF768FD204610BD57
:104F300008B50A4B1B68BFF35B8F13F0010F01D05C
:104F4000074808BD054802F003FA0028F8D00448D5
:104F5000FFF7E0FF014802F00FFAF1E7CC71002003
:104F6000D071002038B5044600F15C05074A0121E4
:104F70002846F3F7B1F82A4602212046F3F786F9CE
:104F800004F6EC10F3F70FFA38BD00BFBCBB03000A
:104F900008B500F6EC10F3F7EAF908BD28B108B53A
:104FA00002498320FAF7D4FF08BD704758CE0300AA
:104FB00000F1080343604FF0FF328260C360036179
:104FC00000230360704700230361704743684B6010
:104FD0009A688A60516099600861036801330360D0
:104FE000704730B40D68B5F1FF3F11D000F10803F0
:104FF0001C465B681A68AA42FAD963684B609960DC
:105000008C606160086103680133036030BC7047E5
:105010000469F2E70369416882688A604168516007
:105020005A68824206D0002202611A68013A1A6068
:105030001868704782685A60F5E700000748006802
:1050400080F3088862B661B6BFF34F8FBFF36F8FEE
:105050004FF4F07080F3118800DF00BF0070020091
:10506000064B19680868B0E8F04F80F30988BFF371
:105070006F8F4FF0000080F311887047507D002043
:10508000EFF30980BFF36F8F144B1A681EF0100FF7
:1050900008BF20ED108A20E9F04F10604DF8043D64
:1050A0004FF0400080F31188BFF34F8FBFF36F8F35
:1050B00000F0B0FF4FF0000080F3118808BC1968C1
:1050C0000868B0E8F04F1EF0100F08BFB0EC108A6F
:1050D00080F30988BFF36F8F704700BF507D0020B9
:1050E000034AD2F8883043F47003C2F8883070471E
:1050F00000ED00E008B5074B1B68B3F1FF3F03D19B
:10510000402383F31188FEE703499E20FAF720FF2E
:10511000F6E700BF147C002000CF03004FF080733F
:1051200040F8043C40F8081C054B40F80C3C40F8A3
:10513000202C6FF0020340F8243C4438704700BF35
:10514000F550030010B582B0264B1A68264B9A42E0
:1051500013D1264B1A78D2B20192FF221A701B7813
:10516000DBB28DF803309DF8033003F00203204AD0
:105170001370204B07221A600EE01F49B020FAF787
:10518000E7FEE6E71B4A1368013B13609DF8033016
:105190005B00DBB28DF803309DF8033013F0800F15
:1051A000F0D1144A136803F007031360019BDBB2CC
:1051B0000E4A13700B4CE02384F8223000F0BAF84A
:1051C0000E4B00221A60FFF78BFF0D4A536B43F022
:1051D00040435363236943F010032361FFF72EFF1D
:1051E000FFF788FF00ED00E041C20F4100E400E05E
:1051F000107C00200C7C002000CF0300147C0020D9
:1052000000EF00E008B5402383F31188094A1368D2
:1052100001331360012B00D008BD074B5B68C3F35B
:105220000803002BF8D0054940F21110FAF790FE60
:10523000F2E700BF147C002000ED00E000CF030087
:1052400008B5084B1B683BB1064A1368013B136065
:105250000BB983F3118808BD03494FF48C70FAF73A
:1052600077FEF1E7147C002000CF030008B5EFF3D0
:105270000583C3F308030F2B09D903F1E023F033AF
:1052800093F80033DBB20C4A12789A4208D80B4BE1
:10529000DB68C3F302230A4A12689A4206D308BDA8
:1052A00008494FF4A970FAF753FEF0E705494FF4A7
:1052B000B170FAF74DFEF2E7107C002000ED00E03F
:1052C0000C7C002000CF0300F0B583B0EFF3118712
:1052D000402383F31188154BD3F804450022C3F80B
:1052E0000021D3F800310193019B00F089FD241ABD
:1052F00024F07F4434F0010301D1002509E000F0DF
:10530000A1FF0228F9D00124F7E700F087FD05434B
:105310003446661E002CF8D125B1054B4FF0805263
:105320005A6040BF87F3118803B0F0BD0010014000
:1053300000ED00E008B50020F7F70CFD094B1F2237
:10534000C3F808250122C3F804239A601A600222D8
:10535000C3F84423044BE02283F811234FF40032B6
:105360001A6008BD0010014000E100E010B50446DD
:10537000FFF748FFA26BE36B9A4204D00024FFF7CB
:105380005FFF204610BD0124F9E710B50446FFF782
:1053900039FFA36B23B90124FFF752FF204610BD4C
:1053A0000024F9E770B504461546866B026C5AB9BD
:1053B00003681BB100200136A66370BD406800F091
:1053C00051FF00236360F6E76DB9806801F05EFF6E
:1053D000A368226C1344A3606268934219D32368C4
:1053E000A3602846E7E7C06801F050FFE368226C3D
:1053F00051429B1AE3602268934202D263680B44D5
:10540000E360022D01D00020D5E726B1013E002047
:10541000D1E72846CFE70020CDE70346026C6AB10A
:1054200010B50846D9681144D9605C68A14201D31F
:105430001968D960D96801F029FF10BD704738B5E7
:105440000546FFF7DFFE95F8454064B201E0013CF8
:1054500064B2002C0ADD6B6A43B105F1240000F050
:105460005DFE0028F3D000F0E7FEF0E7FF2385F8AB
:105470004530FFF7E5FEFFF7C5FE95F8444064B2FE
:1054800001E0013C64B2002C0ADD2B6943B105F157
:10549000100000F043FE0028F3D000F0CDFEF0E74E
:1054A000FF2385F84430FFF7CBFE38BD38B50D46F5
:1054B0000446D0B1FFF7A6FE2368E26B216C01FB26
:1054C000023060600020A063A360013A02FB013358
:1054D000E360FF2384F8443084F84530D5B923696C
:1054E00043B9FFF7ADFE012038BD0F49FC20FAF7A4
:1054F0002FFDDFE704F1100000F010FE0028F0D0CF
:105500000A4B4FF080525A6040BFBFF34F8FBFF33A
:105510006F8FE6E704F11000FFF74AFD04F1240065
:10552000FFF746FDDDE700BFA8CF030000ED00E078
:1055300010B5034602980C4631B90060C363046499
:105540000121FFF7B3FF10BD0260F7E7F0B585B0AA
:105550000D4616461C460746B0B1DCB106B33DB356
:1055600048230393039B482B28D154B1012384F88B
:10557000463000949DF82830324629463846FFF7D9
:10558000D7FF204605B0F0BD0F4940F23310FAF7BF
:10559000DFFCE2E70C4940F23710FAF7D9FCDDE70F
:1055A000002DDDD008494FF49E70FAF7D1FCD7E703
:1055B000054940F23B10FAF7CBFCD1E702494FF422
:1055C000A270FAF7C5FCD0E7A8CF0300F0B585B00C
:1055D0000F4601921D46044648B177B1022D15D001
:1055E00000F030FE08B9019BCBB9002659E05149C3
:1055F0004FF43770FAF7ACFCEFE7236C002BEDD0DB
:105600004C4940F2DD20FAF7A3FCE7E7E36B012BFE
:10561000E6D0484940F2DE20FAF79AFCE0E7454937
:1056200040F2E120FAF794FCDFE72A4639462046AB
:10563000FFF7B8FE636A73B940B13F4B4FF0805239
:105640005A6040BFBFF34F8FBFF36F8FFFF7F8FD76
:10565000012005B0F0BD04F1240000F05FFD00283A
:10566000F4D0354B4FF080525A6040BFBFF34F8F9C
:10567000BFF36F8FEAE7FFF7E3FD0020E9E702A839
:1056800000F090FD012619E0002384F8443021E069
:10569000002384F8453023E02046FFF7D0FE00F0D9
:1056A0003DFCFFF7AFFDA26BE36B9A42BDD3022D29
:1056B000BBD0019B002BDED0002EE0D0FFF7C0FD59
:1056C00000F096FBFFF79EFD94F8440040B2B0F165
:1056D000FF3FD9D094F8450040B2B0F1FF3FD7D09A
:1056E000FFF7AEFD01A902A800F068FDD0B9204681
:1056F000FFF73CFE0028CFD0019904F1100000F024
:10570000D5FC2046FFF79BFE00F008FC0028C8D11E
:10571000094B4FF080525A6040BFBFF34F8FBFF329
:105720006F8FBEE72046FFF78AFE00F0F7FB0020F0
:105730008FE700BFA8CF030000ED00E02DE9F8439C
:105740000E4691461D460446A0B1CEB1022D20D092
:10575000FFF78CFDEFF31188402383F31188A26BD0
:10576000E36B9A421ED3022D1CD0002088F31188CF
:10577000BDE8F8831E4940F2A230FAF7E9FBE4E7FE
:10578000236C002BE2D01A4940F2A330FAF7E0FB79
:10579000DCE7E36B012BDBD015494FF46970FAF7B6
:1057A000D7FBD5E794F845707FB22A4631462046AC
:1057B000FFF7F8FDB7F1FF3F05D001377FB284F85E
:1057C00045700120D2E7636A0BB90120CEE704F1EE
:1057D000240000F0A3FC30B1B9F1000F05D0012086
:1057E000C9F80000C2E70120C0E70120BEE700BF02
:1057F000A8CF0300F0B585B00F460192044638B13A
:1058000067B100F01FFD08B9019B83B9002652E083
:10581000494940F2DF40FAF79BFBF1E7236C002B8C
:10582000EFD0454940F2E340FAF792FBE9E74249FD
:105830004FF49D60FAF78CFBE8E739462046FFF706
:10584000ECFD013DA563236923B9FFF7F9FC0120B5
:1058500005B0F0BD04F1100000F060FC0028F4D0A9
:10586000364B4FF080525A6040BFBFF34F8FBFF3AB
:105870006F8FEAE7FFF7E4FC0020E9E702A800F0F9
:1058800091FC012621E0002384F8443029E0002324
:1058900084F845302BE02046FFF7D1FD00F03EFBB9
:1058A00009E02046FFF7CBFD00F038FB2046FFF76C
:1058B0006CFD00283ED1FFF7A5FCA56B002DBCD1E7
:1058C000019B002BD6D0002ED8D0FFF7B9FC00F0FA
:1058D0008FFAFFF797FC94F844305BB2B3F1FF3FC7
:1058E000D1D094F845305BB2B3F1FF3FCFD0FFF792
:1058F000A7FC01A902A800F061FC0028D1D1204634
:10590000FFF743FD0028C6D0019904F1240000F000
:10591000CDFB2046FFF793FD00F000FB0028CAD125
:10592000064B4FF080525A6040BFBFF34F8FBFF31A
:105930006F8FC0E700208BE7A8CF030000ED00E0E9
:105940000023012B0CD8074A52F833200AB1013347
:10595000F7E7044A42F8331002EBC3025060704785
:10596000704700BF187C002070B504460D461646EF
:10597000FFF748FC94F844305BB2B3F1FF3F0DD021
:1059800094F845305BB2B3F1FF3F0BD0FFF758FC02
:10599000A36B5BB12046FFF752FD70BD002384F876
:1059A0004430EDE7002384F84530EFE732462946DE
:1059B00004F1240000F094FBECE70000084B1B68A6
:1059C0001B6823B9074B4FF0FF321A607047044B36
:1059D0001B68DB68DB685A68024B1A60704700BFBF
:1059E000987C0020307C00202DE9F04780460D4651
:1059F00017469946089EDDF824A00A9C9200A5212E
:105A0000206B01F075FC236B07F18042013A03EB38
:105A1000820727F007074FF0000CBCF1090F09D8E7
:105A200015F80C3004EB0C0282F8343013B10CF191
:105A3000010CF2E7002384F83D30062E00D906263B
:105A4000E662266400256564201DFFF7BCFA04F1B8
:105A50001800FFF7B8FA2461C6F10706A661646270
:105A6000A56484F84C504A4641463846FFF756FB39
:105A70002060BAF1000F01D0CAF80040BDE8F087FD
:105A800038B5002407E004EB840293000E48184464
:105A9000FFF78EFA0134062CF5D90C4D2846FFF796
:105AA00087FA0B4C2046FFF783FA0A48FFF780FA83
:105AB0000948FFF77DFA0948FFF77AFA084B1D609D
:105AC000084B1C6038BD00BFC47C0020B07C0020A7
:105AD0009C7C0020807C00206C7C0020547C00207A
:105AE000987C0020947C002010B50446FFF78AFBC8
:105AF000214A136801331360204B1B685BB1204BB4
:105B00001B686BB91D4B1B68DA6AE36A9A4207D8B7
:105B10001A4B1C6004E0194B1C601368012B27D042
:105B2000184A136801331360E06A01238340164A60
:105B300011680B43136000EB8000211D134B03EB36
:105B40008000FFF743FAFFF77BFB0D4B1B6873B137
:105B50000A4B1B68DA6AE36A9A4208D20C4B4FF090
:105B600080525A6040BFBFF34F8FBFF36F8F10BD9D
:105B7000FFF786FFD4E700BF507C0020507D002057
:105B8000447C0020347C0020487C0020C47C002021
:105B900000ED00E010B5044690F84D304BB1012BFC
:105BA0000ED0022B0BD0084940F68860FAF7D0F9E6
:105BB00005E0006BFFF7F2F92046FFF7EFF910BDA3
:105BC000FFF7ECF9FBE700BF3CD003000F4B1B686D
:105BD000D3B110B5FFF716FB0D4BDB68DC68201D59
:105BE000FFF718FA0B4A1368013B1360074A136862
:105BF000013B1360FFF724FB2046FFF7CBFF034B6D
:105C00001B68002BE6D110BD704700BF687C0020E8
:105C10006C7C0020507C002070B504460D461D4B66
:105C20001E681D4B18680430FFF7F4F948B91A4B89
:105C30001B68DB6A01229A4018490B6823EA0203B9
:105C40000B60B4F1FF3F0DD03444134B1B685C6014
:105C5000A64210D9124B18680F4B19680431FFF790
:105C6000C0F970BD002DEFD00B4B196804310D4801
:105C7000FFF7ACF9F5E70C4B1868074B19680431CE
:105C8000FFF7AFF9094B1B68A342EAD9074B1C6029
:105C9000E7E700BF4C7C0020507D0020487C0020BE
:105CA000947C0020547C0020987C0020307C0020D4
:105CB00008B50AE0084B4FF080525A6040BFBFF36E
:105CC0004F8FBFF36F8FF2F7ABFAFFF77FFF034BF6
:105CD0001B68012BEED8F6E700ED00E0C47C002045
:105CE0002DE9F04387B080460E46174699460F9D32
:105CF000109CE5B10CB350220492049A502A22D190
:105D00003CB335B32563022384F84D30002303935D
:105D1000029405AB01930E9B00934B463A463146E5
:105D20004046FFF761FE2046FFF7DEFE13E00C4918
:105D30004FF41470FAF70CF9DCE7094940F25120EE
:105D4000FAF706F9D7E7064940F25920FAF700F9C1
:105D5000D6E700230593059807B0BDE8F08300BFA0
:105D60003CD0030010B588B000240594069407AA1F
:105D700006A905A8F2F702FA059B0293069B019378
:105D800000942346079A13491348FFF7A9FF134BC2
:105D9000186098B100F048FB012810D1402383F32C
:105DA00011880F4B4FF0FF321A600E4B01221A6020
:105DB0000D4B00221A60FFF7C5F903E00020B0F197
:105DC000FF3F01D008B010BD084940F2DC70FAF77F
:105DD000BFF8F7E7D0D00300B15C03002C7C0020B3
:105DE000307C0020447C00204C7C00203CD0030010
:105DF000024A136801331360704700BF287C0020FB
:105E0000014B1868704700BF4C7C002008B5FFF7B5
:105E10002DFA014B186808BD4C7C0020F8B5334BB7
:105E20001B68002B56D1324B1E6801361E607EB9AE
:105E3000304B1B681B688BB92E4A11682E4B1868B3
:105E4000106019602D4A136801331360FFF7B6FD27
:105E50002B4B1B68B34233D9002740E0294940F659
:105E60003320FAF775F8E7E70127224B1B681B6818
:105E700043B3204B1B68DB68DC6863689E4226D313
:105E8000251D2846FFF7C6F8A36A1BB104F11800C8
:105E9000FFF7C0F8E36A01229A401B4908680243F1
:105EA0000A6003EB83039A00294618481044FFF761
:105EB0008DF8E26A164B1B68DB6A9A42D4D2D4E7AB
:105EC0000027D2E70E4B4FF0FF321A6007E00C4A72
:105ED000136004E00F4A13680133136000270E4B70
:105EE0001B6803B101273846F8BD00BF287C00209D
:105EF0004C7C0020987C0020947C0020387C002082
:105F0000307C00203CD00300487C0020C47C002072
:105F1000507D0020407C00203C7C002038B5334B75
:105F20001B686BB1FFF76EF9304B1A68013A1A60C3
:105F30001B68002B54D12E4B1B683BB9002450E04A
:105F40002C494FF40460FAF703F8EBE700242A4BDE
:105F50001B681BB3284BDB68DC6804F11800FFF7F3
:105F600059F8251D2846FFF755F8E06A01238340BC
:105F7000224A11680B43136000EB80002946204B36
:105F800003EB8000FFF722F8E26A1E4B1B68DB6A16
:105F90009A42DCD31C4B01221A60D8E70CB1FFF700
:105FA0000DFD1A4B1C687CB9174B1C68CCB1184B03
:105FB0004FF080525A6040BFBFF34F8FBFF36F8FD7
:105FC00001240EE0013C07D0FFF728FF0028F9D09C
:105FD0000D4B01221A60F5E70C4B00221A60E3E733
:105FE0000024FFF72DF9204638BD00BF287C002093
:105FF000507C00203CD00300807C0020487C0020A6
:10600000C47C0020507D00203C7C0020407C00208F
:1060100000ED00E01F4B1B681BB11F4B01221A60F3
:10602000704710B51C4B00221A601C4B1C6814B33F
:10603000B4FA84F4C4F11F0404EB84029300184AF8
:10604000D358D3B1164904EB840293000B445A6829
:1060500052685A6004EB8400830008330B449A4270
:1060600011D004EB8404A2000D4B13445B68DA6882
:106070000C4B1A6010BD2024DCE70B494FF435604F
:10608000F9F766FFDEE751688200054B134459605B
:10609000E7E700BF287C00203C7C0020487C0020F3
:1060A000C47C0020507D00203CD0030038B50C4655
:1060B000054650B1084B196818312846FEF791FF84
:1060C00001212046FFF7A8FD38BD04494FF4366092
:1060D000F9F73EFFEEE700BF507D00203CD0030003
:1060E00070B50D461446064668B10A4B196818315A
:1060F0003046FEF76BFF0CB14FF0FF3521462846C6
:10610000FFF78AFD70BD044940F68B30F9F720FF98
:10611000EBE700BF507D00203CD0030038B5C368DA
:10612000DC6824B304F118052846FEF773FF164B0C
:106130001B6813BB251D2846FEF76CFFE06A012390
:106140008340124A11680B43136000EB800029461C
:106150000F4B03EB8000FEF739FFE26A0D4B1B6823
:10616000DB6A9A420ED901200B4B186038BD0B49EF
:1061700040F6BB30F9F7ECFED4E729460848FEF7B5
:1061800025FFEAE70020F1E7287C0020487C00207A
:10619000C47C0020507D00203C7C00203CD00300CB
:1061A000807C0020034B1B680360034B1B6843602B
:1061B000704700BF387C00204C7C0020F8B50C46AE
:1061C0000546B8B1E4B1FFF71DF8184B19686B68C4
:1061D000C81A2268B2F1FF3F20D0154E36682F68EA
:1061E000B74201D08B421ED982420FD800232360D0
:1061F000012414E00F4940F62640F9F7A9FEE1E733
:106200000C4940F62740F9F7A3FEDCE75B1A13447C
:1062100023602846FFF7C6FF002400E00024FFF7B4
:106220000FF82046F8BD0124F9E700BF4C7C0020A0
:10623000387C00203CD00300014B01221A607047DB
:106240003C7C0020054B1B6833B1054B1B680BB130
:10625000002070470220704701207047447C0020D6
:10626000287C0020002846D038B50446244B1B6803
:10627000834204D0234940F63B70F9F769FE636C12
:106280004BB1636C013B6364E16A226C914234D090
:106290003BB1002038BD1B4940F63C70F9F758FE71
:1062A000EFE7251D2846FEF7B5FE70B9E26A02EB5E
:1062B00082039B001449CB583BB9012303FA02F235
:1062C00012490B6823EA02030B60206CE062C0F104
:1062D0000703A361012404FA00F30C4A11680B437D
:1062E000136000EB80002946074B03EB8000FEF7AC
:1062F0006DFE2046CEE7002070470020CAE700BFB1
:10630000507D00203CD00300C47C0020487C00204D
:10631000064B1A681368B3FA83F35B09036013B979
:10632000D368186870470020704700BFAC7F00201A
:1063300008B54160006191420CD8D21A83699A4233
:1063400001D3012008BD011D094B1868FEF749FE65
:106350000020F7E79A4201D2994206D2011D054B6F
:106360001868FEF73EFE0020ECE70120EAE700BFD8
:10637000A87F0020AC7F002030B583B0FEF742FF3D
:10638000114B1B681BB1FEF75BFF03B030BD0F4D17
:106390002846FEF70DFE0E4C2046FEF709FE0D4B7B
:1063A0001D600D4B1C60002300930C4B0C4A102108
:1063B0002020FFF7CBF8044B18600028E3D00949F0
:1063C000FFF7BEFADFE700BFA47F0020C47F0020F4
:1063D000B07F0020AC7F0020A87F0020547D0020EB
:1063E0009C7D0020D8D003002DE9F04107461646D9
:1063F0001D46079C884671B15CB1FFF7BDFF276061
:10640000C4F81880E6612562069B6362201DFEF7D2
:10641000DAFDBDE8F081034940F26910F9F798FD13
:10642000EAE700BFE0D0030010B588B0FFF7A4FF93
:10643000114B1B68C3B100240594069407AA06A952
:1064400005A8F1F7A7FE059B0293069B0193022383
:1064500000932346079A09490948FFF741FC094B75
:10646000186008B1012005E007494FF48870F9F77A
:106470006FFD002008B010BDA47F002074D1030080
:10648000BD670300A07F0020E0D003002DE9F041AC
:1064900084B005460E4690461F460B9C2C23039362
:1064A000039B2C2B10D1ACB101940A9B00933B466B
:1064B000424631462846FFF797FF012384F82830EB
:1064C000204604B0BDE8F08105494FF4A370F9F708
:1064D0003FFDE8E7024940F24B10F9F739FDEFE7DD
:1064E000E0D00300F0B585B00C4615461E460746C1
:1064F00098B1154B186828B3009401950297052CA4
:1065000019DCFFF79FFE02280DD000231A466946CA
:106510000D480068FFF75AF812E00C4940F283106A
:10652000F9F716FDE5E700230A9A69460648006870
:10653000FFF74CF804E0002332466946FFF7FEF807
:1065400005B0F0BD0020FBE7A47F0020E0D00300F1
:1065500070B582B0194B1B681A683AB3DB681E68C5
:10656000DC68251D2846FEF755FD636A20469847DE
:10657000E369012BEED1A36933449E4207D26360E5
:10658000246129460D4B1868FEF72BFDE2E7002138
:1065900000910B4632462046FFF7A4FF0028D9D1D0
:1065A000074940F26F30F9F7D3FCD3E7054A10688A
:1065B00002490860136002B070BD00BFAC7F0020CC
:1065C000E0D00300A87F002038B50546FFF718FC8F
:1065D0000446074B1B68834205D800232B60044BFD
:1065E0001C60204638BDFFF7B3FF01232B60F6E7A0
:1065F0009C7F002070B582B006460D46134909689D
:10660000C968CC68201DFEF705FDE169012904D0A9
:10661000636A2046984702B070BDA16933462A4696
:1066200031442046FFF784FE0028F1D0002100917C
:106630000B4632462046FFF755FF0028E8D10449B3
:1066400040F2E510F9F784FCE2E700BFAC7F0020E0
:10665000E0D0030070B582B006460C46FFF7C8FBD9
:1066600001A8FFF7B1FF019B1BBB054644B9B0422F
:106670000CD3FFF753FC29463046FFF7BBFF1AE067
:106680000E4B1B681C68B4FA84F464092246711B23
:106690000B4B1868FFF768F9FFF740FC58B9094B36
:1066A0004FF080525A6040BFBFF34F8FBFF36F8FE0
:1066B00001E0FFF733FC02B070BD00BFA87F0020EF
:1066C000A47F002000ED00E030B589B002E0049B1B
:1066D000002B0FDA002204A9364B1868FFF78AF85E
:1066E000002864D0049B002BF1DA07990698059BDB
:1066F0009847ECE7069C636913B1201DFEF78AFCFE
:1067000003A8FFF761FF0546049B092BE2D801A20D
:1067100052F823F03D6703003D6703003D67030027
:10672000D56603007D6703009F6703003D67030094
:106730003D670300D56603007D670300059BA169E3
:10674000024619442046FFF7F3FD0028C2D0636AD1
:1067500020469847E369012BBCD1A2690021009132
:106760000B46059802442046FFF7BCFE0028B1D135
:10677000114940F2FE20F9F7EBFBABE7059BA36163
:106780003BB1A1692B462A4629442046FFF7D0FD9C
:10679000A0E7094940F21530F9F7DAFBF1E794F880
:1067A0002830002B96D12046FEF7F8FB92E709B07F
:1067B00030BD00BFA47F0020E0D0030000B583B04F
:1067C00001A8FFF7A5FD0199FFF744FFFFF77CFF44
:1067D000F6E70000BFF34F8F0549CA6802F4E06294
:1067E000044B1343CB60BFF34F8F00BFFDE700BFE7
:1067F00000ED00E00400FA0508B54FF01023D3F8CF
:106800000C3203B908BD0F4B0122C3F804250D4B10
:10681000D3F80034002BFAD04FF010230022C3F835
:106820000C22084BD3F80034002BFAD0054B002281
:10683000C3F80425034BD3F80034002BFAD0FFF73C
:10684000C9FF00BF00E0014010B5FFF7D5FFF1F729
:1068500025FB0446F1F73CFB2046F1F77BFB0020CB
:1068600010BD51EC102BC1F30A53002B1CBF40F29A
:10687000FF7C634500D170471844604506DB00206B
:10688000C7F6F07060F31E01002208E00028C7BFC1
:106890006FF31E5141EA005101F00041002241EC2A
:1068A000102B704752EC10CBC2F30A5340F2FF7129
:1068B0008B4211BF002B002101607047A3F2FE3113
:1068C000016040F2FE3060F31E5242EC10CB704784
:1068D0002DE9F84F2DED028B82B050EC101B4FF0DC
:1068E000FF3202EB105240F2FE739A4280F09F801A
:1068F00001A8FFF7D7FF55EC106B00245E4B304624
:106900002946002200F090F980460F464AF29E0088
:10691000C3F6E67043F6CE31C6F27F61019A711A72
:1069200075EB00000092B8BF0124002C28463146C8
:106930001CBF3846414640EC101B4FF0FF30FFF7BC
:1069400090FFB0EE408AF0EE608A4C4B304629460C
:10695000002200F069F905460E46494B51EC180B30
:10696000002C1CBF3E464546002200F05DF9024661
:106970000B462846314600F00FFB05460E46024600
:106980000B4600F071FA83468A464DF2A879C0F2B0
:10699000030941EC180B48460221B0EE480AF0EE1C
:1069A000680A00F079F8374A374B51EC100B00F0C9
:1069B0003BF980460F4609F110000321B0EE480A6A
:1069C000F0EE680A00F09CF853EC102B4046394674
:1069D00000F0E2FA5A46534600F046FA2A46334699
:1069E00000F042FA2A46334600F01EF980460D4672
:1069F000002C009818BF013800F0D6FB06460F4661
:106A0000224A234B00F030FA42462B4600F00CF9A4
:106A100080460D461F4B30463946002200F024FACE
:106A200042462B4600F000F941EC100B1AE0420000
:106A300042EAD1720023CFF6E0730027B7EB41079B
:106A400073EB02020ED30022C7F6F072104207D099
:106A50000028BCBF02F50020002140EC101B01E023
:106A60009FED030B02B0BDEC028BBDE8F88F00BFB9
:106A7000000000000000F0FF0000E0BF0000F0BFD9
:106A80000000E03F9AB5B312FF0750C0A80C615C4C
:106A900010D02BBF0030E63FF8B52DED028B00EB98
:106AA000C1070E4657E9020117ED048B54EC105B49
:106AB0002A46234600F0D8F953EC182B00F0B4F81E
:106AC00041EC100B032E10DB183F013E51EC100B74
:106AD0002A46234600F0C8F977E8022300F0A4F81C
:106AE000013E41EC100B012EF0D851EC100B2A4660
:106AF000234600F0B9F941EC100BBDEC028BF8BD58
:106B00002DE9F041804600EBC100022915DBA0F120
:106B100008074C1C56EC105B77E8022351EC100B75
:106B200000F082F82A46334600F09EF9013C41EC21
:106B3000100B022CF0D808F1080050E9022351ECA8
:106B4000100B00F071F841EC100BBDE8F0818446A9
:106B50000020002918BF002A00D17047097848B2E8
:106B6000002844BF6FF001007047BCF1000F18BF50
:106B7000CCF800100021C3E90011002818BF012043
:106B800070477F298EBF6FF00100017001207047B0
:106B900047F6D872C2F200021368002B02BF42F619
:106BA0004C33C2F2000313605A68926812681047AF
:106BB0000921FFF7EDBF7F2884BF002070474DF605
:106BC000E412C0F20302515C4DF66412C0F20302FB
:106BD000105C08407047A0F161011A2938BF2038C5
:106BE0007047A0F141011A2938BF203070477F2833
:106BF00084BF002070474DF6E412C0F20302515CDE
:106C00004DF66412C0F20302105C08407047A0F118
:106C100061011A2938BF20387047A0F141011A29B3
:106C200038BF20307047000030B591EA030F00F103
:106C30008280841A71EB030C05D2121953EB0C03FA
:106C4000001B71EB0C0140F2000CCFF6E07C1CEA5B
:106C5000430F52D0BCEB410F5FD90C0DA4EB135E78
:106C60005FF0010C6CF31F516CF31F53DEF1200C2D
:106C70002AD303FA0CF5401941F1000122FA0EF56E
:106C8000401923FA0EF5694112FA0CF2CD0208D32D
:106C900049085FEA30005FEA320228BF42F0010291
:106CA0000134013C5FEA500C72F1004250F10000E7
:106CB00051EB04514FF4001313EB410F38BF30BDBB
:106CC0006FF31301002030BDBEF1200EBEF1200F86
:106CD0001ED223FA0EF5401941F10001CEF1200C2D
:106CE000124218BF012203FA0CF52A43CEE711EA3B
:106CF0005C0F04BF0020002130BD1CEA410F04BF1F
:106D000001F00041002030BD01F00041002030BD05
:106D100021F4801101EB045130BD004218BF41F055
:106D20000101BCEB410F08BF30BD4FF0FE4141F403
:106D30007801002030BD83F00043841A71EB030E0C
:106D400007D28EF0004E001B71EB0E01121953EBAF
:106D50000E0340F2000CCFF6E07C1CEA430FC6D0D5
:106D6000BCEB410F72D90C0DA4EB135EC90241EAD2
:106D70005051C00241F00041DB0243EA5253D202BB
:106D800043F00043DEF1200C41D312FA0CF522FA55
:106D90000EF203FA0CF542EA050218BF42F00102B6
:106DA00023FA0EF3801A9941E30AC4F30A0411F09E
:106DB000404F03D418D0013C40004941013C23D44A
:106DC0004205C00A40EA4150C90A51EAC3715FEA6C
:106DD000500C72F1004250F1000051EB045130BDF3
:106DE00001002FD00020203C0029F9D0B1FA81FC0D
:106DF000DCF1200E11FA0CF130FA0EF510FA0CF05D
:106E00002943A4EB0C04D9E70020D90730BDAEF12B
:106E1000200EBEF1200F0DD2CEF1200C03FA0CF59E
:106E200033FA0EF32A4318BF43F00103C01A61F18D
:106E30000001B9E721F00041C00A40EA4150C90A07
:106E400001EB045130BD0020002130BD004218BFCD
:106E500041F00101BCEB410F7FF467AFBCEB430F86
:106E60003FF463AF30BD00BFF0B540F2FF7681EA7A
:106E7000030C16EA115E1EBFB64516EA1355B5425D
:106E800052D021EA465141F48011A1FB024723EA86
:106E9000465343F48013AE44A0FB03650CF0004C52
:106EA00036197D41A1FB034747F10003A0FB021700
:106EB000F619654153F10003094218BF46F0010677
:106EC00040F2FE74B3F5007F13D2AEF5806EA64596
:106ED00023D24CEA0331280341EA155140EA165007
:106EE0003203450872F1004250F1000051EB0E519F
:106EF000F0BDAEF2FF3EA6450FD24CEAC321E80238
:106F000041EA555140EA5650F202450872F10042FA
:106F100050F1000051EB0E51F0BD1EEA0E0F2DD5C1
:106F20000CF000410020F0BD16EA115F04BF01F033
:106F300000410020004218BF41F0010116EA135F32
:106F400004BF03F000430022124218BF43F00103C4
:106F500006EA1354B44218BFB64503D00CF0004102
:106F60000020F0BD21F0004123F00043B1EB065FAB
:106F70000CD8B3EB065F09D841B13BB10CF000412E
:106F800041F0FE4141F470010020F0BD40F20001EB
:106F9000C7F6F8710020F0BD2DE9F04391EA030E29
:106FA0000EF0004E40F20007CFF6E07717EA4105F9
:106FB0001EBFBD4217EA4305BD4200F09F807F0D12
:106FC00017EA135623EA475343F4801317EA11557F
:106FD00021EA475141F48011AD1B05F2FD354FEA1E
:106FE000D31C1CF1010C4FF00047B7FBFCF77F01ED
:106FF000A2FB079C0024E3FB07C4D9F100096CEB5A
:107000004C0CA0FB07620020E1FB072000275FEA91
:10701000C628E0FB0987760D46EAC226520DF6190E
:1070200000277A41E0FB0C625FEAC823E2FB0937E4
:107030005FEA585848EAC628760D18EB0708002181
:107040004E41E2FB0C8602EBC020DA02E6FB09218E
:107050005B0D43EAC8235FEA58585B18002758EBDA
:107060000708E6FB0C38D102E8FB0917520D42EA8B
:10707000C3225B0DD21900277B41E8FB0C2308EBF0
:10708000C6265FEAC128E3FB0987490D41EAC22110
:10709000520DC91942F10002E3FB0C12470019EB33
:1070A00008095CEB010C72EB040453EBC62047EBC0
:1070B00056530026B3F5000F7641AD190236D6F1CE
:1070C000200910FA09F4F04013FA09F21043F340D2
:1070D000E40F001943F10003B3F5001F24BF5B0860
:1070E000013540F2FE77BD4204D24EEA0551194403
:1070F000BDE8F0832D4224D5714626E0004218BF3A
:1071000041F00101124218BF43F00103B7EB410FF8
:107110002CBFB7EB430F1BE0B7EB410F04BFB7EB3E
:10712000430F15E017EA410F04BF17EA430F0FE0C2
:1071300017EA410FE0D017EA430F02D0B7EB430F35
:10714000DAD04EF0FE4141F470010020BDE8F0833A
:1071500040F20001C7F6F871F7E700BFC1F30A5328
:1071600040F21E42D21A0EDD202A0AD8CB0243EA90
:10717000505040F00040D04090EAE170B0EBE17038
:107180007047002070474B00004218BF43F00103D6
:1071900013F5001F88BF21F0004111F0004058BFD7
:1071A0006FF00040704700BF10F0004160B148BF71
:1071B00040420A0D02F21D42B0FA80F3D21A984002
:1071C000C30A400503EB0251704700BFC0F3C7512B
:1071D00091B142004FEA40704FEAD2014FEA3101CB
:1071E00001F16051B2F17F4F38BF704701F160513A
:1071F00018BF41F40021704710F000410020704793
:10720000082938BF70470022C0E9002147F6DC7129
:10721000C2F2000108607047042A08D350F804CB7A
:107220000B689C4506D1043A0431032AF6D8A2B172
:10723000D0F800C0086880EA0C0191FAA1F1B1FA17
:1072400081F1B2EBD10F08D901F038012CFA01F22B
:10725000C840C0B2D1B2081A704700207047017808
:10726000002904BF0020704700214FF0013243582D
:10727000C2FA53F30431002BF9D093FAA3F0B0FA19
:1072800080F001EBD0000438704700005AB3844608
:1072900090EA01039B071FD1830707D011F8013B38
:1072A00000F8013B013AF7D11CE08446203A09D3AB
:1072B0002DE9F007B1E8F807A0E8F807203AF9D27D
:1072C000BDE8F0071C3205D451F8043B40F8043BFC
:1072D000043AF9D2043205D011F8013B00F8013B21
:1072E000013AF9D16046704700220B0011001A00E4
:1072F00084465AB3830704D000F8011B013AF9D140
:1073000024E0C9B241EA012141EA0141202A11D316
:10731000203A2DE9F0030B460C460D460E460F466B
:1073200088468946A0E8FA03203AFBD2BDE8F0037C
:1073300020320BD0042A05D340F8041B043A05D0B0
:10734000042AF9D200F8011B013AFBD160467047CC
:1073500008B50346007858B95A78012A07D0920731
:1073600002D5044800F00CF802225A70012008BD32
:107370000020FCE7F1D9030001230370437070473C
:0A7380000FB408B5FBF766F8FEE74E
:10738C00B9CC020000000000BD0C0300000000009E
:10739C00419B020000000000318002000000000050
:1073AC00D1B0020054410020C59902000000000039
:1073BC0091BB020000000000A58602000000000046
:0873CC00FD0B030000000000AE
:1073D40051CE020000000000290D0300000000004F
:1073E4004121030000000000E92303000000000025
:1073F40010520020D8520020E052002018520020E1
:04740400180000006C
:10740800988E0300030300003C8F03000303000071
:10741800448F030003030000E48F0300030300000C
:10742800D090030003030000BC9103000303000095
:107438005C9203000303000064920300030300004E
:107448006C9203000303000074920300030300001E
:10745800B4A40300030304047C92030003030000A4
:107468000C84030003030404A88D03000303000035
:107478007C9A0300030304049083030003030404B9
:10748800F49D03000303040480A603000000040421
:10749800A8A903000000030368AA0300000004046D
:1074A8001C8703000000030384810300000003031A
:1074B8006C83030000000303388803000000030303
:1074C8008083030000000303C08603000000030359
:1074D800BC84030000000303FC8C030000000303CA
:0874E8006C8B0300000003039C
:1074F000A8D5030000000000ECA30300382B0020F7
:107500000000000000000000C5FA020000000000BA
:047510000000000077
:10751400ED900200E527030059370300694E03008C
:1075240041707000496E697469616C697A6174694B
:107534006F6E00004368617267650000576169748B
:1075440000000000536C6F77204368617267652008
:10755400416E64205363616E000000004D616E75DE
:10756400616C000053746174654D616368696E6594
:107574003A204E6577204950472064617461207237
:1075840065636569766564004368617267696E67FF
:1075940020506172616D65746572733A0000000079
:1075A400202056524543545F4445546E3A20256486
:1075B400202830203D20636F696C207072657365EC
:1075C4006E742900202056524543545F4F56506E26
:1075D4003A202564202831203D204F4B2C20302098
:1075E4003D204F56502900002020566368672072C2
:1075F40061696C20737570706C792063697263754E
:10760400697420706F77657220676F6F643A202504
:10761400640000002020434847312073746174756E
:10762400733A2025642C20434847315F4F56505FFE
:107634004552526E3A202564202831203D204F4B7C
:107644002C2030203D204F56502900002020434854
:107654004732207374617475733A2025642C204377
:107664004847325F4F56505F4552526E3A20256468
:10767400202831203D204F4B2C2030203D204F56D8
:1076840050290000546865726D616C20506172610C
:107694006D65746572733A002020546865726D20BC
:1076A4007265666572656E63653A20256400000044
:1076B4002020546865726D206F757075743A2025AA
:1076C400640000002020546865726D206F66667344
:1076D40065743A20256400004261747465727920EF
:1076E400766F6C74616765206D656173757265642E
:1076F4003A2042617474413D2575206D56204261E3
:107704007474423D2575206D5600000054657374F1
:1077140020496E666F726D6174696F6E3A00000085
:107724002020485620537570706C7920456E616234
:107734006C653A20256400002020564444532053AD
:107744007570706C7920456E61626C653A202564B1
:107754000000000020205644444120537570706C92
:107764007920456E61626C653A2025640000000052
:1077740053746174654D616368696E653A2043684A
:10778400617267696E6720696E2070726F677265D7
:1077940073732028434847313D25642043484732CA
:1077A4003D25642050474F4F443D25642042617479
:1077B40074413D25752042617474423D2575206DE8
:1077C4005629000053746174654D616368696E6580
:1077D4003A20416C6C20626174746572696573202F
:1077E400636861726765642028434847313D2564B6
:1077F40020434847323D25642050474F4F443D25A0
:10780400642042617474413D257520426174744260
:107814003D2575206D5629004368617267652053C4
:10782400746174653A20504D4320706F77657220FF
:107834006F6E0A00417070207374617465206D610D
:107844006368696E653A20496E697469616C697A26
:107854006174696F6E20537461746520456E74722F
:10786400790A00004D616E75616C20537461746512
:107874003A20564343207261696C204F4E2C2057A6
:1078840050542069646C652C20636F696C204845F2
:107894004C44204F4646202D207072657373202778
:1078A400732720746F207472616E736D69740A009B
:1078B4004D616E75616C2053746174653A206D611D
:1078C4006E75616C206D6F646520656E6465642CF3
:1078D400207368757474696E6720646F776E0A002C
:1078E4004D616E75616C2053746174653A20427504
:1078F40074746F6E20312069676E6F7265642069DD
:107904006E206D616E75616C206D6F6465202D2035
:1079140075736520276E272C206F7220427574744E
:107924006F6E203220746F2072657365740A0000D4
:1079340052656365697665642053797374656D2057
:107944006576656E7420256420696E207363616EAC
:1079540020737461746500004865617274626561C6
:10796400742076616C75652025640A005750542094
:1079740043686172676572204E54432054656D708C
:107984006572617475726520256420430A000000E5
:107994004261747465727920766F6C7461676520D6
:1079A4006C6576656C202564206D560A0000000025
:1079B40048656172746265617454696D6572000032
:1079C40053797374656D4163746976654F626A6552
:1079D4006374000053797374656D20496E6974692A
:1079E400616C697A6564202D2056657273696F6EC7
:1079F4002025642E25642E256420282573290A0059
:107A040048542D49452D4649482D4657000000004D
:107A140053746172742073797374656D20696E692F
:107A24007469616C697A6174696F6E200A00000080
:107A340053797374656D20696E697469616C697AD0
:107A44006174696F6E20646F6E65200A0000000027
:107A540053797374656D2053746172747320454453
:107A6400410A000043616C6C6261636B2065786558
:107A7400637574656420666F72206576656E742024
:107A8400256420696E20706F7274202564000000E4
:107A94004E6F2063616C6C6261636B206465666920
:107AA4006E656420666F72206576656E7420256449
:107AB40020696E20706F7274202564002F557365E1
:107AC40072732F616C657862616C6477696E2F44A0
:107AD40065736B746F702F4F70656E4E657276654B
:107AE4002D436861726765722F4669726D776172A2
:107AF400652F536F757263652D436F64652F7372C1
:107B0400632F68616C5F6C617965722F68616C5F6B
:107B14006164632E637070004261747465727920CD
:107B24006D6561737572656D656E742073746172D1
:107B34007465640A000000005374617274696E67AE
:107B4400207363616E2E00002F55736572732F616D
:107B54006C657862616C6477696E2F4465736B74CD
:107B64006F702F4F70656E4E657276652D43686138
:107B7400726765722F4669726D776172652F536FF4
:107B8400757263652D436F64652F7372632F68612B
:107B94006C5F6C617965722F68616C5F626C652ED5
:107BA40063707000427574746F6E20257520707256
:107BB40065737365640A0000427574746F6E2025E2
:107BC400752072656C65617365640A002F55736571
:107BD40072732F616C657862616C6477696E2F448F
:107BE40065736B746F702F4F70656E4E657276653A
:107BF4002D436861726765722F4669726D77617291
:107C0400652F536F757263652D436F64652F7372AF
:107C1400632F68616C5F6C617965722F68616C5F5A
:107C2400627574746F6E2E6370700000546F6F20F1
:107C34006D616E7920627574746F6E732E204D6160
:107C44007820616C6C6F7765643A2025640A0000C3
:107C54004572726F722077726974696E6720746FEF
:107C640020444143207265676973746572000000A3
:107C74005374617274204446552070726F63657347
:107C8400732C207468652073797374656D2077692B
:107C94006C6C2072657365740D0A00004661696C32
:107CA400656420746F20636C65617220475052458F
:107CB400475245543A2025640D0A00004661696C18
:107CC400656420746F207365742044465520666C87
:107CD40061673A2025640D0A00000000537973742B
:107CE400656D20726573657420666F722044465515
:107CF400206D6F64650D0A002E2E2F2E2E2F636FBC
:107D040072655F6C617965722F73646B2F6E726636
:107D1400352F6E5246355F53444B5F31372E312E2B
:107D2400305F646464653536302F6D6F64756C65DF
:107D3400732F6E7266782F68616C2F6E72665F6740
:107D440070696F2E680000002F55736572732F6180
:107D54006C657862616C6477696E2F4465736B74CB
:107D64006F702F4F70656E4E657276652D43686136
:107D7400726765722F4669726D776172652F536FF2
:107D8400757263652D436F64652F7372632F636F20
:107D940072655F6C617965722F73646B2F6E7266A6
:107DA400352F6E5246355F53444B5F31372E312E9B
:107DB400305F646464653536302F636F6D706F6E49
:107DC400656E74732F626C652F636F6D6D6F6E2FAC
:107DD400626C655F636F6E6E5F73746174652E634E
:107DE40000000000546865206C6F63616C2064615E
:107DF40074616261736520686173206368616E6792
:107E040065642C20736F20736F6D652073756273C6
:107E14006372697074696F6E7320746F206E6F740F
:107E2400696669636174696F6E7320616E64206949
:107E34006E6469636174696F6E7320636F756C64DB
:107E4400206E6F7420626520726573746F7265644E
:107E540020666F7220636F6E6E5F68616E646C651E
:107E6400202564006773636D5F6C6F63616C5F648E
:107E7400625F63616368655F6170706C7928292053
:107E840072657475726E6564202573207768696302
:107E9400682073686F756C64206E6F7420686170FD
:107EA40070656E2E20636F6E6E5F68616E646C65C4
:107EB4003A202564000000002E2E2F2E2E2F636FF3
:107EC40072655F6C617965722F73646B2F6E726675
:107ED400352F6E5246355F53444B5F31372E312E6A
:107EE400305F646464653536302F636F6D706F6E18
:107EF400656E74732F6C69627261726965732F6D3C
:107F0400757465782F6E72665F6D74782E680000E4
:107F14002F55736572732F616C657862616C647739
:107F2400696E2F4465736B746F702F4F70656E4E5E
:107F3400657276652D436861726765722F46697252
:107F44006D776172652F536F757263652D436F642E
:107F5400652F7372632F636F72655F6C61796572ED
:107F64002F73646B2F6E7266352F6E5246355F53D6
:107F7400444B5F31372E312E305F6464646535368F
:107F8400302F636F6D706F6E656E74732F626C65E6
:107F94002F706565725F6D616E616765722F6761D1
:107FA40074745F63616368655F6D616E6167657258
:107FB4002E630000466C6173682066756C6C2E201D
:107FC400436F756C64206E6F742073746F726520D8
:107FD4006461746120666F7220636F6E6E5F6861A6
:107FE4006E646C653A202564000000006773636D5D
:107FF4005F6C6F63616C5F64625F63616368655F3C
:1080040075706461746528292072657475726E6573
:108014006420257320666F7220636F6E6E5F6861E3
:108024006E646C653A202564000000006773636D1C
:108034005F736572766963655F6368616E676564C3
:108044005F696E645F73656E642829207265747558
:10805400726E656420257320666F7220636F6E6E86
:108064005F68616E646C653A202564004341522068
:10807400636861722076616C756520636F756C64EA
:108084006E27742062652073746F7265642028659E
:1080940072726F723A202573292E205265617474AE
:1080A400656D70742077696C6C2068617070656EA2
:1080B400206F6E20746865206E65787420636F6E1F
:1080C4006E656374696F6E2E00000000556E6578EE
:1080D40070656374656420474154542073746174FB
:1080E4007573207768696C652067657474696E6759
:1080F4002043415220636861722076616C75653A51
:1081040020307825780000004D756C7469706C65BA
:1081140020282564292043415220636861726163E9
:1081240074657269737469637320666F756E642C09
:10813400207573696E67207468652066697273744C
:108144002E000000556E6578706563746564204385
:108154004152206368617261637465726973746902
:10816400632076616C7565206C656E677468202881
:108174002564292C2073746F726520302E00000052
:10818400706565725F6D616E616765725F67636D6F
:10819400000000007064735F706565725F646174F1
:1081A400615F73746F726528292072657475726ECD
:1081B4006564202573207768696C652073746F7219
:1081C400696E672073657276696365206368616EA2
:1081D400676564737461746520666F722070656589
:1081E400722069642025642E000000007064625FC0
:1081F400706565725F646174615F7074725F6765F6
:108204007428292072657475726E65642025732044
:10821400666F7220636F6E6E5F68616E646C653A40
:108224002025640044696420616E6F74686572205F
:10823400746872656164206D616E6970756C6174D7
:108244006520504D5F504545525F444154415F495C
:10825400445F474154545F4C4F43414C20666F7216
:1082640020706565725F69642025642061742074E0
:1082740068652073616D652074696D653F20706465
:10828400625F77726974655F6275665F72656C655B
:1082940061736528292072657475726E6564202582
:1082A400732E000073645F626C655F67617474733E
:1082B4005F7379735F617474725F736574282920C6
:1082C40072657475726E6564204E52465F455252F3
:1082D4004F525F494E56414C49445F4441544120FA
:1082E400666F72204E554C4C20706F696E746572C7
:1082F4002077686963682073686F756C64206E65A5
:108304007665722068617070656E2E20636F6E6E84
:108314005F68616E646C653A2025640073645F6213
:108324006C655F67617474735F696E697469616CAD
:108334005F757365725F68616E646C655F676574B1
:1083440028292072657475726E6564202573207700
:10835400686963682073686F756C64206E6F74203D
:1083640068617070656E2E00706565725F6D616E18
:10837400616765725F6773636D00000070656572A5
:108384005F6D616E616765725F696D006E72665FD5
:10839400626C655F6761747400000000424C455F65
:1083A4004741505F5343414E5F54494D454F5554E7
:1083B40000000000436F6E6E656374696E670000B1
:1083C400436F6E6E656374696F6E20737461747548
:1083D400733A20256400000073645F626C655F6714
:1083E40061705F7363616E5F737461727420726530
:1083F4007475726E65642030782578005363616EFD
:108404006E696E6700000000626C655F7363616E85
:1084140000000000436F756C64206E6F7420646507
:108424006C657465207065657220646174612E20CA
:108434006664735F66696C655F64656C6574652802
:10844400292072657475726E6564203078257820F1
:10845400666F7220706565725F69643A20256400F6
:10846400436F756C64206E6F742077726974652035
:108474006461746120746F20666C6173682E206679
:1084840064735F7265636F72645F7B77726974652E
:108494007C7570646174657D2829207265747572B9
:1084A4006E656420307825782E20706565725F696A
:1084B400643A202564000000706565725F6D616E2A
:1084C400616765725F70647300000000706D5F62C5
:1084D40075666665725F7074725F676574282920BB
:1084E400636F756C64206E6F742072657472696555
:1084F40076652052414D206275666665722E206253
:108504006C6F636B5F69643A202564007064735F09
:10851400706565725F646174615F73746F726528FE
:10852400292072657475726E65642025732E20701F
:108534006565725F69643A2025640000536F6D6558
:108544002070656572206461746120776173206EA8
:108554006F742070726F7065726C792077726974B1
:1085640074656E20746F20666C6173682E20777258
:108574006974655F6275665F73746F72652829201C
:1085840072657475726E656420257320666F72203F
:10859400706565725F69643A2025640043616E6E9C
:1085A4006F742073746F7265206461746120746FDA
:1085B40020666C6173682062656361757365207001
:1085C4006D5F6275666665725F7074725F6765740D
:1085D400282920636F756C64206E6F742072657433
:1085E40072696576652052414D20627566666572D2
:1085F4002E20497320626C6F636B5F69642025646D
:10860400206E6F7420616C6C6F63617465643F00ED
:108614007064625F77726974655F6275665F7265C4
:108624006C6561736528292072657475726E656462
:108634002025732077686963682073686F756C649C
:10864400206E6F742068617070656E2E2070656591
:10865400725F69643A2025642C20646174615F69E7
:10866400643A202564000000506565722049442066
:10867400256420776173206E6F742070726F70654B
:10868400726C792072656C65617365642E20706408
:10869400735F706565725F69645F667265652829DA
:1086A4002072657475726E65642025732E20706562
:1086B40065725F69643A2025640000007065657224
:1086C4005F6D616E616765725F70646200000000D7
:1086D400436F756C64206E6F742072657472656983
:1086E40076652072616E6B732E207064625F7065B4
:1086F40065725F646174615F6C6F616428292072C4
:10870400657475726E65642025732E2070656572BC
:108714005F69643A20256400706565725F6D616EFF
:108724006167657200000000557064617465000043
:1087340044656C65746500004F75746461746564A8
:108744002028302900000000536572766963652093
:108754006368616E6765642070656E64696E672026
:10876400666C6167000000004F7574646174656431
:1087740020283229000000004F7574646174656418
:1087840020283329000000004170706C6963617413
:10879400696F6E20646174610000000052656D6F42
:1087A400746520646174616261736500506565720B
:1087B4002072616E6B000000426F6E64696E672008
:1087C40064617461000000004C6F63616C2064613B
:1087D400746162617365000043656E7472616C203C
:1087E40061646472657373207265736F6C75746908
:1087F4006F6E0000456E6372797074696F6E00006D
:10880400426F6E64696E670050616972696E6700D9
:10881400496E76616C696420526F6C6500000000DB
:108824005065726970686572616C000043656E74AE
:1088340072616C00706565725F6D616E616765720F
:108844005F68616E646C657200000000496E746557
:10885400726E616C206572726F723A202573207299
:1088640065636569766564204E554C4C20666F726D
:1088740020705F7365635F6B65797365742E0000A8
:10888400436F756C64206E6F7420726574726965D1
:1088940076652052414D2062756666657220666F6A
:1088A4007220696E636F6D696E6720626F6E642EED
:1088B400207064625F77726974655F6275665F6772
:1088C400657428292072657475726E656420257339
:1088D4002E20636F6E6E5F68616E646C653A20254E
:1088E40064000000696D5F626C655F616464725F5F
:1088F40067657428292072657475726E6564202515
:10890400732E20636F6E6E5F68616E646C653A20CF
:1089140025642E204C696E6B20776173206C696B23
:10892400656C7920646973636F6E6E6563746564E6
:108934002E000000436F756C64206E6F7420636CAE
:1089440065616E2075702061667465722066616968
:108954006C656420626F6E64696E672070726F6309
:1089640065647572652E207064625F7772697465E0
:108974005F6275665F72656C656173652829207234
:10898400657475726E65642025732E20636F6E6E38
:108994005F68616E646C653A2025642E00000000F7
:1089A40073645F626C655F6761705F7365635F6961
:1089B4006E666F5F7265706C7928292072657475B4
:1089C400726E6564204E52465F45524F525F494E67
:1089D40056414C49445F53544154452C20776869AF
:1089E400636820697320616E6572726F7220756EA0
:1089F4006C65737320746865206C696E6B20697391
:108A040020646973636F6E6E656374696E672E00AC
:108A1400436F756C64206E6F7420636F6D706C654A
:108A2400746520656E6372797074696F6E207072FC
:108A34006F6365647572652E2073645F626C655F35
:108A44006761705F7365635F696E666F5F7265709F
:108A54006C7928292072657475726E65642025739B
:108A64002E20636F6E6E5F68616E646C653A2025BC
:108A7400642C20706565725F69643A2025642E0059
:108A840052414D2062756666657220666F72206E73
:108A9400657720626F6E642077617320756E6176EE
:108AA40061696C61626C652E207064625F777269C3
:108AB40074655F6275665F676574282920726574E2
:108AC40075726E65642025732E20636F6E6E5F6809
:108AD400616E646C653A2025642E0000436F756CEA
:108AE40064206E6F7420616C6C6F63617465206EBA
:108AF400657720706565725F696420666F722069AE
:108B04006E636F6D696E6720626F6E642E00000085
:108B1400436F756C64206E6F742073746F7265207C
:108B2400626F6E642E207064625F77726974655F31
:108B34006275665F73746F72652829207265747537
:108B4400726E65642025732E20636F6E6E5F68619C
:108B54006E646C653A2025642C20706565725F69CB
:108B6400643A202564000000706565725F6D616E73
:108B7400616765725F736D640000000043616E6E2F
:108B84006F7420736563757265206C696E6B206207
:108B940065636175736520612070726576696F75B0
:108BA400732073656375726974792070726F63657D
:108BB4006475726520656E64656420696E207469ED
:108BC4006D656F75742E20446973636F6E6E656393
:108BD4007420616E642072657472792E20736D64E2
:108BE4005F706172616D735F7265706C79282920A2
:108BF4006F7220736D645F6C696E6B5F7365637510
:108C0400726528292072657475726E6564204E52EF
:108C1400465F4552524F525F54494D454F55542E6D
:108C240020636F6E6E5F68616E646C653A202564C4
:108C340000000000436F756C64206E6F74207065D3
:108C440072666F726D2073656375726974792070D2
:108C5400726F6365647572652E20736D645F7061F5
:108C640072616D735F7265706C792829206F722050
:108C7400736D645F6C696E6B5F7365637572652891
:108C8400292072657475726E65642025732E2063C5
:108C94006F6E6E5F68616E646C653A2025640000D7
:108CA400436F756C64206E6F7420706572666F72AA
:108CB4006D2073656375726974792070726F636572
:108CC400647572652E20736D645F6C696E6B5F737F
:108CD400656375726528292072657475726E6564A2
:108CE4002025732E20636F6E6E5F68616E646C6501
:108CF4003A20256400000000706565725F6D616E46
:108D0400616765725F736D002F55736572732F61B0
:108D14006C657862616C6477696E2F4465736B74FB
:108D24006F702F4F70656E4E657276652D43686166
:108D3400726765722F4669726D776172652F536F22
:108D4400757263652D436F64652F7372632F636F50
:108D540072655F6C617965722F73646B2F6E7266D6
:108D6400352F6E5246355F53444B5F31372E312ECB
:108D7400305F646464653536302F696E746567727C
:108D84006174696F6E2F6E7266782F6C65676163AC
:108D9400792F6E72665F6472765F636C6F636B2E9D
:108DA40063000000636C6F636B0000002E2E2F2E97
:108DB4002E2F636F72655F6C617965722F73646BBC
:108DC4002F6E7266352F6E5246355F53444B5F31BA
:108DD400372E312E305F646464653536302F696E0A
:108DE400746567726174696F6E2F6E7266782F6E28
:108DF4007266785F676C75652E6800002F55736521
:108E040072732F616C657862616C6477696E2F444C
:108E140065736B746F702F4F70656E4E65727665F7
:108E24002D436861726765722F4669726D7761724E
:108E3400652F536F757263652D436F64652F73726D
:108E4400632F636F72655F6C617965722F73646BF6
:108E54002F6E7266352F6E5246355F53444B5F3129
:108E6400372E312E305F646464653536302F6D6F74
:108E740064756C65732F6E7266782F64726976659B
:108E840072732F7372632F6E7266785F636C6F6395
:108E94006B2E6300434C4F434B0000002F5573650A
:108EA40072732F616C657862616C6477696E2F44AC
:108EB40065736B746F702F4F70656E4E6572766557
:108EC4002D436861726765722F4669726D776172AE
:108ED400652F536F757263652D436F64652F7372CD
:108EE400632F636F72655F6C617965722F73646B56
:108EF4002F6E7266352F6E5246355F53444B5F3189
:108F0400372E312E305F646464653536302F6D6FD3
:108F140064756C65732F6E7266782F6472697665FA
:108F240072732F7372632F6E7266785F6770696FE6
:108F340074652E63000000004750494F54450000FB
:108F4400505049002F55736572732F616C657862B8
:108F5400616C6477696E2F4465736B746F702F4F07
:108F640070656E4E657276652D43686172676572D1
:108F74002F4669726D776172652F536F75726365E1
:108F84002D436F64652F7372632F636F72655F6C1B
:108F9400617965722F73646B2F6E7266352F6E5212
:108FA40046355F53444B5F31372E312E305F646456
:108FB40064653536302F6D6F64756C65732F6E7212
:108FC40066782F647269766572732F7372632F707B
:108FD40072732F6E7266785F7072732E6300000076
:108FE400505253002E2E2F2E2E2F636F72655F6CFE
:108FF400617965722F73646B2F6E7266352F6E52B2
:1090040046355F53444B5F31372E312E305F6464F5
:1090140064653536302F6D6F64756C65732F6E72B1
:1090240066782F68616C2F6E72665F70776D2E683C
:10903400000000002F55736572732F616C657862B0
:10904400616C6477696E2F4465736B746F702F4F16
:1090540070656E4E657276652D43686172676572E0
:109064002F4669726D776172652F536F75726365F0
:109074002D436F64652F7372632F636F72655F6C2A
:10908400617965722F73646B2F6E7266352F6E5221
:1090940046355F53444B5F31372E312E305F646465
:1090A40064653536302F6D6F64756C65732F6E7221
:1090B40066782F647269766572732F7372632F6E8C
:1090C4007266785F70776D2E6300000050574D0014
:1090D4002F55736572732F616C657862616C647768
:1090E400696E2F4465736B746F702F4F70656E4E8D
:1090F400657276652D436861726765722F46697281
:109104006D776172652F536F757263652D436F645C
:10911400652F7372632F636F72655F6C617965721B
:109124002F73646B2F6E7266352F6E5246355F5304
:10913400444B5F31372E312E305F646464653536BD
:10914400302F6D6F64756C65732F6E7266782F6443
:109154007269766572732F7372632F6E7266785FAD
:1091640073616164632E63002E2E2F2E2E2F636F86
:1091740072655F6C617965722F73646B2F6E7266B2
:10918400352F6E5246355F53444B5F31372E312EA7
:10919400305F646464653536302F6D6F64756C655B
:1091A400732F6E7266782F68616C2F6E72665F73B0
:1091B400616164632E680000534141444300000030
:1091C4002F55736572732F616C657862616C647777
:1091D400696E2F4465736B746F702F4F70656E4E9C
:1091E400657276652D436861726765722F46697290
:1091F4006D776172652F536F757263652D436F646C
:10920400652F7372632F636F72655F6C617965722A
:109214002F73646B2F6E7266352F6E5246355F5313
:10922400444B5F31372E312E305F646464653536CC
:10923400302F6D6F64756C65732F6E7266782F6452
:109244007269766572732F7372632F6E7266785FBC
:109254007370696D2E6300005350494D0000000087
:1092640054494D455200000055415254000000003D
:1092740055415254450000006170705F627574740A
:109284006F6E0000534F46544445564943453A20B7
:10929400415353455254494F4E204641494C45444D
:1092A40000000000534F46544445564943453A2074
:1092B400494E56414C4944204D454D4F5259204149
:1092C4004343455353000000415353455254494FBF
:1092D4004E204641494C45442061742025733A256B
:1092E400750000004552524F52202575205B2573AE
:1092F4005D2061742025733A25750D0A5043206161
:10930400743A20307825303878000000456E6420A7
:109314006F66206572726F72207265706F7274006E
:10932400554E4B4E4F574E204641554C5420617478
:1093340020307825303858002F55736572732F61AB
:109344006C657862616C6477696E2F4465736B74C5
:109354006F702F4F70656E4E657276652D43686130
:10936400726765722F4669726D776172652F536FEC
:10937400757263652D436F64652F7372632F636F1A
:1093840072655F6C617965722F73646B2F6E7266A0
:10939400352F6E5246355F53444B5F31372E312E95
:1093A400305F646464653536302F636F6D706F6E43
:1093B400656E74732F6C69627261726965732F755F
:1093C40074696C2F6170705F7574696C5F706C6127
:1093D40074666F726D2E63002F55736572732F61FF
:1093E4006C657862616C6477696E2F4465736B7425
:1093F4006F702F4F70656E4E657276652D43686190
:10940400726765722F4669726D776172652F536F4B
:10941400757263652D436F64652F7372632F636F79
:1094240072655F6C617965722F73646B2F6E7266FF
:10943400352F6E5246355F53444B5F31372E312EF4
:10944400305F646464653536302F636F6D706F6EA2
:10945400656E74732F6C69627261726965732F66CD
:1094640064732F6664732E63000000004841524405
:10947400204641554C5420617420307825303858AA
:1094840000000000202052303A2020307825303867
:1094940058202052313A2020307825303858202066
:1094A40052323A2020307825303858202052333A2E
:1094B4002020307825303858000000002020523118
:1094C400323A2030782530385820204C523A202027
:1094D40030782530385820205053523A203078259F
:1094E40030385800537461636B2076696F6C617413
:1094F400696F6E3A20737461636B20706F696E7468
:109504006572206F75747369646520737461636B2D
:1095140020617265612E000043617573653A2042D3
:1095240075734661756C74206F6E20612076656377
:10953400746F72207461626C65207265616420646A
:109544007572696E6720657863657074696F6E20E3
:1095540070726F63657373696E672E004361757310
:10956400653A2025732E00004D656D4D616E61676F
:1095740065204661756C7420416464726573733A46
:109584002030782530385800427573204661756C58
:109594007420416464726573733A203078253038DE
:1095A400580000005468652070726F636573736FB0
:1095B400722068617320617474656D7074656420D1
:1095C400746F206578656375746520616E20756EAF
:1095D400646566696E656420696E7374727563741C
:1095E400696F6E005468652070726F636573736F82
:1095F4007220617474656D707465642061206C6F91
:109604006164206F722073746F72652061742061CD
:10961400206C6F636174696F6E2074686174206478
:109624006F6573206E6F74207065726D6974207439
:109634006865206F7065726174696F6E0000000068
:10964400556E737461636B20666F7220616E206562
:109654007863657074696F6E2072657475726E20BC
:1096640068617320636175736564206F6E65206F34
:1096740072206D6F72652061636365737320766910
:109684006F6C6174696F6E730000000053746163E2
:109694006B696E6720666F7220616E206578636502
:1096A4007074696F6E20656E7472792068617320BE
:1096B400636175736564206F6E65206F72206D6FD2
:1096C4007265206163636573732076696F6C61747E
:1096D400696F6E730000000041204D656D4D616E31
:1096E400616765206661756C74206F63637572725F
:1096F400656420647572696E6720666C6F61746955
:109704006E672D706F696E74206C617A7920737442
:1097140061746520707265736572766174696F6EC9
:1097240000000000496E737472756374696F6E2073
:10973400627573206572726F720000004461746117
:1097440020627573206572726F72202850432076F0
:10975400616C756520737461636B656420666F72F8
:109764002074686520657863657074696F6E207213
:10977400657475726E20706F696E747320746F20D7
:1097840074686520696E737472756374696F6E2092
:1097940074686174206361757365642074686520FE
:1097A4006661756C7429000044617461206275738C
:1097B400206572726F72202872657475726E2061F2
:1097C40064647265737320696E20746865207374B1
:1097D40061636B206672616D65206973206E6F74BE
:1097E4002072656C6174656420746F2074686520F0
:1097F400696E737472756374696F6E2074686174D2
:109804002063617573656420746865206572726F86
:1098140072290000556E737461636B20666F722049
:10982400616E20657863657074696F6E207265740B
:1098340075726E2068617320636175736564206F4F
:109844006E65206F72206D6F72652042757346617C
:10985400756C747300000000537461636B696E6708
:1098640020666F7220616E20657863657074696F1D
:109874006E20656E747279206861732063617573FC
:109884006564206F6E65206F72206D6F7265204273
:1098940075734661756C7473000000004120627535
:1098A40073206661756C74206F636375727265648E
:1098B40020647572696E6720666C6F6174696E6787
:1098C4002D706F696E74206C617A79207374617481
:1098D4006520707265736572766174696F6E0000DD
:1098E4005468652070726F636573736F722068616A
:1098F4007320617474656D7074656420746F206581
:1099040078656375746520616E20696E7374727511
:109914006374696F6E2074686174206D616B657324
:1099240020696C6C6567616C20757365206F6620B7
:109934007468652045505352000000005468652047
:1099440070726F636573736F7220686173206174E2
:1099540074656D7074656420616E20696C6C6567F4
:10996400616C206C6F6164206F66204558435F52C0
:10997400455455524E20746F207468652050432C12
:10998400206173206120726573756C74206F66208A
:10999400616E20696E76616C696420636F6E7465B4
:1099A40078742C206F7220616E20696E76616C6908
:1099B40064204558435F52455455524E2076616C9D
:1099C400756500005468652070726F636573736F0A
:1099D400722068617320617474656D7074656420AD
:1099E400746F20616363657373206120636F7072A9
:1099F4006F636573736F72005468652070726F6370
:109A04006573736F7220686173206D616465206192
:109A14006E20756E616C69676E6564206D656D6F2F
:109A24007279206163636573730000005468652074
:109A340070726F636573736F7220686173206578E9
:109A440065637574656420616E2053444956206FC4
:109A540072205544495620696E7374727563746933
:109A64006F6E207769746820612064697669736F0A
:109A740072206F6620300000686172646661756CE4
:109A8400740000002F55736572732F616C657862E2
:109A9400616C6477696E2F4465736B746F702F4FBC
:109AA40070656E4E657276652D4368617267657286
:109AB4002F4669726D776172652F536F7572636596
:109AC4002D436F64652F7372632F636F72655F6CD0
:109AD400617965722F73646B2F6E7266352F6E52C7
:109AE40046355F53444B5F31372E312E305F64640B
:109AF40064653536302F636F6D706F6E656E747389
:109B04002F6C69627261726965732F62616C6C6F2C
:109B1400632F6E72665F62616C6C6F632E6300000C
:109B24002F55736572732F616C657862616C64770D
:109B3400696E2F4465736B746F702F4F70656E4E32
:109B4400657276652D436861726765722F46697226
:109B54006D776172652F536F757263652D436F6402
:109B6400652F7372632F636F72655F6C61796572C1
:109B74002F73646B2F6E7266352F6E5246355F53AA
:109B8400444B5F31372E312E305F64646465353663
:109B9400302F65787465726E616C2F667072696EB1
:109BA40074662F6E72665F667072696E74662E6379
:109BB400000000002F55736572732F616C65786225
:109BC400616C6477696E2F4465736B746F702F4F8B
:109BD40070656E4E657276652D4368617267657255
:109BE4002F4669726D776172652F536F7572636565
:109BF4002D436F64652F7372632F636F72655F6C9F
:109C0400617965722F73646B2F6E7266352F6E5295
:109C140046355F53444B5F31372E312E305F6464D9
:109C240064653536302F65787465726E616C2F66A5
:109C34007072696E74662F6E72665F667072696E9A
:109C440074665F666F726D61742E6300705F667315
:109C540000000000257320636865636B20666169FA
:109C64006C656420696E20257328292077697468DF
:109C74002076616C756520307825782E0000000010
:109C8400705F617069000000705F66732D3E705FE5
:109C940061706900705F6465737400006C656E00C8
:109CA400616464725F69735F616C69676E65643374
:109CB4003228737263290000616464725F69735FA0
:109CC40077697468696E5F626F756E647328705F1C
:109CD40066732C207372632C206C656E290000005F
:109CE400705F73726300000021286C656E2025206C
:109CF400705F66732D3E705F666C6173685F696E3A
:109D0400666F2D3E70726F6772616D5F756E6974F8
:109D140029000000616464725F69735F616C696744
:109D24006E656433322864657374290061646472F7
:109D34005F69735F616C69676E6564333228287587
:109D4400696E7433325F7429705F73726329000023
:109D5400616464725F69735F77697468696E5F6276
:109D64006F756E647328705F66732C2064657374FA
:109D74002C206C656E290000616464725F69735FF6
:109D8400706167655F616C69676E656428705F66A2
:109D9400732C20706167655F616464722900000040
:109DA400616464725F69735F77697468696E5F6226
:109DB4006F756E647328705F66732C2070616765BD
:109DC4005F616464722C20286C656E202A20705FA9
:109DD40066732D3E705F666C6173685F696E666F53
:109DE4002D3E65726173655F756E69742929000083
:109DF4006E72665F6673746F72616765000000005F
:109E04002F55736572732F616C657862616C64772A
:109E1400696E2F4465736B746F702F4F70656E4E4F
:109E2400657276652D436861726765722F46697243
:109E34006D776172652F536F757263652D436F641F
:109E4400652F7372632F636F72655F6C61796572DE
:109E54002F73646B2F6E7266352F6E5246355F53C7
:109E6400444B5F31372E312E305F64646465353680
:109E7400302F636F6D706F6E656E74732F6C6962D3
:109E84007261726965732F6D656D6F626A2F6E7290
:109E9400665F6D656D6F626A2E6300002F55736592
:109EA40072732F616C657862616C6477696E2F449C
:109EB40065736B746F702F4F70656E4E6572766547
:109EC4002D436861726765722F4669726D7761729E
:109ED400652F536F757263652D436F64652F7372BD
:109EE400632F636F72655F6C617965722F73646B46
:109EF4002F6E7266352F6E5246355F53444B5F3179
:109F0400372E312E305F646464653536302F636FCD
:109F14006D706F6E656E74732F6C696272617269B5
:109F240065732F6578706572696D656E74616C5FB9
:109F340073656374696F6E5F766172732F6E726698
:109F44005F73656374696F6E5F697465722E630015
:109F54004E52465F53554343455353004E52465F5A
:109F64004552524F525F5356435F48414E444C450D
:109F7400525F4D495353494E470000004E52465FCD
:109F84004552524F525F534F4654444556494345F8
:109F94005F4E4F545F454E41424C45440000000023
:109FA4004E52465F4552524F525F494E5445524EAF
:109FB400414C00004E52465F4552524F525F4E4F45
:109FC4005F4D454D000000004E52465F4552524FD2
:109FD400525F4E4F545F464F554E44004E52465FBB
:109FE4004552524F525F4E4F545F535550504F524B
:109FF400544544004E52465F4552524F525F494EBB
:10A0040056414C49445F504152414D004E52465FC7
:10A014004552524F525F494E56414C49445F535446
:10A02400415445004E52465F4552524F525F494E8D
:10A0340056414C49445F4C454E475448000000008B
:10A044004E52465F4552524F525F494E56414C491B
:10A05400445F464C414753004E52465F4552524F6F
:10A06400525F494E56414C49445F444154410000BB
:10A074004E52465F4552524F525F444154415F53E2
:10A08400495A45004E52465F4552524F525F544919
:10A094004D454F55540000004E52465F4552524FB5
:10A0A400525F4E554C4C00004E52465F4552524F43
:10A0B400525F464F5242494444454E004E52465F19
:10A0C4004552524F525F494E56414C49445F4144B8
:10A0D400445200004E52465F4552524F525F425521
:10A0E400535900004E52465F4552524F525F434F00
:10A0F4004E4E5F434F554E54000000004E52465F93
:10A104004552524F525F5245534F555243455300A7
:10A114004E52465F4552524F525F4D4F44554C4547
:10A124005F4E4F545F494E495449414C495A454446
:10A13400000000004E52465F4552524F525F4D554B
:10A144005445585F494E49545F4641494C45440083
:10A154004E52465F4552524F525F4D555445585FDB
:10A164004C4F434B5F4641494C4544004E52465F79
:10A174004552524F525F4D555445585F554E4C4FC2
:10A18400434B5F4641494C45440000004E52465FF4
:10A194004552524F525F4D555445585F434F4E44BC
:10A1A4005F494E49545F4641494C45440000000014
:10A1B4004E52465F4552524F525F4D4F44554C45A7
:10A1C4005F414C52454144595F494E495449414CC1
:10A1D400495A4544000000004E52465F4552524FD2
:10A1E400525F53544F524147455F46554C4C000013
:10A1F4004E52465F4552524F525F4150495F4E4F57
:10A20400545F494D504C454D454E54454400000063
:10A214004E52465F4552524F525F46454154555245
:10A22400455F4E4F545F454E41424C45440000004B
:10A234004E52465F4552524F525F494F5F50454E12
:10A2440044494E47000000004E52465F4552524F6B
:10A25400525F4452565F5457495F4552525F4F56BE
:10A26400455252554E0000004E52465F4552524FE1
:10A27400525F4452565F5457495F4552525F414EB4
:10A2840041434B004E52465F4552524F525F445237
:10A29400565F5457495F4552525F444E41434B0009
:10A2A4004E52465F4552524F525F424C455F4950B1
:10A2B40053505F52585F504B545F5452554E434174
:10A2C400544544004E52465F4552524F525F424CF1
:10A2D400455F495053505F4348414E4E454C5F41A2
:10A2E4004C52454144595F4558495354530000006A
:10A2F4004E52465F4552524F525F424C455F495061
:10A3040053505F4C494E4B5F444953434F4E4E4567
:10A3140043544544000000004E52465F4552524F9C
:10A32400525F424C455F495053505F504545525F20
:10A3340052454A4543544544000000002F55736577
:10A3440072732F616C657862616C6477696E2F44F7
:10A3540065736B746F702F4F70656E4E65727665A2
:10A364002D436861726765722F4669726D776172F9
:10A37400652F536F757263652D436F64652F737218
:10A38400632F636F72655F6C617965722F73646BA1
:10A394002F6E7266352F6E5246355F53444B5F31D4
:10A3A400372E312E305F646464653536302F636F29
:10A3B4006D706F6E656E74732F6C69627261726911
:10A3C40065732F6C6F672F7372632F6E72665F6C89
:10A3D4006F675F64656661756C745F6261636B650A
:10A3E4006E64732E630000007274745F6C6F675F39
:10A3F4006261636B656E64002F55736572732F61C0
:10A404006C657862616C6477696E2F4465736B74F4
:10A414006F702F4F70656E4E657276652D4368615F
:10A42400726765722F4669726D776172652F536F1B
:10A43400757263652D436F64652F7372632F636F49
:10A4440072655F6C617965722F73646B2F6E7266CF
:10A45400352F6E5246355F53444B5F31372E312EC4
:10A46400305F646464653536302F636F6D706F6E72
:10A47400656E74732F6C69627261726965732F6C97
:10A484006F672F7372632F6E72665F6C6F675F66A0
:10A49400726F6E74656E642E630000004261636BBC
:10A4A400656E647320666C757368656400000000F3
:10A4B400617070001B5B313B33316D0025734C6F51
:10A4C40067732064726F7070656420282564292581
:10A4D400730D0A001B5B306D000000002573000043
:10A4E4003C25733E2025733A20000000202530329D
:10A4F40078000000202020007C000000256300007C
:10A50400200000001B5B313B33306D001B5B313B93
:10A5140033326D001B5B313B33336D001B5B313BCE
:10A5240033346D001B5B313B33356D001B5B313BBA
:10A5340033366D001B5B313B33376D007761726ED0
:10A54400696E6700696E666F00000000646562757D
:10A55400670000005465726D696E616C0000000054
:10A564005254540053454747455200005374617494
:10A574006520726571756573743A203078253038BA
:10A58400580000004E6F74696679206F62736572BB
:10A5940076657220307825303858203D3E2072652B
:10A5A400616479004E6F74696679206F62736572B5
:10A5B40076657220307825303858203D3E20626C14
:10A5C4006F636B696E670000537461746520636820
:10A5D400616E67653A2030782530385800000000F5
:10A5E4002F55736572732F616C657862616C647743
:10A5F400696E2F4465736B746F702F4F70656E4E68
:10A60400657276652D436861726765722F4669725B
:10A614006D776172652F536F757263652D436F6437
:10A62400652F7372632F636F72655F6C61796572F6
:10A634002F73646B2F6E7266352F6E5246355F53DF
:10A64400444B5F31372E312E305F64646465353698
:10A65400302F636F6D706F6E656E74732F736F66DA
:10A66400746465766963652F636F6D6D6F6E2F6EAD
:10A6740072665F7364682E63000000006E72665F2A
:10A68400736468002F55736572732F616C6578620B
:10A69400616C6477696E2F4465736B746F702F4FB0
:10A6A40070656E4E657276652D436861726765727A
:10A6B4002F4669726D776172652F536F757263658A
:10A6C4002D436F64652F7372632F636F72655F6CC4
:10A6D400617965722F73646B2F6E7266352F6E52BB
:10A6E40046355F53444B5F31372E312E305F6464FF
:10A6F40064653536302F636F6D706F6E656E74737D
:10A704002F736F66746465766963652F636F6D6D0F
:10A714006F6E2F6E72665F7364685F626C652E6322
:10A724000000000073645F626C655F6366675F735B
:10A73400657428292072657475726E6564202573AA
:10A74400207768656E20617474656D7074696E67D6
:10A7540020746F2073657420424C455F434F4E4E06
:10A764005F4346475F4741502E00000073645F62B9
:10A774006C655F6366675F7365742829207265740E
:10A7840075726E6564202573207768656E20617428
:10A7940074656D7074696E6720746F2073657420BE
:10A7A400424C455F4741505F4346475F524F4C45DB
:10A7B4005F434F554E542E0073645F626C655F6354
:10A7C40066675F73657428292072657475726E6597
:10A7D40064202573207768656E20617474656D70DC
:10A7E40074696E6720746F2073657420424C455FF2
:10A7F400434F4E4E5F4346475F474154542E00003B
:10A8040073645F626C655F6366675F736574282950
:10A814002072657475726E6564202573207768658F
:10A824006E20617474656D7074696E6720746F2036
:10A8340073657420424C455F434F4D4D4F4E5F430B
:10A8440046475F56535F555549442E0073645F6213
:10A854006C655F6366675F7365742829207265742D
:10A8640075726E6564202573207768656E20617447
:10A8740074656D7074696E6720746F2073657420DD
:10A88400424C455F47415454535F4346475F4154EC
:10A8940054525F5441425F53495A452E0000000010
:10A8A40073645F626C655F6366675F7365742829B0
:10A8B4002072657475726E656420257320776865EF
:10A8C4006E20617474656D7074696E6720746F2096
:10A8D40073657420424C455F47415454535F43466B
:10A8E400475F534552564943455F4348414E4745A8
:10A8F400442E0000496E73756666696369656E74FB
:10A904002052414D20616C6C6F63617465642066F4
:10A914006F722074686520536F667444657669634A
:10A92400652E00004368616E676520746865205277
:10A93400414D207374617274206C6F636174696F2C
:10A944006E2066726F6D203078257820746F203009
:10A954007825782E000000004D6178696D756D20B2
:10A9640052414D2073697A6520666F722061707060
:10A974006C69636174696F6E20697320307825781F
:10A984002E00000073645F626C655F656E61626CCB
:10A994006528292072657475726E65642025732E8E
:10A9A400000000006E72665F7364685F626C65002D
:10A9B400536F43206576656E743A20307825782E7F
:10A9C400000000002F55736572732F616C65786207
:10A9D400616C6477696E2F4465736B746F702F4F6D
:10A9E40070656E4E657276652D4368617267657237
:10A9F4002F4669726D776172652F536F7572636547
:10AA04002D436F64652F7372632F636F72655F6C80
:10AA1400617965722F73646B2F6E7266352F6E5277
:10AA240046355F53444B5F31372E312E305F6464BB
:10AA340064653536302F636F6D706F6E656E747339
:10AA44002F736F66746465766963652F636F6D6DCC
:10AA54006F6E2F6E72665F7364685F736F632E63CD
:10AA6400000000006E72665F7364685F736F63005A
:10AA7400426C6553746174654D616368696E650009
:10AA8400426C6549646C650054696D656F7574202A
:10AA940074696D657220657870697265642E000052
:10AAA400426C6554696D656F757454696D657200A7
:10AAB4005374617274696E672074696D656F75741F
:10AAC4002074696D65722E0053746F7070696E67BF
:10AAD4002074696D656F75742074696D65722E00DC
:10AAE40053746F7070696E67207363616E2E00001B
:10AAF4005363616E2074696D6564206F75742E00F4
:10AB040046696C746572206D617463682E00000080
:10AB140057686974656C6973742061647620726522
:10AB2400706F72742E000000426C65537562737905
:10AB340074656D3A20496E697469616C697A6564FB
:10AB4400200A0000426C6500504D43205374617428
:10AB540065204D616368696E653A20436861726778
:10AB6400696E67204261747465727920456E7472EF
:10AB7400790A0000504D43205374617465204D617F
:10AB84006368696E653A53746174652043686172E1
:10AB940067696E67204261747465727920446973D1
:10ABA40070617463684576656E740A00504D432085
:10ABB4005374617465204D616368696E653A204918
:10ABC4006E76616C6964204576656E740A000000D7
:10ABD400504D43205374617465204D616368696E00
:10ABE400653A2050696E6720506F72740A00000045
:10ABF400504D43205374617465204D616368696EE0
:10AC040065204368617267696E6720426174746588
:10AC140072792073746174653A2042617474657248
:10AC240079205374617274204368617267696E6736
:10AC34000A000000504D43205374617465204D6137
:10AC44006368696E65204368617267696E67204254
:10AC54006174746572792073746174653A20426119
:10AC640074746572792046756C6C204368617267F0
:10AC740065640A00504D43205374617465204D612E
:10AC84006368696E65204368617267696E67204214
:10AC94006174746572792073746174653A204261D9
:10ACA4007474657279204368617267696E670A001B
:10ACB400504D43205374617465204D616368696E1F
:10ACC40065204368617267696E67204261747465C8
:10ACD40072792073746174653A2042617474657288
:10ACE400792050726573656E7420496E646963617E
:10ACF400746F720A00000000504D43205374617455
:10AD040065204D616368696E652043686172676997
:10AD14006E6720426174746572792073746174651E
:10AD24003A20504D43204661756C7420436F6E6425
:10AD34006974696F6E0A00002F55736572732F6111
:10AD44006C657862616C6477696E2F4465736B74AB
:10AD54006F702F4F70656E4E657276652D43686116
:10AD6400726765722F4669726D776172652F536FD2
:10AD7400757263652D436F64652F7372632F7365FA
:10AD840072766963655F6C617965722F706D632F8C
:10AD940073746174655F6D616368696E652F737642
:10ADA400635F706D635F73746174655F6368617220
:10ADB40067696E675F626174746572792E6370701F
:10ADC40000000000504D43205374617465204D61B0
:10ADD4006368696E653A204368617267696E6720CB
:10ADE4004261747465727920457869740A000000C0
:10ADF400504D43205374617465204D616368696EDE
:10AE0400653A20456E61626C6520456E7472790AFC
:10AE140000000000504D43205374617465204D615F
:10AE24006368696E653A5374617465456E61626CFA
:10AE3400652044697370617463684576656E740A4D
:10AE440000000000504D43205374617465204D612F
:10AE54006368696E6520456E61626C652073746118
:10AE640074653A20504D43204661756C7420436FDD
:10AE74006E646974696F6E0A000000002F55736573
:10AE840072732F616C657862616C6477696E2F44AC
:10AE940065736B746F702F4F70656E4E6572766557
:10AEA4002D436861726765722F4669726D776172AE
:10AEB400652F536F757263652D436F64652F7372CD
:10AEC400632F736572766963655F6C617965722F50
:10AED400706D632F73746174655F6D616368696E0F
:10AEE400652F7376635F706D635F73746174655F00
:10AEF400656E61626C652E6370700000504D432076
:10AF04005374617465204D616368696E653A2045C8
:10AF14006E61626C6520457869740A00504D432067
:10AF24005374617465204D616368696E653A2049A4
:10AF3400646C6520456E7472790A0000504D43209C
:10AF44005374617465204D616368696E653A204984
:10AF5400646C6520457869740A000000504D4320F4
:10AF64005374617465204D616368696E653A204964
:10AF7400646C652044697370617463684576656EBA
:10AF8400740A0000504D43205374617465204D6170
:10AF94006368696E653A20496E697469616C697A9F
:10AFA400650A00002F55736572732F616C657862B2
:10AFB400616C6477696E2F4465736B746F702F4F87
:10AFC40070656E4E657276652D4368617267657251
:10AFD4002F4669726D776172652F536F7572636561
:10AFE4002D436F64652F7372632F73657276696383
:10AFF400655F6C617965722F706D632F7374617412
:10B00400655F6D616368696E652F7376635F706DEC
:10B01400635F73746174655F69646C652E637070DB
:10B0240000000000504D430049646C6500000000BE
:10B03400456E61626C6500004368617267696E67A2
:10B04400204261747465727900000000504D432001
:10B054004D616E616765723A20436F6E666967473A
:10B0640070696F730A000000504D43204D616E619A
:10B074006765723A20496E69740A0000504D432096
:10B084004D616E616765723A20456E61626C65560A
:10B094006363526567756C61746F720A0000000027
:10B0A400504D43204D616E616765723A2044697367
:10B0B40061626C65566363526567756C61746F7227
:10B0C4000A000000504D43204D616E616765723A7D
:10B0D40020456E61626C654261747465727943687F
:10B0E40061726765720A0000504D43204D616E61C4
:10B0F4006765723A2044697361626C654261747475
:10B10400657279436861726765720A00504D432025
:10B114004D616E616765723A20476574426174746B
:10B12400657279566F6C746167650A00504D4320EF
:10B134004D616E616765723A205265616442617463
:10B14400746572794368617267657250726573657C
:10B154006E74496E64696361746F720A0000000062
:10B16400504D43204D616E616765723A20526561AE
:10B174006442617474657279436861726765496E8B
:10B1840064696361746F7250696E0A00504D4320A4
:10B194004D616E616765723A205265616442617403
:10B1A4007465727946617374436861726765496E48
:10B1B40064696361746F720A00000000504D43209B
:10B1C400506F72743A204578656375746545766589
:10B1D4006E740A00446267436F6E736F6C6500009F
:10B1E4003D3D3D3D3D3D3D3D3D3D3D3D3D3D3D3D8B
:10B1F4003D3D3D3D3D3D3D3D3D3D3D3D3D3D3D3D7B
:10B204003D3D3D3D3D3D3D3D3D3D3D3D3D3D3D3D6A
:10B214003D3D3D3D3D0A00005B4D414E55414C5D79
:10B22400204445425547204255494C44202D206D29
:10B23400616E75616C20636F6E74726F6C206176E1
:10B2440061696C61626C650A000000005B4D414EEF
:10B2540055414C5D2052756E6E696E67206E6F723B
:10B264006D616C206175746F6D6174696320636FC7
:10B274006E74726F6C2E20507265737320276D2765
:10B2840020746F2074616B65206F7665722E0A00DE
:10B294005B4D414E55414C5D20416C726561647952
:10B2A40020696E206D616E75616C206D6F64650A36
:10B2B400000000005B4D414E55414C5D204D616ED8
:10B2C40075616C2074616B656F766572207265714F
:10B2D4007565737465640A005B4D414E55414C5D60
:10B2E400204E6F7420696E206D616E75616C206DE7
:10B2F4006F64650A000000005B4D414E55414C5D92
:10B304002045786974207265717565737465640A83
:10B31400000000005B4D414E55414C5D204D616E77
:10B3240075616C20636F6E74726F6C204449534175
:10B33400424C4544202D20636F696C206F66662C57
:10B34400207261696C20646F776E2C206261636B7C
:10B3540020746F205374617465576169740A000026
:10B364005B4D414E55414C5D2050726573732042D4
:10B374007574746F6E203120666F722061206E6F59
:10B38400726D616C206175746F6D61746963207393
:10B39400657373696F6E2E0A000000005B4D414EA9
:10B3A40055414C5D204C6576656C202564206162B6
:10B3B4006F7665206D6178696D756D2025642C202C
:10B3C400636C616D70696E670A0000005B4D414EED
:10B3D40055414C5D20505448206C6576656C2025A1
:10B3E4006420282564206D56290A00005B4D414ED7
:10B3F40055414C5D20416C72656164792061742013
:10B404006D696E696D756D206C6576656C20300AAA
:10B41400000000005B4D414E55414C5D20416C7273
:10B4240065616479206174206D6178696D756D2042
:10B434006C6576656C2025640A0000005B4D414E06
:10B4440055414C5D20436F696C2053544152542044
:10B45400726571756573746564206174206C6576BA
:10B46400656C20256420282564206D56290A000077
:10B474005B4D414E55414C5D20436F696C205354E4
:10B484004F50207265717565737465640A0000001D
:10B494005B4D414E55414C5D2049504720626974D3
:10B4A400733A206E6F206164766572746973656D9A
:10B4B400656E742072656365697665642079657468
:10B4C4000A0000005B4D414E55414C5D20495047F8
:10B4D40020626974733A2056524543545F4445547C
:10B4E4006E3D25642056524543545F4F56506E3D81
:10B4F400256420434847315F4F56505F4552526E92
:10B504003D256420434847325F4F56505F455252B1
:10B514006E3D25642050474F4F443D2564204348E9
:10B5240047323D25640A00005B4D414E55414C5D58
:10B53400206D2F6E20656E7465722F657869742096
:10B544006D616E75616C202020732F7820636F69A4
:10B554006C2073746172742F73746F700A0000002E
:10B564005B4D414E55414C5D202B2F2D207374654E
:10B5740070205054482020202020202020202020EB
:10B5840020302D392C612C622C632073657420507B
:10B59400544820302D31320A000000005B4D414EEA
:10B5A40055414C5D203F20202073746174757320D5
:10B5B400202020202020202020202020206820203F
:10B5C40020746869732068656C700A005B4D414E95
:10B5D40055414C5D204D414E55414C20434F4E54F6
:10B5E400524F4C20454E41424C45440A0000000055
:10B5F4005B4D414E55414C5D20416E79206368613D
:10B604007267696E672073746F707065642E20436F
:10B614006F696C204F464620756E74696C202773E1
:10B62400272E0A005B4D414E55414C5D2054686500
:10B63400726D616C20616E64204F5650206172659A
:10B64400205741524E2D4F4E4C592E204275747442
:10B654006F6E20312064697361626C65642E0A0028
:10B664005B4D414E55414C5D202D2D2D2073746151
:10B67400747573202D2D2D0A000000004D414E5588
:10B68400414C00004155544F000000004F4E000053
:10B694004F4646005B4D414E55414C5D206D6F64F5
:10B6A400653D257320636F696C3D2573207061755A
:10B6B40073655F6D61736B3D30782530325820615E
:10B6C40070703D25730A00005B4D414E55414C5D41
:10B6D40020505448206C6576656C3D2564202825EF
:10B6E40064206D5629206D61783D25640A000000B0
:10B6F4005B4D414E55414C5D206F76705F636569CB
:10B704006C696E673D25642070676F6F645F666C5B
:10B714006F6F723D256420666C6F6F725F666F7524
:10B724006E643D2564206164765F636F756E743D5D
:10B7340025640A005B4D414E55414C5D20646561B2
:10B74400642D6D616E3A20256420732072656D61ED
:10B75400696E696E670A00005B4D414E55414C5D50
:10B764002049676E6F72696E672027256327202D35
:10B77400206E6F7420696E206D616E75616C206D32
:10B784006F64652E20507265737320276D272066C1
:10B79400697273742E0A00005B4D414E55414C5D35
:10B7A40020556E6B6E6F776E20636F6D6D616E6486
:10B7B40020272563272E205072657373202768275E
:10B7C40020666F722068656C702E0A005B4D414ED6
:10B7D40055414C5D20446561642D6D616E20636C40
:10B7E40065617265642E20436F696C207374696CA3
:10B7F4006C206F6666202D2070726573732027732A
:10B804002720746F20726573746F72652E0A0000AE
:10B814005B4D414E55414C5D20446561642D6D6125
:10B824006E2074696D656F7574206166746572202D
:10B834002564206D732077697468206E6F20696EAB
:10B84400707574202D2070617573696E6720636F45
:10B85400696C0A00575054205374617465204D611B
:10B864006368696E653A204368617267696E672030
:10B87400457869740A000000575054205374617469
:10B8840065204D616368696E653A2043686172673B
:10B89400696E6720456E7472790A0000575054200F
:10B8A4005374617465204D616368696E653A5374BD
:10B8B4006174654368617267696E67204469737077
:10B8C400617463684576656E740A000057505420AD
:10B8D4005374617465204D616368696E653A2049EB
:10B8E4006E76616C6964204576656E740A000000AA
:10B8F400575054205374617465204D616368696EB8
:10B90400653A2050696E6720506F72740A00000017
:10B91400575054205374617465204D616368696E97
:10B92400653A2057505420506F776572204F6E0A45
:10B9340000000000575054205374617465204D6119
:10B944006368696E653A2057505420537461727469
:10B95400205363616E0A000057505420537461747D
:10B9640065204D616368696E6520536C6F77436829
:10B97400617267652073746174653A20575054206E
:10B984004661756C7420436F6E646974696F6E0AE6
:10B9940000000000575054205374617465204D61B9
:10B9A4006368696E653A20426174746572792043F4
:10B9B40068617267696E670A00000000575054207E
:10B9C4005374617465204D616368696E65204368D2
:10B9D400617267696E672073746174653A205750A9
:10B9E4005420536C6F7720436861726765202D2063
:10B9F400636F6C6420737461727420706F77657206
:10BA04000A000000575054205374617465204D613E
:10BA14006368696E653A2042617474657279204383
:10BA24006861726765642028575054207368757480
:10BA3400646F776E2076696120617070206C617923
:10BA44006572290A00000000575054205374617431
:10BA540065204D616368696E6520536C6F77436838
:10BA6400617267652073746174653A20575054207D
:10BA74005363616E2054696D656F75740A0000002C
:10BA8400575054205374617465204D616368696E26
:10BA94006520536C6F7743686172676520737461C6
:10BAA40074653A205750542041646A757374205069
:10BAB4006F7765720A000000575054205374617404
:10BAC40065204D616368696E653A204661756C74E2
:10BAD400207061757365202D2073757370656E64B5
:10BAE400696E6720706F776572207472616E736619
:10BAF40065720A00575054205374617465204D6177
:10BB04006368696E653A204661756C74207265736A
:10BB1400756D65202D20726573746F72696E672070
:10BB2400706F776572207472616E736665720A0055
:10BB3400575054205374617465204D616368696E75
:10BB4400653A2049646C6520456E7472790A000078
:10BB5400575054205374617465204D616368696E55
:10BB6400653A2049646C6520457869740A000000D0
:10BB7400575054205374617465204D616368696E35
:10BB8400653A2049646C6520446973706174636824
:10BB94004576656E740A00005750542053746174DE
:10BBA40065204D616368696E653A20496E69746900
:10BBB400616C697A650A00005750540054657374C7
:10BBC40000000000536C6F77204368617267650062
:10BBD4004368617267696E67000000005750542023
:10BBE4005374617465204D616368696E653A2053CE
:10BBF4006C6F7720436861726765200A000000005B
:10BC0400575054205374617465204D616368696EA4
:10BC1400653A20536C6F77204368617267650A0048
:10BC2400575054205374617465204D616368696E84
:10BC34006520536C6F774368617267652073746124
:10BC440074653A20496E76616C6964204576656E48
:10BC5400740A0000575054205374617465204D6178
:10BC64006368696E6520536C6F77436861726765BA
:10BC74002073746174653A2050696E6720506F7246
:10BC8400740A0000575054205374617465204D6148
:10BC94006368696E6520536C6F774368617267658A
:10BCA4002073746174653A2057505420506F77653F
:10BCB40072204F6E0A000000575054205374617470
:10BCC40065204D616368696E6520536C6F774368C6
:10BCD400617267652073746174653A20575054200B
:10BCE4005363616E0A00000057505420537461740A
:10BCF40065204D616368696E6520536C6F77436896
:10BD0400617267652073746174653A2057505420DA
:10BD140053746F70205363616E0A000057505420AF
:10BD24005374617465204D616368696E6520536C5A
:10BD34006F774368617267652073746174653A2034
:10BD44004661756C74207061757365202D20737560
:10BD54007370656E64696E6720706F7765722074A6
:10BD640072616E736665720A0000000057505420B9
:10BD74005374617465204D616368696E6520536C0A
:10BD84006F774368617267652073746174653A20E4
:10BD94004661756C7420726573756D65202D207213
:10BDA4006573746F72696E6720706F776572207443
:10BDB40072616E736665720A000000005750542069
:10BDC4005374617465204D616368696E653A2054EB
:10BDD40065737420456E7472790A000057505420BC
:10BDE4005374617465204D616368696E653A2054CB
:10BDF40065737420457869740A0000005750542014
:10BE04005374617465204D616368696E653A2054AA
:10BE14006573742044697370617463684576656EF4
:10BE2400740A0000575054205374617465204D61A6
:10BE34006368696E653A205750542053746F7020BC
:10BE44005363616E0A0000005750542053746174A8
:10BE540065204D616368696E653A205750542050DF
:10BE64006F776572204F66660A00000057505420B1
:10BE74005374617465204D616368696E653A205737
:10BE84005054204661756C7420436F6E6469746904
:10BE94006F6E0A00575054204D616E616765723AA7
:10BEA4002053746174757354696D656F75744D6F47
:10BEB4006E69746F72696E670A000000577074537C
:10BEC400746174757354696D6572000057707453AE
:10BED400746174757354696D656F757454696D65B7
:10BEE400720000005770744661756C744D6F6E6912
:10BEF400746F7200577074506F7765724374726C0C
:10BF040000000000577074436F6C64537461727462
:10BF140000000000575054204D616E616765723A0D
:10BF240020436F6E6669674770696F730A0000008B
:10BF340043616C6C20612068616C5F646163206D97
:10BF44006574686F64207468617420636F6E6669D9
:10BF540067206770696F730A0000000043616C6CAE
:10BF640020612068616C5F777074206D6574686F00
:10BF740064207468617420636F6E666967206770FB
:10BF8400696F730A0000000064697361626C656420
:10BF940000000000616C7265616479206F66660060
:10BFA400575054204D616E616765723A2050617537
:10BFB400736557707420726561736F6E20307825D5
:10BFC4003032582C206D61736B206E6F772030787F
:10BFD400253032582C20636F696C2025730A0000C9
:10BFE400575054204D616E616765723A20526573F3
:10BFF400756D6557707420726561736F6E2030784B
:10C004002530325820636C65617265642C20636F3F
:10C01400696C2072652D656E61626C656420617463
:10C02400206C6576656C2025640A00005750542006
:10C034004D616E616765723A20526573756D65571F
:10C04400707420726561736F6E20307825303258B9
:10C0540020636C656172656420627574206D617320
:10C064006B207374696C6C203078253032582C2026
:10C07400636F696C207374617973206F66660A005C
:10C08400575054204D616E616765723A2053746F46
:10C09400705770745363616E0A0000005750542047
:10C0A4004D616E616765723A2047657454656D70C1
:10C0B400657261747572650A00000000575054205F
:10C0C4004D616E616765723A2047657443686172B9
:10C0D40067655374617475730A00000057505420E7
:10C0E4004D616E616765723A205374617475732093
:10C0F40070696E2076616C75653A202564200A00AB
:10C10400575054204D616E616765723A20537461D3
:10C11400727453746174757354696D656F75745476
:10C12400696D65720A000000575054204D616E61BC
:10C134006765723A205374617274537461747573D1
:10C144004D6F6E69746F72696E670A0057505420A0
:10C154004D616E616765723A20456E61626C655728
:10C16400707420737570707265737365642C2066C7
:10C1740061756C74206D61736B2030782530325892
:10C18400207374696C6C207365740A0057505420D2
:10C194004D616E616765723A20456E61626C6557E8
:10C1A40070740A00575054204D616E616765723A8D
:10C1B4002053746F705374617475734D6F6E69742A
:10C1C4006F72696E670A0000575054204D616E61AA
:10C1D4006765723A20537461727449706754656D6F
:10C1E40070657261747572654D6F6E69746F726992
:10C1F4006E6754696D65720A000000005750542040
:10C204004D616E616765723A204661756C74206D8C
:10C214006F6E69746F72696E67206F6E6C79202817
:10C22400706F77657220636F6E74726F6C207469BF
:10C234006D6572206E6F7420737461727465642905
:10C244000A000000575054204D616E616765723AD0
:10C254002053746F7049706754656D7065726174B2
:10C264007572654D6F6E69746F72696E6754696D2E
:10C2740065720A00575054204D616E616765723AC9
:10C284002049504720746865726D6973746F722019
:10C29400726573697374616E63653A202564000086
:10C2A400575054204D616E616765723A2054656D34
:10C2B400706572617475726520696E746572706FF1
:10C2C4006C6174696F6E206661696C6564202D20F1
:10C2D400706F737369626C65206C6F6F6B7570201F
:10C2E4007461626C65206F72646572696E6720693F
:10C2F4007373756500000000575054204D616E61E2
:10C304006765723A2053657450756C736557696438
:10C3140074685468726573686F6C64537465700AEA
:10C3240000000000575054204D616E616765723AF9
:10C3340020506F77657220636F6E74726F6C207219
:10C34400657365742C206C6576656C2025640A0021
:10C35400575054204D616E616765723A2044697389
:10C3640061626C655770740A0000000057505420D5
:10C374004D616E616765723A204D616E75616C2026
:10C3840069646C65202D20636F696C206F66662C70
:10C39400206C6576656C2025642C206661756C7450
:10C3A400206D6F6E69746F72696E67206F6E6C7941
:10C3B4000A000000575054204D616E616765723A5F
:10C3C40020436F6C64207374617274206174206CF8
:10C3D4006576656C2025642C20657363616C6174DB
:10C3E400696E6720746F206D617820696E20256402
:10C3F400206D73206966206E6F2049504720616468
:10C40400766572746973656D656E740A0000000068
:10C41400575054204D616E616765723A20436F6CCA
:10C4240064207374617274206174206C6576656C29
:10C434002025642C20657363616C6174696F6E20C0
:10C4440064697361626C65640A000000575054208B
:10C454004D616E616765723A20436F6C642073743A
:10C4640061727420657363616C6174696F6E2073AB
:10C474006B69707065642C2049504720616C72654B
:10C48400616479206164766572746973696E670AA0
:10C4940000000000575054204D616E616765723A88
:10C4A40020436F6C642073746172742065736361DC
:10C4B4006C6174696E6720746F206D6178696D7545
:10C4C4006D20706F7765722C207374696C6C206EAC
:10C4D4006F20495047206164766572746973656D95
:10C4E400656E740A000000006E6F206164766572E8
:10C4F400746973656D656E74000000007374696C13
:10C504006C20686F74000000575054204D616E61B8
:10C514006765723A20426C696E6420746865726D56
:10C52400616C2072657472792025642F25642066FD
:10C5340061696C65642028257329206174206C6509
:10C5440076656C2025642C2070617573696E672094
:10C55400616761696E0A0000575054204D616E6135
:10C564006765723A2049504720746865726D697333
:10C57400746F722072656164696E6720696D706C96
:10C5840061757369626C6520287265663D25642057
:10C594006F75743D2564206F6673743D2564206D4A
:10C5A40056292C2069676E6F726564202D206E6F8A
:10C5B40020746865726D616C206465636973696F6A
:10C5C4006E2074686973207469636B0A000000004C
:10C5D400575054204D616E616765723A2049504747
:10C5E4002054656D70657261747572652025642EC2
:10C5F4002530326420430A00575054204D616E6147
:10C604006765723A20746865726D20726177207272
:10C6140065663D2564206F75743D2564206F6673DF
:10C62400743D2564206D560A0000000057505420C4
:10C634004D616E616765723A20426C696E64207464
:10C644006865726D616C20726574727920636F6EB7
:10C654006669726D65642C204950472025642E2537
:10C6640030326420432061742F62656C6F7720251B
:10C674006420432C20636F6E74696E75696E672045
:10C684006174206C6576656C2025640A00000000E6
:10C694005B4D414E55414C5D205741524E207468CC
:10C6A40065726D616C3A204950472025642E25300F
:10C6B40032642043203E3D20256420432070617570
:10C6C4007365207468726573686F6C642028696789
:10C6D4006E6F726564290A00575054204D616E6173
:10C6E4006765723A204950472074656D70657261C0
:10C6F400747572652025642E2530326420432072BF
:10C70400656163686564207061757365207468721F
:10C714006573686F6C64202825642043292C20707D
:10C72400617573696E6720706F77657220747261CA
:10C734006E73666572000000575054204D616E613F
:10C744006765723A204950472073696C656E74209E
:10C75400616674657220256420626C696E6420745D
:10C764006865726D616C20726574726965732C20E2
:10C77400656E64696E6720636861726765207365BE
:10C784007373696F6E000000575054204D616E61E1
:10C794006765723A204950472073696C656E74204E
:10C7A400666F72202564207469636B7320696E2040
:10C7B400746865726D616C2070617573652C20629C
:10C7C4006C696E642072657472792025642F256407
:10C7D400206174206C6576656C2025640A00000075
:10C7E400575054204D616E616765723A2049504735
:10C7F4002074656D70657261747572652025642E90
:10C804002530326420432061742F62656C6F772079
:10C81400726573756D65207468726573686F6C6496
:10C8240020282564204329206166746572202564CC
:10C83400207469636B732C20726573756D696E6700
:10C8440020706F776572207472616E736665720012
:10C85400575054204D616E616765723A20495047C4
:10C864002062617474657279204F565020666C6141
:10C874006720617373657274656420284348473187
:10C884005F4F56505F4552526E3D256420434847E2
:10C89400325F4F56505F4552526E3D25642C203016
:10C8A400203D206661756C7429206174206C657666
:10C8B400656C2025642C2050474F4F443D2564204F
:10C8C4002D206C6F67676564206F6E6C792C206314
:10C8D4006F696C20756E61666665637465640A00D1
:10C8E400575054204D616E616765723A2049504734
:10C8F4002062617474657279204F565020666C61B1
:10C90400677320636C65617265642028434847310E
:10C914005F4F56505F4552526E3D25642043484751
:10C92400325F4F56505F4552526E3D256429206157
:10C9340074206C6576656C2025642C2050474F4F1D
:10C94400443D25640A0000005B4D414E55414C5D59
:10C95400205741524E206F76703A20565245435428
:10C964005F4F56506E3D30206174206C6576656C67
:10C974002025642C206368617267656420746F20CD
:10C9840025642C206365696C696E672025642C20FE
:10C9940069676E6F7265640A000000005750542086
:10C9A4004D616E616765723A204950472072656334
:10C9B400746966696572204F565020285652454363
:10C9C400545F4F56506E3D3029206174206C65765B
:10C9D400656C2025642C206368617267656420742B
:10C9E4006F2025642C206365696C696E672025645B
:10C9F4002C2070617573696E6700000057505420D5
:10CA04004D616E616765723A204950472073696CC5
:10CA1400656E7420666F72202564207469636B737D
:10CA240020696E204F56502070617573652C2074F8
:10CA340072656174696E67206661756C74206173D8
:10CA440020636C65617265640A00000057505420CD
:10CA54004D616E616765723A2056524543545F4F8B
:10CA640056506E207374696C6C2030206166746556
:10CA740072202564207469636B732C20737461794C
:10CA8400696E67207061757365640A00575054209D
:10CA94004D616E616765723A2056524543545F4F4B
:10CAA40056506E20636C65617265642061667465BE
:10CAB40072202564207469636B732C20726573750E
:10CAC4006D696E67206F6E65207374657020646F86
:10CAD400776E206174206C6576656C2025640A008D
:10CAE400575054204D616E616765723A20466175F6
:10CAF4006C744D6F6E69746F72696E670A00000022
:10CB0400575054204D616E616765723A20506F77BB
:10CB1400657220636F6E74726F6C20736B697070D2
:10CB240065642C206661756C74206D61736B2030B4
:10CB34007825303258206F776E7320746865206CC6
:10CB44006576656C0A000000575054204D616E6193
:10CB54006765723A20506F77657220636F6E7472E6
:10CB64006F6C20626C616E6B6564206166746572C3
:10CB7400206661756C7420726573756D652C202553
:10CB840064206379636C6573206C6566740A0000C5
:10CB9400575054204D616E616765723A20506F772B
:10CBA400657220636F6E74726F6C20736B69707042
:10CBB40065642C206E6F206E657720495047206194
:10CBC40064766572746973656D656E742073696EDD
:10CBD4006365206C61737420737465700A000000CF
:10CBE400575054204D616E616765723A20436C6FF3
:10CBF400736564206C6F6F70207374617274696EF6
:10CC040067206174206C6576656C2025640A0000D9
:10CC1400575054204D616E616765723A20506F77AA
:10CC2400657220636F6E74726F6C206C6576656CD0
:10CC34003D25642070676F6F643D256420666C6FCA
:10CC44006F725F666F756E643D2564206F76705FEA
:10CC54006365696C696E673D25642070676F6F64F6
:10CC64005F666C6F6F723D2564000000575054205E
:10CC74004D616E616765723A20486F6C64696E67D6
:10CC8400206174206C6576656C2025640A000000C0
:10CC9400575054204D616E616765723A2050474F7A
:10CCA4004F44207361746973666965642C207374DE
:10CCB400657070696E6720646F776E20746F206C86
:10CCC4006576656C2025640A0000000057505420E6
:10CCD4004D616E616765723A2050474F4F4420732F
:10CCE4006174697366696564206174206D696E6935
:10CCF4006D756D206C6576656C2C20666C6F6F723B
:10CD040020666F756E640A00575054204D616E6141
:10CD14006765723A2050474F4F44206C6F77202547
:10CD2400642F2564206174206C6576656C2025640D
:10CD34002C2077616974696E6720666F7220636F57
:10CD44006E6669726D6174696F6E0A005750542083
:10CD54004D616E616765723A204E6F20766961623B
:10CD64006C6520706F776572206C6576656C202D1C
:10CD7400204F5650206365696C696E6720256420D6
:10CD84006174206F722062656C6F772050474F4F3B
:10CD94004420666C6F6F722025642E20436C616D95
:10CDA40070696E6720746F2025640000575054200A
:10CDB4004D616E616765723A2050474F4F44206C55
:10CDC4006F77206174206D6178696D756D206C6575
:10CDD40076656C2025642C206E6F7468696E6720FC
:10CDE4006675727468657220746F20676976650A67
:10CDF40000000000575054204D616E616765723A1F
:10CE04002050474F4F44206C6F772C20737465700B
:10CE140070696E6720757020746F206C6576656C20
:10CE24002025640A00000000575054204D616E61B3
:10CE34006765723A20496E69740A0000575054209D
:10CE4400506F72743A2045786563757465457665EC
:10CE54006E740A002F55736572732F616C65786266
:10CE6400616C6477696E2F4465736B746F702F4FB8
:10CE740070656E4E657276652D4368617267657282
:10CE84002F4669726D776172652F536F7572636592
:10CE94002D436F64652F7372632F636F72655F6CCC
:10CEA400617965722F73646B2F6E7266352F6E52C3
:10CEB40046355F53444B5F31372E312E305F646407
:10CEC40064653536302F65787465726E616C2F66D3
:10CED40072656572746F732F736F757263652F70EB
:10CEE4006F727461626C652F4D656D4D616E672F55
:10CEF400686561705F312E63000000002F55736513
:10CF040072732F616C657862616C6477696E2F440B
:10CF140065736B746F702F4F70656E4E65727665B6
:10CF24002D436861726765722F4669726D7761720D
:10CF3400652F536F757263652D436F64652F73722C
:10CF4400632F636F72655F6C617965722F73646BB5
:10CF54002F6E7266352F6E5246355F53444B5F31E8
:10CF6400372E312E305F646464653536302F657832
:10CF74007465726E616C2F6672656572746F732F5F
:10CF8400706F727461626C652F434D5349532F6EF9
:10CF9400726635322F706F72745F636D7369732EAE
:10CFA400630000002F55736572732F616C6578629E
:10CFB400616C6477696E2F4465736B746F702F4F67
:10CFC40070656E4E657276652D4368617267657231
:10CFD4002F4669726D776172652F536F7572636541
:10CFE4002D436F64652F7372632F636F72655F6C7B
:10CFF400617965722F73646B2F6E7266352F6E5272
:10D0040046355F53444B5F31372E312E305F6464B5
:10D0140064653536302F65787465726E616C2F6681
:10D0240072656572746F732F736F757263652F7198
:10D03400756575652E6300002F55736572732F61D6
:10D044006C657862616C6477696E2F4465736B7488
:10D054006F702F4F70656E4E657276652D436861F3
:10D06400726765722F4669726D776172652F536FAF
:10D07400757263652D436F64652F7372632F636FDD
:10D0840072655F6C617965722F73646B2F6E726663
:10D09400352F6E5246355F53444B5F31372E312E58
:10D0A400305F646464653536302F65787465726EFC
:10D0B400616C2F6672656572746F732F736F75720E
:10D0C40063652F7461736B732E63000049444C4590
:10D0D40000000000546D7251000000002F5573656C
:10D0E40072732F616C657862616C6477696E2F442A
:10D0F40065736B746F702F4F70656E4E65727665D5
:10D104002D436861726765722F4669726D7761722B
:10D11400652F536F757263652D436F64652F73724A
:10D12400632F636F72655F6C617965722F73646BD3
:10D134002F6E7266352F6E5246355F53444B5F3106
:10D14400372E312E305F646464653536302F657850
:10D154007465726E616C2F6672656572746F732F7D
:10D16400736F757263652F74696D6572732E6300D6
:10D17400546D72205376630000000000000000002C
:10D18400F97702000000000000000000C1780200EE
:10D19400157902003F790200000000000000000041
:10D1A400CD790200CB7902001D7A02000000000054
:10D1B40000000000517A0200617B0200BD7A020087
:10D1C4000000000000000000A57B02004D7C02006E
:10D1D400C17B020000000000000000007F7C020010
:10D1E400697C0200BF7C0200000000000000000017
:10D1F400777D0200BD7D0200797D02000000000001
:10D2040000000000CB7D02000000000000000000D0
:10D21400000000000000000000000000698302001C
:10D224006B8302000000000000000000000000000A
:10D234006D830200010006005A6202000101000031
:10D2440003000200000000000000000000000000D5
:10D2540000000000000000000000000059890200E6
:10D26400B38902000F00000100010203040506084F
:10D27400090A0B0000000002010000000B0000007E
:10D284000000000029000000280000000800000041
:10D294000000000000000000000000000338FDD87A
:10D2A400704700000E0000000100000001000000B3
:10D2B4000000000000000000000000000EFFFFFF5F
:10D2C400060000001400000000010203040506002B
:10D2D40000000000003000400000000001000000D9
:10D2E40001000000004000400100000001000000B7
:10D2F4000080004000040000009000400104000091
:10D3040000A000400204000000A001400306000049
:10D3140000B0014004060000000003060000000005
:10D324002E310100010200002E3101000101000034
:10D3340000000000010000000100FFFF00000000E9
:10D34400010000000100010044D3030001000100BA
:10D3540040D30300D9BB020051A2020019BD020050
:10D36400D9CB020021A6020075A202007365635F97
:10D374006B65797365745F66696C6C00FFFFFFFF12
:10D384000006FF0000000040000000000000005004
:10D3940000030050B5E80200C9E80200DDE802001D
:10D3A4000000FFFFDEC0ADDEFE011EF1DEC0ADDE1B
:10D3B400FF011EF1A8950300E8950300000000009A
:10D3C4004496030090960300DC96030000000000DE
:10D3D400000000002897030040970300AC97030067
:10D3E400189803005C980300A09803000000000054
:10D3F40000000000A8950300E4980300409903008E
:10D40400C8990300000000000000000000000000B4
:10D4140000000000FC990300309A030030313233DD
:10D424003435363738394142434445466E72665F77
:10D434006673746F726167655F657261736500001E
:10D444006E72665F6673746F726167655F77726927
:10D454007465000000000000549F030001000000F8
:10D46400609F030002000000809F0300030000008F
:10D47400A49F030004000000B89F030005000000FF
:10D48400CC9F030006000000E09F0300070000009B
:10D49400F89F03000800000010A00300090000002A
:10D4A40028A003000A00000044A003000B000000B1
:10D4B4005CA003000C00000074A003000D00000039
:10D4C40088A003000E0000009CA003000F000000D1
:10D4D400ACA0030010000000C0A003001100000075
:10D4E400D8A0030012000000E8A00300130000000D
:10D4F40000A103008000000014A1030081000000CB
:10D5040038A103008200000054A10300830000003E
:10D5140070A103008400000090A1030085000000B6
:10D52400B4A1030086000000DCA103009000000009
:10D53400F4A103009100000014A203009200000073
:10D5440034A20300008200004CA203000182000008
:10D554006CA203000282000088A203000084000081
:10D56400A4A2030001840000C8A2030002840000F6
:10D57400F4A20300038400001CA30300556E6B6E29
:10D584006F776E206572726F7220636F646500003E
:10D594000000000000000000000000000338FDD877
:10D5A400704700000510030003100300011003007E
:10D5B400905100207F00000078510020D8A403007F
:10D5C40008A50300B8A4030010A5030018A50300D0
:10D5D40020A5030028A5030030A5030038A50300F7
:10D5E400000000003897030040A5030048A503008D
:10D5F40050A50300E4730300F47303000800000063
:10D60400D4730300E473030008000000CC73030028
:10D61400D473030008000000010000079C7303009A
:10D62400CC730300080000008C7303009C73030098
:10D634000800000000000000000000005724030060
:10D64400592403005B2403000000000000000000D4
:10D654008B240300BD240300932403000000000076
:10D66400000000006D8302000000000000000000C4
:10D67400ED2703000000000000000000C92803009B
:10D68400C9290300F5280300000000000000000081
:10D69400F5290300BD2A0300212A0300000000002D
:10D6A40000000000E92A03000D2B0300312B0300C6
:10D6B40000000000000000006D830200030002006F
:10D6C4000000000000000000D52F0300000000004F
:10D6D400000000008537030061370300B137030001
:10D6E40000000000000000001D3903004139030060
:10D6F4006539030000000000000000006D83020093
:10D704000000000000000000D53A0300B13A030015
:10D71400013B03000000000000000000513C030036
:10D72400753C0300993C0300070000000000000062
:10D7340000000000030000000000000000000000E2
:10D7440005000000010000000100000001000000CD
:10D7540000000000000000002F0000000100000095
:10D7640001000000030000000000000000000000B1
:10D7740014000000C0ED010019000000A0860100A3
:10D784001E000000E63601002800000078C80000F2
:10D7940032000000FE8300000000000000000000D2
:10D7A400C14E0300EDAF16204A62304029BD56B386
:10D7B4001544E9BF77900D9CFE0B88C07E2615FAB0
:10D7C400838073400FCE674B80D541C0DCD7030004
:10D7D4000CD90300E0D7030043000000B76B03003B
:10D7E400D76B0300E36B0300EF6B03000F6C0300C4
:10D7F4001B6C0300836B03004F6B030053756E00B7
:10D804004D6F6E005475650057656400546875006B
:10D814004672690053617400004A616E0046656295
:10D82400004D617200417072004D6179004A756E5D
:10D83400004A756C0041756700536570004F63744E
:10D84400004E6F760044656300002E000053756E31
:10D85400646179004D6F6E64617900547565736419
:10D864006179005765646E65736461790054687505
:10D8740072736461790046726964617900536174FA
:10D88400757264617900004A616E7561727900464F
:10D8940065627275617279004D61726368004170EE
:10D8A40072696C004D6179004A756E65004A756C49
:10D8B40079004175677573740053657074656D62A2
:10D8C4006572004F63746F626572004E6F76656DAA
:10D8D40062657200446563656D6265720000414D66
:10D8E40000504D0000256D2F25642F257900254813
:10D8F4003A254D3A255300256120256220256520CF
:10D9040025542025590000004ED8030050D80300A8
:10D9140050D8030050D8030050D8030050D8030057
:10D9240050D8030050D8030050D8030050D8030047
:10D93400FFFFFFFFFFFFFFFFFFFFFFFFFFFF0000F1
:10D9440051D8030000D803008BD803001DD803006E
:10D95400E2D80300E9D80300F2D80300FBD803009F
:10D96400202020202020202020682828282820204B
:10D9740020202020202020202020202020202020A3
:10D98400481010101010101010101010101010105B
:10D9940084848484848484848484101010101010FB
:10D9A4001081818181818101010101010101010154
:10D9B4000101010101010101010101101010101008
:10D9C4001082828282828202020202020202020225
:10D9D40002020202020202020202021010101020CD
:10D9E400000703200417020108571040805F5F639B
:10D9F40078615F67756172645F616371756972658F
:10DA040020646574656374656420726563757273FC
:10DA140069766520696E697469616C697A61746993
:03DA24006F6E0022
:10DA28000100000005010000070000000090D0037D
:10DA38001818181818181818180000000000000006
:10DA4800FF000000102700000707FFFFFF07000086
:10DA5800D0D70300D0D70300D0D70300D0D7030016
:04DA6800D0D7030010
:04000003200072194E
:00000001FF
